Date,Open,High,Low,Close,Volume
2021-09-23,358.865080893306,361.576139553856,354.0143634101484,357.4199523925781,120856.0
2021-09-24,362.718761697305,370.16851069017474,357.81200425903484,367.6927185058594,439236.0
2021-09-27,375.0528109626098,375.5345294868512,354.03669505426006,360.3885803222656,203768.0
2021-09-28,361.8449367496746,363.8166105029917,353.3645515968138,356.2660217285156,103700.0
2021-09-29,351.78498586366715,362.9540026329712,349.1635813533794,354.8993225097656,227844.0
2021-09-30,356.2437328309504,358.45064608316926,348.6371558907634,352.2107849121094,85912.0
2021-10-01,358.48419189453125,368.779398840433,351.2136953177396,358.48419189453125,258508.0
2021-10-04,364.9817058675177,369.6644109401496,356.3220669218665,359.06671142578125,107808.0
2021-10-05,364.0855364576293,364.0855364576293,359.2796183164588,362.57318115234375,105372.0
2021-10-06,362.5731937170371,362.5731937170371,349.53334068409265,351.4041748046875,103172.0
2021-10-07,353.1629889868954,361.8450291602449,352.5244444054715,358.5178527832031,50412.0
2021-10-08,362.0690522494249,362.9652627747947,352.2107364703564,353.0509338378906,62352.0
2021-10-11,353.0508990981736,355.336224772924,345.5675364776528,353.8798828125,197972.0
2021-10-12,355.6498899044458,366.3708013674565,355.6498899044458,363.92864990234375,272928.0
2021-10-13,364.0854754064013,370.4037477933856,364.0854754064013,369.4179382324219,196752.0
2021-10-14,374.8400798395438,374.8400798395438,362.5171842082378,369.5412292480469,223732.0
2021-10-18,371.3896040411496,391.643965628348,369.4739706193752,381.5503845214844,475812.0
2021-10-19,375.5122113065032,383.1300007960146,370.1349481374364,371.0759582519531,110292.0
2021-10-20,364.3543321831958,378.6488991995553,362.96521698418906,370.9526977539063,170212.0
2021-10-21,370.95275504278726,400.0235847815996,369.8212782824396,395.75537109375,1284620.0
2021-10-22,399.2617874072777,399.7098926681164,332.9646085961578,352.5468139648437,1069812.0
2021-10-25,347.505615060733,361.4865040767314,344.59293098865726,354.3952331542969,206100.0
2021-10-26,358.2601500938174,359.6604790106944,347.6848770536318,350.53033447265625,133672.0
2021-10-27,353.98074518189725,360.5006710528431,347.5616320514125,352.2331237792969,155120.0
2021-10-28,369.4627447888781,386.9388479383824,347.28153694527657,372.8571472167969,1162444.0
2021-10-29,369.5636234332483,369.5636234332483,356.2661044557062,365.1834106445313,118100.0
2021-11-01,368.5665234716288,375.6241803040643,355.3474201981783,356.927001953125,107016.0
2021-11-02,361.39686669942427,364.75765591237615,351.31449906056866,353.1181335449219,156588.0
2021-11-03,353.106797578294,367.6304704863987,350.6105412972135,364.4761047363281,92064.0
2021-11-04,367.3581131308094,367.40348852184144,360.890540911617,363.738525390625,9284.0
2021-11-08,367.1312315708891,372.6116266272497,358.5531761494161,368.1637573242188,52316.0
2021-11-09,371.0344283469309,371.0344283469309,358.5758355795276,360.5047607421875,44516.0
2021-11-10,362.3088878820759,373.75761491459417,356.77173249114816,360.61822509765625,84484.0
2021-11-11,355.3760728740173,363.3413931049907,355.3760728740173,362.3656005859375,42008.0
2021-11-12,364.1810777545344,403.2588207125097,353.3790748019966,357.7588806152344,243784.0
2021-11-15,370.1153665518068,370.1153665518068,357.9971992128356,360.0736083984375,81728.0
2021-11-16,364.9072450126513,364.9072450126513,356.2838150931981,358.870849609375,71240.0
2021-11-17,360.6749921300572,361.9571656867815,342.6111792449018,349.6007080078125,149044.0
2021-11-18,349.47590548123816,349.47590548123816,343.5302875206179,347.0250244140625,367248.0
2021-11-22,348.7610395882279,349.72550225003386,341.76018086581365,346.5711364746094,298424.0
2021-11-23,346.9455919049557,347.8533214989519,339.6043343538526,345.5613098144531,155108.0
2021-11-24,347.2973123735084,354.0031474363061,340.39856263052195,340.9999389648437,53476.0
2021-11-25,337.9023141012381,344.4039323339908,335.3947002194684,338.9461975097656,145396.0
2021-11-26,344.25640568872467,353.33370049923815,334.7252461376855,347.1271057128906,211276.0
2021-11-29,353.78756923625554,353.78756923625554,325.6820004020551,328.2803649902344,114416.0
2021-11-30,327.4634202176293,342.2140247319369,325.30756263476894,338.1292419433594,170100.0
2021-12-01,338.1292275156296,339.6156456031756,328.427868806708,334.1352233886719,86572.0
2021-12-02,333.25024930997193,348.8064773400594,333.25024930997193,345.2436218261719,56072.0
2021-12-03,352.86847791354575,355.92073491334145,337.00592740009955,339.08233642578125,114172.0
2021-12-06,342.89482275587983,351.06438835429924,337.72075346286505,339.1731262207031,99196.0
2021-12-07,340.8751252256548,344.460667939453,336.23436909765326,339.2752685546875,109572.0
2021-12-08,344.9371510267682,350.95085793611645,339.2638426217227,342.25933837890625,174180.0
2021-12-09,343.972745066076,343.972745066076,336.3137774619327,338.4696350097656,44080.0
2021-12-10,338.46965204584944,342.38423568499854,329.65333443367246,333.6473388671875,346988.0
2021-12-13,330.18663537541136,339.8312621819096,329.5058381890703,330.8106994628906,132492.0
2021-12-14,335.17916425747507,338.12928554071624,321.10935506047883,334.3622131347656,78752.0
2021-12-15,331.3326682907548,352.6302689140135,331.3326682907548,349.8389892578125,211240.0
2021-12-16,351.7452381506007,365.3158074515468,317.95499650663,324.0481262207031,16623392.0
2021-12-17,301.8200940299725,315.3679473204087,293.87745997655225,306.1771850585937,5159056.0
2021-12-20,305.4509483287186,312.2589189452576,297.5083159427563,310.97674560546875,1494076.0
2021-12-21,313.14401473986806,315.87853345535615,301.37757569944625,314.4034729003906,722288.0
2021-12-22,316.786196646129,324.0593894006838,312.8035506032974,322.0169982910156,561624.0
2021-12-23,318.30670249435104,326.09046636420004,318.30670249435104,321.55181884765625,309108.0
2021-12-24,321.04128760539385,321.04128760539385,313.8588985817669,319.3392944335937,143864.0
2021-12-27,316.79763710239337,322.5390380245461,315.8218166810646,320.5987548828125,104036.0
2021-12-28,322.20995040923805,327.6676855034349,321.14337925027405,324.43389892578125,334008.0
2021-12-29,322.3687637081753,326.5442968235337,319.63421778594585,322.55029296875,191960.0
2021-12-30,323.8211804434255,324.7062223529071,318.60173518952416,321.5972595214844,119144.0
2021-12-31,323.2084035464407,330.0504195252052,319.0668881069304,322.1645202636719,200700.0
2022-01-03,319.9745892861475,333.54515386988567,317.4896913223715,328.8816833496094,561384.0
2022-01-04,330.33410376854334,338.2426911751696,328.37113326432103,333.80615234375,407392.0
2022-01-05,335.4854946593197,349.43050670583176,334.3621904046707,343.59832763671875,315716.0
2022-01-06,343.57561279296874,349.4758544921875,336.9945739746093,340.3985595703125,133336.0
2022-01-07,340.62549705247693,346.91151279947843,339.8539214322034,344.9598999023437,112232.0
2022-01-10,346.6959438679859,353.05005051390543,344.93721792134744,348.8631591796875,182644.0
2022-01-11,349.47588198376235,361.9571634831824,348.6135278176647,357.2596740722656,276956.0
2022-01-12,362.6379401553027,367.16523001710976,351.9153852915117,357.2369384765625,215572.0
2022-01-13,362.4110249227537,364.2151263330762,352.19906742649573,359.96014404296875,239436.0
2022-01-14,363.0919067084352,373.3038665846099,355.59177842980347,371.261474609375,317052.0
2022-01-17,374.4838202048825,378.17147155525856,364.9753751920486,370.7507934570313,129644.0
2022-01-18,366.2689003140276,372.5435868293898,345.1755444280516,349.5666809082031,1181612.0
2022-01-19,349.4758459229226,365.3611116466918,348.1142517180281,362.0592346191406,202984.0
2022-01-20,358.5531585800964,373.30376320522697,356.0569024127666,370.0699768066406,181700.0
2022-01-21,369.89979002886304,374.55190395253896,359.7445657320584,369.6047668457031,213040.0
2022-01-24,369.6047595421495,370.01324891049785,342.9969377483709,346.3215026855469,339476.0
2022-01-25,340.75035998517075,354.8995897378226,331.0943751800783,343.6210327148437,413396.0
2022-01-27,345.3457159112018,349.4304988570221,337.5051908984027,345.6520690917969,327052.0
2022-01-28,347.3881116470377,359.0070388659348,342.5203952891773,345.69744873046875,92724.0
2022-01-31,347.43346369185707,365.1115011208956,346.1512902417452,363.3641052246094,214828.0
2022-02-01,365.1909684135452,368.9126653517321,361.2763844737387,364.2718811035156,126524.0
2022-02-02,361.07209623386063,371.4882977841546,353.88968102652586,368.265869140625,126136.0
2022-02-03,380.1230570032293,382.834887598184,368.969326077322,371.8967590332031,522684.0
2022-02-04,375.1191548205069,381.4505725928449,370.8074403972827,376.1403503417969,463896.0
2022-02-07,382.608039418993,386.8970674652774,376.93472922594736,381.3825988769531,238668.0
2022-02-08,383.5157227289109,384.0263205846151,371.68119355524846,381.2463989257813,299548.0
2022-02-09,383.1526104324655,384.6503585004448,375.9021047529829,383.1639404296875,135620.0
2022-02-10,384.6504882046714,384.6504882046714,372.1692039266437,379.7941284179688,165296.0
2022-02-11,366.121364822731,379.7032627851817,360.822499071674,365.2476806640625,124836.0
2022-02-14,363.0918117375997,369.7976747163112,341.5218777158801,350.0658874511719,554816.0
2022-02-15,361.7302155836016,366.2461755092088,343.2806019138682,357.724853515625,266116.0
2022-02-16,355.4329047116116,377.84248130556,354.0145770790832,368.0162963867188,177088.0
2022-02-17,376.4808570458947,376.4808570458947,356.28387315374,359.81268310546875,335036.0
2022-02-18,359.05241211158847,368.2318437990567,354.01452419412425,363.8747253417969,210624.0
2022-02-21,356.6014988528895,356.6014988528895,337.2214707028432,343.4394226074219,588016.0
2022-02-22,343.4393849916213,344.9371327910319,329.3355355019639,340.36444091796875,331676.0
2022-02-23,341.0793279359722,345.8108619747832,337.38031948645755,340.2850646972656,254396.0
2022-02-24,329.05197418094286,341.74883065572413,329.04061648046013,334.827392578125,323764.0
2022-02-25,335.4060449720298,347.3199944720511,334.850071742711,342.4409484863281,151532.0
2022-02-28,338.12926704094497,351.4729028880763,332.02478010234734,347.5583190917969,203652.0
2022-03-02,342.350201130485,342.5658035239726,336.31380504187,338.6398620605469,99108.0
2022-03-03,340.3418042842532,342.7472817413541,329.5057841778534,332.28570556640625,193372.0
2022-03-04,330.4135651307473,342.6679143869701,329.7214102494811,340.0695495605469,237100.0
2022-03-07,323.75306967811844,340.8637758359819,323.75306967811844,335.8939514160156,221572.0
2022-03-08,337.5846239445765,340.62552356605414,323.1290415201581,334.9975891113281,199968.0
2022-03-09,336.676912248005,340.62554165564086,331.4234215049129,336.5634460449219,78272.0
2022-03-10,340.4099361214588,344.71029374816743,336.3591708768772,341.9076843261719,143192.0
2022-03-11,343.348644949398,353.7194422455757,333.59055391646734,339.5815734863281,333588.0
2022-03-14,340.39854789660035,342.2140068187155,323.1403304375608,330.061767578125,225492.0
2022-03-15,334.49837746358133,342.08925561366834,331.1851697671744,340.7276611328125,150652.0
2022-03-16,342.4409944695769,345.5726726965032,338.7192975380481,340.7049560546875,305972.0
2022-03-17,342.41827362851313,360.01686307166693,338.9802425321139,352.6642761230469,736440.0
2022-03-21,356.05689542821904,364.0676193251003,348.8291048440294,359.1772155761719,1126424.0
2022-03-22,360.82245969141366,361.97980921046025,352.2217175332711,360.14166259765625,143236.0
2022-03-23,361.9457691082262,366.722706533293,356.2838176096968,363.6023864746094,274320.0
2022-03-24,367.6304339739266,376.2538639066484,363.0917866409152,368.6175842285156,366284.0
2022-03-25,370.4670691096953,384.65034128081686,369.5706973891618,377.9104614257813,222688.0
2022-03-28,384.87738449546487,385.3539370373398,369.8998447686366,375.28948974609375,256376.0
2022-03-29,370.1380832923748,383.1639802291058,370.1380832923748,377.422607421875,217124.0
2022-03-30,379.31749763398017,382.6080173562013,372.9520328837586,378.6707458496094,163232.0
2022-03-31,381.7002560923793,407.343614557563,374.1774422943316,378.7274475097656,2501868.0
2022-04-01,394.8623187952547,397.13164246649177,381.24637676783215,385.3084716796875,3422656.0
2022-04-04,382.60801920589273,389.0982801835158,376.7077769168339,384.5028991699219,182712.0
2022-04-05,385.5581043017568,392.6724287024752,378.999753137919,381.5414123535156,809724.0
2022-04-06,379.10192545082725,397.131693243394,376.163134299801,395.7360534667969,281436.0
2022-04-07,394.521988076432,403.4858181190084,386.21626755200697,399.5031433105469,445680.0
2022-04-08,402.8049423963111,414.1515604919818,382.10872207048936,410.8269958496094,354864.0
2022-04-11,414.1515591028604,419.3596457106228,408.693824736467,413.9132690429688,286712.0
2022-04-12,415.2862505496566,415.9670476817052,398.3911461366659,403.1226806640625,264980.0
2022-04-13,409.14774927885,412.8240706880413,399.8548788116685,406.424560546875,126652.0
2022-04-18,399.8548054233265,409.8284712429604,393.9545642536293,400.944091796875,107496.0
2022-04-19,400.5582985874248,433.05502879470055,400.1157915710868,421.311279296875,557804.0
2022-04-20,424.363548344306,425.49821023827474,407.3663076323131,409.7264099121094,178496.0
2022-04-21,411.9389973594465,414.12890033789193,401.4433749229367,403.9509887695313,99124.0
2022-04-22,401.7384348425842,410.9291969520329,396.67783129175984,400.4108581542969,104168.0
2022-04-25,394.8623136350109,398.7201638256978,380.8832855432158,396.9954833984375,220344.0
2022-04-26,398.9811625012907,398.9811625012907,387.1466335496857,390.3463745117188,348568.0
2022-04-27,392.36606426572047,392.36606426572047,380.7925134979057,383.3228149414063,102516.0
2022-04-28,383.5157802939048,396.2239954989099,376.7645409662458,387.0899658203125,108296.0
2022-04-29,383.51573683225433,399.37831633979977,383.51573683225433,390.5846862792969,153352.0
2022-05-02,378.8635844260416,403.7126784629698,378.8635844260416,401.7270202636719,280812.0
2022-05-04,403.74673198992696,415.5131698446965,378.9770582417494,392.071044921875,280564.0
2022-05-05,392.0710444152135,404.8473479219064,383.2774150811474,398.5726623535156,160088.0
2022-05-06,384.65044168916353,396.9047920438625,381.2464554795249,384.17388916015625,85196.0
2022-05-09,381.2464020252991,388.71248293863584,368.9920533887716,380.7471618652344,152236.0
2022-05-10,381.246390706064,388.0543619686723,376.7304308948593,380.6563720703125,163056.0
2022-05-11,394.862370064392,394.862370064392,353.25432069018984,358.8935852050781,445856.0
2022-05-12,349.8276141651654,355.410145056259,338.93486015260976,343.9727478027344,176236.0
2022-05-13,340.62554726773567,350.2701746887075,324.513346164465,330.6064758300781,269928.0
2022-05-16,348.3298277760165,359.926093961992,337.00592475483444,340.5233764648437,151740.0
2022-05-17,342.2366845988764,361.0040072834976,337.19879731665725,352.3351745605469,42472.0
2022-05-18,353.96916247460064,368.7651436178455,348.18238637475133,363.7953186035156,80616.0
2022-05-19,358.68926596125533,368.76506781607833,342.8947799815965,363.5456237792969,175488.0
2022-05-20,365.3725352180462,367.1652790830036,351.74523301320545,356.6583251953125,86148.0
2022-05-23,356.28386379398364,362.4110385216508,352.52812153763745,359.6084289550781,32420.0
2022-05-24,359.71055370824115,361.0835058547594,334.72530117447485,340.9659423828125,199184.0
2022-05-25,339.4227293069001,344.4719744587513,329.27886361060484,332.6488037109375,109156.0
2022-05-26,338.3562362093274,341.9644672062279,326.5784381409744,330.912841796875,110336.0
2022-05-27,335.8599754149158,347.7625695440371,330.9128376693361,341.7715759277344,152692.0
2022-05-30,345.0393106277457,348.2504092011851,340.9885733666165,344.4833374023437,31804.0
2022-05-31,344.4833851817834,358.55319406272577,340.398601958284,355.4669189453125,85344.0
2022-06-01,351.3637448623338,365.4545964127456,351.237306597355,362.9720458984375,153368.0
2022-06-02,364.6615700651208,365.7304588558277,352.61651529947915,353.4210510253906,56380.0
2022-06-03,355.1795129027824,358.0758356678792,350.5476805607548,353.35205078125,29904.0
2022-06-06,353.99573854461227,356.2944121715253,345.07687364819725,350.5707092285156,109656.0
2022-06-07,350.6166888742408,356.29440133605567,345.09987233742453,350.8695373535156,36948.0
2022-06-08,349.4213749963292,353.9612554430198,345.95038340604543,348.1571044921875,40312.0
2022-06-09,349.9040655311013,351.9154048239715,345.0768512282128,348.0076599121094,53592.0
2022-06-10,349.7546717482157,353.76584571442345,333.7673865999629,338.675048828125,139652.0
2022-06-13,333.3076622625845,342.9505865088791,330.31938666988543,334.5259704589844,234608.0
2022-06-14,330.3768509163483,342.1115904334551,326.41163910329766,330.6756896972656,154684.0
2022-06-15,342.04265271672324,342.5023874649984,332.61809037708235,337.606201171875,141776.0
2022-06-16,339.7324448225867,340.5369805620657,311.80356129495766,323.51531982421875,293564.0
2022-06-17,318.37777682203216,328.48043539193543,310.32091517082773,317.5502319335937,171908.0
2022-06-20,317.44678272017103,318.665090793124,284.0700576291952,294.5060119628906,771760.0
2022-06-21,295.0692621995332,311.66567548815675,295.0692621995332,303.9651184082031,1341340.0
2022-06-22,303.4478748710479,307.28667634764315,300.0113693059919,304.29840087890625,144376.0
2022-06-23,306.8729016066944,316.90661669818985,304.53974247311976,311.3782958984375,1702452.0
2022-06-24,312.9413753003767,317.1709396036207,310.228929698303,315.2860107421875,65868.0
2022-06-27,315.2860362742326,334.2271106026362,315.2860362742326,329.5378112792969,202872.0
2022-06-28,329.6413003317937,333.30767351648274,326.40014809306274,328.74481201171875,146196.0
2022-06-29,325.49214845610845,333.30763789643873,325.26228111962814,330.44580078125,45724.0
2022-06-30,331.2618206996884,350.9614687305343,331.2618206996884,340.4450378417969,177416.0
2022-07-01,342.1574835159253,356.29432277439315,335.36489342872073,355.1909484863281,766204.0
2022-07-04,354.2255840929722,358.8229310636792,350.19140090218525,357.4207458496094,125600.0
2022-07-05,356.2943760862155,359.6964239334815,344.8125137066541,347.54791259765625,243036.0
2022-07-06,347.6514308448784,356.2829341209587,339.85892105713816,352.28326416015625,221144.0
2022-07-07,354.0531511639168,355.1565255598514,347.7547807787409,351.1798095703125,100100.0
2022-07-08,352.6280552077007,363.1904497860294,350.29489575688893,360.30560302734375,95776.0
2022-07-11,357.09892890473145,364.9603810657039,355.9151064379822,361.22503662109375,88672.0
2022-07-12,359.50102914847963,368.4773603485223,359.50102914847963,366.82232666015625,69144.0
2022-07-13,370.1209430505647,373.8677642608752,361.61585055283024,364.5581359863281,49572.0
2022-07-14,367.753327657268,368.4314532741714,356.6507498769468,359.13330078125,59224.0
2022-07-15,353.9957057393946,360.2251050790468,353.9957057393946,358.4781188964844,26324.0
2022-07-18,363.88004275526623,376.4652811259869,360.4435368351077,368.3969421386719,104624.0
2022-07-19,368.3969447524668,369.7416632498966,362.8686233008335,366.7533874511719,174356.0
2022-07-20,368.59226082179714,396.5211412021204,364.56958257771765,370.7644958496094,531460.0
2022-07-21,368.4658681796169,374.982630189716,363.1904235676111,366.45452880859375,44844.0
2022-07-22,366.4545422124479,378.87888451989255,366.4545422124479,376.2813720703125,52400.0
2022-07-25,376.2929170498509,379.281193116832,374.6838453214765,377.6146545410156,38512.0
2022-07-26,371.46563601610137,386.6598621743186,368.086597209501,376.9824523925781,73000.0
2022-07-27,382.4992460111274,386.6368580473055,371.00587924396615,376.78704833984375,117688.0
2022-07-28,384.30373320794655,385.6599562192533,368.0176366604229,370.4312438964844,88376.0
2022-07-29,375.6262472304948,388.4758382619237,372.4425899076224,384.3267211914063,284804.0
2022-08-01,388.7685528780192,391.2040101088996,381.92607780078384,385.1617736816406,149972.0
2022-08-02,379.38622110042064,387.8175356657609,378.3192646435661,380.1052551269531,240324.0
2022-08-03,380.1052972825907,391.9926483036329,377.982964559448,390.0210876464844,219712.0
2022-08-04,390.9836859525076,395.7038285375018,382.71472279418407,384.70947265625,92308.0
2022-08-05,384.7094336704784,386.5650200171962,383.10898478363407,384.3615112304688,50980.0
2022-08-08,384.3615675842544,384.8022750690151,379.5254506218661,380.8939514160156,130616.0
2022-08-10,382.714675659796,385.7416121474325,376.26650192004905,384.3151245117188,53888.0
2022-08-11,377.6118841489621,387.3537140840091,377.6118841489621,384.1412353515625,52688.0
2022-08-12,378.37729953975895,385.0342048890465,378.37729953975895,384.2455749511719,49844.0
2022-08-16,384.6398599443616,389.6731265027554,380.6503323750999,384.9413757324219,96568.0
2022-08-17,385.3357648965576,388.5134456337513,380.9751250468277,384.7790832519531,77536.0
2022-08-18,381.09104961048894,388.5133950685143,381.09104961048894,387.88714599609375,37540.0
2022-08-19,386.8085763789387,395.32106740412087,386.7969676386916,390.5429382324219,215500.0
2022-08-22,394.5440664330526,394.5440664330526,387.5160214725773,389.56878662109375,43844.0
2022-08-23,387.643600123987,396.6315968359119,387.2492993357743,389.2440490722656,81560.0
2022-08-24,388.1654775769844,393.1523659952128,387.4116456067872,389.8239135742188,28288.0
2022-08-25,387.3536854226251,393.0712170409154,380.859132613144,383.53814697265625,33812.0
2022-08-26,382.2739925853263,387.9219281016667,382.2739925853263,386.7274169921875,76320.0
2022-08-29,378.0756984801429,387.67836298777576,378.0756984801429,387.0868835449219,50084.0
2022-08-30,387.7015839777844,393.1523690352046,385.2661268244689,389.0816650390625,58968.0
2022-09-01,385.1965602631552,391.5287606682852,383.8744661765474,389.2208862304688,57368.0
2022-09-02,385.0225604389356,393.1291703266225,383.4105311164661,385.289306640625,58864.0
2022-09-05,387.5740299257267,392.978437050817,382.7611023360531,387.3073120117188,390576.0
2022-09-06,387.9219329495904,405.90953540110894,385.2893253399322,394.7064208984375,184112.0
2022-09-07,394.3121584620313,401.27060831724367,392.8856705789118,398.3364562988281,259792.0
2022-09-08,400.702333924419,423.3056865172306,400.5167639417139,416.31243896484375,361856.0
2022-09-09,418.3999491845467,420.52228186281593,403.89159952621947,405.7239685058594,87988.0
2022-09-12,407.24326598532633,407.75354096766586,398.3364447657341,401.4909362792969,48764.0
2022-09-13,401.4909281807593,408.866895990547,394.7180486466676,396.330078125,187524.0
2022-09-14,390.3806042017376,404.471463663563,387.8175641180599,396.5968017578125,64448.0
2022-09-15,398.95110435477824,401.3865616778742,394.4397209247399,395.8661804199219,74716.0
2022-09-16,394.9499728593777,435.366964649568,392.1897823913936,421.9487609863281,1167304.0
2022-09-19,424.0595002452407,429.1043760173364,417.9824658131909,422.09954833984375,222264.0
2022-09-20,428.6404758039865,451.1394618175075,422.3546822815663,438.5098876953125,593832.0
2022-09-21,448.8199681511891,449.4694347278613,430.5076608796134,435.4829406738281,239496.0
2022-09-22,437.1182056380465,437.6632785121031,425.04528459184206,428.4665222167969,120468.0
2022-09-23,424.4653851851903,427.8054463379724,403.1261417769731,407.0808715820313,176120.0
2022-09-26,402.26799318411537,411.5343174839806,395.7502225710687,398.01171875,111308.0
2022-09-27,398.6379326935913,417.50692034761255,397.1882558868288,415.8716735839844,138124.0
2022-09-28,415.187476040771,415.187476040771,401.2589686613999,411.3255310058594,49108.0
2022-09-29,413.0883243711125,420.7542272123519,401.2705695024083,408.2986145019531,107116.0
2022-09-30,406.28057267439374,429.1042874650647,400.2499178235334,426.8544006347656,224872.0
2022-10-03,426.59928911497934,440.7017566534913,423.7115441930344,434.8450622558594,161808.0
2022-10-04,440.70179191183325,440.70179191183325,424.1174876372564,428.2229614257813,99308.0
2022-10-06,430.3684860335324,430.3684860335324,417.5069634031854,419.8264465332031,72168.0
2022-10-07,416.8342252378742,430.1248722713406,415.199006942844,424.6044921875,126364.0
2022-10-10,419.88439205051696,419.9075812167212,409.3887319260668,413.4362182617188,56632.0
2022-10-11,416.3240446309477,422.1459417917585,412.6360606854606,419.8148498535156,57884.0
2022-10-12,418.6550877053698,419.9308034009128,411.6038817848432,417.9476623535156,58780.0
2022-10-13,417.9476212125009,417.9476212125009,407.06924096216505,408.6580810546875,51704.0
2022-10-14,411.0356028574791,423.03892814438416,411.0356028574791,419.3857421875,260412.0
2022-10-17,420.9513835357876,439.7623857601433,416.19644319439794,436.677490234375,434780.0
2022-10-18,436.67750704587775,440.7018047049884,430.5772549498862,437.0718078613281,198928.0
2022-10-19,437.9995220975013,440.7017251804866,432.5951442455293,439.49560546875,60228.0
2022-10-20,440.7018052272051,440.7018052272051,415.1411118496287,419.4901428222656,304160.0
2022-10-21,421.589265772627,427.863479228691,401.2705983622855,405.7008056640625,85140.0
2022-10-24,410.316518095937,416.1152252482256,406.4197755639992,409.1219787597656,12512.0
2022-10-25,410.9428109764266,413.40148572245386,399.3338150076592,408.3450012207031,226120.0
2022-10-27,411.0587705677296,418.6550774783529,410.6180914439636,416.4515686035156,134516.0
2022-10-28,418.9103301375493,424.98694158319495,399.4160536424991,422.4813537597656,154812.0
2022-10-31,424.600508201052,428.3939771106951,412.3653632659879,414.8006896972656,457792.0
2022-11-01,415.9364025605411,429.4594580132484,415.9364025605411,420.6782531738281,196856.0
2022-11-02,419.8938413345389,441.4019352196924,417.6458584158681,430.9581604003906,296592.0
2022-11-03,430.6068914727938,437.8894319231413,427.761775275721,432.3397216796875,101044.0
2022-11-04,433.2060936653969,433.2060936653969,421.9544320690381,425.7127990722656,26620.0
2022-11-07,428.0544444023141,433.206084324005,421.96614267667945,429.705322265625,68524.0
2022-11-09,430.3844118755944,431.85966576265,405.984381464549,415.0231628417969,70028.0
2022-11-10,413.302050856486,419.36694219221687,407.6352579669887,417.92681884765625,86024.0
2022-11-11,419.15618279139113,424.647351517563,412.1312188339935,413.8289184570313,60832.0
2022-11-14,413.0678379899365,415.1401964261875,408.6304143161376,411.0188903808594,98504.0
2022-11-15,410.2578912982622,428.52279741770536,410.0237258351924,413.8523254394531,73912.0
2022-11-16,419.6245243512257,419.6245243512257,413.302056629416,416.2408447265625,66688.0
2022-11-17,414.472880174786,417.8682794756529,413.6415813258854,415.4329528808594,14316.0
2022-11-18,414.4026095174959,418.3131899105807,412.13121595433535,414.6719055175781,32128.0
2022-11-21,414.6718887145542,419.3786086254712,412.3887755368672,415.1987609863281,28364.0
2022-11-22,414.29726304036274,418.1609933442576,413.5362252532319,415.1871032714844,8520.0
2022-11-23,415.1870931434848,421.7085956894985,413.1147058905908,416.4866943359375,33304.0
2022-11-24,418.2194917612349,431.1571328137591,400.4229176437355,426.21624755859375,148944.0
2022-11-25,426.2162604808597,426.2162604808597,413.0795841154029,414.76556396484375,24480.0
2022-11-28,411.1945686218365,423.6755997069183,411.1945686218365,420.7719421386719,89892.0
2022-11-29,415.6553950630668,450.5343275415306,415.6553950630668,436.7302856445313,556724.0
2022-11-30,438.9197385488131,448.6492961414952,421.9193320785928,428.1832580566406,2266552.0
2022-12-01,430.3727133719792,433.1826989489206,422.9145490367775,427.6680908203125,1036432.0
2022-12-02,431.73086585439313,433.2061197501057,413.31377449598193,420.994384765625,945824.0
2022-12-05,421.49784695570736,427.1060985410627,416.0066781056175,421.19342041015625,1171212.0
2022-12-06,418.687847727796,421.4978332830161,412.8103003250576,414.8943786621094,2027400.0
2022-12-07,412.1312024361442,420.3269933936811,412.1312024361442,418.2780456542969,1093300.0
2022-12-08,418.2546773950722,420.0928706942788,413.31379148901,417.7863464355469,87996.0
2022-12-09,416.8145596999697,420.245089742521,413.302077455307,415.4798278808594,110440.0
2022-12-12,409.8246795283411,420.4792078021572,409.8246795283411,415.5851440429688,89924.0
2022-12-13,415.5617524572567,440.5706072259241,414.4962881466775,425.16253662109375,13089680.0
2022-12-14,429.6936761328937,444.6802675620519,423.0316793455127,427.3403015136719,520236.0
2022-12-15,426.9538973030958,429.4594563067941,419.85867238717657,426.2630920410156,107268.0
2022-12-16,421.4978709774675,435.5478000100498,418.3366369451365,431.7660217285156,171740.0
2022-12-19,434.61109279078073,437.8894092234698,424.9634872941561,426.9070434570313,91872.0
2022-12-20,425.7479914434416,427.9257133500735,417.04873777131456,419.1094055175781,54136.0
2022-12-21,427.3285380011803,448.2980370244573,410.9369564022447,415.23388671875,277824.0
2022-12-22,416.8145035157902,419.69475000203454,407.50642682210895,415.23388671875,223812.0
2022-12-23,415.2339327481217,415.2339327481217,407.00301050160056,409.555419921875,141728.0
2022-12-26,404.3101765078276,415.3979080365477,404.3101765078276,410.738037109375,93820.0
2022-12-27,412.7986228982125,417.7395089552724,410.9018881710995,412.9508361816406,37708.0
2022-12-28,411.1828382727661,415.0231576291444,407.4479105267977,410.5154724121094,110428.0
2022-12-29,410.9604025695797,414.44947381259954,408.3260410146465,411.6863098144531,84440.0
2022-12-30,411.3935771381313,418.8049195641502,410.0237149325284,415.9949340820313,108684.0
2023-01-02,416.1237765449649,424.17904616750536,415.3041973671765,417.5873107910156,104408.0
2023-01-03,417.2828923313147,422.3994024378628,410.39842138736896,415.6671447753906,150992.0
2023-01-04,415.0231809970175,423.0550683607393,414.94122879629646,416.5569763183594,26268.0
2023-01-05,416.4164682375501,422.7506270731165,409.5788193380844,419.1327819824219,214640.0
2023-01-06,419.15614981329657,420.081091894388,410.8081459171242,415.70220947265625,44176.0
2023-01-09,417.7862718660575,420.3269611510716,414.2620705907922,417.0486450195313,50728.0
2023-01-10,415.7724747914348,421.02947769250073,414.0045142159852,418.769775390625,53320.0
2023-01-11,418.1141293827259,420.3269814444931,407.4478817344947,411.7448120117188,130392.0
2023-01-12,441.8701826658936,446.5534914381871,416.1237041240692,421.3807067871094,1192752.0
2023-01-13,421.497833991216,425.2327616974444,416.3344740909631,417.5638427734375,255844.0
2023-01-16,419.9874905980543,437.5850028195072,419.9874905980543,428.83892822265625,363292.0
2023-01-17,431.1454270752242,435.0560073495761,425.0103035487661,430.8761596679688,182212.0
2023-01-18,433.2178131786284,437.7723198626222,431.22740680321664,436.8707885742188,133416.0
2023-01-19,439.0602762837344,456.6226873350838,437.9011685882068,454.304443359375,815380.0
2023-01-20,456.6227264344762,456.6227264344762,440.418485217433,450.1246337890625,1584360.0
2023-01-23,456.62267681588594,458.9643315687879,447.49022327956817,456.6460876464844,292876.0
2023-01-24,457.64124658452016,458.96428710867673,454.7493089617603,456.1191711425781,131064.0
2023-01-25,456.6109692743138,456.6109692743138,442.59617092171226,449.14111328125,102116.0
2023-01-27,451.705175670366,455.7796604213368,430.1853640207729,438.24066162109375,205488.0
2023-01-30,402.20308105623474,440.9464274136656,402.20308105623474,435.9720764160156,231740.0
2023-01-31,435.2867716694517,439.00868624805855,425.3616661265,431.7657165527344,266776.0
2023-02-01,431.81302505567385,455.59781006155487,431.81302505567385,447.090576171875,287452.0
2023-02-02,446.1689637152052,454.9006821534508,433.6325983125102,445.8262939453125,117468.0
2023-02-03,446.9370045154459,451.5923404952201,445.4246015827546,448.815673828125,110180.0
2023-02-06,450.6470862391996,451.8286465072625,436.84645653888737,439.942138671875,424848.0
2023-02-07,439.7885636180265,460.5721974168651,430.3597068087031,434.7905578613281,230876.0
2023-02-08,428.91814160154297,436.2201599109045,427.19305232426296,434.4241943359375,105324.0
2023-02-09,435.0504328540368,437.413553075949,430.1115058209039,431.1867370605469,87940.0
2023-02-10,430.3242346208625,441.6553856577351,428.3510348113505,438.8196411132813,123908.0
2023-02-13,438.8196337932615,439.5403970582945,434.825983370456,437.8153076171875,25416.0
2023-02-14,441.6671740526261,441.6671740526261,426.6849859210977,434.1288146972656,80644.0
2023-02-15,437.1772828343253,439.5285761411656,433.3726646827798,434.5778503417969,54912.0
2023-02-16,434.5778500140441,435.94847141138126,427.854783883931,430.7259521484375,61792.0
2023-02-17,439.2922603464328,440.8873666350497,427.5003124901532,428.504638671875,82340.0
2023-02-20,432.4509783956378,448.5201950791916,427.7247381945926,432.7463684082031,207400.0
2023-02-21,436.9173718683783,436.9173718683783,423.7075219944725,428.42193603515625,150316.0
2023-02-22,426.5432617461008,427.724822027946,418.2723397731848,421.8760986328125,368868.0
2023-02-23,421.6633991997595,425.1135493485712,420.7181510030064,421.9469909667969,280060.0
2023-02-24,425.3616419848783,425.3616419848783,416.7480802733575,419.8555603027344,282816.0
2023-02-27,421.8169931957504,423.9319744240804,414.9875694413394,420.5763549804688,216972.0
2023-02-28,422.9749566724148,424.5582359159349,403.6209934311728,407.2720031738281,273736.0
2023-03-01,408.9261902701246,420.3991522539536,401.74232676595625,419.05218505859375,269088.0
2023-03-02,463.1242946713669,463.1242946713669,411.7027775590824,416.9016418457031,215418.0
2023-03-03,419.64288861075,425.8815027418195,416.0036778031718,422.3368225097656,98417.0
2023-03-06,420.6354547559827,430.0879368853306,415.956464563281,422.1478576660156,123558.0
2023-03-08,421.5807124761079,425.5507665986384,415.90922307059975,418.0832824707031,104280.0
2023-03-09,417.79971953784417,424.3219265848216,411.1829818981046,416.0037536621094,147189.0
2023-03-10,406.5512244892498,422.3368508748518,406.5512244892498,418.1777648925781,160061.0
2023-03-13,415.9091719720101,419.501103282186,401.7777010674696,406.645751953125,246586.0
2023-03-14,406.6457999507542,415.9092210630288,397.240568526677,400.4544067382813,149544.0
2023-03-15,405.51149071914045,411.1357292269967,401.7777486715133,408.63079833984375,94911.0
2023-03-16,408.5834962264533,415.34201445484746,404.2353491438912,409.386962890625,151171.0
2023-03-17,411.1829667616542,411.1829667616542,399.8872392395276,401.163330078125,158085.0
2023-03-20,401.7304240274791,415.9091448755077,392.2779434621266,395.0664367675781,118805.0
2023-03-21,396.0589725477878,400.45437065040136,373.4675476634441,379.4698791503906,279207.0
2023-03-22,379.0444906696797,411.1829262875577,376.25599721710233,405.2278747558594,402438.0
2023-03-23,403.6209623081632,408.8670780313402,390.5765493038565,406.07861328125,175154.0
2023-03-24,398.8946598790719,411.04110256652655,396.95691299890007,405.6059265136719,138825.0
2023-03-27,403.62094939037104,409.1506566911683,388.6387608392138,405.18060302734375,119069.0
2023-03-28,405.08610339768296,413.9714595292884,398.89473924429535,412.0809631347656,182283.0
2023-03-29,412.5062884706269,415.9091875929973,401.8249958733896,414.5858459472656,157615.0
2023-03-31,382.8254894113856,411.0884024899512,382.7782385439588,407.1183776855469,456185.0
2023-04-03,403.6209859260451,411.655595716142,395.3973149551538,398.8947448730469,82023.0
2023-04-05,398.894715106361,411.7973464488769,398.3748401680002,404.9915771484375,126199.0
2023-04-06,415.9092149904457,420.0683013710129,405.5114846156846,415.72015380859375,1336993.0
2023-04-10,418.6977035957017,418.6977035957017,407.40197601665824,408.5362854003906,905345.0
2023-04-11,411.3247154691549,411.3247154691549,399.8399565296609,402.297607421875,251213.0
2023-04-12,402.2976108695311,406.0786033986682,397.6186210760503,404.04632568359375,41227.0
2023-04-13,404.5662263529751,409.7650914112493,403.6209781605616,404.7080078125,41075.0
2023-04-17,404.70800282551454,418.1777894014264,374.1292184084058,381.3131103515625,6070499.0
2023-04-18,381.4076364716138,392.2307395532864,381.4076364716138,385.1886291503906,276773.0
2023-04-19,388.7805676586305,394.9719605896476,381.5494247995713,392.3725280761719,534435.0
2023-04-20,393.2232746697404,394.0739923311788,386.5120062798376,387.4100036621094,183907.0
2023-04-21,387.40996645939714,389.63130541800246,382.1165709624419,384.7160034179688,146745.0
2023-04-24,389.6785347967879,394.1212124689843,384.71598220083126,393.1759643554688,141834.0
2023-04-25,393.1759723415992,395.8226555745285,390.2929482288072,393.1286926269531,259300.0
2023-04-26,395.06648596797936,395.06648596797936,381.1240753977383,388.5442504882813,163583.0
2023-04-27,391.9944025409352,394.0739310737862,387.8352877818672,392.7033386230469,75452.0
2023-04-28,394.1684638613658,397.8549257396534,389.4422232874885,396.8624267578125,323783.0
2023-05-02,399.8399864038824,400.6907040098726,390.0094109472138,395.3973083496094,176212.0
2023-05-03,393.2231688611078,400.643371446693,387.6934622796625,394.2156677246094,153987.0
2023-05-04,397.9494756713359,399.2255664576711,393.9321709881929,397.2405395507813,267906.0
2023-05-05,388.4969759284212,396.7678969487951,385.66123157857874,391.2381896972656,150641.0
2023-05-08,395.11372823862393,395.11372823862393,382.920032825477,384.1015930175781,113009.0
2023-05-09,389.4421909940336,389.4421909940336,377.8156516850685,379.3753051757813,589981.0
2023-05-10,382.8254733531933,386.7955268377512,379.5643559304006,383.7707214355469,63146.0
2023-05-11,384.6687878670929,385.9921296511644,378.1465518479416,380.8405151367188,137885.0
2023-05-12,383.800133246293,396.6889436911312,382.8454065466754,390.5309448242188,144530.0
2023-05-15,395.9729257031078,398.0733362400595,388.3351115846633,391.5811767578125,379895.0
2023-05-16,395.4955199262394,396.0206079362171,379.9812116611787,384.4206848144531,295027.0
2023-05-17,386.3301464042785,399.0757534480501,381.031424968617,387.475830078125,1543786.0
2023-05-18,390.2445370729379,390.2445370729379,381.0791549622007,383.9910888671875,1159692.0
2023-05-19,383.9910837226289,389.4807621522471,381.079149856655,385.041259765625,349082.0
2023-05-22,384.7548899472141,392.8223428424224,382.84543639908895,385.9005737304688,256281.0
2023-05-23,386.95076541444286,398.1210807739925,385.75735689893327,396.6412658691406,630668.0
2023-05-24,392.39268538095416,401.5580678009835,390.86511678829135,393.347412109375,892116.0
2023-05-25,393.34738729893263,400.7942436565244,391.43793396253005,396.9276123046875,72409.0
2023-05-26,396.9753248052107,400.3168680414025,394.4930588527954,397.3572387695313,141289.0
2023-05-29,400.937508517194,401.46259657295775,397.50048640543207,400.7465515136719,77997.0
2023-05-30,400.7465283843685,402.9423881183975,397.83462363238056,400.2691650390625,334526.0
2023-05-31,400.2691761413356,402.84694993186616,396.2115875936893,399.5531311035156,467224.0
2023-06-01,400.1260007355001,405.7588829301643,399.26675245766137,400.8897705078125,755519.0
2023-06-02,404.6131746916592,406.713585142549,397.26179638543977,400.1259765625,269471.0
2023-06-05,403.8016675379984,405.711120929102,396.2115786539833,402.4650268554688,2471395.0
2023-06-06,402.8946697618178,413.3966635233817,397.2617880259865,399.5054016113281,255272.0
2023-06-07,403.0855992579825,408.1456387980601,400.5078256743537,403.6106872558594,225170.0
2023-06-08,403.6107790271974,406.2362778854465,400.9852801689484,402.79925537109375,502785.0
2023-06-09,403.2288420400724,407.8592725284019,398.4552083687941,400.6988220214844,532079.0
2023-06-12,400.9852158157117,404.8041226330042,398.45519587644486,402.2263488769531,496823.0
2023-06-13,402.65597646677526,415.3061049509122,402.6082517872512,414.0649719238281,1505776.0
2023-06-14,414.112692368615,420.0797340453962,413.2534441943477,418.6476440429688,672876.0
2023-06-15,420.9867164004808,423.89862094856505,417.5019409150085,419.55462646484375,281156.0
2023-06-16,423.3736003540177,424.9488937067905,418.26580627664623,420.7003479003906,85836.0
2023-06-19,421.17767953285374,425.80810987323866,419.79334329398193,421.2254333496094,108424.0
2023-06-20,418.7431380926657,423.3735684330506,414.20818624984537,421.2254333496094,965581.0
2023-06-21,421.7028152621333,429.05419372301344,418.7908812059581,420.0320434570313,512002.0
2023-06-22,423.087179208412,441.561148773476,421.1777255920942,431.9661560058594,600719.0
2023-06-23,434.3051419924128,449.1988833790341,400.8419849699891,430.1998291015625,491203.0
2023-06-26,433.016313859072,437.26485962994326,426.76286518468265,431.5364990234375,285211.0
2023-06-27,434.3529707701814,438.1718779829811,429.72253994747183,436.0237426757813,357643.0
2023-06-28,440.51087435834353,440.51087435834353,416.7381863913849,425.6648864746094,390763.0
2023-06-30,432.0138787908869,436.4056279162825,431.0114273011112,434.4006958007813,267223.0
2023-07-03,434.40065838930576,456.932214849435,433.4936563492788,454.16351318359375,313722.0
2023-07-04,454.4499389237014,467.8161135979279,454.16353254934734,460.3215026855469,326922.0
2023-07-05,460.7510957172983,460.7510957172983,449.771739037364,453.3996887207031,440459.0
2023-07-06,456.3116244945467,466.6226608968141,451.4425126406082,458.0301208496094,174542.0
2023-07-07,455.4046452824746,468.0547743180989,452.30178344354783,460.1305541992188,411667.0
2023-07-10,463.47213017317694,475.8358245771124,460.0828325994419,463.1379699707031,224803.0
2023-07-11,466.5749560781717,469.53458557832295,463.0424555873533,465.8111572265625,367822.0
2023-07-12,469.2481843423236,482.1369951024891,468.2934576193483,479.7024536132813,765821.0
2023-07-13,479.7024805650343,483.9032725549544,470.8235040609371,479.129638671875,197745.0
2023-07-14,477.4111051801888,491.5410495885063,472.6852251948423,487.4834899902344,179285.0
2023-07-17,491.8275200399551,512.1154639505402,491.6365630311229,500.03814697265625,371493.0
2023-07-18,520.3261638752465,520.3261638752465,489.10658238835055,491.6843566894531,174103.0
2023-07-19,492.2570325682199,504.52530486265545,490.4908115919246,492.6389465332031,192701.0
2023-07-20,501.2315218697848,508.6783785403286,488.1517543113755,495.9328002929688,174814.0
2023-07-21,505.0504455719996,505.0504455719996,487.91308893082,492.5435485839844,200538.0
2023-07-24,497.4125196748819,503.0931541547201,492.63888704844345,497.79443359375,186884.0
2023-07-25,501.2315056185002,502.1862322958688,490.3953811391236,496.0759582519531,76342.0
2023-07-26,501.2315939741525,501.2315939741525,487.9608966465985,489.7748718261719,120782.0
2023-07-27,489.7748133898826,495.1690427330517,483.90324981678407,489.2497253417969,85462.0
2023-07-28,490.7411818987472,492.6656571218796,488.8648068101286,491.4628601074219,97934.0
2023-07-31,493.2911250985473,505.1266357357053,493.2911250985473,501.9512634277344,140811.0
2023-08-01,505.1747829828301,507.0030580705179,491.9921149951175,498.77587890625,319817.0
2023-08-02,498.7758647210664,499.8824615158785,482.46595409628696,484.919677734375,70412.0
2023-08-03,487.8063792750908,490.7411923065456,468.1767080906993,477.6547546386719,73160.0
2023-08-04,477.2698452305616,490.1638230794841,477.2217450970664,488.6242370605469,57906.0
2023-08-07,489.7307997914268,493.4834908984114,479.1942871531406,483.8611450195313,82178.0
2023-08-08,489.7789307304081,495.263696710585,484.4385238800995,491.9920654296875,145915.0
2023-08-09,495.5523796208384,495.5523796208384,482.9951902910742,487.2771301269531,89701.0
2023-08-10,487.1328076232032,495.5523870142215,484.6791133753142,490.8855285644531,330518.0
2023-08-11,490.50065269188326,498.3429132010592,487.3733802617732,495.88916015625,100453.0
2023-08-14,495.8890986780349,502.0955426313318,490.26003249383496,494.0608825683594,161632.0
2023-08-16,495.1674298025028,499.40129860068686,485.9299726268726,495.79290771484375,149627.0
2023-08-17,496.4665038293432,501.9031110570292,492.66565354518593,495.2156066894531,192772.0
2023-08-18,495.7448463613449,498.72775956818106,482.0810600587252,488.6723937988281,132889.0
2023-08-21,490.7411819038044,497.5249453193513,486.0262234801139,493.6759948730469,234314.0
2023-08-22,490.7412080567847,496.80329358671503,486.0262493818207,489.2978515625,213462.0
2023-08-23,490.78925640415633,499.2088350656884,484.77527164591913,493.2429504394531,311426.0
2023-08-24,494.5901157129362,497.95794724016434,490.741165396104,492.7618408203125,75897.0
2023-08-25,492.7618835999416,493.1468021571703,484.0055443610862,490.4044189453125,296319.0
2023-08-28,492.6656697349829,492.6656697349829,484.9677686453738,486.5073547363281,171738.0
2023-08-29,486.31487122547645,492.6656451809189,481.1187941219911,487.9025573730469,119137.0
2023-08-30,491.7034521790735,492.7137899922801,483.04331309959855,486.2668151855469,310987.0
2023-08-31,486.892259831798,487.758267859652,464.2796746419813,468.946533203125,1965975.0
2023-09-01,476.018966586759,476.018966586759,457.0628735583783,459.564697265625,969859.0
2023-09-04,468.2248222095984,484.96775058288,464.7607609752599,481.55181884765625,1071315.0
2023-09-05,489.7308394706045,499.834334295455,486.21864872983696,496.3221435546875,877410.0
2023-09-06,500.17114282831307,501.3258398100256,485.7375773827269,487.6139526367188,570967.0
2023-09-07,497.3806511929962,499.8824455225387,490.5968583266731,493.9646606445313,999341.0
2023-09-08,500.31542708249214,507.6284089881081,494.1089831238694,500.7002868652344,1418883.0
2023-09-11,509.0237305653704,534.0419101394718,504.9823205804118,529.134521484375,1209800.0
2023-09-12,534.0418631752416,548.4754270448427,516.7215865317203,525.2373657226562,686442.0
2023-09-13,524.6119088962016,531.5400308027217,504.30866193778377,508.6868896484375,422848.0
2023-09-14,516.2885513507592,532.0211707034476,514.12351683959,526.9212646484375,625141.0
2023-09-15,526.0072346828006,528.2684696673888,495.9373081306952,506.7624816894531,3637141.0
2023-09-18,508.0614099902654,511.95846019583183,489.7307970008847,495.7447814941406,203337.0
2023-09-20,494.5419966477147,508.0133222409107,490.30812796915416,499.3050842285156,137496.0
2023-09-21,500.3154375597243,511.669829168985,490.7411619674328,496.51458740234375,264443.0
2023-09-22,495.552304668468,509.9858669403652,492.184473471692,508.9274291992188,1632470.0
2023-09-25,511.9104068689647,511.9104068689647,499.4494181135898,500.74847412109375,601923.0
2023-09-26,500.7484729157906,504.74172373660593,493.820350416747,495.2156066894531,139775.0
2023-09-27,495.1674327223112,503.7313706340052,490.7892635010692,495.0231323242188,274298.0
2023-09-28,500.3635471504653,502.1436632010834,489.7308335195822,491.2222900390625,395274.0
2023-09-29,492.76187343090686,494.6382485806038,478.9537867475914,483.1395263671875,1145096.0
2023-10-03,483.1394899104943,486.4110917764134,479.96408830947496,482.4659118652344,164712.0
2023-10-04,483.043294229877,483.4281834120078,472.55490984971095,477.9915466308594,126542.0
2023-10-05,477.2698164076879,481.118766540008,469.1388975070981,475.2972412109375,379048.0
2023-10-06,477.8953024596909,490.5487211403188,477.6547430575301,488.5280456542969,471369.0
2023-10-09,485.9299498809317,497.7173595562612,483.7649154507691,494.9750061035156,413515.0
2023-10-10,496.9957076073805,500.6040985145008,493.6278760940681,495.0231323242188,159540.0
2023-10-11,493.6760201612976,500.0749240981877,493.0987010569083,496.70709228515625,308102.0
2023-10-12,498.2465877946682,498.2465877946682,491.22226547999935,491.8958435058594,3824082.0
2023-10-13,497.76551804501634,519.6083241584842,491.89589194942994,517.5394897460938,952043.0
2023-10-16,511.0443360470024,534.2342960919966,511.0443360470024,532.2135620117188,633106.0
2023-10-17,531.6843429473215,533.4163587796635,521.1478300992895,530.0004272460938,201720.0
2023-10-18,528.6051986081393,530.1448139962558,505.27093696086246,517.1065063476562,541975.0
2023-10-19,511.38122150364177,522.0139360118266,507.4360118181675,519.5602416992188,240243.0
2023-10-20,515.8074460036987,533.9456597300606,515.8074460036987,519.3677368164062,882305.0
2023-10-23,524.4195485483244,524.4195485483244,506.1370321769149,512.6802368164062,130781.0
2023-10-25,511.9585641596353,515.9999743058589,504.88614045149086,507.43603515625,121375.0
2023-10-26,501.3738444740087,504.5011163917042,482.9951314652174,501.7106628417969,118370.0
2023-10-27,507.09925251147087,507.772830627096,499.93057011794735,504.4049987792969,81762.0
2023-10-30,503.0097374551602,518.6460994516142,495.8410551322591,498.5353088378906,174556.0
2023-10-31,503.7313784065952,510.32268240651086,498.5834307917988,505.27093505859375,369884.0
2023-11-01,504.9823580918116,517.539548949374,504.1644794986503,509.456787109375,594728.0
2023-11-02,510.0339996874463,534.0418382145045,509.7934403008632,530.7221069335938,371991.0
2023-11-03,518.8386254078752,526.2959682414787,507.53233143434727,511.0444641113281,1205994.0
2023-11-06,516.7215423426658,518.2129987355803,507.1472673818733,509.1198425292969,181150.0
2023-11-07,511.1886904787912,513.7867435694059,498.5352434011653,510.80377197265625,138394.0
2023-11-08,514.7971052288434,518.838514810349,508.3982018305994,515.7112426757812,123651.0
2023-11-09,518.3573594210452,528.2683940478281,512.3433749715025,525.044921875,197801.0
2023-11-10,527.1290115203373,528.1468104166969,521.6522559522904,526.15966796875,142699.0
2023-11-13,515.6907593997074,528.7768970912413,513.8005276781234,525.23876953125,168118.0
2023-11-15,527.0320708536855,551.0233223908691,526.3535185733629,542.977783203125,460958.0
2023-11-16,543.801712041267,552.5258036782927,523.4939535644951,526.450439453125,1136970.0
2023-11-17,531.6365699592743,531.6365699592743,515.2546375830404,529.746337890625,207460.0
2023-11-20,529.6977736201518,541.3298957565745,521.7006896513612,529.8431396484375,159254.0
2023-11-21,530.327867079297,539.9728478627753,529.3100681183154,534.0598754882812,405024.0
2023-11-22,533.9143936847717,534.0598188769418,519.5681215639468,523.4454956054688,165069.0
2023-11-23,525.3357687088647,530.57018857926,517.9202666040916,523.736328125,232403.0
2023-11-24,524.1240505150046,535.7561726977054,520.3920424829682,526.450439453125,201774.0
2023-11-28,526.4504909643055,530.6187158188445,522.9608776336629,527.2260131835938,242257.0
2023-11-29,531.636393549321,546.7096714160178,523.7362212630717,541.717529296875,353886.0
2023-11-30,546.4674880734798,562.2193225412298,538.6642834468797,554.7069091796875,853782.0
2023-12-01,557.3725323245133,569.9739982727195,556.8394052133574,567.8414306640625,468020.0
2023-12-04,590.2818259388936,614.0792006506365,578.9404934310854,584.0780029296875,12215412.0
2023-12-05,606.760643618465,612.3343693677541,585.4835395775013,589.4578247070312,1609373.0
2023-12-06,596.1463228210393,637.6342176821186,591.1057241936471,629.5402221679688,2168523.0
2023-12-07,630.0732736096553,630.0732736096553,618.0049352284793,621.3491821289062,719592.0
2023-12-08,625.0327304399135,632.0120160698109,620.379893074661,627.6984252929688,538465.0
2023-12-11,627.6984019187112,632.0119925349236,612.3827857115614,626.6806030273438,203623.0
2023-12-12,622.3670331896287,629.5886546874422,608.602342532246,624.6934814453125,290724.0
2023-12-13,625.226596149116,664.0003385459603,623.2394536840848,659.5413818359375,723930.0
2023-12-14,659.1536584860866,712.467557334226,659.1052031381233,685.8106079101562,1058144.0
2023-12-15,692.5475324681014,692.5475324681014,639.7667627115881,649.4117431640625,2738968.0
2023-12-18,642.5778403291238,651.3988426578354,636.4224735049937,644.8557739257812,430401.0
2023-12-19,641.0269062649087,653.1921565251396,624.5480651827052,627.7468872070312,647471.0
2023-12-20,630.0733221303102,636.6163912447404,612.4797126236724,621.6884765625,1431835.0
2023-12-21,615.0000514715738,624.0633903571803,607.92385510931,616.2117309570312,238473.0
2023-12-22,640.7360814521969,644.4680304243909,627.2137272044761,637.7311401367188,611023.0
2023-12-26,638.7974206158865,640.5906825771903,628.1346412125864,631.52734375,151516.0
2023-12-27,637.7312384801334,657.6996948649476,627.7954656395059,653.7738647460938,614017.0
2023-12-28,655.8578053720521,693.6622028483586,650.8657217165497,687.0706787109375,638810.0
2023-12-29,686.2952999359769,693.0807054438185,666.0359941112335,688.0885620117188,455697.0
2024-01-01,688.088505536867,692.4990660862001,671.7550901420295,681.3031005859375,175009.0
2024-01-02,673.9360496712001,678.4919758275655,654.3068443409709,656.1486206054688,348865.0
2024-01-03,660.2199237598508,661.1408120425989,632.8844806823349,635.1624145507812,203415.0
2024-01-04,639.7667847386059,641.7539273129408,631.2850281227533,633.8052978515625,133259.0
2024-01-05,633.805332603434,644.5650827987873,624.3057765056211,642.1417236328125,1231143.0
2024-01-08,644.5166113770235,663.2733871883447,635.3078467759431,651.8351440429688,895046.0
2024-01-09,654.1130305411043,659.1536289482216,650.4779921461693,654.0645751953125,481800.0
2024-01-10,657.2149491678973,666.9083849963324,641.7054518424012,662.2070922851562,203133.0
2024-01-11,664.0003915005974,665.8421680769451,645.7767429535351,659.492919921875,186788.0
2024-01-12,658.3781979759046,658.3781979759046,646.6976191976637,649.16943359375,134150.0
2024-01-15,649.16943359375,649.16943359375,649.16943359375,649.16943359375,0.0
2024-01-16,639.7667010404576,647.7153294619483,634.4837672066354,641.317626953125,141899.0
2024-01-17,634.919967997961,638.2642147767103,618.1018825875963,626.72900390625,266993.0
2024-01-18,626.7290058404812,634.4352982246794,618.5380417234911,623.3363037109375,229384.0
2024-01-19,630.0734072129721,638.7975005436133,606.8576136836238,609.474853515625,277493.0
2024-01-23,624.257207867402,625.1296406744442,591.2995291911727,600.0236206054688,448657.0
2024-01-24,600.9929915417342,607.7783962849473,573.3667008015093,598.0849609375,332842.0
2024-01-25,598.0850232688055,617.8596571040871,596.0978806482892,610.88037109375,244105.0
2024-01-29,618.0073886233549,628.30749984917,611.1731836938708,618.9837036132812,899275.0
2024-01-30,624.7928824559878,626.7943165644915,604.1925973572273,613.711669921875,170252.0
2024-01-31,615.4201688543558,625.4762615560657,601.5565427952039,605.3641357421875,347921.0
2024-02-01,606.2916755954263,610.0016610483108,595.3569345846531,602.8745727539062,364500.0
2024-02-02,605.3153563723598,605.9011215910961,586.8629773180944,590.621826171875,290046.0
2024-02-05,595.5522030567755,606.5845516217217,583.1041856978019,600.9219360351562,381313.0
2024-02-06,608.6836345491423,623.8653217761785,600.4337603949135,613.614013671875,1281972.0
2024-02-07,624.7440036774149,637.2408239863744,617.0798950345576,627.8681640625,321124.0
2024-02-08,629.4791156800115,653.838187599806,627.770564377274,640.609130859375,791047.0
2024-02-09,639.0957390108366,643.9285099053567,628.7468244320853,638.8028564453125,410126.0
2024-02-12,636.4108892548305,650.2257699138908,625.8666994984585,632.8961791992188,1146649.0
2024-02-13,635.3370250616506,681.4679116297075,631.724647423069,675.317138671875,1283704.0
2024-02-14,673.9014734232994,702.8980427634057,664.5288726378,691.0845947265625,696379.0
2024-02-15,695.1362840844496,709.7322053381193,688.9855114662168,696.6983642578125,665907.0
2024-02-16,696.1614817491206,698.0653081437856,668.8246584931402,676.0006103515625,930453.0
2024-02-19,678.6854950906948,690.8405709422149,678.6854950906948,685.3732299804688,87428.0
2024-02-20,691.182267047111,692.2073859546642,679.0759363201263,688.790283203125,113402.0
2024-02-21,691.9633099996656,727.2571238270002,690.9869949238283,696.7960815429688,327025.0
2024-02-22,701.9704847423309,704.0207224057629,672.681034753082,691.7191772460938,220919.0
2024-02-23,693.1837296869091,707.5843775923767,682.7859499057874,704.6066284179688,138055.0
2024-02-26,704.8018308841393,756.6441341771032,700.7989035818659,751.3720092773438,1134217.0
2024-02-27,755.4725320627451,770.2637280894456,719.9835057903972,730.1371459960938,837440.0
2024-02-28,730.3324123852475,733.310161170668,693.2324429667328,699.3344116210938,501982.0
2024-02-29,706.3151094616705,726.3295672675274,691.1334228975749,701.9216918945312,824679.0
2024-03-01,705.8757376123951,726.2318813135349,704.4600689593037,714.3696899414062,347110.0
2024-03-04,713.4422123654224,722.1802438531842,703.9719446008572,710.0739135742188,114655.0
2024-03-05,691.5727835231108,717.3963300702902,684.9338527007916,703.8743896484375,235044.0
2024-03-06,693.3301411065956,700.6036403949963,675.8052744326354,679.7593383789062,247042.0
2024-03-07,685.9100794390994,688.3996707280246,659.8424574731781,663.6989135742188,298672.0
2024-03-11,664.9193025526115,705.534041311948,656.0836639368457,693.8670654296875,743621.0
2024-03-12,696.6495316085712,714.1255933241755,673.6573260924534,691.6703491210938,594950.0
2024-03-13,688.2044171598133,690.4011257496544,658.7684982201287,681.0772705078125,472495.0
2024-03-14,665.8468270786535,683.4204970015505,663.5525106745351,680.1986694335938,141794.0
2024-03-15,679.31996554387,683.9574617970225,668.873383118861,677.904296875,284769.0
2024-03-18,688.3021478639333,693.1837233806988,666.1885869371678,673.3157348632812,132046.0
2024-03-19,675.6100355688862,683.4205562113011,672.2417366239362,676.19580078125,256540.0
2024-03-20,677.9043645488862,679.8569947451408,650.2746591897919,657.7922973632812,177154.0
2024-03-21,660.525918097774,673.2180134199289,654.1310666033655,657.4505615234375,285163.0
2024-03-22,659.6960846031417,666.2862111247124,643.4404153474509,650.079345703125,802243.0
2024-03-26,650.0305893060792,650.2258642462843,631.6758771281471,634.897705078125,264980.0
2024-03-27,637.0944229451667,658.036394295783,635.4346753146419,652.1296997070312,530619.0
2024-03-28,651.2509676214004,664.8705750187686,642.757014436732,659.5984497070312,481500.0
2024-04-01,668.775819829261,685.861333474534,661.2581819074322,680.2963256835938,208800.0
2024-04-02,680.296285589479,687.8627269007336,664.8217165500189,679.3687744140625,272675.0
2024-04-03,679.3687979779046,727.7940598032835,679.3687979779046,704.2648315429688,609168.0
2024-04-04,706.1686694535185,709.7810470856178,694.3552810888732,703.9231567382812,160014.0
2024-04-05,703.8742873567098,704.8994061541237,690.3522893104192,698.9439086914062,141185.0
2024-04-08,702.6539433330712,707.2914397541105,690.5964168846443,703.04443359375,558348.0
2024-04-09,718.5190231441662,730.6741565917523,698.0652123470005,702.116943359375,944127.0
2024-04-10,712.6612002810474,723.888823633573,705.5829159935855,718.3726196289062,1515257.0
2024-04-12,719.3977928306181,746.8810880773893,717.2987510165474,730.9671630859375,1420517.0
2024-04-15,727.403536209288,738.7776306922858,712.710006218178,722.3755493164062,257991.0
2024-04-16,717.8843908029208,744.9283275887284,717.8843908029208,733.0172729492188,787154.0
2024-04-18,739.656232221698,879.6110255068955,736.3367969213093,780.4662475585938,2222350.0
2024-04-19,777.1467587520912,803.5072643881546,766.504901159494,771.8746337890625,957760.0
2024-04-22,781.0519971611851,790.8151471256999,746.8809722853832,751.2255859375,507505.0
2024-04-23,759.8659252137694,793.8416740721467,742.0481771055166,747.9060668945312,793448.0
2024-04-24,849.3941373655022,849.3941373655022,775.2429935706854,782.4189453125,5165029.0
2024-04-25,783.004697978763,824.9862466235097,775.0477062021389,818.88427734375,2685823.0
2024-04-26,820.1046552214196,821.9108142572212,781.0520525918282,788.911376953125,2460020.0
2024-04-29,791.9379637065401,792.2796501326418,765.4309866962307,770.556640625,1356055.0
2024-04-30,773.3391832014602,774.2178906458299,756.058453238253,765.4798583984375,424089.0
2024-05-02,768.8632532554909,776.4636234247895,750.3281330289548,759.1053466796875,530029.0
2024-05-03,763.4694579527933,780.9748030845419,753.2212047025656,776.6597900390625,731424.0
2024-05-06,784.5052817843949,784.5052817843949,741.8451414795414,752.0443115234375,815497.0
2024-05-07,758.0756368347514,759.0563297672672,724.3397760135077,734.7841796875,872091.0
2024-05-08,736.3042077099601,743.7575095664382,726.0559550677673,730.1258544921875,393318.0
2024-05-09,735.5196101700266,739.4423814242667,702.4212277123754,716.7393188476562,214799.0
2024-05-10,724.4869117149818,750.2301014713518,721.1525317657437,733.9506225585938,305148.0
2024-05-13,735.5197156617859,749.2494170208059,720.8583440249115,744.5911254882812,260125.0
2024-05-14,744.6891429559358,754.0548082033945,729.9787491935344,744.4439697265625,349959.0
2024-05-15,746.3072142921709,754.9863215537935,737.6771296987732,740.3250122070312,152610.0
2024-05-16,737.4810019089651,753.6624334668081,731.6458676485769,749.8377075195312,270179.0
2024-05-17,752.6328109099452,774.7474247983461,749.5436041974809,772.3937377929688,699051.0
2024-05-21,775.5319068648046,786.4666562690886,760.0859942172711,769.4515991210938,387691.0
2024-05-22,760.0369510446576,782.592886365983,755.1334868443695,779.1604614257812,344761.0
2024-05-23,781.6122860969753,811.0330747831852,771.3150100568018,801.7164916992188,698627.0
2024-05-24,798.2840198374258,813.877060875228,796.3716567129038,807.7967529296875,543175.0
2024-05-27,810.0523392624486,811.6214239672325,792.3998669782791,805.6392211914062,225646.0
2024-05-28,805.246932252334,805.246932252334,777.0520108169336,780.4844360351562,283678.0
2024-05-29,779.650868153459,791.4191831444546,761.5570718834541,784.5053100585938,239009.0
2024-05-30,784.0639594640027,784.0639594640027,756.6045587573209,766.4605102539062,168336.0
2024-05-31,766.4605005053332,771.511092728057,751.1126930053168,761.164794921875,594583.0
2024-06-03,793.3805977618539,793.3805977618539,761.8512954284953,764.8914794921875,758635.0
2024-06-04,770.481389857714,778.6211288404729,678.051085348721,725.3204345703125,514488.0
2024-06-05,726.6934726851107,762.733938435688,707.2267416577698,754.49609375,564044.0
2024-06-06,755.1335630676946,784.5543512391632,755.1335630676946,776.4146118164062,662900.0
2024-06-07,774.7473647325526,784.5542934000532,768.6180343153646,784.4071655273438,234660.0
2024-06-10,784.5542996770654,799.2156701236291,769.8439065581204,776.9049072265625,540240.0
2024-06-11,784.5543022534422,784.5543022534422,762.9790589414725,765.6759643554688,363545.0
2024-06-12,774.7473359229937,778.6701072441227,763.1261498268449,775.1886596679688,403026.0
2024-06-13,800.2454434914277,803.8740193609614,764.9404974550412,767.0490112304688,900650.0
2024-06-14,772.7859632985497,791.4191273882356,765.479789618351,786.6137084960938,503805.0
2024-06-18,794.3611678958856,799.2646318952429,771.952361361518,794.2631225585938,1663594.0
2024-06-19,799.2647575332151,847.809058757625,799.2157348568632,836.4330444335938,2526599.0
2024-06-20,836.4330312473281,844.3766201070301,817.9469334412737,825.0079345703125,389249.0
2024-06-21,833.1966594639445,844.376582407155,815.0538409104806,821.4283447265625,520838.0
2024-06-24,821.3303093912994,840.3066931939408,810.0523409638367,832.0689086914062,281621.0
2024-06-25,834.4716498533563,837.4627513607089,815.5442281519101,820.4476928710938,1078900.0
2024-06-26,821.5754447923222,882.1332289951582,821.5754447923222,872.0321044921875,2090959.0
2024-06-27,870.364910662542,926.656704601892,868.8448487054093,916.6536254882812,2813051.0
2024-06-28,920.8705999298328,1044.4379008788835,920.8705999298328,961.2261352539062,5166229.0
2024-07-01,975.7894157260688,998.4924798436992,938.523086281254,954.2141723632812,1429903.0
2024-07-02,951.4192051842708,968.875526178031,929.2064878899052,934.257080078125,377222.0
2024-07-03,948.3300539651334,956.0284694470744,916.8007526336254,924.9405517578124,351385.0
2024-07-04,927.196146098756,930.3833981331462,906.6996398425954,909.3965454101562,314006.0
2024-07-05,909.3964654201152,949.0164803976604,902.4335701462912,946.0744018554688,498527.0
2024-07-08,1014.968058808334,1014.968058808334,951.2721034764166,962.4520263671876,776000.0
2024-07-09,965.0018188397412,992.2650696364256,952.3508564183516,977.6036987304688,741786.0
2024-07-10,978.388320751296,1002.5133427680938,976.770153482046,988.734619140625,732777.0
2024-07-11,989.0777791961772,989.0777791961772,942.6910185511716,949.9971923828124,524099.0
2024-07-12,950.4385189866656,950.9288654217088,911.1617216543224,918.4678955078124,490486.0
2024-07-15,918.9583167341748,995.4033441503732,908.41586752273,968.3362426757812,459178.0
2024-07-16,952.3018419602424,969.463967951492,934.2571282606328,961.8145751953124,447511.0
2024-07-18,961.0790213879242,984.0762813710552,955.3910146612626,964.9037475585938,1423067.0
2024-07-19,964.9038313778822,965.1490046189216,939.5038596634872,947.4474487304688,648174.0
2024-07-22,946.3196693937404,980.692945149895,938.9154496292084,967.5516357421876,208099.0
2024-07-23,967.5516165289254,1012.8106189915562,941.4652086486508,980.9871215820312,321889.0
2024-07-24,979.6631649517344,1018.9399028446076,978.731494743906,1001.4835815429688,750738.0
2024-07-25,990.4998477940776,997.3646982243336,972.0628328955964,979.4180297851562,316835.0
2024-07-26,979.4179897609696,989.0287679992318,973.6318778349354,977.4566040039062,171301.0
2024-07-29,994.4225574367008,1058.1675931698226,988.587422963628,1047.527099609375,1283001.0
2024-07-30,1056.6965359069716,1091.5111317535586,1047.625127130044,1081.262939453125,827240.0
2024-07-31,1074.2020428866697,1117.1073612084708,1074.2020428866697,1110.438720703125,1025229.0
2024-08-01,1107.9869746622044,1191.541968519931,1069.445692733321,1077.9287109375,4006661.0
2024-08-02,1077.9285475946124,1077.9285475946124,1030.7081639068044,1035.9058837890625,580705.0
2024-08-05,999.669201714363,1018.9398395621564,986.6259991850596,996.6781005859376,775218.0
2024-08-06,1003.2487632584324,1022.8135372958222,968.9735369411586,975.0048217773438,268393.0
2024-08-07,982.9193082720984,993.4391868387784,965.8614177980126,984.3449096679688,607371.0
2024-08-08,994.176634378041,1024.458109687823,981.1988421002374,1013.0042114257812,317550.0
2024-08-09,1019.542251083642,1022.4917465062564,994.2748949617196,1015.9536743164062,147180.0
2024-08-12,983.1652039060614,1029.8163448252906,979.232543090437,1017.82177734375,638502.0
2024-08-13,1015.0196810227238,1042.1550139876497,988.818306903848,995.8479614257812,575666.0
2024-08-14,997.3227660530904,1017.4284456444976,983.1651636928574,1009.5140380859376,1346223.0
2024-08-16,1009.710573861728,1070.6668110374117,1009.710573861728,1051.5933837890625,1240680.0
2024-08-19,1060.0978566019353,1081.4816992924914,1060.0978566019353,1079.5645751953125,840353.0
2024-08-20,1092.296458377773,1094.115289863466,1052.527476913693,1080.252685546875,286388.0
2024-08-21,1087.1841493542042,1088.511398399456,1055.5753634969772,1075.6319580078125,449397.0
2024-08-22,1080.252716888366,1091.2150323984115,1070.1752740231957,1079.662841796875,885144.0
2024-08-23,1090.1336451284974,1090.1336451284974,1058.770650573308,1066.68505859375,608995.0
2024-08-26,1066.685151824606,1110.8785043834782,1066.685151824606,1085.611083984375,834862.0
2024-08-27,1095.491728592179,1095.491728592179,1073.763803569533,1081.7274169921875,242583.0
2024-08-28,1090.821798135993,1115.794218419045,1075.6810299316796,1078.974609375,785486.0
2024-08-29,1079.4170406132916,1088.9046083000055,1044.121387776729,1062.7523193359375,346121.0
2024-08-30,1075.9267082065344,1075.9267082065344,1039.598805597991,1054.9361572265625,443925.0
2024-09-02,1061.8184106074552,1075.9268071527476,1044.416434661946,1068.208984375,342375.0
2024-09-03,1081.4817060617386,1086.2992394827063,1068.3072685484756,1076.71337890625,430544.0
2024-09-04,1063.2930584252797,1095.245924258679,1049.627039496556,1072.8297119140625,557096.0
2024-09-05,1076.4184851363868,1091.313463163707,1062.2117948157334,1088.0689697265625,289992.0
2024-09-06,1100.8009342857151,1100.8009342857151,1064.7679058956987,1071.5025634765625,430787.0
2024-09-09,1072.0433275830292,1089.3470106076763,1036.747673904147,1084.7752685546875,787547.0
2024-09-10,1089.2486534032785,1089.3469459115877,1044.1213506842114,1053.01904296875,387683.0
2024-09-11,1061.8184540993072,1068.700610746247,1042.1551493937643,1064.2763671875,301368.0
2024-09-12,1081.0883966286606,1093.2796687363302,1061.9166758189858,1089.4945068359375,396046.0
2024-09-13,1091.3133471503934,1091.3133471503934,1054.0513629158058,1074.4029541015625,332268.0
2024-09-16,1088.3145318763516,1093.1320647473974,1069.5361029449864,1085.6600341796875,279159.0
2024-09-17,1086.2992590590866,1090.330212396721,1057.885760630182,1067.225830078125,245008.0
2024-09-18,1076.0250837277647,1115.695894770792,1056.9025689742955,1063.0965576171875,451443.0
2024-09-19,1065.6527369688451,1067.078278439439,1021.1645136440902,1047.6607666015625,304224.0
2024-09-20,1052.9698343721311,1090.1826098377835,1028.882289141396,1070.91259765625,1348962.0
2024-09-23,1070.9127030186146,1074.943656369128,1051.8884802432367,1055.91943359375,263351.0
2024-09-24,1055.9193728197286,1069.683684942146,1047.2674714795266,1060.392822265625,288547.0
2024-09-25,1061.7691221040125,1061.8675346281168,1010.6937421854764,1016.9860229492188,314248.0
2024-09-26,1010.743038660372,1086.3975533028115,999.8298688624284,1061.5726318359375,1269390.0
2024-09-27,1057.0991203080944,1081.4816640119286,1024.851375426723,1049.5780029296875,787984.0
2024-09-30,1058.426536636348,1065.7018630530513,1018.5591400500892,1022.0985107421876,396214.0
2024-10-01,1022.4917860901476,1027.0635281752416,990.047335185364,996.9786376953124,468834.0
2024-10-03,977.2661151304006,981.641211852582,924.1751994190912,939.3651123046876,1700571.0
2024-10-04,946.6897117296464,1007.7442412709074,935.5798979417216,994.1765747070312,1463077.0
2024-10-07,990.6372076833728,1003.8607913067574,939.1193884474164,947.5745849609376,449744.0
2024-10-08,948.7543787279776,967.8769530779604,937.3496868831112,960.1099243164062,846742.0
2024-10-09,963.4527246818536,1005.040599558613,962.5187057646194,992.996826171875,1013927.0
2024-10-10,1034.2897197544344,1047.070866481438,994.9631144405776,1005.6304321289062,1653897.0
2024-10-11,1006.7118769491914,1061.8182666570417,1006.7118769491914,1039.107177734375,1462910.0
2024-10-14,1046.0385418166254,1079.8594479005144,1032.5200206360598,1045.6944580078125,341955.0
2024-10-15,1047.021607223528,1100.997394287859,1047.021607223528,1095.9832763671875,1328383.0
2024-10-16,1103.8486501559546,1109.3543508831365,1088.3637993521636,1103.307861328125,587748.0
2024-10-17,1106.6506262988778,1124.396804580351,1082.5630810497687,1089.740234375,539214.0
2024-10-18,1070.6669023400968,1070.6669023400968,1029.963839074524,1051.2493896484375,1002832.0
2024-10-21,1055.9193789014632,1100.1618109783403,1051.9867182724076,1086.25,1266626.0
2024-10-22,1085.2668502869717,1085.2668502869717,996.3396085530528,1007.5968017578124,2259818.0
2024-10-23,998.1093189909255,1036.256116594587,975.3490207002365,991.030517578125,1548596.0
2024-10-24,999.878981574023,1034.2405563860154,999.878981574023,1018.41162109375,697426.0
2024-10-25,1013.151713712048,1028.341567672798,965.468202683388,995.1106567382812,699929.0
2024-10-28,999.7314507958076,1004.8439215365336,982.1328307558414,984.8856811523438,472382.0
2024-10-29,983.1651433278428,1020.1813349771912,977.905233814094,1007.9408569335938,414668.0
2024-10-30,1008.235853455354,1051.986702288863,1007.596772109787,1043.4822998046875,331634.0
2024-10-31,1042.2042705978838,1076.5658447601445,1030.357082473636,1072.1416015625,464670.0
2024-11-01,1076.6150551261237,1079.023761759019,1050.0203895750635,1058.4755859375,48118.0
2024-11-04,1061.6217557130442,1081.2850583192107,1008.7766299589716,1020.2304077148438,435757.0
2024-11-05,1018.0675059636552,1031.6352329483254,994.7173338085256,1019.00146484375,560723.0
2024-11-06,1018.4115592473536,1042.253313259829,1012.7583598423338,1038.4189453125,162519.0
2024-11-07,1042.5482966578086,1056.9024831232186,1016.0028389421558,1018.70654296875,211506.0
2024-11-08,1028.3907535685548,1043.4332284672078,1006.7119738720072,1028.8331298828125,359739.0
2024-11-11,1024.9496987639443,1050.8560772188548,1012.7093402956096,1033.4541015625,238229.0
2024-11-12,1037.4357743746823,1040.9752647771302,1016.1503457900992,1021.2627563476562,191794.0
2024-11-13,1018.0675123089268,1018.0675123089268,988.1301215050748,999.6823120117188,220799.0
2024-11-14,984.1974397168412,1036.501836545717,984.1974397168412,1032.7166748046875,433088.0
2024-11-18,1033.3066615061034,1042.1551486170024,1014.1349394324886,1030.4063720703125,282451.0
2024-11-19,1033.454103660494,1057.3941518066636,1021.5578289774872,1047.5625,235557.0
2024-11-21,1055.8702286653618,1091.3133824715655,1049.0372784659105,1073.3214111328125,1287535.0
2024-11-22,1079.4662483576797,1095.2460987743234,1050.7086645254094,1064.1781005859375,359373.0
2024-11-25,1080.49856825877,1096.8682930457292,1058.3773509832265,1074.2554931640625,922071.0
2024-11-26,1066.7341394381267,1081.4816160202206,1064.7678092271808,1073.7637939453125,207408.0
2024-11-27,1083.1530399522333,1128.673636176982,1083.1530399522333,1112.9429931640625,1317672.0
2024-11-28,1120.8082474638609,1129.5092348555909,1078.1388568468303,1105.66748046875,983588.0
2024-11-29,1104.2418108625266,1104.2418108625266,1071.6498666044847,1096.2781982421875,519179.0
2024-12-02,1096.2291460101103,1130.639926378141,1075.5826777892923,1125.330810546875,410493.0
2024-12-03,1130.6398924573905,1157.873518382646,1122.0371976234755,1137.22705078125,1033539.0
2024-12-04,1143.1260566387818,1143.1260566387818,1106.109985247648,1109.403564453125,285838.0
2024-12-05,1109.9934268404195,1120.8082432223905,1092.394747088522,1100.505859375,360858.0
2024-12-06,1100.1126048404803,1109.4526738355585,1083.7920872310838,1101.7840576171875,211439.0
2024-12-09,1105.5199524795569,1146.862093082421,1102.6196634307205,1119.4317626953125,624043.0
2024-12-10,1120.8082309451293,1189.6297889856196,1120.8082309451293,1178.22509765625,1925322.0
2024-12-11,1182.4526923469723,1205.3112823637755,1164.8049256949496,1190.7113037109375,850418.0
2024-12-12,1194.496423583866,1197.4951252286846,1166.42713120446,1179.1099853515625,634155.0
2024-12-13,1177.7826800936286,1183.5342924123631,1153.2527568437715,1166.623779296875,310022.0
2024-12-16,1166.820418066617,1224.040580321311,1164.657382782989,1221.484375,951845.0
2024-12-17,1224.0406112828134,1238.7880885271843,1211.3086706012837,1230.7752685546875,603540.0
2024-12-18,1233.921480464968,1248.619751581808,1205.507983374736,1219.911376953125,525759.0
2024-12-19,1184.9597192616866,1219.0264134762465,1175.865442221097,1204.7213134765625,352663.0
2024-12-20,1204.7213815904322,1238.7880777310925,1189.973904474586,1228.46484375,1452337.0
2024-12-23,1217.2076613982158,1259.1887652776047,1188.5974595342836,1211.9476318359375,499836.0
2024-12-24,1209.293179948735,1218.8298342560392,1180.977974558457,1215.5362548828125,284990.0
2024-12-26,1215.5855125758185,1290.0110723705434,1193.8083787604944,1235.101318359375,1129000.0
2024-12-27,1241.5900841153864,1255.4526887099237,1201.3295192795522,1229.84130859375,827586.0
2024-12-30,1233.822947858515,1273.1987566394555,1201.1819157716252,1249.5535888671875,711413.0
2024-12-31,1253.535546896965,1253.928836953948,1222.074262582688,1233.6756591796875,273039.0
2025-01-01,1232.1025279672913,1267.2506823648728,1203.88573593954,1255.2069091796875,227346.0
2025-01-02,1261.8925007059947,1278.1147260754135,1248.4231858296198,1271.13427734375,362600.0
2025-01-03,1287.946392768928,1289.2736417660535,1268.4305878433863,1275.312744140625,312666.0
2025-01-06,1284.1120246732926,1295.8117143828404,1225.515403625349,1236.7235107421875,582553.0
2025-01-07,1214.2089823008582,1232.250039127941,1176.8487059223703,1196.8070068359375,1064624.0
2025-01-08,1174.8823236349454,1194.3981273508475,1132.3604320054797,1156.0546875,507458.0
2025-01-09,1152.9577467357872,1152.9577467357872,1128.7228213099722,1146.911376953125,305587.0
2025-01-10,1145.2399525710327,1163.5268011818562,1093.722072386938,1110.091796875,291345.0
2025-01-13,1081.6782646751328,1123.069614062997,1070.6668628520952,1083.3988037109375,819110.0
2025-01-14,1088.21642353304,1117.8588795668277,1082.2683458312374,1107.53564453125,423370.0
2025-01-15,1114.9092783669653,1199.4614811355357,1112.9429480700217,1173.3583984375,3496182.0
2025-01-16,1152.367907510094,1200.739707384162,1152.367907510094,1178.765869140625,1097801.0
2025-01-17,1165.689827130251,1181.2237650644968,1149.3201027754317,1163.7725830078125,368046.0
2025-01-20,1155.4156176940287,1213.1765693276936,1142.8311759855612,1196.0203857421875,551761.0
2025-01-21,1209.2930647383514,1212.3900587852477,1171.0479186065804,1181.616943359375,316825.0
2025-01-22,1179.7981725416316,1191.1045716951555,1095.0001788902018,1129.6075439453125,408202.0
2025-01-23,1110.9766930124808,1137.2271562483431,1110.9766930124808,1122.23388671875,376946.0
2025-01-24,1121.4474718522156,1135.5558692550535,1082.4649454976748,1108.4205322265625,297675.0
2025-01-27,1101.5873687002224,1103.062116457873,1027.8499808176975,1058.426513671875,714718.0
2025-01-28,1042.0567446814623,1042.0567446814623,929.091047307383,995.9954223632812,2328267.0
2025-01-29,981.002158947245,1023.474904748118,921.1274382763612,1011.037841796875,804573.0
2025-01-30,1014.6264546716936,1042.1550794108482,963.5018658704068,990.19482421875,811463.0
2025-01-31,984.3450089538588,1035.5187455453874,981.7887434326176,990.7847290039062,827595.0
2025-02-01,992.996824609775,1014.184082091472,979.4783034826618,1006.4170532226562,228332.0
2025-02-03,1006.3186607878451,1032.323390580667,963.5018312086224,974.5624389648438,378144.0
2025-02-04,976.9220877747864,984.8857015884178,951.703877352222,969.7449340820312,566369.0
2025-02-05,964.976562714111,1024.3105535452862,964.976562714111,1011.57861328125,1092624.0
2025-02-06,1015.5113487053084,1015.5113487053084,960.208306770463,992.701904296875,2082188.0
2025-02-07,997.3227558448272,1007.9900737586518,986.1146490903952,1001.5503540039062,644115.0
2025-02-10,1001.8453019512666,1012.1685361715691,968.9092689626824,975.15234375,505940.0
2025-02-11,975.6439286217704,995.4055844658856,952.7361922521002,972.7927856445312,283512.0
2025-02-12,965.7631319977028,967.385378527073,934.9900742576284,938.43115234375,652357.0
2025-02-13,943.838551089008,981.1988270696144,929.1893662409248,937.0546875,437231.0
2025-02-14,941.8722614976648,951.4581221966232,884.8978261623269,889.3712158203125,335512.0
2025-02-17,867.2499554748612,889.0762338230726,851.2735217751489,881.3092651367188,630021.0
2025-02-18,886.8150337799378,896.6466860391389,862.3834019188804,869.7571411132812,946760.0
2025-02-19,868.6264304276118,929.0910885728276,855.3537005908572,916.9981689453124,931472.0
2025-02-20,916.9981557340974,962.518690590957,916.9981557340974,939.1685180664062,864634.0
2025-02-21,942.8553500074642,968.4176431254976,930.6149322628784,964.7307739257812,481971.0
2025-02-24,964.4359203242346,1032.3234657616,950.1800248446696,992.406982421875,3041066.0
2025-02-25,992.9968214700816,1049.2830274395492,992.9968214700816,1021.0170288085938,1939581.0
2025-02-27,1017.2809817312366,1028.7840865498458,985.3281728237685,993.1443481445312,622537.0
2025-02-28,974.3166806950316,994.864856692564,961.093097194666,981.4937744140624,2050567.0
2025-03-03,977.6594851947126,988.1301584235264,955.4890622390104,962.1254272460938,1493319.0
2025-03-04,953.6701950809158,984.4432522608652,953.6701950809158,966.50048828125,1119762.0
2025-03-05,966.05805948435,986.1637989510898,960.5523586069562,966.9429321289062,778300.0
2025-03-06,971.2196808899898,975.496485347562,944.8217203039092,949.9833374023438,349340.0
2025-03-07,949.6884133679276,963.305227046868,948.311958119038,956.5214233398438,521682.0
2025-03-10,955.6366045694978,967.4345873419608,875.0170556243344,880.326171875,2325435.0
2025-03-11,874.3287287800584,881.3092371331722,846.9476042047177,850.5853271484375,1640437.0
2025-03-12,853.3873562931585,856.1402067312861,818.0917031530932,832.101806640625,880718.0
2025-03-13,834.4614095448161,870.0519994851034,811.1112375546077,850.2903442382812,1427481.0
2025-03-17,850.2903949091007,855.5995109652597,836.6735809611445,840.2129516601562,476976.0
2025-03-18,840.2129516601562,840.2129516601562,840.2129516601562,840.2129516601562,0.0
2025-03-19,899.399438734915,927.9603734363758,872.3623979661653,908.2479248046876,2776070.0
2025-03-20,908.247943070378,914.3435789314486,898.1213541439553,911.0007934570312,554710.0
2025-03-21,911.0008257306228,965.4682003437002,898.8096135842273,926.8789672851562,4892340.0
2025-03-24,934.0068901909722,980.8055272122224,926.9280891269444,962.2728881835938,1536573.0
2025-03-25,961.5847195246156,971.8588079480533,950.6224634618052,961.3389282226562,757033.0
2025-03-26,956.5705300946842,966.6971189836026,925.4041833138224,943.4944458007812,397546.0
2025-03-27,934.0068730836978,970.383982877484,926.1415520472036,955.046630859375,1816532.0
2025-03-28,960.2574005347532,966.4513288913288,909.329458480766,926.7806396484376,969709.0
2025-04-01,933.0236933089144,938.676892715159,868.1839420305452,873.1981201171875,529235.0
2025-04-02,874.9678031586909,882.488980258612,857.8607062120612,875.5576782226562,310152.0
2025-04-03,875.0170276380566,904.4628373674047,871.4776569225772,897.1382446289062,355479.0
2025-04-04,897.1382363508974,916.1133125264348,823.8432833990454,835.0513305664062,962981.0
2025-04-07,793.0209944520674,882.8331678678529,777.1920593711565,871.6250610351562,919861.0
2025-04-08,868.1348571649922,874.8203684122999,828.8573960765542,833.4291381835938,880189.0
2025-04-09,833.7731948779508,838.3940830923593,790.7597194920925,794.9381713867188,554023.0
2025-04-11,812.0452367370796,866.0701716748845,798.3300714150596,855.55029296875,1958890.0
2025-04-15,884.8487102544068,934.0069719352072,879.9328840863267,922.897216796875,2860927.0
2025-04-16,918.2271149965352,941.8722251396936,901.857391047158,927.8621215820312,866333.0
2025-04-17,938.8735513280903,973.9233521495116,934.0560181960758,940.6923828125,2754876.0
2025-04-21,951.7038848613112,968.9092753417584,932.0405814550858,938.1853637695312,2264748.0
2025-04-22,958.586028144677,1006.7611208411788,936.9563946891049,996.8311767578124,3326459.0
2025-04-23,1002.828485768312,1050.9052871773197,1002.779339510734,1041.9093017578125,3333648.0
2025-04-24,1040.1887247191871,1050.0203761815617,991.0304674073165,1001.10791015625,1961884.0
2025-04-25,1007.4492437392332,1007.4492437392332,949.540854562005,955.341552734375,1165532.0
2025-04-28,955.636492757108,980.2156206572392,931.0573648569764,967.336181640625,937547.0
2025-04-29,973.370291645668,985.933111346747,966.05020635898,972.4305419921876,731964.0
2025-04-30,964.5169000330344,1008.931886855694,964.5169000330344,975.3980712890624,2937845.0
2025-05-02,974.9035534137088,977.5743986549428,932.9121087831156,938.5010986328124,428256.0
2025-05-05,932.0218352336594,938.1053632327744,912.0400349736074,927.1747436523438,530064.0
2025-05-06,930.24124974544,937.0666755112366,892.4044495763491,896.5095825195312,524503.0
2025-05-07,892.2560574518152,931.6755498086442,880.6329879672711,922.0803833007812,1357495.0
2025-05-08,917.2333222043302,932.120731535664,898.1912715681119,903.1867065429688,717894.0
2025-05-09,873.0656749244863,912.0400799308632,873.0656749244863,905.9070434570312,853218.0
2025-05-12,929.8455670965436,979.3054376867854,929.8455670965436,951.60791015625,1014955.0
2025-05-13,955.5647094667072,979.3054475901037,951.4595160158756,955.1690063476562,552909.0
2025-05-14,965.4566817467518,979.3054456242668,939.4902494764112,977.52490234375,697367.0
2025-05-15,984.2514622681329,1012.9381883040884,964.4675132778184,1005.6181030273438,1071460.0
2025-05-16,1011.404902476323,1021.2968161862904,982.7676254228096,989.741455078125,560528.0
2025-05-19,999.0894241986688,1025.4515603835462,982.8171140759124,1010.2178955078124,729845.0
2025-05-20,1013.1854784329972,1018.8733637158772,970.4026891313356,983.657958984375,602579.0
2025-05-21,1003.9364700675536,1007.4481087786804,983.9546704196952,1001.265625,406917.0
2025-05-22,999.0399619114132,1007.49758790853,972.232675187815,981.3827514648438,342383.0
2025-05-23,984.2514292676362,1008.8329609135908,972.6778074211848,1006.4589233398438,473437.0
2025-05-26,1018.0325516835312,1026.4901171963131,998.5453503819144,1005.7664794921876,410602.0
2025-05-27,1011.9489897753264,1011.9489897753264,990.6812446334204,998.39697265625,279324.0
2025-05-28,998.8915636496416,1017.88416658826,998.396964929239,1013.8778686523438,671847.0
2025-05-29,1018.873346623462,1020.6539502871486,996.1218058736176,1013.9768676757812,319865.0
2025-05-30,1004.0848383958952,1017.8841546078712,982.2730471580333,986.6749877929688,1273280.0
2025-06-02,994.1433929847468,1028.7653021931708,991.81880323108,1008.4867553710938,737518.0
2025-06-03,1018.7249931343888,1035.4919627480458,1001.067842396596,1003.1946411132812,473711.0
2025-06-04,1005.222397905306,1021.840901950932,994.6874215712644,1013.1854248046876,419409.0
2025-06-05,1015.9056739736092,1077.6809999082564,998.149569544185,1062.39794921875,1555439.0
2025-06-06,1095.4372722628127,1112.8471231050614,1042.7130002630454,1053.2974853515625,2406203.0
2025-06-09,1065.563534421853,1075.6039135337817,1035.8876084269818,1054.0888671875,1548191.0
2025-06-10,1062.892623060268,1066.107514660962,987.2190207670056,1050.824462890625,479653.0
2025-06-11,1061.4582946046603,1101.7680877521263,1048.9943110424197,1075.3564453125,1488940.0
2025-06-12,1078.2252135129822,1098.0091623847802,1058.4907728140204,1069.7181396484375,1560231.0
2025-06-13,1048.648188667515,1137.577063239807,1044.988206416878,1128.1796875,2538226.0
2025-06-16,1127.684992208311,1178.7275519158347,1108.79134675234,1156.9652099609375,2302686.0
2025-06-17,1159.3393339702034,1165.8680125538383,1127.8334214422443,1133.8179931640625,894802.0
2025-06-18,1135.2028896924674,1166.0659204145306,1101.0261926477444,1106.565673828125,791793.0
2025-06-19,1110.2257659903903,1147.4690752111503,1088.216122090866,1102.3616943359375,839416.0
2025-06-20,1095.7833989366225,1137.4285845314837,1092.4696118601942,1124.9647216796875,659293.0
2025-06-23,1108.494631543773,1151.0796298066202,1106.417341061799,1144.946533203125,454188.0
2025-06-24,1152.8600830032394,1175.9579393247832,1128.6742544233934,1135.25244140625,444866.0
2025-06-25,1138.813616584329,1187.036994485294,1127.8335485356697,1177.14501953125,879204.0
2025-06-26,1189.0153102174693,1189.9549994748056,1134.7083471894882,1152.2666015625,1806780.0
2025-06-27,1167.2529737603436,1195.642891855384,1157.3609994064425,1182.7833251953125,3387240.0
2025-06-30,1193.466682469211,1193.466682469211,1165.2745561116706,1181.5963134765625,2857456.0
2025-07-01,1185.0585790039477,1195.3462569286016,1157.361049611535,1162.8016357421875,1117721.0
2025-07-02,1167.1540597813384,1176.2546277429133,1142.6219154694545,1164.483154296875,561379.0
2025-07-03,1165.175622994988,1222.15336817436,1162.2080308423992,1213.3494873046875,931488.0
2025-07-04,1213.3495727696654,1240.3547115610413,1179.4201725528244,1231.946533203125,1368232.0
2025-07-07,1230.5615787734437,1260.039709909668,1221.757697668869,1239.46435546875,1067244.0
2025-07-08,1227.5939953890552,1236.002173439665,1161.1199772190057,1207.216552734375,1215703.0
2025-07-09,1197.9180519474282,1205.8316311510446,1175.1665117370312,1181.6951904296875,605122.0
2025-07-10,1181.6952277091134,1193.3678057033414,1172.5946596385097,1181.4974365234375,735700.0
2025-07-11,1180.1126091476262,1201.479250846072,1170.7152329641372,1181.101806640625,455960.0
2025-07-14,1178.2329543140536,1192.9720191655124,1163.6918013860716,1175.3642578125,584814.0
2025-07-15,1184.5638800454556,1194.5547495806893,1167.2529256397806,1184.3660888671875,379530.0
2025-07-16,1187.3337473624706,1190.1034277710814,1169.132490134797,1184.662841796875,601079.0
2025-07-17,1191.9829216987175,1196.6321013914087,1176.4525701067018,1192.576416015625,484846.0
2025-07-18,1200.8857130614429,1213.7452800052638,1171.2097893449327,1189.213134765625,1678716.0
2025-07-21,1188.9163751954516,1215.525809315921,1173.6827111365674,1208.0078125,441201.0
2025-07-22,1163.1972483176676,1163.1972483176676,1117.7930634485028,1131.74072265625,28185822.0
2025-07-23,1127.6850065104163,1134.0158938551876,1109.9783493631282,1112.8470458984375,1356863.0
2025-07-24,1109.879408366018,1128.377350204801,1103.4496256972309,1106.51611328125,2553892.0
2025-07-25,1107.604363410255,1107.604363410255,1057.4520997758025,1066.2559814453125,1051171.0
2025-07-28,1060.419566101712,1069.3223423096554,1053.495184606645,1062.991455078125,1105938.0
2025-07-29,1058.4412036466365,1075.2575592185922,1047.5600323941942,1070.707275390625,690591.0
2025-07-30,1054.5833593183436,1073.279214954984,1046.4719886672658,1048.7470703125,995837.0
2025-07-31,1038.7561139678269,1050.428691008403,1020.8516660679304,1041.3280029296875,1243584.0
2025-08-01,1041.6249698448637,1056.462932378266,1034.8983785290616,1041.13037109375,457383.0
2025-08-04,1038.6572254021355,1050.7253848632988,1028.6663562414508,1040.6356201171875,572079.0
2025-08-05,1048.5492279608577,1061.3098983759912,1041.4270550904564,1054.28662109375,497259.0
2025-08-06,1058.3423735486283,1063.8818551059649,1039.349710099936,1045.3839111328125,406828.0
2025-08-07,1044.5925109968116,1056.265089249895,1034.700536460857,1053.8909912109375,695308.0
2025-08-08,1054.484488947065,1058.4412787742583,1028.7653550703076,1031.53515625,563345.0
2025-08-11,1034.8983310018002,1037.8659233721955,1015.9057881319286,1031.53515625,355749.0
2025-08-12,1031.5351472793575,1032.5243447275534,1003.2440640354616,1007.5964965820312,1242101.0
2025-08-13,1007.794330060848,1026.7869328005304,1004.6288862082642,1016.8949584960938,326152.0
2025-08-14,1016.9938170879748,1034.898265777268,1011.5532314184773,1027.281494140625,583115.0
2025-08-18,1035.2939910147506,1061.9034256446698,1027.1826205075004,1050.824462890625,418393.0
2025-08-19,1052.7038427088537,1070.7073081464675,1046.9665701421186,1067.2451171875,487563.0
2025-08-20,1063.288312561661,1096.3275299699087,1058.4412211369684,1090.98583984375,1046821.0
2025-08-21,1092.964241487856,1092.964241487856,1061.804523100552,1069.9158935546875,532904.0
2025-08-22,1063.2883217350095,1076.642486789799,1058.6390214501375,1065.9591064453125,742717.0
2025-08-25,1069.915928642744,1087.6225869970256,1058.441262470957,1080.89599609375,853932.0
2025-08-26,1080.8959942930585,1098.8994601504724,1069.4213281403877,1075.6533203125,2422947.0
2025-08-28,1068.5309613818297,1071.7953610358916,1016.9938020434898,1032.6231689453125,873607.0
2025-08-29,1025.7977230367103,1033.7113023851132,1002.3537321419034,1007.1018676757812,644147.0
2025-09-01,1007.101854385928,1028.7653017166344,1002.3537189147072,1019.6647338867188,263961.0
2025-09-02,1022.8301826694948,1035.6897497630184,1009.3771212450604,1013.7296142578124,714095.0
2025-09-03,1009.6737251674332,1033.612312589743,1002.3536407869884,1028.9630126953125,883948.0
2025-09-04,1031.732892664411,1038.657274494374,1013.2349495050232,1021.6431274414062,586066.0
2025-09-05,1023.8193461685204,1040.6357025790178,1017.7852659597876,1026.3912353515625,311880.0
2025-09-08,1030.6448802247355,1043.00984874468,1022.4344928268343,1028.765380859375,643249.0
2025-09-09,1028.86417060134,1038.6572488118932,1026.786880254043,1032.6231689453125,819360.0
2025-09-10,1032.6231310639896,1070.707228789994,1032.3263235602783,1066.354736328125,1184367.0
2025-09-11,1061.4088047213302,1063.3871995111183,1043.10865291579,1045.6805419921875,430699.0
2025-09-12,1054.484471327526,1059.4304585288746,1036.8767085900686,1057.2542724609375,343905.0
2025-09-15,1047.6589417387702,1071.2018881492918,1047.56004614914,1067.343994140625,353507.0
2025-09-16,1067.3439683268311,1085.2484166757777,1066.651578464529,1079.313232421875,461518.0
2025-09-17,1078.9175406479878,1095.6350006223104,1077.7305520853993,1091.084716796875,414858.0
2025-09-18,1091.0847598406938,1093.063154690813,1082.3797741995145,1090.1944580078125,196378.0
2025-09-19,1090.392378596613,1092.073965931903,1063.3872403775324,1069.1246337890625,857322.0
2025-09-22,1059.430545375605,1075.2577057173507,1030.9416084598024,1039.0531005859375,798208.0
2025-09-23,1036.6789250197814,1041.9217197923892,1004.4311123803724,1008.585693359375,1808589.0
2025-09-24,1010.9598052725812,1021.8409773449868,994.2423440291932,1015.4111938476562,1158063.0
2025-09-25,1013.9274126503352,1018.081993747854,1001.0678454655016,1011.0587158203124,892451.0
2025-09-26,1005.0246436909736,1013.1360147586872,986.032039924011,990.97802734375,943039.0
2025-09-29,991.1758184003768,1029.457710391233,991.1758184003768,1017.5873413085938,1111488.0
2025-09-30,1026.7869354486463,1026.7869354486463,1000.9689065978092,1012.9381713867188,507273.0
2025-10-01,1017.7852245293632,1028.9630826491696,1002.0569617882824,1025.3031005859375,593561.0
2025-10-03,1033.6123684356278,1040.3388381811642,1022.038686617112,1037.8658447265625,458130.0
2025-10-06,1042.6140575497625,1053.693020107322,1035.4918845844222,1050.92333984375,266966.0
2025-10-07,1048.5492981299635,1066.3548522491517,1043.2076077438787,1057.8477783203125,650935.0
2025-10-08,1055.3747924214515,1093.854597700046,1053.1984855621836,1073.5760498046875,1594145.0
2025-10-09,1081.984148518982,1081.984148518982,1064.870985449836,1072.6856689453125,283733.0
2025-10-10,1074.8619629796185,1088.018337829907,1066.1570975631814,1083.2701416015625,257260.0
2025-10-13,1073.2792131685203,1092.073964366863,1071.300818305537,1089.5020751953125,651135.0
2025-10-14,1094.1512437904987,1119.3757780392025,1089.6009598018445,1114.5286865234375,1375997.0
2025-10-15,1118.7823168890122,1159.3394123730525,1105.2303601132946,1147.86474609375,2005553.0
2025-10-16,1161.3177876168331,1167.0551810351872,1145.4906286714588,1159.1416015625,915145.0
2025-10-17,1159.8339158979682,1169.4290820827823,1130.7514890803495,1152.3160400390625,778522.0
2025-10-20,1152.4149732287117,1181.8931041063752,1131.246124677445,1170.517333984375,2812550.0
2025-10-21,1187.13588859422,1187.13588859422,1157.3610681702548,1162.7027587890625,136457.0
2025-10-23,1147.4690607316618,1175.562292920593,1147.4690607316618,1166.1649169921875,652187.0
2025-10-24,1172.2978631076392,1179.3211407879849,1157.5587970873055,1172.891357421875,494044.0
2025-10-27,1172.990905302997,1182.9331909171406,1161.0601625660242,1166.2301025390625,607697.0
2025-10-28,1166.6278508445666,1176.570136736602,1159.3699335970632,1165.037109375,500694.0
2025-10-29,1139.9824381647857,1139.9824381647857,1097.8271231124816,1120.197265625,1726758.0
2025-10-30,1128.350051645214,1131.2333388308575,1110.752132773675,1113.1383056640625,310232.0
2025-10-31,1115.02734281371,1117.4135156582042,1067.8014856726925,1074.4627685546875,587485.0
2025-11-03,1082.41658585588,1098.5231613641722,1078.0420772799453,1087.288330078125,343479.0
2025-11-04,1092.6571196315108,1093.0548353039874,1065.7135516007422,1072.8719482421875,458901.0
2025-11-06,1075.3575992479018,1077.8431706780077,1056.566654963142,1062.034912109375,396590.0
2025-11-07,1053.882284826454,1070.088259073404,1046.326171963121,1059.84765625,922625.0
2025-11-10,1063.3274080119068,1072.7725790040647,1050.501835759924,1068.39794921875,308692.0
2025-11-11,1066.9066692984131,1082.8143266436234,1045.033640448749,1063.8245849609375,466556.0
2025-11-12,1074.5622185417226,1090.569273225751,1066.6083904884626,1082.71484375,341552.0
2025-11-13,1082.7148739463198,1088.6802451526355,1069.5911058387403,1079.33447265625,457966.0
2025-11-14,1080.7264105771965,1083.510299003563,1052.8880117766798,1059.2510986328125,601566.0
2025-11-17,1056.0695661976065,1073.7668837539434,1054.0811090054694,1065.6142578125,441511.0
2025-11-18,1073.5679801543258,1075.1587214771805,1049.905293367347,1071.7783203125,488323.0
2025-11-19,1073.7667702170238,1119.3024836484665,1060.7424012588442,1112.740478515625,1078355.0
2025-11-20,1122.3846543047646,1138.2923113873278,1111.149822943887,1135.5084228515625,1134821.0
2025-11-21,1135.508365096989,1150.6207113762507,1114.5301676595168,1133.1221923828125,2783024.0
2025-11-24,1140.9766136007063,1147.6380174359972,1115.922103699459,1123.2794189453125,2106550.0
2025-11-25,1114.6296379081505,1137.3974966866629,1103.8920420526129,1113.5360107421875,902708.0
2025-11-26,1115.4249959528447,1151.7143367731571,1115.4249959528447,1143.36279296875,1023674.0
2025-11-27,1143.3627745391836,1167.1248599527632,1134.41471804279,1159.866943359375,490617.0
2025-11-28,1159.171134081352,1179.1551044107705,1137.397503748669,1176.3712158203125,1176162.0
2025-12-01,1178.0614053663317,1191.6822876335675,1174.3826869986742,1182.43603515625,560894.0
2025-12-02,1182.137694238909,1182.137694238909,1150.8194962838834,1156.1883544921875,492146.0
2025-12-03,1155.293555769739,1161.258926969927,1133.4205280357164,1141.4737548828125,323061.0
2025-12-04,1145.25186552829,1180.9446939520328,1117.4134667478893,1121.390380859375,312892.0
2025-12-05,1118.606475505526,1149.9246736594932,1107.6699618644582,1140.081787109375,476537.0
2025-12-08,1134.414772585876,1172.1954573871585,1111.7463131587908,1121.6885986328125,908990.0
2025-12-09,1123.6770584605024,1135.906118169607,1104.58791885027,1111.4481201171875,1731802.0
2025-12-10,1108.5648426003677,1112.9394725304242,1086.2940986193637,1096.435302734375,413626.0
2025-12-11,1095.6398983972656,1136.4032702977083,1095.5404998121303,1129.244873046875,471538.0
2025-12-12,1128.6481883166978,1140.3801336168744,1121.1914742782265,1135.6077880859375,258119.0
2025-12-15,1135.6078123897105,1151.3166721799323,1123.7765896214266,1138.0933837890625,1417718.0
2025-12-16,1139.3858978096812,1143.164014778053,1120.1972385934475,1126.858642578125,276111.0
2025-12-17,1132.625077299064,1146.4448779497236,1113.63533690961,1119.6007080078125,1050366.0
2025-12-18,1130.6366793712032,1146.0472221804905,1116.3198850797248,1136.60205078125,356957.0
2025-12-19,1135.4089884863336,1143.462215357431,1117.811191939647,1132.326904296875,1662158.0
2025-12-22,1127.8528333880752,1163.34674225132,1113.5359187312313,1158.7733154296875,332048.0
2025-12-23,1163.1479373531404,1179.7515046273552,1151.3165940222425,1174.8797607421875,473322.0
2025-12-24,1183.1319190187996,1209.9760886099823,1173.487951082355,1189.0972900390625,1291909.0
2025-12-26,1184.6232804558642,1200.1332210799892,1165.8323371725385,1172.5931396484375,223587.0
2025-12-29,1172.9908472017262,1181.1434724551868,1158.47501383145,1163.8438720703125,223221.0
2025-12-30,1157.6796895980676,1210.8709143446174,1157.5802910212308,1184.72265625,939031.0
2025-12-31,1191.0857862969406,1191.0857862969406,1163.4461844459051,1183.1319580078125,357058.0
2026-01-01,1191.085788208775,1191.085788208775,1164.5399347975158,1172.891357421875,132449.0
2026-01-02,1172.8914185545575,1206.6951905995093,1164.4404755433195,1193.1737060546875,343492.0
2026-01-05,1201.0281354253543,1213.953107081422,1184.822160879506,1192.080078125,458955.0
2026-01-06,1198.0454059398364,1202.9171501209655,1168.7156636367451,1180.1492919921875,388064.0
2026-01-07,1173.2890840400164,1193.471972090406,1161.7560571679894,1184.921630859375,1265898.0
2026-01-08,1183.131996610637,1190.1909951743994,1163.5457423559208,1176.072998046875,1029259.0
2026-01-09,1173.189617272291,1177.564246897988,1123.4781928116006,1134.3153076171875,1067665.0
2026-01-12,1134.3153426774516,1148.2345419566698,1111.0503710376008,1123.975341796875,2217034.0
2026-01-13,1125.4666682988525,1146.9419797458856,1114.033040484862,1130.239013671875,732421.0
2026-01-14,1128.8471018617397,1157.5803307696603,1123.577642084828,1142.5673828125,665428.0
2026-01-16,1183.1319643628465,1229.065274432971,1180.1492787384022,1190.7874755859375,4335885.0
2026-01-19,1187.0094897875376,1220.9126590599365,1154.4981433921191,1163.3468017578125,4730830.0
2026-01-20,1155.2935962902554,1157.1826548430624,1117.0157964131688,1123.08056640625,1700344.0
2026-01-21,1117.7116219456616,1127.355711135681,1081.8199976645035,1088.978515625,841203.0
2026-01-22,1096.6340364633045,1110.652634052462,1090.768064034995,1099.9150390625,1863695.0
2026-01-23,1103.4943203095115,1127.554603292233,1093.850230306909,1105.8804931640625,1476232.0
2026-01-27,1101.6052844160583,1118.5071705487958,1093.9497727728426,1107.2723388671875,2585701.0
2026-01-28,1104.5879371531198,1145.351308371192,1097.72773577253,1133.3211669921875,1596026.0
2026-01-29,1133.2217873786255,1136.6020674679785,1115.524470056018,1129.244873046875,927491.0
2026-01-30,1128.648248678899,1151.2173105285135,1118.904881300343,1127.7535400390625,959196.0
2026-02-02,1085.6975918786584,1118.507134490376,1061.239593477627,1104.0908203125,1295821.0
2026-02-03,1143.362808219443,1181.6406065815722,1143.362808219443,1160.8612060546875,1208601.0
2026-02-04,1136.4032181089078,1163.5457057229162,1130.2390497240983,1159.369873046875,991518.0
2026-02-05,1160.0658838622558,1165.1364250331433,1124.6712515131585,1134.2159423828125,879272.0
2026-02-06,1125.4667036490357,1128.4493892594128,1095.6398475452625,1107.47119140625,561036.0
2026-02-09,1108.4653755767663,1133.4204865782715,1108.4653755767663,1131.7303466796875,357498.0
2026-02-10,1131.4320834253535,1163.5457139528985,1117.5128838050064,1155.6912841796875,1057832.0
2026-02-11,1156.3872312390654,1156.4866298234008,1120.1972868381065,1131.829833984375,766800.0
2026-02-12,1128.4493934618145,1140.1813387859706,1104.1901928005789,1137.795166015625,568928.0
2026-02-13,1129.7419239375345,1139.5846892636089,1109.1613206062273,1120.2967529296875,471438.0
2026-02-16,1102.5995068777945,1129.2448816498336,1087.5866794342223,1113.1383056640625,761308.0
2026-02-17,1106.1786326993797,1124.8701775166662,1106.1786326993797,1118.109375,884322.0
2026-02-18,1117.5128532290696,1135.4089665370084,1113.834256262085,1120.6943359375,311999.0
2026-02-19,1116.1208775904909,1123.1798755899442,1083.1125402986845,1098.1253662109375,648460.0
2026-02-20,1098.1254404474655,1104.7867232284448,1077.5449578781072,1094.2479248046875,405322.0
2026-02-23,1103.5936322822836,1123.478202233316,1093.750745883366,1120.3961181640625,793296.0
2026-02-24,1113.5360054239827,1122.4840626104256,1092.657205322283,1106.97412109375,432011.0
2026-02-25,1113.535998660872,1130.736201472219,1098.1254558222618,1125.2679443359375,682336.0
2026-02-26,1128.0516527843977,1136.303798034024,1112.6411107480924,1121.7880859375,628620.0
2026-02-27,1123.4782485099863,1123.4782485099863,1086.6917925853234,1097.2305908203125,1253674.0
2026-03-02,1048.9110616585162,1088.481404284459,1042.1502593498542,1068.497314453125,1837718.0
2026-03-04,1050.2036771389285,1065.0175855996704,1033.3017916082322,1060.245361328125,1197644.0
2026-03-05,1059.1517680438717,1077.8431927617587,1059.1517680438717,1074.7611083984375,315551.0
2026-03-06,1067.801471817953,1078.1414730994045,1055.17481767145,1058.0579833984375,276113.0
2026-03-09,1043.0451766510898,1051.8938352662803,1016.499322171311,1029.1259765625,1439537.0
2026-03-10,1033.898284881123,1054.1805714068073,1026.839286507568,1049.70654296875,326555.0
2026-03-11,1048.9111044853648,1058.853389835937,1033.9976764595067,1042.0509033203125,745098.0
2026-03-12,1033.9976505501647,1043.0451057193216,1011.4286512333084,1037.3780517578125,934229.0
2026-03-13,1035.886711379531,1035.886711379531,1015.6044254526932,1021.4703979492188,582449.0
2026-03-16,1019.0842545888544,1032.904055582778,1004.4690828986596,1016.9963989257812,331156.0
2026-03-17,1016.9963672998524,1039.8636230331736,1014.2124789251344,1037.3780517578125,433488.0
2026-03-18,1043.9399589356308,1082.2177574299374,1035.4890164109138,1063.625732421875,566638.0
2026-03-19,1052.9873767448898,1058.853349149485,1030.0207227407195,1034.4947509765625,563719.0
2026-03-20,1028.628866788528,1048.9111541369414,1028.628866788528,1034.59423828125,413078.0
2026-03-23,1034.5941965636025,1034.5941965636025,968.2792013564948,979.7128295898438,550431.0
2026-03-24,990.2516142728614,1004.1708136702712,978.6191283541616,983.5902709960938,2023338.0
2026-03-25,994.029692720275,1012.9200351810472,986.3741207443304,996.31640625,871077.0
2026-03-27,992.2400552476182,993.1348851818202,964.2027990649648,971.7589721679688,602539.0
2026-03-30,963.5068410380096,963.5068410380096,926.7203855468184,944.119384765625,1347427.0
2026-04-01,960.4744705535612,977.0284000456938,944.5171145961732,947.5494995117188,610228.0
2026-04-02,930.5979428501514,934.8234142786912,909.7191428503082,928.4603271484376,636396.0
2026-04-06,925.6267965379024,934.8234107892188,913.2486387333352,924.0857543945312,2743646.0
2026-04-07,919.8105889775836,929.305459717216,900.8207868154224,923.8869018554688,703930.0
2026-04-08,956.4478292005576,980.160154954878,953.0177286952244,966.0918579101562,3000755.0
2026-04-09,966.1415798878118,1010.0864933169464,959.0328215820348,992.3394775390624,3056871.0
2026-04-10,992.2400698006144,1016.101554445118,986.920971455101,1006.8055419921876,1139241.0
2026-04-13,985.2804781576972,1009.7882358179256,970.764765820257,1003.6737060546876,604509.0
2026-04-15,1021.0230062990872,1059.6488842775932,1014.3617232640584,1049.9053955078125,1795093.0
2026-04-16,1064.818807481461,1078.7380075792576,1050.800208798981,1070.2373046875,796315.0
2026-04-17,1077.743690292949,1117.5128301561574,1072.6233892624043,1106.8746337890625,2641982.0
2026-04-20,1101.3069196574077,1121.1418521100534,1090.4201655479226,1102.8480224609375,671866.0
2026-04-21,1109.5589972380951,1125.4666531124765,1090.1715416411928,1101.953125,1199787.0
2026-04-22,1107.570653182038,1117.3141419448589,1035.9861944485492,1048.811767578125,5903548.0
2026-04-23,1042.945759134073,1050.8995876117397,1027.833533572822,1046.177001953125,1335631.0
2026-04-24,1050.8001780352567,1056.3180736644342,1024.254202949298,1033.5999755859375,896365.0
2026-04-27,1034.9000244140625,1046.449951171875,1025.0,1042.050048828125,592351.0
2026-04-28,1041.0,1049.5,1030.050048828125,1038.949951171875,645825.0
2026-04-29,1045.0,1055.5,1034.1500244140625,1046.800048828125,687054.0
2026-04-30,1038.199951171875,1041.3499755859375,1009.0,1034.6500244140625,1026753.0
2026-05-01,1034.6500244140625,1034.6500244140625,1034.6500244140625,1034.6500244140625,0.0
2026-05-04,1041.0,1072.4000244140625,1033.4000244140625,1066.5,2455293.0
2026-05-05,1065.5999755859375,1085.5999755859375,1050.5,1070.699951171875,1750453.0
2026-05-06,1079.800048828125,1097.5999755859375,1075.0,1084.0999755859375,2173450.0
2026-05-07,1084.0999755859375,1118.0,1083.0,1111.699951171875,809803.0
2026-05-08,1112.9000244140625,1134.9000244140625,1105.699951171875,1118.5,732727.0
2026-05-11,1115.0,1134.4000244140625,1111.0,1115.300048828125,935561.0
2026-05-12,1105.0999755859375,1115.300048828125,1075.0,1078.0999755859375,925297.0
2026-05-13,1070.0,1100.0,1070.0,1077.5,568085.0
2026-05-14,1080.0999755859375,1106.699951171875,1062.0,1102.0999755859375,403296.0
2026-05-15,1116.0999755859375,1123.5,1090.0,1093.800048828125,684883.0
2026-05-18,1085.0,1111.800048828125,1066.800048828125,1104.9000244140625,661233.0
2026-05-19,1104.0,1121.5,1092.0,1098.4000244140625,442746.0
2026-05-20,1090.0999755859375,1111.0,1076.0,1107.4000244140625,310456.0
2026-05-21,1118.800048828125,1131.0,1105.199951171875,1111.800048828125,833753.0
2026-05-22,1110.5999755859375,1121.800048828125,1103.0,1112.4000244140625,482891.0
2026-05-25,1125.4000244140625,1144.4000244140625,1119.0999755859375,1142.4000244140625,725309.0
2026-05-26,1152.0,1152.0,1121.699951171875,1125.300048828125,762091.0
2026-05-27,1125.9000244140625,1129.5,1109.199951171875,1112.0999755859375,274760.0
2026-05-28,1112.0999755859375,1112.0999755859375,1112.0999755859375,1112.0999755859375,0.0
2026-05-29,1118.0,1127.800048828125,1095.0,1104.5,1006275.0
2026-06-01,1108.0,1114.9000244140625,1069.800048828125,1078.800048828125,1197416.0
2026-06-02,1070.0,1093.0,1051.800048828125,1089.199951171875,1196484.0
2026-06-03,1082.5,1085.5999755859375,1049.199951171875,1072.5,765530.0
2026-06-04,1064.300048828125,1081.5,1062.0999755859375,1071.800048828125,2527568.0
2026-06-05,1068.0,1093.300048828125,1050.699951171875,1073.9000244140625,2432019.0
2026-06-08,1068.0,1068.9000244140625,1047.699951171875,1054.9000244140625,344987.0
2026-06-09,1056.4000244140625,1083.0,1056.4000244140625,1075.0,384782.0
2026-06-10,1080.0,1080.0,1048.0,1052.0,947964.0
2026-06-11,1041.699951171875,1071.699951171875,1031.300048828125,1064.0999755859375,690962.0
2026-06-12,1079.699951171875,1099.0,1058.0,1096.800048828125,696601.0
2026-06-15,1109.800048828125,1134.699951171875,1106.0,1130.800048828125,2132710.0
2026-06-16,1143.199951171875,1165.0999755859375,1130.300048828125,1133.5999755859375,1168609.0
2026-06-17,1160.0,1160.0,1127.0,1136.9000244140625,382759.0
2026-06-18,1144.0,1162.199951171875,1136.0,1141.300048828125,1011855.0
2026-06-19,1141.800048828125,1150.0,1130.5,1145.0999755859375,1587197.0
2026-06-22,1148.9000244140625,1155.5,1134.4000244140625,1139.199951171875,496298.0
2026-06-23,1139.199951171875,1141.0,1111.300048828125,1116.9000244140625,385961.0
2026-06-24,1109.699951171875,1115.300048828125,1090.5999755859375,1099.9000244140625,561423.0
2026-06-25,1109.9000244140625,1110.0,1079.0999755859375,1085.4000244140625,708654.0
2026-06-26,1085.4000244140625,1085.4000244140625,1085.4000244140625,1085.4000244140625,0.0
2026-06-29,1079.800048828125,1097.0,1069.0,1089.800048828125,701139.0
2026-06-30,1083.0999755859375,1107.0,1066.0999755859375,1074.5999755859375,1408657.0
2026-07-01,1074.5,1084.9000244140625,1061.699951171875,1065.9000244140625,1496165.0
2026-07-02,1075.0,1081.5999755859375,1060.5999755859375,1070.0,905046.0
2026-07-03,1084.0,1120.9000244140625,1077.5,1109.5,1319185.0
2026-07-06,1110.199951171875,1138.9000244140625,1109.4000244140625,1133.300048828125,1252279.0
2026-07-07,1140.0,1154.0,1126.4000244140625,1150.0999755859375,1855535.0
2026-07-08,1142.800048828125,1149.9000244140625,1081.199951171875,1091.699951171875,2679587.0
2026-07-09,1090.800048828125,1106.800048828125,1086.5999755859375,1100.199951171875,1022506.0
2026-07-10,1106.800048828125,1133.5999755859375,1104.0,1129.0,2189046.0
2026-07-13,1127.0,1127.0,1094.800048828125,1118.0,2239860.0
2026-07-14,1107.0,1112.5999755859375,1086.199951171875,1098.800048828125,1524014.0
2026-07-15,1104.199951171875,1119.800048828125,1092.5,1098.5999755859375,649100.0
2026-07-16,1106.0999755859375,1107.5,1065.5999755859375,1081.300048828125,1542092.0
2026-07-17,1108.300048828125,1127.800048828125,1085.699951171875,1113.699951171875,5362295.0
2026-07-20,1105.0,1128.9000244140625,1102.199951171875,1126.5,881095.0
2026-07-21,1126.0,1134.5999755859375,1112.699951171875,1119.699951171875,711700.0
2026-07-22,1114.0,1128.0,1087.800048828125,1093.5999755859375,913719.0
2026-07-23,1080.0,1098.9000244140625,1072.300048828125,1083.199951171875,1503658.0
2026-07-24,1068.300048828125,1105.0,1065.0,1102.300048828125,918262.0
2026-07-27,1116.300048828125,1136.9000244140625,1103.0999755859375,1132.699951171875,928617.0
2026-07-28,1139.5,1139.5,1122.4000244140625,1128.300048828125,617932.0
2026-07-29,1128.300048828125,1170.0,1113.5,1161.300048828125,1135914.0
2026-07-30,1162.0,1164.300048828125,1125.699951171875,1142.9000244140625,1268562.0
2026-07-31,1140.0,1166.0,1132.0,1135.300048828125,1168016.0
2026-08-03,1153.5999755859375,1158.5,1136.5999755859375,1147.800048828125,366010.0
2026-08-04,1147.800048828125,1174.0,1144.4000244140625,1155.0,1180507.0
2026-08-05,1174.0,1194.699951171875,1163.300048828125,1192.0,1854520.0
2026-08-06,1193.0999755859375,1197.0,1180.9000244140625,1186.0,959901.0
2026-08-07,1185.5999755859375,1192.800048828125,1151.0,1168.0999755859375,1707560.0
2026-08-10,1170.0,1189.9000244140625,1161.699951171875,1175.5999755859375,523929.0
2026-08-11,1162.199951171875,1176.699951171875,1147.800048828125,1168.0,477268.0
2026-08-12,1160.0,1167.5,1140.0,1161.0,997529.0
2026-08-13,1158.0,1184.9000244140625,1149.199951171875,1183.0,388858.0
2026-08-14,1179.0,1191.5,1167.0,1180.0,396813.0
2026-08-17,1174.699951171875,1174.699951171875,1150.5,1173.0,1274400.0
2026-08-18,1169.0,1185.0,1154.0,1163.5999755859375,683646.0
2026-08-19,1163.5999755859375,1185.5,1157.5,1180.5,634522.0
2026-08-20,1187.5,1222.9000244140625,1186.0,1203.0,1748431.0
2026-08-21,1208.0,1214.0,1190.0999755859375,1199.0,485140.0
2026-08-24,1202.0,1215.199951171875,1189.800048828125,1189.800048828125,712864.0
2026-08-25,1191.199951171875,1210.0,1186.4000244140625,1210.0,539607.0
2026-08-26,1213.199951171875,1219.800048828125,1195.0,1197.199951171875,332670.0
2026-08-27,1194.0,1207.0,1191.699951171875,1204.0,317442.0
2026-08-28,1204.0,1208.0,1193.9000244140625,1200.0,422710.0
2026-08-31,1199.5999755859375,1199.5999755859375,1149.300048828125,1175.0,1412706.0
2026-09-01,1175.0,1184.300048828125,1147.5,1165.5999755859375,2175285.0
2026-09-02,1156.4000244140625,1181.300048828125,1128.5999755859375,1181.300048828125,666823.0
2026-09-03,1168.5999755859375,1171.5,1149.9000244140625,1155.0,483291.0
2026-09-04,1149.0999755859375,1156.0999755859375,1127.0999755859375,1137.0,603451.0
2026-09-07,1141.800048828125,1143.5,1127.199951171875,1136.9000244140625,407077.0
2026-09-08,1125.0,1128.199951171875,1104.300048828125,1110.0,1123388.0
2026-09-09,1104.4000244140625,1109.199951171875,1087.4000244140625,1087.4000244140625,869898.0
2026-09-10,1087.0,1104.4000244140625,1076.5999755859375,1094.9000244140625,839166.0
2026-09-11,1089.699951171875,1098.300048828125,1065.5999755859375,1091.0,835305.0
2026-09-14,1091.0,1091.0,1091.0,1091.0,0.0
2026-09-15,1092.0,1092.9000244140625,1052.0999755859375,1052.0999755859375,896308.0
2026-09-16,1051.199951171875,1061.9000244140625,1042.4000244140625,1045.5999755859375,635279.0
2026-09-17,1041.0,1065.0,1037.0999755859375,1061.300048828125,442034.0
2026-09-18,1060.5,1086.0999755859375,1060.5,1073.0999755859375,519067.0
2026-09-21,1073.300048828125,1085.9000244140625,1062.800048828125,1072.699951171875,573949.0
2026-09-22,1074.300048828125,1093.199951171875,1065.199951171875,1073.5,338935.0
2026-09-23,1093.699951171875,1122.0,1082.4000244140625,1108.0,3642452.0
2026-09-24,1099.5,1103.0,1066.9,1080.8,1356395.0
