Date,Open,High,Low,Close,Volume
2021-09-23,1449.7636189313102,1476.7034797098,1437.8901003766632,1471.0660400390625,1622616.0
2021-09-24,1479.6968197413016,1512.6233167416135,1451.7591859228548,1458.4442138671875,2760295.0
2021-09-27,1458.743600127551,1540.560956632653,1458.743600127551,1527.83935546875,4737676.0
2021-09-28,1553.531881583347,1554.4299012503025,1471.714531365085,1483.9871826171875,3547971.0
2021-09-29,1463.0341866987137,1494.663533174013,1461.0386412605642,1482.341064453125,1764350.0
2021-09-30,1481.3929571529968,1515.616606668094,1460.0905361194186,1464.8299560546875,2072145.0
2021-10-01,1461.7369442001327,1465.4785916682215,1419.481296486864,1455.450927734375,2311858.0
2021-10-04,1467.7234440802995,1527.5897980196728,1456.847698754965,1523.24951171875,3209302.0
2021-10-05,1511.6254668880736,1554.3799978129814,1508.981345177069,1524.247314453125,2544835.0
2021-10-06,1526.3925903476884,1537.5675948811904,1468.7212846626296,1476.2545166015625,1777998.0
2021-10-07,1499.5026377564332,1532.3293830687212,1486.6812832638088,1517.36279296875,1919106.0
2021-10-08,1518.6099351621249,1565.9541974962683,1508.083385249617,1544.4522705078125,2646112.0
2021-10-11,1549.5409221546972,1560.2170407676251,1528.737386806123,1536.3204345703125,1910095.0
2021-10-12,1535.571890224433,1563.4097675647902,1511.1264637718673,1550.9874267578125,1900749.0
2021-10-13,1564.956397521869,1604.7177333696743,1547.8446947418888,1566.20361328125,3923958.0
2021-10-14,1576.480675061035,1652.3113910766292,1571.292306368806,1642.682861328125,5256882.0
2021-10-18,1669.223724037621,1669.223724037621,1604.967262125779,1611.9017333984375,3791222.0
2021-10-19,1621.579921995272,1633.3536869676705,1558.5706820289845,1565.9541015625,1822638.0
2021-10-20,1570.4941973406378,1603.7698918382025,1535.6719064706683,1586.1591796875,2768997.0
2021-10-21,1598.381970899276,1623.22653615506,1578.1770731825698,1591.4974365234375,3129269.0
2021-10-22,1591.49734870285,1605.216722938625,1533.5765963917186,1539.563232421875,2580699.0
2021-10-25,1541.558770300504,1547.9445397280997,1490.722301643296,1528.7872314453125,2276050.0
2021-10-26,1528.5875524097432,1553.781309392998,1517.512301422331,1540.4111328125,1661783.0
2021-10-27,1544.5520596690858,1577.6282473220708,1536.5698784821654,1563.060791015625,2121282.0
2021-10-28,1546.547685320717,1563.410068313899,1364.6536733536263,1395.43505859375,7093354.0
2021-10-29,1396.8816676814895,1451.5596559643884,1374.6812268915517,1420.4290771484375,3165141.0
2021-11-01,1432.801597784035,1453.7548244925758,1408.0567860945785,1442.0809326171875,1543436.0
2021-11-02,1451.7592508788516,1485.683522033409,1449.5641996999848,1469.5196533203125,1667692.0
2021-11-03,1470.7169348135997,1497.6567972559112,1461.1881569711163,1482.5904541015625,1710819.0
2021-11-04,1491.6701332959174,1508.133382258715,1479.6968613229735,1486.1324462890625,272261.0
2021-11-08,1491.6701114118794,1571.6416136509358,1482.3409614961777,1564.7569580078125,2565017.0
2021-11-09,1551.5364890563285,1655.3048458806743,1551.4865517038716,1631.8072509765625,4713708.0
2021-11-10,1621.929306320129,1682.2446115560192,1616.790753046144,1652.1617431640625,3728328.0
2021-11-11,1646.3248140735504,1700.2045352614125,1637.1951702903689,1661.191650390625,4470709.0
2021-11-12,1674.5618689157764,1715.6700529272034,1666.380060196131,1701.40185546875,5349189.0
2021-11-15,1709.9327688815638,1760.0708413170407,1688.0317093430433,1745.653076171875,3997553.0
2021-11-16,1755.5309933207911,1762.615276384853,1703.0981150461732,1707.78759765625,2172117.0
2021-11-17,1710.182279892509,1725.8472613915278,1678.752442193201,1702.6490478515625,1476385.0
2021-11-18,1704.195771939767,1710.1824081409604,1636.34722832624,1684.9886474609375,2255988.0
2021-11-22,1687.6324985957974,1697.610223996271,1606.4637268226252,1672.017333984375,2552170.0
2021-11-23,1656.452410929242,1716.5182801519163,1646.324993428165,1704.1458740234375,2472589.0
2021-11-24,1717.765400924404,1784.915550202334,1708.6357566522258,1751.24072265625,4562858.0
2021-11-25,1759.0232942387588,1769.749350528954,1731.6844202959758,1759.1231689453125,2341862.0
2021-11-26,1736.1244572439157,1764.6109158795568,1657.1507255331644,1665.8314208984375,3510810.0
2021-11-29,1651.3137666247071,1693.2202187082344,1606.2643062752309,1661.3414306640625,2119826.0
2021-11-30,1664.2849162318755,1714.8221294447658,1644.479151870217,1659.1463623046875,2952368.0
2021-12-01,1690.22683450415,1701.2023334295016,1648.6695801225671,1689.5284423828125,2476360.0
2021-12-02,1688.730259632579,1731.135598500753,1683.8910864978957,1728.3917236328125,2159661.0
2021-12-03,1730.1377457119772,1741.113244675548,1697.3110017248866,1704.29541015625,1544077.0
2021-12-06,1706.1912771206064,1724.1012479476203,1636.3471897530962,1641.9346923828125,1574680.0
2021-12-07,1655.2051645494555,1682.9431726671423,1650.3160539356686,1674.7115478515625,1476012.0
2021-12-08,1676.0585207334937,1722.5547011576286,1675.3101912573593,1711.678955078125,1406394.0
2021-12-09,1721.157815207555,1735.376075420139,1702.7987741523236,1718.4139404296875,1306393.0
2021-12-10,1706.789885621528,1784.0175137649987,1706.789885621528,1736.5235595703125,2708578.0
2021-12-13,1751.0909616361816,1758.274875836348,1707.288718919901,1715.719970703125,1104594.0
2021-12-14,1708.1868643087791,1724.051474616192,1679.251455976446,1716.268798828125,1198653.0
2021-12-15,1716.1689839599917,1723.1533926156428,1683.2924233645451,1691.5240478515625,866378.0
2021-12-16,1703.4972173092883,1716.0191904235298,1683.24238470755,1698.2589111328125,751885.0
2021-12-17,1695.1659068115127,1698.209162314114,1636.347253933694,1641.635498046875,1215873.0
2021-12-20,1625.371639870494,1625.371639870494,1551.735969897325,1586.4085693359375,1945211.0
2021-12-21,1617.4892642472269,1642.2340753856024,1599.3298502236153,1616.890625,1563851.0
2021-12-22,1627.6166881884217,1659.7449198427948,1623.3761542881607,1654.4068603515625,993006.0
2021-12-23,1670.9698936828415,1680.4487343425542,1654.5066441159718,1672.466552734375,979023.0
2021-12-24,1676.257946035748,1700.154550773262,1654.5064549213955,1694.4173583984375,1234386.0
2021-12-27,1690.9750800914476,1734.1287441799298,1682.2945073641115,1726.3460693359375,1672655.0
2021-12-28,1736.1243547214092,1756.0798070745288,1724.2508362116198,1747.099853515625,1552918.0
2021-12-29,1747.0999495106885,1751.0910402006043,1705.5926306952474,1714.223388671875,1100579.0
2021-12-30,1710.1822333297282,1721.157731910024,1681.2468279816756,1692.6214599609375,1359574.0
2021-12-31,1691.1747522205749,1721.1578699202946,1687.2835362142755,1705.6424560546875,1310960.0
2022-01-03,1709.1845365568645,1729.1399894063316,1707.388497081045,1713.3253173828125,1094708.0
2022-01-04,1721.9061077976726,1724.1510962041884,1696.21346270088,1715.171142578125,1191189.0
2022-01-05,1718.164487838368,1740.76406251718,1698.7578586898744,1711.6290283203125,1583598.0
2022-01-06,1706.1912309035774,1720.010357741563,1671.867827395892,1709.2843017578125,1615375.0
2022-01-07,1716.0692724112907,1726.9450190826,1685.7369583017548,1695.3155517578125,1295933.0
2022-01-10,1703.7468240390176,1762.066589683756,1695.3155716378628,1748.6964111328125,1670551.0
2022-01-11,1754.08439223265,1845.879479880775,1733.1311657042736,1839.7930908203125,5126019.0
2022-01-12,1868.8282771303625,1868.8282771303625,1804.2724318132489,1826.0238037109373,2518912.0
2022-01-13,1829.9149265381527,1858.850331592464,1803.9728392480808,1849.2218017578125,1881069.0
2022-01-14,1845.87945386124,1886.2393099573776,1827.021525891838,1866.0843505859373,2357616.0
2022-01-17,1871.8213922463967,1897.1648405735943,1851.5167442541529,1873.617431640625,1700525.0
2022-01-18,1880.80154567364,1904.249204200606,1825.9739843480413,1836.849609375,2294146.0
2022-01-19,1835.702189996163,1852.863831041965,1807.2157318119328,1845.1810302734373,1544606.0
2022-01-20,1850.868282804308,1876.161795355184,1839.5934030360504,1861.694091796875,1252017.0
2022-01-21,1856.705198795613,1868.8281607705464,1806.7168137294527,1824.277587890625,1929667.0
2022-01-24,1817.941672617932,1823.3794845548607,1692.771148982786,1711.978271484375,2381112.0
2022-01-25,1664.2847066033,1746.650883937835,1664.2847066033,1737.521240234375,1817963.0
2022-01-27,1714.1734769737452,1721.706709483075,1650.814911323086,1682.2447509765625,3549583.0
2022-01-28,1698.708060986869,1740.2153819059229,1680.1993282549831,1689.9276123046875,1624750.0
2022-01-31,1705.1436128028731,1730.1378677430996,1701.2024593437052,1711.1302490234375,1024738.0
2022-02-01,1724.1011687693417,1761.168446365349,1695.365390079721,1743.009033203125,1574361.0
2022-02-02,1751.0909793787027,1782.021931151204,1743.1087982761217,1775.38671875,1405276.0
2022-02-03,1768.0032040153424,1783.0197311644952,1742.5101858066198,1747.947998046875,588866.0
2022-02-04,1754.0843784875617,1766.057650695668,1729.8384535467774,1753.385986328125,855996.0
2022-02-07,1761.0686283534972,1761.5675146504814,1718.2641597125885,1727.942626953125,854871.0
2022-02-08,1735.525760665614,1743.1088083974132,1673.3146606958308,1712.1778564453125,1480201.0
2022-02-09,1720.7587067087725,1787.908855509845,1714.2731844126197,1779.1783447265625,1674022.0
2022-02-10,1794.992995633941,1804.970722124402,1762.0664982154196,1782.1217041015625,1747943.0
2022-02-11,1760.070858759747,1770.9466044122191,1739.4668302995035,1760.3702392578125,1196002.0
2022-02-14,1732.4327240440932,1734.029135945723,1649.318212470063,1660.2437744140625,1919476.0
2022-02-15,1632.3560980498423,1747.499089227957,1624.2242263801909,1740.364990234375,2261554.0
2022-02-16,1740.3649639200437,1772.0442459062622,1726.1467035010323,1734.2286376953125,1663614.0
2022-02-17,1746.1020997123967,1758.0753712532817,1720.1600113738125,1727.094482421875,1075487.0
2022-02-18,1735.126676753069,1750.691906077886,1721.157859343901,1732.4327392578125,945100.0
2022-02-21,1734.9271222957798,1734.9271222957798,1667.577468818435,1681.4464111328125,1449291.0
2022-02-22,1632.4557610940324,1675.1604779983622,1626.3693724647371,1663.9853515625,1717579.0
2022-02-23,1678.253570703124,1713.674499216775,1666.280299092876,1684.9385986328125,1285012.0
2022-02-24,1622.3784069908709,1644.9280456065817,1525.394949462078,1540.5111083984375,2798065.0
2022-02-25,1590.4496677699524,1634.4514190367763,1575.2835716021807,1615.0946044921875,1741584.0
2022-02-28,1600.177932174349,1647.4224441129998,1588.7035463785546,1640.7872314453125,1869037.0
2022-03-02,1634.351603680281,1660.5431357905418,1611.901719014343,1638.1431884765625,1249817.0
2022-03-03,1666.2803896625653,1674.4620769882454,1631.3084082140504,1640.1387939453125,1333325.0
2022-03-04,1618.1878573645197,1651.8127495449764,1597.6336417496204,1611.4029541015625,1433490.0
2022-03-07,1586.4584344374618,1588.4539796380122,1535.871412322878,1560.5662841796875,1508821.0
2022-03-08,1571.392232758467,1603.819845161134,1549.940119938241,1598.03271484375,1396347.0
2022-03-09,1606.0148520136852,1666.2304077913848,1604.4184401145487,1652.8603515625,1498176.0
2022-03-10,1678.2535769225085,1745.7029828838483,1674.5119295304398,1738.968017578125,2294474.0
2022-03-11,1746.102158513734,1753.0865671477889,1717.3662571285397,1730.237548828125,1354129.0
2022-03-14,1728.142310600289,1748.546713527441,1718.613532627898,1732.233154296875,659190.0
2022-03-15,1736.1244749825098,1750.2927984152966,1682.893326502932,1697.6104736328125,1085901.0
2022-03-16,1720.1599601598052,1760.0708641078286,1714.8219011164397,1754.084228515625,1269866.0
2022-03-17,1771.645111487435,1819.53819918774,1756.0798823445202,1815.5970458984373,2392329.0
2022-03-21,1831.96057723756,1837.7975230539769,1792.149422958823,1798.9342041015625,1081052.0
2022-03-22,1798.934065111706,1832.9082709490992,1786.0129586275923,1827.470458984375,964066.0
2022-03-23,1843.933834802572,1843.933834802572,1796.8388916154977,1806.96630859375,1553366.0
2022-03-24,1810.9573714335493,1835.4527388684512,1796.1404718451408,1828.7177734375,1030145.0
2022-03-25,1831.46165135546,1873.8170519738385,1817.9417831183885,1862.841552734375,1366115.0
2022-03-28,1872.7195407740733,1920.1137423989244,1846.9271417231805,1905.4464111328125,1895438.0
2022-03-29,1914.9751595589028,1926.5992352974383,1881.3003326030016,1912.9796142578125,1715098.0
2022-03-30,1923.4061980808965,2010.5117950420336,1913.0294604484427,1990.8057861328125,3215951.0
2022-03-31,2000.5341678121897,2037.45175594638,1986.565350680334,2010.262451171875,2786973.0
2022-04-01,2013.50525114683,2044.4362039642488,2008.566325142127,2039.09814453125,1267111.0
2022-04-04,2045.4339849501084,2070.8771881775365,2027.4740767895707,2061.248779296875,1334265.0
2022-04-05,2073.3716461684467,2184.922681433356,2062.994907649461,2135.083984375,4970260.0
2022-04-06,2148.953129097268,2177.9884144903885,2119.4688946716487,2155.189208984375,2259018.0
2022-04-07,2161.125649539319,2210.016509999937,2076.6143537481903,2094.374755859375,3499044.0
2022-04-08,2110.2891704886447,2171.1533025925723,2100.5608870785904,2166.114501953125,1924054.0
2022-04-11,2176.990465255491,2195.099942341065,2153.692375246904,2175.343994140625,1615715.0
2022-04-12,2183.1266238582944,2214.057576938553,2150.200125418018,2192.056640625,2632324.0
2022-04-13,2205.0775756589533,2212.211552729702,2168.6089362652256,2194.551025390625,992512.0
2022-04-18,2174.944851748925,2235.010716022667,2151.9461436526285,2228.87451171875,1747434.0
2022-04-19,2239.999571574479,2249.9772979512027,2135.333319321381,2163.470458984375,1639219.0
2022-04-20,2173.1487508913738,2203.0319919282965,2157.084514384988,2179.08544921875,1119025.0
2022-04-21,2211.064165836438,2288.4414826337,2198.9910194777485,2281.257568359375,2243636.0
2022-04-22,2291.8837349165333,2300.863688601448,2259.955010703504,2268.236572265625,1786042.0
2022-04-25,2254.916317221378,2289.888298340235,2237.6051073985686,2279.1123046875,1683622.0
2022-04-26,2291.883979032425,2408.5235146580653,2289.9883082690963,2389.965087890625,3199358.0
2022-04-27,2399.5934171485355,2415.5577804217373,2319.821538137126,2328.9013671875,2559876.0
2022-04-28,2354.594139557737,2384.577016047356,2331.09654239592,2373.25244140625,1679893.0
2022-04-29,2383.67870130588,2388.81713267072,2296.373600274376,2326.8056640625,1916180.0
2022-05-02,2319.82160202584,2357.038573650831,2305.8527837770825,2334.289306640625,1006544.0
2022-05-04,2353.4462820057047,2357.6368783828084,2228.076246975026,2248.780029296875,1744686.0
2022-05-05,2264.944043797665,2298.6688099973708,2231.019771776026,2250.37646484375,1636796.0
2022-05-06,2205.0776222090744,2256.9618015551705,2195.0998954117485,2242.693603515625,1161579.0
2022-05-09,2224.534037936032,2239.201246609651,2175.1442936535323,2192.7548828125,1450886.0
2022-05-10,2185.122216137192,2215.055397180168,2092.828241254685,2104.801513671875,1471866.0
2022-05-11,2104.90100099978,2152.943650293359,2072.3735194806195,2114.579345703125,1397917.0
2022-05-12,2098.315837901221,2108.89232520289,2006.5706934227671,2040.64453125,1553685.0
2022-05-13,2079.85671060798,2130.244220267708,2030.7663538766728,2049.57421875,1547617.0
2022-05-16,2078.011256926772,2137.179227915307,2053.066938938085,2101.20947265625,1742552.0
2022-05-17,2128.298971281364,2187.367062650447,2114.6792286332734,2179.983642578125,1061085.0
2022-05-18,2194.800367800573,2211.962008022492,2167.1621151435684,2176.241943359375,1296983.0
2022-05-19,2140.2221711435304,2149.9504537396374,2092.927848576569,2110.03955078125,986930.0
2022-05-20,2154.191259599724,2227.4276783511737,2146.2090779986133,2214.6064453125,1444803.0
2022-05-23,2226.7791941598803,2239.99968226232,2150.848595242227,2165.815185546875,1455450.0
2022-05-24,2156.186450341929,2174.0464812979853,2137.777595771699,2155.38818359375,1008943.0
2022-05-25,2163.171089247548,2176.5910825717137,2061.59778550724,2069.530029296875,1382448.0
2022-05-26,2072.3738607282976,2083.3493602314325,1901.9542379057057,2041.842041015625,4967514.0
2022-05-27,2075.367277232452,2089.635475982797,2043.139169352212,2075.516845703125,1354005.0
2022-05-30,2115.2779493201174,2170.155443288328,2097.3180422032483,2160.826171875,1384584.0
2022-05-31,2155.1889357009827,2220.8424251467973,2145.6102207702424,2162.72216796875,2861556.0
2022-06-01,2165.116748874889,2184.4237474097104,2121.2646889031503,2146.109130859375,1448212.0
2022-06-02,2150.2000259235056,2213.059701855376,2137.5283621931144,2204.478759765625,1855167.0
2022-06-03,2230.021838880565,2237.2556904831977,2171.203190775767,2185.1220703125,1651685.0
2022-06-06,2183.625596663523,2225.033164523489,2163.3707617379514,2220.09423828125,1664487.0
2022-06-07,2205.077663470533,2249.678054369775,2202.1342827296144,2222.588623046875,2046676.0
2022-06-08,2239.9499353686497,2239.9499353686497,2153.742465322506,2172.350830078125,1530739.0
2022-06-09,2155.488366735423,2219.046437655744,2150.200122818403,2214.257080078125,1440385.0
2022-06-10,2185.122195530136,2210.066512830708,2166.164514381701,2198.193115234375,1305761.0
2022-06-13,2167.661089378418,2167.661089378418,2062.1466312878465,2075.11767578125,1764172.0
2022-06-14,2268.935185161514,2268.935185161514,2048.527286820935,2191.557861328125,6515102.0
2022-06-15,2213.458897957164,2214.756051208636,2169.3573925850724,2179.734375,1313510.0
2022-06-16,2200.088610271393,2212.3612621228854,2071.4258806259086,2078.3603515625,2131789.0
2022-06-17,2057.4073139907205,2132.63927837298,2055.561337051067,2091.132080078125,2280135.0
2022-06-20,2102.6063396320096,2118.5707019224296,2020.489602381294,2075.217529296875,2603594.0
2022-06-21,2095.322230495261,2172.150712280088,2086.9907327590963,2156.984619140625,1331500.0
2022-06-22,2145.161069828488,2145.161069828488,2072.473484882966,2084.54638671875,1774137.0
2022-06-23,2100.311233441393,2123.260002262843,2075.3669195050343,2105.6494140625,1026783.0
2022-06-24,2116.2758854072363,2163.171202056996,2103.903601431997,2156.6357421875,1156536.0
2022-06-27,2184.12438715849,2206.075386024405,2164.518251519264,2176.740966796875,1202504.0
2022-06-28,2165.1666658914764,2205.327015339464,2155.188939320548,2199.689697265625,1282047.0
2022-06-29,2180.133354153997,2242.79352856713,2172.3506783580133,2215.1552734375,1692493.0
2022-06-30,2215.0553013251947,2243.4918220854506,2175.6432813241386,2186.02001953125,1568415.0
2022-07-01,2185.022196159788,2237.006247887066,2133.487336995771,2227.22802734375,2141743.0
2022-07-04,2227.2279085085083,2271.9281688952,2223.3866302264405,2256.81201171875,1581159.0
2022-07-05,2258.957247540852,2285.5977281984024,2233.0151590090227,2241.4462890625,1356776.0
2022-07-06,2239.999532740096,2271.9282565920707,2231.518465466915,2267.78759765625,1045463.0
2022-07-07,2274.921630356524,2289.83828267831,2250.975086879087,2269.234375,946131.0
2022-07-08,2280.908037651561,2298.4689318806045,2258.857166970448,2287.9423828125,898576.0
2022-07-11,2287.942551891934,2379.2886838477966,2285.9470066546537,2367.9638671875,1967308.0
2022-07-12,2359.1336435163494,2384.477215922241,2344.9153827277305,2360.380859375,1273008.0
2022-07-13,2368.2135107017307,2379.3385789020567,2328.50210840076,2348.258056640625,982185.0
2022-07-14,2360.7047479310386,2399.6339171358213,2332.2565088967744,2378.77197265625,933554.0
2022-07-15,2410.114791973206,2418.549396367817,2372.6828993664576,2400.881591796875,1169788.0
2022-07-18,2419.5974182099726,2437.415095686812,2401.680068576118,2419.1982421875,937204.0
2022-07-19,2402.57859286545,2454.833615410512,2400.632183078076,2446.84814453125,843301.0
2022-07-20,2457.528788791225,2468.309223769076,2439.561478393889,2446.648681640625,693601.0
2022-07-21,2449.343796097977,2494.4117034251885,2446.798378316321,2490.968017578125,1314165.0
2022-07-22,2500.9498593510043,2509.484380769541,2478.590636594637,2494.86083984375,833522.0
2022-07-25,2500.450733101451,2557.496846958579,2495.459813474502,2545.968017578125,1220351.0
2022-07-26,2550.359366575386,2563.9347624438624,2528.3993250628,2555.05078125,865142.0
2022-07-27,2555.3505707901977,2567.827868499134,2523.40868865532,2544.071044921875,953588.0
2022-07-28,2555.2505682025653,2560.990124953872,2527.0021621060814,2545.767822265625,759442.0
2022-07-29,2560.341612056054,2617.2380923239666,2555.350692734308,2564.533935546875,1107195.0
2022-08-01,2571.171902060104,2664.5518038931223,2564.5338334082185,2655.318603515625,1267039.0
2022-08-02,2655.1689293255326,2692.101730222166,2635.2052531651902,2678.77587890625,1096480.0
2022-08-03,2680.1236298491594,2712.0655129609554,2666.348644017752,2706.4755859375,815831.0
2022-08-04,2720.0509243298548,2738.916501151822,2679.3749334430872,2718.653564453125,1223799.0
2022-08-05,2754.987241969028,2762.623250432556,2680.123458219869,2693.4990234375,1639981.0
2022-08-08,2695.0963489349333,2802.550741071912,2690.754151782759,2786.829345703125,1581696.0
2022-08-10,2796.661698564905,2829.7513968591616,2776.4984328362484,2822.0654296875,1304663.0
2022-08-11,2835.8401606647813,2843.226623266472,2809.987297861648,2828.90283203125,978616.0
2022-08-12,2834.841951430629,2865.9352788767665,2828.902806645068,2859.347412109375,843025.0
2022-08-16,2873.771115494998,2980.576780433506,2865.7856452192214,2970.4453125,1969492.0
2022-08-17,2980.576781626544,3023.0495504122723,2974.5876789173144,3003.185546875,1510171.0
2022-08-18,2999.542433239016,3180.213707919968,2998.5442494009994,3147.92236328125,3502295.0
2022-08-19,3172.2281271187885,3252.981099332762,3069.6647413222327,3124.514892578125,6109949.0
2022-08-22,3128.3081111231827,3186.0031850135274,3023.698397404252,3046.057861328125,3473580.0
2022-08-23,3027.142119629651,3068.41711882072,2922.0832706524616,3025.145751953125,4169136.0
2022-08-24,3032.4824192108026,3147.273557528525,2980.5768610149626,3128.956787109375,3475387.0
2022-08-25,3161.2481082854224,3172.028542111536,3050.150202125023,3060.781005859375,3119494.0
2022-08-26,3074.406008213165,3167.187140793014,3072.4096406753647,3133.847900390625,2897602.0
2022-08-29,3049.451340458309,3160.698870080269,3032.332586713341,3136.892333984375,1924984.0
2022-08-30,3159.252033275915,3257.173971027913,3155.2592976888363,3188.548828125,4392183.0
2022-09-01,3194.1880750792548,3239.1063448850564,3178.616310734359,3227.377685546875,1880363.0
2022-09-02,3255.077447097227,3363.2804760413187,3219.142829465979,3349.705322265625,4835905.0
2022-09-05,3367.9721814135687,3425.567340060695,3306.983051502797,3340.47216796875,3686950.0
2022-09-06,3363.87951371122,3441.338676550344,3348.9067562317928,3429.56005859375,2580772.0
2022-09-07,3429.560133597421,3481.615324093773,3399.9141218792497,3467.441162109375,2188110.0
2022-09-08,3492.645191932192,3495.140651486301,3443.734184671638,3456.510986328125,1560414.0
2022-09-09,3472.681689276014,3501.5790636192173,3408.9475515958343,3444.93212890625,1614634.0
2022-09-12,3458.7070492274133,3489.151656731435,3451.619846395126,3457.50927734375,1647756.0
2022-09-13,3471.683291843343,3562.418102710792,3415.0863185449725,3549.342041015625,3479669.0
2022-09-14,3511.610465821202,3601.447004173649,3504.6231795049007,3565.6123046875,2740337.0
2022-09-15,3583.4801133856627,3761.106885308327,3568.507355251739,3741.891845703125,4716688.0
2022-09-16,3748.18047605642,3859.927112881424,3608.03555653443,3695.476318359375,5687429.0
2022-09-19,3712.195585396892,3795.044840598848,3674.0650130674826,3771.787109375,3092486.0
2022-09-20,3812.064129865709,3877.94426408177,3805.0768429034,3827.5859375,3338704.0
2022-09-21,3830.680031975801,3855.784501218845,3564.763960318179,3633.489013671875,6089846.0
2022-09-22,3632.39087995538,3729.164751471961,3601.497139814742,3709.550537109375,3490772.0
2022-09-23,3725.222112284487,3731.111299495434,3648.361956162861,3667.626953125,3001474.0
2022-09-26,3639.677712656335,3651.356414614263,3525.5852532579484,3579.686767578125,3123908.0
2022-09-27,3589.469116976632,3622.958233812453,3479.519263611537,3552.63623046875,3546332.0
2022-09-28,3521.5928595015853,3590.417591845649,3496.638261574278,3542.30517578125,2259832.0
2022-09-29,3576.991666354225,3658.094100536248,3437.3458494692345,3464.396484375,15060223.0
2022-09-30,3441.687750509884,3517.400088471683,3364.977472455148,3449.4736328125,4307707.0
2022-10-03,3433.752177590052,3453.765810969226,3104.5511206618885,3151.565673828125,7578847.0
2022-10-04,3224.1336137013136,3285.22241237937,3119.3243166614875,3231.819580078125,5642467.0
2022-10-06,3264.0614208761417,3312.7728449485435,3202.2239757246803,3279.0341796875,2845165.0
2022-10-07,3274.043004681547,3304.936745879569,3222.2870749487724,3271.6474609375,1930275.0
2022-10-10,3228.1267393867925,3272.795469005704,3208.512523189452,3240.3544921875,1590792.0
2022-10-11,3251.633788893041,3331.937629394086,3243.099268394663,3268.00390625,2544394.0
2022-10-12,3291.012296208669,3291.012296208669,3139.2883444271347,3217.79541015625,2972601.0
2022-10-13,3212.155862840628,3256.8745513113577,3183.2085290860045,3227.77734375,1840193.0
2022-10-14,3266.057634683167,3298.997702514629,3189.047846307597,3203.671142578125,1344415.0
2022-10-17,3205.167945277726,3229.124354709886,3130.4040816537404,3206.76513671875,1985298.0
2022-10-18,3243.099267102388,3292.0102748241534,3220.240954850085,3278.335205078125,1635079.0
2022-10-19,3294.0065329639942,3303.988370942673,3253.729719241139,3271.2978515625,1396513.0
2022-10-20,3254.0791853087726,3358.888484222092,3239.106428321156,3351.0029296875,2211287.0
2022-10-21,3368.770592590108,3375.857795434933,3281.030329271031,3305.885009765625,1120790.0
2022-10-24,3318.961163510264,3334.033836498627,3281.4293548289747,3303.788818359375,248249.0
2022-10-25,3315.9166088966217,3338.9247941096755,3288.017420567196,3294.505615234375,879424.0
2022-10-27,3313.8206324772727,3348.9066960614427,3291.0120348478617,3318.961181640625,1106870.0
2022-10-28,3315.966472520277,3381.7966431856253,3291.6606003256,3317.26416015625,1323334.0
2022-10-31,3333.883982718883,3353.8976169403672,3320.059283105482,3341.370361328125,575722.0
2022-11-01,3355.793833096474,3600.897900293566,3345.91191150498,3569.20556640625,4393335.0
2022-11-02,3573.4978533120307,3618.565752502712,3519.5959303849777,3574.196533203125,2534755.0
2022-11-03,3543.552620860288,3608.135066365818,3536.016284152535,3583.879150390625,1275216.0
2022-11-04,3635.385432461848,3842.808076716275,3560.272100832865,3826.2880859375,6112097.0
2022-11-07,3845.453492248819,4006.4106450955423,3813.062473640198,3953.4072265625,5985652.0
2022-11-09,3969.77692178442,4040.647970677228,3935.888630947655,3989.940185546875,3732472.0
2022-11-10,3987.7442730226335,4022.6807059527446,3954.9538377793433,3984.999267578125,2313795.0
2022-11-11,4032.662664697553,4041.596361217773,3967.930345979645,4001.5693359375,1476875.0
2022-11-14,3991.736864290152,4070.593381489182,3982.7532104320335,4015.244140625,1803092.0
2022-11-15,4017.7396571108816,4057.617050230408,4014.6951478540464,4050.43017578125,1065546.0
2022-11-16,4049.931371297173,4088.561037437816,3856.5332509349714,3949.414306640625,3059841.0
2022-11-17,3962.789840556236,4025.6754224088913,3892.916971831063,4010.852294921875,2266112.0
2022-11-18,4021.033787764175,4035.6570828809367,3976.764238980374,4012.499267578125,1440776.0
2022-11-21,4012.649012235649,4012.649012235649,3914.826997540053,3994.58203125,1492003.0
2022-11-22,3994.582071219066,4048.633628319441,3980.757127647418,4026.673583984375,1705043.0
2022-11-23,4042.644454559027,4054.4730302568105,3865.965919137559,3896.2109375,2861156.0
2022-11-24,3902.8988216421744,3927.85341768848,3814.060459717327,3913.978759765625,2797181.0
2022-11-25,3921.864368812232,3942.726313916231,3838.316428834554,3894.01513671875,2506346.0
2022-11-28,3892.317976925215,3917.871580765275,3864.368829342685,3879.092041015625,1119166.0
2022-11-29,3877.944067597948,3907.889581633453,3857.032165702597,3871.35595703125,1513444.0
2022-11-30,3890.721074582497,3932.744468614555,3859.9769631420495,3910.784423828125,1968428.0
2022-12-01,3930.3487216462704,3937.785142234132,3895.36233063541,3907.989501953125,945838.0
2022-12-02,3897.908003019937,3956.601263174895,3877.9443256677214,3915.376220703125,1297832.0
2022-12-05,3921.764442970348,3931.8461973655617,3803.13043824761,3923.26171875,2392866.0
2022-12-06,3912.880777592544,4049.631968033916,3901.9007550023607,4024.477783203125,2962621.0
2022-12-07,4023.678999614984,4050.530047035535,3977.313409671194,3992.03662109375,1257261.0
2022-12-08,4002.717183860637,4037.653618133734,3996.0793588276383,4017.68994140625,895075.0
2022-12-09,4036.655488738458,4086.564681230279,3934.3416441302256,3989.541259765625,2129800.0
2022-12-12,3989.740856153353,4024.577375106724,3961.5421623364073,4009.405029296875,802499.0
2022-12-13,4020.4851113942113,4064.604790488653,4004.314581153817,4052.826171875,1215308.0
2022-12-14,4068.5971015780415,4084.618000042785,4032.662485371759,4048.433837890625,1114492.0
2022-12-15,4048.434170177333,4065.652841856114,4017.690058382438,4036.406005859375,866138.0
2022-12-16,4011.60097090618,4040.548302510143,3936.88705607084,3973.5703125,1598960.0
2022-12-19,3980.7571830319,4096.546509318686,3964.2371916196416,4067.898681640625,1643404.0
2022-12-20,4087.563215854952,4164.423378888121,4059.015057820874,4157.7353515625,3778426.0
2022-12-21,4167.417158963802,4182.389915223552,3876.197049711661,3894.863037109375,3585883.0
2022-12-22,3940.829578669283,3940.829578669283,3810.11746091259,3861.52392578125,2879658.0
2022-12-23,3815.058711792531,3841.011492144861,3610.23143252051,3635.585205078125,3036157.0
2022-12-26,3646.3655365989903,3738.098533238208,3613.42547015832,3709.999755859375,2162662.0
2022-12-27,3725.671078150604,3791.002159166402,3688.339101483638,3762.803466796875,1804911.0
2022-12-28,3749.228474764938,3818.0532020467,3738.198494552913,3790.802734375,1377950.0
2022-12-29,3783.1167587485006,3818.053193196046,3741.292953274472,3803.679443359375,1531692.0
2022-12-30,3822.744417452933,3890.920419149772,3815.108408927074,3851.342529296875,1528747.0
2023-01-02,3862.971375509222,3866.964110781066,3815.607602086415,3834.2236328125,923051.0
2023-01-03,3834.922251392364,3845.8525589819446,3784.114793349882,3823.9921875,799905.0
2023-01-04,3832.0273680166697,3867.912024638052,3796.691761190317,3820.09912109375,1028377.0
2023-01-05,3820.0994768882633,3835.421452466635,3750.0767349670655,3822.844482421875,997006.0
2023-01-06,3822.04581646677,3861.224531091038,3790.153892410154,3817.304443359375,912159.0
2023-01-09,3836.020629448768,3872.953432802816,3804.3282914354977,3848.29833984375,753981.0
2023-01-10,3851.9915049182255,3855.03601442212,3548.543612330732,3640.276611328125,3595798.0
2023-01-11,3653.3525312550414,3657.844358137733,3553.6340719381924,3629.196533203125,2226506.0
2023-01-12,3635.884756412624,3672.3184677672048,3605.4401482944127,3640.576171875,1199785.0
2023-01-13,3644.568692520628,3729.264686607732,3635.585038195655,3714.3916015625,1364712.0
2023-01-16,3713.244050716339,3733.157770474685,3593.461984564199,3613.22607421875,1863848.0
2023-01-17,3613.4255236108033,3642.9718629402137,3553.734080862538,3632.740478515625,1668381.0
2023-01-18,3641.3746037135415,3641.3746037135415,3520.6942764147534,3590.167724609375,3652240.0
2023-01-19,3463.697758203264,3531.274752181504,3420.476351270679,3457.259521484375,3696319.0
2023-01-20,3443.7340699147167,3471.034494005825,3434.700457890425,3449.872802734375,1510258.0
2023-01-23,3436.7969138377844,3453.7160811606723,3406.352306763969,3430.109130859375,974857.0
2023-01-24,3441.1885879614338,3501.6286639535515,3423.7703299203768,3435.74853515625,1518123.0
2023-01-25,3415.784945025044,3421.774047792476,3308.979279005851,3382.794921875,3686439.0
2023-01-27,3328.942930177345,3340.4220437296804,2707.074430776899,2756.4345703125,14764368.0
2023-01-30,2844.8239167924285,3032.033342933424,2660.159908158534,2887.59619140625,20947906.0
2023-01-31,2974.587553466052,3068.0176492685646,2900.721956500787,2968.49853515625,11568020.0
2023-02-01,2989.5605497534184,3005.2819449649764,1937.674388382872,2131.471923828125,13525314.0
2023-02-02,2344.584166548576,2344.584166548576,1492.0352671485684,1562.4072265625,34474080.0
2023-02-03,1487.2939655818348,1676.8491067730283,1015.602190225961,1583.918212890625,43885579.0
2023-02-06,1572.139499430204,1612.0668517966851,1432.5933541699078,1569.8436279296875,19308603.0
2023-02-07,1568.146733739722,1959.135275455944,1522.8291653141232,1799.6754150390625,19188072.0
2023-02-08,1866.4539944833373,2218.114081730313,1837.5066636564047,2160.3193359375,19173006.0
2023-02-09,2164.062500610129,2164.062500610129,1728.255473427092,1922.2025146484373,18279862.0
2023-02-10,1765.7870831172645,1986.3856955360973,1730.0022194543376,1843.595458984375,11334878.0
2023-02-13,1846.639994530591,1918.209722876469,1659.2309896802562,1714.5303955078125,12210940.0
2023-02-14,1731.8489630825377,1885.56927450312,1608.4235068481717,1746.522216796875,14579030.0
2023-02-15,1776.7671642038874,1821.0865492986948,1746.8216502004511,1775.8687744140625,7636578.0
2023-02-16,1816.6945620141453,1871.544714473974,1786.7490472556703,1793.3370361328125,5578515.0
2023-02-17,1796.7308227299789,1812.5520114381848,1700.1065830792793,1719.5711669921875,5392513.0
2023-02-20,1647.0033241189924,1681.939758266971,1557.6658710834472,1618.505126953125,6762330.0
2023-02-21,1623.0468983565534,1641.4633411759517,1558.4644536620071,1568.24658203125,5571915.0
2023-02-22,1532.2121055241544,1557.166700076665,1378.6913910976662,1402.2984619140625,10606476.0
2023-02-23,1377.4935826234528,1435.3882404438586,1347.5480699577254,1380.1387939453125,8907540.0
2023-02-24,1407.439242962737,1424.4083685871103,1259.308733730836,1313.2606201171875,8736727.0
2023-02-27,1297.6391079938207,1311.4140949565897,1128.995981890535,1191.33251953125,10271008.0
2023-02-28,1142.92053127192,1395.4610504088596,1101.7454466300278,1361.373046875,33948366.0
2023-03-01,1421.4138580663246,1577.1305447646016,1408.437467508135,1561.4591064453125,20114340.0
2023-03-02,1497.1760386337037,1643.0106803643646,1405.3431208976638,1604.3310546875,26970925.0
2023-03-03,1685.782662611212,1902.4883381814263,1682.4387712978437,1876.08642578125,22888891.0
2023-03-06,1963.1280551840125,2131.1224395569125,1851.6309720740385,1979.2987060546875,27180456.0
2023-03-08,2036.295140773913,2084.2079676156527,1937.4749354128269,2035.94580078125,13568243.0
2023-03-09,2046.07727529998,2065.092726110836,1901.8895471138928,1949.602783203125,12627794.0
2023-03-10,1866.603856654609,1936.4767282940863,1817.2935485850253,1892.7562255859373,9419942.0
2023-03-13,1913.5183327868256,1981.394830767788,1854.026603043822,1870.9957275390625,7572604.0
2023-03-14,1870.5963725550648,1871.4448043842085,1648.3507332710508,1735.04296875,12679663.0
2023-03-15,1757.7020195522275,1888.014852043077,1724.9615395321932,1835.66015625,12296703.0
2023-03-16,1857.6201293529505,1871.5947031363687,1791.7399958025503,1840.451416015625,6509495.0
2023-03-17,1897.5475143660533,1915.3650718645224,1841.6492183089783,1873.1419677734373,5969594.0
2023-03-20,1833.6638400800748,1846.5902729568684,1774.1721034978273,1801.6719970703125,5168139.0
2023-03-21,1833.61365289281,1857.620021632392,1801.671771811544,1820.936767578125,4094018.0
2023-03-22,1830.669099690104,1846.6400405816207,1802.869705070529,1812.1029052734373,3248124.0
2023-03-23,1790.7418212890625,1830.669175163958,1776.7672474328492,1790.7418212890625,4108804.0
2023-03-24,1792.7380961547833,1819.689058624816,1692.171078789753,1737.4886474609375,6187968.0
2023-03-27,1737.4887882159417,1754.2083681397771,1678.945279515893,1719.9207763671875,5053055.0
2023-03-28,1724.8116409391127,1729.852517846545,1570.143110543921,1597.9425048828125,8144878.0
2023-03-29,1600.038584851624,1752.8106557197102,1588.2101318464704,1737.239013671875,9332702.0
2023-03-31,1784.7526016957415,1821.685401618976,1736.839780173708,1747.270751953125,4893249.0
2023-04-03,1747.2708777141572,1751.7627050551505,1692.4207237008106,1714.330810546875,3445796.0
2023-04-05,1714.3306409161278,1734.7934078892213,1668.5141040503768,1694.916015625,3690559.0
2023-04-06,1701.9034147256025,1790.392434822846,1685.084041712259,1750.8643798828125,6012473.0
2023-04-10,1770.7780664252678,1809.407730859814,1757.4023790960766,1793.98583984375,4197975.0
2023-04-11,1806.7127791838352,1825.678272445986,1789.5939016853815,1799.875244140625,2883672.0
2023-04-12,1810.705408271586,1855.3741332000056,1793.7862416470805,1843.89501953125,4809035.0
2023-04-13,1851.6310215263973,1881.576536699331,1822.7336481239613,1867.3524169921875,3402280.0
2023-04-17,1867.352419899784,1901.4404224277728,1843.645553684298,1875.337890625,2983032.0
2023-04-18,1888.5637505867908,1899.2942264423973,1826.6763549544544,1847.5882568359373,2542401.0
2023-04-19,1843.645497496204,1874.289691730844,1831.6672917734347,1850.4830322265625,2455884.0
2023-04-20,1851.630978317136,1875.4875958845828,1833.5139176905643,1839.552978515625,2016823.0
2023-04-21,1842.647368995468,1849.884201836864,1792.7881349172944,1799.7254638671875,2090833.0
2023-04-24,1800.7235716191242,1814.099258882247,1772.5748372545434,1798.67724609375,1963582.0
2023-04-25,1802.7200062630025,1910.2743144993472,1798.5276828948593,1841.2498779296875,5364841.0
2023-04-26,1850.632842376703,1870.596519209245,1823.0829927175168,1844.5439453125,2422711.0
2023-04-27,1844.6438150362585,1861.562983106803,1829.221922789608,1849.6846923828125,1782360.0
2023-04-28,1864.657415132394,1940.4694308331627,1853.77718664946,1921.4539794921875,6159130.0
2023-05-02,1931.4856682387203,1962.429366282855,1904.5347054260872,1916.3631591796875,3813963.0
2023-05-03,1915.5148666904568,1936.4767281810769,1782.107566691145,1835.66015625,5849432.0
2023-05-04,1835.7101036447416,1931.4857976899727,1835.7101036447416,1907.7789306640625,4842127.0
2023-05-05,1951.2499671621808,1951.449555205873,1899.6937435462244,1916.8126220703125,6137744.0
2023-05-08,1916.8126247755108,1923.4006142587457,1872.5930285078643,1884.0721435546875,2835197.0
2023-05-09,1896.5493134518576,1926.4948289274128,1885.669085126016,1892.6563720703125,2700563.0
2023-05-10,1895.5511581470344,1911.4223059577992,1880.5284422511304,1888.713623046875,1970906.0
2023-05-11,1921.503961711016,2010.0927807249648,1906.5312035678128,1981.045654296875,8835941.0
2023-05-12,2005.35143091362,2006.3496148015804,1943.0148958499035,1961.1318359375,3816201.0
2023-05-15,1956.340402466904,1961.131611471556,1876.5854945776327,1912.570068359375,4836782.0
2023-05-16,1923.5002274824813,1931.4856980688123,1877.583771611078,1885.718994140625,3058799.0
2023-05-17,1896.549262809704,1916.4629813297609,1854.3759963077507,1896.0501708984373,3632797.0
2023-05-18,1906.581140115857,1920.5057562934028,1873.790702671144,1886.5675048828125,2437396.0
2023-05-19,1884.5710992075487,1979.3985644748784,1868.6999517036104,1952.49755859375,7541150.0
2023-05-22,2006.3494843354736,2342.737432704158,1979.797819012,2321.87548828125,26311368.0
2023-05-23,2406.521338285296,2754.4383667566294,2395.6412318362645,2628.916748046875,28432888.0
2023-05-24,2704.080013940749,2745.0055512502986,2420.945266106131,2471.10400390625,23465761.0
2023-05-25,2435.568585625774,2554.152875337492,2382.315379932484,2532.841552734375,8434009.0
2023-05-26,2560.341401531311,2595.2278759823243,2530.5455181515645,2539.72900390625,3963515.0
2023-05-29,2565.3321658362293,2578.807646084785,2518.417530896812,2529.447509765625,2779432.0
2023-05-30,2524.7064524715424,2549.51117484639,2470.654650948539,2491.916015625,1736953.0
2023-05-31,2477.49229326993,2568.3270227975545,2423.590365857933,2488.82177734375,4268439.0
2023-06-01,2495.359459218976,2555.3504000746093,2480.786122686873,2487.62353515625,1704946.0
2023-06-02,2530.3962131518706,2534.2890329239763,2420.5959829953795,2440.609619140625,5543791.0
2023-06-05,2458.7261716502508,2509.433955042094,2423.590152284091,2429.529296875,2956768.0
2023-06-06,2470.504979319297,2502.396903949247,2421.4940557860327,2429.22998046875,6473608.0
2023-06-07,2448.5446629072085,2462.4692770489573,2430.577355963739,2435.119140625,2522516.0
2023-06-08,2445.5502664476203,2471.403128928325,2364.747338016069,2424.738037109375,3781621.0
2023-06-09,2443.503858790607,2454.433922098983,2423.5901417442983,2446.697998046875,1948506.0
2023-06-12,2455.532102850721,2500.45037302482,2428.181964712488,2480.287109375,2804898.0
2023-06-13,2494.46138854451,2500.4504915182065,2437.7644983207406,2458.07763671875,2210990.0
2023-06-14,2465.414099460728,2480.2871844759334,2447.8961685201707,2452.687255859375,1364403.0
2023-06-15,2464.5158350343404,2522.4104962056617,2458.426816294331,2481.135498046875,3744029.0
2023-06-16,2494.660978281598,2522.310621623012,2482.882360352473,2505.042236328125,7999982.0
2023-06-19,2499.4520790383704,2517.020210299629,2345.73178344256,2397.038330078125,11475674.0
2023-06-20,2430.5775708089186,2430.5775708089186,2385.659299479801,2410.414306640625,2479711.0
2023-06-21,2422.2926366106262,2435.5685302073484,2388.753806347416,2401.580322265625,7418013.0
2023-06-22,2420.6957580034023,2445.500480517914,2355.713891731411,2392.896240234375,8459191.0
2023-06-23,2387.9550816892165,2387.9550816892165,2159.3709983612484,2229.493408203125,15213238.0
2023-06-26,2206.0364674552807,2332.2068201135635,2169.1036616398083,2291.43115234375,7847341.0
2023-06-27,2324.720206287028,2339.5932917268565,2266.8755014771123,2280.301025390625,3361053.0
2023-06-28,2295.822938892069,2414.207645306877,2289.684205469144,2397.6376953125,28353193.0
2023-06-30,2433.522165148411,2433.522165148411,2345.731948004044,2383.712890625,5125497.0
2023-07-03,2400.632064777759,2413.458824224378,2368.88977085747,2381.16748046875,2662358.0
2023-07-04,2392.646438825937,2409.615562505553,2368.739986852035,2383.36328125,2308684.0
2023-07-05,2386.657380269175,2407.669197245616,2369.688256277299,2394.79248046875,2198481.0
2023-07-06,2394.7924554544934,2423.1909782079165,2385.65917158609,2398.53564453125,2476366.0
2023-07-07,2391.808334945821,2406.738363263117,2364.944280400932,2376.428955078125,1823645.0
2023-07-10,2389.6111463054485,2459.4178925265096,2351.8614738851325,2407.037841796875,3771285.0
2023-07-11,2420.520107393061,2441.691807480642,2384.8177478925754,2419.671142578125,2247776.0
2023-07-12,2426.6618040001163,2428.75910305436,2377.277750112664,2384.7177734375,1445282.0
2023-07-13,2393.805472313727,2402.493828894493,2352.4107622835345,2358.902099609375,1247741.0
2023-07-14,2371.8349621361654,2381.821635660949,2336.881604799422,2372.93359375,1353535.0
2023-07-17,2396.701713030176,2456.222385542391,2388.113319975708,2405.34033203125,3090373.0
2023-07-18,2411.7818286395177,2506.655233906911,2401.9948391225603,2413.67919921875,5978272.0
2023-07-19,2425.413392080727,2439.744366256769,2413.6790505729427,2420.52001953125,1637260.0
2023-07-20,2425.712836680992,2430.656190945154,2396.801467739436,2416.525146484375,1564275.0
2023-07-21,2406.788424766082,2454.5747571988577,2392.108062805461,2413.080078125,2280563.0
2023-07-24,2426.761618209568,2436.1489936098683,2408.835588352513,2414.977294921875,1113193.0
2023-07-25,2424.764396295187,2475.6964326259344,2412.780387746776,2463.36279296875,3017555.0
2023-07-26,2469.15520537639,2502.6605459659263,2442.7405009707327,2467.45751953125,4021773.0
2023-07-27,2467.45748030558,2481.6884907657054,2411.7817727159672,2425.163818359375,2243944.0
2023-07-28,2433.7524434629395,2478.342845157434,2427.8604033540782,2459.91748046875,2339800.0
2023-07-31,2473.698967511036,2514.644327893738,2463.7122942469628,2488.878662109375,3359974.0
2023-08-01,2501.5120511322098,2510.649760011871,2451.978052215253,2477.793701171875,1575727.0
2023-08-02,2489.6776932232533,2510.649707486265,2447.73366469723,2470.253662109375,2506971.0
2023-08-03,2466.608458037906,2546.601812497771,2458.719083282161,2529.22509765625,4720470.0
2023-08-04,2541.908177690973,2554.4912406205563,2498.6658305809324,2538.412841796875,3294056.0
2023-08-07,2547.5504257628504,2565.5764201795605,2513.0464200837964,2547.10107421875,4684333.0
2023-08-08,2559.8339373418285,2559.8339373418285,2458.019855640821,2471.252197265625,6127920.0
2023-08-09,2485.034020222413,2513.5457782688254,2468.705711377122,2503.759033203125,5781400.0
2023-08-10,2506.6551355715123,2574.065184038077,2506.6551355715123,2548.99853515625,8140756.0
2023-08-11,2546.6517119091736,2564.7274445647163,2514.844059444455,2536.11572265625,7157372.0
2023-08-14,2476.6950675641287,2481.6384222625425,2396.851660419219,2452.72705078125,9786919.0
2023-08-16,2446.735169688261,2461.715180931251,2416.775147202283,2441.841796875,7084828.0
2023-08-17,2451.6784896146355,2483.8855133270044,2438.795777655801,2476.3955078125,7769452.0
2023-08-18,2474.1983187979954,2662.3971290369527,2458.0199567580103,2573.965087890625,14679923.0
2023-08-21,2584.5511415764986,2651.4618550562614,2577.061136336227,2636.232177734375,10479200.0
2023-08-22,2665.293550932539,2717.3739575918044,2650.5632069874896,2694.45458984375,10291468.0
2023-08-23,2716.37512110303,2718.771825154368,2485.533266701575,2526.927978515625,5251316.0
2023-08-24,2576.561569860095,2609.517589939701,2527.726837631871,2536.16552734375,4558367.0
2023-08-25,2545.6031093679567,2545.6031093679567,2482.68706547224,2492.424072265625,2808721.0
2023-08-28,2546.6017306933686,2578.559085745206,2452.377369131606,2469.155029296875,4457038.0
2023-08-29,2468.8055434854014,2533.269323004073,2441.741561979888,2503.109619140625,4802150.0
2023-08-30,2513.645926161526,2539.611279391641,2489.078609809993,2509.751220703125,6484593.0
2023-08-31,2446.6849164230043,2486.6316086442507,2380.5731895598938,2416.02587890625,6230369.0
2023-09-01,2377.8271222735902,2462.2645012291014,2376.828454855584,2446.78515625,6764397.0
2023-09-04,2450.729641888229,2476.694992617281,2446.784954675138,2467.3076171875,5998454.0
2023-09-05,2478.69208523528,2498.066132130441,2460.7160749475142,2490.72607421875,6489319.0
2023-09-06,2490.7261655022667,2500.662856123573,2467.706836054852,2493.1728515625,7416248.0
2023-09-07,2494.671086978856,2516.641769089958,2481.688411185931,2506.15576171875,4298988.0
2023-09-08,2510.449956695496,2535.2169549838586,2502.760267097868,2515.942626953125,5640973.0
2023-09-11,2561.581703480634,2626.7447468147907,2542.6070241955927,2611.465087890625,9148241.0
2023-09-12,2618.955195109431,2623.099810983172,2526.6284455365744,2532.32080078125,5658774.0
2023-09-13,2542.307301198867,2563.5289813601944,2492.673585066956,2515.54296875,1780068.0
2023-09-14,2538.4625571125366,2541.608261560468,2502.71021924777,2516.44189453125,1218481.0
2023-09-15,2516.44202532121,2554.591069146664,2510.849390661708,2536.6650390625,1547001.0
2023-09-18,2548.599004783886,2551.595006748757,2487.680298164836,2499.114990234375,861677.0
2023-09-20,2499.065132977404,2530.2734883375515,2455.623102316077,2467.008056640625,1203019.0
2023-09-21,2476.4953607312973,2500.4633773000683,2457.720365656039,2475.946044921875,1279908.0
2023-09-22,2486.6319020938463,2494.671223615151,2456.72186152653,2461.615234375,865589.0
2023-09-25,2476.644955314974,2485.6829432650693,2420.7695678885207,2478.792236328125,1216898.0
2023-09-26,2487.680567867956,2495.669907307115,2449.331836086112,2454.674560546875,698863.0
2023-09-27,2456.721482378824,2494.670838610692,2441.841437592956,2479.990478515625,1077373.0
2023-09-28,2486.6317776415926,2507.65377461478,2443.439413741916,2471.951416015625,2225560.0
2023-09-29,2458.768837381904,2476.245514866452,2401.844802146521,2410.682861328125,1689201.0
2023-10-03,2414.7776241703973,2421.66833127902,2368.8389266055347,2384.068603515625,2019899.0
2023-10-04,2398.9986627623507,2499.4147137083537,2389.0619713790065,2461.6650390625,2857377.0
2023-10-05,2474.6478722875686,2483.1865274490533,2443.139866580607,2463.0634765625,1132455.0
2023-10-06,2463.063509280136,2511.598600005678,2462.763860288592,2474.7978515625,1510035.0
2023-10-09,2436.7485819434296,2456.422281977209,2408.086874845105,2439.34521484375,1408224.0
2023-10-10,2439.744349600221,2514.5944191353806,2439.744349600221,2494.970703125,1771910.0
2023-10-11,2530.523127794508,2534.6177614995568,2479.191722979768,2485.28369140625,1627836.0
2023-10-12,2496.5686538193418,2518.389635067568,2487.330979932408,2503.01025390625,1804818.0
2023-10-13,2485.5831307577773,2491.6750992680704,2419.1220120399425,2451.279052734375,2278682.0
2023-10-16,2451.279163175851,2461.4155399571605,2418.622787322869,2426.11279296875,803856.0
2023-10-17,2456.671823614849,2458.7191405493627,2420.2704456220067,2425.163818359375,707543.0
2023-10-18,2436.748369842569,2438.496037730776,2397.850324750965,2403.143310546875,776977.0
2023-10-19,2396.801759780133,2411.4821217957297,2379.3750624147883,2398.998779296875,1168822.0
2023-10-20,2394.854377122635,2440.693112678279,2378.875698924201,2390.56005859375,1240350.0
2023-10-23,2394.604581267022,2409.1352397339424,2298.7325172415062,2305.5732421875,1483549.0
2023-10-25,2316.908229951263,2344.920897615236,2232.321154974285,2253.9921875,1540819.0
2023-10-26,2246.0029306405468,2246.0029306405468,2164.1621878669225,2200.263916015625,2226073.0
2023-10-27,2219.038987694522,2271.968360488316,2209.0523135824856,2258.68603515625,1244293.0
2023-10-30,2257.0381252055804,2301.928172474072,2247.001469877077,2296.0361328125,996448.0
2023-10-31,2316.908110173908,2316.908110173908,2272.9667494637133,2291.591796875,1155280.0
2023-11-01,2295.936290452134,2309.168633143953,2204.05889213913,2214.34521484375,1666579.0
2023-11-02,2244.0056076410183,2294.8876619973707,2201.262594922896,2212.347900390625,2340997.0
2023-11-03,2212.34775971966,2275.962819153211,2212.048110761019,2226.87841796875,1853300.0
2023-11-06,2250.946192493104,2256.988178637021,2230.0241605736587,2243.0068359375,770061.0
2023-11-07,2253.992164128607,2256.9881661190307,2223.6825131327164,2230.373779296875,641554.0
2023-11-08,2242.307853247455,2294.93757391224,2232.02153076321,2256.938232421875,1169180.0
2023-11-09,2265.976152784977,2269.571452668961,2207.154745066907,2211.698486328125,1267890.0
2023-11-10,2217.2910891333013,2234.018766531334,2195.5700751985423,2202.161376953125,1072597.0
2023-11-13,2212.547583353461,2238.9123046946625,2192.624217858832,2210.699951171875,853633.0
2023-11-15,2237.014721941435,2247.0013948072447,2217.540709853105,2222.43408203125,696475.0
2023-11-16,2223.0335162958536,2229.824503024232,2193.173460121492,2202.960205078125,1307584.0
2023-11-17,2202.960407588976,2234.9677477926884,2198.067034660828,2205.856689453125,916518.0
2023-11-20,2208.053518561546,2215.5435237127044,2139.145471170887,2146.985107421875,1577213.0
2023-11-21,2157.121593406508,2229.5749623555103,2155.473889715436,2193.72265625,1839502.0
2023-11-22,2202.211329315299,2222.0349748190115,2150.630255403479,2169.754638671875,1247205.0
2023-11-23,2187.0814170964545,2187.0814170964545,2157.720695598525,2172.35107421875,729114.0
2023-11-24,2176.0960827685503,2248.948814748024,2158.0201068128395,2222.484130859375,1946259.0
2023-11-28,2297.933748081932,2509.0519444908537,2271.9683949962605,2420.2705078125,11972275.0
2023-11-29,2465.410019088193,2474.348043038417,2386.814948014939,2393.40625,4561574.0
2023-11-30,2396.8516784201965,2405.7897026495502,2339.927638133345,2355.406982421875,2983879.0
2023-12-01,2366.841589858001,2400.147243089494,2350.9628767179724,2359.55126953125,1792983.0
2023-12-04,2546.5516723213245,2591.54168364633,2484.1349651044093,2527.82666015625,5681516.0
2023-12-05,2527.826896718433,2995.9022625204743,2527.826896718433,2955.406494140625,22879079.0
2023-12-06,3075.895474507476,3150.346175096677,2841.0589418938343,2880.106689453125,19355777.0
2023-12-07,2896.1352186403824,2941.973950954137,2849.247836880964,2883.30224609375,6325887.0
2023-12-08,2898.8316184437163,2923.0992833962223,2756.321838802041,2818.388916015625,6959428.0
2023-12-11,2833.269128641524,2916.0085686366883,2807.303778691104,2851.994140625,5064123.0
2023-12-12,2865.276488533521,2892.090559629101,2836.7644879516884,2853.841552734375,2017772.0
2023-12-13,2856.188756904283,2895.236749673388,2801.262050040739,2871.21875,2805832.0
2023-12-14,2897.0838219993707,2929.0411752334485,2883.1524620869413,2890.193115234375,3224681.0
2023-12-15,2908.169268137331,2996.0020116834644,2890.043309677485,2987.81298828125,4921484.0
2023-12-18,2989.960237435831,3023.7152445894835,2957.1541593720126,2976.628173828125,2315922.0
2023-12-19,2984.817251270495,2990.3599042472565,2911.1155464765725,2937.33056640625,1741493.0
2023-12-20,2942.0742046804908,2964.0448878111665,2762.513754694911,2780.140380859375,3417739.0
2023-12-21,2746.3353399996654,2818.189410404964,2721.368655090577,2796.01904296875,2678577.0
2023-12-22,2812.197147099385,2843.8051135732194,2787.679816012988,2804.607421875,1513956.0
2023-12-26,2813.2459626631703,2889.893682803177,2796.368581748028,2861.63134765625,2048484.0
2023-12-27,2876.8608687234555,2890.9421753086635,2829.8237847513515,2839.560791015625,1698325.0
2023-12-28,2851.195268194989,2863.528907424148,2796.3685285148254,2806.1552734375,4102912.0
2023-12-29,2820.1366542359287,2859.484294423398,2799.1149014059306,2845.1533203125,1507086.0
2024-01-01,2848.498844345992,2943.072590745336,2838.262504320495,2913.312255859375,2898619.0
2024-01-02,2918.106144061623,2944.2711811898785,2837.2140846266498,2928.4921875,2671368.0
2024-01-03,3042.939410199176,3194.736847137238,2951.661312092792,2998.998046875,19725411.0
2024-01-04,3035.349278752138,3040.392597354699,2986.0152119075938,2994.30419921875,2975620.0
2024-01-05,3005.938650951459,3062.812706060145,2977.1272450597626,3002.59326171875,3219949.0
2024-01-08,3015.9752394365823,3022.965910521369,2949.014548354252,2959.550537109375,1849061.0
2024-01-09,2986.7144671402607,3064.710486588346,2976.0287749997933,3010.582763671875,2885706.0
2024-01-10,3019.97021676602,3107.8529479417507,3016.025529300166,3094.0712890625,3590297.0
2024-01-11,3115.841933738985,3124.8299393170782,3060.915232983971,3076.7939453125,2008103.0
2024-01-12,3092.223707043006,3120.8354287274724,3064.111075211868,3099.96337890625,1795933.0
2024-01-15,3122.832591441905,3125.828593288508,3063.361906023797,3085.382568359375,1407007.0
2024-01-16,3090.875450819463,3100.3627906523498,3030.955409769651,3052.4267578125,2515564.0
2024-01-17,3028.9579675976365,3040.941975382395,2942.373560115811,2967.090576171875,2897218.0
2024-01-18,2971.5846610320305,2981.022018659708,2881.255248626652,2915.010009765625,2552342.0
2024-01-19,2941.4252667075843,2945.5196569568984,2899.181584876681,2911.7646484375,2014096.0
2024-01-23,3010.9320573026466,3010.9320573026466,2881.654618501991,2892.68994140625,1827002.0
2024-01-24,2897.133880248032,2925.196529320144,2867.423527632596,2899.58056640625,5807940.0
2024-01-25,2899.580623439526,2922.450251687542,2800.662575199414,2889.743896484375,2601969.0
2024-01-29,2925.096550763232,3088.5783406345054,2919.1545290322447,3060.565673828125,4402976.0
2024-01-30,3076.894318571163,3125.7290578441807,3016.874309150816,3086.98095703125,3115506.0
2024-01-31,3088.6283782434493,3147.4997684578275,3068.3054005953627,3137.812744140625,2671051.0
2024-02-01,3152.692734610436,3232.6361015693537,3078.941300028078,3149.29736328125,4686595.0
2024-02-02,3180.705539729563,3204.224204674662,3135.8154909392047,3153.2421875,2708695.0
2024-02-05,3165.775593568803,3225.096338395369,3147.2502649127814,3169.220947265625,2191195.0
2024-02-06,3179.656824659808,3223.8978362837665,3155.7887729223567,3199.48046875,2078891.0
2024-02-07,3215.758909460834,3273.5816525845275,3205.722253641984,3225.5458984375,2095911.0
2024-02-08,3241.2750769113886,3241.2750769113886,3141.907668589712,3164.377685546875,1679004.0
2024-02-09,3180.206019732245,3220.6520451916053,3117.0403133049726,3210.9150390625,1572789.0
2024-02-12,3224.696920258153,3237.629613866527,3155.7888721015065,3165.52587890625,1083138.0
2024-02-13,3175.762338705075,3189.7436823345943,3087.929589452688,3174.21435546875,1225207.0
2024-02-14,3179.756748179584,3250.911794758665,3165.6257031219134,3202.92578125,1741264.0
2024-02-15,3215.5592794738627,3248.415338938319,3179.8069383016173,3189.5439453125,2035204.0
2024-02-16,3209.7168950366504,3247.965903687665,3188.395249374564,3219.30419921875,2193673.0
2024-02-19,3235.6825227964096,3304.191207070624,3231.488168289177,3254.45751953125,1779444.0
2024-02-20,3262.6463373689708,3265.442654801948,3205.8719991696344,3224.297607421875,1467630.0
2024-02-21,3233.685111761826,3295.602491912917,3200.729086842697,3218.90478515625,1657021.0
2024-02-22,3234.6836607782766,3269.6370192615245,3206.2216402990603,3258.70166015625,1138722.0
2024-02-23,3258.7014042458336,3315.525476477156,3220.802028715488,3268.937744140625,1975035.0
2024-02-26,3267.6394822656075,3339.543529552626,3258.65147635473,3323.315185546875,1695378.0
2024-02-27,3334.550212139813,3335.5488794689954,3268.638168413779,3297.899169921875,1125570.0
2024-02-28,3304.789700455457,3314.3770038296475,3203.2252872653094,3214.7099609375,1358879.0
2024-02-29,3215.7589612077186,3300.3460399377336,3201.0785994141256,3281.021728515625,1352988.0
2024-03-01,3305.439350354649,3341.541078890066,3277.4266813695767,3314.327392578125,1161067.0
2024-03-04,3330.5555574773207,3345.535567480967,3305.638856267643,3312.729248046875,1061244.0
2024-03-05,3320.8683032976883,3329.556659735508,3290.6586185475385,3305.788330078125,1190416.0
2024-03-06,3318.571510492132,3318.571510492132,3178.9077880059526,3229.64013671875,1935203.0
2024-03-07,3235.6822714736563,3257.6529535639097,3215.7089241188805,3222.250244140625,856328.0
2024-03-11,3236.880672352826,3254.6570005296367,3195.7356249447184,3203.075927734375,738851.0
2024-03-12,3203.075891176656,3218.405289038436,3106.8541924164333,3118.3388671875,1199487.0
2024-03-13,3120.835624269403,3133.8682825994088,2846.3517919175474,2902.3271484375,3407040.0
2024-03-14,2923.5486738289983,3097.067125228807,2876.1619570155294,3083.33544921875,3759100.0
2024-03-15,3106.8539369956297,3139.210659642674,3057.1702393532214,3128.025634765625,2199094.0
2024-03-18,3046.035524007833,3119.836947093175,2972.084154523826,3107.603271484375,3042515.0
2024-03-19,3121.8342030248423,3160.58254579857,3037.796441246877,3048.6318359375,1460452.0
2024-03-20,3070.901964590188,3079.09098773271,3017.0738943467272,3047.38330078125,966481.0
2024-03-21,3085.432906492565,3102.9595680805164,3055.5228667025967,3062.41357421875,1175751.0
2024-03-22,3062.4632873410897,3124.7800299406213,3043.987942111534,3103.558349609375,951557.0
2024-03-26,3096.368305797727,3167.723043504351,3084.9835948458235,3105.8056640625,937103.0
2024-03-27,3110.848817363488,3134.2675181244053,3102.110477988871,3117.939453125,900231.0
2024-03-28,3129.823350659113,3232.686083625893,3092.6229933483114,3192.83935546875,2327053.0
2024-04-01,3225.895152519892,3287.413157419854,3203.5750840394785,3247.76611328125,1292646.0
2024-04-02,3254.606810339332,3280.622142761113,3235.682113408221,3264.393798828125,868829.0
2024-04-03,3245.668862418456,3255.8052384165167,3217.706176834543,3229.140869140625,1153109.0
2024-04-04,3245.668705252513,3268.638053012762,3197.4330261929404,3206.52099609375,1403826.0
2024-04-05,3206.820990907569,3229.690376878835,3174.713687655921,3220.502685546875,755607.0
2024-04-08,3236.630731713149,3239.1773820869057,3192.939037411838,3220.252685546875,577440.0
2024-04-09,3236.3811950508025,3246.6675174002057,3180.7554730604907,3194.1875,833679.0
2024-04-10,3195.73541602406,3250.262749086075,3188.245411142753,3237.679443359375,1441138.0
2024-04-12,3205.7222787168907,3243.172305337416,3201.0285908101737,3205.622314453125,705173.0
2024-04-15,3145.802021493249,3176.061689701141,3099.064342696583,3143.25537109375,1035378.0
2024-04-16,3096.8675475765363,3145.003266563622,3095.868880195828,3102.26025390625,1134184.0
2024-04-18,3120.985159495108,3140.808803843567,3004.291026379144,3015.2763671875,1703646.0
2024-04-19,2996.0022219019297,3052.976246251488,2958.5521941281554,3022.916259765625,1727317.0
2024-04-22,3048.93127401976,3073.398622926895,3020.968589554462,3059.267578125,993929.0
2024-04-23,3054.923168865719,3086.8805214004374,3039.044456851131,3061.01513671875,1654272.0
2024-04-24,3067.856196573903,3083.735154139574,3035.948822677568,3039.494140625,605917.0
2024-04-25,3045.935345622091,3116.740761540118,3021.6176986973296,3111.098388671875,1515529.0
2024-04-26,3115.7420363964934,3125.72870947551,3061.9639481551417,3076.294677734375,662764.0
2024-04-29,3105.855664491254,3106.354998199372,3047.433620641499,3077.093994140625,648544.0
2024-04-30,3089.876826589022,3104.3075212468502,3040.9421257154404,3050.629150390625,804552.0
2024-05-02,3067.856058270391,3115.6923697077145,3011.0319846706,3035.54931640625,2219085.0
2024-05-03,3025.962010715516,3040.942020669553,2971.1352718098465,2989.260986328125,1472168.0
2024-05-06,2989.2611408140224,2996.201830355036,2846.2020383596305,2870.819091796875,2377944.0
2024-05-07,2886.0986918029084,2901.4783154549045,2818.239293370871,2832.170654296875,1262311.0
2024-05-08,2846.2020474338883,2887.0474459569155,2816.242025881953,2856.738037109375,951411.0
2024-05-09,2860.982236049227,2879.806969064152,2752.327181011133,2762.962890625,1485510.0
2024-05-10,2791.225233151836,2805.256558041799,2756.77120992206,2793.522216796875,2354794.0
2024-05-13,2799.264676203378,2886.1487385757264,2786.7813339085,2875.7626953125,3784373.0
2024-05-14,2891.09212908011,3041.9408879981643,2870.719411729282,3033.502197265625,5725807.0
2024-05-15,3042.68978892593,3114.69380334104,3033.55208007847,3045.685791015625,1688836.0
2024-05-16,3060.9154156029435,3072.8494416250296,2970.985372329271,3037.596435546875,1835312.0
2024-05-17,3036.9975983545955,3086.880987089145,3011.481597077747,3056.421630859375,825436.0
2024-05-21,3063.8114609721,3170.7688315237824,3030.4560690579265,3113.345458984375,3091659.0
2024-05-22,3125.77881932048,3140.808811681565,3069.404096249059,3136.76416015625,3371077.0
2024-05-23,3152.493105324326,3401.4609189411767,3131.3713888646403,3382.785888671875,6979082.0
2024-05-24,3401.461206779348,3453.242209640609,3351.1284667183577,3380.439208984375,3473668.0
2024-05-27,3353.524809958826,3353.524809958826,3262.6960673383896,3284.666748046875,2582485.0
2024-05-28,3305.239486398152,3325.0631319552945,3224.7470396746785,3239.72705078125,1621168.0
2024-05-29,3245.669197249485,3318.471956486286,3207.7198343277987,3254.45751953125,1910729.0
2024-05-30,3249.663786583069,3269.936783983999,3170.2697266465743,3189.993408203125,1990208.0
2024-05-31,3220.9516332698536,3429.872778733624,3220.9516332698536,3406.8037109375,6384589.0
2024-06-03,3720.035809524167,3738.91052456182,3581.271032586983,3640.39208984375,8511359.0
2024-06-04,3515.3093391415214,3515.3093391415214,2730.3067602556816,2937.33056640625,20306909.0
2024-06-05,3025.96212883628,3145.802213146628,2746.3352654454684,3111.198486328125,8778345.0
2024-06-06,3179.756837416816,3218.105566070609,3132.969174616531,3181.404541015625,5873271.0
2024-06-07,3166.174634437139,3229.440303900494,3147.3998846997533,3215.25927734375,4740455.0
2024-06-10,3262.645991479605,3280.022704560099,3201.227953990779,3215.80859375,4935698.0
2024-06-11,3219.7036106664727,3260.6489729609284,3190.79223898015,3216.957275390625,4173692.0
2024-06-12,3220.6020671613664,3240.6753773483947,3203.724687375547,3214.760009765625,3022477.0
2024-06-13,3225.695707272306,3249.663724911481,3202.976023885172,3220.502685546875,3202978.0
2024-06-14,3221.961383902909,3271.914273575822,3218.065156072659,3258.6767578125,4224855.0
2024-06-18,3306.881429206672,3341.8484533825726,3284.102861818535,3305.932373046875,1755612.0
2024-06-19,3310.8776710155767,3310.8776710155767,3223.2603475140327,3258.82666015625,1419264.0
2024-06-20,3260.8246646899256,3311.876615972473,3236.947280769476,3256.37890625,1366545.0
2024-06-21,3261.9737961634432,3274.012491721553,3173.407173743101,3186.295166015625,4697655.0
2024-06-24,3182.748328955829,3211.7710063045856,3132.0461465201365,3191.590087890625,3261647.0
2024-06-25,3201.7305022794208,3205.426967377771,3153.3762020559,3168.1123046875,1694962.0
2024-06-26,3166.06411031187,3184.696440367119,3160.9188163923063,3167.5126953125,2142889.0
2024-06-27,3174.006801859595,3199.233012670723,3147.0322398041308,3172.158447265625,5114980.0
2024-06-28,3186.994484849165,3208.9237554847364,3154.025576385208,3174.156494140625,960905.0
2024-07-01,3176.953822849665,3190.141337112732,3154.575025549346,3180.80029296875,832170.0
2024-07-02,3176.854040603408,3204.777657311153,3128.0999712164453,3150.22900390625,1490844.0
2024-07-03,3155.02469607994,3191.540309346457,3144.78435309868,3187.943603515625,1152522.0
2024-07-04,3188.9923614286,3191.440004151965,3135.0932442022354,3141.287353515625,1055391.0
2024-07-05,3140.937850664821,3155.5741943907306,3121.0066955068773,3144.93408203125,663988.0
2024-07-08,3144.9339917613047,3155.224336016614,3072.102774762873,3110.66650390625,1155112.0
2024-07-09,3113.014143642368,3155.024573461233,3097.578749213601,3107.819091796875,922403.0
2024-07-10,3117.160398816108,3124.3035646581525,3060.513625346875,3093.0830078125,586710.0
2024-07-11,3115.7614955447148,3126.8511346301084,3071.2036642475096,3075.399658203125,899781.0
2024-07-12,3087.088439921909,3095.880196882444,3055.4683597762623,3062.5615234375,756036.0
2024-07-15,3063.2113706299792,3100.5760366457425,3055.46867229455,3087.48828125,724171.0
2024-07-16,3107.0696529823704,3134.793505995316,3093.1828475959765,3106.370361328125,988357.0
2024-07-18,3103.0736681438643,3108.068957371398,3054.2695948266182,3089.28662109375,1021653.0
2024-07-19,3089.0869062499823,3091.584550902513,2997.173583036852,3002.8681640625,1026941.0
2024-07-22,3002.8679890753174,3024.0479657124274,2969.349551009465,2998.022705078125,662085.0
2024-07-23,3017.154755001934,3035.1377965880383,2883.630768789355,2992.528076171875,1443331.0
2024-07-24,2992.528045535424,3004.6665009175304,2956.5119610565184,2967.901123046875,693702.0
2024-07-25,2957.910497197929,3014.806792386343,2942.3253412450763,2970.698486328125,1105721.0
2024-07-26,2992.1782114814964,3106.070804506168,2985.284809994245,3077.59765625,1942427.0
2024-07-29,3091.3847406790096,3117.4102463411728,3071.103817629524,3086.439453125,1037474.0
2024-07-30,3089.0868701308427,3152.0275146386834,3063.760656086064,3125.80224609375,1647048.0
2024-07-31,3138.0404313341182,3194.487194903166,3132.046084760414,3166.41357421875,2414005.0
2024-08-01,3177.003846452716,3254.9303558940087,3148.7304615527937,3214.21875,6149883.0
2024-08-02,3196.9851346785977,3211.971002497404,3108.068985620349,3157.921875,3360209.0
2024-08-05,3082.093356830791,3130.098133585592,2993.4769774926867,3035.33740234375,2238921.0
2024-08-06,3081.0943338509283,3139.8389827726187,3054.3695370187256,3069.804931640625,2125201.0
2024-08-07,3115.062311474843,3186.9944751779185,3109.067964499587,3182.9482421875,1868169.0
2024-08-08,3187.5440038863903,3239.5947704111427,3153.5760377133024,3164.565673828125,2139376.0
2024-08-09,3205.9766169419063,3216.266961502932,3168.062420596902,3184.546875,760165.0
2024-08-12,3097.0792748448284,3166.8635618761377,3011.160301413649,3148.780517578125,10307245.0
2024-08-13,3167.0633719306907,3175.1058363691413,3078.846515390326,3089.28662109375,2192588.0
2024-08-14,3082.7927310448176,3082.7927310448176,3024.897377943745,3037.23583984375,1232383.0
2024-08-16,3067.1073592832217,3118.658837869937,3036.4863361432126,3105.870849609375,970067.0
2024-08-19,3119.1085810229183,3131.3470395741747,3090.0359002879363,3099.626953125,557265.0
2024-08-20,3116.011378031504,3123.0547845330607,3055.9681486419618,3067.7568359375,662263.0
2024-08-21,3067.756800675968,3150.329075933,3065.508920578581,3112.764404296875,1379240.0
2024-08-22,3127.800210462521,3147.032073131659,3088.0876628730025,3096.130126953125,1378912.0
2024-08-23,3098.078338159773,3120.0576104717743,3064.709904123068,3073.45166015625,1375224.0
2024-08-26,3085.09049670088,3087.088612307551,3052.121589190799,3066.1083984375,1632446.0
2024-08-27,3069.305253393934,3092.833112821924,3061.113028405516,3064.210205078125,1310440.0
2024-08-28,3075.099861900904,3075.099861900904,3019.2526292896177,3025.14697265625,1569652.0
2024-08-29,3027.1450157285044,3039.083707189937,2978.490951551553,3017.30419921875,1853966.0
2024-08-30,3027.1452394702205,3035.687232739955,3000.4704440629503,3016.50537109375,3509174.0
2024-09-02,3018.253719134102,3056.267674580156,2994.775860040761,3039.28369140625,1842658.0
2024-09-03,3034.1385564141656,3050.173482980429,3020.951042158857,3033.239501953125,1371577.0
2024-09-04,3007.164079417204,3022.149946922605,2952.4156613486834,3009.511962890625,1212270.0
2024-09-05,3022.149843403795,3035.037591452749,2999.171514015932,3012.509033203125,734273.0
2024-09-06,3016.155500378545,3022.149847182875,2965.203552541743,2972.646484375,1251165.0
2024-09-09,2969.299882634167,2969.699408203073,2924.542042939515,2961.357177734375,1523581.0
2024-09-10,2968.800321005567,3004.5663958997,2944.8229332809096,2983.586181640625,803782.0
2024-09-11,2982.187508569873,2990.1299692326893,2925.241214436378,2935.08203125,888628.0
2024-09-12,2947.220514897557,2997.173404980567,2914.4013685487816,2988.181884765625,1314173.0
2024-09-13,2969.1996859445376,2999.1214173084627,2953.2647633300144,2965.55322265625,815948.0
2024-09-16,2969.199897923713,3023.54854680868,2969.199897923713,2982.087646484375,695162.0
2024-09-17,2987.2328344634584,2993.0771762682134,2949.718165155818,2972.396728515625,698700.0
2024-09-18,2973.196038485408,2981.937794310928,2932.234668331543,2953.5146484375,831891.0
2024-09-19,2972.246797443393,2972.4465602105724,2887.626655098769,2940.376708984375,1655401.0
2024-09-20,2945.3722888204925,3022.1499817898766,2939.278182311016,3005.66552734375,1787210.0
2024-09-23,3017.154645016181,3067.107536489959,3012.4091203261723,3041.08203125,897314.0
2024-09-24,3052.1216120052263,3098.0782713021954,3037.385509295872,3090.98486328125,1021918.0
2024-09-25,3105.0717306850106,3120.9566525924206,3077.2978742732107,3102.174560546875,913008.0
2024-09-26,3082.0933348000613,3145.033976645249,3082.0933348000613,3119.707763671875,1548019.0
2024-09-27,3119.0586011583946,3176.0048984889613,3113.0642540709664,3127.350830078125,2297441.0
2024-09-30,3126.0521079078408,3206.875792871477,3117.46011257178,3132.895751953125,1607429.0
2024-10-01,3133.345257783993,3188.9927325619265,3104.072813305108,3183.098388671875,1367116.0
2024-10-03,3147.032175321175,3193.3386034651426,3081.1943616620306,3113.064208984375,1309703.0
2024-10-04,3116.960523497064,3146.532733751912,3067.107633788972,3107.71923828125,987583.0
2024-10-07,3107.719103396176,3125.5523830082657,2977.6418242998634,3015.156494140625,1743454.0
2024-10-08,3015.655954163325,3167.013210103608,2992.028334876159,3157.721923828125,1776511.0
2024-10-09,3172.0085428897887,3176.953830261151,3131.446698288912,3150.778564453125,897335.0
2024-10-10,3137.0415004457554,3207.974604436726,3053.2206483643254,3171.209228515625,2905725.0
2024-10-11,3171.209279923758,3186.994442244267,3113.064163646751,3134.244140625,1035260.0
2024-10-14,3142.036762250292,3147.132054564124,3089.9359958554346,3098.17822265625,437728.0
2024-10-15,3121.056767905828,3125.052999362814,3088.58738731782,3101.77490234375,371613.0
2024-10-16,3095.081128836538,3112.464637354208,3058.1159894669604,3082.992431640625,543476.0
2024-10-17,3087.038554846919,3097.079134371112,2990.179951346044,3010.910400390625,2655289.0
2024-10-18,2987.1829367986443,3028.843599877561,2965.3036677020536,2999.171630859375,796339.0
2024-10-21,3002.318482301283,3012.1092976283944,2914.2016321784763,2934.882080078125,1051690.0
2024-10-22,2935.23200785732,2952.21599156514,2815.345064037416,2821.1396484375,1209732.0
2024-10-23,2838.17347313647,2876.2874309704675,2817.44302360794,2832.87841796875,1270530.0
2024-10-24,2838.373322383439,2872.4410483483,2805.2544086729376,2827.533447265625,942066.0
2024-10-25,2842.319363625462,2844.3174791710685,2652.198620678871,2690.912109375,1954174.0
2024-10-28,2698.5552844350063,2819.740807779519,2669.5826064818566,2796.01318359375,1385033.0
2024-10-29,2800.3588844781043,2860.352351388266,2730.275080598835,2845.916015625,1529844.0
2024-10-30,2861.301368422446,2994.325808988608,2812.397540813404,2966.502197265625,2884272.0
2024-10-31,2965.103590841663,2973.69558561278,2931.085867377797,2944.47314453125,1156390.0
2024-11-01,2957.2112990549244,2972.7966994114863,2925.6409727575256,2946.72119140625,304673.0
2024-11-04,2932.234592066736,2940.227054327905,2855.057378357313,2894.669921875,1059384.0
2024-11-05,2894.669933342406,2921.244968030311,2867.295847553691,2912.802978515625,752303.0
2024-11-06,2915.2507174548628,3067.107506026877,2915.2507174548628,3043.3798828125,1676755.0
2024-11-07,3042.131091699252,3042.131091699252,2940.2771947346605,2967.3017578125,1285585.0
2024-11-08,2962.3064132305303,2992.178144217916,2908.5070525390342,2926.34033203125,835641.0
2024-11-11,2925.241463506918,2944.0238003744,2885.2791484316867,2900.914306640625,584144.0
2024-11-12,2907.258210610845,2927.688893927348,2852.310031372496,2867.2958984375,597231.0
2024-11-13,2857.30539542383,2886.278072510296,2805.354388234306,2814.046142578125,890146.0
2024-11-14,2821.339064148924,2842.1195139700976,2798.3607360768897,2824.136474609375,646797.0
2024-11-18,2824.1366552472946,2855.956500027268,2790.6682187407914,2816.044189453125,489692.0
2024-11-19,2828.3326017334807,2892.072537478014,2807.152625380753,2818.841552734375,536296.0
2024-11-21,2536.95759396695,2536.95759396695,2153.019621752628,2181.592529296875,21796668.0
2024-11-22,2099.0203023530426,2287.5424482658427,2023.0919144525992,2225.900634765625,20939196.0
2024-11-25,2312.8186216301565,2331.4509505425576,2235.891177195805,2255.372802734375,7466733.0
2024-11-26,2263.465274267323,2290.68959721275,2133.9872958323645,2148.4736328125,7723187.0
2024-11-27,2177.946162197628,2415.7219358687453,2140.1317241566944,2395.541015625,17502156.0
2024-11-28,2437.7011252447064,2523.9198654647857,2397.738811716105,2434.803955078125,14445549.0
2024-11-29,2461.728399921204,2517.6256345733627,2397.738699593679,2460.8291015625,8191680.0
2024-12-02,2489.002840016431,2505.637055439858,2424.313845064385,2454.735107421875,3807565.0
2024-12-03,2461.6786415208226,2555.5900832022176,2459.7305274170026,2511.831298828125,4070042.0
2024-12-04,2525.618085479507,2527.666202724929,2467.772737177738,2492.3994140625,2344949.0
2024-12-05,2502.639826409539,2535.75849541036,2467.9225673405845,2520.17333984375,3333144.0
2024-12-06,2517.6256134929586,2532.6114802399406,2500.1421022881464,2504.038330078125,1240437.0
2024-12-09,2505.5369866503584,2523.620030593753,2480.810305828032,2493.49853515625,958369.0
2024-12-10,2498.6436925241137,2498.6436925241137,2452.687031246181,2464.87548828125,1119816.0
2024-12-11,2466.6737437724146,2477.663379730898,2448.690703113077,2454.934814453125,712674.0
2024-12-12,2454.685002935615,2532.411748188385,2443.94513163665,2501.74072265625,2579624.0
2024-12-13,2501.6408401748504,2542.602211759183,2476.71439576114,2525.168701171875,1940935.0
2024-12-16,2527.6162296577813,2535.109163144909,2500.6416691041213,2510.03271484375,654321.0
2024-12-17,2509.633261067345,2522.621012816499,2478.4127039780315,2485.25634765625,1061891.0
2024-12-18,2486.6550431125697,2494.247980503113,2449.689901852961,2455.084716796875,990217.0
2024-12-19,2426.711366729306,2431.706655668642,2394.8415208605807,2417.070556640625,1181898.0
2024-12-20,2426.7113332080503,2451.538016457844,2330.801786897646,2342.740478515625,1337016.0
2024-12-23,2371.71311527189,2377.257934609621,2330.5519844339537,2336.74609375,758920.0
2024-12-24,2352.980852771821,2410.626438339084,2337.79522318114,2370.214599609375,1156186.0
2024-12-26,2375.8094906340834,2407.729339106929,2365.7689107905426,2397.988525390625,895785.0
2024-12-27,2412.724489687377,2443.845041337951,2388.2475745746065,2407.67919921875,1982291.0
2024-12-30,2422.715286092852,2607.540988330863,2419.6681108684274,2589.90771484375,7825097.0
2024-12-31,2572.573759214471,2575.3211680835348,2505.087358030436,2526.267333984375,2745674.0
2025-01-01,2533.610534344813,2641.708537540656,2515.877258719963,2552.44287109375,2875721.0
2025-01-02,2563.282591274969,2599.548438799761,2534.6096807205968,2595.25244140625,1167236.0
2025-01-03,2577.568985478936,2616.532237585013,2554.1911317795225,2562.18359375,932795.0
2025-01-06,2555.239964473109,2566.429606435513,2461.178774589562,2472.118408203125,1121398.0
2025-01-07,2472.318391664871,2522.621051584471,2472.318391664871,2518.17529296875,1019130.0
2025-01-08,2518.1751820657687,2527.6162294767546,2487.653917548268,2512.880126953125,879641.0
2025-01-09,2514.628442467681,2515.1779730310304,2467.1731977250456,2475.565185546875,705838.0
2025-01-10,2477.663447445911,2482.2592110820287,2366.0187336345884,2372.162841796875,1418808.0
2025-01-13,2362.771804019524,2362.771804019524,2214.811239573551,2223.053466796875,1559903.0
2025-01-14,2239.3880910286434,2420.6170810006947,2239.3880910286434,2378.30712890625,4120705.0
2025-01-15,2396.7395323099017,2419.6678587951933,2370.4142631423483,2385.899658203125,1421437.0
2025-01-16,2497.6446718046623,2567.578722615193,2416.571223322128,2425.562744140625,2841803.0
2025-01-17,2447.6917174801247,2447.6917174801247,2377.8076700835786,2397.5390625,1122205.0
2025-01-20,2411.475614946427,2451.687688898408,2387.747993670413,2440.498291015625,1039435.0
2025-01-21,2439.4492863471605,2439.4492863471605,2371.413355302741,2382.053466796875,1206512.0
2025-01-22,2396.73983560688,2396.73983560688,2322.9593141745368,2374.31103515625,1147334.0
2025-01-23,2380.754814023192,2402.883847441164,2352.781194722877,2382.7529296875,826721.0
2025-01-24,2385.500401153686,2403.733207067645,2297.2335418087164,2312.9189453125,1388583.0
2025-01-27,2307.8734572141475,2315.915921068613,2247.9299908363973,2257.57080078125,1032995.0
2025-01-28,2272.0570643064502,2313.6679655380944,2239.8874538495147,2283.89599609375,966497.0
2025-01-29,2294.835781162571,2324.0582219980106,2280.4494463155165,2316.41552734375,785220.0
2025-01-30,2322.8092211149224,2349.284250946985,2199.225828756429,2250.4775390625,2601625.0
2025-01-31,2236.7406997030694,2312.768853520974,2211.664250836292,2285.64453125,2013345.0
2025-02-01,2294.835890177588,2349.2345415348523,2235.441949551326,2267.861328125,987362.0
2025-02-03,2264.614524491129,2276.8529839264515,2211.814216220205,2259.71923828125,824942.0
2025-02-04,2276.752738964757,2309.821649942972,2265.413579200885,2299.33154296875,691187.0
2025-02-05,2312.768857774388,2347.186350982752,2306.874514184961,2322.409912109375,560940.0
2025-02-06,2337.7953323525267,2337.7953323525267,2296.0346660950486,2310.271240234375,680544.0
2025-02-07,2310.2711649061653,2372.662275844184,2305.1761164635286,2336.596435546875,892884.0
2025-02-10,2347.7860235569906,2348.735079763114,2277.951975143946,2288.641845703125,739708.0
2025-02-11,2309.821686228061,2394.741601162916,2303.8273392914825,2319.5625,4895456.0
2025-02-12,2322.809518751094,2376.2091124538088,2278.8509730198903,2351.232666015625,1933098.0
2025-02-13,2351.782025606977,2370.514359073473,2231.29555918624,2242.5849609375,2551665.0
2025-02-14,2243.5839550585347,2247.1806605462784,2122.5482054190925,2150.62158203125,2549876.0
2025-02-17,2150.6216322858177,2238.288952469936,2108.661205531026,2221.604736328125,1400160.0
2025-02-18,2237.8896433378573,2237.8896433378573,2164.009362153536,2218.208251953125,1138085.0
2025-02-19,2163.9592566831648,2217.308847164575,2124.996001368925,2178.745361328125,1203163.0
2025-02-20,2178.7453743686856,2214.261929169058,2154.7679863394865,2176.947021484375,1086670.0
2025-02-21,2188.386151624922,2197.527677018384,2114.8556424667245,2131.09033203125,1540308.0
2025-02-24,2126.9440286764225,2136.485079332577,2094.7244150180286,2113.156982421875,1032294.0
2025-02-25,2113.156917559565,2156.2664061287337,2100.01940561673,2127.84326171875,802131.0
2025-02-27,2141.7303288655658,2147.0753860843565,2100.519191342205,2108.961181640625,941950.0
2025-02-28,2105.0147822722224,2109.3607812616547,2070.04775931089,2094.025146484375,2373922.0
2025-03-03,2107.0130026124234,2125.245808348638,2024.6407317807968,2115.10546875,1592611.0
2025-03-04,2083.1355928078365,2151.970580190256,2078.04030027657,2142.779296875,852978.0
2025-03-05,2151.9205696991016,2256.272111529745,2146.026226051133,2243.734130859375,1370106.0
2025-03-06,2257.8707050119024,2266.762222170937,2224.052499764186,2250.7275390625,890270.0
2025-03-07,2247.830211364785,2265.513486925248,2224.9018819738944,2245.382568359375,818806.0
2025-03-10,2242.8849011139005,2285.8443891975967,2217.908454553612,2226.20068359375,940113.0
2025-03-11,2221.0551615474305,2265.713238547249,2206.219300157998,2248.4794921875,947079.0
2025-03-12,2267.8611243036007,2277.851701943705,2178.894981636357,2239.687744140625,1049076.0
2025-03-13,2246.8809386096987,2270.858325237815,2213.512506449807,2219.00732421875,750310.0
2025-03-17,2197.9270968138385,2284.74511957375,2195.9289812712805,2250.577392578125,927737.0
2025-03-18,2250.577392578125,2250.577392578125,2250.577392578125,2250.577392578125,0.0
2025-03-19,2317.764155987922,2339.7934298460914,2308.872638895617,2316.46533203125,1030345.0
2025-03-20,2345.787701294948,2345.787701294948,2296.833869368435,2337.095947265625,2587050.0
2025-03-21,2341.591875155033,2387.298772525356,2335.797290750007,2360.573974609375,1101418.0
2025-03-24,2367.7670856955565,2392.7435317471973,2358.8755684654147,2366.46826171875,1010184.0
2025-03-25,2382.7528062992246,2385.4002118530984,2312.918765012176,2318.163818359375,763065.0
2025-03-26,2322.709603705018,2357.6268722815585,2305.8756245120594,2310.42138671875,1078870.0
2025-03-27,2307.8236997641184,2371.663400647893,2289.4411323605464,2361.12353515625,1696042.0
2025-03-28,2373.76139645314,2384.70103087437,2291.538888526199,2313.6181640625,1838836.0
2025-04-01,2309.821710068515,2356.7274265492474,2298.8320739046944,2333.0498046875,501942.0
2025-04-02,2337.5455139287105,2376.608771913769,2312.3693058667213,2367.16748046875,573928.0
2025-04-03,2337.545459822979,2427.6104218604264,2337.495458151453,2408.528564453125,1023200.0
2025-04-04,2392.693429437376,2407.779299782305,2313.318336005863,2332.4501953125,1219733.0
2025-04-07,2148.024358246562,2236.8905043561235,2142.9790673710963,2210.615234375,1567177.0
2025-04-08,2267.861227889476,2298.8320199884065,2222.9036264555434,2283.54638671875,1224337.0
2025-04-09,2263.565148991552,2277.402196720931,2213.112731421896,2234.792236328125,1001633.0
2025-04-11,2300.8803246713483,2341.292167580555,2278.851049392467,2319.212890625,981463.0
2025-04-15,2372.7621409786443,2437.700894310691,2356.777217081525,2415.92138671875,1145125.0
2025-04-16,2397.738818863147,2425.712438416551,2380.654832214505,2413.32421875,889949.0
2025-04-17,2415.7220181294674,2446.2932876353048,2389.746512558183,2415.822021484375,1054797.0
2025-04-21,2423.814224378439,2462.577471861723,2393.242958156473,2440.3984375,782559.0
2025-04-22,2456.5830774678698,2481.0599930757785,2438.700040771634,2443.19580078125,766567.0
2025-04-23,2457.68244724897,2471.4694951254182,2418.9189517378786,2451.28857421875,672262.0
2025-04-24,2447.691664134468,2459.0808257421186,2422.8152219285253,2440.19873046875,596626.0
2025-04-25,2447.7915714951764,2457.182617090383,2321.310758613338,2352.081787109375,1414809.0
2025-04-28,2343.789756787605,2399.736997358835,2335.3977682661653,2367.5673828125,681421.0
2025-04-29,2389.7463506184386,2397.738813329537,2323.409007680564,2328.404296875,670730.0
2025-04-30,2329.2033303130675,2337.795325226432,2282.847144505298,2299.1318359375,837464.0
2025-05-02,2347.685777949217,2370.164577982858,2287.842314535005,2296.933837890625,1695797.0
2025-05-05,2310.421255821853,2494.647423752164,2295.6351510239,2453.1865234375,4227194.0
2025-05-06,2451.688013587245,2460.8792972114,2341.292118924902,2351.7822265625,1524692.0
2025-05-07,2312.8186159008574,2377.2578386764967,2312.8186159008574,2350.8828125,1012640.0
2025-05-08,2359.7746616158447,2365.569245976871,2257.870760055804,2283.14697265625,1380069.0
2025-05-09,2237.8895143824966,2270.9584257530137,2230.896109650051,2248.879150390625,1006000.0
2025-05-12,2347.785792652709,2431.0073548509854,2312.8187702089454,2423.014892578125,2147039.0
2025-05-13,2422.71521443562,2452.586945700916,2402.734058027904,2438.89990234375,1815174.0
2025-05-14,2442.596339513642,2479.5614784444288,2427.8104790698053,2459.580322265625,774441.0
2025-05-15,2461.078961661174,2524.4193744502136,2448.390975998153,2517.625732421875,1554800.0
2025-05-16,2526.6172696764925,2581.7652134946647,2513.82928058126,2552.5927734375,1641135.0
2025-05-19,2568.877323957209,2576.3702573231385,2533.6105354661186,2538.206298828125,680957.0
2025-05-20,2542.602176302394,2562.3835701103644,2490.1516402490047,2499.2431640625,628023.0
2025-05-21,2507.335476384848,2522.1215815770875,2481.359971880588,2498.044189453125,529234.0
2025-05-22,2498.0440927115505,2519.523835988998,2462.9773093351955,2485.25634765625,906909.0
2025-05-23,2496.645321631244,2545.69915480656,2488.153330741341,2537.606689453125,968415.0
2025-05-26,2546.698387841958,2566.4795375596973,2538.905688059812,2545.299560546875,552912.0
2025-05-27,2543.5013159679484,2566.679653519135,2523.7201654081,2537.90673828125,514936.0
2025-05-28,2556.5889143653703,2556.5889143653703,2507.6350820856114,2512.63037109375,575989.0
2025-05-29,2534.3100152250377,2556.5890542020425,2508.634277100949,2538.40625,802317.0
2025-05-30,2547.5973718961664,2561.584180996773,2511.4315285752887,2517.525634765625,684592.0
2025-06-02,2524.618982737723,2561.5841201976737,2512.5302861663145,2516.4267578125,1008716.0
2025-06-03,2508.634091988326,2510.132678662154,2449.689682817752,2468.57177734375,962656.0
2025-06-04,2477.6633974012075,2500.641727296461,2438.8001457078244,2487.054443359375,552667.0
2025-06-05,2492.649237348097,2527.716264063005,2485.1563037688943,2502.040283203125,673209.0
2025-06-06,2512.530391324915,2550.894357613754,2501.640758749232,2531.812255859375,640680.0
2025-06-09,2542.6020944789484,2601.6465078717547,2522.121409631476,2579.667236328125,1711167.0
2025-06-10,2597.550428103293,2660.6908358812207,2575.271389110901,2610.63818359375,2084054.0
2025-06-11,2627.522138131651,2628.4211926298863,2560.6852657183244,2578.76806640625,745432.0
2025-06-12,2589.058481984107,2599.348826874444,2527.6164226971987,2541.303466796875,955097.0
2025-06-13,2496.883574929924,2514.8755302336617,2458.900558177587,2506.779052734375,695869.0
2025-06-16,2498.882701561886,2562.154460371736,2460.899684498145,2542.863037109375,956459.0
2025-06-17,2533.86715953935,2538.465201504575,2477.892184811853,2487.387939453125,703343.0
2025-06-18,2490.786121026434,2494.7843331836457,2444.3069046988467,2458.0009765625,667044.0
2025-06-19,2465.197838015502,2467.796529634116,2404.0252376308704,2419.518310546875,688209.0
2025-06-20,2426.9148788380803,2460.2000452165857,2413.920688794878,2447.3056640625,3002549.0
2025-06-23,2436.910458265385,2491.4861551484146,2419.91805556214,2470.895263671875,790533.0
2025-06-24,2502.8808421136328,2543.462793635905,2499.0824917098744,2504.480224609375,996372.0
2025-06-25,2518.7737701721803,2540.464267762938,2510.9774511830533,2526.070556640625,921346.0
2025-06-26,2533.867119320877,2592.4410288436243,2521.072790779935,2585.044189453125,1339627.0
2025-06-27,2586.5435220512604,2680.40170506774,2580.8461181567536,2645.117431640625,4049316.0
2025-06-30,2648.8156699998563,2652.713829411024,2604.7352814261208,2618.229248046875,694814.0
2025-07-01,2623.726886220827,2643.8180015388925,2601.836770512566,2620.62841796875,729197.0
2025-07-02,2632.8227645032407,2644.8174012435743,2612.431979657277,2629.0244140625,621409.0
2025-07-03,2632.822818060909,2642.8183488811856,2603.9358316029147,2610.032958984375,502724.0
2025-07-04,2615.8303788664834,2615.8303788664834,2581.045883294972,2597.9384765625,370305.0
2025-07-07,2600.8370570597776,2604.2354398445623,2570.85046531812,2574.94873046875,412159.0
2025-07-08,2584.8441657759377,2598.837908359412,2571.8499762341407,2590.141845703125,357686.0
2025-07-09,2597.8385530088563,2608.733584379624,2568.851512594368,2581.845703125,396880.0
2025-07-10,2589.841966099168,2602.8361558171496,2573.849117215499,2579.846435546875,306565.0
2025-07-11,2573.8491603640496,2590.7415096680093,2550.759386788568,2557.556396484375,390645.0
2025-07-14,2553.8581888498115,2603.635982393775,2542.363328117219,2580.146484375,536585.0
2025-07-15,2586.8434255349,2605.734881532265,2574.8487883222188,2597.038818359375,379425.0
2025-07-16,2601.3369099911497,2618.329312477163,2594.340038379262,2607.334228515625,686644.0
2025-07-17,2610.832622321764,2653.313627853416,2604.135665550135,2615.4306640625,785771.0
2025-07-18,2610.832738334036,2625.5261203292284,2583.0451129099342,2594.93994140625,479942.0
2025-07-21,2595.139762587187,2623.7268348310395,2583.844763749791,2618.329345703125,369782.0
2025-07-22,2624.826434208216,2628.8246465984803,2580.4463742888947,2586.6435546875,387055.0
2025-07-23,2599.537661577644,2624.7263505348947,2592.340928165788,2613.33154296875,316424.0
2025-07-24,2614.2310023512105,2623.0271181758203,2593.8402173304657,2607.234130859375,253782.0
2025-07-25,2603.835816608761,2615.830453767804,2542.963130639229,2548.96044921875,424612.0
2025-07-28,2547.8608707233648,2583.844782589211,2511.4772352271734,2521.1728515625,428409.0
2025-07-29,2527.869774605656,2556.256984861298,2506.37938308568,2546.76123046875,424781.0
2025-07-30,2546.7611180128606,2551.4592125722,2523.871450784683,2531.767822265625,262063.0
2025-07-31,2508.778077348053,2518.87366066411,2421.517292185964,2429.613525390625,1457616.0
2025-08-01,2423.9163500803693,2443.8073598354285,2331.957461747423,2349.849365234375,976341.0
2025-08-04,2358.945212557066,2373.6385936764377,2337.154907126297,2362.543701171875,576426.0
2025-08-05,2368.94079123082,2368.94079123082,2314.9649251015094,2327.159423828125,576742.0
2025-08-06,2332.856809344485,2346.8505523057943,2294.973845654689,2299.27197265625,631582.0
2025-08-07,2288.976664701431,2293.974430344884,2201.815680685918,2248.794677734375,1529410.0
2025-08-08,2245.99582009658,2259.88951060117,2163.832603922048,2177.126708984375,2552736.0
2025-08-11,2195.018553362488,2300.9711793444662,2182.024363383566,2282.37939453125,2376286.0
2025-08-12,2279.081012786804,2313.6654019869634,2265.9867701854805,2287.17724609375,1075526.0
2025-08-13,2297.972510115865,2313.865306331378,2244.396367900298,2279.0810546875,833679.0
2025-08-14,2286.977364133116,2302.9702128333474,2266.686388538396,2280.580322265625,998109.0
2025-08-18,2308.567855358492,2358.9452321961794,2298.972048326785,2332.55712890625,988629.0
2025-08-19,2338.8541943212863,2394.529497055675,2313.0659196409943,2387.33251953125,1069432.0
2025-08-20,2378.936278798334,2404.9246583146187,2371.0399072502205,2386.033203125,780025.0
2025-08-21,2386.0331727421258,2395.928650280872,2370.339994701148,2376.137451171875,441867.0
2025-08-22,2368.840728090787,2375.238014171495,2319.962680474945,2323.86083984375,584211.0
2025-08-25,2334.655994090531,2347.350268932297,2298.9719992562027,2301.87060546875,542455.0
2025-08-26,2302.9703180017605,2308.267998181939,2248.3946217073417,2270.984619140625,1071550.0
2025-08-28,2270.8845315177978,2326.8595036694337,2253.992182177498,2274.18310546875,907868.0
2025-08-29,2281.979709582827,2288.6766664945285,2238.998926616528,2243.69677734375,795699.0
2025-09-01,2257.9905092761574,2286.977549899889,2251.093690326569,2283.17919921875,425639.0
2025-09-02,2289.9761345072952,2300.971218522826,2262.98820101463,2273.18359375,481894.0
2025-09-03,2283.9787044983127,2291.975128846665,2262.0885904572983,2287.677001953125,443629.0
2025-09-04,2308.867694435034,2316.2645340706063,2273.983387552878,2277.78173828125,392697.0
2025-09-05,2273.9833287923934,2292.4750613562,2246.9953947803515,2280.38037109375,443010.0
2025-09-08,2288.9766250845446,2332.8569090619844,2284.978412638982,2309.8671875,542811.0
2025-09-09,2318.9630424170555,2323.9608075946785,2295.97332259999,2310.56689453125,369431.0
2025-09-10,2328.958660195616,2344.851456444431,2324.0609477502976,2339.154052734375,390490.0
2025-09-11,2346.95068100964,2417.61903643987,2339.154118015996,2397.72802734375,2111888.0
2025-09-12,2415.819681666717,2420.5177762516864,2386.0331958449106,2390.930908203125,533971.0
2025-09-15,2390.930970910245,2401.726192996577,2377.03728069022,2382.334716796875,298129.0
2025-09-16,2408.922997307066,2414.7204541566816,2386.9328288669185,2398.32763671875,752979.0
2025-09-17,2415.919809968744,2415.919809968744,2389.931429720838,2400.926513671875,514354.0
2025-09-18,2413.420927252598,2436.91042478436,2387.3324940834414,2400.926513671875,703730.0
2025-09-19,2493.88502988498,2577.8474918129705,2464.9980423818865,2522.8720703125,7965135.0
2025-09-22,2533.867180536491,2657.8117684601693,2520.9730427925247,2628.324951171875,7022985.0
2025-09-23,2641.419157384738,2693.795642959921,2591.841225304295,2675.203857421875,5610022.0
2025-09-24,2653.813369229093,2674.803983448984,2613.231417458034,2618.629150390625,1720785.0
2025-09-25,2623.826913917968,2646.716582525825,2565.8528335342567,2575.24853515625,1489682.0
2025-09-26,2571.65032593956,2603.8358877223764,2533.867169050374,2542.563232421875,1037808.0
2025-09-29,2542.563084003863,2553.85808245075,2503.880429173827,2508.37841796875,1012402.0
2025-09-30,2520.8729319069857,2533.8671222776406,2489.487062008936,2504.780029296875,712592.0
2025-10-01,2517.274416024738,2602.236429072377,2470.995302966356,2591.541259765625,1573485.0
2025-10-03,2593.8402499757262,2611.732152545997,2563.2538280281465,2588.742431640625,917651.0
2025-10-06,2587.942979189176,2598.638148347753,2561.4548225471854,2572.349853515625,654955.0
2025-10-07,2579.5465132159534,2616.1302525420506,2531.967934346269,2541.063720703125,1120230.0
2025-10-08,2560.8548864007653,2563.8535455183305,2498.8825979710823,2522.971923828125,1063357.0
2025-10-09,2533.867076640608,2557.856350738981,2521.0727483151727,2541.263671875,651703.0
2025-10-10,2550.859371587424,2563.853561176232,2537.66532019586,2549.759765625,690142.0
2025-10-13,2527.969699070452,2540.963888631541,2502.880820074515,2526.270263671875,645483.0
2025-10-14,2537.765113948781,2537.765113948781,2484.089164542924,2515.875,673048.0
2025-10-15,2533.8671809672105,2560.2552859492885,2526.1706706833984,2531.668212890625,759772.0
2025-10-16,2543.6627031386624,2578.5470076936936,2539.7642997440025,2556.45703125,1020102.0
2025-10-17,2558.8558581973275,2576.0481221882887,2541.963508933551,2548.260498046875,682968.0
2025-10-20,2560.155478278593,2577.8475198567253,2535.966341361543,2546.96142578125,747349.0
2025-10-21,2553.7580192137502,2560.854943563004,2541.163797057756,2548.76025390625,101019.0
2025-10-23,2558.7559059326,2576.6480530013264,2539.7643968629645,2544.662353515625,852445.0
2025-10-24,2553.6582947433294,2553.6582947433294,2496.583715432349,2503.080810546875,473765.0
2025-10-27,2503.080842969023,2513.476341705826,2485.988631249864,2491.68603515625,478055.0
2025-10-28,2493.884985722901,2514.8756008331943,2477.992189037716,2493.28515625,626988.0
2025-10-29,2498.882681833008,2598.837989106328,2494.3846930057084,2536.265869140625,1526734.0
2025-10-30,2548.860280911002,2558.255981980973,2510.6774031562054,2525.7705078125,783328.0
2025-10-31,2533.8669778992216,2542.36317881131,2463.798211588104,2479.89111328125,848642.0
2025-11-03,2482.889863384171,2500.7817659948246,2456.401706629066,2465.8974609375,731108.0
2025-11-04,2478.69168852868,2487.787474814622,2389.531605766614,2418.718505859375,2072668.0
2025-11-06,2424.016405305113,2426.0155115751168,2306.56891194242,2313.265869140625,1978147.0
2025-11-07,2313.965472348348,2401.4263703312768,2290.3759211083425,2368.341064453125,2232889.0
2025-11-10,2307.215551504247,2314.0957762481394,2290.838596032777,2297.3310546875,577428.0
2025-11-11,2294.71481205828,2305.2774725648533,2266.1277391204144,2293.5517578125,654132.0
2025-11-12,2310.2195672117296,2439.587997516291,2287.9314362909995,2407.609130859375,6895852.0
2025-11-13,2424.5675068494074,2446.855636791042,2391.716717010544,2411.194580078125,2791508.0
2025-11-14,2422.6293500664538,2474.667360186821,2404.217417081213,2438.909423828125,4637753.0
2025-11-17,2458.9005520632363,2473.7937951928034,2419.9179823354043,2460.899658203125,2672697.0
2025-11-18,2460.899625723853,2477.4923040785425,2433.21205485812,2435.7109375,1245215.0
2025-11-19,2445.406608965021,2448.804991822671,2412.8210809611383,2432.0126953125,774785.0
2025-11-20,2449.005048174653,2477.7919810569465,2439.30918827435,2445.0068359375,1526556.0
2025-11-21,2448.9051014333068,2455.102281863283,2416.91940214928,2421.217529296875,547541.0
2025-11-24,2425.1156185360114,2431.212989898014,2392.030558216385,2398.127685546875,691419.0
2025-11-25,2399.826784114244,2406.6237935585305,2324.260721087291,2331.857177734375,2223715.0
2025-11-26,2320.162512191944,2355.9465605173464,2308.9675667352863,2313.96533203125,1026965.0
2025-11-27,2308.967606707317,2319.462914010532,2241.99755058204,2253.9921875,1474038.0
2025-11-28,2266.0869091361897,2329.958254007972,2246.7954856828023,2279.180908203125,3037620.0
2025-12-01,2298.972029816672,2302.9702420424405,2255.991248389665,2260.989013671875,1313265.0
2025-12-02,2253.992140538483,2266.1866390113696,2231.2022820628786,2238.59912109375,1035354.0
2025-12-03,2238.9988027097847,2243.9965678944045,2171.229058000036,2188.8212890625,1643852.0
2025-12-04,2187.0221517531254,2230.702572796736,2182.424109945792,2216.90869140625,2522821.0
2025-12-05,2216.908679843517,2267.5862162549965,2201.9153836345613,2264.387451171875,2400781.0
2025-12-08,2264.387435065523,2269.385200432959,2204.0145270394946,2215.20947265625,939764.0
2025-12-09,2215.209493795378,2255.9913083891315,2177.4263384507017,2244.196533203125,1227728.0
2025-12-10,2254.7920162754185,2266.486739177327,2203.115167875344,2210.61181640625,935149.0
2025-12-11,2224.0057274489336,2292.8748409020445,2191.420197604936,2276.68212890625,1519832.0
2025-12-12,2276.6820320797224,2295.773593776679,2269.1853838790616,2281.3798828125,929199.0
2025-12-15,2281.379783330672,2298.97201462037,2271.9840822748265,2277.88134765625,573027.0
2025-12-16,2268.985484281227,2275.7824940096057,2231.1025202840265,2246.895263671875,654714.0
2025-12-17,2246.595546022108,2253.9921410230613,2220.0073371229355,2231.502197265625,651509.0
2025-12-18,2235.4003913257216,2243.9966453525944,2210.111893843839,2228.3037109375,508238.0
2025-12-19,2247.994798027335,2248.994351072256,2209.012229275416,2237.999267578125,880005.0
2025-12-22,2258.990089411448,2272.983833328156,2244.896292568438,2262.488525390625,599195.0
2025-12-23,2271.4842800820966,2272.5838860370923,2243.9965715222475,2247.794921875,450112.0
2025-12-24,2248.9943903783087,2257.790506133646,2216.40886293178,2221.70654296875,825693.0
2025-12-26,2228.303734882108,2249.893935038016,2217.0087362473137,2228.9033203125,566237.0
2025-12-29,2231.002509998829,2237.1996903869663,2195.018598547235,2202.21533203125,690691.0
2025-12-30,2203.814726985917,2218.0083322208643,2194.0190577849467,2213.710205078125,935026.0
2025-12-31,2215.309530252999,2245.3959314095755,2215.309530252999,2238.698974609375,779141.0
2026-01-01,2247.9949062111104,2286.3776473706275,2239.998481466918,2258.989990234375,1046220.0
2026-01-02,2258.9900494331746,2282.679409552342,2257.990496313957,2278.78125,715242.0
2026-01-05,2285.977849124842,2302.8701982329253,2273.2835740641194,2278.481201171875,696380.0
2026-01-06,2287.877064254638,2289.3763939513483,2247.0954917293307,2258.090576171875,698294.0
2026-01-07,2263.9877096602213,2282.979218041477,2241.9975420608725,2273.083740234375,529451.0
2026-01-08,2273.9832353462693,2274.8827354970986,2204.0145204125383,2213.010498046875,792800.0
2026-01-09,2213.1107049035027,2215.009758256906,2144.0414853163643,2152.737548828125,1570376.0
2026-01-12,2155.6363419708764,2179.025787211826,2118.0530472944306,2170.629638671875,1257197.0
2026-01-13,2186.822355489005,2186.822355489005,2140.143273788827,2157.535400390625,791556.0
2026-01-14,2155.036390932024,2168.030580673265,2141.042648133764,2152.337646484375,618139.0
2026-01-15,2152.337646484375,2152.337646484375,2152.337646484375,2152.337646484375,0.0
2026-01-16,2161.8334795144697,2192.9194343046515,2151.138310219896,2156.3359375,758469.0
2026-01-19,2154.036780299296,2155.8360245601384,2122.0510833296544,2133.64599609375,749495.0
2026-01-20,2133.0462813432187,2138.943546926454,2039.0882914433769,2054.181640625,1160975.0
2026-01-21,2055.580937028128,2067.2756594171706,2003.204330519324,2031.291748046875,1354644.0
2026-01-22,2054.9811591757384,2101.960155755851,2050.083446506592,2085.467529296875,942721.0
2026-01-23,2079.5702034295723,2081.569309609269,1847.1741100398217,1863.3668212890625,7492631.0
2026-01-27,1908.1468368495232,1973.017856387056,1892.153987509768,1958.624267578125,5449633.0
2026-01-28,1984.1128556498168,2003.104364091805,1951.127604145312,1993.8084716796875,2073198.0
2026-01-29,1998.906253644305,2028.1930850261888,1971.1186298332548,2018.2974853515625,1391239.0
2026-01-30,2004.103928453892,2037.8888714156767,1991.3096002040927,2019.4970703125,1230915.0
2026-02-02,1955.725591293644,2001.305188722125,1933.135715403048,1994.50830078125,1229270.0
2026-02-03,2149.039132772103,2232.401762449355,2130.147677078015,2201.61572265625,6918581.0
2026-02-04,2219.007815195557,2244.996195013163,2188.221531836092,2227.2041015625,2051918.0
2026-02-05,2231.002544013752,2242.69726660752,2209.012375569172,2235.6005859375,992382.0
2026-02-06,2225.105114470192,2236.999698004262,2199.416406180329,2225.40478515625,933650.0
2026-02-09,2248.9944295012915,2286.977446532869,2238.998898703508,2249.094482421875,1650899.0
2026-02-10,2257.990475513299,2267.286368242699,2170.0298018323915,2227.404052734375,1670672.0
2026-02-11,2231.902037525309,2236.6999412506248,2214.110187425856,2233.4013671875,682320.0
2026-02-12,2228.00378739169,2228.503563925425,2200.016301502517,2210.8115234375,649585.0
2026-02-13,2209.012364032098,2209.012364032098,2123.2506587398416,2135.645263671875,1489548.0
2026-02-16,2123.250626206845,2189.9207685423253,2102.260011304634,2183.623779296875,1824808.0
2026-02-17,2169.030140467129,2250.993491397224,2169.030140467129,2241.8974609375,1931699.0
2026-02-18,2252.9925895501583,2252.9925895501583,2187.122140733589,2210.211669921875,1149398.0
2026-02-19,2217.908236902735,2217.908236902735,2150.0386802210546,2155.736083984375,1101633.0
2026-02-20,2159.0347813383373,2173.4282489346483,2151.138409148832,2159.83447265625,738454.0
2026-02-23,2179.025668305711,2202.015388659395,2154.336756558273,2190.020751953125,1103960.0
2026-02-24,2167.630947056464,2203.714667494014,2161.233660807044,2182.0244140625,1152423.0
2026-02-25,2192.2198418123044,2236.300231772296,2179.1258424318817,2230.70263671875,1474187.0
2026-02-26,2229.0034437885024,2231.402273649029,2199.1169032982966,2215.409423828125,915342.0
2026-02-27,2209.012395969477,2215.4094383270967,2152.037868109632,2160.833984375,1433096.0
2026-03-02,2092.064658882267,2146.940026999537,2072.773235056169,2123.650634765625,2134522.0
2026-03-04,2103.6595613333,2103.6595613333,2036.5894504090604,2075.572021484375,1585848.0
2026-03-05,2093.064261268337,2099.0615800685327,2039.088392066575,2088.266357421875,1231524.0
2026-03-06,2078.1709582463,2089.06598947834,2029.292664992225,2038.9884033203125,1696027.0
2026-03-09,1984.1129132710928,2005.1035284744644,1939.5328691947025,1998.3065185546875,1305447.0
2026-03-10,2029.092817337567,2029.092817337567,1981.314129778191,1995.6077880859373,1680405.0
2026-03-11,2005.703149894863,2026.4939023916847,1969.119532227194,1973.8173828125,1088294.0
2026-03-12,1959.1239961210665,2025.0944980312656,1946.229737253649,2001.105224609375,1473773.0
2026-03-13,1999.0062188537977,2007.7022817989432,1944.1307306397853,1960.2235107421875,1195448.0
2026-03-16,1960.123564655547,1993.9085071310776,1945.729976085624,1977.115966796875,1465828.0
2026-03-17,1989.010731818339,1989.110662724872,1944.130773366772,1974.5172119140625,1268988.0
2026-03-18,1988.011108627412,2026.0940558713744,1981.314029905212,2006.3028564453125,1041095.0
2026-03-19,1983.1133046679035,1987.7112244187203,1929.137438512628,1935.9344482421875,1510588.0
2026-03-20,1950.1281132094955,1973.5176803338684,1919.042035961793,1926.23876953125,1175662.0
2026-03-23,1909.146372893438,1909.246303797768,1819.686372697646,1832.1807861328125,2370668.0
2026-03-24,1891.8540197731872,1892.153934496208,1812.8893283705456,1817.0875244140625,11211381.0
2026-03-25,1847.074180145487,1910.145955746308,1838.377995049589,1885.7568359375,2537690.0
2026-03-27,1879.159829479224,1882.3583505954373,1815.6882075792605,1822.185302734375,2585257.0
2026-03-30,1809.1911079122908,1836.97873285117,1752.216581309528,1758.0140380859375,2825299.0
2026-04-01,1824.1843351159685,1869.1642228311568,1802.993859043115,1841.676513671875,2328166.0
2026-04-02,1804.1933472809303,1842.076434211477,1769.3089196533442,1833.3802490234373,1830598.0
2026-04-06,1836.0791094494928,1908.146863385849,1801.29461284548,1901.349853515625,3153437.0
2026-04-07,1889.15528263646,1903.7487329034104,1864.166456146559,1881.2587890625,1566909.0
2026-04-08,1999.1061237629765,2098.061876889244,1974.2172281189764,2042.8865966796875,4197831.0
2026-04-09,2038.888374361753,2064.0770625904534,2009.4015591818893,2039.5880126953125,2481188.0
2026-04-10,2042.186888510785,2093.6639945288275,2040.7874897852407,2085.867431640625,1700162.0
2026-04-13,2009.3016249961336,2158.035177464662,1999.306093836038,2128.048583984375,3729773.0
2026-04-15,2186.0227116597075,2199.0169024468937,2135.045501648439,2143.441650390625,1779015.0
2026-04-16,2169.030197682232,2209.412044763801,2160.134272825081,2202.715087890625,2188912.0
2026-04-17,2238.998846266909,2238.998846266909,2185.1230341412147,2217.30859375,2408901.0
2026-04-20,2217.308760572556,2279.0811929100128,2201.215857541636,2228.603759765625,1795338.0
2026-04-21,2228.703424494409,2253.992165893664,2219.007808551634,2225.005126953125,1818221.0
2026-04-22,2228.0037154556626,2277.581643614069,2223.106003195795,2259.78955078125,3517237.0
2026-04-23,2242.4974168860394,2332.856921005767,2220.807163064117,2298.97216796875,2948009.0
2026-04-24,2309.1673890512893,2320.3623343165,2226.004624754936,2286.57763671875,2271317.0
2026-04-27,2299.172006461715,2335.955609582367,2284.978401157591,2320.762451171875,1500864.0
2026-04-28,2320.7624137846105,2418.9184784423737,2319.862669584462,2411.32177734375,4375556.0
2026-04-29,2426.5151092575657,2442.7078200445444,2386.9327104169424,2424.815673828125,4656967.0
2026-04-30,2393.8295200504303,2418.91839940897,2327.759209361512,2407.323486328125,3538354.0
2026-05-01,2407.323486328125,2407.323486328125,2407.323486328125,2407.323486328125,0.0
2026-05-04,2389.3316513455684,2513.8760661938645,2373.938631097586,2484.589111328125,6039537.0
2026-05-05,2468.89608276268,2510.7772587807463,2448.905021363792,2460.899658203125,1622580.0
2026-05-06,2474.3937050777845,2545.361975350668,2471.0951310334453,2539.164794921875,3169133.0
2026-05-07,2539.164871091216,2548.760434743526,2505.080011663105,2512.57666015625,1098088.0
2026-05-08,2517.874272590681,2544.962259360577,2498.882763587417,2504.780029296875,1499613.0
2026-05-11,2493.884892409484,2512.8764006081938,2458.900535201335,2499.08251953125,1279432.0
2026-05-12,2486.5881284410943,2510.577402169413,2399.0274257516394,2404.125,1459022.0
2026-05-13,2400.0269509800632,2528.8692428552217,2400.0269509800632,2496.883544921875,2036291.0
2026-05-14,2528.969389042316,2718.7844246033,2528.8693361199807,2711.6875,9539233.0
2026-05-15,2779.8571351548885,2801.847302651897,2659.8107140699785,2714.7861328125,6742083.0
2026-05-18,2698.7932929131057,2708.7888236275985,2646.3167566620173,2688.597900390625,2033884.0
2026-05-19,2733.4778429296475,2773.2601055404243,2695.7947394638763,2723.7822265625,4204144.0
2026-05-20,2713.7867015390843,2718.7844671036128,2683.900161075811,2703.59130859375,1187449.0
2026-05-21,2726.680794854565,2768.762077837922,2682.8005115223764,2696.39453125,1606690.0
2026-05-22,2708.988768721292,2743.773265483451,2704.8907474212656,2716.085693359375,1094843.0
2026-05-25,2738.575487266919,2857.522299872516,2738.075710743366,2848.42626953125,3277924.0
2026-05-26,2844.7279613407154,2978.068239709439,2823.737347430612,2967.972900390625,4899494.0
2026-05-27,2980.6674095474245,3026.1470765945096,2942.684390914694,2971.771484375,3826916.0
2026-05-28,2971.771484375,2971.771484375,2971.771484375,2971.771484375,0.0
2026-05-29,2986.4647805167424,2993.6615139811115,2925.492041834656,2936.087158203125,4040865.0
2026-06-01,2948.5815087814062,2954.3789654039347,2889.807983386944,2908.099609375,1629342.0
2026-06-02,2883.710720636376,2973.670500482918,2863.9195202638325,2966.773681640625,2066890.0
2026-06-03,2958.6770075383506,2963.6747727537872,2886.809241352977,2924.29248046875,1346112.0
2026-06-04,2918.694984285008,2981.6668281240336,2916.7959310516744,2971.471435546875,1722991.0
2026-06-05,2990.662812253037,3058.4325598129344,2920.494234916237,3046.837646484375,5617327.0
2026-06-08,3016.351239886288,3038.4414602679235,2953.7793643440464,2968.672607421875,1653499.0
2026-06-09,2984.565433693747,2997.3597618800422,2934.587779865649,2978.568115234375,1841620.0
2026-06-10,2975.6694263915747,2993.561328353177,2916.695796510116,2929.7900390625,1475029.0
2026-06-11,2893.806171835952,2965.474077684693,2893.806171835952,2907.5,1204115.0
2026-06-12,2958.800048828125,2971.89990234375,2886.199951171875,2921.60009765625,2321009.0
2026-06-15,2960.0,2983.0,2935.0,2942.5,1174229.0
2026-06-16,2971.39990234375,2997.699951171875,2928.300048828125,2943.60009765625,1851843.0
2026-06-17,2958.0,2974.5,2934.60009765625,2951.89990234375,1244567.0
2026-06-18,2952.0,3041.0,2938.0,3013.39990234375,1774394.0
2026-06-19,3017.0,3051.89990234375,3009.10009765625,3038.39990234375,3620222.0
2026-06-22,3040.0,3065.0,3001.0,3059.60009765625,1726452.0
2026-06-23,3072.0,3091.699951171875,2943.5,2962.89990234375,1620658.0
2026-06-24,2988.300048828125,3077.800048828125,2971.0,3069.699951171875,2527812.0
2026-06-25,3086.0,3105.0,3027.699951171875,3038.0,1719600.0
2026-06-26,3038.0,3038.0,3038.0,3038.0,0.0
2026-06-29,3020.0,3020.0,2955.0,2962.5,1693354.0
2026-06-30,2980.0,3054.60009765625,2969.0,3036.0,2099291.0
2026-07-01,3041.0,3149.800048828125,3012.800048828125,3143.60009765625,3415655.0
2026-07-02,3155.89990234375,3229.60009765625,3147.0,3177.5,3400034.0
2026-07-03,3192.0,3224.0,3105.5,3212.10009765625,2848623.0
2026-07-06,3230.0,3245.0,3187.699951171875,3206.60009765625,1978869.0
2026-07-07,3209.89990234375,3215.199951171875,3096.5,3107.199951171875,2093552.0
2026-07-08,3105.0,3146.89990234375,3028.0,3046.89990234375,2321035.0
2026-07-09,3060.0,3105.0,3026.800048828125,3083.60009765625,2609306.0
2026-07-10,3105.0,3183.0,3100.0,3157.300048828125,2145335.0
2026-07-13,3127.300048828125,3195.0,3115.199951171875,3177.5,1599810.0
2026-07-14,3169.89990234375,3219.699951171875,3145.0,3188.89990234375,1932879.0
2026-07-15,3195.0,3199.89990234375,3142.300048828125,3150.60009765625,1035101.0
2026-07-16,3167.60009765625,3190.0,3140.10009765625,3151.39990234375,1151243.0
2026-07-17,3156.10009765625,3184.800048828125,3140.0,3160.699951171875,1021302.0
2026-07-20,3162.699951171875,3189.0,3133.0,3183.300048828125,994778.0
2026-07-21,3175.199951171875,3213.5,3170.0,3182.699951171875,951463.0
2026-07-22,3182.0,3201.89990234375,3139.0,3147.699951171875,977224.0
2026-07-23,3147.10009765625,3147.10009765625,3001.300048828125,3010.0,1580313.0
2026-07-24,3010.0,3041.89990234375,2992.5,3026.39990234375,1280635.0
2026-07-27,3045.10009765625,3057.39990234375,3008.10009765625,3036.60009765625,636870.0
2026-07-28,3038.0,3038.0,2996.199951171875,3002.300048828125,1096125.0
2026-07-29,3017.800048828125,3048.300048828125,2972.699951171875,3024.5,1547208.0
2026-07-30,3024.5,3060.89990234375,2994.60009765625,3049.10009765625,1278332.0
2026-07-31,3051.0,3067.5,3002.39990234375,3009.5,866401.0
2026-08-03,3025.0,3077.0,3024.5,3068.0,891429.0
2026-08-04,3063.10009765625,3091.5,3020.89990234375,3050.0,854172.0
2026-08-05,3055.0,3085.89990234375,3037.300048828125,3050.0,870914.0
2026-08-06,3050.0,3072.39990234375,3025.699951171875,3026.0,843121.0
2026-08-07,3025.89990234375,3039.5,3004.5,3020.0,788881.0
2026-08-10,3020.0,3021.800048828125,2969.89990234375,3010.0,811593.0
2026-08-11,3062.0,3062.0,2980.0,2995.5,1422452.0
2026-08-12,3020.0,3020.0,2943.0,2985.699951171875,1160458.0
2026-08-13,2986.199951171875,3019.5,2932.800048828125,2964.89990234375,1302957.0
2026-08-14,2965.0,3048.0,2950.0,3035.10009765625,1666749.0
2026-08-17,3049.0,3058.60009765625,3005.5,3007.300048828125,941404.0
2026-08-18,3014.0,3036.0,3002.5,3002.5,721988.0
2026-08-19,3012.699951171875,3019.0,2967.300048828125,2990.300048828125,938700.0
2026-08-20,3000.0,3011.0,2990.0,2994.89990234375,713687.0
2026-08-21,2995.0,3007.5,2981.0,2997.0,803177.0
2026-08-24,3010.0,3019.800048828125,2971.5,2998.60009765625,832518.0
2026-08-25,2998.0,3110.0,2962.5,3110.0,2025912.0
2026-08-26,3122.800048828125,3165.0,3092.800048828125,3112.0,2044729.0
2026-08-27,3125.0,3169.0,3125.0,3169.0,1793570.0
2026-08-28,3170.0,3173.699951171875,3133.300048828125,3168.5,530795.0
2026-08-31,3165.0,3165.0,2859.10009765625,2859.10009765625,12872435.0
2026-09-01,2910.0,2942.5,2846.0,2863.89990234375,3862408.0
2026-09-02,2859.800048828125,2905.0,2830.5,2891.800048828125,1642492.0
2026-09-03,2905.0,2920.5,2885.199951171875,2901.0,816124.0
2026-09-04,2900.0,2965.0,2882.800048828125,2938.0,1060844.0
2026-09-07,2940.0,2964.39990234375,2918.5,2950.0,981218.0
2026-09-08,2933.0,2968.800048828125,2918.0,2953.10009765625,971374.0
2026-09-09,2959.89990234375,3142.0,2935.199951171875,3104.699951171875,5320594.0
2026-09-10,3114.5,3114.5,3041.10009765625,3077.199951171875,1716315.0
2026-09-11,3040.0,3065.0,2999.0,3060.0,1815342.0
2026-09-14,3060.0,3060.0,3060.0,3060.0,0.0
2026-09-15,3080.0,3083.699951171875,2921.300048828125,2928.60009765625,1783310.0
2026-09-16,2957.0,2972.89990234375,2914.300048828125,2920.0,764624.0
2026-09-17,2930.10009765625,2945.0,2907.0,2923.199951171875,588066.0
2026-09-18,2933.0,3020.0,2924.60009765625,3020.0,1628125.0
2026-09-21,2995.60009765625,3015.89990234375,2973.0,2975.0,782730.0
2026-09-22,2995.0,3026.10009765625,2979.60009765625,2997.0,793747.0
2026-09-23,3015.5,3023.89990234375,2978.199951171875,2993.199951171875,855435.0
2026-09-24,2978.0,2978.0,2898.2,2900.0,1082462.0
