Date,Open,High,Low,Close,Volume
2021-09-29,617.7327748704837,625.1394236041692,616.5784820389089,619.5122680664062,28562.0
2021-09-30,622.3498328220951,627.6402873514946,617.5403287044591,619.9931640625,18981.0
2021-10-01,619.9932020205267,623.1193798883851,612.7308621002254,615.5684814453125,19307.0
2021-10-04,627.1593894647878,627.1593894647878,615.6165786157426,620.1856079101562,46592.0
2021-10-05,622.7827496757844,653.9964456342077,620.4741640310275,639.5679321289062,409185.0
2021-10-06,639.2792993318803,658.709708788067,628.3617478624946,633.1231689453125,198326.0
2021-10-07,639.423595651823,649.764029880115,633.3155486846001,647.4554443359375,82602.0
2021-10-08,647.4554226654068,652.1687601979418,639.4235742501207,644.8583374023438,68485.0
2021-10-11,646.3492711428654,702.091435697205,646.3492711428654,683.8634033203125,797521.0
2021-10-12,692.5205149297184,706.9971106924191,678.140085766198,681.6029052734375,191463.0
2021-10-13,687.7590504836623,689.009509742589,664.5772654128039,670.492919921875,85363.0
2021-10-14,671.070121916902,687.6629108482704,665.1544084661599,669.6753540039062,105245.0
2021-10-18,671.4067709930415,701.2256963523313,671.4067709930415,681.7952880859375,92145.0
2021-10-19,682.0358152362046,714.6923622378845,659.7678448284105,681.9877319335938,267673.0
2021-10-20,687.7591442056531,696.8491194619339,665.2506396386503,676.3125,101602.0
2021-10-21,678.1401734735032,700.2158121391701,671.3587834807232,681.69921875,108430.0
2021-10-22,681.9877300498189,693.5305407135677,648.8983159964976,655.9683227539062,54595.0
2021-10-25,661.7877480391464,664.5291418254606,632.2092985446642,643.4154663085938,65016.0
2021-10-26,647.3591962576343,664.8177181250101,642.5496925707276,661.7396240234375,53222.0
2021-10-27,660.6335168277326,673.2344536614327,657.9402060886222,663.0382690429688,40631.0
2021-10-28,665.5873046767546,665.5873046767546,641.5878667353309,645.1469116210938,22717.0
2021-10-29,644.2811718450579,657.7958669251369,625.283630226898,651.0625610351562,54453.0
2021-11-01,652.2648591422751,668.232446427702,645.9644211257825,655.1024780273438,110655.0
2021-11-02,658.4211003931508,677.755283071264,655.5353979809091,670.3486938476562,79495.0
2021-11-03,673.282526874569,687.6629566481433,655.7278359664039,659.575439453125,63930.0
2021-11-04,660.8258767247278,672.8496372182636,660.8258767247278,667.7034912109375,14102.0
2021-11-08,664.1924249168005,681.7951957613476,647.3591628805311,651.35107421875,64293.0
2021-11-09,653.9001578045655,672.3686650676914,644.2330664221549,664.4329833984375,68108.0
2021-11-10,669.2905975384505,682.9496013065349,660.1044561924078,675.25439453125,113504.0
2021-11-11,678.1401413853495,707.9590695881095,672.7535197745663,701.6586303710938,260744.0
2021-11-12,708.9209261864976,720.4637363822071,684.0076706968503,694.877197265625,189009.0
2021-11-15,692.5686090101503,699.1095230199592,675.5910355970358,680.4967651367188,56574.0
2021-11-16,677.8514506517904,680.2081191630474,654.1405743665131,662.8457641601562,48307.0
2021-11-17,658.9020412810712,681.9876602456634,658.9020412810712,672.36865234375,45404.0
2021-11-18,671.4067480360363,677.8514950385071,644.4735260517828,650.0044555664062,60335.0
2021-11-22,650.0045075013714,657.6035477951363,628.6022133217111,635.1431274414062,63179.0
2021-11-23,638.3654171733959,653.3229611790093,624.0330733911824,645.4353637695312,35435.0
2021-11-24,647.8402017068673,660.3449123559976,634.8545406481551,648.9464111328125,26639.0
2021-11-25,648.3210774457139,691.4623007324927,645.4353753205845,675.3504638671875,111913.0
2021-11-26,668.521085276023,672.2725220442129,635.8645399439672,640.33740234375,39671.0
2021-11-29,639.6641129377695,647.8402707723124,603.8333036040373,638.0288696289062,62519.0
2021-11-30,628.602244382063,666.8858888396588,628.602244382063,651.6878662109375,60411.0
2021-12-01,657.9401374679652,663.7115421825965,641.2030403116287,644.7620849609375,19523.0
2021-12-02,644.7620525247523,665.6353102678795,640.914449575227,661.7396240234375,33083.0
2021-12-03,660.8258317477137,672.3205577391354,644.4735185894733,648.6096801757812,41797.0
2021-12-06,649.283004891349,658.2286701056775,636.0568696065253,646.4934692382812,32798.0
2021-12-07,649.1868430677888,672.3686277806115,648.5135007973006,667.0300903320312,32887.0
2021-12-08,668.5210657430241,678.1400738832115,656.4973055677899,659.4310913085938,42000.0
2021-12-09,664.673434153898,667.5591364729453,649.4273303855036,651.1106567382812,41316.0
2021-12-10,653.1306400449957,657.5072769219009,651.0144465532651,653.226806640625,18423.0
2021-12-13,656.497329114467,701.2257185706175,648.0326133894503,693.96337890625,306713.0
2021-12-14,693.963363363634,712.7685127890571,688.8171587134532,696.4161987304688,126019.0
2021-12-15,699.9272006113903,721.4256618506308,699.8790585994504,711.854736328125,163342.0
2021-12-16,718.347584964992,730.0827877618806,699.4462673851624,707.8147583007812,145669.0
2021-12-17,707.8147535591928,725.2251950695977,687.8072265874196,700.2638549804688,832382.0
2021-12-20,721.3775560387071,729.1208461589961,697.3781180280635,713.8265991210938,261635.0
2021-12-21,725.273186914829,807.9966538573692,718.4437148720832,790.2495727539062,1379411.0
2021-12-22,793.5682184473028,805.1110288974453,770.0016471115949,777.9854125976562,396446.0
2021-12-23,783.9492080986874,793.0872663525986,743.8379301264081,752.8798217773438,107092.0
2021-12-24,748.310767601412,762.3064130324839,731.5255862601942,737.7298583984375,114553.0
2021-12-27,750.2826966275966,773.849268508848,741.8179805101626,750.66748046875,169824.0
2021-12-28,758.6512844596853,761.4889039796511,745.5213131215888,751.7255859375,60992.0
2021-12-29,755.5250669395866,764.0859496477221,732.0546617040425,737.2008666992188,57461.0
2021-12-30,733.0645570264683,744.4631164342555,726.2350850089651,733.4493408203125,53711.0
2021-12-31,727.1970688099952,757.8817305148544,727.1970688099952,750.1865234375,78771.0
2022-01-03,750.1864463578613,764.3263409418473,731.5255476287256,735.7579345703125,68846.0
2022-01-04,737.777930092824,753.1202599377507,732.0065251638058,735.1807861328125,83373.0
2022-01-05,738.6436706292058,740.375080380756,721.4256222932336,726.76416015625,70764.0
2022-01-06,721.4256109193313,746.4350320978682,721.3775276205567,744.51123046875,63737.0
2022-01-07,750.1864419059948,757.0159139610003,732.9683944577919,750.5711669921875,76345.0
2022-01-10,751.2926379467671,762.9316733150432,738.73984375,750.2826538085938,42346.0
2022-01-11,753.1683804067795,754.0341146727643,732.9684621583219,737.8260498046875,52903.0
2022-01-12,735.9984013575609,749.3207036052765,729.120787333504,733.4493408203125,42215.0
2022-01-13,737.1526920261932,754.8997744292826,729.6017938466906,749.1764526367188,53566.0
2022-01-14,750.2826792617527,776.7830365116722,739.2208192469961,766.346435546875,105116.0
2022-01-17,774.3302104025045,778.1778139324548,754.8517175321309,759.9978637695312,43907.0
2022-01-18,763.8454361275345,774.1377868920829,736.8641292167983,742.5393676757812,73690.0
2022-01-19,740.663646153716,808.1410135047441,736.7198761970644,776.9754028320312,332819.0
2022-01-20,779.1397070027368,790.6825174768514,774.3782859402105,782.554443359375,68059.0
2022-01-21,779.1397028943592,790.3458714877971,763.2202552747062,769.7611694335938,59627.0
2022-01-24,764.711209751454,795.4920383200661,748.2145859565551,762.3064575195312,207569.0
2022-01-25,751.244511917564,807.0347573608658,740.6636032990068,791.4038696289062,152932.0
2022-01-27,800.3014765405859,835.026072411385,758.795432969268,786.0172729492188,268044.0
2022-01-28,786.8348980803988,795.5400890617061,768.0778314391179,773.3682861328125,49111.0
2022-01-31,779.7167781340055,779.7167781340055,643.7521212469624,671.98388671875,627138.0
2022-02-01,674.2924677668374,682.9014917577396,649.7159138148638,668.0881958007812,298782.0
2022-02-02,671.4548414735133,692.9533595721836,664.8658444796229,672.849609375,128720.0
2022-02-03,678.0439136717034,684.8733860316515,665.7315361684892,671.3106079101562,130346.0
2022-02-04,674.6772166405353,678.0438693009976,651.2548979054617,654.04443359375,72705.0
2022-02-07,655.0544878251713,663.4711203779912,623.4079259426613,627.1593627929688,80631.0
2022-02-08,625.283585975807,634.7583438191871,611.8169751488728,618.502197265625,58364.0
2022-02-09,625.1874635450863,627.7364655486712,611.961326977207,616.3860473632812,41689.0
2022-02-10,601.1880164852266,632.7383518484178,601.1880164852266,624.5621948242188,86866.0
2022-02-11,622.4460774947263,627.6403660772061,602.1980743617,605.9014282226562,43817.0
2022-02-14,598.3023110756935,598.3023110756935,571.0324462653947,576.4190673828125,52524.0
2022-02-15,578.1023984709475,595.3204468011605,554.391519542267,589.2123413085938,67312.0
2022-02-16,592.194270257644,605.9975237025166,587.3366240918972,599.0237426757812,47199.0
2022-02-17,602.0537580652998,607.9213296939449,596.4266029364176,602.91943359375,34532.0
2022-02-18,608.2098424946511,631.5840193624556,608.2098424946511,627.8326416015625,131297.0
2022-02-21,630.0450116215451,630.0450116215451,601.668938579048,609.1717529296875,51237.0
2022-02-22,590.5109513622107,602.5827952072789,561.3172255334722,571.2247924804688,91991.0
2022-02-23,588.6832883213895,596.3784947046756,581.9980660339565,585.94189453125,45787.0
2022-02-24,561.7501121053937,581.7576386028097,553.3815627344723,572.6676635742188,94661.0
2022-02-25,580.1224096344279,599.2642610391705,580.1224096344279,590.510986328125,61162.0
2022-02-28,593.444763004646,610.4222784065272,590.126193207977,605.083740234375,41028.0
2022-03-02,601.1879692178342,614.6545797283136,598.3022669655885,600.658935546875,35896.0
2022-03-03,603.6889161249802,627.1593190328138,603.6889161249802,615.1355590820312,51759.0
2022-03-04,615.1355487979915,621.4359871649156,587.7694598655728,592.2904052734375,42164.0
2022-03-07,590.6070987975401,593.0118508284746,569.39719762665,579.5933227539062,87163.0
2022-03-08,586.7595321047668,601.7170789271228,577.1886066833989,597.2923583984375,42898.0
2022-03-09,600.3223275713698,623.7927329904632,597.2923749654364,619.9451293945312,31865.0
2022-03-10,620.4260633824757,631.006972990549,611.3360883863133,621.484130859375,41728.0
2022-03-11,624.6103631738048,643.4155738578925,619.271824602446,640.6260375976562,42627.0
2022-03-14,640.6259885175366,640.6259885175366,619.3198604605601,621.965087890625,17916.0
2022-03-15,625.0912414025897,629.9488876435856,604.6027651210267,607.7289428710938,45101.0
2022-03-16,615.6165750147754,634.3736425347569,615.6165750147754,631.5841064453125,33449.0
2022-03-17,635.8164059419823,662.701544077397,635.8164059419823,641.0587768554688,58024.0
2022-03-21,652.0726305701794,652.0726305701794,623.3117707507062,635.1912231445312,59069.0
2022-03-22,644.4735883972884,646.9264238947569,632.0169602825808,639.519775390625,20187.0
2022-03-23,640.6259471995857,649.3792211924299,626.1974348752707,630.4779052734375,22244.0
2022-03-24,634.7583897162211,648.3211681172595,624.9950726768388,626.1974487304688,58824.0
2022-03-25,629.3716935324184,634.4216728273756,604.9875312778178,617.0112915039062,46730.0
2022-03-28,618.5022896719521,631.9689025108438,604.0737759159969,619.0794067382812,26339.0
2022-03-29,624.2735994461038,625.2355002156663,609.8450879026653,619.175537109375,22553.0
2022-03-30,622.3017888524641,646.3012276581902,619.6084781183237,637.9326782226562,32738.0
2022-03-31,638.5098065279243,646.3974056603773,620.522247932028,624.51416015625,21767.0
2022-04-01,627.6402838804665,656.6416170333327,625.7164822440513,650.7739868164062,32003.0
2022-04-04,652.0725910266016,663.6634841952389,651.8321158209876,658.9982299804688,36997.0
2022-04-05,661.7877177776828,662.3167514496513,649.2830079940928,651.976318359375,20510.0
2022-04-06,655.2468873216773,674.292512891054,645.6278785785809,649.0906982421875,51328.0
2022-04-07,655.054445727218,656.4972969292603,637.74023130271,640.2411499023438,29988.0
2022-04-08,643.4635487444987,647.4554018190514,635.3354752824298,642.5016479492188,23926.0
2022-04-11,644.377362321828,669.4829494419969,640.7220923541889,644.0887451171875,59570.0
2022-04-12,646.3974029323855,654.9583444015593,636.4898354329655,652.7940673828125,47706.0
2022-04-13,653.1307157365458,665.6354275253162,653.0826324331588,656.0164184570312,50387.0
2022-04-18,649.2830400240326,672.2724926287898,644.5697026199518,664.8658447265625,35744.0
2022-04-19,673.3305481693752,697.3780677468529,653.7077487102475,662.3167724609375,113708.0
2022-04-20,671.3105845829831,671.3105845829831,642.5497274884417,647.5035400390625,111584.0
2022-04-21,658.7096776140227,685.2581757870576,645.4835411820065,647.8402099609375,123631.0
2022-04-22,650.7259068754888,657.459212637689,628.1212375309597,634.1331176757812,66617.0
2022-04-25,633.988860330346,657.9402162478383,624.3217680177817,652.1207275390625,102950.0
2022-04-26,666.5972156630114,666.5972156630114,648.8501351923684,652.4091796875,27057.0
2022-04-27,655.6797320418146,655.6797320418146,643.655971523992,651.0625610351562,16985.0
2022-04-28,664.1444924756773,664.1444924756773,641.684071088423,646.2050170898438,13484.0
2022-04-29,654.0925149892684,656.7377420719456,636.7783013571996,644.2330322265625,20551.0
2022-05-02,642.5978331777367,642.5978331777367,631.3435818046772,634.1331176757812,14212.0
2022-05-04,642.5498506746068,642.5498506746068,618.7908848732761,622.6384887695312,15449.0
2022-05-05,632.2092975159509,637.644060491626,619.031244882452,628.3616943359375,31021.0
2022-05-06,615.6645865826159,630.0450150809978,610.8069993533337,620.810791015625,19110.0
2022-05-09,615.61654571485,623.8888695639857,605.9975371880554,608.8832397460938,14784.0
2022-05-10,607.1998906635326,618.0212748535758,578.2466995589683,585.076171875,22495.0
2022-05-11,587.8656667467161,587.8656667467161,535.0572920967662,568.0504760742188,77709.0
2022-05-12,567.9062337285739,573.7738048965866,546.359633162215,569.4452514648438,28884.0
2022-05-13,572.3310256576367,617.3479752615269,559.9706227891069,582.7195434570312,45072.0
2022-05-16,593.4928434868872,594.2623524496162,569.1086796411478,578.1505126953125,19443.0
2022-05-17,586.7595084068612,599.7451696584884,572.3309959050531,588.5390014648438,20190.0
2022-05-18,597.2923066120932,600.1780089788062,570.5033344152488,577.7175903320312,29993.0
2022-05-19,572.330987692136,589.068085437964,567.5214835938827,586.90380859375,16588.0
2022-05-20,589.8856240745681,615.5203020739024,580.4109253454527,606.0936279296875,24061.0
2022-05-23,607.9213199048995,613.2598577285667,581.5652138808119,588.0580444335938,19990.0
2022-05-24,596.8594260637008,604.0736818178954,582.4309145553115,596.1380004882812,16221.0
2022-05-25,599.1199240777436,601.1399510991889,578.3428890927876,589.5009155273438,16836.0
2022-05-26,586.7595761253699,591.0400470702066,573.1486542772404,583.5372314453125,16703.0
2022-05-27,586.4709142015538,697.2818952125668,576.5152059554282,682.1319580078125,1008182.0
2022-05-30,683.9115188520605,683.9115188520605,656.0163936105558,664.8178100585938,122932.0
2022-05-31,666.5972786358898,720.2713334853975,658.9020719561104,695.9833374023438,284475.0
2022-06-01,692.5686217199328,711.325688558181,682.9976963861549,692.183837890625,62865.0
2022-06-02,695.9352632008834,716.6161314231625,693.9152949049402,695.7909545898438,62350.0
2022-06-03,697.8590285375992,706.0351853157791,681.2181564839624,685.1619262695312,30003.0
2022-06-06,702.1876132356538,763.7492669987796,699.0133522054463,739.7979125976562,809973.0
2022-06-07,728.1589119149039,792.6062660738188,727.6779615107329,773.4644165039062,577010.0
2022-06-08,761.825424875275,808.9585635354877,756.0059368438751,765.1920776367188,447915.0
2022-06-09,756.0539881490554,778.9472142161965,738.739774679993,763.7011108398438,92294.0
2022-06-10,756.0540471801977,767.5968570608114,745.4731381229685,751.1483764648438,49913.0
2022-06-13,743.5493371657946,747.8778908750392,721.4737015066936,729.024658203125,79840.0
2022-06-14,738.2107344876459,847.2902431530672,715.6541503978057,831.1784057617188,1377354.0
2022-06-15,842.625139606441,900.3391902644164,833.8718654072221,853.638916015625,2967714.0
2022-06-16,861.7669659403864,871.4821407138862,815.5957266972666,822.7618408203125,552678.0
2022-06-17,812.806236882159,898.4154144945995,798.9548408407326,880.4278564453125,945171.0
2022-06-20,913.9500713613998,1008.8896336400308,905.2448221273224,959.1112670898438,3464642.0
2022-06-21,959.977018016101,959.977018016101,870.5683250871772,912.4110107421876,2080699.0
2022-06-22,914.7677165165884,932.0338486701856,876.2916821730936,883.1211547851562,298219.0
2022-06-23,889.758273361136,901.7820338119622,857.3422034437551,884.1792602539062,204425.0
2022-06-24,893.2210496334658,951.31988080237,889.8063135727409,936.025634765625,420184.0
2022-06-27,965.7484448913244,965.7484448913244,909.5253289622216,920.9238891601562,209378.0
2022-06-28,927.2723884908844,929.148106827814,899.9062984786347,913.9981689453124,105325.0
2022-06-29,910.342977934931,941.7009218169404,894.5677806841211,904.04248046875,95711.0
2022-06-30,907.4572514569384,913.2286563412272,884.9487489243048,890.7201538085938,71917.0
2022-07-01,892.643965602091,949.396114277224,871.6264560596986,934.1018676757812,446492.0
2022-07-04,942.6627564711184,958.38981060793,890.9125066843508,904.7157592773438,194060.0
2022-07-05,911.881972676929,928.3304531305492,902.2629645263283,908.5153198242188,122245.0
2022-07-06,919.3367389182854,921.4529325337628,891.730172735364,903.8501586914062,87592.0
2022-07-07,913.7096788923056,962.862790887257,901.8301676749768,948.4823608398438,409209.0
2022-07-08,961.9008349741052,1019.1339346550644,953.7246778768252,980.8983764648438,779360.0
2022-07-11,969.5960258663988,988.7859002438578,945.5485053836012,957.572265625,256789.0
2022-07-12,959.4960360334678,984.98640691556,955.1674824874524,959.7365112304688,171449.0
2022-07-13,970.557918490657,972.2412449102396,909.6215255856804,916.2586059570312,193827.0
2022-07-14,916.6915182050512,927.7052947774854,884.9487898726621,895.4335327148438,176728.0
2022-07-15,902.2630120912788,971.5198744266436,897.5015910637686,963.6803588867188,479384.0
2022-07-18,978.0607426138064,1036.6404673606703,965.4117820491688,984.2650146484376,833018.0
2022-07-19,983.062711953696,994.7498312793242,945.5485771531148,953.9652099609376,210375.0
2022-07-20,967.6722884396112,982.1969682911284,946.4623857083112,954.1575927734376,160360.0
2022-07-21,956.1295012923432,965.7004270562884,936.8914831576884,946.943359375,171072.0
2022-07-22,953.6285133229222,974.405547919026,938.815216948637,942.80712890625,200426.0
2022-07-25,947.4722498226498,1048.471829752983,919.5771277466532,1032.8409423828125,786744.0
2022-07-26,1036.9291212746327,1075.4051554592202,996.5292853808158,1006.2926025390624,514011.0
2022-07-27,1004.1282944331874,1022.115792888069,971.6641415981092,1008.4568481445312,197480.0
2022-07-28,1014.7571527937348,1076.1264678261798,964.1131133549682,1030.5323486328125,1037293.0
2022-07-29,1034.0433912385106,1101.0878320561146,1030.9172135440688,1080.791748046875,734418.0
2022-08-01,1092.7193269006902,1202.376019917133,1077.9060308514045,1180.6370849609375,836315.0
2022-08-02,1180.6371213552204,1238.880147103684,1157.3590504403355,1179.8675537109375,724794.0
2022-08-03,1177.3667801223828,1196.6047994054284,1151.6840713473375,1176.0682373046875,383553.0
2022-08-04,1186.1472502984225,1213.95066730447,1160.0968078144465,1172.7568359375,354806.0
2022-08-05,1167.5468016554514,1178.1130323964944,1151.3322029764458,1170.5169677734375,105442.0
2022-08-08,1178.356673091113,1236.7875825005897,1173.4874306403233,1223.2998046875,241579.0
2022-08-10,1230.9444215637843,1231.9182699985656,1195.9832389795326,1212.58740234375,77977.0
2022-08-11,1227.049074841545,1227.049074841545,1122.896028302023,1136.18896484375,155115.0
2022-08-12,1151.0887782178258,1202.702742046544,1122.84717536815,1175.5323486328125,186373.0
2022-08-16,1189.068918663661,1216.2879344021078,1178.3565860630874,1207.7181396484375,125564.0
2022-08-17,1222.1797990320515,1226.075192813827,1170.5658314235266,1181.326904296875,96121.0
2022-08-18,1187.608074169181,1205.624268816274,1153.0364574139487,1156.9805908203125,91156.0
2022-08-19,1159.6587128968015,1191.016583572121,1145.4891712401532,1169.5919189453125,87568.0
2022-08-22,1176.4089357567912,1187.4134708692864,1144.271936683965,1178.94091796875,52147.0
2022-08-23,1186.1473733189414,1336.1200297155892,1168.8128239245002,1301.4510498046875,649854.0
2022-08-24,1335.5843283479014,1381.1117406292697,1313.0884542903502,1368.8900146484375,325478.0
2022-08-25,1368.2084120144923,1368.2084120144923,1272.8199983290194,1286.2591552734375,176623.0
2022-08-26,1295.2183380530398,1337.0938181555066,1290.4464572425125,1307.781005859375,114576.0
2022-08-29,1266.0029809516325,1328.3292815523282,1248.4737089076868,1290.2518310546875,86123.0
2022-08-30,1304.956817317582,1339.0415103072205,1290.349091750594,1300.1849365234375,51156.0
2022-09-01,1295.2184810601098,1300.0877234701102,1266.9768750821074,1272.2843017578125,68854.0
2022-09-02,1277.6892073359247,1300.0877224035514,1246.477315962232,1259.283447265625,92745.0
2022-09-05,1259.1859896812375,1268.7297516167112,1170.6145246558567,1188.484619140625,224928.0
2022-09-06,1195.7885085834407,1231.918261488658,1149.1411451040449,1194.86328125,215224.0
2022-09-07,1197.44396578358,1207.5720128931175,1168.61807699334,1190.1888427734375,88078.0
2022-09-08,1196.8596221835078,1206.5981056837804,1160.3890490261756,1172.0264892578125,95974.0
2022-09-09,1196.7137123450632,1197.8336619021145,1161.0221408388045,1170.0789794921875,50798.0
2022-09-12,1195.885832477413,1196.859680875196,1160.924651221411,1176.5062255859375,69077.0
2022-09-13,1188.046318379511,1203.4331707847582,1162.774999730529,1169.0562744140625,77611.0
2022-09-14,1158.8795631732628,1182.982310390522,1143.8336533706488,1165.0634765625,79875.0
2022-09-15,1172.4160962286014,1242.6305411164014,1172.4160962286014,1224.6630859375,213888.0
2022-09-16,1235.8136924156636,1266.0029945944543,1174.6559617409837,1237.371826171875,221352.0
2022-09-19,1237.7613132844324,1265.0290684157967,1210.0066339542936,1241.023681640625,74514.0
2022-09-20,1263.5682584113097,1340.9892037243726,1247.743222419646,1311.6763916015625,182708.0
2022-09-21,1312.7477393677912,1318.1039059601671,1261.1337703867132,1272.1383056640625,64427.0
2022-09-22,1256.361903360601,1341.963208738611,1256.361903360601,1311.9686279296875,123601.0
2022-09-23,1324.3365869558609,1342.985809337902,1270.8722810134884,1281.0489501953125,70887.0
2022-09-26,1278.3221716176786,1278.3221716176786,1200.3655568667302,1233.865966796875,80365.0
2022-09-27,1246.4286237312929,1250.5187395677194,1201.6802172470975,1211.7596435546875,51587.0
2022-09-28,1192.9642398095966,1219.1120444739104,1171.2961138212183,1183.6639404296875,55974.0
2022-09-29,1201.729028763117,1217.3106045007262,1168.618180320697,1195.1068115234375,53291.0
2022-09-30,1195.106849404736,1273.7938569250005,1188.1925487276071,1263.6171875,99869.0
2022-10-03,1246.5259591795293,1275.7414113477996,1235.2293414500607,1250.4700927734375,56613.0
2022-10-04,1256.605423304195,1416.949607084202,1256.605423304195,1398.00830078125,279846.0
2022-10-06,1411.1064834946046,1474.3578963319344,1363.8748310104857,1434.1866455078125,167052.0
2022-10-07,1436.4265866189012,1445.4834255297978,1402.341887953368,1409.645751953125,79278.0
2022-10-10,1395.5246948546255,1402.3416333500777,1345.858428673477,1368.11083984375,91510.0
2022-10-11,1382.8648231516884,1427.174928400563,1343.9108844713592,1357.934326171875,70473.0
2022-10-12,1362.3166227751726,1379.7971549309216,1309.8261674561652,1345.128173828125,64086.0
2022-10-13,1345.9558416555228,1377.0216292016507,1345.8584805917124,1360.271484375,34827.0
2022-10-14,1392.6032856254365,1417.2903200950177,1361.4401351778745,1368.938720703125,72310.0
2022-10-17,1367.2344615786076,1446.6518489350185,1366.3580930902556,1439.737548828125,147592.0
2022-10-18,1447.1386663439114,1471.0953122803355,1409.7916054261757,1461.5029296875,134435.0
2022-10-19,1461.5030751516042,1516.2820509818744,1461.5030751516042,1492.7149658203125,147460.0
2022-10-20,1464.6679523936498,1490.961858453908,1414.368660173153,1440.029541015625,67326.0
2022-10-21,1447.1875380879296,1453.9557372708498,1392.6032848608943,1409.3048095703125,38516.0
2022-10-24,1416.9493913442486,1451.034084606825,1413.2000988609605,1444.071044921875,19224.0
2022-10-25,1436.6210690646635,1509.4649747522867,1436.6210690646635,1497.2918701171875,72153.0
2022-10-27,1499.7265625,1514.7724729946683,1485.1188362418832,1499.7265625,77877.0
2022-10-28,1503.4758103250026,1548.4189372153712,1403.3155273756918,1425.8114013671875,113144.0
2022-10-31,1426.7366962136018,1476.938511674667,1400.7348716911629,1463.548095703125,72291.0
2022-11-01,1470.5110762972736,1479.567913921024,1343.9107849604222,1384.08203125,118345.0
2022-11-02,1401.3679142722683,1406.2371565039305,1363.3878248653066,1378.239013671875,45422.0
2022-11-03,1363.387796477154,1424.7402473186255,1316.837794160527,1396.01171875,184661.0
2022-11-04,1411.1062975258735,1441.2955971968895,1396.498571878608,1425.665283203125,58738.0
2022-11-07,1436.4264351596917,1441.100955177845,1368.25704501652,1381.6474609375,68929.0
2022-11-09,1381.6474210319934,1411.057595235985,1357.544673070378,1363.6312255859375,95044.0
2022-11-10,1370.7890879359918,1377.2652040623154,1343.910893834891,1369.57177734375,107514.0
2022-11-11,1407.2109267897335,1489.988040130306,1393.0901251022242,1459.75,224120.0
2022-11-14,1469.5371764727088,1486.871724846439,1434.1864334238655,1451.0340576171875,70230.0
2022-11-15,1465.5931147982442,1604.9021771832092,1448.1125834171312,1558.0113525390625,579587.0
2022-11-16,1582.5037950600392,1603.928461823929,1495.3930952462376,1503.962890625,222018.0
2022-11-17,1517.2558582023998,1552.314401780889,1475.3803755947597,1530.5975341796875,120062.0
2022-11-18,1530.5975781951945,1558.1575371853546,1466.3235797862983,1489.501220703125,145738.0
2022-11-21,1489.501228451415,1502.599442765321,1471.7284939504418,1480.5418701171875,47354.0
2022-11-22,1488.5272626700407,1489.988035253623,1394.59963309691,1447.430908203125,172529.0
2022-11-23,1463.6941340667197,1478.2044988919451,1412.0801692593102,1430.1937255859375,77400.0
2022-11-24,1441.14951747832,1469.439860784774,1423.8150874473204,1430.87548828125,62203.0
2022-11-25,1439.3480136300072,1463.4507628433648,1416.8033981659564,1437.8385009765625,71014.0
2022-11-28,1445.1911548680268,1474.406609481262,1416.5599855714586,1462.08740234375,86460.0
2022-11-29,1470.511043429201,1477.0357799779947,1421.8186247726048,1429.2198486328125,49538.0
2022-11-30,1428.6356686147906,1459.7988188504237,1413.541017719406,1429.414794921875,309425.0
2022-12-01,1450.0603962008822,1532.837517542101,1441.2470198480626,1517.986328125,468013.0
2022-12-02,1519.2035079312989,1552.3143536169812,1492.568777897971,1535.2232666015625,107795.0
2022-12-05,1553.2882755256996,1556.161080897892,1511.4127922356652,1524.3162841796875,70031.0
2022-12-06,1519.2034863871456,1597.1113574839223,1519.2034863871456,1571.0609130859375,211738.0
2022-12-07,1571.7912728584026,1630.51437725802,1563.0753774776952,1594.238525390625,276474.0
2022-12-08,1602.2241623883392,1609.1872025815485,1578.6083374754585,1590.68408203125,143717.0
2022-12-09,1597.1115001236287,1624.1845352988707,1528.9421068256688,1552.4605712890625,129660.0
2022-12-12,1552.3144545599987,1584.451453932947,1538.6805760381417,1567.8472900390625,160677.0
2022-12-13,1575.686653013738,1681.8361246938969,1565.9969093427478,1666.5467529296875,388175.0
2022-12-14,1676.2366139112344,1679.8885455319562,1613.4233900348222,1648.48193359375,118933.0
2022-12-15,1645.8038639440397,1692.2563869905568,1639.3764880142928,1665.1834716796875,131416.0
2022-12-16,1655.59102130851,1681.8361881585186,1609.6740454358246,1635.3836669921875,112419.0
2022-12-19,1643.563975197707,1700.3393871657167,1618.24391559501,1679.69384765625,152078.0
2022-12-20,1689.6269575829722,1697.417744707274,1639.0355812457276,1667.3258056640625,68065.0
2022-12-21,1675.700806570112,1684.2707195924856,1575.7353686478189,1602.5648193359375,80133.0
2022-12-22,1614.6407017590516,1623.6487997634372,1550.415445160058,1573.49560546875,157915.0
2022-12-23,1531.1330684509046,1626.3267446735638,1530.207960069495,1610.501708984375,197006.0
2022-12-26,1610.5019080144866,1694.4963385912058,1587.3730068411871,1612.2548828125,150301.0
2022-12-27,1625.596472908214,1691.5747032748643,1625.596472908214,1665.572998046875,130925.0
2022-12-28,1678.9146971108948,1723.711724992044,1644.6839009435073,1710.1265869140625,145913.0
2022-12-29,1713.9731645094068,1746.110161343958,1694.6422977648251,1713.7784423828125,104211.0
2022-12-30,1727.8506219928756,1770.4564919166114,1727.8506219928756,1746.2076416015625,118070.0
2023-01-02,1752.9271781842506,1787.011873315611,1749.0805244277617,1776.4942626953125,85504.0
2023-01-03,1767.7295385433586,1792.3679502021914,1723.8577401844022,1741.8251953125,70499.0
2023-01-04,1750.9307780874365,1766.4149922619067,1704.2347923288207,1728.483642578125,72086.0
2023-01-05,1739.2445844858566,1816.2273516890723,1739.2445844858566,1794.0235595703125,265342.0
2023-01-06,1801.6196193215485,1810.384255307437,1768.0218480423089,1792.51416015625,63823.0
2023-01-09,1805.076851852308,1816.5195712019552,1754.8749164309609,1767.8271484375,78134.0
2023-01-10,1754.874730507414,1778.1983509893284,1744.211138602967,1769.4337158203125,50333.0
2023-01-11,1778.2960002776224,1787.011896307876,1753.3167638915097,1775.958740234375,29784.0
2023-01-12,1754.1931909718587,1771.1380582275049,1728.5809302013454,1750.2003173828125,68978.0
2023-01-13,1729.5547631220654,1742.8478175939542,1628.3232692168726,1655.98046875,193505.0
2023-01-16,1626.2782283081217,1645.8039379635595,1565.0232537667805,1608.846435546875,216591.0
2023-01-17,1570.5740255527355,1670.198765594422,1558.1574583068527,1659.34033203125,210351.0
2023-01-18,1658.4639029333327,1663.4305062305252,1633.289944389008,1650.137451171875,113997.0
2023-01-19,1645.8038620336272,1678.8659689889676,1632.4134459963714,1651.8416748046875,99457.0
2023-01-20,1637.3801202704535,1670.1501454420425,1625.8400395425597,1657.1492919921875,84280.0
2023-01-23,1638.0130023462957,1658.415078694721,1510.5849634839526,1526.1177978515625,214790.0
2023-01-24,1533.762511892118,1594.1411135527962,1526.117825618741,1575.7354736328125,133416.0
2023-01-25,1561.3712310448302,1569.8436648111667,1509.4650623184295,1529.428955078125,128604.0
2023-01-27,1504.5957777718002,1528.8446267037182,1436.4263897821393,1458.38671875,199859.0
2023-01-30,1402.3417701402998,1421.8187391700262,1337.3861259773562,1368.938720703125,250243.0
2023-01-31,1373.028961002598,1642.6876220703125,1323.0218665949149,1642.6876220703125,993479.0
2023-02-01,1723.7117039407167,1947.599479544545,1703.2121471420935,1895.255126953125,1735259.0
2023-02-02,1901.779804624768,1994.3927627376304,1835.7042151392504,1963.2296142578125,714320.0
2023-02-03,1963.27838624701,1980.466834386326,1836.093808215136,1880.5986328125,271478.0
2023-02-06,1912.6384305914628,1936.9846427934929,1839.745895034184,1877.67724609375,129866.0
2023-02-07,1887.0748456478973,2207.130045615658,1869.7890355535872,2163.842529296875,532800.0
2023-02-08,2164.865112626309,2283.67462398052,2074.2972064300666,2165.2060546875,393507.0
2023-02-09,2165.2061529507414,2220.374575255464,2104.5353439791875,2157.4638671875,158529.0
2023-02-10,2171.68205758283,2215.5052381170126,2088.9049387960404,2116.221435546875,94617.0
2023-02-13,2126.83625122403,2278.805347711268,2093.774144264626,2247.1552734375,206743.0
2023-02-14,2258.403095015813,2307.046773223386,2204.1597887178928,2266.486083984375,166912.0
2023-02-15,2254.4104491934218,2278.5131986240485,2178.3042870027407,2255.530517578125,128877.0
2023-02-16,2264.197383941861,2360.462387174412,2260.69143482564,2345.951904296875,216389.0
2023-02-17,2342.105441457112,2369.957601268716,2306.073050050079,2332.512939453125,89827.0
2023-02-20,2342.1056041619045,2356.421129326376,2243.746907271945,2263.223876953125,86587.0
2023-02-21,2272.9620926083307,2294.338016750694,2194.0803747414607,2229.138916015625,105197.0
2023-02-22,2220.374491201203,2334.314761144423,2187.3123834996427,2239.65673828125,192771.0
2023-02-23,2244.7207594084653,2256.3094612852324,2181.3718678661544,2201.920166015625,98781.0
2023-02-24,2213.946870520037,2226.1687155633385,2178.4501436817964,2208.25,85109.0
2023-02-27,2219.2058963408667,2253.33933207886,2092.459377866689,2102.392822265625,96699.0
2023-02-28,2108.3330122346533,2273.9359775514195,2045.081607219692,2239.55908203125,143014.0
2023-03-01,2259.328169529765,2321.9954058861267,2248.615837691478,2306.559814453125,117767.0
2023-03-02,2307.9233612343955,2351.746541763175,2253.485327635477,2265.512451171875,115230.0
2023-03-03,2282.2137960483183,2307.0469310170542,2210.684676405251,2241.945068359375,83115.0
2023-03-06,2257.867596488163,2273.9360956652413,2211.707275772763,2259.328369140625,64879.0
2023-03-08,2263.1264427012093,2302.177862802924,2191.256613331183,2226.8505859375,110302.0
2023-03-09,2249.590035371445,2285.0380256749054,2209.321304787404,2226.02294921875,57514.0
2023-03-10,2226.217379854024,2258.3543761511296,2198.9496254201167,2244.3310546875,68787.0
2023-03-13,2239.85136211534,2285.6222377759577,2213.168010556002,2246.717041015625,86123.0
2023-03-14,2252.608787325681,2394.6931711456896,2161.9434078663808,2222.176025390625,286329.0
2023-03-15,2270.0407932194003,2317.7106284773386,2225.341243358783,2256.50439453125,104488.0
2023-03-16,2265.1227345673165,2277.5393021943123,2137.5973287259526,2150.549560546875,138627.0
2023-03-17,2171.6820143681416,2269.0668580617803,2130.780380016813,2252.90087890625,164738.0
2023-03-20,2259.328457400124,2261.2761543461584,2191.159064288913,2234.884765625,113183.0
2023-03-21,2263.223936507133,2287.5701492492494,2191.1591467904686,2216.86865234375,67446.0
2023-03-22,2254.458989323954,2278.805198711901,2220.3742961808275,2266.778076171875,76781.0
2023-03-23,2249.590221120104,2312.305974606506,2230.113249508674,2252.949951171875,74567.0
2023-03-24,2258.646788946122,2306.0731615673644,2209.662163680891,2267.849609375,132023.0
2023-03-27,2278.8053513322693,2286.547398884961,2215.5052026841504,2230.599853515625,70205.0
2023-03-28,2251.586153669435,2278.707687906675,2197.0993853484265,2228.31103515625,75183.0
2023-03-29,2234.6412622421944,2283.0417206621782,2200.897508377642,2220.082275390625,124741.0
2023-03-31,2238.341862674566,2442.070905431724,2225.9740352405,2439.392822265625,531313.0
2023-04-03,2482.3394569005154,2566.090415430702,2407.353133565349,2531.518798828125,540049.0
2023-04-05,2532.005876781196,2678.083138903188,2494.9996370436243,2628.075927734375,348399.0
2023-04-06,2629.390874182538,2677.109449306591,2500.209969484812,2652.519775390625,392020.0
2023-04-10,2653.688231547741,2668.344697969166,2601.3926184124584,2624.813720703125,163865.0
2023-04-11,2644.874845775465,2656.658506835589,2552.8461694939538,2594.4296875,128351.0
2023-04-12,2596.6693634381136,2638.252881680569,2590.436828577006,2623.4501953125,87691.0
2023-04-13,2618.7272992813246,2787.5925303907948,2603.9248499558166,2700.287109375,342796.0
2023-04-17,2692.593418198448,2770.111848017729,2674.333760209229,2711.97314453125,145770.0
2023-04-18,2706.5684253256177,2720.9326906034994,2570.96002261748,2601.1005859375,137465.0
2023-04-19,2609.0858662903743,2639.129184769189,2569.839965666286,2588.24560546875,92089.0
2023-04-20,2616.7307455818195,2770.598798355146,2590.53431777533,2734.56640625,286625.0
2023-04-21,2751.122005873656,2809.55291573292,2716.4044020346696,2763.53857421875,193775.0
2023-04-24,2759.8863055095067,2797.866392282573,2719.5203377595785,2764.85302734375,113891.0
2023-04-25,2762.807922253892,2799.8141616073103,2692.983039235607,2720.8349609375,93133.0
2023-04-26,2733.592731225857,2763.684554682381,2640.152015484883,2653.104248046875,97135.0
2023-04-27,2667.3708731510374,2721.9063857090728,2664.4980678085485,2693.518798828125,99868.0
2023-04-28,2717.0371998042046,2755.991138152652,2712.167957510649,2738.023681640625,71984.0
2023-05-02,2765.7293534346704,2796.8925010790044,2728.138711486313,2768.115234375,108288.0
2023-05-03,2770.598774883635,2930.309916915592,2741.383322072912,2893.011474609375,340481.0
2023-05-04,2917.6498888082247,2956.8960279879125,2845.0981809590216,2880.0107421875,105466.0
2023-05-05,2881.61771379807,2906.889034842028,2845.7800414182934,2859.608642578125,50776.0
2023-05-08,2863.357906321267,3202.0137049517302,2826.4976473708184,2975.83740234375,592108.0
2023-05-09,2931.2836081549463,2931.2836081549463,2435.692265320432,2534.148193359375,1079231.0
2023-05-10,2534.245837354261,2682.9037062888565,2534.245837354261,2573.102294921875,397622.0
2023-05-11,2598.2276871204526,2619.6523532061533,2484.2874174828617,2500.745361328125,178689.0
2023-05-12,2493.05219575735,2651.107857125507,2493.05219575735,2616.73095703125,191151.0
2023-05-15,2586.5901023565298,2714.894629651047,2586.5901023565298,2675.405029296875,140637.0
2023-05-16,2713.14176280582,2752.6801047028653,2669.3673228343573,2683.536865234375,139037.0
2023-05-17,2706.324969138177,2750.1481514380034,2688.893176170194,2719.471923828125,122952.0
2023-05-18,2750.926894141779,2750.926894141779,2630.8513438347773,2643.316650390625,79283.0
2023-05-19,2658.4600776844973,2687.8702510150333,2581.672038326352,2645.800048828125,63805.0
2023-05-22,2648.867744801892,2731.5961218539783,2646.9200479307137,2720.8837890625,97644.0
2023-05-23,2750.148079427084,2770.3066952059667,2726.8244561205306,2746.252685546875,51028.0
2023-05-24,2718.5953250729312,2746.2525249021865,2685.873923290861,2700.87109375,47556.0
2023-05-25,2719.715071983921,2747.22628880732,2644.534024357542,2663.329345703125,45219.0
2023-05-26,2668.2959484360813,2697.3654190672974,2643.998477747933,2679.5439453125,100667.0
2023-05-29,2702.42941119006,2719.958683046428,2657.7783652757585,2694.200439453125,57303.0
2023-05-30,2684.705543172792,2702.429537996927,2629.390901834848,2643.36572265625,56634.0
2023-05-31,2646.3846487713777,2721.906650065907,2634.3090220631057,2706.666015625,60891.0
2023-06-01,2716.063186808253,2716.063186808253,2641.076860030112,2647.893798828125,75540.0
2023-06-02,2663.475485771482,2673.165230206916,2602.123033996856,2635.91552734375,59979.0
2023-06-05,2639.0806009300177,2704.328448103671,2636.8407019086826,2697.8037109375,93359.0
2023-06-06,2707.2012415928184,2711.2428553594937,2648.867813882141,2694.10302734375,38433.0
2023-06-07,2695.612751229236,2754.920032048032,2694.687642670005,2730.62255859375,109401.0
2023-06-08,2729.69698655014,2853.375729786625,2717.036957714909,2769.770751953125,134603.0
2023-06-09,2783.2590104537467,3017.9564987390345,2776.4908109361345,2955.53271484375,299134.0
2023-06-12,2966.342233760333,3033.537773527064,2934.205236480592,2963.712890625,113549.0
2023-06-13,2971.309256788499,3004.322625873173,2876.894454402708,2915.166748046875,95916.0
2023-06-14,2936.152846586124,2975.10678153254,2848.506492956687,2864.185546875,56680.0
2023-06-15,2870.9050521951344,3057.883942975822,2868.372951280098,3028.960693359375,159219.0
2023-06-16,3043.276676857985,3098.7860434438744,2999.45349271123,3041.669921875,82728.0
2023-06-19,3049.1193019499165,3086.953406915203,3005.442106658313,3015.959716796875,56379.0
2023-06-20,3022.435972832476,3044.152601829084,2948.9104190341054,2961.37548828125,39965.0
2023-06-21,2985.624576017221,3113.393442985808,2977.103402221123,3082.814697265625,93078.0
2023-06-22,3106.333133996479,3179.615230816993,3031.590264481868,3065.626220703125,97972.0
2023-06-23,3059.832019803397,3120.1131474972576,2994.6329095806163,3106.62548828125,67444.0
2023-06-26,3128.9261351521254,3276.999830310668,3106.576362166725,3263.219970703125,154501.0
2023-06-27,3263.268780622196,3330.5618057769816,3263.268780622196,3309.234619140625,72438.0
2023-06-28,3344.195424181819,3365.620089100864,3213.699737856728,3244.22998046875,66435.0
2023-06-30,3301.3458828247435,3407.495352213504,3242.914982243775,3379.302490234375,142016.0
2023-07-03,3420.983746898537,3470.7960018223,3391.086408193209,3452.244140625,68781.0
2023-07-04,3455.2144919381794,3515.593099181744,3443.9177541902163,3460.765380859375,61155.0
2023-07-05,3459.109642094017,3476.6389139289527,3371.998947109932,3418.2080078125,117311.0
2023-07-06,3398.730906350662,3442.5540842262435,3383.5875162224643,3401.16552734375,94873.0
2023-07-07,3388.99269274694,3451.270255167344,3364.646480873758,3391.329833984375,65806.0
2023-07-10,3406.473219474728,3406.5219594495857,3281.869354872814,3294.578125,85085.0
2023-07-11,3293.604054796109,3384.269198898939,3281.9178739037684,3309.916015625,103808.0
2023-07-12,3307.091797431732,3407.446925970481,3306.215428944707,3392.887939453125,35769.0
2023-07-13,3401.847343699348,3495.9211986765786,3305.095643251835,3377.452392578125,77280.0
2023-07-14,3407.3497906741422,3466.900529098258,3400.7763135473406,3434.958251953125,79859.0
2023-07-17,3433.789472413728,3473.7172569766776,3315.953815532825,3407.885009765625,101286.0
2023-07-18,3447.1312916925776,3465.9266142239685,3373.459751963258,3407.6904296875,61722.0
2023-07-19,3407.690386561357,3619.794622655564,3385.9250167542546,3571.735107421875,117304.0
2023-07-20,3619.794675576054,3689.9117637228055,3585.7099799491607,3627.7314453125,92768.0
2023-07-21,3631.4807304997175,3663.5689881429385,3586.0020571835626,3597.006591796875,100069.0
2023-07-24,3670.386113134359,3737.630396983551,3575.874072350425,3712.6025390625,65895.0
2023-07-25,3758.032457267421,3783.35251716073,3687.184981989029,3714.6474609375,47248.0
2023-07-26,3752.1893191228105,3764.703366745153,3569.6902156073315,3605.284423828125,84555.0
2023-07-27,3660.6960729894463,3661.66992137279,3580.937985495968,3629.24072265625,38011.0
2023-07-28,3642.193315160392,3840.760925127842,3216.864991525017,3757.25341796875,441124.0
2023-07-31,3797.0352787491024,3797.0352787491024,3635.619890841264,3683.38720703125,152236.0
2023-08-01,3702.5228194863353,3861.308846198344,3603.2390241951753,3614.87646484375,128474.0
2023-08-02,3649.010143263359,3649.010143263359,3452.438738468494,3527.5712890625,112192.0
2023-08-03,3530.1031167096567,3641.2193188681695,3499.5731107549145,3559.708251953125,70426.0
2023-08-04,3621.837614106917,3652.9518010739007,3563.547973067352,3599.68359375,65769.0
2023-08-07,3634.2439807038345,3790.602182163897,3575.0680343080235,3754.81103515625,116461.0
2023-08-08,3775.734335479776,3889.2614324589817,3718.921627948753,3851.2548828125,167834.0
2023-08-09,3888.030703176547,3946.3696254084457,3840.030324124984,3917.3232421875,87284.0
2023-08-10,3861.642574495128,4006.43145150938,3861.642574495128,3913.7783203125,88054.0
2023-08-11,3946.369716813104,4026.173473859395,3889.3108514449686,3999.293212890625,84879.0
2023-08-14,4033.016344008202,4107.896740801005,3946.3695084924007,4081.509033203125,85130.0
2023-08-16,4086.186094025349,4266.175014484292,4082.346159874725,4228.1689453125,161373.0
2023-08-17,4267.8000603534765,4764.443887520521,4243.7258317135465,4643.38427734375,362154.0
2023-08-18,4598.238740223912,4893.3304643325855,4481.019556955098,4787.9267578125,381399.0
2023-08-21,4891.361998536537,5267.685185328304,4800.087233782176,4894.90673828125,993774.0
2023-08-22,4940.740370437677,5009.7625488793165,4814.807166670569,4907.26318359375,255435.0
2023-08-23,4953.639226314267,4953.639226314267,4753.760720462191,4782.11767578125,166984.0
2023-08-24,4823.668576682791,4892.001323806776,4639.100783904273,4820.8623046875,186782.0
2023-08-25,4817.761046191406,4971.362256738281,4790.24063699255,4923.11572265625,153139.0
2023-08-28,4979.2393847721305,5044.470669969115,4903.669556260906,4969.83642578125,141714.0
2023-08-29,5010.648795772881,5010.698315395617,4932.962123161532,4953.04833984375,62638.0
2023-08-30,4972.297971273294,4982.19324182581,4875.902978280412,4891.60791015625,56450.0
2023-08-31,4936.555787100706,4970.87000022228,4888.604927894753,4931.43603515625,172101.0
2023-09-01,4933.89726508895,4957.478699630387,4824.653140945487,4881.17041015625,106316.0
2023-09-04,4913.269368714091,4928.137273980433,4846.314996555261,4881.36767578125,85383.0
2023-09-05,4907.361422580587,4932.961622618126,4844.345545565106,4861.62548828125,91978.0
2023-09-06,4860.936859330192,4880.186049465273,4775.42224321209,4804.9609375,80007.0
2023-09-07,4821.699614618999,4874.8202264113,4793.096504129622,4807.7177734375,95510.0
2023-09-08,4824.604214550747,4848.579402732389,4776.899032419689,4795.85302734375,85648.0
2023-09-11,4824.653730336804,5011.732140288639,4800.038150079983,4953.59033203125,162818.0
2023-09-12,4995.978083821754,4995.978083821754,4529.266690102497,4837.30615234375,168652.0
2023-09-13,4840.062755586756,4902.438729124377,4726.289741398615,4799.15185546875,86761.0
2023-09-14,4853.207607705421,5159.425413750539,4824.702574608406,5052.0029296875,351305.0
2023-09-15,5108.225044991506,5184.38574392755,5000.704001696735,5117.7265625,878504.0
2023-09-18,5159.425474894526,5170.256329899075,5024.581137778669,5156.373046875,83770.0
2023-09-20,5174.194602884864,5651.687787138698,5137.074118181982,5367.279296875,599593.0
2023-09-21,5385.888663273003,5390.270428626375,5125.209682724278,5151.89306640625,152435.0
2023-09-22,5201.124312889835,5355.365436751239,5134.858884897911,5194.9208984375,217244.0
2023-09-25,5252.86579688461,5385.888476808279,5189.948475549623,5355.2666015625,155860.0
2023-09-26,5405.580817549914,5766.88845630719,5348.275560836088,5715.7861328125,544392.0
2023-09-27,5759.0609035725165,5927.283867802925,5602.554858874374,5656.90625,487026.0
2023-09-28,5661.534257758804,5679.306513885031,5297.371277734505,5401.2490234375,377326.0
2023-09-29,5420.301324166498,5469.581519808037,5296.534003677297,5393.322265625,134935.0
2023-10-03,5409.519597569761,5542.443723101599,5372.645268214867,5411.58740234375,117836.0
2023-10-04,5432.855261959076,5448.363076328648,5193.887034888281,5259.65966796875,130052.0
2023-10-05,5305.100524936049,5390.024272129149,5267.733883861874,5309.97412109375,97929.0
2023-10-06,5338.62669064378,5365.211515551081,5285.358482360105,5354.7744140625,51194.0
2023-10-09,5218.502846886928,5286.441846214324,5144.656108487585,5175.8193359375,75648.0
2023-10-10,5195.856084362603,5243.068954186524,5061.947343132109,5100.0029296875,88265.0
2023-10-11,5120.040370014442,5292.349420928389,5100.741660157475,5241.9365234375,88248.0
2023-10-12,5286.7370260108,5425.2736991681,5279.598507985579,5397.9013671875,106678.0
2023-10-13,5405.580788125513,5422.959289586655,5297.272247744128,5328.3369140625,49224.0
2023-10-16,5360.239204595252,5423.304122865119,5287.426132858695,5411.98095703125,57680.0
2023-10-17,5449.790303121977,5464.609169249168,5308.103135106329,5333.654296875,42740.0
2023-10-18,5365.211171263976,5365.211171263976,5185.320341959015,5208.458984375,74637.0
2023-10-19,5149.579045417059,5287.4262856385485,5030.045891836743,5223.42578125,143563.0
2023-10-20,5205.407642695477,5257.887866733998,5131.856097643744,5227.75830078125,61286.0
2023-10-23,5217.46924210359,5218.502904143307,5075.732541671462,5117.48046875,269191.0
2023-10-25,5119.646515423876,5216.533335119741,4851.779504834865,4916.07568359375,126214.0
2023-10-26,4873.884911991873,5134.170154911141,4475.752419036472,5085.97265625,539025.0
2023-10-27,5110.194260139547,5247.056880979508,4904.40801729385,4943.103515625,170247.0
2023-10-30,4943.103160588679,5057.122804124003,4751.791084414311,4996.076171875,174356.0
2023-10-31,5001.885674626496,5174.638001111538,4977.860965572266,5099.806640625,110690.0
2023-11-01,5108.126169735842,5118.760387857429,4933.94643658841,4976.3837890625,81855.0
2023-11-02,5011.731898633533,5083.609389517668,4980.174918575121,5028.51953125,65076.0
2023-11-03,5046.095084796406,5085.578569262224,4982.19313852214,4999.71923828125,62438.0
2023-11-06,5021.528482494859,5090.452095532829,4974.315615254661,5042.20556640625,59005.0
2023-11-07,5042.206241223565,5083.806570374724,4985.147135912937,5001.541015625,42912.0
2023-11-08,5016.654855853408,5070.710569627431,4973.725191158038,5047.76904296875,49099.0
2023-11-09,5047.76890453608,5254.047444963639,5047.76890453608,5105.66455078125,66696.0
2023-11-10,5072.778204584639,5177.246811513002,4982.192879502771,5029.06103515625,67686.0
2023-11-13,5080.015555895372,5362.257686287657,5043.683057737819,5344.92822265625,200648.0
2023-11-15,5362.257448928273,5581.336090571046,5356.349710277233,5535.009765625,179378.0
2023-11-16,5534.61581022295,5563.0222844871705,5450.873802940383,5474.9970703125,75382.0
2023-11-17,5474.505282488174,5875.29598500571,5458.80034930562,5708.40234375,369897.0
2023-11-20,5809.276541278154,5902.520545190589,5742.322167582066,5781.4609375,130082.0
2023-11-21,5814.199662778028,5882.532412787149,5631.108796922068,5701.60791015625,91843.0
2023-11-22,5720.168277769106,5740.008338391684,5420.350523989832,5491.88330078125,123771.0
2023-11-23,5502.074551383834,5735.43025444002,5395.735243662028,5595.26904296875,144862.0
2023-11-24,5602.505405392461,5602.505405392461,5494.7382154347215,5521.37255859375,73540.0
2023-11-28,5543.427994272941,5607.42849509492,5341.580260911315,5365.26025390625,144771.0
2023-11-29,5464.658650027611,5563.071929196331,5366.196332009095,5378.79931640625,116642.0
2023-11-30,5381.950265543504,5561.151683093618,5352.411570342937,5495.57568359375,132006.0
2023-12-01,5553.275105654493,5593.447541769149,5426.258706961332,5445.951171875,95447.0
2023-12-04,5415.427415619127,5522.751340765033,5288.80478025568,5451.95703125,375312.0
2023-12-05,5486.319723408419,5495.870759457213,5395.734401342092,5458.79931640625,100019.0
2023-12-06,5494.197364650985,5494.197364650985,5317.949814781357,5359.35302734375,78470.0
2023-12-07,5376.633707782745,5386.8736932237325,5301.211472183618,5316.12841796875,75133.0
2023-12-08,5331.734233055096,5365.112860907986,5194.87161839311,5216.041015625,81850.0
2023-12-11,5253.899925986597,5253.899925986597,5171.732934367921,5192.5576171875,89978.0
2023-12-12,5246.072150080714,5297.173995478134,5176.163906339023,5184.533203125,62896.0
2023-12-13,5208.656759499809,5238.54016995514,5190.933541792626,5211.65966796875,51656.0
2023-12-14,5243.118413114833,5415.575066266717,5211.65951032693,5293.28515625,163774.0
2023-12-15,5366.19612120084,5380.965468323411,5304.213902133909,5320.755859375,73125.0
2023-12-18,5316.965197192359,5361.273240502295,5288.411124837066,5334.9345703125,60151.0
2023-12-19,5361.272972834614,5366.147049664579,5240.164327167276,5268.57080078125,126071.0
2023-12-20,5277.580194150424,5390.66426144275,5230.367320813318,5279.05712890625,205938.0
2023-12-21,5267.73350110248,5335.672493920437,5169.271192670658,5306.478515625,88011.0
2023-12-22,5360.28867095825,5637.066347091985,5308.793070194154,5570.6533203125,322890.0
2023-12-26,5607.42883375379,5638.887735674664,5486.615381057998,5535.64990234375,77355.0
2023-12-27,5563.564276371747,5815.283097841502,5505.225352572633,5707.220703125,146378.0
2023-12-28,5773.830023403413,5955.000678980873,5662.12433720691,5901.1416015625,347671.0
2023-12-29,5954.01637888638,6008.76152393566,5810.408991701414,5960.31787109375,238216.0
2024-01-01,5960.317255345681,6038.693348655501,5907.787517881647,5965.0927734375,70761.0
2024-01-02,5964.846965385719,5983.653363461562,5795.442746933187,5936.1943359375,89835.0
2024-01-03,5915.616014207692,5927.33293379361,5752.660879328969,5778.06396484375,68542.0
2024-01-04,5809.276783772348,5907.492946345448,5751.233054784594,5793.67041015625,72148.0
2024-01-05,5793.719885908823,5826.015333780104,5663.601548550992,5729.916015625,85509.0
2024-01-08,5729.915737364662,5902.372382152579,5620.228817013431,5858.9013671875,120761.0
2024-01-09,5858.507799201116,5979.616447823257,5688.167992602495,5715.58984375,129258.0
2024-01-10,5715.589359444225,5718.395631365703,5514.873849226975,5551.60009765625,134029.0
2024-01-11,5553.274769706453,5585.767334848352,5395.735059927547,5415.4765625,180246.0
2024-01-12,5395.734870751542,5408.534971722303,5211.610341402903,5229.08740234375,232433.0
2024-01-15,5189.062702800542,5351.229851636693,5189.062702800542,5266.89697265625,165437.0
2024-01-16,5291.364910122087,5405.581197724276,5271.278693629412,5392.23974609375,102300.0
2024-01-17,5353.395816032076,5430.147379292113,5284.078445670462,5389.77783203125,71645.0
2024-01-18,5405.581380089793,5513.643776531479,5249.715719490412,5275.66015625,101829.0
2024-01-19,5341.5801986884935,5374.07276026577,5288.804305547776,5323.26611328125,44676.0
2024-01-23,5356.350239893463,5390.81205209866,5071.794133399122,5269.408203125,97585.0
2024-01-24,5287.425908790494,5563.12036958404,5248.18858312653,5542.3447265625,145718.0
2024-01-25,5562.086472441251,5582.812594968766,5347.487690172023,5381.99853515625,56807.0
2024-01-29,5385.790110803553,5698.998833227996,5382.983838651246,5664.09375,125828.0
2024-01-30,5670.346529947668,6289.773089920185,5652.2295589678815,5975.43212890625,784828.0
2024-01-31,5975.431759559037,6350.8193366271125,5898.187880899688,6224.09814453125,706894.0
2024-02-01,6252.356847311496,6302.572626715099,6090.287784689574,6205.0458984375,139425.0
2024-02-02,6168.811306233782,6321.181730648138,6147.248156542343,6226.26416015625,111350.0
2024-02-05,6204.208657258449,6242.510399358591,5941.215733395858,5962.87744140625,115955.0
2024-02-06,6042.632498109493,6268.948233776969,6022.940034371154,6219.76611328125,146671.0
2024-02-07,6227.692101080147,6410.881037479765,6219.765596620077,6343.13916015625,121998.0
2024-02-08,6302.622062599661,6440.961620455747,6106.534450946159,6132.9716796875,79023.0
2024-02-09,6194.116322208037,6194.116322208037,5912.7602715003,6053.3642578125,103940.0
2024-02-12,6090.878544302942,6167.82674401599,5812.7225163744615,5865.99072265625,71446.0
2024-02-13,5925.413615858182,6005.21713710235,5721.793241486364,5824.14501953125,78433.0
2024-02-14,5824.144533095891,6027.518253898923,5696.094003042886,5973.31494140625,70488.0
2024-02-15,5949.092973556395,6095.555664687894,5949.092973556395,6013.388671875,53784.0
2024-02-16,6016.047546101254,6095.802022571664,5947.61623604331,6057.54931640625,62519.0
2024-02-19,6080.048063570376,6368.54265184991,6080.048063570376,6162.51025390625,165321.0
2024-02-20,6163.7411518944255,6249.354330330993,6113.968642090501,6155.07666015625,37278.0
2024-02-21,6185.451313637652,6223.802575447511,6006.249910579362,6058.92724609375,63148.0
2024-02-22,6103.67872887353,6291.741745039823,6025.942541138522,6268.70166015625,92861.0
2024-02-23,6268.702084639893,6308.579323752394,6098.953143189679,6199.97509765625,63001.0
2024-02-26,6199.974991484806,6358.597880503919,6153.8948193864535,6214.3505859375,92679.0
2024-02-27,6214.350122687539,6257.870655915206,6134.201898689121,6192.9345703125,50657.0
2024-02-28,6153.894275356605,6203.125429559458,5918.470799803965,6134.7431640625,78979.0
2024-02-29,6129.771236563023,6341.021934753313,6060.404345415836,6157.48828125,145079.0
2024-03-01,6163.790166626243,6419.743155447511,6153.943934792735,6205.53857421875,128952.0
2024-03-04,6166.645679860807,6179.199624881329,6042.04133317369,6154.337890625,86276.0
2024-03-05,6198.153367637716,6198.153367637716,5981.585324763619,6024.31787109375,65878.0
2024-03-06,6062.029479845625,6098.066302160119,5745.2760233201225,5976.81005859375,244496.0
2024-03-07,5965.831938977049,6120.368741753744,5904.834339732754,5996.404296875,50937.0
2024-03-11,6006.201285950183,6049.524705061955,5946.139273090682,5989.8564453125,41822.0
2024-03-12,5989.462694978702,6054.693979467003,5806.4703841501205,5980.94580078125,202728.0
2024-03-13,5974.693446176648,5995.518130243965,5518.911473076943,5692.3037109375,126883.0
2024-03-14,5562.086674538962,5689.103050362371,5419.2177711597415,5638.9853515625,108306.0
2024-03-15,5666.457080931924,6094.768142983007,5499.1201874834505,5997.19189453125,259603.0
2024-03-18,5982.569883962196,6055.431992489715,5785.645266320254,6013.33935546875,134020.0
2024-03-19,6013.142385358964,6040.6627936555615,5920.046462404901,5953.474609375,41225.0
2024-03-20,5943.087003014131,6135.187083106151,5927.431590482912,6055.087890625,120526.0
2024-03-21,6104.66351754762,6276.972568446142,6085.955677735781,6111.85107421875,182746.0
2024-03-22,6153.796358284814,6348.850307720986,6105.205107867484,6246.49853515625,89873.0
2024-03-26,6301.5882203877145,7286.211379823295,6252.455620886485,6941.93798828125,1059437.0
2024-03-27,6744.619338723424,7122.714617115685,6741.615949741139,6922.09765625,514202.0
2024-03-28,6975.218012626418,7059.748006459482,6803.745986699445,6871.58642578125,178049.0
2024-04-01,6951.43997687196,7035.083912245671,6808.669609075015,6843.22998046875,97099.0
2024-04-02,6847.069327171262,6949.71628969033,6674.76027737906,6722.3173828125,108492.0
2024-04-03,6770.022657065167,6902.208315605835,6716.1635781848245,6818.46630859375,96488.0
2024-04-04,6872.669492105372,7030.209193930137,6798.625639938527,6990.2333984375,117791.0
2024-04-05,6902.20846844266,7332.488796646575,6902.20846844266,7233.189453125,207569.0
2024-04-08,7233.041624041058,7291.134389603053,7128.671570658488,7203.5029296875,97655.0
2024-04-09,7234.961899490013,7309.645181130844,7050.886408470625,7085.44677734375,74032.0
2024-04-10,7148.36446073501,7163.330925744391,6833.285035468452,7043.3544921875,166879.0
2024-04-12,7043.009512352114,7043.009512352114,6838.207893650976,6854.552734375,78608.0
2024-04-15,6789.518132555236,7053.2005069148445,6657.6281469124815,6869.4697265625,137154.0
2024-04-16,6820.238432477825,6929.679199898476,6798.970476195234,6869.6171875,63650.0
2024-04-18,6875.180401329248,7027.649397087141,6855.192743060828,6897.92529296875,101204.0
2024-04-19,6843.13099828268,6999.488964610488,6785.431984646151,6970.048828125,62317.0
2024-04-22,7035.08341547815,7286.211359274754,7001.655267000375,7219.4541015625,127270.0
2024-04-23,7286.211498676281,7638.706595504133,7259.380517143993,7544.72412109375,282826.0
2024-04-24,7614.386316912164,7729.292035403752,7493.967093179358,7703.93798828125,195475.0
2024-04-25,7705.660722258612,7808.799996556668,7630.73080487172,7728.20849609375,92080.0
2024-04-26,7805.50089439694,7805.796569784208,7433.953279663158,7485.3017578125,101590.0
2024-04-29,7531.382736041712,7758.338380002702,7452.071530862608,7725.0087890625,118257.0
2024-04-30,7778.523104301561,7861.083853911318,7725.353452702538,7758.92919921875,68623.0
2024-05-02,7807.07691950839,7980.370593090617,7709.648266966447,7886.63427734375,98980.0
2024-05-03,8038.414462039531,8038.463500888459,7789.5509576483555,7844.24658203125,142886.0
2024-05-06,7920.308595877081,7921.293219024255,7533.6964132933535,7566.53369140625,69842.0
2024-05-07,7566.829472163337,7921.293832602999,7547.727877783145,7750.5107421875,204967.0
2024-05-08,7842.523599264968,7842.523599264968,7561.905994018199,7725.2548828125,107955.0
2024-05-09,7714.522549249651,7748.93532140523,7301.57168724787,7499.13623046875,150122.0
2024-05-10,7498.890204437156,7581.598552280213,7197.595508723163,7518.77978515625,129116.0
2024-05-13,7518.8287634677345,7660.368345690486,7396.489333268243,7612.76171875,85507.0
2024-05-14,7729.292243865203,8269.850389327878,7387.627987989888,8176.50830078125,560024.0
2024-05-15,8257.393653623394,8257.393653623394,7850.055360508722,7989.23193359375,295540.0
2024-05-16,8007.742895816601,8008.432324325111,7675.9248970095,7923.5576171875,207797.0
2024-05-17,7923.557696347691,8042.894214642662,7847.446519030668,7865.908203125,95777.0
2024-05-21,7950.733424751644,7950.83198322183,7760.848752997741,7797.96923828125,188809.0
2024-05-22,7789.451806854639,7850.0551656058,7633.241450113615,7734.21435546875,157635.0
2024-05-23,7717.525255410974,7852.369587533692,7616.060032548352,7730.8671875,90164.0
2024-05-24,7738.153629318906,8000.063397151815,7706.596648473819,7903.9150390625,109042.0
2024-05-27,7906.475047120278,7945.465740186085,7741.894898993775,7893.87158203125,46131.0
2024-05-28,7886.831591047837,7955.706174092854,7652.491276607214,7687.888671875,68362.0
2024-05-29,7680.060500841751,7739.088850461914,7589.868924959313,7676.3681640625,77959.0
2024-05-30,7668.195869193335,7910.46219712339,7658.251079462563,7708.220703125,142691.0
2024-05-31,7736.184594415008,7867.139481911152,7524.096850218722,7786.0556640625,135033.0
2024-06-03,8123.140518268221,8143.719525532897,7681.438502538456,7884.41845703125,145824.0
2024-06-04,7884.862451607767,7905.293382660571,6464.100237002419,7439.517578125,236278.0
2024-06-05,7384.673443105687,7512.674449452852,6992.054971713901,7488.10791015625,109034.0
2024-06-06,7522.422358844677,7730.276403382159,7503.615960396784,7553.43798828125,118485.0
2024-06-07,7571.75186765354,7975.447350844431,7532.366942464185,7935.9638671875,118875.0
2024-06-10,7935.964171053886,8147.756710523738,7911.496189188522,8097.09765625,79268.0
2024-06-11,8132.987271098634,8321.099332801941,7936.062639837166,7998.291015625,127235.0
2024-06-12,8005.872155085579,8107.584013431333,7833.120314451737,8021.8232421875,115779.0
2024-06-13,8052.248373007756,8546.431132095811,8024.6789239438995,8381.0634765625,319887.0
2024-06-14,8443.143122836078,8605.605935112226,8108.371267236747,8247.203125,172872.0
2024-06-18,8293.481083691047,8418.52822813231,8271.917451330382,8359.9921875,69800.0
2024-06-19,8359.991241923324,8515.020337109236,8223.030557058375,8252.1259765625,68640.0
2024-06-20,8333.849792369716,8404.742654497626,8253.208777080828,8335.4248046875,45273.0
2024-06-21,8335.425410694183,8408.681758170671,8124.125665885972,8216.7783203125,68879.0
2024-06-24,8211.80587021307,8448.066380470273,8123.140750452185,8340.447265625,102119.0
2024-06-25,8440.042303411074,8712.931017968498,8339.758811412948,8378.4052734375,195418.0
2024-06-26,8443.144250969697,8594.776229354458,8227.51176222773,8269.1611328125,99312.0
2024-06-27,8300.373559242125,8465.59313955934,8272.114681149958,8345.6171875,68298.0
2024-06-28,8416.558737407388,8448.066678399086,8315.142552340358,8343.1552734375,58839.0
2024-07-01,8369.296001479463,8466.773684320222,8307.264748762615,8350.29296875,52307.0
2024-07-02,8320.065309700427,8418.429543364875,8260.987922885986,8343.0068359375,75797.0
2024-07-03,8418.528510296057,8596.745312677764,8370.281972634712,8536.2890625,91119.0
2024-07-04,8591.428012120685,8755.269701086956,8377.174383361204,8464.0673828125,125465.0
2024-07-05,8507.144042131633,8741.484352551463,8393.27198986593,8725.287109375,96538.0
2024-07-08,8816.315534825024,8825.029064935583,8574.098244053643,8661.6806640625,84851.0
2024-07-09,8755.27005136526,8758.125843445368,8497.79106818577,8695.8974609375,51940.0
2024-07-10,8690.284052108374,8749.213363900406,8400.853880520071,8550.5166015625,48177.0
2024-07-11,8634.160120616089,8654.837206091392,8448.066351338355,8468.4482421875,43759.0
2024-07-12,8503.205615844076,8576.067729736209,8418.528024023488,8535.9443359375,56683.0
2024-07-15,8566.222006703683,8959.086671149058,8538.701595418901,8695.0595703125,194612.0
2024-07-16,8714.851089206879,8958.889569884937,8694.223040420102,8889.4736328125,88648.0
2024-07-18,8881.54749924231,8938.015255648956,8375.303091815695,8464.5595703125,150932.0
2024-07-19,8457.913298690071,8474.996126613225,7814.068283550916,7896.48095703125,199995.0
2024-07-22,7640.331296166834,8162.477266117335,7478.2131828988895,8062.439453125,261673.0
2024-07-23,8268.865456057976,8268.865456057976,7636.737375230492,7968.50634765625,122087.0
2024-07-24,8009.466024906122,8073.958841008746,7926.216330169881,7962.548828125,113095.0
2024-07-25,7881.908369582778,7996.124655762866,7829.18199184937,7856.06201171875,68431.0
2024-07-26,7911.397817339007,8107.386859220703,7804.221493394002,8074.25390625,60338.0
2024-07-29,8074.8952100724355,8735.479327947516,8074.8952100724355,8520.732421875,259094.0
2024-07-30,8566.221697622224,9396.554236072185,8369.297060895276,8969.8681640625,790461.0
2024-07-31,8850.778602390077,9511.362740968216,8675.51565976849,9087.482421875,639300.0
2024-08-01,9156.847023742575,9186.484756859983,8595.759918169797,8671.87109375,176948.0
2024-08-02,8671.870684193664,8721.988383722866,8420.496603482618,8489.814453125,124521.0
2024-08-05,8319.917506435815,8388.201698545321,7961.071889304296,8086.9560546875,221109.0
2024-08-06,8259.018783853287,8368.311950878528,7956.7394840627585,7999.61962890625,214333.0
2024-08-07,8160.5567106930575,8200.926260058213,7967.86576690187,8158.34130859375,107109.0
2024-08-08,8157.35655338742,8251.141907406569,8038.414270468141,8160.802734375,93654.0
2024-08-09,8231.401001919407,8308.299690050271,8078.094975716885,8150.7109375,77785.0
2024-08-12,8084.741590762015,8334.835898891786,8044.322998233737,8277.6787109375,65814.0
2024-08-13,8320.065501412793,8484.645643257378,8263.991021493473,8391.1064453125,90360.0
2024-08-14,8393.125506953706,8461.802977061921,8087.251916756516,8177.64013671875,73061.0
2024-08-16,8279.64749208672,8364.768360469143,8212.495997195749,8296.533203125,43500.0
2024-08-19,8317.11185111347,8394.897080927363,8182.366555984659,8220.470703125,43066.0
2024-08-20,8270.153482693113,8350.398143941095,8126.802641268814,8278.57421875,93976.0
2024-08-21,8301.85552280049,8306.759556964453,8178.021162376854,8240.2353515625,105658.0
2024-08-22,8286.004216466366,8507.816696235283,8226.068389697331,8439.0634765625,70199.0
2024-08-23,8439.063265407216,8906.166432589174,8361.29529377671,8866.787109375,258431.0
2024-08-26,8866.78818551271,8965.608008590825,8688.219031529452,8908.2978515625,104187.0
2024-08-27,8875.504863397438,8953.81751275758,8720.068567926985,8895.318359375,85554.0
2024-08-28,8900.123440225238,9101.1801105393,8833.549902287014,8925.5830078125,90982.0
2024-08-29,8911.11972498944,9258.10356975626,8782.332002449293,8863.666015625,166926.0
2024-08-30,9164.732875973632,9406.457535117246,8975.513982955476,9078.048828125,324713.0
2024-09-02,9084.488623436351,9158.640251008415,8687.178657447806,8750.9775390625,134494.0
2024-09-03,8785.353256376453,8885.312728286324,8635.118007025763,8735.423828125,93477.0
2024-09-04,8734.73062453739,8935.837614766708,8690.248937745693,8894.724609375,286387.0
2024-09-05,8935.88625881375,9135.011883871572,8796.993465157879,8930.3388671875,68681.0
2024-09-06,8995.278723345706,9182.466938600895,8817.006582162368,8859.30859375,98046.0
2024-09-09,8852.670364096017,9015.141037743258,8805.117971809019,8992.2568359375,118713.0
2024-09-10,9015.982070675593,9256.02334080166,9015.982070675593,9203.517578125,105254.0
2024-09-11,9209.21491233382,9986.00269102966,9169.240600850042,9863.5556640625,687836.0
2024-09-12,9903.776935851529,10332.98683456691,9768.946469480965,10000.21875,233772.0
2024-09-13,10101.911187111618,10416.94578135517,10030.38427127961,10302.7705078125,171057.0
2024-09-16,10203.951357741498,10525.722368230352,10166.801049400206,10485.7490234375,215017.0
2024-09-17,10498.18121809454,10498.18121809454,9934.090580514558,10036.7744140625,113131.0
2024-09-18,10015.723074799656,10029.195866236396,9819.569447815447,9897.2880859375,51690.0
2024-09-19,10005.81554492212,10020.47733856608,9472.832499063892,9544.259765625,102276.0
2024-09-20,9644.219269986615,9658.088717318904,9292.18336343124,9330.0263671875,131457.0
2024-09-23,9560.01148750664,9738.382285551805,9283.464239722498,9715.3984375,162331.0
2024-09-24,9715.399197319295,9886.934933371116,9671.166146051852,9819.123046875,66353.0
2024-09-25,9817.637317165916,9817.637317165916,9571.900608772805,9597.7568359375,37369.0
2024-09-26,9753.193303250568,9756.11598737095,9262.809282416742,9382.0869140625,81324.0
2024-09-27,9381.739578593828,9523.505721169477,9243.24343678186,9404.0791015625,232009.0
2024-09-30,9411.360912563046,9494.775921137012,9248.593242418769,9439.7431640625,89043.0
2024-10-01,9411.410660200005,9620.443044337077,9342.063423756425,9581.6083984375,130755.0
2024-10-03,9361.77841756433,9560.0120631029,9314.32470645528,9448.3134765625,71847.0
2024-10-04,9371.783785537047,9510.37957966492,9265.335582769343,9425.37890625,105789.0
2024-10-07,9413.392566447972,9425.082336362815,9099.34863426906,9318.9814453125,99929.0
2024-10-08,9213.27653529949,9488.684156462206,9077.703062727493,9464.36328125,50059.0
2024-10-09,9610.535886362288,10005.81511723112,9411.410258781749,9937.3095703125,125426.0
2024-10-10,9980.057970565302,10620.03389363312,9844.979848088984,10550.3896484375,244750.0
2024-10-11,10402.085247973486,10565.149930687952,10225.398786958103,10331.1533203125,119268.0
2024-10-14,10342.645180046453,10729.008362059682,10204.941379277634,10402.6796875,124661.0
2024-10-15,10425.069560885951,10897.42312617289,10353.096647529375,10853.982421875,137647.0
2024-10-16,10853.98280216163,10853.98280216163,10377.368544443538,10467.6689453125,104027.0
2024-10-17,10467.6686410541,10480.10141674928,10137.178935435571,10239.912109375,55229.0
2024-10-18,10228.71741898036,10228.71741898036,9967.823594603047,10043.9072265625,57628.0
2024-10-21,10242.042218647868,10242.042218647868,9617.471089014423,9683.5986328125,81913.0
2024-10-22,9649.667839043945,9749.181315675814,9390.111042798422,9708.1669921875,107389.0
2024-10-23,9614.548315668158,9905.708027624813,9490.318275686492,9612.4189453125,64166.0
2024-10-24,9654.02686023989,9847.257778777468,9575.862234656855,9638.62109375,78222.0
2024-10-25,9683.797545061128,9787.818406744802,9317.990848140202,9361.6298828125,190910.0
2024-10-28,9361.629935491575,9436.178220117705,9189.103518374452,9207.7783203125,61514.0
2024-10-29,9314.870269213545,9547.926543984886,9124.908353432862,9463.8681640625,148454.0
2024-10-30,9562.93500647769,9562.93500647769,9263.156215777248,9342.3115234375,64287.0
2024-10-31,9361.876332390835,10085.068895633727,9319.623667569736,9968.515625,147768.0
2024-11-01,10105.031713546809,10167.493564745168,9827.543128037034,9979.859375,18776.0
2024-11-04,9906.748442348236,9906.797782599268,9475.804885106088,9532.4716796875,76154.0
2024-11-05,9531.28244338546,9531.28244338546,9242.996070760457,9350.6826171875,73815.0
2024-11-06,9350.68238326512,9423.89267015939,9242.103845233974,9303.9716796875,71331.0
2024-11-07,9495.617981349606,9504.980051723798,9243.986581530848,9273.0625,97171.0
2024-11-08,9272.71656193896,9272.71656193896,8940.840488408025,8966.845703125,78747.0
2024-11-11,8966.845594017135,8966.845594017135,8589.150813437764,8653.0,117953.0
2024-11-12,8737.255841997936,8989.828559659103,8494.39154326713,8874.61328125,214438.0
2024-11-13,8717.938011689894,8718.136340135872,8583.355230616764,8656.3671875,112882.0
2024-11-14,8656.367292692592,8960.356431279164,8544.570030064177,8875.8017578125,96755.0
2024-11-18,8817.005963296913,8817.005963296913,8611.44093662454,8738.7919921875,59090.0
2024-11-19,8797.192113613513,9598.648016756908,8747.65837423506,9390.9033203125,519174.0
2024-11-21,9477.290379458384,9501.561911815748,9145.612653225238,9365.591796875,210631.0
2024-11-22,9371.585590280636,9487.048548557848,9190.68875278502,9218.6259765625,70411.0
2024-11-25,9323.2904911984,9490.665203067269,9323.241150946353,9472.734375,74028.0
2024-11-26,9441.131245613522,9768.053943520392,9441.131245613522,9636.8388671875,89232.0
2024-11-27,9707.424922620725,9896.842155157572,9637.334674124488,9766.4697265625,89034.0
2024-11-28,9766.469250791752,9842.057547756292,9619.452717234968,9803.767578125,49923.0
2024-11-29,9777.811131222514,10081.60194076016,9708.61288453295,10007.15234375,75855.0
2024-12-02,9935.478091528068,10114.79023975487,9829.97121978136,10051.7333984375,45892.0
2024-12-03,10045.54149634354,10402.085756049932,10012.75054632349,10100.474609375,107371.0
2024-12-04,10115.038174004403,10381.232707238005,10010.769643085576,10043.4619140625,87878.0
2024-12-05,10025.62913347532,10050.346663614737,9758.146933273902,9958.1142578125,83869.0
2024-12-06,9957.272298403648,10055.200114256568,9847.307396889091,9911.5029296875,39569.0
2024-12-09,9906.748300764351,10138.566211002237,9862.167933410912,10113.75,64929.0
2024-12-10,10155.11076117486,10271.861403917452,9676.9118231081,9837.896484375,130698.0
2024-12-11,9916.65503428199,10203.950734575874,9886.1424430523,10128.0654296875,88151.0
2024-12-12,10016.713013150082,10213.85730052194,9870.588478540289,9905.509765625,69738.0
2024-12-13,9862.167873085533,9979.761168187482,9730.557109697276,9860.1865234375,65114.0
2024-12-16,9870.093244975613,9981.0488249653,9763.249352476822,9800.9443359375,42548.0
2024-12-17,9856.768634570612,9856.768634570612,9752.847424605015,9788.51171875,41016.0
2024-12-18,9800.745464030962,10033.009356505456,9793.464391480227,9922.9951171875,77510.0
2024-12-19,9792.82148612811,9922.996556294842,9693.75399512024,9825.3154296875,40527.0
2024-12-20,9769.09453202972,10016.564928631382,9769.09453202972,9834.3310546875,65585.0
2024-12-23,9992.936547388088,10090.022676231552,9699.69681128946,10068.673828125,72002.0
2024-12-24,10068.228888246636,10068.228888246636,9841.661347836034,9891.6904296875,51851.0
2024-12-26,9946.37483253459,10092.004025799786,9884.011661383256,10068.673828125,32823.0
2024-12-27,10060.302519627325,10233.670608345668,9920.07269621517,9954.2509765625,50785.0
2024-12-30,9906.748248023743,10149.314591894252,9849.289108185205,9899.71484375,73357.0
2024-12-31,9906.747818455684,10288.157609466229,9783.805465010986,10221.3857421875,71518.0
2025-01-01,10221.782399314718,10411.74428873792,10204.494930879951,10309.2587890625,55008.0
2025-01-02,10389.30540001296,10467.519369656098,10243.626862875297,10421.75,60707.0
2025-01-03,10402.085670356588,11055.931055350433,10393.36792538118,10848.5830078125,269128.0
2025-01-06,10859.28185438436,11144.893206632276,10615.377524365393,11050.1357421875,165427.0
2025-01-07,11074.902287298792,11640.428595082663,10991.536618080185,11557.2119140625,162658.0
2025-01-08,11604.566759062398,11670.050946526308,10615.625599030076,10684.5771484375,123293.0
2025-01-09,10732.821855169554,10773.786838852731,10286.622503221522,10416.3515625,109708.0
2025-01-10,10499.172708376074,10657.631353905836,10205.040940273017,10497.2900390625,83731.0
2025-01-13,10402.135045116444,10471.432942898611,9769.044489112886,10135.7431640625,141855.0
2025-01-14,10146.541090689616,10496.199970308242,9966.188928862755,10250.7109375,121656.0
2025-01-15,10254.178701390898,10573.473022579496,10070.111501684742,10206.97265625,85420.0
2025-01-16,10232.233892230452,10339.474438074676,9906.79722424128,9948.8515625,55123.0
2025-01-17,10032.96034011362,10051.83250153162,9797.77375599545,9984.8623046875,40798.0
2025-01-20,10083.087716442516,10083.087716442516,9875.887703217906,10008.787109375,34449.0
2025-01-21,10055.350344017315,10130.047619269548,9886.935609191412,10075.6591796875,72084.0
2025-01-22,10037.518171566137,10077.591165100745,9743.28772378138,9805.6015625,99221.0
2025-01-23,9805.70037552198,9805.70037552198,9531.283422196097,9609.84375,188664.0
2025-01-24,9691.475041509277,9697.071773934142,9183.555852793985,9224.8671875,195857.0
2025-01-27,9213.27601220665,9213.27601220665,8632.938884412813,8880.2109375,121198.0
2025-01-28,8682.076451001109,8807.001135729739,7104.179012045963,7106.8046875,848938.0
2025-01-29,7103.187995631103,7281.460127899916,6627.614728659924,7214.09423828125,1017235.0
2025-01-30,7272.742071030734,7574.699558065096,7024.8750413601365,7360.8623046875,221625.0
2025-01-31,7360.862431548127,7547.951468418512,7161.043610198067,7422.08642578125,121598.0
2025-02-01,7424.364938019879,7722.310396886274,7261.6465951477085,7331.6875,101257.0
2025-02-03,7301.322772751238,7558.551877067236,7039.933608150756,7171.693359375,182551.0
2025-02-04,7221.02880536388,7251.095883072947,6875.283291154525,7067.27587890625,220887.0
2025-02-05,7072.328298252352,7286.413221253952,7072.328298252352,7236.68115234375,59398.0
2025-02-06,7252.581701282952,7398.50790573032,7140.783953435098,7228.0625,69085.0
2025-02-07,7184.423046361097,7263.578350486071,7011.005614748176,7036.8125,119776.0
2025-02-10,7055.140565139441,7059.053924443773,6598.736933828088,6665.458984375,206821.0
2025-02-11,6677.940502431452,6716.775148106366,6414.223160746984,6616.27099609375,298478.0
2025-02-12,6667.241848860303,6791.076207122937,6184.387015868226,6710.83154296875,289589.0
2025-02-13,6587.987328600533,6895.096512339806,6560.793112226645,6683.48828125,134045.0
2025-02-14,6716.131153072903,6736.637830741036,6246.20447537651,6307.97314453125,105848.0
2025-02-17,5993.582935767912,6476.041595225594,5993.582935767912,6412.14306640625,193495.0
2025-02-18,6350.225569511518,6439.336962687181,5980.803027431702,6103.1513671875,197887.0
2025-02-19,5974.759613393081,6486.938475957203,5907.195399733879,6303.51513671875,132995.0
2025-02-20,6241.202338405954,6379.450822971397,6135.49713632543,6316.54296875,172497.0
2025-02-21,6338.288075597832,6562.5767551804365,6191.866048871202,6373.45703125,193253.0
2025-02-24,6353.643739603375,6459.199950206444,6182.10800425012,6388.36669921875,141914.0
2025-02-25,6379.995270269963,6494.814870495992,6216.484582433546,6283.00830078125,172546.0
2025-02-27,6273.448202958778,6288.655157961833,5723.128348755288,5829.82421875,216309.0
2025-02-28,5721.741373845241,5828.1397488013845,5543.469253140608,5743.337890625,215866.0
2025-03-03,5794.45693638786,5814.914274372382,5425.331407175507,5755.126953125,196772.0
2025-03-04,5555.753379178465,5885.797061554893,5555.753379178465,5712.92431640625,139377.0
2025-03-05,5666.659877112779,5864.200336223187,5599.442494936756,5745.27001953125,218017.0
2025-03-06,5785.540987025185,5884.608469679726,5597.312769981558,5669.18603515625,230094.0
2025-03-07,5645.904983200737,6159.3720184352405,5597.312578115524,6049.65478515625,333555.0
2025-03-10,6191.717719829303,6323.031475740264,5598.650326498762,5638.32666015625,303111.0
2025-03-11,5639.911742486696,5647.341803626456,5411.065859382106,5445.244140625,226166.0
2025-03-12,5457.6277653775305,5575.468732637392,5312.593063638592,5481.05712890625,187029.0
2025-03-13,5481.057175919975,5609.844907919382,5411.066093698196,5430.43359375,103085.0
2025-03-17,5428.898391606217,5450.297065953763,5230.7634138103695,5271.9755859375,227461.0
2025-03-19,5695.43892890779,5874.7017326038,5601.5724889138255,5748.2421875,225161.0
2025-03-20,5770.681367146503,5904.373140122062,5577.499759147608,5663.6884765625,254240.0
2025-03-21,5706.287239042335,5972.234100818402,5670.52377956594,5872.9189453125,491761.0
2025-03-24,5919.331183844922,6142.877336184184,5895.505648743872,6088.19189453125,186009.0
2025-03-25,6142.183966142842,6183.74296888881,5816.053617546144,5865.6865234375,185250.0
2025-03-26,5879.655401801619,5896.199865757858,5716.194046907386,5735.51220703125,136471.0
2025-03-27,5716.193406192561,5765.727144547783,5612.073391424303,5654.5732421875,250353.0
2025-03-28,5661.706996798292,5759.734470662743,5414.186778766599,5488.28955078125,325961.0
2025-04-01,5483.385566240818,5524.250905826623,5389.370615066584,5432.16748046875,93647.0
2025-04-02,5488.338849486942,5495.471902132698,5291.243888106688,5424.68798828125,123186.0
2025-04-03,5349.643976748789,5441.0830682676,5290.252828367598,5317.9423828125,131706.0
2025-04-04,5300.110583049798,5327.997984044925,4993.001371695511,5068.986328125,244110.0
2025-04-07,4360.999890185153,4978.140961705012,4267.876457269676,4927.96337890625,179106.0
2025-04-08,5051.549861126115,5111.386521017699,4850.442881037619,4897.6484375,108746.0
2025-04-09,4890.119236179268,4898.242962895721,4695.798474127367,4772.37744140625,83742.0
2025-04-11,4941.535450734882,5069.778502486317,4909.784515549035,4981.50927734375,243985.0
2025-04-15,5027.674872965752,5045.01168287253,4963.776345023626,5008.85205078125,114591.0
2025-04-16,5027.674663056126,5027.674663056126,4918.7004339061405,4948.916015625,82741.0
2025-04-17,4948.915959451491,4960.804057042006,4844.39976813488,4856.783203125,81545.0
2025-04-21,4901.363472903088,4988.047516132805,4770.099064583805,4930.58837890625,185918.0
2025-04-22,4978.140824700921,5298.128782189159,4861.736536760153,5224.81884765625,266056.0
2025-04-23,5299.119782556714,5351.625549704874,5141.602481112235,5292.18505859375,158822.0
2025-04-24,5328.839961473333,5596.322168128435,5272.371495623922,5452.67431640625,172593.0
2025-04-25,5452.674304991425,5520.535531352601,5295.157005846506,5487.84326171875,186819.0
2025-04-28,5461.095386391428,5564.62091344411,5374.411332639184,5550.75146484375,92626.0
2025-04-29,5582.452618682665,5635.949059039163,5508.152007076419,5551.74169921875,96346.0
2025-04-30,5547.779440143673,5595.331835344905,5463.572073641492,5550.75146484375,122564.0
2025-05-02,5550.750978682965,5578.985210860809,5409.084480387111,5474.96435546875,43793.0
2025-05-05,5498.245261364371,5797.429057568343,5441.281459106993,5743.9326171875,100476.0
2025-05-06,5753.839452810571,5794.457121124145,5509.142768092215,5538.36767578125,108746.0
2025-05-07,5399.1778073462965,5734.521236297988,5384.317684940756,5714.21240234375,85759.0
2025-05-08,5755.821103497813,6339.328612957403,5755.32576605345,5974.76025390625,761697.0
2025-05-09,5795.447614924029,6145.155821431411,5785.54086686433,6035.19091796875,171961.0
2025-05-12,6261.064740645584,6413.133322558416,6175.866707782368,6241.74658203125,207986.0
2025-05-13,6290.785523117129,6469.107002512575,6247.691165596562,6450.2841796875,162571.0
2025-05-14,6528.051808948992,7019.426525883312,6420.563589619609,6862.89990234375,364668.0
2025-05-15,7081.839376682329,8024.466524603325,6985.743913363005,7866.94921875,670949.0
2025-05-16,7875.864859559204,8320.677856029906,7631.168177759062,8151.2724609375,331664.0
2025-05-19,8123.533382044844,8123.533382044844,7717.356712942602,7743.1142578125,160266.0
2025-05-20,7816.424636871597,7874.3791161183635,7292.852973932859,7367.64892578125,149991.0
2025-05-21,7420.154344718871,7596.494461322336,7284.431895422945,7421.14501953125,82749.0
2025-05-22,7425.108240360836,7597.485669823516,7355.760998622976,7573.70947265625,55869.0
2025-05-23,7594.512924866058,7922.426279696564,7515.754279219455,7685.15966796875,109372.0
2025-05-26,7688.627634489389,7774.816347825375,7510.3061586218355,7550.923828125,75562.0
2025-05-27,7666.832465696422,7684.664612534842,7534.577376644804,7574.69970703125,30346.0
2025-05-28,7578.662361644303,7825.340391454686,7559.344202683249,7765.89990234375,78072.0
2025-05-29,7826.331268941762,7974.932495567237,7760.451391804467,7926.884765625,63510.0
2025-05-30,7974.932261056315,8117.589434421794,7961.062813645783,8038.33544921875,73555.0
2025-06-02,8073.999870001667,8103.720114921918,7930.352019553784,7985.33447265625,34817.0
2025-06-03,8056.662810725546,8163.160351721919,7806.517423734068,7889.23876953125,52955.0
2025-06-04,7826.330815278521,7942.239765327583,7777.787750728059,7871.90185546875,36461.0
2025-06-05,7940.754115257787,8042.298285529626,7856.051417128595,7975.427734375,37589.0
2025-06-06,7981.867480022886,8069.046869155568,7831.284898793709,8028.42919921875,58731.0
2025-06-09,8222.600991784755,8272.13473269912,8079.943817951381,8109.6640625,60678.0
2025-06-10,8123.533857359025,8171.086250670395,7917.4734863430895,8081.43017578125,47134.0
2025-06-11,8081.925246221292,8105.206104677556,7885.77163029192,8055.67236328125,46314.0
2025-06-12,8152.758591317913,8171.086075847882,7851.593440122744,7915.9873046875,64376.0
2025-06-13,7712.898816597468,7875.864824603413,7613.335997116633,7821.873046875,91404.0
2025-06-16,7776.30221478922,7814.443196414722,7630.673012219118,7664.35595703125,42777.0
2025-06-17,7727.263327205883,7987.810795802697,7711.412530637255,7907.07080078125,95361.0
2025-06-18,7955.614270464495,7979.885803946393,7732.217094947437,7895.18310546875,43265.0
2025-06-19,7892.706232598906,7904.594330351032,7572.222930697846,7689.12255859375,45387.0
2025-06-20,7638.598586444587,7924.408286488588,7580.148769104567,7845.154296875,48502.0
2025-06-23,7746.086615500772,7856.051523330493,7722.805756635921,7775.3115234375,39402.0
2025-06-24,7841.191052607175,7968.988101980053,7769.862466910686,7803.54541015625,47517.0
2025-06-25,7851.097891299158,8098.271257088324,7844.163167609682,8007.62451171875,74753.0
2025-06-26,8021.493827904283,8777.378697694447,8021.493827904283,8591.1318359375,530230.0
2025-06-27,8717.937733319508,8938.858200879764,8321.667836350438,8359.3134765625,343698.0
2025-06-30,8399.93224191384,8675.33985640282,8394.978867552529,8640.1708984375,129626.0
2025-07-01,8767.473022328562,8796.69793240299,8614.909084990868,8678.8076171875,100132.0
2025-07-02,8757.069651903683,8812.052101779882,8552.990648759596,8758.5556640625,82973.0
2025-07-03,8812.052026446552,8921.026250494795,8767.47166206318,8837.8095703125,81456.0
2025-07-04,8837.810286669699,8868.025869423138,8425.689551409683,8544.0751953125,91487.0
2025-07-07,8569.337932117618,8618.871677389974,8391.016449137136,8463.8310546875,46853.0
2025-07-08,8516.335354677984,8568.345778236477,8371.696843448648,8539.6162109375,47116.0
2025-07-09,8509.896183689543,8797.687201310244,8506.428822031463,8725.86328125,69324.0
2025-07-10,8791.248314167837,8891.306470549509,8767.967455999824,8817.005859375,52812.0
2025-07-11,8816.510578160136,8880.409104177477,8509.896720759096,8590.63671875,66804.0
2025-07-14,8590.141293480283,8717.443006801956,8582.21589498555,8654.53515625,29532.0
2025-07-15,8717.938028870085,9005.233713912394,8670.880977009707,8956.1953125,75989.0
2025-07-16,9000.776072853534,9163.742080666469,8898.736566441788,8928.9521484375,99939.0
2025-07-17,8984.430169084915,8984.430169084915,8711.99458671659,8776.8837890625,43948.0
2025-07-18,8819.977979513907,8911.12006354348,8678.311479337508,8818.9873046875,52067.0
2025-07-21,8816.014750861586,9225.163429601424,8816.014750861586,9171.6669921875,160740.0
2025-07-22,9242.99613796528,9282.623131054092,9026.533688217649,9102.3203125,86182.0
2025-07-23,9162.752371010363,9187.519244107483,8947.280575065426,9049.8154296875,61373.0
2025-07-24,9084.48810976964,9116.189704045826,8990.374001762211,9060.7119140625,38576.0
2025-07-25,9089.441675684046,9089.441675684046,8766.977014601194,8897.74609375,60660.0
2025-07-28,8856.63283954847,9015.140809831217,8523.766101954703,8584.197265625,70760.0
2025-07-29,8620.072694217064,9820.903630232271,8471.58820503344,9648.00390625,1057407.0
2025-07-30,9676.404797704768,9870.730125774018,9392.390856680477,9636.044921875,419566.0
2025-07-31,9372.460379464286,9554.328962053572,8799.449776785716,8876.681640625,339981.0
2025-08-01,8869.207730661115,8894.121235522523,8654.453318755783,8752.1142578125,117069.0
2025-08-04,8788.985830421256,9043.1035680206,8616.086114838958,8933.982421875,124957.0
2025-08-05,8931.491154850219,9048.086353189688,8849.276591918542,8918.5361328125,63694.0
2025-08-06,8995.768333662974,8995.768333662974,8799.449915392053,8856.7509765625,60665.0
2025-08-07,8827.352788007825,8827.352788007825,8438.702123374382,8658.9375,97741.0
2025-08-08,8669.90000017967,8736.668195583352,8530.38436799287,8666.412109375,55841.0
2025-08-11,8668.902957720482,8797.456639930615,8600.141685840645,8689.33203125,45807.0
2025-08-12,8719.726534799243,8814.397851462778,8575.228209365427,8783.0068359375,49543.0
2025-08-13,8809.414868441732,8819.380269876621,8685.345620577365,8718.2314453125,31794.0
2025-08-14,8749.124840954446,8863.726965985457,8495.50535555973,8535.865234375,49467.0
2025-08-18,8599.643499387554,8653.45666920816,8398.840652742141,8447.1728515625,58260.0
2025-08-19,8469.594949543402,8501.484235151755,8355.491099476016,8399.3388671875,46335.0
2025-08-20,8399.837418564262,8495.505278592993,8301.179937909634,8324.5986328125,162796.0
2025-08-21,8363.961490990288,8510.45289325117,8170.134431536267,8197.041015625,91706.0
2025-08-22,8248.861271756208,8317.622543607755,8144.722823807127,8166.1484375,59959.0
2025-08-25,8221.456672254262,8239.892666004165,8031.6157636403905,8067.4912109375,58903.0
2025-08-26,8022.148465998303,8070.978934921771,7823.836969758096,7854.2314453125,57333.0
2025-08-28,7803.407924829005,7876.155358391679,7675.850781047879,7703.75390625,66842.0
2025-08-29,7748.598032217721,7821.843734149173,7665.8851987441085,7705.24853515625,42811.0
2025-09-01,7771.020187006336,7792.944070580861,7674.854061327174,7775.00634765625,35707.0
2025-09-02,7829.816447480021,7872.667676605851,7747.601879971163,7848.25244140625,52512.0
2025-09-03,7901.5672869261725,7957.373538416633,7812.875208664546,7835.29736328125,52992.0
2025-09-04,7882.134486518812,7991.753905384362,7832.805748029315,7869.677734375,51277.0
2025-09-05,7898.577668684687,7925.982524335561,7724.183132724578,7748.10009765625,28857.0
2025-09-08,7748.100110265917,7872.667636154436,7683.82326690744,7794.9375,38176.0
2025-09-09,7849.248661226728,7945.91305786724,7766.53582698794,7921.99609375,69763.0
2025-09-10,7953.885881031161,8500.488199611076,7953.885881031161,8463.6162109375,322369.0
2025-09-11,8438.702538935697,8559.78217503403,8355.989701107204,8442.1904296875,76037.0
2025-09-12,8454.646737851246,8618.577594567008,8393.85778794449,8600.1416015625,90541.0
2025-09-15,8610.106917963967,8679.864728641916,8505.968472023314,8545.830078125,34311.0
2025-09-16,8560.279856284391,8625.054965790618,8518.92344021503,8602.6328125,24287.0
2025-09-17,8694.812840262635,8957.899440816142,8630.03773027787,8912.05859375,117420.0
2025-09-18,8913.553403980417,8943.947878665576,8819.380359464107,8912.05859375,40116.0
2025-09-19,8911.061938368939,8947.933923575789,8675.380195087318,8816.390625,60133.0
2025-09-22,8769.553346050141,8885.65027387001,8669.899330754117,8685.345703125,64446.0
2025-09-23,8694.812889679504,8735.671036209802,8625.055078530213,8645.982421875,23495.0
2025-09-24,8649.96886060684,8756.598661077453,8580.211047214849,8728.197265625,32160.0
2025-09-25,8723.712807106516,8801.442941782587,8646.480942524526,8704.2802734375,26158.0
2025-09-26,8600.141798673823,8662.425560251704,8244.87522263359,8331.57421875,67095.0
2025-09-29,8321.608426599707,8433.22092211245,8227.933653580083,8328.0859375,46858.0
2025-09-30,8341.041622725728,8369.443018932143,8026.633184019639,8157.67822265625,105547.0
2025-10-01,8126.286996932434,8232.418527397,8081.940958381511,8187.57421875,19321.0
2025-10-03,8224.94411744013,8420.764256663126,8176.113650152972,8382.3974609375,30592.0
2025-10-06,8384.39073700882,8460.626060165792,8296.19693178801,8445.1796875,24426.0
2025-10-07,8451.657587342843,8550.315068907157,8394.854794927027,8500.986328125,31560.0
2025-10-08,8500.48738915653,8554.798826754306,8351.504638314924,8519.919921875,32728.0
2025-10-09,8476.072937191891,8500.488172858366,8297.19396567629,8439.69921875,48957.0
2025-10-10,8407.809346233043,8543.338808256001,8335.061914411897,8355.9892578125,25839.0
2025-10-13,8336.05875832758,8515.435994011856,8232.916847809121,8479.560546875,37305.0
2025-10-14,8479.560379464287,8590.176339285716,8324.100111607144,8475.57421875,45305.0
2025-10-15,8475.57455956219,8475.57455956219,8283.242297364011,8326.591796875,202851.0
2025-10-16,8326.59167436696,8894.121320534394,8306.16260018534,8754.107421875,201729.0
2025-10-17,8793.470960694764,8843.297972031429,8630.0383635105,8659.9345703125,48719.0
2025-10-20,8659.934265008464,8669.401396828669,8501.982644639782,8536.36328125,43984.0
2025-10-21,8608.612220273548,8664.916739628234,8470.591407342148,8554.30078125,8604.0
2025-10-23,8669.899694008533,8817.38764282615,8545.332169669331,8612.5986328125,60087.0
2025-10-24,8704.778990046409,8789.484910384583,8629.04193186169,8703.2841796875,42387.0
2025-10-27,8718.729859416708,9019.684987722098,8694.81289557787,8959.892578125,134959.0
2025-10-28,9068.516182576172,9161.194424881622,8920.031686839488,9075.990234375,163237.0
2025-10-29,9258.855292262802,9566.78622384274,8895.616377826273,9429.263671875,713038.0
2025-10-30,9551.837351438788,9551.837351438788,9163.186692381809,9219.4912109375,168767.0
2025-10-31,9216.00369046246,9267.823780417484,8592.169530619305,8641.0,299900.0
2025-11-03,8645.982816067977,8798.45346738868,8321.110709332366,8509.955078125,169961.0
2025-11-04,8510.453239304132,8520.418641223692,8264.80608198698,8309.650390625,88204.0
2025-11-06,8323.103737803427,8470.591687180213,8301.179853436608,8374.923828125,43930.0
2025-11-07,8385.885234063651,8409.303927230674,8192.556447918869,8251.8505859375,78195.0
2025-11-10,8241.387137445274,8297.193386501736,8173.622406448143,8251.3525390625,36161.0
2025-11-11,8325.595031173074,8543.837333145293,8136.750664854648,8501.484375,104947.0
2025-11-12,8570.245402108854,9127.809623327446,8524.90282469072,8948.9306640625,319924.0
2025-11-13,8978.827093911981,9012.2111902101,8753.110741329177,8843.7958984375,71965.0
2025-11-14,8849.27703154283,9077.484738775183,8799.450021230088,9039.6162109375,76575.0
2025-11-17,9111.367184326078,9267.823998056714,9054.066121972504,9198.564453125,61576.0
2025-11-18,9188.59852322829,9360.501700415738,9054.56387202996,9284.7646484375,90824.0
2025-11-19,9208.031802356722,9400.364068358327,9208.031802356722,9302.703125,41507.0
2025-11-20,9357.512163262336,9362.494864094744,9132.792355720732,9199.560546875,49193.0
2025-11-21,9166.67502865848,9186.107562556272,8974.342770080333,9131.2978515625,78581.0
2025-11-24,9131.297512497364,9133.788862904572,8806.923689478932,8861.7333984375,68259.0
2025-11-25,8929.99634423194,8988.293943399172,8830.84059863981,8901.0966796875,31727.0
2025-11-26,8884.155854959592,9144.252846338666,8877.678343680036,9124.8203125,34440.0
2025-11-27,9218.495119429894,9301.207956023882,9083.46392233971,9113.8583984375,44432.0
2025-11-28,9213.0137537572,9416.806215914405,9084.460073472215,9127.8095703125,91901.0
2025-12-01,9200.557342172267,9200.557342172267,8919.533007431668,8943.9482421875,35099.0
2025-12-02,8933.982672790451,9022.674748404324,8770.550084018825,8870.2041015625,56444.0
2025-12-03,8888.142023929422,8909.069368082635,8605.124607762144,8688.833984375,64570.0
2025-12-04,8690.329039751254,8899.104217072267,8683.851528283061,8816.8896484375,36167.0
2025-12-05,8854.757645258596,8889.138280986628,8724.709153591695,8868.2109375,28624.0
2025-12-08,8864.723072331384,8864.723072331384,8575.72642335425,8613.0966796875,51511.0
2025-12-09,8607.615490592714,8799.449468241233,8460.625819407484,8753.1103515625,31491.0
2025-12-10,8719.726617888946,8809.41523453009,8578.217911632919,8785.0,30450.0
2025-12-11,8741.151849546568,9012.709038054967,8669.899229442528,8955.90625,48646.0
2025-12-12,8917.539760276553,9078.48099861646,8899.103767030185,8992.2802734375,30985.0
2025-12-15,8919.034927860816,9093.42946555642,8919.034927860816,9059.048828125,22684.0
2025-12-16,9034.63354195804,9092.432874125874,8884.15597027972,8906.578125,40775.0
2025-12-17,8943.449718691367,8958.89609126251,8732.183203524775,8763.57421875,33886.0
2025-12-18,8763.574016823852,8763.574016823852,8535.366324095552,8578.7158203125,35357.0
2025-12-19,8640.003900674421,8819.38114428704,8494.010755178597,8727.201171875,105070.0
2025-12-22,8838.314760058798,9063.53283828332,8785.498131094639,8839.8095703125,52661.0
2025-12-23,8919.03490715325,8940.958791841225,8814.896454885371,8860.7373046875,41820.0
2025-12-24,8894.121523594828,8894.121523594828,8636.0176048709,8659.9345703125,61120.0
2025-12-26,8657.941211956522,8657.941211956522,8562.273353260869,8595.1591796875,33155.0
2025-12-29,8595.158759124088,8617.58091240876,8500.985715328467,8532.875,38225.0
2025-12-30,8530.384241934042,8530.384241934042,8321.110796746407,8354.9931640625,45099.0
2025-12-31,8405.816265615664,8477.068887191423,8321.110351854273,8338.5498046875,30526.0
2026-01-01,8394.854605411289,8425.74735146634,8285.235183925623,8298.6884765625,17662.0
2026-01-02,8350.010099673302,8364.95820225059,8216.473716649525,8235.90625,32960.0
2026-01-05,8239.394196428571,8264.307700892858,8094.895870535714,8144.224609375,59867.0
2026-01-06,8220.460087752173,8220.460087752173,8048.058633614566,8153.69189453125,45881.0
2026-01-07,8153.691978178649,8266.301021631862,8124.792312159682,8155.68505859375,63708.0
2026-01-08,8157.677873934962,8321.11046266271,8080.9442804469345,8172.6259765625,48370.0
2026-01-09,8123.795452376954,8226.439089716849,8038.092997898983,8159.6708984375,42149.0
2026-01-12,8166.148667417938,8166.148667417938,7761.055076191458,7851.740234375,96571.0
2026-01-13,7849.747158951676,7976.806034509164,7565.234931722946,7625.02734375,94221.0
2026-01-14,7721.193289116826,7721.193289116826,7404.293512924371,7452.12744140625,65098.0
2026-01-16,7523.878191865638,7523.878191865638,7160.141034245644,7384.86083984375,90143.0
2026-01-19,7384.8612782035825,7385.359548312091,7195.020366861867,7232.390625,34042.0
2026-01-20,7186.051227678572,7264.777901785715,6943.8919642857145,7010.66015625,88948.0
2026-01-21,6889.580566090823,7006.674037778922,6777.469795325622,6941.89892578125,112373.0
2026-01-22,6955.850392438839,7248.833202664772,6945.884990730473,7189.5390625,89844.0
2026-01-23,7204.985405021416,7212.957726354773,6978.272517104076,7008.6669921875,46427.0
2026-01-27,7010.66033324645,7264.778085197813,6933.42846745731,7183.56005859375,68843.0
2026-01-28,7196.016520725814,7436.680970214152,7020.625451947564,7385.857421875,72635.0
2026-01-29,7476.542961770021,7821.844146208983,7405.2903364096,7668.376953125,202012.0
2026-01-30,7554.272916265569,8016.667564791025,7369.414710874465,7966.34228515625,131711.0
2026-02-02,8037.096609099828,8171.629534360643,7839.283381957073,8134.25927734375,78971.0
2026-02-03,9416.806174258618,9761.110797064728,9169.664216354377,9725.2353515625,973633.0
2026-02-04,9566.78560122408,9766.093634582916,9337.58136286142,9443.712890625,185329.0
2026-02-05,9417.304825765274,9601.166491411166,9348.045282337687,9502.0107421875,78700.0
2026-02-06,9447.698884207884,9566.78543203372,9367.477402199684,9457.166015625,41541.0
2026-02-09,9457.166432985568,9562.79969345938,9368.972625891864,9536.8896484375,53515.0
2026-02-10,9576.253384010552,9581.734355300634,9400.862302727875,9435.7412109375,41408.0
2026-02-11,9457.166847436063,9614.620204853862,9457.166847436063,9546.85546875,45189.0
2026-02-12,9607.146071574736,9607.146071574736,9369.47122710914,9492.5439453125,30196.0
2026-02-13,9367.477788876038,9516.958817421932,9293.235544698244,9478.09375,50466.0
2026-02-16,9415.810043315734,9507.990011459537,9328.114506054606,9491.048828125,26127.0
2026-02-17,9491.049189072965,9576.751649201093,9411.325970349126,9522.9384765625,31823.0
2026-02-18,9522.938286851184,10387.436922665687,9502.01094235308,10146.7724609375,465984.0
2026-02-19,10164.710358753167,10305.22253135946,9915.57530094059,10028.6826171875,61670.0
2026-02-20,9955.43667541324,10737.720738496264,9819.408937055492,10482.6064453125,234160.0
2026-02-23,10563.326031191536,10904.142776726205,10379.962635933114,10653.0146484375,231347.0
2026-02-24,10612.156773329243,10824.419839600174,10490.080596718028,10787.5478515625,82220.0
2026-02-25,10924.571591936265,11041.166791594787,10313.692468939053,10542.3984375,123318.0
2026-02-26,10563.325564448967,10844.349886069214,10438.758046000275,10769.609375,94202.0
2026-02-27,10772.59924942562,11607.699912794598,10715.796459673791,11141.8173828125,447170.0
2026-03-02,10463.672176351807,11211.077331805507,10413.845165988228,10657.0009765625,172973.0
2026-03-04,10464.668941414824,10489.582447131934,9890.661769692611,9987.326171875,178917.0
2026-03-05,10138.800130707838,10468.65494132945,10138.800130707838,10390.9248046875,126662.0
2026-03-06,10389.928349588705,10656.004588735088,10269.346982784538,10358.0390625,91181.0
2026-03-09,10144.778681781208,10161.719864255694,9856.778579714924,10106.91015625,64613.0
2026-03-10,10296.253528755253,10364.01826355542,9917.56824604842,9961.416015625,73925.0
2026-03-11,9961.415474402673,10064.059111243756,9170.162584579171,9227.9619140625,143106.0
2026-03-12,9138.27368102098,9514.965878559247,8911.062514251864,9423.2841796875,152770.0
2026-03-13,9272.806101663318,9299.712685730476,8855.255778547044,8957.8994140625,150007.0
2026-03-16,8957.899967722784,9199.062699082102,8825.360119496381,9087.4501953125,80272.0
2026-03-17,9188.100965527428,9521.941944209822,8977.83097596926,9383.4228515625,138005.0
2026-03-18,9379.43646134158,9685.374305968851,9221.98310808064,9575.7548828125,114949.0
2026-03-19,9367.478006485726,9696.336276926182,9339.57488050896,9564.79296875,76956.0
2026-03-20,9598.675055567042,9806.951954094193,9568.77885003683,9639.533203125,80462.0
2026-03-23,9611.629747856645,9816.917018780276,9282.77149831878,9771.076171875,110812.0
2026-03-24,9890.66130041,9920.557505852046,9651.491656873635,9824.8896484375,83567.0
2026-03-25,9824.889785355192,10149.761889019435,9824.889785355192,9979.353515625,75136.0
2026-03-27,9945.470640893076,10760.640478994332,9755.131473316866,10571.2978515625,312781.0
2026-03-30,10349.069725139314,10413.84483656291,9716.26671353956,9846.8134765625,147725.0
2026-04-01,10314.190493679343,10314.190493679343,9648.501677275692,9740.681640625,175204.0
2026-04-02,9696.834566567952,9926.038816124565,9266.329193487703,9797.9833984375,114306.0
2026-04-06,9809.941794319326,9991.312111930674,9642.523039601158,9900.626953125,62394.0
2026-04-07,9900.62675602329,10268.848355052038,9801.471007435037,10116.8759765625,84442.0
2026-04-08,10413.844893869473,10532.433175436025,10300.737583299691,10452.7099609375,75126.0
2026-04-09,10444.239287199169,11076.544027214231,10410.356921303955,10729.748046875,195441.0
2026-04-10,10861.78975677894,11399.921457192777,10788.5440531115,11302.7587890625,168276.0
2026-04-13,11033.69271817364,11290.301810923796,10891.685744515788,11076.5439453125,122505.0
2026-04-15,11360.557837038235,11391.450582033687,11040.668445311105,11168.2255859375,111976.0
2026-04-16,11360.558628594728,11448.254168885634,11095.47892726085,11227.5205078125,171653.0
2026-04-17,11300.267437577226,11738.246849263383,11227.0217339164,11442.2744140625,204223.0
2026-04-20,11480.142669282792,12023.257057716744,11341.125316646943,11935.5615234375,183666.0
2026-04-21,12007.810910397347,12284.849080702375,11606.205217473149,11673.4716796875,139779.0
2026-04-22,11729.27765107436,12007.810625031478,11680.945453446737,11748.2119140625,118067.0
2026-04-23,11719.312832615307,12196.157321595443,11661.513500617712,11797.04296875,160375.0
2026-04-24,11842.883712170482,11967.949507010384,11340.129182316055,11492.1015625,94911.0
2026-04-27,11666.994679001857,12152.808038473424,11595.742052946023,12093.015625,133569.0
2026-04-28,12153.30612068903,12277.873646832782,11660.516987264347,11820.9599609375,110483.0
2026-04-29,11954.496117242685,12442.302540166183,11813.98395047616,12344.6416015625,181004.0
2026-04-30,12403.935574514308,12805.541265566711,12221.070452161664,12288.3369140625,191647.0
2026-05-04,12501.596765240716,12506.579466223277,12073.084480740636,12398.953125,107890.0
2026-05-05,12416.890923907204,12765.679994803471,12372.046614791969,12749.7353515625,131933.0
2026-05-06,12855.368041992188,12855.368041992188,12297.305553347564,12341.1533203125,102133.0
2026-05-07,12434.828457005313,12817.499888924693,12380.018746704358,12756.7109375,151696.0
2026-05-08,12805.54129464286,12845.402901785716,12678.980691964289,12765.6796875,51050.0
2026-05-11,12756.71074246124,12865.333621215108,12584.309292695923,12798.5654296875,68820.0
2026-05-12,12755.714744361503,12953.029706813348,12352.115957528193,12415.89453125,87962.0
2026-05-13,12415.894532507646,12750.732044581053,12317.237051271732,12381.015625,59813.0
2026-05-14,12556.406526060073,12754.718025955784,12307.271475939831,12690.939453125,77388.0
2026-05-15,12685.956613605484,12978.939429347827,12461.73507094553,12606.2333984375,56782.0
2026-05-18,12527.506469385078,12527.506469385078,11869.789957588551,12111.94921875,116704.0
2026-05-19,12177.720788525696,12350.122236677493,11822.952490594833,12284.3505859375,82373.0
2026-05-20,12107.963410338682,12703.894448970988,12098.994548553244,12632.1435546875,77431.0
2026-05-21,12681.970726826868,12843.410241029756,12547.43779832446,12810.5244140625,67277.0
2026-05-22,12865.333508088766,13103.506607115352,12680.973577879904,12737.7763671875,67964.0
2026-05-25,12787.603427984775,13033.748849330805,12369.056557679787,12436.8212890625,93225.0
2026-05-26,12436.821678565731,12735.783738146638,12416.890874593671,12492.6279296875,73038.0
2026-05-27,12504.586525794168,13533.01602010558,12501.596905171167,13379.548828125,241856.0
2026-05-29,13453.292611714343,13453.292611714343,12715.852868553706,13072.6142578125,338022.0
2026-06-01,13074.607257245529,13252.987950770448,12534.482475734318,12756.7109375,129624.0
2026-06-02,12756.710556736294,13278.897599289989,12467.713911048182,13224.087890625,128084.0
2026-06-03,13224.088361088923,14031.28591741764,13224.088361088923,13491.1611328125,231576.0
2026-06-04,13523.050250833168,13777.16799688788,13381.541545187012,13661.5693359375,159520.0
2026-06-05,13777.167746388168,14124.960263096267,13607.755918765311,13829.984375,100710.0
2026-06-08,13288.863253224215,13607.756109694536,13162.302650812557,13230.0673828125,100393.0
2026-06-09,13352.641605437462,13751.257669485152,13240.032567343991,13561.9150390625,80251.0
2026-06-10,13695.451810228637,14196.711525032171,13505.112634229676,14036.2685546875,192063.0
2026-06-11,14016.337719486632,14918.206588035187,13976.476112036971,14500.65625,424301.0
2026-06-12,14771.71490393104,15286.92617056616,14682.026288849493,15168.337890625,271159.0
2026-06-15,15546.026894626548,16118.04096113396,15319.81227250602,15930.69140625,235859.0
2026-06-16,16104.089202050349,16417.999356669523,15778.220565350442,16112.0615234375,207124.0
2026-06-17,16112.062223459914,16413.017368900593,15736.36656176741,16047.287109375,210837.0
2026-06-18,16133.986148153896,16628.27009685583,15616.781774411344,15757.2939453125,186120.0
2026-06-19,15794.16501854749,16318.34514346111,15557.98500028793,16223.673828125,118830.0
2026-06-22,16304.393946290753,16318.345508863216,15959.591042714164,16116.0478515625,81837.0
2026-06-23,16323.328838511015,16692.048720699608,16277.487988292976,16596.380859375,189822.0
2026-06-24,16596.379855094885,17097.639556494712,16511.673941339446,16607.341796875,155279.0
2026-06-25,16677.100558692247,16698.027903283375,15868.906441387231,15966.5673828125,162297.0
2026-06-29,15966.566852929907,16296.421654347943,15521.113389987724,15930.69140625,320866.0
2026-06-30,16025.362754547128,16069.210522795376,15600.836634689093,15640.6982421875,125242.0
2026-07-01,15794.16595662184,15794.16595662184,14450.829739224766,14547.494140625,261072.0
2026-07-02,14547.493230089274,15122.496901397775,13914.690229602447,15048.7529296875,262252.0
2026-07-03,15117.51498672746,15117.51498672746,13926.64943569652,14124.9609375,290910.0
2026-07-06,14090.081915341583,14566.428131872686,14051.216847465614,14273.4453125,112201.0
2026-07-07,14439.867787346995,14763.743358836837,14006.372791660597,14105.0302734375,130859.0
2026-07-08,14052.213701920842,14196.712034434742,13354.63554495718,13396.490234375,158359.0
2026-07-09,13423.396205357143,14101.043526785716,13423.396205357143,14021.3203125,119371.0
2026-07-10,14120.974808466488,14190.732623328357,13833.97122732052,14009.3623046875,48791.0
2026-07-13,13901.735434852766,14051.21646103398,13657.58309209012,13799.091796875,64988.0
2026-07-14,13702.427596456648,13789.126592885135,13453.292549248345,13547.9638671875,87498.0
2026-07-15,13617.721378345846,14215.645478382983,13617.721378345846,14087.091796875,129751.0
2026-07-16,14140.905412651797,14200.697824544612,13739.299712771692,14155.853515625,86360.0
2026-07-17,14148.877426725345,14148.877426725345,13692.462025863237,13788.1298828125,61575.0
2026-07-20,13632.670110251747,14013.34847151755,13525.043767276076,13834.9677734375,78109.0
2026-07-21,13822.011969223006,13883.797458919604,13677.513646545476,13793.1123046875,52304.0
2026-07-22,13892.766772156434,13965.514205939337,13533.015763997157,13582.8427734375,59083.0
2026-07-23,13484.184931239755,13991.42387366833,13287.866519337143,13376.55859375,86290.0
2026-07-24,13353.638150582296,14634.192256813509,13236.046411644333,13840.9462890625,485027.0
2026-07-27,14084.10203503921,14100.04667754686,13243.022142760636,14002.3857421875,193959.0
2026-07-28,14002.385758270357,14189.735307950436,13383.534320231362,13433.361328125,171453.0
2026-07-29,13500.130208921551,13932.62865955062,13327.72875279522,13787.1337890625,185520.0
2026-07-30,13753.251564773554,13819.023219238814,13431.369073981448,13697.4453125,142210.0
2026-07-31,13886.787307096916,14451.825585039072,13840.946459150991,14298.3583984375,181364.0
2026-08-03,14350.178544181474,14942.12340912896,14271.451870223813,14694.9814453125,281739.0
2026-08-04,14768.725366047998,15546.026701103156,14738.82916085357,15379.6044921875,234863.0
2026-08-05,15682.553182573924,15864.920039815524,15457.33509658157,15611.798828125,137664.0
2026-08-06,15656.642854270664,16259.54966649355,15477.26562088204,16070.20703125,207441.0
2026-08-07,16070.206216224597,16637.237553011884,16044.296172715862,16573.458984375,177454.0
2026-08-10,16602.36027936527,16984.035188548758,16276.491623221667,16391.09375,171682.0
2026-08-11,16343.258709995223,16927.23124682798,16331.3002280123,16690.0546875,168416.0
2026-08-12,16840.53195377604,18401.11382486979,16791.70148654514,17937.72265625,378780.0
2026-08-13,18137.03095518868,18331.356286851416,16973.07204553701,17165.404296875,177882.0
2026-08-14,16941.1828652043,17058.77460509219,16592.3938062148,16633.251953125,175323.0
2026-08-17,16642.221151336693,16939.190127570124,16328.31099189531,16466.830078125,143637.0
2026-08-18,16592.394674892166,17235.163117252854,16142.955035350042,17154.443359375,338500.0
2026-08-19,17260.07647457117,17464.367218063497,16404.048432327716,16557.515625,168975.0
2026-08-20,16672.11652001162,16921.251554680053,16547.549002677402,16725.9296875,122284.0
2026-08-21,16642.221369152674,16990.013899561913,16563.49469321477,16797.681640625,93087.0
2026-08-24,16961.11327072733,17040.836482340615,16605.348438903024,16647.203125,59134.0
2026-08-25,16647.203792699696,17110.594978788013,16647.203792699696,16942.1796875,145435.0
2026-08-26,17061.764173348398,17288.97533108004,16822.594533630883,17003.96484375,105261.0
2026-08-27,17130.52674144553,18012.464854661313,17129.53020120461,17838.0703125,214866.0
2026-08-28,17796.21400514485,17838.06869146001,17424.504529060236,17741.404296875,120837.0
2026-08-31,17738.414841896396,17981.57064085273,17489.27980198212,17640.75390625,88241.0
2026-09-01,17714.497929238507,17857.00317248114,17241.141352033945,17339.798828125,88375.0
2026-09-02,17340.795705076616,17383.646932897907,16442.913001193272,16754.830078125,94227.0
2026-09-03,16882.38785936,17710.512781804253,16881.39131914045,17642.748046875,208669.0
2026-09-04,17627.799332074075,17833.086610179525,17304.920312141236,17360.7265625,93101.0
2026-09-07,17440.449444822454,17731.439173288723,17247.120652622263,17666.6640625,73366.0
2026-09-08,17727.45351806156,17750.373942532606,17311.896256999575,17573.986328125,114178.0
2026-09-09,17577.971984163658,18069.266285892365,17289.971876253727,17387.6328125,105567.0
2026-09-10,17392.615961250143,17534.124668435015,16981.04486218429,17282.0,114403.0
2026-09-11,17200.0,17558.0,16686.0,17500.0,169196.0
2026-09-15,17598.0,17688.0,16490.0,16550.0,100710.0
2026-09-16,16610.0,17200.0,16015.0,17075.0,108334.0
2026-09-17,17021.0,17925.0,16884.0,17801.0,195609.0
2026-09-18,17800.0,19080.0,17745.0,18858.0,271798.0
2026-09-21,18800.0,19128.0,18548.0,18945.0,122426.0
2026-09-22,18899.0,19265.0,17919.0,18233.0,207076.0
2026-09-23,18300.0,18740.0,17799.0,17876.0,129819.0
2026-09-24,17876.0,18143.0,17705.0,17804.0,78141.0
2026-09-25,18000.0,18305.0,17702.0,17776.0,85829.0
2026-09-28,17750.0,17770.0,17147.0,17263.0,128717.0
2026-09-29,17337.0,18062.0,17150.0,17803.0,199491.0
2026-09-30,17804.0,17882.0,17291.0,17384.0,116165.0
2026-10-01,17384.0,17868.0,16955.0,17648.0,138360.0
2026-10-05,17844.0,18379.0,17750.0,18102.0,102559.0
2026-10-06,18297.0,18440.0,17875.0,18016.0,94494.0
2026-10-07,18200.0,18308.0,17960.0,18160.0,106708.0
2026-10-08,18296.0,18375.0,17600.0,17816.0,99697.0
2026-10-09,17940.0,18241.0,17815.0,17984.0,99003.0
