Date,Open,High,Low,Close,Volume
2021-09-23,58.49215364030755,59.14708371192577,58.04047677822023,58.19856643676758,25034286.0
2021-09-24,58.58249109864331,58.71799554369108,56.59511554475071,57.54363632202149,22678080.0
2021-09-27,58.198568914728526,59.59876311159108,57.81464080879075,58.89866256713867,52792584.0
2021-09-28,59.14708348806161,59.71167956353384,57.90497212202272,58.55990219116211,30431960.0
2021-09-29,58.71799901192415,59.14709070321811,57.0016253547055,58.42441177368164,37983758.0
2021-09-30,59.01158182134886,60.75054057224107,58.04047928277306,60.43436813354492,73260934.0
2021-10-01,60.50211586901806,60.75053952802436,58.58248915530725,59.0567512512207,51912930.0
2021-10-04,59.395509762216726,59.46325853744799,58.26631756141413,58.65024566650391,26848524.0
2021-10-05,58.71799144492483,60.16335600977614,58.46956779501869,59.7342643737793,26485000.0
2021-10-06,60.07302508269829,60.70536995833085,58.37923678149439,58.65024566650391,25570056.0
2021-10-07,59.62134707301957,62.55724673949401,59.2600041971989,61.36030578613281,85764568.0
2021-10-08,61.51839089826856,62.33141067680933,60.795712011154166,60.93120956420898,27788776.0
2021-10-11,61.382879487286495,62.8508292098276,60.97637309016868,61.76680755615234,29886084.0
2021-10-12,61.76681130977886,63.23476112152863,60.818287136139126,62.82825469970703,31929934.0
2021-10-13,63.86710925394975,67.61602880555033,63.77677525469095,66.14807891845703,122877284.0
2021-10-14,67.29984495594505,67.29984495594505,64.8156224911283,65.38021850585938,35989662.0
2021-10-18,65.49315521499972,66.26100462187041,64.88338859928423,65.35765075683594,63175806.0
2021-10-19,66.39649530785387,66.62233372726834,62.44432296810066,63.07666778564453,34211202.0
2021-10-20,63.12184951679014,63.57352643640939,60.79571613756814,61.69906997680664,35568772.0
2021-10-21,62.24107272603799,64.04778016718835,61.63130620783298,63.709022521972656,26070538.0
2021-10-22,64.3187892644584,65.15439430525976,62.5572520712546,62.8734245300293,39262378.0
2021-10-25,62.55724925221936,63.75419025365786,60.389198802253816,62.06040191650391,29963668.0
2021-10-26,62.10556670618588,65.01888100235861,61.834557840105816,64.74787902832031,25035678.0
2021-10-27,65.13180240077989,65.69639848069657,63.79935703058492,64.07036590576172,24290316.0
2021-10-28,64.02518692961098,65.26729813988561,63.325086505411605,63.82193374633789,38467518.0
2021-10-29,63.68643417514562,64.90596025966562,61.58613963469682,64.31877899169922,32011548.0
2021-11-01,64.3187737484557,65.69638937083216,63.93485260257441,65.17696380615234,30059442.0
2021-11-02,65.60607420658785,66.82560054148587,64.99630759311734,65.28990173339844,29020244.0
2021-11-03,65.44797934820333,65.85449268905006,64.02519988534597,64.68013000488281,21927930.0
2021-11-04,65.10921530733715,65.60606260019667,64.88337688186316,65.4705581665039,4170928.0
2021-11-08,66.10291930895144,67.86445652175048,65.67382072579534,65.96741485595703,43658590.0
2021-11-09,66.14807892904822,68.97105948160271,66.03515970694605,67.68378448486328,62083556.0
2021-11-10,67.48052708912921,68.22579812024377,66.64492894714596,67.14176940917969,18592860.0
2021-11-11,67.41277006442253,67.41277006442253,65.17697102863396,66.12548828125,20191136.0
2021-11-12,66.50941135842498,66.71266454783535,65.35763409571123,65.80931091308594,17169944.0
2021-11-15,65.8770847262062,69.01623809368205,64.72530714607016,68.70006561279297,50837488.0
2021-11-16,69.1065562377118,69.33239465678929,65.62864596232679,66.44166564941406,81729670.0
2021-11-17,66.44167154159855,66.84817797517123,65.04147046232876,65.94482421875,32685608.0
2021-11-18,66.1706572625162,66.69008287328926,62.60241297241219,62.963748931884766,41595928.0
2021-11-22,63.41543038159823,63.64126881870085,59.12450007664849,60.36661148071289,38827728.0
2021-11-23,60.140772217910985,61.26996438792089,58.87608250113353,60.99896240234375,59002720.0
2021-11-24,61.56355650815941,62.03781858272506,60.70536635131635,61.08929443359375,24651194.0
2021-11-25,61.33771639898915,61.382879947873576,60.0730198655173,60.41177749633789,18181462.0
2021-11-26,60.05043967982894,60.05043967982894,56.50477686916732,56.75320053100586,50404646.0
2021-11-29,56.05309791780994,56.64027921716208,53.6366273938995,54.76581954956055,44843646.0
2021-11-30,55.24008221557418,56.098265506104994,53.77213239774271,54.06571960449219,29759898.0
2021-12-01,54.20122433613934,55.46592094905767,53.93021890366285,55.01424407958984,32144264.0
2021-12-02,55.1271642577165,55.33041747411093,53.388205523141856,54.20122528076172,35183288.0
2021-12-03,54.58514600226609,55.62400412366476,54.38189280052415,54.49481201171875,29262336.0
2021-12-06,54.63031804818607,54.7884077152908,53.29787261131175,53.86246871948242,24436936.0
2021-12-07,54.67548218448361,55.75950383026576,54.40447332701731,55.30782699584961,25640504.0
2021-12-08,56.32410093397856,57.09195363455865,55.60141867450736,56.979034423828125,37024958.0
2021-12-09,57.72430517593739,58.153396822627975,56.8435332147005,57.56621551513672,32496402.0
2021-12-10,57.70172180788136,58.06306469271881,57.22745970228483,57.769474029541016,17900672.0
2021-12-13,58.35665116817225,58.87608371228741,57.65655407597686,57.88238906860352,21658406.0
2021-12-14,57.56621772133144,57.67913694279033,56.36927673068418,56.888702392578125,18990174.0
2021-12-15,56.91128503780554,57.4758811195298,56.59511261044835,57.02420425415039,12869400.0
2021-12-16,57.70172154211698,57.88238953768244,56.45961011948824,56.93387222290039,14921590.0
2021-12-17,57.25003766704009,57.25003766704009,55.17232495767709,55.646583557128906,15929464.0
2021-12-20,54.24639042577383,54.58514807220375,52.84619284306768,54.11088943481445,31069896.0
2021-12-21,54.223813796256906,56.0305214153439,54.17864334896268,55.26266860961914,17574746.0
2021-12-22,55.91759162721365,56.68544084188268,55.62400100536232,56.166011810302734,14547484.0
2021-12-23,56.59510855700482,57.11453415817214,56.32409970037051,56.843528747558594,14078720.0
2021-12-24,57.046785841644535,57.046785841644535,55.33041248413648,55.48849868774414,11728990.0
2021-12-27,55.33041505893334,55.646587480861726,54.33672735056904,55.465919494628906,15378112.0
2021-12-28,55.84984216217104,56.05309536251593,55.375580100005216,55.556251525878906,12909000.0
2021-12-29,55.37558262441331,55.78209248965548,54.652900333994445,54.76581954956055,16792994.0
2021-12-30,54.94648724068805,54.94648724068805,54.13346756558702,54.47222518920898,15717244.0
2021-12-31,54.47222554138388,55.84984126476146,54.42705854714642,55.30782699584961,17978960.0
2022-01-03,56.459608209969545,57.95014324512114,56.075683563345954,57.67913436889648,38036710.0
2022-01-04,57.81464176609583,57.90497576544688,56.82095398914953,57.54363632202149,25454952.0
2022-01-05,57.36296156823522,59.734265097630775,56.93386992703871,59.508426666259766,34300012.0
2022-01-06,58.356646667043854,60.14076881634091,58.31148311802314,59.8245964050293,24039798.0
2022-01-07,60.43436128024495,60.43436128024495,59.19224999676176,59.80200958251953,12471108.0
2022-01-10,59.80201030084239,60.931202390299696,59.80201030084239,60.63761520385742,12538922.0
2022-01-11,60.298864312496406,61.47322697352675,60.07302586937844,61.04412841796875,15277486.0
2022-01-12,61.31513191465404,62.91858609819699,60.75053585650806,62.737911224365234,23802350.0
2022-01-13,62.87341809901263,62.87341809901263,61.49580228521534,62.3539924621582,18006402.0
2022-01-14,62.17332015549274,63.00892514542097,61.81198416291626,62.21849060058594,12107922.0
2022-01-17,62.2184937779085,64.0929501802807,62.12815977515128,62.91859436035156,40334058.0
2022-01-18,63.37025793954687,63.37025793954687,60.63761185554427,61.17962265014648,20914630.0
2022-01-19,61.15703843902852,62.48949056660352,58.85349080099768,62.08297729492188,20185162.0
2022-01-20,62.46691023696647,63.86710434802865,62.10556737564526,62.80566787719727,37728308.0
2022-01-21,62.67016452515874,63.212175380481455,61.202214725470334,62.46691131591797,22807336.0
2022-01-24,62.33140721765984,62.71533530878831,58.9664159600424,59.982688903808594,31967632.0
2022-01-25,59.282585246016914,59.68909164517295,57.81463551611554,59.1019172668457,44356016.0
2022-01-27,58.67283035536076,59.48585020645543,56.7757886308352,59.169677734375,33761480.0
2022-01-28,59.5761768992903,61.11188240548423,58.71799359585997,59.0567512512207,29475220.0
2022-01-31,60.27627647319789,60.38919568985508,59.14708430662602,59.86977005004883,12301966.0
2022-02-01,60.32145051657639,60.36661407070934,57.83722760186337,58.92124938964844,33492430.0
2022-02-02,59.89235689139086,60.97637864379704,59.53101400990807,60.54728698730469,35545272.0
2022-02-03,60.5246937987337,62.263652310215335,60.07301697934017,61.49579620361328,38244016.0
2022-02-04,61.60872083424633,62.73791298217637,61.22479963917527,61.51838684082031,34586822.0
2022-02-07,61.40547352774881,62.10557410516096,60.88604784659541,61.24739074707031,18793660.0
2022-02-08,61.51838789356972,62.01523520397813,60.25369128783724,60.52470016479492,24545842.0
2022-02-09,61.04412951778009,62.44433064715535,60.93121029418668,62.2410774230957,23846054.0
2022-02-10,62.6024154380583,62.7153346528513,61.066709981648295,61.51838684082031,16430460.0
2022-02-11,61.315136163754566,61.315136163754566,59.77943753599122,60.07302474975586,17857040.0
2022-02-14,56.88869375288689,58.35664340891475,55.42074409685903,55.9853401184082,46982806.0
2022-02-15,56.45960499804308,58.37923156797654,55.30782767767467,58.04047393798828,31792558.0
2022-02-16,58.401823226685885,58.69541044822454,57.453299001335424,57.90497589111328,21888804.0
2022-02-17,58.26631652479884,58.62765940103547,56.820951911894426,57.27262878417969,24435610.0
2022-02-18,56.57252702976875,57.65655218900445,56.54994180823471,57.13712310791016,16518366.0
2022-02-21,57.1371224373649,57.295208648185046,55.60142043363865,56.4144401550293,23499688.0
2022-02-22,54.65289515432514,56.459602432154064,54.65289515432514,56.166011810302734,25141182.0
2022-02-23,56.45961146200857,57.11454157655939,55.55625767861643,56.0079345703125,37967346.0
2022-02-24,54.65290075080895,55.10457761651811,50.949151830402194,51.33307647705078,68063742.0
2022-02-25,52.12350773307499,53.997967297773634,52.12350773307499,53.29786682128906,37558066.0
2022-02-28,53.29787052766538,54.11089027005513,52.10092613593309,53.59146118164063,33683862.0
2022-03-02,53.29786780103704,53.455954007852895,52.55260031630989,53.25270080566406,26599160.0
2022-03-03,53.72696037298496,53.88505002860781,49.59411991815606,49.77478790283203,51346448.0
2022-03-04,49.54895287556828,49.54895287556828,46.116209240887166,47.80999755859375,93817612.0
2022-03-07,46.929229091573646,46.929229091573646,43.72232389380172,44.78376388549805,80425360.0
2022-03-08,44.78376450067446,45.30319361532692,42.09628492748183,44.85151672363281,83328458.0
2022-03-09,45.61936128781607,48.66817998774437,45.099932227513,48.21650314331055,64571020.0
2022-03-10,50.58781264584817,51.82992411706319,47.69707980545259,48.12617492675781,92927958.0
2022-03-11,47.87775138188217,48.329428281711245,46.86147835726674,47.83258438110352,45185172.0
2022-03-14,47.968080378550845,48.71334787471343,46.74855425466363,48.46492767333984,44459682.0
2022-03-15,48.735933559828666,50.11354590607528,48.62301434557792,49.661869049072266,57685944.0
2022-03-16,50.5652240229704,52.53002115670547,50.20388459597736,52.168678283691406,60750262.0
2022-03-17,52.846189535630174,52.93652352394944,51.24273539780744,51.69441223144531,59261238.0
2022-03-21,52.05576394371656,52.07834916765383,49.684460163200185,50.04580307006836,32646214.0
2022-03-22,49.72962556973088,51.265327705623406,48.53268110590194,50.67814636230469,45919240.0
2022-03-23,51.016898953060426,51.152403386798056,50.339383676414094,50.65555953979492,26312128.0
2022-03-24,49.91029677492804,51.19757523331243,49.79737755145535,50.61039733886719,24049780.0
2022-03-25,50.994319803890775,51.64924989329719,50.40713848882076,51.28791046142578,17937102.0
2022-03-28,51.42341072774123,51.69441615931144,50.42972299664344,51.51374816894531,21726140.0
2022-03-29,51.94284105684167,52.32676571457932,51.31049273738024,51.53633117675781,18245712.0
2022-03-30,52.25900917204917,52.66551901851705,51.85250277160212,51.94283676147461,22475998.0
2022-03-31,52.23642799470635,53.2978678949352,51.7847511481391,52.959110260009766,31232228.0
2022-04-01,53.02686062062988,54.06571526376938,52.53001679599614,53.81729507446289,25395212.0
2022-04-04,54.5851484768084,55.01424356641282,53.839880959934185,54.65290069580078,23943874.0
2022-04-05,55.33041813226734,56.41444333998129,54.83357425048794,55.6917610168457,24343674.0
2022-04-06,55.759508221597166,56.43702352657901,55.24008257792792,56.32410430908203,21341048.0
2022-04-07,56.25635531982629,57.72430514166176,56.00793166387648,56.91128540039063,26570700.0
2022-04-08,57.25004276212332,58.672822133122594,56.911285112643306,58.33406448364258,30937556.0
2022-04-11,58.6502429819292,59.46325581565956,58.40181933071518,58.96641540527344,23823264.0
2022-04-12,59.12449863215758,59.12449863215758,57.36296162261074,58.44698333740234,25671534.0
2022-04-13,58.71799128354385,59.14708291836138,57.52104692586743,57.656551361083984,11285992.0
2022-04-18,57.498467358872034,58.01789300643486,56.57252839004766,57.63396835327149,14567858.0
2022-04-19,57.76947437863971,58.3792374852192,55.64659094792813,56.23377227783203,14494242.0
2022-04-20,56.88870422184164,57.8598136928396,56.30152631898736,57.74689102172852,16440306.0
2022-04-21,58.01788871758074,58.7179891979648,57.81463551799611,58.04047393798828,15971428.0
2022-04-22,57.76947477101167,58.898663547074285,57.09195943776139,58.31148910522461,20263588.0
2022-04-25,58.17598402074791,58.17598402074791,56.61769670378684,56.82095336914063,11429410.0
2022-04-26,57.81464153120722,59.621349079057445,57.54363608823392,58.67282485961914,40517054.0
2022-04-27,58.19856575735309,58.78574015757832,57.04678839406798,57.36296081542969,18304724.0
2022-04-28,57.81463870725077,58.31148601545801,57.543633277514736,58.08564758300781,13806778.0
2022-04-29,58.58248594950333,59.21483767346452,57.04678741938943,57.40812683105469,38945340.0
2022-05-02,57.408131130171846,57.56621734999029,55.194913714650205,57.00162124633789,26725470.0
2022-05-04,57.67913273754704,57.701717958600646,53.83987948785541,54.44964599609375,20946372.0
2022-05-05,55.104576778777,57.701718717121,54.833571352675726,55.8272590637207,34347088.0
2022-05-06,54.99165442060063,55.71433666423394,53.52370471327453,53.99796676635742,38142664.0
2022-05-09,53.29786975866429,53.68179440246742,51.78475295895725,53.04944610595703,24627192.0
2022-05-10,53.04944809038129,54.923907828504014,52.93652887056693,53.614044189453125,30417490.0
2022-05-11,53.90763532500068,54.268978209997854,51.8073371287495,52.55260467529297,18326356.0
2022-05-12,52.39451603394116,53.41078897425468,51.03948544685648,53.04944610595703,31420096.0
2022-05-13,53.614043164063446,57.00161969370573,53.52370916834807,55.37558364868164,53887480.0
2022-05-16,55.37558190666154,56.9338691288886,54.76581883971223,56.7080307006836,15672078.0
2022-05-17,56.68544264304471,57.76946773339076,56.23376580923559,57.61138153076172,16640472.0
2022-05-18,57.182287267199165,58.04047395258947,56.43701979183334,57.09195327758789,17710900.0
2022-05-19,56.18860464597331,56.504777084041855,55.10457944313367,55.51108932495117,18939744.0
2022-05-20,58.71799371106141,60.05043911301937,57.47588230563511,58.87608337402344,96331634.0
2022-05-23,61.87973366559589,63.41543232821709,61.15704788786688,61.33772277832031,99798554.0
2022-05-24,62.3314069652051,64.13811441347191,61.87973010313839,63.77677154541016,66817404.0
2022-05-25,64.25103243044028,64.58979007067107,62.489495458056886,62.80566787719727,52476898.0
2022-05-26,63.00892614212707,63.30251336375014,61.51839102702312,62.06040191650391,40746456.0
2022-05-27,62.73791421024932,63.912276823901074,61.9023161396497,63.37026596069336,26013798.0
2022-05-30,64.0477866249234,64.22845463043785,62.51208100988012,62.91859436035156,32696950.0
2022-05-31,62.91859151901127,63.52835117911835,61.766814082752575,62.10557174682617,27849494.0
2022-06-01,62.73791359054961,63.88969097101549,61.90231552820369,63.18959045410156,40141472.0
2022-06-02,63.438012279218015,65.22213446042251,62.87341621604939,64.81562805175781,37373132.0
2022-06-03,65.49314533083242,65.60606454692007,62.78308414472901,63.0089225769043,30020470.0
2022-06-06,62.57982536099209,63.05408740473211,61.51838206748069,62.51206970214844,21758016.0
2022-06-07,61.92489301909947,63.483176625409534,61.31512657261065,63.12183380126953,22348178.0
2022-06-08,63.23477018611096,63.889700356058505,62.19591186893054,62.557254791259766,16499834.0
2022-06-09,62.28623580932617,62.60241512278782,61.69906140899314,62.28623580932617,12995594.0
2022-06-10,61.6087196691635,62.46690982058624,61.42805168572807,62.26365661621094,10350954.0
2022-06-13,60.908627070865656,60.908627070865656,59.10191963848749,59.55359649658203,21674386.0
2022-06-14,59.05675479446011,60.86346239811473,58.98900601614009,60.298866271972656,27803250.0
2022-06-15,60.52468963873245,61.56354763034273,60.41177044164526,60.77311325073242,21790724.0
2022-06-16,61.60872462487576,62.62499762054152,58.51474208440765,58.67282485961914,26619046.0
2022-06-17,58.71799251425856,59.8471846779943,57.90497277796042,59.3955078125,31924822.0
2022-06-20,59.75684533024424,61.51838219105549,59.05674487303516,60.02784729003906,49215766.0
2022-06-21,60.93120264958154,62.30881838298997,60.14076818359788,61.76680755615234,29246130.0
2022-06-22,61.87972595122744,61.87972595122744,59.84718020830392,60.27627182006836,25926110.0
2022-06-23,60.50211118272791,63.2347574360513,60.41177719337044,63.07666778564453,34630854.0
2022-06-24,63.64126670086407,64.45428642578648,63.03150707620371,63.23476028442383,38553542.0
2022-06-27,64.36394453241316,65.08663017520756,63.686429326808806,63.82193374633789,36142218.0
2022-06-28,63.618692474076845,65.94482569201239,63.34768358427903,65.49314880371094,44146852.0
2022-06-29,64.88337791034476,66.71267056408905,64.72529514523222,66.19324493408203,37372958.0
2022-06-30,66.17066926823165,67.50311481365435,65.65124356321627,66.75785064697266,50561914.0
2022-07-01,66.84818694196039,67.29986388075741,65.33506644017308,66.08033752441406,39952490.0
2022-07-04,66.1480612708858,66.71265723067835,64.97370580974165,65.51571655273438,31267300.0
2022-07-05,65.8093155505328,66.66750569924439,65.17697071846469,65.4028091430664,15168986.0
2022-07-06,65.49313302559624,66.62232497431341,65.49313302559624,66.3739013671875,26234306.0
2022-07-07,66.80300460616756,67.34502234992672,66.08032576789185,66.84817504882812,19896922.0
2022-07-08,67.66119617224957,67.66119617224957,64.88337930016104,65.08663940429688,26604008.0
2022-07-11,64.54462264463275,66.03515770970867,64.31878420725889,65.58348083496094,14738652.0
2022-07-12,65.56089657858513,65.69640102141398,64.34137037721001,64.77046203613281,12022542.0
2022-07-13,65.22214611564256,65.47056980623852,64.27362869524396,64.63497161865234,10835778.0
2022-07-14,65.0215875213681,65.4082174439518,63.92993717843379,64.45301818847656,11165760.0
2022-07-15,64.47575376261534,66.13597321732276,64.45300960422017,65.93128967285156,18579870.0
2022-07-18,66.38615191245543,67.00020954962355,65.84032675749678,66.2724380493164,16945142.0
2022-07-19,66.24968268301123,67.20488174803265,65.68111346348473,66.68180084228516,17626670.0
2022-07-20,67.0911803068938,69.06980433283995,66.84100841594584,67.54603576660156,33865082.0
2022-07-21,67.56877944728382,68.43300203836655,66.24969445918387,67.06843566894531,21208726.0
2022-07-22,67.65973915555662,68.0691062296926,66.7500283769945,66.9547119140625,14969524.0
2022-07-25,66.86374851229398,67.86442907470948,65.95403764818113,66.8182601928711,13891192.0
2022-07-26,66.81825727210133,66.86374558953582,65.11254947644991,65.9085464477539,17622028.0
2022-07-27,65.86306439276227,67.43231416049665,65.70386222392344,67.22763061523438,13940134.0
2022-07-28,67.63700797840777,67.72797768561377,65.22627256445814,66.20421600341797,24127772.0
2022-07-29,66.84100535043886,70.27516530184137,66.20421051227054,67.7734603881836,86990626.0
2022-08-01,68.41026442521063,71.98088287650283,68.16009945264071,70.16146087646484,64016254.0
2022-08-02,70.25242768391774,70.59356929482108,66.90924406139138,67.63700866699219,41059244.0
2022-08-03,67.77346349645545,67.81895181864363,65.93129749653033,67.54603576660156,32798050.0
2022-08-04,68.00088561638921,68.38751550146212,65.43095525727128,66.3634033203125,34542174.0
2022-08-05,66.54534724680784,67.11391650397375,65.74935028677555,65.93128967285156,17629860.0
2022-08-08,66.22694448081069,67.20488074762183,65.88580295417302,66.04499816894531,18619432.0
2022-08-10,66.40889122372582,67.0911743527367,65.52192454412025,66.8637466430664,21962938.0
2022-08-11,67.25037085721688,67.72796345483408,65.95403024514705,66.34066009521484,14607772.0
2022-08-12,66.59082714225138,67.81894226285388,66.43163191811063,66.93196868896484,20423748.0
2022-08-16,67.61425512814178,68.27380103685809,66.81825814642211,68.00088500976562,26183150.0
2022-08-17,68.45573622680153,68.91059161701284,67.09117005616761,67.27310943603516,24459830.0
2022-08-18,67.13665543192951,67.36408311707758,66.43162821986203,67.02294158935547,25690602.0
2022-08-19,67.31859588623047,68.4329901732657,66.86374050862081,67.31859588623047,41367714.0
2022-08-22,67.06844180439475,67.06844180439475,64.49851101643712,64.68045043945312,36368484.0
2022-08-23,64.49849946122465,66.86374623940807,63.49781893282508,66.70454406738281,24571460.0
2022-08-24,66.59083882590944,68.11460744479857,66.2951855431011,67.9781494140625,15914256.0
2022-08-25,68.31928626896354,68.61494647175219,67.00020825819342,67.11392211914062,18557014.0
2022-08-26,67.5915179096698,69.09253523704972,67.54602959164009,68.00088500976562,25273654.0
2022-08-29,66.181476498786,67.59153135161013,66.02227429456434,67.3868408203125,12434892.0
2022-08-30,67.93266212107619,70.18419514044699,67.84168548147079,70.04773712158203,50545152.0
2022-09-01,70.57082098931612,74.36886681060088,70.50259544735863,74.02772521972656,94308386.0
2022-09-02,74.77822191932057,75.46050499136015,73.93674362813049,74.43708038330078,43094850.0
2022-09-05,75.39229795964226,75.5969815433696,74.52807529921843,74.86921691894531,27766960.0
2022-09-06,75.21035728643818,77.07526061223524,74.80098318525548,75.05115509033203,45050180.0
2022-09-07,74.82372407265991,74.93743793903174,72.68590477297836,73.6638412475586,34833124.0
2022-09-08,74.32337333679736,75.00565647124976,73.9140062323431,74.77822875976562,14178920.0
2022-09-09,75.09663320413848,76.18828344443864,75.00565656699435,75.75617218017578,27389230.0
2022-09-12,75.75618248080454,76.05183577009434,74.86921567239122,75.05115509033203,18085250.0
2022-09-13,75.43777685622953,75.75617427340283,74.36886380513721,74.57354736328125,20589446.0
2022-09-14,73.68657829425086,75.0056562405851,73.45915058346614,74.14143371582031,31497786.0
2022-09-15,74.50532803616419,76.37023131540954,74.39161416765373,75.09664154052734,23162518.0
2022-09-16,74.93743185493146,75.32406174542298,71.50327198120992,72.98155212402344,25203774.0
2022-09-19,73.23172037804345,74.50531690316144,71.86715415981904,73.39092254638672,29924528.0
2022-09-20,74.11869359230852,74.91469062339615,73.68658230639818,73.89126586914062,20722980.0
2022-09-21,73.45915232909616,74.30063765521325,73.00429689671785,73.77754974365234,9823596.0
2022-09-22,73.66383252224509,75.36954031578523,73.23172126932347,74.82371520996094,23510252.0
2022-09-23,74.93743397317115,75.1648616938788,71.98087360397169,72.4584732055664,20728036.0
2022-09-26,71.86715569851083,72.07183924751827,68.5012283977091,70.27516174316406,18444012.0
2022-09-27,70.34339569650813,70.57082343162848,67.7734650658656,68.63768768310547,29748972.0
2022-09-28,68.16009615175393,68.77414688270275,67.31861074127053,68.1373519897461,20388126.0
2022-09-29,68.75139720612808,69.36545482836698,67.6597469227514,67.93266296386719,23803042.0
2022-09-30,68.00088586445317,69.72933786316325,66.54534989626578,69.43367767333984,29216634.0
2022-10-03,70.59355769746463,71.59423820361035,67.79619972383458,68.3647689819336,38601592.0
2022-10-04,69.97951572163518,71.50327735755052,69.57014164082626,71.09391021728516,25232554.0
2022-10-06,71.50327290427357,72.2537885354088,70.98019193089642,71.18487548828125,17411148.0
2022-10-07,70.95744857362574,73.00429805171109,70.41162343424494,72.61766815185547,30653930.0
2022-10-10,71.8444151112732,71.8444151112732,69.36545435996031,70.20693969726562,23341020.0
2022-10-11,70.16145740055333,70.16145740055333,67.54603840507079,67.81895446777344,33277650.0
2022-10-12,68.1600970177933,68.34203643508012,66.77278640421368,67.79621124267578,30621010.0
2022-10-13,68.04637936892476,68.29654431866904,66.45438526414884,66.90924072265625,21549912.0
2022-10-14,68.68316201905947,68.68316201905947,67.11391235441457,67.31859588623047,16431076.0
2022-10-17,66.8637471586239,67.59151861139752,65.97678047217931,67.34134674072266,17489686.0
2022-10-18,67.68249651176453,68.77414688270275,67.6597523497567,68.1373519897461,15146816.0
2022-10-19,68.13734676623879,68.38751864805886,66.61357825559735,66.79552459716797,21012544.0
2022-10-20,66.63631369371694,66.63631369371694,65.13528953981144,65.84031677246094,27604588.0
2022-10-21,66.18147312511097,66.18147312511097,64.45302089249758,65.0443344116211,19860990.0
2022-10-24,66.18146275678546,66.18146275678546,65.38546578204749,65.74935150146484,3099678.0
2022-10-25,66.0904960588794,67.31860434462543,64.74867391444313,66.97746276855469,20289142.0
2022-10-27,67.27311613064494,67.63700186713416,66.65906545707857,67.29586029052734,12188306.0
2022-10-28,67.3186090531325,68.45574771957055,67.11392548128238,67.84169006347656,21679440.0
2022-10-31,68.18281949552306,69.95675966291579,68.04636843233641,69.72933197021484,27540900.0
2022-11-01,70.1614505850612,70.22967612383754,66.93197423248134,68.1146011352539,30841710.0
2022-11-02,68.27380963741459,68.72866511283895,67.50054977675816,67.9781494140625,12065478.0
2022-11-03,67.63699998935653,68.38751560138114,66.97746101433583,67.34134674072266,23182838.0
2022-11-04,67.22763870655174,67.6370058463465,66.52261135197763,66.727294921875,26617822.0
2022-11-07,67.06844335241345,67.63701273814185,66.49987396668504,67.3868408203125,20230352.0
2022-11-09,67.68248602272507,68.36476913396113,66.63631719738792,67.22763061523438,30290064.0
2022-11-10,67.40956527895375,67.40956527895375,65.65837624713745,66.68180084228516,12207908.0
2022-11-11,69.4109389233228,70.04773372643692,66.02226053801871,67.20488739013672,71192890.0
2022-11-14,68.22831174160572,69.82030568224319,67.59151694156785,69.47916412353516,51122290.0
2022-11-15,69.59288947574626,69.68385918499139,68.02363943449998,68.27381134033203,21352454.0
2022-11-16,68.31927632886328,68.52395986067917,66.88648466560974,67.31859588623047,16414796.0
2022-11-17,67.0911690772918,67.29585261179201,65.29449170027958,65.84031677246094,31237774.0
2022-11-18,66.18146503972291,66.34066721637932,65.04432646515721,65.86306762695312,18573730.0
2022-11-21,65.7266253822794,65.77211371239505,64.43028431997503,65.36273956298828,17147340.0
2022-11-22,65.45370108553719,66.06775876247308,64.77141786251681,65.544677734375,18632586.0
2022-11-23,65.8630686659941,66.54535182149706,65.74935480674361,66.15872192382812,8213540.0
2022-11-24,66.38615899000834,66.75004477895645,65.95404765212051,66.45439147949219,12525488.0
2022-11-25,66.49986154436908,68.1373438455994,66.2724338325617,67.65974426269531,20308970.0
2022-11-28,68.18282893968436,68.75139825019053,67.659747950236,68.22831726074219,16741990.0
2022-11-29,68.38752019594027,68.38752019594027,67.40957680678945,67.56877899169922,17756924.0
2022-11-30,67.887178689953,68.68317576001945,66.9774677527342,67.6824951171875,46780746.0
2022-12-01,68.36478021313684,68.50123824560694,67.27312289391986,67.63700866699219,17649078.0
2022-12-02,67.77345504633375,67.90991305534094,65.99952175086824,66.43163299560547,27811158.0
2022-12-05,66.79552337086756,67.20489048593518,66.45438179479682,66.97746276855469,11049664.0
2022-12-06,66.8182587424957,66.8182587424957,66.11323839054609,66.3634033203125,12074038.0
2022-12-07,66.3633913685532,66.5453376689845,65.63562698845305,65.97676849365234,8280026.0
2022-12-08,66.11323506391993,66.45437661339207,65.72660519830112,65.95403289794922,10937292.0
2022-12-09,66.295180277847,66.70454739699892,64.72593040037367,65.33998107910156,13565546.0
2022-12-12,65.4991824289753,66.13597725970642,64.04364642977336,65.68112182617188,15453706.0
2022-12-13,65.90855077641027,66.2496923579456,65.43095811469539,65.49918365478516,19435906.0
2022-12-14,65.84032723525922,66.84100785003531,65.61289950733088,66.75003814697266,17107284.0
2022-12-15,66.72729100788771,66.72729100788771,65.22626668244583,65.52192687988281,16938540.0
2022-12-16,65.13530130297893,65.63564509148826,63.9526812564334,64.1346206665039,23613520.0
2022-12-19,63.99816334415481,65.88581771202682,63.08845240268696,65.56741333007812,23466274.0
2022-12-20,65.56740875803865,66.24969191656369,64.77141173975944,65.99952697753906,18947808.0
2022-12-21,66.34066944758229,66.4088949881336,64.49850350672061,64.99884033203125,28851228.0
2022-12-22,64.99883485108991,65.36272056461374,63.97541018585939,64.79415130615234,17041894.0
2022-12-23,64.13461992721386,64.33930349631967,62.4516561115588,62.70182800292969,17921478.0
2022-12-26,62.7018225730539,64.65769533129347,61.49645154284772,64.27107238769531,16031864.0
2022-12-27,64.58947340452883,64.8623894486526,63.77073221270079,64.52124786376953,12797392.0
2022-12-28,64.45302663256622,65.90856292735188,64.13462915254193,65.4082260131836,16703036.0
2022-12-29,64.58947156190621,65.81757984434087,64.58947156190621,65.68112182617188,11263828.0
2022-12-30,65.86307441471843,66.04501382918215,65.04433316854409,65.22627258300781,9777798.0
2023-01-02,66.65907308245342,67.77346763874002,66.04501539809961,67.61426544189453,32112582.0
2023-01-03,67.72796793104746,68.02362811256401,66.43163417384389,67.04568481445312,15773432.0
2023-01-04,67.04568903874029,67.29586091869578,65.7720993599545,66.31792449951172,22666864.0
2023-01-05,66.49986774297493,67.6597505694165,66.1359819820559,67.5232925415039,18730980.0
2023-01-06,67.52328479169378,68.3420259246568,67.02294800083064,67.20488739013672,19808390.0
2023-01-09,67.65974973570589,69.06980443918843,67.3186081403998,68.84237670898438,27144598.0
2023-01-10,68.8423795943892,69.50191865151565,68.47849382270239,69.09254455566406,17667926.0
2023-01-11,69.13803226450338,69.25174613335948,67.59152642427804,67.9781494140625,17061884.0
2023-01-12,67.97814553698035,68.50123346821069,66.40889562437603,66.77278137207031,16282306.0
2023-01-13,67.11390991932261,67.3640817560394,66.56808487410362,66.88648223876953,22668606.0
2023-01-16,67.13666806066824,67.20489360282937,66.54535457994582,66.75003814697266,15269890.0
2023-01-17,66.86375013741743,67.06843369870903,66.11324143250044,66.79552459716797,12890106.0
2023-01-18,66.86374542624507,67.36408915463137,66.49985970928621,67.04568481445312,15281354.0
2023-01-19,66.93197934836431,67.0911815384017,66.18147060228779,66.38615417480469,9116758.0
2023-01-20,66.49986329010994,66.54535160988276,65.38546886110753,65.52192687988281,14639268.0
2023-01-23,65.8403148503686,67.18213680463383,65.40820363669569,67.02294158935547,16142044.0
2023-01-24,67.02294023520977,67.45505144015223,66.63631040205274,66.88648223876953,13435006.0
2023-01-25,66.86374558787988,67.13666161139447,65.49917935139254,66.5680923461914,19412052.0
2023-01-27,67.54603306237703,69.22899680780908,66.20421089806808,67.93266296386719,41797474.0
2023-01-30,67.9099202616865,68.22831768946197,65.18078755410801,65.6356430053711,29128672.0
2023-01-31,66.13597501923383,68.47848458690599,65.49918021007525,68.00088500976562,21137708.0
2023-02-01,68.20556886033074,69.79756283078449,65.95403591879762,67.18214416503906,31019814.0
2023-02-02,69.50191582669616,70.50259645275561,66.68181335669465,69.16077423095703,66959914.0
2023-02-03,69.66110908538475,71.09390791091903,68.97882591338082,70.00225067138672,41006734.0
2023-02-06,70.2751669182678,71.07116395455886,69.18351661614312,69.524658203125,17930096.0
2023-02-07,69.68385744690387,70.34339649816044,67.38683590790207,67.9781494140625,15873396.0
2023-02-08,68.31928865999605,68.31928865999605,66.97746644196687,67.54603576660156,13386106.0
2023-02-09,67.54603615425636,67.84168942854578,66.86375296077901,67.70523834228516,15900846.0
2023-02-10,67.59151080222566,67.86441986007807,66.4088840632388,67.02294158935547,21562438.0
2023-02-13,67.02295577607606,68.45574771957055,66.65907001470715,67.84169006347656,17540876.0
2023-02-14,67.84169581633411,68.09186773227334,67.364103088366,67.8871841430664,13801430.0
2023-02-15,67.65974887818133,69.09254078409015,67.59152333620221,68.20557403564453,17165474.0
2023-02-16,68.54671704219399,68.91060280153192,68.2510637667877,68.66043090820312,13621782.0
2023-02-17,68.54671513862597,68.75139870364954,67.5232903729647,67.72797393798828,12717390.0
2023-02-20,68.00089028432707,68.00089028432707,66.65906808488548,67.56877899169922,11925906.0
2023-02-21,67.56877310929171,67.77345665739676,67.02294800083064,67.20488739013672,8144578.0
2023-02-22,66.8637550753565,67.31861055205961,65.04433316854409,65.22627258300781,15217458.0
2023-02-23,65.22626838070053,65.40821472398585,63.42959075158587,63.95267868041992,24191052.0
2023-02-24,63.95267498104303,64.68043949045641,63.79347280744543,64.27107238769531,17578292.0
2023-02-27,64.13461530567271,64.70318459029747,62.58810962771057,64.24832916259766,26373304.0
2023-02-28,64.54399026325773,66.38615635756716,64.13462310476402,66.18147277832031,27064552.0
2023-03-01,66.11324992556946,66.63633097612686,65.20353892248241,65.47644805908203,16930368.0
2023-03-02,65.49917403850702,66.22694541515177,64.90786066255095,66.02225494384766,14279618.0
2023-03-03,66.1132264838404,66.3633913685532,65.79482219322104,65.97676849365234,6205630.0
2023-03-06,66.09049996486084,66.56809958769487,65.95404193825918,66.40889739990234,11720648.0
2023-03-08,65.95404286825931,66.5226122033305,65.5446757232255,66.38615417480469,6714760.0
2023-03-09,66.40888412274872,66.61356765145698,65.77208937998032,65.88580322265625,5643398.0
2023-03-10,65.59015355472125,66.31792504042905,64.99884009015159,66.13597869873047,12079604.0
2023-03-13,65.95403660506766,66.11323877998673,63.747985018267165,64.08912658691406,17562656.0
2023-03-14,64.06639092230515,64.70318575634364,62.81553847358849,63.08844757080078,20842984.0
2023-03-15,63.90718673464359,64.02090059004331,62.406162455258674,62.81553649902344,11518062.0
2023-03-16,63.133932600286414,63.70250186552577,62.22422177590345,63.566043853759766,20246382.0
2023-03-17,63.90718312417307,64.31655020426749,63.04296064817707,63.45232772827149,10645986.0
2023-03-20,63.452342953722265,63.56605682998342,61.58743260682171,61.83760452270508,22988082.0
2023-03-21,61.97405514114155,62.45165475235627,61.4737113692893,61.5874252319336,13895604.0
2023-03-22,61.86034210480012,63.33862233892218,61.86034210480012,63.1111946105957,19289514.0
2023-03-23,62.7700461086588,63.31587120845165,62.24696516730373,62.4516487121582,13576156.0
2023-03-24,62.74730549092848,63.33861894096351,62.17873620061462,62.61084747314453,20430898.0
2023-03-27,62.31519923828491,62.4061689439547,60.677716774054126,61.22354888916016,16766024.0
2023-03-28,61.22354726445696,61.56468885707345,60.54126407922398,61.24628448486328,12140750.0
2023-03-29,61.155318180089296,62.22423133923927,61.13257401787558,62.06502914428711,8605682.0
2023-03-31,62.383420964803776,63.5887920479318,62.31519542486246,63.31587600708008,11406164.0
2023-04-03,64.1346206665039,64.95336189290843,63.86170461085454,64.1346206665039,13995168.0
2023-04-05,64.24833131411522,64.33930101459293,61.13256875381517,61.291770935058594,49467096.0
2023-04-06,61.99680359818981,62.610854334697024,61.51920395387719,62.06502914428711,19909536.0
2023-04-10,62.29244984614748,63.202160707545886,62.08776629044145,62.86101913452149,17812568.0
2023-04-11,63.17941549452664,63.45233152461313,62.360681285353095,62.56536483764648,16872490.0
2023-04-12,62.70181614041921,63.13392735801256,62.269697982283645,62.5426139831543,16132484.0
2023-04-13,62.70182450977492,63.17941716423366,62.497134011529006,62.770050048828125,16595592.0
2023-04-17,62.77004850363429,63.11119007158883,62.42890693567976,62.88376235961914,14800806.0
2023-04-18,63.27039408926662,63.65701704655173,62.997478050735694,63.49782180786133,15408838.0
2023-04-19,63.838957851936414,64.02089723482368,62.56536135009784,62.63358688354492,15323010.0
2023-04-20,62.54261427614125,63.24764149790802,62.45164458893896,63.17940902709961,10811822.0
2023-04-21,63.17942432204792,63.17942432204792,61.76937647770168,61.97406005859375,17421226.0
2023-04-24,62.08777330650082,62.38342659364757,61.86034556545137,62.06502914428711,7436884.0
2023-04-25,62.36068979192928,64.02090953655305,62.08777372461451,63.74799346923828,35620680.0
2023-04-26,63.92993709503868,64.36204839936386,63.45233746792408,64.1346206665039,15363994.0
2023-04-27,64.18011355588705,64.77142015096113,64.08913690383496,64.68045043945312,13994054.0
2023-04-28,65.0215877706338,66.54535636484208,64.8169041981169,66.38615417480469,32594764.0
2023-05-02,66.38616452568813,66.38616452568813,65.13531179349943,65.36273956298828,20175314.0
2023-05-03,65.36273956298828,65.88582759713948,65.13531179349943,65.36273956298828,5880576.0
2023-05-04,65.43095738895087,66.40889380228784,65.20352967044988,66.15872192382812,10442546.0
2023-05-05,66.27244877848116,66.40890682444852,65.3854818905101,65.72662353515625,5554888.0
2023-05-08,65.79483323419359,67.09117394770537,65.79483323419359,66.70454406738281,14258880.0
2023-05-09,67.02294023520977,67.68247912070531,66.63631040205274,66.88648223876953,10110598.0
2023-05-10,66.95472266513396,67.77346388541547,66.72729493397483,67.70523834228516,9457248.0
2023-05-11,67.9781458243697,68.5694592993049,67.61426007513703,67.72797393798828,15350766.0
2023-05-12,67.09117641035026,68.45574271022178,67.09117641035026,68.1146011352539,12736776.0
2023-05-15,68.06910473938565,69.8657890401431,67.81893983319215,69.7520751953125,23268486.0
2023-05-16,69.88852798847189,70.02498599375842,69.18350768548595,69.38819122314453,15611944.0
2023-05-17,69.45641647978452,70.20693203560981,69.02430524854462,69.5473861694336,16395374.0
2023-05-18,69.9112763161621,70.27516203845035,69.18351181212847,69.4564208984375,10130980.0
2023-05-19,69.45642377048858,70.47984850268796,68.93334279469283,70.36613464355469,14075740.0
2023-05-22,70.366132141497,70.45710183746031,69.3199632865617,69.6156234741211,7389250.0
2023-05-23,69.95676775388709,70.38887903188696,69.00156855785099,69.22899627685547,20463514.0
2023-05-24,70.45710491309671,70.45710491309671,67.4550631720032,68.4102554321289,45013954.0
2023-05-25,67.7734669688641,68.22832245187661,65.54467787832034,66.18147277832031,40656592.0
2023-05-26,66.49987022832029,66.63632826133282,65.86307532832032,66.18147277832031,20537788.0
2023-05-29,66.93198420315844,66.93198420315844,66.04501736422151,66.45439147949219,14044286.0
2023-05-30,66.24968346658079,66.59082500233156,65.77209086896357,66.34066009521484,13158374.0
2023-05-31,66.24969653021165,66.75004032419137,65.84032938280546,66.54535675048828,13523812.0
2023-06-01,66.75002930693468,67.31859855145711,66.24968559553791,66.93196868896484,11688032.0
2023-06-02,66.5680960857783,66.81826102408688,65.70386658979426,66.47711944580078,16416762.0
2023-06-05,66.93198165920369,68.11460869319966,66.63632837097663,67.79621124267578,19905338.0
2023-06-06,68.16008823153683,68.38751594410046,67.77345834396147,68.29653930664062,15619658.0
2023-06-07,68.45575628916687,69.45643705279329,68.31929824400315,69.11529541015625,13285828.0
2023-06-08,68.93333371166898,69.93401415207806,68.93333371166898,69.5928726196289,20523002.0
2023-06-09,69.97950137703553,70.02498274966236,69.18350448037363,69.2972183227539,7461344.0
2023-06-12,69.29723047847041,69.72934176720545,68.9333447309144,69.524658203125,8446084.0
2023-06-13,69.70659461474207,70.38887775942145,69.59288075729552,70.07048034667969,12694286.0
2023-06-14,70.27516053201886,71.29858519996088,70.1614466800253,71.11664581298828,15789934.0
2023-06-15,71.00293341394432,72.43572520216561,70.93470093702629,71.57150268554688,29857650.0
2023-06-16,72.64040965992336,76.3247413621835,71.91264514749992,74.77822875976562,95131476.0
2023-06-19,75.50600807448433,77.39365550012897,75.36955004527714,76.39297485351562,50081632.0
2023-06-20,76.57491344501652,77.57559399020973,75.14211469437225,76.07456970214844,41469346.0
2023-06-21,76.14279818455579,76.5521722465203,74.36886473767264,74.5508041381836,22649428.0
2023-06-22,74.68726028635368,75.59697114718757,74.23240485593674,74.5962905883789,19710750.0
2023-06-23,74.71001051355077,74.71001051355077,72.61767258748654,73.50464630126953,19614624.0
2023-06-26,73.50464256288969,75.14211799777178,72.77687107591325,74.71000671386719,14318252.0
2023-06-27,75.09663557384525,75.41503299226805,74.11869221802995,74.41435241699219,14230892.0
2023-06-28,74.64177513953828,75.89262751003879,74.14143141512099,75.4832534790039,22040834.0
2023-06-30,75.86989027239946,76.64314314749998,75.57423006625817,76.1427993774414,20890412.0
2023-07-03,76.87057629750834,79.0993653784375,75.77892591920504,76.02909088134766,31822406.0
2023-07-04,76.41571315981528,76.41571315981528,73.55012252821358,74.2551498413086,25374992.0
2023-07-05,74.960181888087,75.27857932491752,74.14144066442027,75.11937713623047,15914932.0
2023-07-06,75.23308149181904,75.39228366038081,74.32337067842077,75.16485595703125,14768322.0
2023-07-07,75.6731979753192,76.22774824484047,74.72583744533033,75.6038818359375,28839572.0
2023-07-10,75.8580479181512,77.12889555465169,75.16485829824185,75.41902923583984,22910560.0
2023-07-11,75.78873417152751,77.4061766690906,74.91069677916056,76.89783477783203,38102080.0
2023-07-12,77.31375434175123,79.83234201379888,77.19822273246932,78.46907043457031,71427246.0
2023-07-13,78.86186665565334,79.94786650683318,78.12246865295765,78.70012664794922,37701570.0
2023-07-14,78.79255074358055,79.48574033956514,77.77587407976768,79.37020874023438,18648660.0
2023-07-17,79.69370099338627,80.7334854550174,79.531960974693,79.67059326171875,44394910.0
2023-07-18,80.64105688471385,80.64105688471385,79.16225381345821,80.15582275390625,23647298.0
2023-07-19,80.40999336172185,80.82590429989368,79.57816443388894,80.04029083251953,14662936.0
2023-07-20,80.17893333941252,81.51909712794811,79.23157277438382,81.19561004638672,21162080.0
2023-07-21,81.38046977980177,84.66156330819436,80.71038079340342,84.0376968383789,114995906.0
2023-07-24,85.21610169621513,86.18656991532103,84.08389347491756,84.31495666503906,47229816.0
2023-07-25,85.60891572991643,85.67823186942593,83.5755623874264,84.4767074584961,32973224.0
2023-07-26,84.80020170922023,84.89262558688871,83.43693012201304,83.69110107421875,23474778.0
2023-07-27,84.10700647714226,84.52291742484006,83.29828526101589,84.060791015625,18714146.0
2023-07-28,84.0376842272125,84.10700036296004,82.28160258955621,82.85926055908203,24310854.0
2023-07-31,83.3907149807264,85.3316446252486,82.85927239345493,85.03126525878906,23877408.0
2023-08-01,85.23921171290712,85.90929357194324,84.47670598564001,85.1236801147461,18868720.0
2023-08-02,85.81687750455217,85.97862457727624,82.6513156580808,83.3445053100586,37886648.0
2023-08-03,83.50625048229762,84.33807952627951,83.2058711018412,83.64488983154297,16873582.0
2023-08-04,84.01458663878682,85.12368725355051,83.43692859953704,84.33807373046875,17299160.0
2023-08-07,84.80020249884028,84.82331023134503,83.92216507557904,84.59224700927734,13706164.0
2023-08-08,84.6846608071642,85.58580585566021,84.24564214779323,84.89261627197266,21521752.0
2023-08-09,84.89261690348681,87.01840112987131,84.24564277449457,86.67180633544922,34076474.0
2023-08-10,86.74112509563687,87.61916949894005,85.70134068094133,86.04793548583984,32224228.0
2023-08-11,86.90287059672795,88.28924979140645,86.07104166962301,86.46385192871094,42298448.0
2023-08-14,86.44074387632713,86.87976254270787,84.15321962393134,86.34832000732422,28275180.0
2023-08-16,86.18658272310314,88.49721496769037,85.7244562741857,87.15705108642578,48964186.0
2023-08-17,87.59607124207976,88.2199377274764,86.60249512968565,87.29568481445312,26295816.0
2023-08-18,87.13394167753962,87.4574287752611,85.51649913744232,86.14036560058594,17787888.0
2023-08-21,86.53316774533005,87.3187812090886,85.33163629382457,86.34832000732422,17922880.0
2023-08-22,86.76422573539813,87.34188369635285,86.14035231697153,86.83354187011719,19235690.0
2023-08-23,87.24946604317515,87.48052924400375,85.93240297785644,86.69491577148438,17778142.0
2023-08-24,87.29567992336862,87.41121153102341,85.60892127220447,85.88619995117188,23644796.0
2023-08-25,85.88619515486555,86.64870090220926,85.33163782789994,85.93240356445312,26573686.0
2023-08-28,86.34831757075837,87.3187787451384,85.88619118729483,86.64869689941406,41687536.0
2023-08-29,86.92597961425781,87.7578015021923,86.69491641172283,86.92597961425781,33540388.0
2023-08-30,87.68849102400529,88.26614906764169,86.64870654545977,86.78734588623047,34733530.0
2023-08-31,87.22635336988914,87.8271190682974,84.10700033546927,84.9619369506836,394168476.0
2023-09-01,85.33163558113812,85.6782303756212,83.64487706858279,85.1236801147461,27553804.0
2023-09-04,85.53959916645826,85.70133917500854,84.61534636963641,84.91572570800781,17110816.0
2023-09-05,84.93884498873545,85.4933953319419,84.45361079412099,84.75399017333984,15699850.0
2023-09-06,84.70777737037585,84.89262512470643,83.87594837290854,84.13011932373047,23532190.0
2023-09-07,84.24564922637957,84.82330726132253,83.82973121032683,84.10700988769531,8285762.0
2023-09-08,85.03126040419168,85.72445002705194,84.38428624345123,84.8464126586914,20779548.0
2023-09-11,85.37784917737919,85.60891236865761,85.03125439046154,85.42406463623047,10470326.0
2023-09-12,85.77065562797952,85.9092878954212,81.72704995952795,83.15963745117188,34109476.0
2023-09-13,83.18275387904771,83.80662735373633,82.09675399391993,82.95169067382812,21086974.0
2023-09-14,83.18275110462949,83.71419363831339,82.74373243965289,83.13653564453125,14338956.0
2023-09-15,83.55246082692193,84.91573239936203,83.39071375413675,84.56913757324219,19220132.0
2023-09-18,85.16990087012098,85.16990087012098,84.13011642202223,84.86951446533203,14811774.0
2023-09-20,84.68466056750472,85.10057149594458,83.69109165429333,84.2225341796875,11265382.0
2023-09-21,84.24564142097682,84.546020750721,82.35092042131492,82.88236999511719,16371930.0
2023-09-22,82.88237699381864,83.4138195610076,82.16607962607162,82.65131378173828,17468008.0
2023-09-25,82.72062206349847,84.66155145022131,81.77326157370251,84.31495666503906,29149372.0
2023-09-26,84.31496563887495,84.3380733706443,82.58199152851924,82.99790954589844,20192672.0
2023-09-27,82.95168442390839,83.22896306987634,82.53577350644535,82.85926055908203,11517700.0
2023-09-28,82.92857922963877,83.18275015429694,80.20203635073246,80.45620727539062,23852370.0
2023-09-29,81.0107580031292,82.1429662542828,80.54863161070004,81.79637145996094,18438560.0
2023-10-03,82.25850956689956,83.18276248338158,81.7501676422384,82.07366180419922,24711050.0
2023-10-04,81.98122779216156,81.98122779216156,79.39332395410712,79.92476654052734,17863666.0
2023-10-05,80.41000149177363,80.91834340226013,79.37021698972482,79.60128021240234,17586520.0
2023-10-06,80.08650295153318,80.17892681710525,78.95429473242517,79.43952178955078,9513574.0
2023-10-09,78.56148585593765,79.99408047743567,77.63723308116191,79.34709930419922,31234590.0
2023-10-10,79.62438529276308,80.96454911905721,79.57816982917099,80.22515106201172,17121830.0
2023-10-11,80.82589807091233,81.70394239153605,79.9940762586744,81.49598693847656,16997234.0
2023-10-12,81.79637591954972,81.81948365072886,80.31757279344899,80.64105987548828,14516776.0
2023-10-13,80.38688464152877,81.72705541194681,80.10961303665854,81.2418212890625,20669800.0
2023-10-16,81.58841673098729,82.25849859576734,81.17249874314888,81.47288513183594,20239008.0
2023-10-17,82.11985363034714,82.42023999841774,81.47287954009906,81.61151885986328,13166326.0
2023-10-18,81.9581200051372,83.09032827683612,81.03386720350719,81.14939880371094,24573340.0
2023-10-19,80.87212004386039,81.86568898380354,79.80922791298609,81.70394897460938,13718712.0
2023-10-20,81.33425264142315,81.93501841782252,79.34710755863587,79.57817077636719,12354396.0
2023-10-23,79.57816258239657,80.06339669996692,78.37663820480567,78.79254913330078,19774628.0
2023-10-25,79.00051098343968,79.69370062129055,76.99026526456593,78.33042907714844,12265850.0
2023-10-26,77.98383215433118,77.98383215433118,76.32017424777634,76.96715545654297,10002428.0
2023-10-27,77.40617126160562,78.0531453948383,76.57434233924276,77.70655059814453,10332648.0
2023-10-30,78.19179380375705,78.19179380375705,76.29707959270291,77.6141357421875,14320628.0
2023-10-31,78.16869345461224,78.5846115291229,77.17512431545859,77.49861145019531,15801668.0
2023-11-01,77.19822617594947,77.29065005719966,76.1353339128469,76.29708099365234,11554140.0
2023-11-02,76.80540922046875,78.09936460047872,76.80540922046875,77.86830139160156,13045262.0
2023-11-03,78.5383769843634,79.04671882369465,77.63723195235704,77.77587127685547,10021062.0
2023-11-06,78.3304194110919,78.60769805261162,77.98382463493662,78.19178009033203,9486264.0
2023-11-07,78.23799659982323,78.39973659997737,77.7527624963831,77.98382568359375,5687160.0
2023-11-08,78.53838369286882,80.3637816421326,78.33042821410274,80.20204162597656,13198638.0
2023-11-09,80.64105119001545,80.66415891870575,77.98382457487168,78.74633026123047,19561134.0
2023-11-10,79.16225749245727,80.52552902694845,77.89140983206067,80.31757354736328,23615408.0
2023-11-13,81.35735486605181,81.35735486605181,79.90165246199363,80.38688659667969,15602216.0
2023-11-15,81.31114208990327,81.31114208990327,80.36378151975647,80.756591796875,13750532.0
2023-11-16,80.87212618856205,81.42667650069994,80.40999975319883,80.57174682617188,15376302.0
2023-11-17,80.8490167461725,81.47289024131099,80.08651096454957,80.54863739013672,35914606.0
2023-11-20,80.8721244737867,80.8721244737867,79.02361877152872,79.55506134033203,16428684.0
2023-11-21,79.76302845716089,82.58199558422193,79.62438911122575,82.2816162109375,33133110.0
2023-11-22,82.951693635836,83.76041488298202,81.5190988917243,82.44335174560547,30164256.0
2023-11-23,82.60509223185711,82.95168702443833,81.93501037649791,82.23538970947266,11055428.0
2023-11-24,82.39714301888868,83.1134403882069,81.24182695595276,82.32781982421875,19206476.0
2023-11-28,82.88237218485202,83.64487791987955,82.32781486684377,82.69751739501953,16691650.0
2023-11-29,83.15964698624259,84.33807075503552,82.48956509465117,83.85283660888672,28675978.0
2023-11-30,83.96837629585643,85.40097114115848,83.29829433975972,84.63845825195312,45897664.0
2023-12-01,84.86950991599235,85.12368084442319,80.89522713607914,81.47288513183594,26333208.0
2023-12-04,82.95169805965403,83.13654581969234,80.50242645595121,80.61795806884766,58445844.0
2023-12-05,81.08007748797829,81.79637483610648,79.99408465183889,80.84901428222656,35879926.0
2023-12-06,81.28802758748593,81.88879329301115,80.7103696113057,81.65773010253906,28132058.0
2023-12-07,81.77326639320292,82.78994307935999,81.10318451265549,82.16607666015625,31240230.0
2023-12-08,82.16608339806896,82.3509311556232,80.34068534913358,80.82591247558594,26092520.0
2023-12-11,80.80280990317722,81.56531569960309,80.57174668589788,81.12629699707031,17019280.0
2023-12-12,81.1956133004864,81.54220812708337,79.11604434090455,79.57817077636719,24168354.0
2023-12-13,79.92476220325656,80.98765436990702,78.56149068692835,80.52552795410156,32703392.0
2023-12-14,80.87211738933216,81.65773083367358,80.66416192634311,81.33424377441406,29574844.0
2023-12-15,81.5653141161305,81.63463025937271,80.29446644576586,80.54863739013672,26310114.0
2023-12-18,80.548638642909,81.26493602400757,80.17893608639137,81.0107650756836,23722454.0
2023-12-19,81.47289150845819,81.75016313722908,80.52553091097232,81.0107650756836,17573004.0
2023-12-20,81.79637792250689,82.69752304864335,78.00694261549096,78.56149291992188,44285892.0
2023-12-21,77.72965880932419,79.13914573490055,76.36638734418871,78.2611083984375,40828344.0
2023-12-22,79.48573303222656,79.8554355263951,78.9080750886784,79.48573303222656,22549822.0
2023-12-26,80.0634054257764,80.82591122828309,79.71681059709337,80.36378479003906,25650964.0
2023-12-27,80.82590387920018,81.35735346575274,79.97097427707699,80.47930908203125,27152558.0
2023-12-28,80.87212573555327,81.42667604458482,80.47931544709895,81.0107650756836,20960488.0
2023-12-29,81.935010686179,84.56912970945434,81.05696631076113,83.8990478515625,76584618.0
2024-01-01,84.33806887815034,86.9028718351536,83.94525861346459,85.93240356445312,78709586.0
2024-01-02,86.64870766764327,87.61917601411682,83.04412001837132,83.36760711669922,68089230.0
2024-01-03,84.15322075661052,84.15322075661052,82.23539195441293,83.04411315917969,22227448.0
2024-01-04,83.82972523706982,83.82972523706982,82.97479563716576,83.13653564453125,24513982.0
2024-01-05,83.64487856954271,84.1763211100242,82.3509232366221,82.92858123779297,24088158.0
2024-01-08,83.41381974397439,84.03769323855565,81.98122500533796,82.32781982421875,26718538.0
2024-01-09,82.9285817651189,83.4138158994858,81.77326575543074,81.93501281738281,13181118.0
2024-01-10,82.16608288552827,82.16608288552827,80.29446938313421,81.03387451171875,22316780.0
2024-01-11,82.05053749620939,82.18917681597361,81.24181635765493,81.61151885986328,17255542.0
2024-01-12,81.70395148896294,81.98122310675251,81.10318573985133,81.63462829589844,15226674.0
2024-01-15,82.02743539746461,82.16607472674409,81.10318260425375,81.47288513183594,25068396.0
2024-01-16,81.47289322178898,82.78994935199968,80.43310872618005,81.03387451171875,18921640.0
2024-01-17,80.50242096261302,80.77969963523954,78.9543016863354,79.20846557617188,32424600.0
2024-01-18,78.93119397058551,80.64106031481374,77.63723858388944,80.20204162597656,33520288.0
2024-01-19,81.03387071764527,81.0800791288371,79.41642824465026,79.64749145507812,20759736.0
2024-01-23,80.84900981568966,81.21871233476591,78.00693536255092,78.67701721191406,26448794.0
2024-01-24,79.02361574792839,79.23157122117769,77.49859719161786,78.8387680053711,21095562.0
2024-01-25,79.02361134682208,79.80922478617104,77.89140312086424,78.44595336914062,21681852.0
2024-01-29,78.90809069852489,80.89523582773157,77.98383780600922,80.2713623046875,33181994.0
2024-01-30,80.7565935050496,80.77970123680821,79.62438516377459,79.78612518310547,21701822.0
2024-01-31,79.78612170231767,81.44977959550242,79.30089461400406,81.28803253173828,28450760.0
2024-02-01,81.88880011420137,81.88880011420137,80.27135764616668,80.756591796875,24255762.0
2024-02-02,80.04029518794339,80.96454803549813,77.77587853203009,80.43310546875,45353934.0
2024-02-05,81.2880324628321,84.06079091479667,80.01718483901502,82.8361587524414,113941608.0
2024-02-06,86.34831358061545,86.34831358061545,81.40355586486088,83.15963745117188,144148896.0
2024-02-07,84.54602483808003,84.54602483808003,81.79637412387477,82.16607666015625,49048576.0
2024-02-08,82.48955973711881,82.58198360383739,79.99408007827216,81.33424377441406,30328624.0
2024-02-09,81.3804619460863,81.51909422504052,78.49217194305213,80.15582275390625,31295722.0
2024-02-12,80.57174300995615,80.57174300995615,78.70012962508464,79.18536376953125,28238014.0
2024-02-13,79.39332395410712,80.36378524906883,78.44596333999768,79.92476654052734,19097140.0
2024-02-14,78.9774051684195,80.73348703722102,78.58460192833233,80.24825286865234,18640610.0
2024-02-15,80.64105987548828,81.10318629311286,80.20204118904284,80.64105987548828,11806390.0
2024-02-16,80.7796895266002,81.70394225104302,79.94786066430392,80.50241088867188,21655174.0
2024-02-19,80.57174684350572,80.6410629882292,79.39332302277805,79.57817077636719,22293034.0
2024-02-20,79.78612719796428,80.80281100910018,79.25468461154405,79.92476654052734,33709764.0
2024-02-21,80.59484972098109,81.98122906515958,78.93119873886087,79.16226196289062,68168430.0
2024-02-22,79.80922901488078,80.22514701174232,76.89783124280744,79.94786834716797,29290650.0
2024-02-23,80.17893282572429,80.64105923970541,79.41642706325123,80.40999603271484,21833034.0
2024-02-26,80.50241990521317,81.38046432267099,79.37021160125732,80.40999603271484,35448700.0
2024-02-27,80.3868883017179,81.05697019169263,79.57816707725094,80.40999603271484,19946960.0
2024-02-28,80.40999157747305,80.61794704194456,77.98382803849756,78.23799896240234,24321318.0
2024-02-29,78.26111776885715,78.90809198355822,77.49860488922008,78.5152816772461,42498232.0
2024-03-01,79.02361256607225,80.10961240146477,78.83876483095777,79.46263122558594,24134334.0
2024-03-04,79.48574999408007,80.38689516801726,78.88498419429192,79.50885772705078,35480038.0
2024-03-05,79.43952178955078,80.17892681710525,79.27778178767188,79.43952178955078,16599648.0
2024-03-06,79.43952954712219,79.57816888476343,78.0993657367327,78.88497924804688,18817756.0
2024-03-07,78.88497535093703,79.60127268378857,78.83876694166584,79.04672241210938,11265328.0
2024-03-11,79.46263312975134,79.83233566032858,78.16867779847566,78.37664031982422,30037892.0
2024-03-12,78.56149889280296,78.63081504181815,77.17511950057703,77.31375885009766,20222622.0
2024-03-13,77.40618112716997,77.54482047381516,73.5012139970227,73.84780883789062,28935186.0
2024-03-14,73.06218725611075,75.9966856891357,72.8080163237412,75.83494567871094,30579464.0
2024-03-15,75.92737436638866,76.18154531488412,74.05576090209091,74.795166015625,38148982.0
2024-03-18,74.95690048783366,75.53455848643209,73.8246922208786,75.16485595703125,27279552.0
2024-03-19,75.3034991449315,75.32660687635713,73.91711987726848,74.77205657958984,32026390.0
2024-03-20,74.88758786850305,75.25729041528083,73.96333502730336,74.65652465820312,15974334.0
2024-03-21,75.51146247853191,77.26754447718179,75.14176694322906,77.10580444335938,25383800.0
2024-03-22,77.08268225831476,77.84518797128767,76.73608747032908,77.01335906982422,22561254.0
2024-03-26,77.29063918350096,78.67701836168035,77.17510758531935,77.91451263427734,40421540.0
2024-03-27,78.67700788960654,79.18534967453996,77.91450226369463,78.09934997558594,26132888.0
2024-03-28,78.88497397070411,79.76301834936505,78.35353143870368,79.13914489746094,32561196.0
2024-04-01,79.94786718553831,81.056967724742,79.94786718553831,80.71037292480469,42613934.0
2024-04-02,80.8721180340386,82.42024425700012,80.64105483965564,81.5653076171875,69164602.0
2024-04-03,81.63662582070738,83.41960399350221,81.3038046794437,82.84905242919922,28497846.0
2024-04-04,82.73019109295973,83.11056123863142,82.04077428484314,82.25473022460938,17165246.0
2024-04-05,82.15963335351262,83.91883698376742,81.49398383466178,83.68110656738281,30872804.0
2024-04-08,83.72866061332456,84.72712406951459,83.46715568850445,84.25166320800781,44081792.0
2024-04-09,84.25166448718835,84.46562042712345,83.2532010158388,83.70488739013672,14565866.0
2024-04-10,83.82374622539034,85.86822925624503,83.68110652464111,84.86975860595703,31771134.0
2024-04-12,84.58447585574763,86.15349799195816,84.2041130087504,84.7984390258789,33685798.0
2024-04-15,82.8015099565026,83.77620621863329,82.23095834731501,83.13433837890625,23783320.0
2024-04-16,82.42113278112537,84.29920149467188,81.80303228864074,83.77619171142578,22929970.0
2024-04-18,83.91883448026019,83.91883448026019,80.37665283279289,80.68569946289062,41272370.0
2024-04-19,79.87741971408445,80.82834137734737,79.04536325872941,80.51929473876953,21914572.0
2024-04-22,81.30380147952826,82.44490456322326,80.94720585900401,82.1120834350586,25662166.0
2024-04-23,82.25473044319423,83.1818776879498,82.13586522579077,83.03923797607422,18262806.0
2024-04-24,83.44337808099083,84.82221162593049,82.92036825086518,84.44184875488281,26600942.0
2024-04-25,84.63202721130727,85.01239732392241,84.18034087662024,84.48938751220703,23977988.0
2024-04-26,84.63203248719911,89.00627091756859,84.34675307121455,87.96025848388672,96101794.0
2024-04-29,89.00626905081904,89.38663917916855,87.8889404140535,88.12667083740234,31350358.0
2024-04-30,88.79231053834657,92.35826678486652,88.26930072020768,91.59752655029295,110070380.0
2024-05-02,93.1190122095028,96.01931909868269,92.47713714737117,95.73404693603516,101023598.0
2024-05-03,96.87514675175989,97.51702179172968,95.2348082945619,96.18572998046876,52214612.0
2024-05-06,96.85137407733042,97.4219256485972,95.23481008291505,95.4963150024414,34852418.0
2024-05-07,95.82913877993144,95.9004550076898,91.52621650122032,92.28695678710938,32832788.0
2024-05-08,92.47714326167744,94.92576394734296,91.5975377117042,94.30767059326172,24439584.0
2024-05-09,94.56916295686558,96.13818525921045,92.23940762502056,92.54845428466795,29499710.0
2024-05-10,93.19033588495472,95.04463048272336,92.28696308193054,94.28389739990234,24783830.0
2024-05-13,94.8782099165075,95.06839134620222,90.36133203917149,94.78311920166016,37203290.0
2024-05-14,95.11594227710238,97.89738383181522,95.02085156030954,97.2555160522461,38432966.0
2024-05-15,97.56456518499104,97.73097938484216,95.32990063603545,95.7578125,21030474.0
2024-05-16,96.4234700968926,98.63436033693844,96.28083037867349,98.25399017333984,38964216.0
2024-05-17,98.58680115187244,99.82299489607604,98.1351075816312,98.82453155517578,28142158.0
2024-05-21,100.29846639444166,100.77392725173218,99.39509366757248,100.48865509033205,30847846.0
2024-05-22,100.72638030087208,100.72638030087208,98.01624775074838,98.9909439086914,22661158.0
2024-05-23,99.68036880059904,101.60598678102264,98.01625575047244,100.96411895751952,36384084.0
2024-05-24,101.15429210478958,104.3398782312464,98.42039231817364,100.17959594726562,88554974.0
2024-05-27,102.69954245843932,108.54771229942511,101.08297848839102,107.78697204589844,165705894.0
2024-05-28,108.2862111284293,109.73636820594852,106.64587260843022,107.8582992553711,54847622.0
2024-05-29,106.0277775024105,108.8805428163767,105.12440472163748,105.38590240478516,41723378.0
2024-05-30,105.38589376383128,106.26549923216524,103.79310428043956,104.4825210571289,20326146.0
2024-05-31,105.55231312343052,107.31151689116297,104.45875167161076,106.50323486328124,50448728.0
2024-06-03,111.7333037555848,113.13591186237625,109.83146028740462,112.44649505615234,54498356.0
2024-06-04,111.73330111911008,111.73330111911008,91.28848431859204,98.77699279785156,91691974.0
2024-06-05,102.39048980066266,107.21641418923784,97.56455815713116,106.57453918457033,58013980.0
2024-06-06,107.1688684783226,109.855226528274,106.28927029334814,107.31150817871094,37184976.0
2024-06-07,107.3115103215486,110.378231293831,106.57454456728996,110.04541015625,26731196.0
2024-06-10,111.21029171357414,111.2340662074504,108.7949569408305,110.0311508178711,35165122.0
2024-06-11,110.47332758048266,113.563822998646,109.40354070496458,113.14066314697266,27106362.0
2024-06-12,113.63514127937808,114.82379338481093,112.83161129531244,113.17869567871094,24494816.0
2024-06-13,113.58760387297367,114.35785544918876,111.99481424228928,112.58438110351562,18218174.0
2024-06-14,112.68422354177216,115.38959698928544,112.15646169827696,114.03453063964844,34019190.0
2024-06-18,114.39587934253149,115.37056824639302,113.23099449750497,113.74925231933594,25285656.0
2024-06-19,113.63514070317451,114.05354856375142,110.09295889793718,111.26258850097656,24333182.0
2024-06-20,111.26259415825594,113.11213662877496,110.9202617558243,112.61766052246094,13200150.0
2024-06-21,112.63667685471572,113.23576219224638,111.51934816662522,112.04235076904295,15377036.0
2024-06-24,111.06765628249656,114.77624506914763,109.94080914659251,114.25324249267578,35933776.0
2024-06-25,114.58606796728716,116.80646932659783,114.53851897901087,114.99496459960938,26178346.0
2024-06-26,114.8713445344438,115.9553946946185,113.77778312585863,114.20094299316406,12532872.0
2024-06-27,114.20093771653104,115.38958978942892,113.31658028409674,115.1375961303711,13230688.0
2024-06-28,114.7287037795763,115.98867212156688,114.4006346345034,115.00922393798828,11927778.0
2024-07-01,115.01398371644628,115.67487404799093,111.9092247572879,113.53054809570312,21545152.0
2024-07-02,113.5875870057718,113.63513598975842,110.99632698754054,111.50507354736328,18845198.0
2024-07-03,111.87594158509744,112.19449949006508,107.52547037182973,109.10400390625,34412940.0
2024-07-04,109.97409276830298,110.25936491680064,107.66810481275805,107.9819107055664,21922626.0
2024-07-05,107.9296185023521,109.56995706824662,107.4541576278924,109.14679718017578,27114862.0
2024-07-08,109.35599709553122,109.96458641201414,106.90737658428796,107.4779281616211,23493048.0
2024-07-09,108.04848388676412,109.56995723637836,108.04848388676412,108.5382080078125,26475908.0
2024-07-10,108.64280336102564,109.01366224067986,105.1957122259384,107.43988800048828,21941350.0
2024-07-11,107.45415054657045,108.64280265438649,107.07378042107796,107.90108489990234,13658172.0
2024-07-12,108.3575312494754,108.40508023928253,106.48422148336417,106.6268539428711,18788662.0
2024-07-15,106.97869453100787,108.73314628210952,106.21795424569343,108.50016784667967,23390542.0
2024-07-16,109.68882358552716,109.68882358552716,108.19587671224618,108.60002136230467,18771952.0
2024-07-18,109.1182618793912,109.51289524392892,107.2449450244596,108.56197357177734,16922490.0
2024-07-19,108.56197484861872,108.78544202459916,106.0277676919342,106.47945404052734,15625360.0
2024-07-22,107.05000319293472,110.75859912556209,105.79954614083044,109.68881225585938,37861868.0
2024-07-23,109.96932840668886,110.97255101377766,104.29233238536722,109.18006896972656,36828008.0
2024-07-24,108.4050733996976,111.02010806504116,108.00092877670724,110.54464721679688,13449876.0
2024-07-25,109.26566262576576,111.01060316806272,106.90738074632289,110.51136779785156,42066324.0
2024-07-26,111.78085260495727,118.33745476115568,111.78085260495727,117.14405059814452,91609748.0
2024-07-29,118.38975163561,123.07304390952348,118.38975163561,121.88439178466795,57397472.0
2024-07-30,121.90815684073532,121.90815684073532,119.61168736098908,120.57211303710938,20604924.0
2024-07-31,120.76705664845552,123.14436091318888,120.24404680823142,122.2362289428711,19254510.0
2024-08-01,122.8828635620444,122.8828635620444,117.41505648422851,118.9603042602539,35225422.0
2024-08-02,116.8444986924959,120.45800389381915,116.2263981639858,118.9365234375,20131812.0
2024-08-05,114.11060771004098,117.81920391160872,114.11060771004098,116.012451171875,32531304.0
2024-08-06,116.17886572901136,119.79236396447752,115.1803950065384,115.60830688476562,22140040.0
2024-08-07,117.1297803297482,118.24710894594512,116.10753517519235,117.58146667480467,10525734.0
2024-08-08,117.55768914098964,118.6274759986933,116.55921850515034,117.1060028076172,21351714.0
2024-08-09,117.91428865287504,121.05233310771648,117.5339185288099,120.33914184570312,23197276.0
2024-08-12,118.8414416965653,120.67196892788635,118.6750347468724,119.83991241455078,18834012.0
2024-08-13,120.45800717359494,121.36137987104414,119.36444578644924,119.67349243164062,16231708.0
2024-08-14,119.57840107701232,119.98254569237656,116.820726758241,117.17732238769533,9291734.0
2024-08-16,118.41352919036136,122.14589260592383,118.15202426514128,121.69420623779295,22505440.0
2024-08-19,122.66889802506827,123.69113593996114,121.5753366304426,122.43116760253906,29246356.0
2024-08-20,122.71644693802632,124.45187611946692,122.12212088205942,123.61981964111328,17247826.0
2024-08-21,122.88286946268391,124.33301933354534,122.74022249363748,123.73869323730467,7155728.0
2024-08-22,123.714922871937,124.76092806894604,123.50095967873008,124.4518814086914,8414120.0
2024-08-23,124.54697822780554,124.97489010032724,123.12059564612385,123.81000518798828,11549182.0
2024-08-26,123.64359785990317,124.16660773758409,122.93040652940594,123.69114685058594,9555442.0
2024-08-27,123.691130051927,125.8307037528403,122.9541715811331,124.64205169677734,18768088.0
2024-08-28,124.80847496363552,125.21261959407197,123.6198228211247,123.8337860107422,8795166.0
2024-08-29,123.61983022102338,124.07152386618148,119.7448269064627,120.6719741821289,21151184.0
2024-08-30,121.33761245888311,122.95418376833692,119.38822724669092,121.93194580078124,31632590.0
2024-09-02,122.7164484492636,122.7164484492636,119.07916858897956,119.50708770751952,14783796.0
2024-09-03,119.57840578299596,120.05386664098005,118.84144000212925,119.3406753540039,12636904.0
2024-09-04,117.81920057106176,119.8636836855572,117.7241098516576,119.10294342041016,10904898.0
2024-09-05,120.24405145892024,121.1236569728749,119.00785754642062,119.41199493408205,17083868.0
2024-09-06,119.76859147168663,119.76859147168663,117.15355666003444,117.81920623779295,10130918.0
2024-09-09,117.84298104981984,117.84298104981984,115.10908101209516,115.96490478515624,12815418.0
2024-09-10,116.3214953672741,118.7701231254666,116.20263015342854,118.0331573486328,9994230.0
2024-09-11,118.00938414760512,118.6037102233434,114.18192276885908,114.84757232666016,14661330.0
2024-09-12,116.22640882472308,117.86674738375912,115.06153113815876,117.0346908569336,19828720.0
2024-09-13,117.91429486130684,118.17579978880516,116.58300298446194,116.79695892333984,8606488.0
2024-09-16,116.93959633910038,118.00938326745047,115.67962796991526,115.9173583984375,11744304.0
2024-09-17,115.91735697994824,116.32149435051645,113.08836636614348,114.49097442626952,10635992.0
2024-09-18,114.30078933280348,114.30078933280348,111.63821283505058,112.18498992919922,14948232.0
2024-09-19,113.15968805909684,113.39741849619575,110.80615818280872,112.94573211669922,28415400.0
2024-09-20,113.15968750565348,113.89665330804728,112.04235155477026,113.08837127685548,20618640.0
2024-09-23,113.39741810250617,114.11060941132696,111.75707954320976,112.42272186279295,22399168.0
2024-09-24,112.42272150753148,113.68269716877424,112.37517977340129,112.82686614990234,12205088.0
2024-09-25,112.82686024160928,113.73023294730535,111.80461506941975,113.32609558105467,11325284.0
2024-09-26,113.32609331233336,115.06152246404396,112.3751716390768,114.68115234375,25497280.0
2024-09-27,114.56228685998656,115.3943433220916,113.27854405515866,113.89664459228516,12707940.0
2024-09-30,113.89664398253986,114.58606073931622,111.49556532518528,111.92347717285156,20393380.0
2024-10-01,112.16121364376528,115.1518665071887,111.0201104850876,113.22149658203124,23234612.0
2024-10-03,111.2483232010739,112.5653517342735,109.0421852355297,109.68881225585938,14663554.0
2024-10-04,110.30691227411472,110.30691227411472,106.44141341464696,107.16411590576172,34738898.0
2024-10-07,107.16411817308072,108.11503985073526,104.22101441994684,105.7519989013672,21221914.0
2024-10-08,105.57607941546736,106.78850599057222,104.64417299063447,105.77577209472656,13475550.0
2024-10-09,104.60138598943016,106.52224461269144,102.3191724804876,105.46672821044922,50036824.0
2024-10-10,106.36058651606405,107.65384055766036,104.35890047896798,107.31150817871094,33584298.0
2024-10-11,107.4303766493584,108.79495421007134,106.50322945111016,108.33850860595705,30659282.0
2024-10-14,108.73314164479244,109.6650408368535,107.5254670374832,108.7426528930664,15795796.0
2024-10-15,109.11825969298886,109.16104942618873,106.45567616233204,107.59678649902344,21254680.0
2024-10-16,107.1213270436653,107.29249323361218,105.92316371403716,106.67439270019533,9963690.0
2024-10-17,106.45092771466987,106.9786895399318,103.82638183323566,104.39218139648438,24935554.0
2024-10-18,103.88819405519544,106.45567970194529,103.55537291653626,106.16089630126952,9515960.0
2024-10-21,106.16089756116284,106.59832067072853,103.27960598307268,103.5553741455078,11199752.0
2024-10-22,103.64571607788469,104.47777258765886,100.67883768267676,101.07347106933594,15587840.0
2024-10-23,100.79770349203277,102.73283269711295,100.2699416410979,101.8009262084961,13238930.0
2024-10-24,101.98635279113432,103.81212072228944,101.81993859089098,103.29862213134766,17420980.0
2024-10-25,104.07838208211378,104.24954828640196,100.26043185656108,101.74862670898438,20613028.0
2024-10-28,101.55844072286722,102.88972530232158,100.5599700333196,100.74539947509766,16141458.0
2024-10-29,100.797705617595,101.03543605537236,98.03051983948724,98.96717834472656,22038004.0
2024-10-30,98.80076642359164,100.8690167752894,98.23021485260458,99.55674743652344,11216658.0
2024-10-31,99.58052300582688,100.05122461087151,98.33005863089632,98.98143768310548,13431480.0
2024-11-01,99.7469266311715,99.96564181019043,98.89585491804807,99.49018096923828,2325654.0
2024-11-04,100.1795990269726,100.1795990269726,96.04309110844194,99.23343658447266,22814766.0
2024-11-05,99.22392748304024,101.2256136297457,98.42514947009954,100.72162628173828,11504482.0
2024-11-06,101.67730589386176,102.93727424709756,100.72162494012744,102.5141143798828,12700484.0
2024-11-07,103.55537274985144,103.55537274985144,101.62975489041024,102.65199279785156,15746944.0
2024-11-08,102.65199452845616,105.8851297567842,100.09402009093398,105.50000762939452,42041828.0
2024-11-11,106.5032315250913,109.56995258899651,105.9992441795603,106.66488647460938,36243744.0
2024-11-12,107.07377692116528,107.45414703422462,104.20199671473232,105.13389587402344,16884116.0
2024-11-13,103.65047828113973,104.6869795815714,101.872251867651,103.3747100830078,18274916.0
2024-11-14,103.37469855224046,104.40644774027662,102.13850467828344,103.4460220336914,9636734.0
2024-11-18,103.44126213392482,105.19096184750516,102.58067914982252,104.72025299072266,11243872.0
2024-11-19,104.36038957480136,108.30928870273208,103.7750111717011,106.20288848876952,16245712.0
2024-11-21,104.9025818286764,105.50714970090368,102.8585530446631,105.0321273803711,20929238.0
2024-11-22,105.23846271419364,107.90624911311862,105.18088690805403,107.46002197265624,12284154.0
2024-11-25,108.43884071398998,113.15065580266771,108.43884071398998,112.71401977539062,36861548.0
2024-11-26,112.75720375466128,113.11706717089956,110.83793220139046,111.09703063964844,10765920.0
2024-11-27,111.79756379783112,113.09787344798612,111.09702648564728,112.69002532958984,10538302.0
2024-11-28,113.26101271848492,113.74562614447696,110.53084779345836,111.11622619628906,18330490.0
2024-11-29,111.3177538257922,111.70160961361744,109.97906509388986,111.35614013671876,13682648.0
2024-12-02,110.1182061641469,111.05384958883532,108.52520724913688,110.2717514038086,13793056.0
2024-12-03,110.69398481564794,113.17944527182168,110.17098507714924,112.84356689453124,14635306.0
2024-12-04,112.85316251070036,113.22741986673898,111.37532258007418,112.26778411865234,16200684.0
2024-12-05,112.27738266792048,112.56527632128592,110.97707300618758,111.60083770751952,9311856.0
2024-12-06,111.6536211214019,112.37334795371189,110.5500385142386,111.40411376953124,8057688.0
2024-12-09,111.5192691212444,112.27738223886593,109.44645971782936,109.71515655517578,11975484.0
2024-12-10,109.90228219201003,110.71797108894076,109.15856304543456,109.85910034179688,10643216.0
2024-12-11,109.87830161580273,111.28896744553212,109.72955923482748,110.92430114746094,8008332.0
2024-12-12,110.90990380207585,111.13062325580928,110.04143458119614,110.35811614990234,8171548.0
2024-12-13,111.2937512313613,111.79276590607525,108.31408641892948,111.28895568847656,16607242.0
2024-12-16,111.3177465489367,112.99710910463186,109.96945949708036,112.68042755126952,11406544.0
2024-12-17,112.68043339597438,113.52971312533812,110.16619229647056,110.76116180419922,17905616.0
2024-12-18,110.76115464033954,110.76115464033954,106.4427938381503,106.91781616210938,15727724.0
2024-12-19,103.64066241046548,106.39961522926258,103.49671558171852,105.18567657470705,9152564.0
2024-12-20,105.4351846245886,105.99176780657211,103.82779178219306,104.25482940673828,15682738.0
2024-12-23,104.28842187439678,106.8842311087998,104.28842187439678,105.05133056640624,9698716.0
2024-12-24,105.14248647061136,106.46678108398092,104.59549442145445,105.50234985351562,8457926.0
2024-12-26,105.5599315038821,106.01575701654276,104.60989417035027,105.62710571289062,8098688.0
2024-12-27,105.82383853949965,107.35925434404264,105.4351872147572,105.8046417236328,4666774.0
2024-12-30,105.79983912627212,107.8150726929608,104.62428682249032,107.18171691894533,13401864.0
2024-12-31,106.51956965647588,106.51956965647588,105.24325233497795,105.79984283447266,6469510.0
2025-01-01,105.55993494915884,107.46960808596316,105.18088204054769,106.91302490234376,3854562.0
2025-01-02,108.29489395115306,114.29261744558376,107.60875789768129,113.27540588378906,40788608.0
2025-01-03,113.23701689735051,113.47692583145506,111.4856846069631,112.33975982666016,11625344.0
2025-01-06,112.2773879269084,112.3397665963953,108.10776922947444,108.51561737060548,7541810.0
2025-01-07,108.59238764974506,109.97425818508474,107.26329005336856,107.7287139892578,8939686.0
2025-01-08,107.69992510791398,107.86306143078892,106.08773673014782,106.86983489990234,11997500.0
2025-01-09,106.30365771649872,106.9562103564699,102.63784923586552,102.87295532226562,12998912.0
2025-01-10,102.86814817558238,102.9737086878942,99.6101882079644,101.03524780273438,16022686.0
2025-01-13,99.78772642163794,100.27714271577555,96.87043279371473,97.13912963867188,12312576.0
2025-01-14,97.44620816129245,101.42869789345684,97.42701866818189,100.7857437133789,5900706.0
2025-01-15,101.2655636633462,101.76457103033736,98.07477041180556,99.16875457763672,6852198.0
2025-01-16,100.66099432656242,101.39031958678996,99.5862069130062,99.75894165039062,10451924.0
2025-01-17,99.7589353085488,100.21955636466468,98.52579986588918,99.12557220458984,6503312.0
2025-01-20,99.56221717963729,100.6753982546841,98.38666475433445,100.38750457763672,10950000.0
2025-01-21,100.76175348201984,101.19358663979548,97.95481599215913,98.24750518798828,11790436.0
2025-01-22,98.84248880363006,100.27234411593172,98.12276194340946,99.23114013671876,20175578.0
2025-01-23,99.0632018686942,100.4498752370329,97.88284667267844,99.6773681640625,9187844.0
2025-01-24,99.32230124643316,100.12839177124354,97.71490841845844,98.02679443359376,19779840.0
2025-01-27,96.9232145441192,97.25429006225971,93.7324284790398,94.66326904296876,13457514.0
2025-01-28,95.36379976500288,99.66297101609376,94.53371691642252,98.2331085205078,23240006.0
2025-01-29,98.05077782462313,99.11117114336083,97.54696763197292,98.86166381835938,12922486.0
2025-01-30,98.86168198350428,101.45749871327044,98.54500771749784,100.92010498046876,14928366.0
2025-01-31,100.5938137890414,105.0801138142532,100.21955643514416,104.03890991210938,13116114.0
2025-02-01,104.55231236983305,106.07334148133684,97.88764235752818,99.01042175292967,27247028.0
2025-02-03,99.01042510373952,99.22153882655311,95.79084382175176,97.83966827392578,21291626.0
2025-02-04,99.80211858343476,101.71659455159494,99.31270229807056,101.56304931640624,13829256.0
2025-02-05,101.67340203737824,102.67622693333271,101.0016599591002,101.25116729736328,4982690.0
2025-02-06,101.25116910629174,101.94690355438944,99.9652534059062,100.6609878540039,4793854.0
2025-02-07,100.75215767774635,103.7558223305872,100.18117322183164,101.7453842163086,7877896.0
2025-02-10,101.2415689172565,101.7213867794236,100.07081216213848,100.32991790771484,2787106.0
2025-02-11,100.0660225836768,100.51705257242789,96.37142628906145,97.74370574951172,7088702.0
2025-02-12,97.88284714596304,105.99176635840077,95.79563644736292,105.24805450439452,73022266.0
2025-02-13,105.84783223287316,108.08377809449895,103.81819723361583,104.1540756225586,47542286.0
2025-02-14,104.21644778812764,104.94097751239056,101.61583561445326,102.60906219482422,15651978.0
2025-02-17,102.2012081267842,107.7191137298735,100.44987579872743,107.29207611083984,41594672.0
2025-02-18,107.1673317058506,107.19131674388032,104.32680327345352,106.65392303466795,14740792.0
2025-02-19,105.39199831258404,108.52520859918742,105.06093011314503,108.15575408935548,12602396.0
2025-02-20,107.7143220333786,109.30251809659674,106.74508783413366,108.67395782470705,12749270.0
2025-02-21,108.49641680955614,109.5856054484324,105.63190347689276,106.77387237548828,11291962.0
2025-02-24,105.55992896513412,107.42162460065258,105.22405792816932,107.04256439208984,12662692.0
2025-02-25,106.98978860179756,109.58560508414826,106.38042516694762,109.02901458740234,19793824.0
2025-02-27,109.15857079230908,109.2017526455868,106.68751156888337,108.16534423828124,14564826.0
2025-02-28,106.51477775525063,106.71630039372906,101.3951216649266,102.17242431640624,26693850.0
2025-03-03,103.64066471702988,105.36320919291268,98.66975106089252,100.2435531616211,13489116.0
2025-03-04,98.84248442855748,100.5218470280718,97.47980339066858,99.28871154785156,17913698.0
2025-03-05,98.84247950172372,101.96129560250624,98.7705097510507,100.38269805908205,22003930.0
2025-03-06,101.721386547139,102.58506016135544,100.76175082499618,101.04964447021484,10167814.0
2025-03-07,100.96327975163892,102.0332715986292,100.35871184466144,100.65619659423828,8597008.0
2025-03-10,100.88649557648957,102.0524567252895,98.78969397572148,99.22152709960938,9597488.0
2025-03-11,97.8828581978864,98.28590350390844,94.81682190307494,95.94439697265624,25874734.0
2025-03-12,95.9635752919816,96.3954084522196,92.55686544054036,94.09708404541016,31387772.0
2025-03-13,94.38017157781,95.09989836765824,93.81399001742037,94.34658813476562,10587842.0
2025-03-17,94.7640267870701,95.93478352994572,94.17864841563228,95.2246551513672,17868720.0
2025-03-18,95.2246551513672,95.2246551513672,95.2246551513672,95.2246551513672,0.0
2025-03-19,98.21392296503724,99.7925205677816,97.88284745662123,98.69374084472656,15342412.0
2025-03-20,99.35108967242084,100.52184647825185,98.6937415156386,99.5526123046875,9247912.0
2025-03-21,99.55261414194317,101.86533989474016,98.51621305993622,101.16480255126952,15463156.0
2025-03-24,101.7213898600884,103.01689666288648,101.1935872671441,101.97569274902344,9897916.0
2025-03-25,102.87295108488745,103.2568068551958,100.05162691421673,100.78094482421876,16380024.0
2025-03-26,101.45748859758972,105.36800868685604,100.06601968327396,103.1512451171875,58831436.0
2025-03-27,99.79252996275544,103.06489172460442,98.44424276532423,100.0516357421875,42418880.0
2025-03-28,100.73776543376351,100.7617577927641,97.6717293823556,97.98841094970705,20824092.0
2025-04-01,98.36266297767834,100.85771442794616,97.69571643376044,100.31072235107422,16742748.0
2025-04-02,100.32032746065164,100.81933485546708,99.09679035075284,100.1715850830078,12568804.0
2025-04-03,98.36266959176452,100.9776756849161,98.12755618482674,100.73297119140624,13112264.0
2025-04-04,100.27714186342904,100.32511925879793,97.45101482937524,98.42984008789062,9206950.0
2025-04-07,94.23622838290154,96.46738591017667,92.05785843654428,94.80721282958984,19509568.0
2025-04-08,96.44339883125332,97.64294359283608,94.99914957402616,96.83685302734376,8552900.0
2025-04-09,96.44338790008102,98.77050740236518,95.72366112470728,98.20911407470705,8559354.0
2025-04-11,99.37028063707304,100.6657873804768,99.17834910232914,100.04202270507812,7674562.0
2025-04-15,101.24156935032768,103.41514368952711,100.81453174402984,103.13684844970705,14187334.0
2025-04-16,103.01690215724048,103.40075794336,102.1388345174781,102.87295532226562,9669812.0
2025-04-17,102.82017143972244,105.27204112694518,102.11964142705304,105.07051849365234,12745690.0
2025-04-21,105.29123462527096,107.04736978763457,104.6770683370301,106.54835510253906,10604780.0
2025-04-22,106.51957208508438,108.1221620881378,105.99657233965006,106.84104919433594,10114844.0
2025-04-23,107.47920722028884,111.02026558674665,106.99938933091254,110.68438720703124,21894324.0
2025-04-24,110.43007888942071,111.36572958491736,109.79672311368964,110.65559387207033,12282938.0
2025-04-25,110.68918581275082,111.79756392313352,107.11454413872396,107.97821044921876,13969344.0
2025-04-28,107.04736761449573,109.29770723040748,106.84583767020318,109.13937377929688,5953646.0
2025-04-29,109.39368512707836,110.9914796049153,108.5012235445417,109.33130645751952,6807976.0
2025-04-30,109.34089294524514,110.14218786843644,107.81987125400236,108.10775756835938,10047166.0
2025-05-02,107.50319874903438,108.24691793611352,104.60029907643256,105.63190460205078,7560322.0
2025-05-05,105.79984435613342,107.93503249449756,105.76145804650172,107.57037353515624,4585356.0
2025-05-06,107.5703685740537,108.39085302509122,105.86701368508442,106.10212707519533,4060374.0
2025-05-07,104.86419983540875,108.89466712562674,104.8114195754003,108.71234130859376,7529564.0
2025-05-08,108.48682955543735,109.38888222417566,104.84021060579036,105.69908142089844,6145026.0
2025-05-09,104.3076069476108,106.5195676313721,103.73662250824653,106.33723449707033,5864400.0
2025-05-12,109.0050261073412,111.26976716234996,108.24211740978836,110.97228240966795,7344388.0
2025-05-13,110.9722778388973,111.74478491255576,110.11820260484504,110.52124786376952,6125816.0
2025-05-14,110.8379358884925,113.18904069088444,110.35811798421332,112.5316925048828,10515502.0
2025-05-15,112.99231971942318,115.11311395533497,112.22940369539327,114.84921264648438,10136628.0
2025-05-16,115.1562883048934,115.77525013309877,113.51051653216032,113.87517547607422,13642966.0
2025-05-19,114.6716776177469,116.71569914799132,113.72163294522896,115.67929077148438,14642518.0
2025-05-20,117.55537744594284,119.7337473412628,115.49215915301184,116.0775375366211,34044772.0
2025-05-21,116.8404454069542,117.92963400805117,114.91637840836128,117.36824798583984,17467454.0
2025-05-22,117.1924671934442,117.88585506356448,115.39551960624163,116.60650634765624,14472238.0
2025-05-23,117.68076115126706,119.0480079992203,114.81931164017551,117.00202178955078,28329800.0
2025-05-26,118.07140663135242,118.12023235318088,115.75197249396378,117.13874816894533,31103998.0
2025-05-27,117.43661267930128,117.92491460312374,116.21585786974514,117.00690460205078,13957124.0
2025-05-28,117.19246215963624,118.38880038733664,116.28910061679728,116.52349090576172,14692904.0
2025-05-29,117.19246136067986,117.77842217730404,116.24027410230354,117.54891967773438,13373628.0
2025-05-30,117.54892387678272,117.56846012687582,114.79978902243562,115.25390625,20459598.0
2025-06-02,116.09378100198413,116.09378100198413,114.48727097019317,115.361328125,11181946.0
2025-06-03,115.98147625807984,116.07913515369704,115.19042206651946,115.29296875,11195000.0
2025-06-04,116.21585662929056,116.28909893672372,114.72653428734944,115.05369567871094,12071762.0
2025-06-05,115.67871948787496,115.67871948787496,113.67179833992591,114.22846221923828,14461902.0
2025-06-06,114.28706351157288,118.5597052235455,114.03314443215338,118.18859100341795,23821972.0
2025-06-09,118.6573637495134,119.52166021369278,118.1251164575351,118.74525451660156,11154574.0
2025-06-10,118.90151803568712,119.08218736258398,117.55868774986314,117.79795837402344,8002548.0
2025-06-11,117.8272607541716,118.40345347252588,116.70416479110716,117.19246673583984,13560528.0
2025-06-12,117.1924606025428,117.32430420697156,114.69723749751115,114.8632583618164,7131958.0
2025-06-13,113.28605049710312,114.89744839521532,112.59754297095304,114.6532974243164,8478438.0
2025-06-16,114.31147954977396,115.29296370172963,113.31045914901254,115.12205505371094,5949562.0
2025-06-17,114.84372479368072,115.48339908909222,114.16498545225,114.51656341552734,4227886.0
2025-06-18,114.2577667236328,115.4296883285095,113.8036420723884,114.2577667236328,10098702.0
2025-06-19,114.1356940992308,115.37109736764435,112.95400434035244,113.70598602294922,8194360.0
2025-06-20,113.3055765614452,115.19042230932494,113.3055765614452,114.8241958618164,10280514.0
2025-06-23,113.78411486151369,116.34281213972756,113.36417491457762,115.56641387939452,6059600.0
2025-06-24,116.31351391354248,118.60853140907906,115.9082224325958,117.57333374023438,11889666.0
2025-06-25,118.65736844932066,119.70233427672326,117.99327752951083,119.44353485107422,14770642.0
2025-06-26,119.48748379859356,121.71413946348656,119.38982490030632,121.5481185913086,18988974.0
2025-06-27,122.26591508237532,123.00324828497004,121.74343591256208,121.94363403320312,10399732.0
2025-06-30,122.55890147345382,122.846997817781,121.49928720210951,122.51983642578124,7429606.0
2025-07-01,122.34404724216516,123.19857560004176,120.97680037938346,122.85676574707033,7030766.0
2025-07-02,122.856770673369,123.5403904067236,121.92899251993492,122.88117980957033,7080494.0
2025-07-03,123.05208637899982,124.0286902391506,122.00224020969615,122.31963348388672,10579878.0
2025-07-04,122.612612801192,122.95442264862568,121.29419168111151,122.00223541259766,7290956.0
2025-07-07,122.00223793632568,122.29521461837396,120.95238433568868,121.97782135009766,4698604.0
2025-07-08,122.07547771887064,122.75909741373796,120.68381429251716,122.00223541259766,5972592.0
2025-07-09,122.24638589466184,123.00324789287134,121.97781835454111,122.51494598388672,10059130.0
2025-07-10,123.97985475556352,124.02868792801956,121.7092538033814,121.97782135009766,13209766.0
2025-07-11,122.3196297582636,122.61261388774356,120.09785455391236,120.24434661865234,10768796.0
2025-07-14,122.07547915885856,124.00427023938934,120.61057340895226,123.5159683227539,18222508.0
2025-07-15,123.95544257610806,124.22400266533292,121.41626668867129,122.51494598388672,11983088.0
2025-07-16,122.46612339602646,122.95442531750112,119.82928854952564,121.6848373413086,13686931.0
2025-07-17,122.173134718095,122.22196788878436,120.41525233671484,120.85472106933594,6161202.0
2025-07-18,120.80588883439036,121.5383416950295,119.1456653306333,119.38981628417967,4990390.0
2025-07-21,119.97578309643905,122.3196338581517,118.85268716365002,121.88016510009766,8377482.0
2025-07-22,122.46612382825884,122.46612382825884,120.85472599152595,121.098876953125,9118516.0
2025-07-23,121.14770969822406,122.02664719616163,120.17110585527472,121.6848373413086,4574233.0
2025-07-24,121.68483985693216,122.51495165042104,121.44068889114745,121.88016510009766,10435772.0
2025-07-25,121.63601594751428,122.2219767839532,118.75503003777048,119.09683990478516,6422937.0
2025-07-28,119.09683437611578,122.07547904517646,118.75502452496848,119.87812042236328,10627268.0
2025-07-29,119.97578410230663,121.14771321843644,119.24333119881162,120.4152603149414,6535234.0
2025-07-30,120.41525867115756,120.46408439351964,118.75502764202815,119.04801177978516,5517480.0
2025-07-31,118.1202291649996,119.34098394120215,116.65532343355656,118.2178955078125,11333155.0
2025-08-01,118.2178984021828,118.4132161907989,114.9658058105421,117.53427124023438,13653423.0
2025-08-04,117.5342697940427,120.46408129261076,117.3487201324093,119.73162841796876,10209776.0
2025-08-05,119.73162888958537,120.10274311610586,118.4620483724093,119.11637115478516,5769803.0
2025-08-06,119.58514026715991,119.62420531586037,117.72959888471406,117.90538787841795,4414208.0
2025-08-07,117.19246171739006,118.69643253687076,115.39551421415352,117.00690460205078,10739005.0
2025-08-08,117.00691025312918,117.57334230033524,112.4071068026726,112.71961975097656,10860600.0
2025-08-11,113.1883872781971,117.52450328923057,112.27037727837336,117.21199035644533,13024457.0
2025-08-12,116.7334570846694,117.47567809746911,116.11819934103708,116.56743621826172,4155268.0
2025-08-13,116.89947522845893,118.21789635694428,116.36234759360926,116.92877960205078,4597540.0
2025-08-14,117.1924628637842,121.098878292577,116.49907501928102,119.10660552978516,19020549.0
2025-08-18,122.17314439489827,129.6929987720316,122.17314439489827,128.6773223876953,80821577.0
2025-08-19,128.67731641560496,130.42544563178825,124.13611452660894,130.16175842285156,40387936.0
2025-08-20,131.1578988014681,131.1676594752311,129.10702477504518,129.98597717285156,20564141.0
2025-08-21,130.03479396523136,130.6793560692703,127.73978390648688,127.94486236572266,16695588.0
2025-08-22,127.94485976196172,129.00936924004446,126.59715663760636,128.1304168701172,11093419.0
2025-08-25,128.33551283868195,128.78474225534532,127.31983651077964,127.94486236572266,5255625.0
2025-08-26,127.45656781575238,129.26329096583223,126.87061442514278,128.29644775390625,13267634.0
2025-08-28,128.27692521290712,128.81404542385755,126.45066582958086,126.78272247314452,7709689.0
2025-08-29,126.64597513346249,127.19288578545492,123.79430124274552,124.0091552734375,10674470.0
2025-09-01,124.3705007484042,125.50335735761904,122.90559495054104,125.03459167480467,15300044.0
2025-09-02,125.69869100376556,129.68322169054295,125.45454003560654,127.3393783569336,15084908.0
2025-09-03,128.7163959913807,129.2828280371557,125.29828236817448,127.18312072753906,14455278.0
2025-09-04,129.30234307757175,129.5562696143407,123.57945140245371,125.01505279541016,20498606.0
2025-09-05,125.23968086130832,129.1363206163612,125.23968086130832,127.71048736572266,19576052.0
2025-09-08,128.9116991872241,134.96663965353852,128.29643403616646,134.0779266357422,33590663.0
2025-09-09,134.3220738468413,134.47833402400235,131.66572534405694,131.9001007080078,15017284.0
2025-09-10,132.79859038605042,132.94508990797445,129.61486712692104,130.8746795654297,15726944.0
2025-09-11,131.11881557513038,131.50946602056885,129.16560805331042,130.43519592285156,12684319.0
2025-09-12,130.4742782237674,132.95484540611182,129.66369525307985,130.9528045654297,18257240.0
2025-09-15,130.97234105435027,132.8181217084922,130.0738673133608,130.8063201904297,10539375.0
2025-09-16,131.15789756677702,132.39818860543474,130.85515276326186,131.39227294921875,9836983.0
2025-09-17,131.84152113063865,134.54671799596915,131.84152113063865,133.5701141357422,21279686.0
2025-09-18,134.2146497360561,136.2362267045314,132.54466562468093,135.51353454589844,15571795.0
2025-09-19,135.7479387530031,139.29301559116954,135.6405117305801,137.59371948242188,29812677.0
2025-09-22,137.691386821353,138.43360040774743,135.7577004038271,136.15811157226562,12613982.0
2025-09-23,136.29481752354,141.11924245257185,136.29481752354,140.6699981689453,43630485.0
2025-09-24,139.16604616829653,140.62119124375397,136.33390101400934,138.93165588378906,36960853.0
2025-09-25,138.5800894183955,138.5800894183955,136.82221429485182,137.1640167236328,10954407.0
2025-09-26,136.30460425759264,139.65434825518915,135.7576935930741,138.609375,20914983.0
2025-09-29,138.67774930608508,140.77744166232645,138.02342650250387,139.08792114257812,16359612.0
2025-09-30,139.78130607046336,140.4258532503716,138.31640037666864,139.33206176757812,13913548.0
2025-10-01,139.65434363381758,140.43562965548392,137.50581825057867,137.92575073242188,12440118.0
2025-10-03,138.11130867210622,139.60551130547762,134.92758562421653,136.51943969726562,15561840.0
2025-10-06,136.51945656817287,137.2128519139935,134.25374320365012,134.55648803710938,12157023.0
2025-10-07,134.8299244776309,137.44723053157463,134.7127367847859,136.5585174560547,9538118.0
2025-10-08,137.50581938527054,138.28710541338404,135.7479295474631,136.10926818847656,10813847.0
2025-10-09,136.23622689018197,136.63663801517794,134.21464991895184,135.39634704589844,5658661.0
2025-10-10,135.55260282613952,136.2557587148891,134.18534864166392,134.33184814453125,6840339.0
2025-10-13,134.27326443972166,134.76156634922444,132.52513525869833,134.20489501953125,6553457.0
2025-10-14,134.70295902110655,135.15220333936836,131.47040273044342,132.24192810058594,8702406.0
2025-10-15,132.3298237406917,133.22829750850195,132.03683960075972,132.515380859375,9026819.0
2025-10-16,132.798583417825,134.6736609660817,132.32005708264296,134.02911376953125,9950107.0
2025-10-17,134.1365422823876,134.4783446825035,131.07000684605995,131.36297607421875,15168999.0
2025-10-20,132.80836475496764,133.99982266051785,132.3884173447529,132.661865234375,6001026.0
2025-10-21,133.40408345305153,133.77518275941688,132.68139128500752,133.05250549316406,2918743.0
2025-10-23,133.79472817439805,136.18740463949416,133.25759307363143,134.62484741210938,12839861.0
2025-10-24,134.68342683496388,135.25961947144498,132.64232857243826,133.15992736816406,6291344.0
2025-10-27,133.3259554622762,137.88669343763615,133.30641921369934,137.5155792236328,16792519.0
2025-10-28,138.0917776663963,138.91213622122626,135.27916872715318,136.82220458984375,21334243.0
2025-10-29,137.19330920450514,137.3495694020937,135.21080451570234,136.21670532226562,8637758.0
2025-10-30,136.6268764759371,137.9941308452565,135.7479389470688,137.47653198242188,14765768.0
2025-10-31,137.65230274850686,140.279369357062,137.65230274850686,138.21873474121094,18213013.0
2025-11-03,138.67774601182313,139.6055166843607,136.29483024536142,136.5585174560547,8798368.0
2025-11-04,136.18740789414696,137.50582909101016,134.8787622732173,137.1542510986328,8502046.0
2025-11-06,137.69137535717596,140.48446282592397,136.64640213656654,137.92575073242188,17435511.0
2025-11-07,137.70113099510678,138.3359174822402,135.55260569043492,137.97457885742188,4888203.0
2025-11-10,138.48242148343115,139.80082766914865,137.39839067199694,138.95118713378906,7609145.0
2025-11-11,139.63480942921947,143.34590691011311,138.92189281609197,142.6232147216797,17177183.0
2025-11-12,144.01976833314964,144.14673159991474,138.42383254689386,139.19534301757812,24925913.0
2025-11-13,141.470822073012,147.9164128863295,140.26960361389231,146.89097595214844,53618730.0
2025-11-14,146.49058645067646,149.36180432939662,144.01001907690062,144.79129028320312,20695998.0
2025-11-17,146.0022741712021,146.1878312852047,144.1467328347598,144.97683715820312,10767304.0
2025-11-18,146.94329402970135,146.94329402970135,144.54421739201553,144.76052856445312,11015324.0
2025-11-19,144.6818590610687,145.1734726018849,142.46959812739576,143.0202178955078,5986604.0
2025-11-20,143.62981995218658,144.38690903782256,142.43028166169768,143.78713989257812,8625173.0
2025-11-21,144.04277654696003,144.31807894695783,141.37822438637073,142.2631378173828,10000648.0
2025-11-24,142.3712944836571,143.5511640644375,141.48638104593002,142.16481018066406,16912563.0
2025-11-25,142.16481086999954,146.45168186981076,142.08615089718535,143.38401794433594,21768360.0
2025-11-26,144.38690748037897,147.238260105657,142.56793132100344,146.45167541503906,17859160.0
2025-11-27,147.15960964641397,159.28280252805897,146.99246282681986,157.07054138183594,90218203.0
2025-11-28,155.34988253858702,157.54247478121198,153.58007074960173,155.46786499023438,27495981.0
2025-12-01,155.60552110761932,158.69285371385638,154.00287107823857,157.61131286621094,24989252.0
2025-12-02,157.31634521484375,161.7310405534634,156.23478934034938,157.31634521484375,37354552.0
2025-12-03,157.6211418370599,160.41350333920374,156.82473024692115,159.98089599609375,21310659.0
2025-12-04,159.38112584820576,160.737969103321,157.16886477691708,157.5228271484375,12196009.0
2025-12-05,158.21107536603483,158.58469145997842,156.83454843211456,158.1619110107422,10982958.0
2025-12-08,158.2012368218719,160.19718666533967,155.25155547650806,156.60841369628906,11422591.0
2025-12-09,156.50025463872197,157.60146418229388,152.94097736192353,156.90338134765625,13146291.0
2025-12-10,157.31633804887002,157.63097792633823,155.113903915158,155.35971069335938,10266182.0
2025-12-11,155.84150065092302,158.4863840403451,154.46498866524314,157.64080810546875,11571887.0
2025-12-12,158.05376572031943,162.09482994164992,157.66048085808302,161.11160278320312,13731776.0
2025-12-15,161.05260725737242,164.33658227828488,159.78423585521617,164.02195739746094,16406561.0
2025-12-16,163.70732164453997,165.90975587730242,163.24520368051012,164.9363555908203,17495643.0
2025-12-17,164.69053721793534,164.69053721793534,162.30130259578573,163.3533477783203,7630563.0
2025-12-18,163.3533599726066,169.16423609637363,162.85191952138908,168.69229125976562,21614399.0
2025-12-19,169.19372333781246,171.6517911193308,167.8368651215007,170.64889526367188,16822313.0
2025-12-22,171.68129142125252,175.01443082390824,171.68129142125252,174.0803680419922,17655028.0
2025-12-23,174.10986820877494,175.21107783285223,172.63502746101884,174.97511291503906,8542554.0
2025-12-24,175.11276481565866,175.309407248905,171.82877466873526,172.3695526123047,8846615.0
2025-12-26,172.27123098984777,173.03814694630617,170.36376796891338,171.75010681152344,5686108.0
2025-12-29,171.75010407735397,173.09713541767331,170.47192083884144,171.986083984375,9026929.0
2025-12-30,172.55635966800537,176.9513860973847,171.09134585726054,175.6338653564453,58790880.0
2025-12-31,175.48638086873217,177.31518400262794,173.73623770867508,176.18447875976562,12570359.0
2026-01-01,176.1844726783372,182.44762472585305,175.81084156621412,181.779037475586,26287021.0
2026-01-02,181.89701958133145,186.8131552456917,180.6876544086983,185.6136169433593,25388934.0
2026-01-05,185.8299247974753,188.58296372097183,182.92940780782112,184.6107177734375,17083159.0
2026-01-06,184.69922335188187,185.99707536888508,181.8183600442077,183.02772521972656,9072320.0
2026-01-07,183.07688995178987,183.696327849159,181.4643980468457,182.99822998046875,9482575.0
2026-01-08,182.8802513383484,183.1752224862395,180.9236238934316,181.42507934570312,9093468.0
2026-01-09,181.0121179334976,187.5603991194292,180.8154605081473,184.6107177734375,25410790.0
2026-01-12,186.44937164233465,186.46902538353007,180.2648643880616,183.8733062744141,13071854.0
2026-01-13,183.9126440447424,184.74837813251048,180.9629625524541,182.5852813720703,6855429.0
2026-01-14,182.1035108721092,184.54191005445145,181.0612774688511,183.7553253173828,7446179.0
2026-01-15,183.7553253173828,183.7553253173828,183.7553253173828,183.7553253173828,0.0
2026-01-16,182.81142138567435,183.5291880252424,180.667993346257,181.1596069335937,26684199.0
2026-01-19,180.02888831308152,185.3383086608444,179.28162611400109,184.8270263671875,10612728.0
2026-01-20,185.76109777503385,186.5673512373512,176.489272975518,177.75762939453125,15758631.0
2026-01-21,176.9022215021445,180.12720525318417,173.86405330422656,178.20008850097656,20759934.0
2026-01-22,182.1919883432162,188.22900226012217,181.43489925998912,187.0884552001953,20314511.0
2026-01-23,188.7796056925769,195.8686797784346,186.81315146661257,189.7431640625,32467563.0
2026-01-27,189.0352391775956,190.89353781941207,184.8466970809383,189.7628326416016,23069013.0
2026-01-28,190.647734119333,193.39094620807035,186.2822182733823,192.0537567138672,20044566.0
2026-01-29,193.1058015855725,193.1058015855725,188.70094826097244,190.8050537109375,10560396.0
2026-01-30,189.66450623273093,194.6789705666504,188.70094785193788,193.3909454345703,14239171.0
2026-02-02,186.5870119662988,191.7292855260177,182.40829676893688,191.13934326171875,14956648.0
2026-02-03,199.5951144695496,199.5951144695496,192.73219305952435,196.51760864257807,16548292.0
2026-02-04,198.3562412190381,201.7483717248225,195.7113579107274,197.54998779296875,22146705.0
2026-02-05,197.8744629890688,199.4574592930956,196.6454290574597,198.12026977539065,14809572.0
2026-02-06,198.1202657043288,199.59510639195403,195.9178315431137,198.45455932617188,9580410.0
2026-02-09,199.39846316782905,202.918418061854,197.4221670525096,202.34814453125,9662823.0
2026-02-10,203.23304227124504,207.4609218788253,201.4828992015952,206.21221923828125,12114047.0
2026-02-11,206.9693180035071,211.8067938496121,199.16249192158773,202.8889312744141,53661132.0
2026-02-12,202.93807132928865,208.78828468872427,201.1977701309817,207.4805908203125,36604082.0
2026-02-13,206.5956764197776,209.29955098363104,200.38168885996976,201.19776916503903,26832686.0
2026-02-16,201.5123947321505,203.4198577405677,199.5951048535861,202.4071350097656,11066053.0
2026-02-17,202.4071438663945,204.75705617994203,200.44068954533864,204.1966094970703,7435573.0
2026-02-18,205.0028552187418,206.1335604094536,203.6263432471921,204.8455352783203,7339062.0
2026-02-19,204.806209013639,205.1110070157941,198.8871776395383,200.076889038086,9638504.0
2026-02-20,199.1624928312173,205.8484405769276,198.42507245491515,205.3470001220703,14624480.0
2026-02-23,206.2417179357469,208.1983453306736,205.4551482319414,207.2249450683593,8533992.0
2026-02-24,205.4944774913615,207.48060056552265,205.120846367736,206.65467834472656,12888307.0
2026-02-25,206.92999423255904,210.11564062201435,206.11391389123952,208.06069946289065,13401777.0
2026-02-26,208.10001824573047,209.3192253007444,206.7923393516294,208.3654937744141,7744469.0
2026-02-27,208.3654883103577,210.50893122151265,206.8906476385662,207.5592498779297,13962660.0
2026-03-02,196.6945960407497,209.3290560246213,196.6945960407497,205.5043029785156,17727577.0
2026-03-04,203.33137369512608,203.7049898029713,193.83339600880527,197.09771728515625,28728295.0
2026-03-05,197.6679756710723,200.5685077076949,193.63675343862045,199.63442993164065,17821008.0
2026-03-06,199.0936745852736,199.0936745852736,190.86405298982004,191.4048309326172,23585465.0
2026-03-09,187.2556110934433,187.2556110934433,179.59627805808995,183.8044891357422,22595249.0
2026-03-10,188.28800050263504,191.8964423672776,187.7963869242992,190.31344604492188,17754507.0
2026-03-11,191.12952483800373,192.1029251162566,180.79581290606907,181.562728881836,28300159.0
2026-03-12,181.56272558156627,181.86752359166977,174.04102902892842,175.47654724121094,44243228.0
2026-03-13,173.63791791916444,173.63791791916444,166.5685124230644,167.78770446777344,27176714.0
2026-03-16,166.46036239507717,171.96642552927165,165.8704200936589,169.87216186523438,21338066.0
2026-03-17,171.08151811564224,173.63791461736287,168.8200927491748,173.1561279296875,20890037.0
2026-03-18,173.68706481016557,176.99070853468393,172.56618649307123,175.6240234375,12316122.0
2026-03-19,172.99880528506787,172.99880528506787,165.07399725766305,165.7425994873047,19935868.0
2026-03-20,168.21050561503998,169.7738332106684,163.5401765694484,166.05723571777344,38794799.0
2026-03-23,164.25791806147814,164.25791806147814,158.2110773558028,159.26312255859375,23531787.0
2026-03-24,163.51067140727338,165.19198136391543,159.5777629669438,164.32675170898438,16357599.0
2026-03-25,167.02078503579543,170.01963073373483,166.94212506634153,168.08267211914062,13077297.0
2026-03-27,167.14861044813068,167.14861044813068,160.11854253924847,160.35450744628906,21631702.0
2026-03-30,156.6280821811405,158.1324184645673,150.98435314862198,151.5447998046875,51508097.0
2026-04-01,151.5644515146789,160.1283661598066,145.51761084879328,146.60899353027344,89347607.0
2026-04-02,144.92767644746775,146.6384970958539,140.729307303421,145.9502410888672,33940797.0
2026-04-06,146.50084721615832,148.97858386651984,142.71541663929645,148.37881469726562,23012980.0
2026-04-07,147.48406572464535,150.8761962357412,143.6888084998836,150.3649139404297,20832098.0
2026-04-08,162.33079983594698,170.2556078431736,160.2070257041705,169.58700561523438,102302775.0
2026-04-09,169.90165522700374,171.8189451769045,166.17521591141045,167.52224731445312,34385107.0
2026-04-10,169.99997012753616,175.3880657716118,169.242896015659,175.0341033935547,39293953.0
2026-04-13,169.1150657796952,171.08152003294748,167.54189637595127,169.17405700683594,21624635.0
2026-04-15,173.99188438277048,176.08614802618695,172.0647525529212,172.5366973876953,21564266.0
2026-04-16,174.81779207424876,174.90627891797638,171.81894623523712,173.76573181152344,15255848.0
2026-04-17,174.49331779557156,174.49331779557156,170.26543818847563,171.8484344482422,21780071.0
2026-04-20,172.37938697272287,174.46382367942533,169.89180854072384,173.00865173339844,11967504.0
2026-04-21,173.04798168150455,175.8796807281158,173.02831293733198,173.6477508544922,11828616.0
2026-04-22,173.53958277524265,178.34756268374565,172.65468438829555,175.96815490722656,19948964.0
2026-04-23,174.03120320775275,174.80794604454223,166.41119289780875,167.76805114746094,33563795.0
2026-04-24,167.8270355178679,169.31170303269516,165.54594145240247,167.05027770996094,13081619.0
2026-04-27,167.81720091616077,168.61362750130607,164.93635259969474,166.46035766601562,15010298.0
2026-04-28,166.4210260173023,169.12490074494266,164.20876487650563,164.71022033691406,17796360.0
2026-04-29,165.52629107746043,166.4210163513787,162.3406298187119,162.95022583007812,16722649.0
2026-04-30,161.95716892641553,161.95716892641553,157.57196946419052,159.37127685546875,22015141.0
2026-05-01,159.37127685546875,159.37127685546875,159.37127685546875,159.37127685546875,0.0
2026-05-04,159.56791968504206,161.29840898533422,156.4314378339724,158.07342529296875,19498224.0
2026-05-05,157.3163422630655,158.94850291473014,155.92998839618693,157.56214904785156,12578926.0
2026-05-06,160.7576396472437,166.27354458020832,157.8079581858264,164.9855194091797,22189983.0
2026-05-07,166.15555738982587,169.90165033866376,163.61882960492142,167.91552734375,28275087.0
2026-05-08,167.14860703926462,167.14860703926462,164.46440125643343,165.7425994873047,15023366.0
2026-05-11,163.5893365572285,163.5893365572285,158.29956973654689,158.81085205078125,15637259.0
2026-05-12,158.10293207171063,158.76169247583098,152.49854019849144,153.3342742919922,15383319.0
2026-05-13,153.3342608821528,154.72061467247974,150.19776408101706,150.64022827148438,25946243.0
2026-05-14,151.50545970535688,152.7738310614938,147.3759089004546,151.7512664794922,43395207.0
2026-05-15,152.00691423755956,154.71078873723712,149.56850025034038,150.5615692138672,23889114.0
2026-05-18,149.45052589516663,149.45052589516663,146.26486454742587,148.60494995117188,18556084.0
2026-05-19,148.08383803625873,150.59107020794838,146.52051050671713,148.84092712402344,22007430.0
2026-05-20,147.48407293742864,151.9085951255515,146.30420335450034,151.0335235595703,24202471.0
2026-05-21,153.38342538686038,155.82182435887782,151.17116444378067,151.888916015625,23665678.0
2026-05-22,152.40020037708624,156.0774751291482,151.46613763341054,155.55636596679688,18694921.0
2026-05-25,157.4146715497486,163.01906326265066,157.4146715497486,161.32791137695312,30680951.0
2026-05-26,161.52454959930878,161.5442183424505,157.05086321586768,157.84727478027344,24236258.0
2026-05-27,158.1422552634384,161.34758545651871,156.7755700899818,160.87562561035156,21717793.0
2026-05-28,160.87562561035156,160.87562561035156,160.87562561035156,160.87562561035156,0.0
2026-05-29,162.88140699303673,162.92072947626494,152.2625511816641,152.83282470703125,87249539.0
2026-06-01,154.39615806330727,154.95660473981152,146.913798856586,147.26776123046875,34095725.0
2026-06-02,143.05954382722362,147.6217169958951,143.05954382722362,146.5500030517578,43162735.0
2026-06-03,147.19000244140625,147.8000030517578,142.1999969482422,145.83999633789062,50124149.0
2026-06-04,145.83999633789062,147.22000122070312,144.10000610351562,144.44000244140625,23281041.0
2026-06-05,146.0,146.52999877929688,143.8000030517578,145.2899932861328,22386114.0
2026-06-08,140.6999969482422,142.42999267578125,140.30999755859375,141.02000427246094,28542451.0
2026-06-09,141.75,144.3800048828125,141.02000427246094,143.8000030517578,24754008.0
2026-06-10,145.10000610351562,145.3000030517578,141.0,141.5399932861328,15750037.0
2026-06-11,140.89999389648438,140.89999389648438,138.02999877929688,138.5800018310547,20433240.0
2026-06-12,143.22000122070312,153.4499969482422,142.6999969482422,152.4499969482422,69272916.0
2026-06-15,159.0,160.8000030517578,157.25,157.6999969482422,55366732.0
2026-06-16,160.0,160.88999938964844,157.25999450683594,158.5,30648520.0
2026-06-17,159.89999389648438,160.25,158.07000732421875,159.57000732421875,24024482.0
2026-06-18,159.30999755859375,159.5,157.3000030517578,158.4499969482422,11460094.0
2026-06-19,157.88999938964844,158.17999267578125,155.52999877929688,156.66000366210938,15870225.0
2026-06-22,156.94000244140625,158.3000030517578,155.5500030517578,157.19000244140625,19817368.0
2026-06-23,157.10000610351562,157.19000244140625,150.3000030517578,151.4600067138672,20941481.0
2026-06-24,151.4600067138672,155.6300048828125,150.8000030517578,154.91000366210938,18034532.0
2026-06-25,156.60000610351562,162.1999969482422,156.50999450683594,160.67999267578125,60935591.0
2026-06-26,160.67999267578125,160.67999267578125,160.67999267578125,160.67999267578125,0.0
2026-06-29,160.0,160.63999938964844,156.60000610351562,157.36000061035156,62382187.0
2026-06-30,159.05999755859375,159.8699951171875,155.75999450683594,157.6999969482422,21647894.0
2026-07-01,157.88999938964844,165.75,157.88999938964844,162.32000732421875,41112595.0
2026-07-02,164.0,165.55999755859375,162.6199951171875,164.72999572753906,27360903.0
2026-07-03,166.0,167.5500030517578,163.7100067138672,164.35000610351562,20821054.0
2026-07-06,164.60000610351562,167.35000610351562,162.64999389648438,166.1199951171875,13906092.0
2026-07-07,166.69000244140625,167.0,163.58999633789062,164.16000366210938,9030277.0
2026-07-08,161.83999633789062,163.85000610351562,155.00999450683594,156.22000122070312,25876039.0
2026-07-09,157.10000610351562,158.85000610351562,155.00999450683594,155.19000244140625,17319661.0
2026-07-10,157.7100067138672,157.89999389648438,155.6999969482422,157.49000549316406,17409676.0
2026-07-13,154.3000030517578,160.3699951171875,153.3000030517578,159.22000122070312,17695602.0
2026-07-14,156.5,156.89999389648438,153.85000610351562,155.19000244140625,24653297.0
2026-07-15,155.99000549316406,157.8699951171875,155.75,156.52000427246094,11779297.0
2026-07-16,156.69000244140625,158.5800018310547,154.4199981689453,154.8699951171875,14437695.0
2026-07-17,155.0,156.0800018310547,154.3000030517578,155.22999572753906,10055243.0
2026-07-20,154.4600067138672,155.5,152.8300018310547,154.8000030517578,9115147.0
2026-07-21,154.0399932861328,155.67999267578125,152.1699981689453,153.94000244140625,12234779.0
2026-07-22,153.94000244140625,154.75,151.77999877929688,152.49000549316406,8774983.0
2026-07-23,152.0,153.55999755859375,150.32000732421875,150.64999389648438,9283302.0
2026-07-24,150.0,151.3800048828125,147.58999633789062,151.07000732421875,12276303.0
2026-07-27,153.50999450683594,155.25999450683594,152.83999633789062,155.05999755859375,9544585.0
2026-07-28,155.39999389648438,158.75,154.0399932861328,157.5,14300744.0
2026-07-29,157.97000122070312,159.49000549316406,156.61000061035156,157.9600067138672,13880649.0
2026-07-30,157.9600067138672,159.5,155.5500030517578,158.08999633789062,14946734.0
2026-07-31,159.89999389648438,166.6999969482422,159.1699981689453,166.17999267578125,47542706.0
2026-08-03,169.27999877929688,175.0,169.1300048828125,174.5500030517578,47817945.0
2026-08-04,175.0,175.16000366210938,172.0800018310547,172.0800018310547,15240052.0
2026-08-05,174.0,178.14999389648438,173.0,177.0,29599387.0
2026-08-06,176.99000549316406,177.85000610351562,175.2899932861328,177.5,15063477.0
2026-08-07,177.0,177.99000549316406,175.5,177.5,11282040.0
2026-08-10,177.5,179.0,173.8000030517578,174.0,14528731.0
2026-08-11,173.61000061035156,176.3300018310547,172.0,174.8300018310547,16455927.0
2026-08-12,174.8300018310547,177.3800048828125,174.42999267578125,176.6999969482422,10612472.0
2026-08-13,177.39999389648438,182.6999969482422,176.22999572753906,176.22999572753906,28284903.0
2026-08-14,177.11000061035156,179.5,169.75,171.63999938964844,39171573.0
2026-08-17,171.99000549316406,179.10000610351562,171.97999572753906,177.10000610351562,38086255.0
2026-08-18,177.0,177.58999633789062,174.5,176.35000610351562,14208948.0
2026-08-19,175.0,176.10000610351562,173.10000610351562,173.10000610351562,10072866.0
2026-08-20,174.6999969482422,175.57000732421875,172.61000061035156,173.8000030517578,5408765.0
2026-08-21,173.16000366210938,173.69000244140625,172.3000030517578,173.0,5801819.0
2026-08-24,173.0,173.66000366210938,171.64999389648438,173.2899932861328,8972453.0
2026-08-25,172.36000061035156,174.69000244140625,171.5800018310547,174.69000244140625,8635802.0
2026-08-26,175.57000732421875,179.5,175.41000366210938,179.0500030517578,17868582.0
2026-08-27,180.6000061035156,181.83999633789065,176.7899932861328,177.39999389648438,14150948.0
2026-08-28,178.0,178.17999267578125,174.80999755859375,175.77000427246094,11814260.0
2026-08-31,175.0,176.60000610351562,173.82000732421875,175.63999938964844,14333497.0
2026-09-01,176.5,176.5,168.52999877929688,170.52999877929688,16860146.0
2026-09-02,169.11000061035156,169.2899932861328,165.02000427246094,167.89999389648438,16412854.0
2026-09-03,168.5,169.35000610351562,166.0500030517578,169.35000610351562,9119654.0
2026-09-04,168.97999572753906,173.2899932861328,168.17999267578125,169.0,13509881.0
2026-09-07,170.0,172.1300048828125,168.39999389648438,170.0,10426646.0
2026-09-08,170.0,170.1699981689453,167.75,169.0,7997004.0
2026-09-09,167.1199951171875,169.27000427246094,166.22000122070312,167.0,7197614.0
2026-09-10,166.5,167.0399932861328,164.7100067138672,166.1199951171875,16214508.0
2026-09-11,163.8000030517578,165.0399932861328,160.0,163.75,19044403.0
2026-09-14,163.75,163.75,163.75,163.75,0.0
2026-09-15,164.5,165.36000061035156,156.64999389648438,156.64999389648438,17917014.0
2026-09-16,157.39999389648438,158.2100067138672,154.75,156.5,10320454.0
2026-09-17,156.88999938964844,159.63999938964844,156.0800018310547,158.6199951171875,8725516.0
2026-09-18,159.10000610351562,163.1199951171875,158.50999450683594,163.0,17546400.0
2026-09-21,163.0,163.19000244140625,160.8699951171875,161.75,7883370.0
2026-09-22,163.0,164.1999969482422,159.8000030517578,160.75,8959874.0
2026-09-23,160.99000549316406,163.1300048828125,160.85000610351562,162.88999938964844,4011012.0
2026-09-24,160.0,160.6,157.0,157.3,8138134.0
