Date,Open,High,Low,Close,Volume
2021-09-23,3185.144111091064,3185.144111091064,3161.3032120559515,3166.691162109375,694716.0
2021-09-24,3175.6076691558355,3342.493958075436,3166.881993463692,3288.708984375,2775975.0
2021-09-27,3301.1062832337643,3309.1167320502745,3259.19379715726,3271.591064453125,902449.0
2021-09-28,3266.107469531451,3270.6849683719065,3194.680234433371,3223.003173828125,961271.0
2021-09-29,3208.985209106638,3224.910884085346,3156.5352279771096,3168.980224609375,973387.0
2021-09-30,3175.5120592909752,3192.486824709568,3070.7075680322914,3094.214599609375,2077896.0
2021-10-01,3097.4099277577016,3102.1303796978746,3023.0263149605644,3030.512451171875,1512332.0
2021-10-04,3054.3049609922627,3080.7206275945086,3030.654745239235,3053.16064453125,921241.0
2021-10-05,3059.7885036727635,3108.85302400578,3043.671917321816,3103.846435546875,909337.0
2021-10-06,3110.760280165285,3127.9257262238307,3052.2546250539044,3063.31689453125,786378.0
2021-10-07,3070.707271478492,3164.16357974088,3070.707271478492,3138.2724609375,1177283.0
2021-10-08,3153.674070004257,3174.65406079352,3112.763181093704,3153.57861328125,882436.0
2021-10-11,3172.174417602552,3189.2923685504097,3144.852841739824,3152.76806640625,460197.0
2021-10-12,3127.925658711352,3180.3756316470603,3127.925658711352,3169.17041015625,564524.0
2021-10-13,3188.004835725351,3203.167553511601,3138.7971298168777,3169.408935546875,770144.0
2021-10-14,3187.05104913913,3197.493315258324,3137.4619843410346,3144.900390625,648597.0
2021-10-18,3101.700687999805,3131.692489748418,3082.151152533549,3091.210693359375,1576121.0
2021-10-19,3109.711347467964,3117.5313484426665,3028.843205912852,3036.138427734375,1042069.0
2021-10-20,3042.098365345465,3070.659712524819,2991.2217995551523,3022.644287109375,1205540.0
2021-10-21,3045.913032262346,3047.2957577384127,2785.0458880226506,2862.81494140625,5103543.0
2021-10-22,2837.0667228229418,2863.7207989151275,2777.1306150627,2844.12353515625,2855592.0
2021-10-25,2813.225945093732,2813.225945093732,2724.776214108158,2782.75732421875,2161537.0
2021-10-26,2782.7572528928363,2883.794928783824,2763.636806751165,2832.10791015625,1988263.0
2021-10-27,2888.7535285558674,2999.1846011332245,2888.7535285558674,2951.1689453125,4609951.0
2021-10-28,2962.626326495678,3005.208802641564,2923.481086603212,2975.32470703125,1791065.0
2021-10-29,2983.6311457464594,3002.4399098700087,2943.817618356856,2959.857666015625,1118903.0
2021-11-01,2986.495649881484,3000.1010089002857,2951.789956619605,2980.576171875,750393.0
2021-11-02,2978.857141688331,2997.7614740144327,2940.66666551284,2962.96044921875,881916.0
2021-11-03,2961.767793070524,3038.912389207391,2954.988888488488,3027.216552734375,879227.0
2021-11-04,3035.188581892459,3045.6909645287647,3002.7266719256945,3016.33203125,263595.0
2021-11-08,3021.821787380124,3037.097979670197,2955.131567175294,2996.043212890625,787824.0
2021-11-09,2997.9526978155072,3012.274127900613,2978.8574577020327,3002.86962890625,668840.0
2021-11-10,2990.314334328993,2994.753884019844,2941.144095434375,2967.6865234375,872975.0
2021-11-11,2950.214522585737,2966.1112163378943,2913.933567291803,2924.913330078125,958143.0
2021-11-12,2949.259881445328,2986.495600246353,2936.6570693934505,2981.626220703125,682344.0
2021-11-15,2984.5857171529847,3036.1428600596582,2984.5857171529847,3025.35400390625,696377.0
2021-11-16,3021.8216719910965,3063.831199184654,2978.95295225251,3009.123291015625,1400107.0
2021-11-17,3026.595463991516,3093.3332328770184,3021.869438829441,3084.119873046875,1616452.0
2021-11-18,3102.8330588911954,3112.52379895315,3068.604751483259,3080.87353515625,1609821.0
2021-11-22,3094.3833564404467,3158.686664444809,3069.6073314460955,3113.71728515625,2146970.0
2021-11-23,3113.717325580531,3139.543682251725,3028.075227591234,3041.44189453125,1482618.0
2021-11-24,3041.919476098866,3063.7356476498285,3007.500259839246,3014.18359375,1056213.0
2021-11-25,3013.7063328567897,3029.7941662215594,2972.174184756276,3002.010498046875,728825.0
2021-11-26,2960.716782513905,3024.065330612033,2951.1691630927057,3000.912353515625,1029110.0
2021-11-29,2989.359967770922,3035.092976562536,2932.9334375809044,3002.058349609375,876651.0
2021-11-30,2975.1810607107423,3044.735555074054,2975.1810607107423,3001.43701171875,2340489.0
2021-12-01,3013.1335503310515,3054.9999607121968,2982.772302711404,2996.1865234375,1741820.0
2021-12-02,3017.048116871862,3049.510026990104,3009.648710889028,3036.71630859375,939320.0
2021-12-03,3040.916807733633,3043.255927889577,2965.4906137584503,2969.7392578125,1216263.0
2021-12-06,2974.083466232732,2974.083466232732,2891.2578672935056,2900.853271484375,1107363.0
2021-12-07,2902.476788776049,2930.1648897216105,2879.992094664808,2893.263427734375,2056459.0
2021-12-08,2894.7430610222623,2981.7219798661936,2893.8838683875865,2967.8779296875,1171484.0
2021-12-09,3009.7918109270854,3039.055407789844,2970.264755062517,3034.902099609375,1287243.0
2021-12-10,3039.9623884444286,3143.076690565031,3034.9021029248247,3134.626953125,2554394.0
2021-12-13,3136.4888189865023,3189.859922901631,3122.978796486145,3131.476318359375,1265832.0
2021-12-14,3125.890487733368,3155.4881068902814,3102.02144002618,3148.327392578125,863179.0
2021-12-15,3129.8530332432915,3164.033560294496,3118.7301489110328,3152.576416015625,811946.0
2021-12-16,3174.5833063801183,3174.5833063801183,3122.6443524405163,3149.377685546875,502930.0
2021-12-17,3126.8452762434995,3144.3174659330407,3081.6849909780613,3096.961181640625,1019403.0
2021-12-20,3081.016581545849,3126.845151708291,3037.097535140176,3092.9033203125,948872.0
2021-12-21,3100.112049002011,3146.895384512051,3093.42871535772,3123.360595703125,712026.0
2021-12-22,3127.5137512072333,3137.0135862280654,3094.3835573329643,3131.71484375,619865.0
2021-12-23,3141.166983854997,3158.257130437494,3102.976503808128,3120.066650390625,1051596.0
2021-12-24,3131.619488171317,3150.7147289528493,3113.479009428861,3136.202392578125,651404.0
2021-12-27,3131.715135610953,3136.1546859647483,3080.253320565315,3124.36328125,640701.0
2021-12-28,3127.752313093952,3222.3215293371404,3124.9358120060624,3215.8291015625,1211648.0
2021-12-29,3219.648645278685,3232.824408625343,3194.8248311545685,3215.113525390625,598421.0
2021-12-30,3211.1030185935533,3236.642899883192,3198.7388983828505,3213.442138671875,691223.0
2021-12-31,3236.6432281944662,3250.9646584077163,3209.336941349392,3229.912109375,570671.0
2022-01-03,3229.9598628207,3285.240489670109,3229.9598628207,3267.577392578125,696276.0
2022-01-04,3278.652338828762,3315.362886975972,3260.5596475852094,3302.807861328125,790886.0
2022-01-05,3313.024110928505,3379.857450342048,3295.886179798127,3367.254638671875,1024506.0
2022-01-06,3333.2171465188594,3377.5182416276302,3295.98142982077,3355.654052734375,1312743.0
2022-01-07,3355.654163811295,3419.9574776300005,3338.3731115011974,3414.515380859375,964364.0
2022-01-10,3418.0477736518574,3427.5953931313315,3367.445390410642,3392.74658203125,657511.0
2022-01-11,3389.97808555568,3402.771803249735,3336.941009287024,3378.6640625,734344.0
2022-01-12,3395.9930829904965,3420.3873002787614,3374.129125022692,3383.48583984375,594543.0
2022-01-13,3398.952548598553,3398.952548598553,3293.9287338946656,3299.89599609375,1153984.0
2022-01-14,3305.3857848674315,3305.3857848674315,3194.6334015500943,3212.200927734375,1558978.0
2022-01-17,3212.2010385814992,3245.235895570112,3170.7644628385824,3225.806396484375,1103159.0
2022-01-18,3226.1886364297675,3242.801402267865,3199.407515264669,3221.08056640625,558543.0
2022-01-19,3217.547990483844,3217.547990483844,3119.923574452101,3132.001220703125,1495218.0
2022-01-20,3133.5288518493744,3212.6785275988063,3076.243132437137,3156.824951171875,3075678.0
2022-01-21,3150.762348079094,3174.5358283641563,3095.099677507156,3126.702392578125,1441694.0
2022-01-24,3120.162221454972,3122.07174545831,2993.178875232967,3012.417236328125,1575665.0
2022-01-25,2959.762063941243,3014.135710722476,2874.5495593584187,3004.7314453125,2699779.0
2022-01-27,2998.048192235994,3000.8169087446904,2932.312736551744,2975.9453125,1834684.0
2022-01-28,2988.4051818382013,3026.595663395239,2962.6266067872007,2970.12158203125,892060.0
2022-01-31,2997.9526032992308,3048.9845842743707,2994.515366948694,3009.6484375,944530.0
2022-02-01,3049.509988511928,3067.029965372574,2999.480550317089,3051.658203125,1008915.0
2022-02-02,3059.821384084164,3097.391129907064,3047.7435046112023,3053.04248046875,667265.0
2022-02-03,3067.5072824405274,3094.9566908130187,3045.881782595437,3058.102783203125,899753.0
2022-02-04,3043.7811481930207,3101.830722356214,3032.3717893163644,3090.230224609375,705765.0
2022-02-07,3087.700692217545,3104.1225540417586,3000.912908856598,3031.083251953125,860393.0
2022-02-08,3035.1884227241644,3077.675332070256,3022.967422405376,3070.848876953125,799206.0
2022-02-09,3083.8811722198097,3111.5692694316904,3076.95914791684,3082.305908203125,472725.0
2022-02-10,3074.333807229352,3101.06714468352,3032.32427694423,3092.235595703125,728666.0
2022-02-11,3083.833678451381,3083.833678451381,3038.530265185918,3070.80126953125,587840.0
2022-02-14,2997.952699728812,3038.72099077786,2978.857459603151,3001.24658203125,681236.0
2022-02-15,2997.9525811106087,3122.071637016462,2991.12612627426,3116.916015625,676844.0
2022-02-16,3131.6196958886867,3136.48907584944,3077.1982560515967,3105.697998046875,624320.0
2022-02-17,3124.9358296325568,3145.8928075964054,3089.991449389945,3118.109375,636735.0
2022-02-18,3089.753192723024,3123.9815063164724,3083.929283928998,3111.04443359375,423801.0
2022-02-21,3088.655063782974,3130.1394259802337,3059.2005629037853,3104.5517578125,547472.0
2022-02-22,2978.8574991568576,3090.3737495906867,2978.8574991568576,3081.16015625,1147209.0
2022-02-23,3090.4688958864394,3147.7546135012853,3083.8811315992048,3090.75537109375,935896.0
2022-02-24,2988.405349400585,3053.1382658886323,2913.456525142455,2930.212646484375,1823450.0
2022-02-25,2964.5361754625364,2999.337205685681,2943.5791950120824,2978.09375,1239456.0
2022-02-28,2950.2144067928257,3046.1679821593884,2878.607260996884,3031.034912109375,1678348.0
2022-03-02,2966.4449882598583,2970.4549413029044,2855.7881860559883,2891.92578125,3014206.0
2022-03-03,2891.974421382704,2912.979187731472,2732.529149553416,2741.981201171875,4406840.0
2022-03-04,2734.247735425999,2734.247735425999,2541.624482679033,2614.28173828125,6979253.0
2022-03-07,2530.0239269111294,2604.543153413641,2481.760890542494,2585.92529296875,3233760.0
2022-03-08,2568.3095318477394,2613.1355567973724,2518.661912644735,2600.198486328125,2611102.0
2022-03-09,2625.5951296706507,2759.2617908175203,2544.4881558296925,2744.892578125,4076068.0
2022-03-10,2864.2859603469296,2902.4764398182224,2760.407809565777,2781.03076171875,3971987.0
2022-03-11,2785.040388286846,2806.9521266903025,2751.957982569486,2799.36181640625,1265493.0
2022-03-14,2816.548042132797,2837.8870671481154,2785.3273697765326,2828.76904296875,1214217.0
2022-03-15,2862.3763503274035,2894.838256902164,2831.8239676688054,2852.01708984375,1857685.0
2022-03-16,2905.340992543197,2912.0243270643286,2874.549915642271,2904.38623046875,1287234.0
2022-03-17,2972.651205478352,3020.198395194686,2937.3250148238794,2994.706298828125,2867519.0
2022-03-21,2976.2798249460466,2976.2798249460466,2893.0246196902367,2907.966552734375,1259015.0
2022-03-22,2887.200374474596,2924.1496183620247,2840.4170350733866,2913.1220703125,1515772.0
2022-03-23,2921.5720930631546,2940.571766050796,2869.060176357771,2880.326416015625,948403.0
2022-03-24,2835.165707836305,2901.473880920463,2817.0730148820467,2888.4892578125,1243917.0
2022-03-25,2888.489098573034,2925.9157196150995,2855.69293303442,2909.11181640625,1083275.0
2022-03-28,2909.1119994339856,2920.23511647758,2860.132662717263,2890.494140625,680332.0
2022-03-29,2930.164608196276,2948.0186111610283,2876.411460423094,2904.958984375,1120936.0
2022-03-30,2938.757276979795,2954.3677280735683,2917.6569446830863,2942.146728515625,849545.0
2022-03-31,2974.0835949498533,2987.688953289512,2927.3958269385544,2940.619140625,1464862.0
2022-04-01,2969.309559801304,2979.811940880987,2947.9705377327523,2973.271728515625,637392.0
2022-04-04,2983.5835475105173,3000.817048704724,2953.556328402183,2976.947998046875,873264.0
2022-04-05,2969.309836353182,3014.18365060032,2940.6669761954345,2998.716552734375,805874.0
2022-04-06,2995.088624827228,3021.821962887529,2972.1743350612564,3011.319580078125,736379.0
2022-04-07,3011.319407902882,3063.78353422729,3003.2039307414443,3012.274169921875,1025244.0
2022-04-08,3024.685921052632,3074.3335434941523,3008.645873336904,3061.20556640625,678898.0
2022-04-11,3039.9617670107627,3076.2427177477,3007.4998637198187,3014.61279296875,672652.0
2022-04-12,3011.987809096154,3019.05318816277,2973.272161136292,2987.1162109375,794265.0
2022-04-13,2976.183949947032,2980.671284562192,2927.395753405237,2941.287353515625,1121350.0
2022-04-18,2917.752834234615,2919.662358340789,2876.698065951863,2884.861328125,1032504.0
2022-04-19,2892.9288452332707,2920.8078488717265,2835.6431255256816,2855.884033203125,749782.0
2022-04-20,2855.979621100264,2949.7372030084334,2845.1907638663643,2943.53125,838182.0
2022-04-21,2950.0237825841978,3030.796510893555,2946.4434249526785,3015.377197265625,1069035.0
2022-04-22,2980.2893419081392,3029.746056126554,2972.412556045336,3021.24853515625,681191.0
2022-04-25,2992.2243693294,3012.369942527314,2955.0842175241983,2988.978271484375,1096774.0
2022-04-26,2988.405016862899,3006.259019385941,2965.2998234156566,2984.251708984375,1703441.0
2022-04-27,2955.942924594216,3020.866735599515,2946.347520613168,3005.9248046875,963536.0
2022-04-28,3045.6907964989346,3120.1622329023567,3026.595556395493,3100.780517578125,2001838.0
2022-04-29,3102.021608843906,3129.7097056910816,3075.5747491642887,3090.75537109375,1088970.0
2022-05-02,3050.464471435547,3066.218043823242,3011.3670156744124,3055.23828125,595522.0
2022-05-04,3034.23352278176,3050.178000967576,2942.0512085021774,2960.57373046875,1120002.0
2022-05-05,2964.2975347514816,2985.4932060713604,2931.1195528422736,2937.373291015625,724601.0
2022-05-06,2883.381383068276,2914.3155801646994,2868.00962086708,2879.801025390625,923941.0
2022-05-09,2865.0974805174387,2901.330649769452,2840.4167909608705,2869.29833984375,998324.0
2022-05-10,2912.978807026592,2996.7591709454987,2898.6573772968645,2946.729736328125,2460016.0
2022-05-11,2950.596538449872,2968.880371517804,2844.236139593452,2915.509033203125,1883969.0
2022-05-12,2904.385775362031,2938.757204656256,2852.828631420693,2902.428466796875,1254245.0
2022-05-13,2935.320301045442,2975.277185365363,2897.989245412497,2925.390869140625,1121729.0
2022-05-16,2950.1187581961904,2950.1187581961904,2850.155231966721,2864.190185546875,733044.0
2022-05-17,2863.2357373119185,2918.32569251166,2817.50272965228,2912.024169921875,1179081.0
2022-05-18,2892.928758915767,2987.259287838924,2889.1097110492115,2959.857666015625,1379763.0
2022-05-19,2864.7635863873547,2932.742599041828,2864.7158016646904,2909.064453125,772390.0
2022-05-20,2940.667130096469,2983.631422581644,2931.119509544207,2969.26220703125,778957.0
2022-05-23,3001.723918488542,3043.7812308604152,2988.452820036629,3030.60546875,813294.0
2022-05-24,3031.1307648695347,3039.6280537264447,2931.119441892896,2947.207275390625,691307.0
2022-05-25,2901.521993129601,2901.521993129601,2698.444143092488,2709.66259765625,3381427.0
2022-05-26,2721.071490401568,2730.6191096661346,2595.5680817880707,2711.6669921875,3212196.0
2022-05-27,2738.257445132629,2739.212207142787,2655.1931502488987,2706.607177734375,1879534.0
2022-05-30,2749.7146954113923,2753.533743599464,2689.5646864492683,2715.34326171875,2525482.0
2022-05-31,2715.342980857544,2747.8048870984567,2683.835836564893,2730.284912109375,2408221.0
2022-06-01,2730.284950882296,2806.9045983184124,2703.9336605937515,2723.45849609375,1770795.0
2022-06-02,2740.3576865793143,2786.950116091759,2719.162018029918,2776.972900390625,1164197.0
2022-06-03,2773.583776711577,2787.380041821589,2726.800435899574,2756.302490234375,1228489.0
2022-06-06,2741.217012809276,2742.076205289736,2680.684967862657,2689.993896484375,1193698.0
2022-06-07,2673.333540289964,2677.152588204664,2607.45496376139,2620.53515625,1403598.0
2022-06-08,2646.504597940146,2649.464453270561,2577.85730588487,2582.822021484375,1743575.0
2022-06-09,2573.507754972157,2590.408496691048,2529.095540917134,2580.03759765625,1857501.0
2022-06-10,2559.1034421687527,2627.282183029534,2546.62001074354,2601.114990234375,1592920.0
2022-06-13,2563.8573328984767,2576.388827493716,2537.4981277123165,2555.02294921875,1674206.0
2022-06-14,2513.0111658627766,2560.4002932783574,2482.2827144651424,2530.679931640625,2296040.0
2022-06-15,2544.699401013021,2576.9643626657903,2522.7094509083427,2555.40625,928842.0
2022-06-16,2587.863663150263,2617.1517179031025,2535.097198278535,2551.853759765625,1280628.0
2022-06-17,2544.795689148406,2551.4214168918406,2458.2758100275164,2477.673095703125,2043251.0
2022-06-20,2496.6863876114894,2567.121845437772,2485.49940584278,2554.974365234375,1595360.0
2022-06-21,2568.658057544152,2602.3153565527696,2535.096878708233,2571.923095703125,1042074.0
2022-06-22,2581.189523292408,2600.346742397705,2521.9893439614225,2560.39990234375,1871760.0
2022-06-23,2568.658357039422,2657.9629165882884,2568.658357039422,2648.600341796875,1612872.0
2022-06-24,2664.7326877152227,2674.143322112884,2617.6797501663773,2651.19287109375,2215583.0
2022-06-27,2669.4378052846023,2715.2904113783948,2655.1299654311165,2708.856689453125,1295734.0
2022-06-28,2669.534038387699,2674.1433526800024,2596.8420972518693,2618.159912109375,1838358.0
2022-06-29,2598.9545919531333,2610.9578923039235,2571.587067153331,2590.600341796875,1066354.0
2022-06-30,2606.9728441053026,2618.591897975024,2573.5075495453207,2588.103515625,1291447.0
2022-07-01,2597.4185120444167,2669.534446441717,2578.309348451802,2662.95654296875,1477191.0
2022-07-04,2664.876420964837,2686.8185461125486,2635.7325505940084,2679.424560546875,653147.0
2022-07-05,2674.3355136792343,2700.550770449874,2650.3289112225084,2656.666748046875,1073043.0
2022-07-06,2718.0752160602665,2754.997318667945,2693.6843706583054,2747.69921875,2085735.0
2022-07-07,2786.1099645244653,2815.4941376357388,2762.487610036082,2776.50732421875,1469087.0
2022-07-08,2765.560414121769,2773.2425263832183,2727.6299848308627,2765.368408203125,1274148.0
2022-07-11,2759.7990431482267,2823.7046663484102,2738.0491549033827,2816.502685546875,1081885.0
2022-07-12,2803.971209092711,2807.092067458996,2770.7459770173955,2778.236083984375,1115524.0
2022-07-13,2831.81847506735,2850.9756945672507,2809.7804636294354,2824.328369140625,2153712.0
2022-07-14,2834.795224511021,2837.435950302668,2796.672559167329,2822.359619140625,882479.0
2022-07-15,2832.730419603,2866.387715885114,2823.6079126345217,2859.809814453125,1668006.0
2022-07-18,2875.7509110020346,2904.798900002055,2869.653140196487,2897.93310546875,823390.0
2022-07-19,2864.8997465738835,2902.878236818097,2859.8103001970267,2899.13330078125,638171.0
2022-07-20,2912.4808975559463,2923.715940183847,2880.792183537039,2886.98583984375,867436.0
2022-07-21,2862.5472999453928,2962.366706874781,2862.5472999453928,2944.265869140625,1184060.0
2022-07-22,2944.2657602755767,2969.8567039780896,2926.8848868240943,2945.513916015625,1268141.0
2022-07-25,2947.530464090896,2993.335011807055,2930.38965724001,2981.57177734375,985844.0
2022-07-26,2972.9776557724786,3024.639911278126,2931.6862994423054,2984.98095703125,2876310.0
2022-07-27,2995.015648421881,3066.123251454533,2972.9776343574176,3059.449462890625,1976407.0
2022-07-28,3070.9243698218784,3149.666020330132,3055.560145332463,3142.367919921875,1332572.0
2022-07-29,3154.850931691748,3221.061315324738,3144.8642808809054,3201.27978515625,1836550.0
2022-08-01,3207.329893120167,3221.6857933591664,3182.7951004736087,3192.44580078125,1076122.0
2022-08-02,3198.639334595198,3269.458803501351,3193.4540028510696,3261.200439453125,1650536.0
2022-08-03,3268.73884813234,3310.990466615837,3237.290200283828,3302.97216796875,1169005.0
2022-08-04,3317.7122002160545,3338.789948637784,3275.3644630163844,3322.99365234375,981434.0
2022-08-05,3336.917468181741,3353.1938964264195,3314.3993238095286,3335.861083984375,792478.0
2022-08-08,3327.3149228801653,3338.790031354009,3299.995457630702,3321.025146484375,724644.0
2022-08-10,3304.268560133813,3312.7669906597243,3261.0566783535105,3276.084716796875,1089295.0
2022-08-11,3312.9107424816093,3339.750073927737,3255.294903481929,3269.890869140625,1410533.0
2022-08-12,3263.937644626528,3298.3151459650344,3248.57341917374,3291.641357421875,548472.0
2022-08-16,3332.1158512467423,3369.998216558188,3318.0000183037,3361.884033203125,911189.0
2022-08-17,3378.161098522905,3404.760367636623,3365.341713243577,3383.6826171875,817912.0
2022-08-18,3384.9308021369548,3401.927429064047,3375.856353682949,3394.86962890625,599877.0
2022-08-19,3380.129320815099,3397.89420502961,3326.354536165768,3344.16748046875,581829.0
2022-08-22,3324.530039712452,3347.048183296304,3200.751871253156,3216.644287109375,2336567.0
2022-08-23,3200.5603291206967,3249.485739409128,3185.0521572753382,3223.22265625,831446.0
2022-08-24,3206.898013784576,3250.4939092195896,3170.791990618341,3244.58837890625,1182154.0
2022-08-25,3240.8909952950744,3269.8428610772626,3218.0366652403623,3228.8876953125,615392.0
2022-08-26,3245.068127761169,3250.013393411028,3174.296485904873,3191.4853515625,1384783.0
2022-08-29,3117.977415869429,3215.300272533534,3108.0866491221404,3210.40283203125,1031166.0
2022-08-30,3198.639449599532,3274.2602411504067,3198.639449599532,3256.83154296875,1426459.0
2022-09-01,3183.27559530948,3336.3416040653087,3183.27559530948,3309.598388671875,1417762.0
2022-09-02,3350.3611194897585,3350.3611194897585,3288.904223058877,3294.7138671875,740821.0
2022-09-05,3288.9527125173986,3312.911255725254,3270.22756194156,3288.712646484375,518438.0
2022-09-06,3284.102960362823,3298.0748487926094,3249.533455516899,3260.33642578125,540937.0
2022-09-07,3257.2155882960697,3298.506941567512,3251.4059440292885,3265.23388671875,682921.0
2022-09-08,3312.9112299383505,3346.184288080633,3291.2091669461493,3313.05517578125,1143090.0
2022-09-09,3345.271624224618,3345.271624224618,3297.0183585951427,3305.084716796875,702805.0
2022-09-12,3305.0845588434004,3316.4154858633137,3286.983489671682,3295.81787109375,641280.0
2022-09-13,3295.626210724424,3321.5533400045983,3278.965535726007,3286.215576171875,776044.0
2022-09-14,3245.692769221846,3311.4708623258985,3245.692769221846,3302.30029296875,816678.0
2022-09-15,3303.3083392497806,3321.313290226796,3254.430992773295,3260.48046875,590182.0
2022-09-16,3276.804975513916,3284.1030761255374,3178.0419578794936,3190.525390625,1598265.0
2022-09-19,3188.7008983535497,3209.298750904808,3102.901441454483,3184.475830078125,1013563.0
2022-09-20,3203.0566114391,3274.500157462503,3201.5200953020485,3258.36767578125,708184.0
2022-09-21,3269.698720703289,3288.807879362754,3214.9636760395338,3222.69384765625,605378.0
2022-09-22,3222.694221028939,3303.308341367142,3183.89941263525,3299.46728515625,829396.0
2022-09-23,3298.506920715292,3301.3396526967185,3248.28506539846,3260.33642578125,513370.0
2022-09-26,3236.089776969637,3330.195651789525,3220.725552509247,3301.435791015625,1429914.0
2022-09-27,3317.568250378072,3360.924077198145,3294.713919765233,3332.740234375,1455383.0
2022-09-28,3313.871106272643,3440.529835712555,3284.102921892912,3428.7666015625,1843428.0
2022-09-29,3421.8525771405307,3421.8525771405307,3238.3940998493445,3250.301513671875,2624894.0
2022-09-30,3266.818043960579,3276.3245635402413,3154.707224844648,3209.63427734375,2159720.0
2022-10-03,3214.9640078653656,3219.2851960479807,3155.187571339195,3171.656005859375,934543.0
2022-10-04,3197.6795350652574,3234.5057580211565,3180.4428409157904,3205.12158203125,994382.0
2022-10-06,3205.121268796416,3232.968925689561,3180.1063439062327,3196.6708984375,922770.0
2022-10-07,3186.155978678127,3226.103055188391,3156.627860430884,3210.834716796875,774544.0
2022-10-10,3149.6660979647463,3167.91111499564,3130.6528228025536,3147.697509765625,734377.0
2022-10-11,3159.748684840108,3226.4870326888813,3143.904328876011,3167.622802734375,1411316.0
2022-10-12,3202.48060505567,3206.801793278384,3078.6065426712075,3119.129638671875,1812549.0
2022-10-13,3101.7492154553584,3128.7324964563845,3066.987466897984,3081.487548828125,779890.0
2022-10-14,3106.454213228766,3117.017117817797,3053.639690283609,3058.921142578125,845765.0
2022-10-17,3058.9209949402057,3090.1295751742523,3044.1330230050853,3070.540283203125,1067773.0
2022-10-18,3090.129558417938,3120.858006481758,3084.3679744059714,3097.667724609375,1015424.0
2022-10-19,3113.175856481256,3116.7287863573947,3069.339899100846,3085.088134765625,943543.0
2022-10-20,3070.9241841859925,3113.031853157692,2978.5468369154414,3016.093017578125,2284352.0
2022-10-21,3015.229171189764,3038.995706854396,2950.555292484157,2969.5205078125,1738731.0
2022-10-24,3024.831980033596,3033.474357119406,2992.1829999316456,2997.6083984375,178709.0
2022-10-25,3009.467664206715,3010.4279282986763,2957.5172830558186,2962.318603515625,1016316.0
2022-10-27,2998.9044278219485,2998.9044278219485,2912.480669095091,2922.515380859375,2005709.0
2022-10-28,2937.159269994884,2949.54681549975,2919.202381182733,2932.06982421875,715736.0
2022-10-31,2963.8046900108484,2993.615833875331,2943.658173612827,2988.51904296875,814364.0
2022-11-01,2991.211746136398,3043.044577194501,2991.211746136398,3038.236328125,939335.0
2022-11-02,3036.889677806705,3038.7648477199714,3002.366548338053,3011.79052734375,787012.0
2022-11-03,2985.9226316793693,3027.994810467122,2985.9226316793693,3020.83056640625,563798.0
2022-11-04,3027.273369805868,3062.854410048186,3006.020816722998,3059.344482421875,609757.0
2022-11-07,3063.816300338393,3075.3560980797806,2978.6621625495136,2984.5283203125,1669943.0
2022-11-09,3025.3502426456444,3025.3502426456444,2961.8813564362954,2968.132080078125,1391333.0
2022-11-10,2967.651657260433,2967.651657260433,2917.1650363899944,2928.3681640625,1375007.0
2022-11-11,2972.171140126929,2979.1912309773024,2931.1087385470687,2938.224853515625,810288.0
2022-11-14,2938.801797262686,2959.9099634779127,2924.4251796668427,2936.109130859375,811702.0
2022-11-15,2950.822387242243,2976.306106734477,2925.3386677500093,2961.208251953125,873840.0
2022-11-16,2961.2077786994832,2974.382331790988,2933.993046975204,2964.81396484375,770953.0
2022-11-17,2973.42127355306,2977.7968272339303,2942.648479001411,2953.8037109375,706271.0
2022-11-18,2976.30628445021,2995.395127875492,2938.5615278541936,2976.787109375,1258576.0
2022-11-21,2985.922682835123,2991.0676032689976,2948.610622966843,2976.5947265625,612194.0
2022-11-22,2984.961048093464,2999.866620337488,2954.476795685438,2984.81689453125,764079.0
2022-11-23,2991.6923252622632,2995.3466412104226,2971.497680829442,2981.883544921875,488341.0
2022-11-24,2998.3756704019734,3000.587511693523,2973.42090734921,2995.827392578125,571872.0
2022-11-25,2995.827596927741,3000.1550209237853,2957.313476407397,2988.95166015625,898769.0
2022-11-28,2988.9517588599697,3037.851745541191,2977.940915506427,3030.350830078125,914689.0
2022-11-29,3035.928233224945,3047.46803012032,3007.222894536592,3014.820068359375,877720.0
2022-11-30,3019.483926720608,3077.2310406015204,3013.137179299053,3053.382080078125,2547283.0
2022-12-01,3068.624512981952,3074.3944117841743,3040.0154314209326,3057.42138671875,761717.0
2022-12-02,3051.458900684157,3052.5649387960807,3013.8104057676355,3022.89794921875,932259.0
2022-12-05,3009.96374663571,3047.179545365396,2993.1348758478102,3035.83203125,926122.0
2022-12-06,3005.15574013096,3047.4683329520044,3005.15574013096,3040.4482421875,958365.0
2022-12-07,3058.0464663964435,3110.648665262233,3054.5844330894065,3102.76318359375,1832282.0
2022-12-08,3106.128646336481,3116.61053454459,3079.827432153764,3097.906494140625,851312.0
2022-12-09,3110.937128690736,3118.00534869022,3083.0492842604326,3103.19580078125,847879.0
2022-12-12,3103.243639205297,3106.128588358571,3021.4071543129794,3044.919677734375,1323816.0
2022-12-13,3062.8547278406186,3062.8547278406186,3022.1287633725,3056.60400390625,886601.0
2022-12-14,3057.0848200396545,3072.4712173723487,3005.155729041812,3025.30224609375,1103870.0
2022-12-15,3021.5034846148365,3039.9671126766616,2997.173699224924,3010.540771484375,799124.0
2022-12-16,2995.538915340986,2997.4622148050894,2933.3202246327955,2938.705322265625,1192821.0
2022-12-19,2944.571705012793,2969.5745999606484,2924.377059093372,2962.794921875,655594.0
2022-12-20,2957.121158001185,2970.199453943749,2902.258991930444,2963.94873046875,739257.0
2022-12-21,2966.68988639883,2993.087128707985,2933.0802699736323,2951.928466796875,616324.0
2022-12-22,2956.1114641789413,2974.863635145594,2921.540201070336,2970.103515625,663202.0
2022-12-23,2960.8716820238287,2968.4688565087613,2919.5688689915128,2940.62890625,1230858.0
2022-12-26,2940.629009028178,2954.092107050073,2912.645139006492,2938.85009765625,536884.0
2022-12-27,2942.6483287984115,3009.0021636634738,2939.090271565551,2993.231201171875,729041.0
2022-12-28,2990.682589391208,3023.234527299916,2985.922470090096,3003.9052734375,972274.0
2022-12-29,2982.076098536841,3005.1556942688258,2973.950204495096,2995.683349609375,596265.0
2022-12-30,3010.685058603556,3010.685058603556,2953.515025950717,2969.478271484375,836220.0
2023-01-02,2969.478422939694,2969.478422939694,2905.1441430766213,2930.387451171875,1015990.0
2023-01-03,2930.1469002988783,2942.600218082039,2908.990604989861,2912.115966796875,860367.0
2023-01-04,2918.6071704354563,2933.0319175710515,2886.440031278636,2901.1533203125,836382.0
2023-01-05,2922.982593166624,2929.762270972399,2880.525615131556,2889.132568359375,1113920.0
2023-01-06,2894.565962644778,2907.548235234713,2838.790272999131,2864.177734375,1045526.0
2023-01-09,2878.506512291049,2901.922545022382,2837.8286771138987,2869.707275390625,808263.0
2023-01-10,2869.7071456888607,2870.52464192682,2838.982481652939,2846.820068359375,864325.0
2023-01-11,2860.812175243381,2860.812175243381,2822.442438390691,2827.63525390625,890426.0
2023-01-12,2826.288632421477,2827.106128625052,2784.937692920244,2804.12255859375,1558620.0
2023-01-13,2812.8257397398665,2812.8257397398665,2761.6178865292177,2797.58349609375,1507864.0
2023-01-16,2812.825713042068,2817.249396108736,2784.9378683657537,2804.218994140625,644073.0
2023-01-17,2812.825828001932,2831.9146715492348,2799.506883588992,2828.115966796875,716489.0
2023-01-18,2834.8957241334147,2846.4836521729903,2817.0091771857665,2832.29931640625,893808.0
2023-01-19,2841.5790915144644,2859.5621318080084,2734.5476493871734,2756.232666015625,2379947.0
2023-01-20,2738.778474745528,2738.778474745528,2674.347941807343,2680.88720703125,3171005.0
2023-01-23,2692.6192275092203,2692.6192275092203,2661.702282790176,2677.66552734375,1402260.0
2023-01-24,2687.811157676132,2718.6802097845257,2677.66570545636,2702.81298828125,1061471.0
2023-01-25,2703.101010704256,2703.1972695840373,2660.9809422447875,2668.577880859375,857953.0
2023-01-27,2660.500538083602,2666.510849576437,2582.8473135961704,2618.23583984375,1801498.0
2023-01-30,2619.5336658030574,2669.539447969636,2592.847887819931,2660.115234375,1171912.0
2023-01-31,2654.152985172881,2673.3378483818974,2613.811830053066,2621.312744140625,1961805.0
2023-02-01,2644.3446395132155,2671.46311663582,2601.070398962959,2638.526611328125,1176872.0
2023-02-02,2635.882109756223,2635.882109756223,2590.684569019797,2601.8876953125,1308570.0
2023-02-03,2601.887757960862,2657.903860328701,2596.454530354754,2654.5380859375,1278409.0
2023-02-06,2654.53762037345,2658.961302708585,2613.763768810826,2648.575439453125,1120284.0
2023-02-07,2656.0770346180343,2668.097658416993,2642.758089537664,2652.278564453125,732250.0
2023-02-08,2661.84643964838,2677.232835253284,2639.0553881141686,2659.53857421875,811956.0
2023-02-09,2675.261177970075,2712.1886651359528,2660.067066651822,2706.6591796875,946372.0
2023-02-10,2721.469024713688,2722.382545098581,2685.8879809276787,2697.043212890625,700072.0
2023-02-13,2706.5633033479744,2720.5072251452902,2673.3863859681537,2683.72412109375,467228.0
2023-02-14,2697.1872464964017,2697.1872464964017,2658.961667372333,2670.50146484375,524746.0
2023-02-15,2670.501535216661,2690.984723223754,2648.3835894802605,2679.300537109375,817717.0
2023-02-16,2689.734346160864,2725.6520581731907,2683.099056808293,2698.341064453125,788964.0
2023-02-17,2695.4562016045093,2736.711117998113,2678.675459913328,2724.930908203125,840526.0
2023-02-20,2735.893739318767,2742.625288062258,2704.2555541354754,2717.189697265625,646218.0
2023-02-21,2728.200211771684,2729.834969313845,2697.4274212264977,2709.0634765625,631934.0
2023-02-22,2702.187460701268,2706.0340594060945,2673.3860998544296,2688.724365234375,580270.0
2023-02-23,2697.42747757018,2697.9564318742764,2596.550515368234,2602.176025390625,1790570.0
2023-02-24,2608.0903242653862,2656.0765518375138,2606.0707659231216,2633.477783203125,1429040.0
2023-02-27,2635.304757490625,2652.8548646056743,2620.5435753865404,2644.4404296875,561317.0
2023-02-28,2644.5371292159634,2730.123967216044,2622.8518778008324,2720.315185546875,1815923.0
2023-03-01,2719.545495717463,2743.875281372328,2708.0538281490344,2731.95068359375,816598.0
2023-03-02,2722.4307917000283,2739.740489421893,2703.197794231289,2725.219482421875,604523.0
2023-03-03,2728.248763091012,2742.625381441395,2702.8610660987893,2720.36328125,679295.0
2023-03-06,2733.9704908218964,2773.3981341999115,2721.709455381172,2754.694091796875,1050267.0
2023-03-08,2759.934935677179,2759.934935677179,2718.5839941321897,2749.8857421875,580250.0
2023-03-09,2752.241616181735,2762.29080922936,2728.0562186019392,2744.11572265625,774224.0
2023-03-10,2734.931946597537,2734.931946597537,2699.350905098202,2721.6611328125,489978.0
2023-03-13,2715.2184241819355,2740.173191502104,2665.8857386003674,2677.425537109375,813217.0
2023-03-14,2676.2228941216954,2680.0694927901263,2634.9682173138776,2640.305419921875,1060450.0
2023-03-15,2665.8857241028,2756.425200279034,2659.154175009153,2718.96875,2170346.0
2023-03-16,2740.7016196102995,2788.784104164866,2720.218434234503,2782.29296875,1755487.0
2023-03-17,2811.815878767833,2811.815878767833,2745.558301623579,2752.86669921875,1848073.0
2023-03-20,2803.209379826441,2803.209379826441,2722.478919942746,2745.654541015625,1074367.0
2023-03-21,2748.539456877369,2776.283149284106,2726.2773565017114,2730.22021484375,691891.0
2023-03-22,2716.660569276582,2743.7309160823347,2706.899918133476,2730.941162109375,731807.0
2023-03-23,2709.06354885779,2714.737188354864,2661.606040761309,2690.503662109375,1016581.0
2023-03-24,2690.5038940395143,2707.669202336632,2666.5107781582906,2691.177001953125,784111.0
2023-03-27,2691.176924563921,2711.8523949509586,2679.637127138598,2696.2255859375,791560.0
2023-03-28,2683.9643799922264,2702.8128084958967,2658.961487165355,2677.66552734375,558581.0
2023-03-29,2677.665454612659,2686.608843759517,2649.3449179624054,2664.25048828125,1087648.0
2023-03-31,2650.3548923954786,2668.578108559637,2642.1327399162533,2655.739990234375,1967803.0
2023-04-03,2641.603841720187,2674.973042452812,2604.772607835025,2670.50146484375,1035295.0
2023-04-05,2654.153441839505,2703.7265358699988,2646.700655906804,2700.79345703125,668643.0
2023-04-06,2699.784184341874,2716.6611884148483,2679.926206203176,2702.09228515625,627554.0
2023-04-10,2702.23613318056,2702.23613318056,2649.441649258365,2669.876708984375,1215461.0
2023-04-11,2683.0028365455582,2683.0028365455582,2644.584975501115,2648.191162109375,1246379.0
2023-04-12,2649.8737747478863,2698.5812362477504,2645.4982218274818,2679.877197265625,2235399.0
2023-04-13,2679.8290456919835,2705.409020417101,2675.30933927062,2701.9951171875,602597.0
2023-04-17,2716.6606950352148,2736.4707748995056,2698.389348767721,2734.066650390625,754555.0
2023-04-18,2738.7787495546268,2748.827943446275,2721.565311296844,2745.125732421875,717724.0
2023-04-19,2727.5758653366884,2743.298700782094,2693.244775108213,2701.94775390625,799624.0
2023-04-20,2711.8524004563715,2741.6635438656435,2705.265005501597,2734.787841796875,761101.0
2023-04-21,2737.913301163721,2776.283035136901,2737.913301163721,2771.571044921875,894930.0
2023-04-24,2771.5707384994184,2786.860875062257,2742.6249881565072,2780.2255859375,782967.0
2023-04-25,2780.177908472393,2790.467515143795,2754.309386057554,2786.861328125,636120.0
2023-04-26,2785.851302236011,2804.603473074043,2777.2927130466883,2798.40087890625,569221.0
2023-04-27,2803.6900296720164,2808.0174538303168,2782.870405132642,2788.736328125,599461.0
2023-04-28,2807.9693294657254,2807.9693294657254,2737.432456424454,2791.04443359375,1080665.0
2023-05-02,2799.314030571296,2821.191560334341,2782.0524661313884,2788.351318359375,663800.0
2023-05-03,2806.0944460986043,2848.791608324141,2785.899797925859,2817.345703125,1237193.0
2023-05-04,2834.94368506683,2871.630531991976,2810.084943170986,2868.457275390625,1008540.0
2023-05-05,2857.061427547088,2908.990514416002,2837.8765618538496,2897.402587890625,1326561.0
2023-05-08,2899.373782056066,2919.2798834549303,2878.217489119007,2903.653076171875,941879.0
2023-05-09,2900.383861573922,2956.8807860641755,2895.2870707920115,2918.414794921875,1025850.0
2023-05-10,2926.252322952098,2939.763550110158,2903.124597429268,2924.76171875,751851.0
2023-05-11,2935.003206480099,3035.110805954027,2915.241256892468,3019.33984375,3229605.0
2023-05-12,3018.6189126444274,3057.8061444667464,2967.651470028896,3011.02197265625,1998170.0
2023-05-15,3014.003033971288,3046.5068471623563,3001.357431846998,3011.887451171875,810281.0
2023-05-16,3011.8872601091457,3044.294812344417,3002.6074331837185,3017.75341796875,822404.0
2023-05-17,3015.733406280654,3027.225073038449,2957.6017298912857,2973.853515625,835371.0
2023-05-18,2986.547388724681,3005.1554049029464,2974.6230259891327,2989.817138671875,498067.0
2023-05-19,3004.1939406392653,3007.9924103500107,2950.389681903795,2966.16064453125,633262.0
2023-05-22,2952.2650171141404,2986.4998454256697,2929.185420889144,2966.593505859375,659425.0
2023-05-23,2968.612790758989,3007.99230123187,2966.6894912508847,3000.92431640625,581204.0
2023-05-24,2995.539157196493,3012.9930073313226,2979.1911104316964,2982.556884765625,439465.0
2023-05-25,2982.5570481882182,3009.002419403816,2967.651475321245,3003.761474609375,500313.0
2023-05-26,3003.232233977315,3016.6472013233874,2992.413674056648,3008.425048828125,568249.0
2023-05-29,3026.504538303399,3034.0054545284765,2996.549237631777,3017.080322265625,535712.0
2023-05-30,3026.215159257086,3034.004615254892,3007.607379583262,3023.81103515625,506026.0
2023-05-31,3031.0718721047106,3095.8872058978664,3016.1663010311104,3070.49951171875,2349066.0
2023-06-01,3111.273527735073,3125.2653433938262,3084.0106641548714,3116.418212890625,1104861.0
2023-06-02,3115.168283246992,3125.3137356415245,3095.550721143404,3113.100830078125,781973.0
2023-06-05,3115.697586156491,3115.697586156491,3072.471469557558,3077.039306640625,492565.0
2023-06-06,3084.7320343770366,3114.6873306524576,3072.470999870511,3089.540283203125,577698.0
2023-06-07,3093.627015240846,3105.407223800591,3083.2892811986208,3101.1279296875,470038.0
2023-06-08,3096.5126009927817,3122.4771476470687,3070.5480543384942,3089.059814453125,561161.0
2023-06-09,3107.258684786185,3135.428904484276,3067.326471315684,3078.943115234375,1239045.0
2023-06-12,3083.44449333548,3100.046755531825,3050.4822187008026,3092.689453125,1029156.0
2023-06-13,3107.4522826438792,3167.4716102214247,3102.757127804952,3158.614013671875,1598821.0
2023-06-14,3160.695415939049,3184.799859184139,3149.078771225031,3165.729248046875,741615.0
2023-06-15,3171.3437868367496,3198.449289288346,3168.778539176928,3189.107666015625,806994.0
2023-06-16,3186.5906743156725,3215.8742978891664,3181.5568424902926,3210.888916015625,984671.0
2023-06-19,3212.8253631358207,3238.0914248384406,3197.72362972135,3203.967529296875,516915.0
2023-06-20,3209.097936166793,3220.569466764696,3172.408796380292,3212.6796875,866290.0
2023-06-21,3212.679883844356,3226.523099526414,3194.5773262637763,3210.1630859375,742456.0
2023-06-22,3218.778550126191,3220.5695440063646,3138.865669981879,3144.286865234375,871640.0
2023-06-23,3160.6952777441134,3198.594484930035,3149.127083490448,3192.3505859375,1260659.0
2023-06-26,3189.736985082562,3209.4369726832247,3166.8908229139124,3202.466796875,592801.0
2023-06-27,3170.375843701848,3237.655575346818,3168.7786496453305,3219.74658203125,914141.0
2023-06-28,3224.586961895323,3248.0622647551136,3217.326558948996,3241.285888671875,713110.0
2023-06-30,3245.884086196769,3339.3981690203527,3236.9295893887406,3254.64501953125,1436363.0
2023-07-03,3257.5008855340484,3271.9732419028664,3230.588943877137,3251.402099609375,474224.0
2023-07-04,3251.402008976788,3278.797976747532,3224.5869679793414,3240.75341796875,473663.0
2023-07-05,3244.287135345697,3291.3828572817706,3234.025670724728,3266.6005859375,632406.0
2023-07-06,3301.0629769931534,3301.0629769931534,3260.2111598540346,3290.801513671875,693995.0
2023-07-07,3276.861768520922,3304.935325769698,3230.540304523948,3236.881103515625,620761.0
2023-07-10,3238.1398709698337,3264.3257728000376,3188.720678585586,3236.348876953125,548838.0
2023-07-11,3242.931712875129,3291.3344018726275,3238.139893932628,3284.1708984375,772158.0
2023-07-12,3299.1270593307404,3305.322508567636,3254.8386018881406,3297.9169921875,1025127.0
2023-07-13,3315.583731386482,3315.583731386482,3276.232445286223,3289.978759765625,750126.0
2023-07-14,3289.978901177229,3329.1366254999907,3278.79783383788,3320.18212890625,832843.0
2023-07-17,3320.1822751036807,3362.050598858541,3315.5840198936094,3349.85302734375,817694.0
2023-07-18,3349.4660689728107,3410.4534569338766,3345.206726889809,3401.20849609375,962485.0
2023-07-19,3407.549054925373,3417.229592013229,3371.2470408459126,3402.369873046875,620289.0
2023-07-20,3397.917255322178,3422.070150131944,3383.299548546073,3413.357666015625,589848.0
2023-07-21,3422.989244676739,3424.92535197008,3393.028031580528,3405.322265625,857975.0
2023-07-24,3393.9963651382586,3454.015696181776,3386.735962189446,3430.491943359375,680246.0
2023-07-25,3434.557953840447,3434.557953840447,3242.9802029546445,3291.77001953125,2555630.0
2023-07-26,3291.2374534662067,3303.9672650343723,3257.500687618125,3265.2451171875,959076.0
2023-07-27,3281.702255956824,3304.935546264483,3243.9481592068782,3261.76025390625,874078.0
2023-07-28,3267.1814858355306,3290.414776401472,3257.016921212932,3282.3798828125,553750.0
2023-07-31,3217.0360485174847,3279.7659763246456,3216.9875985636363,3269.456298828125,933890.0
2023-08-01,3264.2770362038286,3276.861734148861,3231.3632108091283,3236.155029296875,698667.0
2023-08-02,3234.4610548979526,3264.228706906695,3224.248040842965,3255.4677734375,857218.0
2023-08-03,3262.341026322125,3271.9731135381217,3211.9537830835307,3229.76611328125,711067.0
2023-08-04,3231.5083686667062,3265.53559807434,3216.842449627559,3232.96044921875,519248.0
2023-08-07,3210.1143704027854,3242.979744726621,3210.065920451784,3236.203369140625,360358.0
2023-08-08,3236.203566631201,3252.6120298189503,3226.184116152548,3241.09228515625,500258.0
2023-08-09,3226.087933092531,3249.708352701079,3197.481894308438,3224.58740234375,643222.0
2023-08-10,3204.2577028446804,3213.938239711281,3126.8134079118786,3134.4609375,1253219.0
2023-08-11,3134.461371231536,3145.1584132175803,3078.411149554456,3083.59033203125,919023.0
2023-08-14,3083.590377986158,3107.355910563414,3051.547701509775,3100.289306640625,815534.0
2023-08-16,3092.835155140759,3106.339695440105,3075.410185816464,3092.012451171875,597686.0
2023-08-17,3120.908172422088,3121.005072326828,3060.9857440128503,3081.556884765625,873392.0
2023-08-18,3073.473840825406,3083.735305393984,3054.2096652073515,3062.486572265625,592652.0
2023-08-21,3058.9531481040435,3085.6715278701063,3051.450731055889,3080.6376953125,353330.0
2023-08-22,3096.416718411817,3096.416718411817,3069.698341245746,3078.120361328125,377068.0
2023-08-23,3084.219079842258,3093.899616816025,3064.1319656216906,3067.568603515625,370811.0
2023-08-24,3083.251123329916,3129.620802359354,3069.601471230169,3122.55419921875,1167742.0
2023-08-25,3121.8765425176366,3160.695593656164,3113.4545218946755,3155.177734375,1363431.0
2023-08-28,3160.646979349499,3167.471805416092,3127.830052430126,3155.564697265625,707315.0
2023-08-29,3156.823250714972,3183.928755474254,3151.0633782218733,3180.734130859375,533163.0
2023-08-30,3195.83602689966,3197.336557543681,3171.7313457035075,3189.44677734375,599080.0
2023-08-31,3194.625748003782,3196.513405502563,3117.1329999146737,3152.079833984375,1601967.0
2023-09-01,3137.558890388555,3159.9207886887752,3114.3256019678183,3155.41943359375,650131.0
2023-09-04,3155.4195687124884,3161.9054814060987,3113.35768160122,3132.186279296875,696213.0
2023-09-05,3141.334109617647,3145.0612107248694,3117.132768249252,3120.327392578125,597022.0
2023-09-06,3106.4845920721555,3126.8137215310257,3092.931839099575,3122.263916015625,754106.0
2023-09-07,3122.2640214580165,3149.8051052677097,3098.982279904189,3142.6416015625,923108.0
2023-09-08,3146.707117005511,3158.8077886985216,3128.7496729448344,3134.6064453125,395918.0
2023-09-11,3138.4301298932432,3160.695365237952,3138.4301298932432,3155.274169921875,359345.0
2023-09-12,3155.854938561736,3175.0224483402644,3139.3980263054327,3152.8056640625,554905.0
2023-09-13,3141.3343265554686,3179.717562079966,3122.2637155084185,3173.0380859375,880907.0
2023-09-14,3177.1523270231364,3188.962535205736,3120.2791706512267,3136.736083984375,1102554.0
2023-09-15,3131.654010110988,3136.494279060155,3083.251320619319,3094.529052734375,1568607.0
2023-09-18,3097.77206359093,3126.716776773607,3088.091525892208,3103.870849609375,673602.0
2023-09-20,3103.87069449248,3124.8774129806384,3092.931640171357,3111.66357421875,901084.0
2023-09-21,3107.452666240375,3157.0169730255525,3078.943529390004,3140.56005859375,845739.0
2023-09-22,3131.6054701225894,3178.701427448774,3118.246280938701,3170.23095703125,896521.0
2023-09-25,3167.7621836928456,3228.2655402086107,3166.6487801282137,3217.08447265625,1422084.0
2023-09-26,3216.842844113677,3218.6820518353165,3156.1943668224008,3187.607666015625,834560.0
2023-09-27,3182.9608787169464,3203.290008416781,3167.181554586442,3196.320068359375,516326.0
2023-09-28,3176.9588803402457,3183.928820151684,3054.209616168611,3069.0693359375,2104381.0
2023-09-29,3092.931537595864,3092.931537595864,3033.8802625431726,3060.066162109375,1550585.0
2023-10-03,3064.9548679390614,3124.6837330611183,3060.9857532923543,3065.680908203125,1219145.0
2023-10-04,3063.841726038096,3087.123466428834,3050.6763365968663,3068.633544921875,892584.0
2023-10-05,3107.452467105263,3128.846549032111,3072.8929962814063,3103.822265625,1002610.0
2023-10-06,3112.0507357565343,3114.228856654101,3088.091405883302,3093.65771484375,814257.0
2023-10-09,3039.7371489803686,3061.953934719332,3032.621859559209,3052.079833984375,700012.0
2023-10-10,3049.36920848703,3063.7931143335363,3039.737121271327,3050.8212890625,847367.0
2023-10-11,3067.76236402272,3083.2512241755635,3051.3539000665496,3062.8251953125,1025317.0
2023-10-12,3084.219016182324,3086.639150375813,3049.4175337482,3058.178466796875,992531.0
2023-10-13,3049.36913669603,3070.6663179681927,3028.313968847415,3048.20751953125,854688.0
2023-10-16,3024.1997863490087,3028.0720011842827,2997.191182409468,3012.631591796875,853011.0
2023-10-17,3036.784552949122,3036.784552949122,2993.0285715934306,3014.083740234375,792640.0
2023-10-18,3010.6469598540857,3015.68079174701,2991.285886157275,2997.52978515625,481985.0
2023-10-19,2989.059575833664,3011.518376010426,2977.8302939159094,3002.709228515625,568124.0
2023-10-20,2993.706027412357,3015.584135277716,2966.648974125656,3006.629638671875,711434.0
2023-10-23,2997.1425776062147,3009.581925317102,2966.116410573324,2973.86083984375,374476.0
2023-10-25,2994.5772075006626,3008.7108859932378,2954.4998790384043,2963.018798828125,669290.0
2023-10-26,2953.628817771685,2957.4041327663795,2846.077954282539,2865.7294921875,1834111.0
2023-10-27,2839.108037341854,2879.620944290715,2837.36549335302,2860.743896484375,1708185.0
2023-10-30,2878.9919766264834,2896.368494919915,2845.206993831358,2872.3125,878885.0
2023-10-31,2874.151547624374,2916.503898654541,2871.2473864108765,2899.99853515625,1152306.0
2023-11-01,2902.17626191925,2912.776401640652,2836.3970666353184,2840.8017578125,1029990.0
2023-11-02,2866.4557297170727,2867.375333551749,2840.269827360173,2860.986083984375,900125.0
2023-11-03,2867.531728482938,2892.647992174285,2852.9855749735552,2887.7509765625,715997.0
2023-11-06,2907.291507189749,2942.250813657989,2893.569729033796,2937.64453125,620959.0
2023-11-07,2937.644268501668,2947.0021993288515,2911.364122833524,2941.57177734375,757998.0
2023-11-08,2965.476169067018,3005.1871253536933,2954.0331463091266,3001.59912109375,783400.0
2023-11-09,3006.204875060823,3017.2598563514675,2981.040078376797,2987.00390625,849702.0
2023-11-10,2977.1128768597823,2991.659030981247,2948.117637679187,2983.36767578125,364232.0
2023-11-13,3004.2659379372017,3004.2659379372017,2972.2643963129512,2992.2412109375,405941.0
2023-11-15,2992.3378584785823,3024.4850017229,2985.5496530986666,3021.9150390625,700017.0
2023-11-16,3024.630229090365,3045.867518812402,3003.8778111588204,3035.58837890625,675454.0
2023-11-17,3054.6926905115897,3130.5751359187425,3050.474210666016,3073.020751953125,1430175.0
2023-11-20,3073.0207099724457,3075.929941066523,3037.2372622168264,3045.334716796875,406431.0
2023-11-21,3061.3838068062983,3061.3838068062983,3032.388564735972,3038.449462890625,409069.0
2023-11-22,3044.994747820579,3061.4803881750217,3026.7635217249067,3038.20654296875,489889.0
2023-11-23,3052.752817610115,3075.444722887016,3020.896646015806,3028.460693359375,792460.0
2023-11-24,3023.6607219397665,3044.8011810090325,3016.8725163420827,3041.261474609375,756329.0
2023-11-28,3046.110185581532,3064.389948170088,3041.2614673091102,3053.092529296875,647883.0
2023-11-29,3053.092529296875,3074.0873847149296,3046.9345623893714,3053.092529296875,620725.0
2023-11-30,3053.092077840403,3058.5224994502328,3014.30233739682,3025.502685546875,1793116.0
2023-12-01,3051.734606209418,3094.064056839185,3045.23737137303,3077.38427734375,960196.0
2023-12-04,3093.4821504244937,3107.49489839462,3070.69317533516,3097.89453125,1018189.0
2023-12-05,3100.270253928952,3149.3876720086314,3083.784612916505,3128.63525390625,1005550.0
2023-12-06,3166.212909116908,3189.4867559220547,3135.1325788451045,3154.1396484375,1229158.0
2023-12-07,3184.638050755092,3200.105414156322,3148.612169943356,3153.412353515625,1071725.0
2023-12-08,3156.5152834901714,3170.867535509335,3130.1383060449457,3134.211181640625,895852.0
2023-12-11,3132.271921456948,3146.8180758909584,3089.118329969383,3135.18115234375,910426.0
2023-12-12,3130.332330752384,3158.503429592723,3112.876946008412,3127.1806640625,1019030.0
2023-12-13,3141.969075695526,3156.466694295893,3093.7728690147824,3145.508544921875,1052079.0
2023-12-14,3156.5152249413813,3160.006396389378,3120.634713935904,3143.2783203125,923107.0
2023-12-15,3151.666777910927,3225.7067983027605,3143.9088289191463,3213.63330078125,1631687.0
2023-12-18,3212.760468379538,3234.8706692706105,3196.274827581937,3231.234130859375,911936.0
2023-12-19,3235.015968052263,3252.422817530438,3200.299101399228,3235.113037109375,780448.0
2023-12-20,3235.1133062348345,3258.290084448081,3183.3288539880296,3197.39013671875,979762.0
2023-12-21,3180.7588372225555,3219.548579139904,3172.8555220084145,3203.014404296875,1585879.0
2023-12-22,3209.754254538738,3249.41690992494,3187.5472207476787,3240.204345703125,930563.0
2023-12-26,3248.592598711836,3289.2732962982595,3243.9863165079832,3280.982177734375,600190.0
2023-12-27,3278.751455158225,3306.7769488643426,3252.5198449553363,3301.443359375,837182.0
2023-12-28,3301.976938637179,3316.474558021403,3270.9936781496267,3294.46142578125,779250.0
2023-12-29,3306.82546786326,3319.38359934207,3281.5150667948124,3299.455322265625,615676.0
2024-01-01,3300.037327253673,3308.5711179132286,3286.606284276378,3293.34619140625,283951.0
2024-01-02,3293.249447662762,3296.061609556705,3243.7925213286044,3288.740234375,552394.0
2024-01-03,3288.740293913211,3296.1587382961075,3263.1874534764347,3271.52734375,379131.0
2024-01-04,3269.975156662231,3298.340154684879,3262.0233071314256,3277.6845703125,777127.0
2024-01-05,3277.685088479398,3278.1214257825845,3246.701825399603,3254.0234375,416956.0
2024-01-08,3253.4896307587587,3274.339117215186,3195.159650560088,3198.60205078125,545884.0
2024-01-09,3209.851309953615,3214.700027944481,3163.54605314084,3168.63720703125,670704.0
2024-01-10,3192.3956957983464,3193.36543932684,3159.618317184531,3187.401611328125,691087.0
2024-01-11,3187.4019256597185,3209.075553606644,3171.740424077797,3188.7109375,537469.0
2024-01-12,3195.2567410515367,3195.2567410515367,3145.8483502259705,3178.625732421875,673004.0
2024-01-15,3182.892669922018,3187.741388338435,3160.006861048827,3174.84375,728116.0
2024-01-16,3175.8613945466764,3219.548386112605,3174.8431165316374,3197.147216796875,748215.0
2024-01-17,3194.432720669861,3204.372593295517,3096.440075385184,3144.199951171875,2239241.0
2024-01-18,3159.376270372725,3159.376270372725,2956.3605797340883,3068.12353515625,1979174.0
2024-01-19,3081.651377394084,3104.682788775709,3053.334910540912,3070.06298828125,936201.0
2024-01-23,2994.131805729143,3014.9327579467185,2930.1287301342622,2962.275634765625,2365225.0
2024-01-24,2962.5665675843725,2962.5665675843725,2886.0538956140726,2908.697265625,2665932.0
2024-01-25,2918.976766109648,2924.746693170147,2853.276637309158,2859.9677734375,2001961.0
2024-01-29,2851.0946029094966,2898.0300965445845,2851.0946029094966,2886.00537109375,1862723.0
2024-01-30,2899.533427867816,2914.0795821882225,2861.761961166588,2864.7197265625,1273188.0
2024-01-31,2876.259271994859,2881.980664044783,2858.852423212,2868.35595703125,1771244.0
2024-02-01,2871.4105492815925,2882.902104641327,2831.602530621139,2840.71826171875,3006472.0
2024-02-02,2860.7436922579327,2872.720120721962,2835.5788925530705,2847.458251953125,1881911.0
2024-02-05,2860.743823196786,2875.2899782299896,2823.893563779336,2829.081787109375,923435.0
2024-02-06,2842.3183099182843,2857.834206526504,2814.825985914077,2842.269775390625,1471312.0
2024-02-07,2867.531957555572,2912.091630681534,2847.215875548612,2890.951171875,1134012.0
2024-02-08,2908.98860613925,2908.98860613925,2831.457646219132,2840.961181640625,1633654.0
2024-02-09,2841.3486523278243,2869.4712157808985,2822.487187293678,2862.343505859375,1144765.0
2024-02-12,2862.343864095089,2875.241502505769,2831.7001055839823,2864.428955078125,614469.0
2024-02-13,2875.241248534257,2891.048116614855,2856.573684175403,2881.690185546875,717118.0
2024-02-14,2880.0413932275264,2890.6117404107663,2847.215714758446,2886.3447265625,750339.0
2024-02-15,2889.8358542704154,2932.98944336942,2877.6655250501603,2925.280029296875,1068730.0
2024-02-16,2943.1719934599305,2943.1719934599305,2909.2309655287613,2916.891845703125,1179473.0
2024-02-19,2916.891725761272,2927.365004157281,2897.109050710664,2907.388427734375,560700.0
2024-02-20,2907.388240434098,2925.8133679378234,2882.174908060579,2920.528076171875,729371.0
2024-02-21,2920.916190028986,2935.171373267814,2893.229963539943,2910.976318359375,927130.0
2024-02-22,2892.745162861561,2935.6077826909805,2843.3853082537803,2926.104248046875,2615821.0
2024-02-23,2908.261158807635,2914.0796206125187,2876.453520256842,2895.60595703125,1650523.0
2024-02-26,2831.651216924156,2841.3486525985536,2761.635778705764,2781.660888671875,3524491.0
2024-02-27,2768.6178928424547,2783.164046395042,2763.8662440501303,2773.0302734375,1296180.0
2024-02-28,2763.914728115999,2772.8848567446894,2701.220896780246,2709.80322265625,2472196.0
2024-02-29,2700.736085004787,2752.132498830731,2692.735699833768,2736.51953125,2284424.0
2024-03-01,2747.1868879194976,2759.8420908081257,2729.877104580934,2746.07177734375,978174.0
2024-03-04,2773.4670374161296,2774.388246598769,2742.435238396089,2746.07177734375,971299.0
2024-03-05,2748.253304650012,2749.0776813942125,2720.1307408409607,2735.064697265625,736381.0
2024-03-06,2742.3863421485585,2753.10205618507,2693.705261207495,2741.756103515625,1723066.0
2024-03-07,2739.5256418881363,2806.4379496015104,2739.5256418881363,2783.697509765625,1564364.0
2024-03-11,2807.9410421784773,2808.910785748724,2766.7754749722667,2789.806884765625,866546.0
2024-03-12,2792.86153720786,2812.159339933572,2778.751720632663,2789.1279296875,663186.0
2024-03-13,2791.5040193551395,2799.8922067866856,2749.223103728549,2773.612060546875,955841.0
2024-03-14,2773.4669766725733,2810.365771737462,2755.0418464079653,2804.7412109375,1381741.0
2024-03-15,2807.4077447632003,2809.298697447771,2763.7692824093683,2780.788330078125,1356226.0
2024-03-18,2779.284999121729,2779.284999121729,2732.0100013174074,2760.375,940424.0
2024-03-19,2754.0720601180333,2754.0720601180333,2716.252056475568,2729.925537109375,1199135.0
2024-03-20,2729.92516938527,2751.210993012205,2712.90612268788,2739.428466796875,818910.0
2024-03-21,2758.9207173597174,2759.308520122843,2721.100714555841,2735.792236328125,1167680.0
2024-03-22,2735.792233135296,2768.7635175925043,2723.04019870117,2755.526611328125,1652689.0
2024-03-26,2734.676992569742,2758.0962061556497,2724.979556425878,2729.48876953125,1372390.0
2024-03-27,2732.6888019003186,2756.835558458302,2732.446366011707,2744.859130859375,1156231.0
2024-03-28,2749.271722673019,2781.224727896944,2733.7072900772264,2760.61767578125,1864623.0
2024-04-01,2774.387818834666,2799.116279866047,2766.048166186168,2784.1337890625,558086.0
2024-04-02,2787.091693705646,2804.88634705031,2769.58777404344,2787.237060546875,562473.0
2024-04-03,2758.920341758575,2797.2737457056605,2758.920341758575,2782.53369140625,816676.0
2024-04-04,2783.164264231378,2854.197986306274,2764.981570867498,2830.0029296875,1831347.0
2024-04-05,2835.530427680668,2839.1669663618586,2792.861707154693,2796.207275390625,1155672.0
2024-04-08,2820.0141875081044,2820.935396511587,2786.8490061061884,2804.498291015625,570695.0
2024-04-09,2805.468037029498,2828.2084754956577,2758.920347510862,2770.70263671875,1017670.0
2024-04-10,2796.0619754376025,2811.383972798347,2771.527413197441,2809.10498046875,740495.0
2024-04-12,2802.55895382428,2805.4681845721943,2758.9204926055627,2768.133056640625,1766311.0
2024-04-15,2744.5683111682647,2767.16338457849,2727.258529823065,2758.338623046875,884519.0
2024-04-16,2742.0957633923726,2755.4782742169423,2734.6773185595184,2744.374755859375,911249.0
2024-04-18,2768.6179424797824,2772.6908181967674,2715.379114224338,2722.7490234375,1732434.0
2024-04-19,2705.5844523311,2736.713314387393,2682.4559744080425,2723.5732421875,1337807.0
2024-04-22,2760.4722489343744,2760.4722489343744,2728.907047146642,2755.865966796875,676040.0
2024-04-23,2765.708980017137,2790.873781204746,2757.951030564074,2787.916015625,929062.0
2024-04-24,2795.721987503781,2795.867591081652,2773.466421437756,2780.98193359375,718441.0
2024-04-25,2778.315439897226,2783.0670888799937,2743.45320450303,2774.872802734375,1594152.0
2024-04-26,2783.1639120460222,2791.115761586824,2751.210910302036,2758.095947265625,625507.0
2024-04-29,2758.096318941406,2786.9947271826154,2753.10223382462,2781.418701171875,566219.0
2024-04-30,2768.6181940673123,2823.8935835810903,2768.6181940673123,2788.8857421875,1290649.0
2024-05-02,2788.109906752457,2897.5938640075788,2788.109906752457,2885.375,2493406.0
2024-05-03,2892.793580384555,2906.321455725611,2821.2264581480595,2841.106201171875,1594445.0
2024-05-06,2860.7436116610656,2869.4713040356246,2823.117512739982,2843.43359375,768806.0
2024-05-07,2857.8345656861484,2878.15064801001,2816.1355883110195,2824.86328125,629534.0
2024-05-08,2812.2563863770683,2817.105104284615,2735.646643437831,2757.27197265625,1652877.0
2024-05-09,2742.4352284612414,2767.600030537125,2621.9931063017943,2628.1025390625,3547959.0
2024-05-10,2617.338120647976,2708.106221311954,2589.312623764945,2687.402099609375,2478584.0
2024-05-13,2687.4022028874097,2807.4079846130994,2670.77119329322,2792.134521484375,2748823.0
2024-05-14,2791.891964650014,2800.6196574884475,2756.011449647565,2779.4306640625,999330.0
2024-05-15,2779.4306334166413,2787.2856515861504,2721.246015135292,2728.567626953125,1230520.0
2024-05-16,2735.6954322640627,2751.7447373806654,2702.239275592076,2728.9072265625,1534319.0
2024-05-17,2729.44030833652,2752.326114213534,2701.802616981231,2724.88232421875,1325150.0
2024-05-21,2729.8282801441287,2780.2064136649424,2716.2518695146373,2765.514892578125,921822.0
2024-05-22,2765.514753233113,2807.4076279996534,2750.774698357416,2798.4375,933846.0
2024-05-23,2797.7101307744565,2832.863334324049,2790.2431528195093,2815.892822265625,1181894.0
2024-05-24,2822.147872237353,2822.147872237353,2780.254994659862,2787.7705078125,755822.0
2024-05-27,2800.522389040641,2810.6078643215383,2769.151326290451,2785.39453125,817091.0
2024-05-28,2788.837379693698,2832.6212109331595,2777.345822702009,2823.11767578125,1084544.0
2024-05-29,2808.377514160687,2833.299877760868,2793.9284289723664,2812.40185546875,1758297.0
2024-05-30,2788.25566399148,2822.778635534368,2788.013228058605,2796.449951171875,1344426.0
2024-05-31,2796.4495054266863,2818.0748345428656,2769.199852967387,2794.025146484375,2520363.0
2024-06-03,2860.7438102052647,2860.7438102052647,2773.515414936381,2779.7216796875,952701.0
2024-06-04,2792.861854667442,2809.347497559576,2691.766073990678,2771.18798828125,2683847.0
2024-06-05,2777.8306159886206,2935.7049256130604,2777.8306159886206,2872.13818359375,2410576.0
2024-06-06,2870.4409298288183,2872.137981054224,2795.0433682429434,2816.9111328125,1689408.0
2024-06-07,2816.911615773979,2854.052847740076,2801.444250732723,2839.11865234375,1600180.0
2024-06-10,2839.4093112609035,2862.586089011269,2826.8026442368628,2848.67041015625,876867.0
2024-06-11,2854.15331790938,2859.391739513745,2834.5707908568284,2841.865234375,855430.0
2024-06-12,2848.2786644471253,2857.090801944555,2805.833439883359,2845.1455078125,1701770.0
2024-06-13,2867.861214024914,2867.861214024914,2844.3621805197595,2849.2578125,726380.0
2024-06-14,2849.2577610493768,2870.162204845333,2844.460137413186,2860.61572265625,982815.0
2024-06-18,2860.6159540425224,2866.8822677531266,2844.3623592291096,2857.58056640625,741098.0
2024-06-19,2857.0909166126817,2859.049169468482,2822.478701768596,2831.33984375,1018294.0
2024-06-20,2824.7797107124097,2863.455204151973,2812.442622250583,2854.64306640625,1129752.0
2024-06-21,2863.9448853729464,2866.8822647425595,2819.982203092219,2830.5078125,1722379.0
2024-06-24,2822.821473482917,2839.417618520189,2811.4635113745016,2835.59912109375,892125.0
2024-06-25,2815.967406805361,2834.521803488446,2796.3848796370344,2798.78369140625,1217792.0
2024-06-26,2800.497395397181,2813.862614727606,2784.6845990117185,2803.581787109375,960622.0
2024-06-27,2801.0355304322165,2842.4036161302893,2785.6142913850063,2820.716064453125,1628022.0
2024-06-28,2805.197308607119,2870.798781443656,2802.455706709519,2856.160888671875,1206712.0
2024-07-01,2828.989913454848,2877.65244700565,2827.717001344783,2866.686279296875,1104110.0
2024-07-02,2866.6862567847948,2874.7150452739984,2851.216012206364,2864.5322265625,1064295.0
2024-07-03,2868.546677537296,2887.394861468385,2855.1326931458952,2864.4833984375,925189.0
2024-07-04,2878.6315796478766,2906.487677567196,2861.986431058076,2873.637939453125,968666.0
2024-07-05,2875.8410955363424,2885.387578219812,2852.293296152748,2874.6171875,817429.0
2024-07-08,2874.6170502293767,2874.6170502293767,2830.360585557512,2837.655029296875,828260.0
2024-07-09,2848.229561839231,2852.390848846916,2829.675165225635,2844.362060546875,685431.0
2024-07-10,2839.5153925336463,2951.576354432764,2833.9344201998174,2933.903076171875,2299950.0
2024-07-11,2936.4000827414584,2966.753001235952,2910.942796262206,2958.968994140625,1968980.0
2024-07-12,2961.857142054739,2988.2935529094425,2908.8863120947312,2936.546630859375,1879930.0
2024-07-15,2936.400227699428,2936.400227699428,2871.337322813896,2894.787353515625,2425341.0
2024-07-16,2897.235093361455,2952.99629549068,2880.100380913389,2912.362548828125,2085611.0
2024-07-18,2814.9882670425613,2896.157746150954,2782.677097368681,2870.35791015625,5384611.0
2024-07-19,2863.9445187010115,2917.7964669159023,2856.356289634368,2884.55517578125,2164746.0
2024-07-22,2875.6941304827324,2911.2854694246976,2856.258376543479,2873.050537109375,1616347.0
2024-07-23,2873.05065164211,2885.7792948789406,2825.7587985763644,2836.627197265625,1906312.0
2024-07-24,2840.4457720414903,2865.9030592090458,2825.954653075666,2851.99951171875,1476148.0
2024-07-25,2831.682713411636,2847.985073277743,2825.024605705388,2840.83740234375,1239922.0
2024-07-26,2841.620758370332,2902.571380375934,2840.15206868345,2888.56982421875,1359780.0
2024-07-29,2891.4089512946493,2903.2074709502863,2874.714800167338,2893.0244140625,854408.0
2024-07-30,2911.4320042717804,2969.4942406979053,2908.0050622791955,2942.323486328125,2144591.0
2024-07-31,2942.3238649463924,3033.333616908847,2942.3238649463924,3020.06640625,3549501.0
2024-08-01,3023.5423372686028,3063.63751572626,2998.8683996827003,3034.655517578125,1675122.0
2024-08-02,3005.917917133954,3063.735376345712,2996.126653560228,3041.851806640625,1348780.0
2024-08-05,3005.868880678585,3079.3523608179776,2991.524775315157,3028.829345703125,2019141.0
2024-08-06,3036.9563669638774,3069.5613245357963,3021.6331341194955,3037.00537109375,885743.0
2024-08-07,3037.005455664756,3053.405823644892,2996.175930651477,3036.711669921875,1907105.0
2024-08-08,3015.709181666658,3025.2066595272886,2927.9793644003653,2942.666259765625,1280109.0
2024-08-09,2975.565138075225,2989.0281261135715,2904.0889106716413,2977.1318359375,1665414.0
2024-08-12,2956.961800531541,3019.625891668633,2941.0019920111554,2989.46875,1736881.0
2024-08-13,2991.1332140756795,2995.931076975215,2950.1079125688234,2960.437744140625,502260.0
2024-08-14,2971.45307555276,2971.45307555276,2931.553671677525,2962.68994140625,454671.0
2024-08-16,2990.25191061881,2990.25191061881,2940.3164661389283,2984.52392578125,514229.0
2024-08-19,2990.2028563319955,3023.3953828856,2974.9286287622595,3012.08642578125,542858.0
2024-08-20,3031.375386436018,3041.50944046779,3013.751110933483,3038.425048828125,668282.0
2024-08-21,3036.270741339846,3104.418029346318,3019.674597898923,3085.765625,1186536.0
2024-08-22,3100.893255785909,3131.882510198292,3090.1718696981125,3120.084228515625,1540888.0
2024-08-23,3123.4132395089528,3131.8338222301445,3083.0242752049576,3088.801025390625,779284.0
2024-08-26,3089.1437757171943,3111.125115472425,3075.925569386867,3105.152587890625,472874.0
2024-08-27,3088.164569382335,3136.7780980098746,3084.248063904361,3100.10986328125,1003501.0
2024-08-28,3087.136492989098,3099.4245769505,3053.699422502704,3060.259521484375,538366.0
2024-08-29,3060.25975402824,3078.3245894258,3028.1443582967177,3050.811279296875,849866.0
2024-08-30,3064.714387103932,3100.6482752551988,3045.768197185602,3061.5322265625,1567031.0
2024-09-02,3082.289847640968,3117.5383973598614,3074.065281657704,3085.17822265625,702358.0
2024-09-03,3098.886103691147,3108.285812906144,3081.800395534344,3088.9970703125,577471.0
2024-09-04,3089.6334652580927,3184.119166223837,3089.6334652580927,3164.19384765625,2379110.0
2024-09-05,3172.369477027523,3189.0146255181,3149.8495702461546,3170.656005859375,1482119.0
2024-09-06,3170.4114444881543,3217.311505816286,3158.025590515862,3205.3662109375,2131256.0
2024-09-09,3205.3659101957087,3244.824750229797,3189.993674184876,3212.268798828125,1272289.0
2024-09-10,3221.325627893106,3240.9081545064378,3202.624219359568,3226.270263671875,928920.0
2024-09-11,3245.8040473208475,3312.3356390339472,3245.8040473208475,3297.1591796875,2561892.0
2024-09-12,3299.6559697244697,3322.175876936239,3270.575963438178,3312.62939453125,1643536.0
2024-09-13,3285.5077503235552,3299.3622937337923,3251.5808759906813,3287.95556640625,1029400.0
2024-09-16,3289.8647331560865,3324.0361492011148,3261.0785123587843,3266.169921875,1019280.0
2024-09-17,3266.169808964826,3279.9753474232057,3232.8795122206266,3243.64990234375,586834.0
2024-09-18,3243.6499578437183,3255.4484786711946,3183.6784663592844,3206.296142578125,410510.0
2024-09-19,3225.242476472415,3250.6997637791187,3206.639074209824,3225.095703125,963456.0
2024-09-20,3235.033500041011,3255.399376179472,3197.8757024120955,3237.921875,1504277.0
2024-09-23,3247.713335439624,3255.497342680333,3204.876554506199,3209.037841796875,522775.0
2024-09-24,3209.0376629036864,3228.913975957664,3173.446562898951,3180.593994140625,1057933.0
2024-09-25,3184.119174483781,3184.119174483781,3139.813703190611,3177.0205078125,740636.0
2024-09-26,3182.1608231130963,3217.2626004258645,3159.738924008051,3208.646240234375,951080.0
2024-09-27,3222.2558284972106,3268.274767158201,3208.64606778762,3241.642578125,1315996.0
2024-09-30,3241.6427978407737,3287.906521226102,3236.15959426618,3259.60986328125,1088162.0
2024-10-01,3247.7622068074065,3259.4627192551634,3176.3349850997006,3208.93994140625,968660.0
2024-10-03,3125.6651783140173,3158.563681125116,3061.238614956061,3083.562744140625,1741363.0
2024-10-04,3069.5613688879425,3090.857368815634,2990.7906951252285,3008.365966796875,1551818.0
2024-10-07,3010.813695649262,3033.872170298019,2974.586018660962,2998.329833984375,909812.0
2024-10-08,2994.1687544120314,3034.3129398047367,2982.0764468527505,3023.591552734375,817718.0
2024-10-09,3030.934614154712,3081.016831233708,3007.631359264989,3014.583251953125,1225598.0
2024-10-10,3025.549519128867,3030.3961469022447,2979.481575128766,2995.24560546875,1161933.0
2024-10-11,2995.343515755233,3000.0433704107377,2962.836566208516,2973.802734375,976017.0
2024-10-14,2973.606887912446,2991.231163178308,2954.22013731109,2975.7119140625,716011.0
2024-10-15,3010.813616059169,3032.15861893477,2984.034413970068,3003.07861328125,1242322.0
2024-10-16,3023.5423752416177,3038.7678388325867,3002.099602330354,3017.765625,764001.0
2024-10-17,3018.54865419464,3020.6049152328696,2973.606848480462,2992.0634765625,674481.0
2024-10-18,2993.1895612102176,3004.939078624193,2918.384395959059,2929.693115234375,899318.0
2024-10-21,2944.282162914504,2993.1894800145687,2937.917841154578,2985.55224609375,806970.0
2024-10-22,2990.252141716124,2994.1196433373984,2932.72846348239,2944.08642578125,541838.0
2024-10-23,2937.329990209812,2963.3258421185824,2910.0124611803,2927.2939453125,624689.0
2024-10-24,2927.2941122931275,2939.631200390881,2889.4019689136367,2909.963623046875,571259.0
2024-10-25,2913.3905711867183,2952.604630884728,2890.381101039554,2896.255859375,1047769.0
2024-10-28,2925.531669338662,2958.6261894041795,2901.2005217719843,2939.190673828125,504961.0
2024-10-29,2956.961602987067,2964.794613855907,2879.708628910942,2930.37841796875,613459.0
2024-10-30,2943.254048832852,2943.254048832852,2901.6901796846887,2934.09912109375,812725.0
2024-10-31,2931.700212860588,2933.952251384724,2858.069955545473,2874.372314453125,1031171.0
2024-11-01,2896.2559119507614,2903.8441416051287,2868.8403725543376,2878.48486328125,112249.0
2024-11-04,2900.3191944222995,2900.3191944222995,2825.269250851829,2854.447265625,1146008.0
2024-11-05,2834.570963847689,2857.8742202713024,2812.73639704265,2827.03173828125,935417.0
2024-11-06,2830.1651342116147,2847.153074520172,2800.3017761097453,2836.8232421875,1817087.0
2024-11-07,2839.466249364282,2844.312876705158,2766.031777397964,2783.50927734375,1112489.0
2024-11-08,2783.5096238329847,2787.5729028364462,2704.7387125294986,2711.6416015625,2060410.0
2024-11-11,2511.508133350377,2544.504644081364,2453.6906736192004,2490.016357421875,8854840.0
2024-11-12,2482.085271697129,2482.085271697129,2418.4420596023315,2423.19091796875,3445898.0
2024-11-13,2418.442321542641,2445.857862029764,2399.9369273316497,2418.931884765625,1803766.0
2024-11-14,2430.975320245732,2449.529719598363,2414.7217247396984,2431.31787109375,1206967.0
2024-11-18,2467.398289727899,2467.398289727899,2419.2253233087795,2431.85595703125,945471.0
2024-11-19,2440.2421664298527,2455.1503504239377,2424.8926681984503,2436.024658203125,941508.0
2024-11-21,2407.5811834490764,2418.6152360227406,2378.4513325454554,2381.540771484375,1377572.0
2024-11-22,2383.355450368951,2446.077863815995,2376.44072925789,2424.745361328125,3805843.0
2024-11-25,2456.915853815773,2459.8091798845007,2403.020681679812,2412.4853515625,1857124.0
2024-11-26,2412.681383768956,2469.666232573915,2410.425724524224,2456.915771484375,1152258.0
2024-11-27,2469.175588150749,2469.322613059505,2432.395415536785,2444.06689453125,864653.0
2024-11-28,2452.01165097183,2457.896478934162,2406.2081212225285,2410.866943359375,1506133.0
2024-11-29,2410.867028896604,2443.674898059773,2407.924614811041,2432.00341796875,1030854.0
2024-12-02,2432.0033576473265,2438.280411759127,2414.103672404123,2431.4638671875,914624.0
2024-12-03,2446.1266681971183,2446.1266681971183,2416.212127948517,2421.998779296875,1341985.0
2024-12-04,2431.316839187012,2431.5131917036847,2406.1102045861603,2412.240234375,1005012.0
2024-12-05,2417.6834979870496,2419.546931067889,2377.3723304944847,2405.129150390625,3190834.0
2024-12-06,2420.625901535272,2420.625901535272,2380.4129104643857,2383.06103515625,1735948.0
2024-12-09,2391.348808767617,2392.182588518261,2341.180745712624,2345.937744140625,2301281.0
2024-12-10,2353.833040864897,2358.491863065436,2339.2682351315643,2343.044189453125,1657888.0
2024-12-11,2353.686242489719,2381.39397719139,2346.722432853778,2370.8994140625,1337700.0
2024-12-12,2366.6817067560096,2368.643316127544,2335.0016675148786,2343.681884765625,1089028.0
2024-12-13,2343.681904879696,2365.700922373286,2308.814250110579,2361.434326171875,1150861.0
2024-12-16,2373.4981336387937,2373.4981336387937,2340.3468890142485,2356.137939453125,987775.0
2024-12-17,2342.1613819271274,2353.832860871112,2305.3812094722416,2310.775634765625,1258218.0
2024-12-18,2311.560451235801,2327.1551494176,2296.0636898466246,2300.42822265625,855682.0
2024-12-19,2280.3710029744066,2280.3710029744066,2221.866096464754,2247.857421875,2784409.0
2024-12-20,2252.9082428785946,2273.505140179618,2232.3113455775715,2238.53955078125,1719502.0
2024-12-23,2255.8507361549114,2258.3518359488926,2222.5524655707823,2235.449951171875,855647.0
2024-12-24,2238.2945258159666,2250.9468108008496,2233.439350935133,2240.157958984375,601558.0
2024-12-26,2240.1578889777365,2243.541617232668,2213.1857602794494,2218.972412109375,1267334.0
2024-12-27,2226.6719750111083,2246.827560435928,2216.6678144909474,2227.7998046875,821790.0
2024-12-30,2236.4797349144405,2254.6737085075883,2213.479914464652,2244.326171875,1076940.0
2024-12-31,2236.23441180342,2253.5455166218694,2229.368779837357,2237.55859375,685486.0
2025-01-01,2236.234637726081,2278.605351392144,2236.234637726081,2260.411376953125,1067328.0
2025-01-02,2269.581971653953,2302.880241800115,2249.9658785540914,2298.2705078125,1342922.0
2025-01-03,2299.006366082288,2303.8613017716807,2277.575686214012,2291.11083984375,1355319.0
2025-01-06,2291.110760965597,2295.0830680126287,2213.381986119443,2223.63134765625,1190987.0
2025-01-07,2228.388344378195,2271.543752455942,2228.388344378195,2248.593017578125,740798.0
2025-01-08,2243.1493945831817,2293.121345211807,2229.07475162278,2289.54150390625,1439632.0
2025-01-09,2296.946674580136,2316.072368257089,2276.742239291421,2305.08740234375,1362304.0
2025-01-10,2290.767437419308,2303.8119477071496,2271.543570488393,2276.202392578125,1214334.0
2025-01-13,2247.7589801193344,2257.71405119624,2203.279394974303,2209.409423828125,1181928.0
2025-01-14,2225.445792649132,2242.462849427957,2194.0600432596334,2196.953369140625,1316807.0
2025-01-15,2205.829724693855,2210.488546922533,2177.386388981929,2186.900146484375,1308999.0
2025-01-16,2196.0217797097066,2196.8555595078333,2165.420720174505,2173.071044921875,1936087.0
2025-01-17,2182.927824268664,2225.494890741388,2170.030338602855,2217.599365234375,878848.0
2025-01-20,2228.6331999019817,2243.001891172134,2207.791102642474,2236.77392578125,555716.0
2025-01-21,2236.774120348776,2270.562793071887,2211.7145133378426,2216.9619140625,1410294.0
2025-01-22,2226.426483358484,2226.426483358484,2201.808191659471,2218.67822265625,835523.0
2025-01-23,2218.678318741337,2257.6162158801017,2203.0833809637184,2232.65478515625,1142465.0
2025-01-24,2239.177084297799,2252.467035601808,2211.7636413843934,2218.972412109375,543202.0
2025-01-27,2212.0088439582323,2234.027861145955,2203.0834255834275,2208.28173828125,1097939.0
2025-01-28,2216.6186643968203,2223.533385554932,2191.215917962656,2198.76806640625,897501.0
2025-01-29,2198.7679810454188,2203.6720044488325,2169.589041795108,2180.475830078125,1281088.0
2025-01-30,2180.475896878825,2215.883042717907,2172.4824342680818,2206.66357421875,1155718.0
2025-01-31,2211.714355687034,2260.7545853031547,2191.9512389334363,2256.63525390625,1292909.0
2025-02-01,2267.6203918669285,2343.142351284642,2241.4329551285223,2306.018798828125,1318619.0
2025-02-03,2306.01881117763,2319.063561219584,2233.978755835528,2248.24951171875,1070382.0
2025-02-04,2260.41128914945,2372.174168024552,2220.296475663504,2309.157470703125,5373733.0
2025-02-05,2225.445914083573,2251.4863273419555,2194.305364161954,2231.52685546875,3474642.0
2025-02-06,2243.296570015997,2254.771937667948,2216.863929968505,2219.953369140625,1285954.0
2025-02-07,2222.503447209723,2232.6057834969856,2200.141052188956,2227.407470703125,1336756.0
2025-02-10,2227.456598385804,2234.273143271832,2210.733830085473,2226.57373046875,1181565.0
2025-02-11,2235.253783016481,2239.078825345249,2183.271136899819,2197.836181640625,1607942.0
2025-02-12,2198.8170667681698,2204.7998316412377,2143.744740335438,2185.47802734375,1181706.0
2025-02-13,2185.4779733870987,2206.761386518349,2177.386334980078,2193.471435546875,921923.0
2025-02-14,2193.471442507713,2207.349972098172,2160.712662695219,2188.469482421875,1380052.0
2025-02-17,2188.469749941364,2216.6187991906704,2183.3205248547483,2207.64453125,923900.0
2025-02-18,2204.8491999637763,2208.7233310497213,2176.1606594393365,2194.64892578125,735853.0
2025-02-19,2194.64866601463,2206.614435319362,2183.36941210076,2196.119873046875,645234.0
2025-02-20,2196.119947164277,2213.774432147032,2188.2244212672454,2205.87890625,637442.0
2025-02-21,2205.8787208845265,2222.3071985851752,2194.0599770955964,2214.2646484375,755585.0
2025-02-24,2202.789206789309,2215.63784429758,2197.9833594824595,2203.08349609375,765042.0
2025-02-25,2203.083378069052,2213.774292529145,2175.130445275953,2182.045166015625,947702.0
2025-02-27,2171.501580547716,2185.6250722817654,2155.808705530208,2171.158203125,1027196.0
2025-02-28,2167.578276205342,2168.902458264366,2134.034805070753,2137.908935546875,1701193.0
2025-03-03,2137.909023945707,2151.248063517144,2088.1331859068287,2124.815185546875,959068.0
2025-03-04,2112.7024437231626,2118.3911589596355,2083.964817689792,2091.173828125,2180989.0
2025-03-05,2091.075382560136,2140.9003035438814,2083.9645492939253,2122.608154296875,1535212.0
2025-03-06,2147.8151560567817,2231.3305761243014,2141.1947246770724,2224.170654296875,1985096.0
2025-03-07,2224.170859021657,2234.224107597683,2204.849053551762,2226.4267578125,921429.0
2025-03-10,2226.426799709337,2248.985309133705,2218.433336716765,2234.86181640625,1072395.0
2025-03-11,2230.3497452821425,2246.92524787127,2214.558694839471,2243.492431640625,601228.0
2025-03-12,2243.492599747404,2251.878527915768,2203.868185211996,2208.085693359375,749216.0
2025-03-13,2211.959706102312,2213.872227295552,2179.838353536144,2188.469482421875,747470.0
2025-03-17,2162.674554960761,2196.2671189096977,2153.8964000094884,2176.9453125,838015.0
2025-03-18,2176.9453125,2176.9453125,2176.9453125,2176.9453125,0.0
2025-03-19,2230.3497992399066,2244.031976370776,2224.3179463561214,2236.921142578125,663292.0
2025-03-20,2246.042687677505,2262.7163670183427,2225.2005885014587,2243.29638671875,1166849.0
2025-03-21,2247.6608792387738,2270.072361261491,2234.12596663912,2256.242919921875,1624115.0
2025-03-24,2258.204674804942,2285.520181836148,2257.910624954544,2277.9189453125,1100353.0
2025-03-25,2280.3711146995333,2299.496807919594,2263.6974334307624,2286.0107421875,1828005.0
2025-03-26,2295.083051848844,2296.0147684448502,2259.7740818204,2278.556396484375,1934287.0
2025-03-27,2270.563040613112,2304.98938379246,2246.533323768609,2293.2197265625,1497861.0
2025-03-28,2298.957162432758,2318.6223448473825,2280.370960985688,2295.720458984375,1281871.0
2025-04-01,2297.044623551179,2316.3664283861817,2261.490452926188,2271.543701171875,970583.0
2025-04-02,2283.313322829565,2283.705548924632,2248.151378841912,2262.373046875,792693.0
2025-04-03,2250.946809784164,2309.696916140176,2245.846673182262,2304.302490234375,608846.0
2025-04-04,2304.302456272972,2318.57321248612,2258.597101126369,2310.824951171875,1163188.0
2025-04-07,2147.962108075248,2308.8140650270016,2147.962108075248,2296.406982421875,1745817.0
2025-04-08,2310.7757421168485,2373.547239356016,2310.7757421168485,2348.242431640625,1876867.0
2025-04-09,2353.9313107339253,2382.8159616352013,2345.0058920656825,2364.8671875,1186937.0
2025-04-11,2392.673138188117,2401.0099783908627,2334.560457951328,2347.654296875,968152.0
2025-04-15,2368.5451423440904,2378.451365462363,2339.2191779908185,2369.329833984375,1141122.0
2025-04-16,2358.9334902486225,2421.1164127236184,2357.560219989948,2412.681396484375,1166695.0
2025-04-17,2412.6813944031032,2428.864672011156,2384.336234253132,2420.52783203125,885840.0
2025-04-21,2418.566104331728,2423.470127609464,2394.144164190312,2398.0673828125,541913.0
2025-04-22,2398.067600350631,2402.9716240732296,2367.1722508982607,2385.317138671875,543647.0
2025-04-23,2390.220912373912,2409.4447791373664,2379.0398352376574,2406.011962890625,744684.0
2025-04-24,2402.9714790163284,2443.1844711141525,2389.1420371717104,2417.094970703125,1203452.0
2025-04-25,2416.9970704918337,2421.3125153908227,2367.3682568820964,2384.9248046875,702217.0
2025-04-28,2373.4491118364936,2412.5833616225136,2358.835218117182,2405.129150390625,554920.0
2025-04-29,2412.7796033071086,2424.549259908607,2394.7328922998554,2404.050537109375,1235066.0
2025-04-30,2402.9715418199903,2414.937311402688,2355.402513339064,2379.137939453125,1479669.0
2025-05-02,2378.451573542045,2397.9694927349624,2351.9698446819893,2363.739501953125,744673.0
2025-05-05,2376.5878898620194,2427.4915564148305,2376.5878898620194,2390.122802734375,1229588.0
2025-05-06,2395.1252520161293,2402.873513929306,2345.2023849282214,2371.5859375,702802.0
2025-05-07,2342.16166520614,2359.521860813671,2273.9957373452403,2289.29638671875,1711738.0
2025-05-08,2277.4286394986984,2304.008544122107,2249.4757040009754,2258.401123046875,2292261.0
2025-05-09,2203.4758490175027,2287.040358313372,2201.906465776892,2255.45849609375,1503010.0
2025-05-12,2285.274821914305,2332.8438471773284,2276.44758011292,2311.16796875,940135.0
2025-05-13,2308.8143229020616,2312.73754180249,2270.661114877108,2279.978759765625,1220489.0
2025-05-14,2274.4859609248783,2274.4859609248783,2233.3903422767617,2238.490478515625,1549845.0
2025-05-15,2241.138722890581,2290.6693598735023,2224.4650431141526,2285.1767578125,1675015.0
2025-05-16,2289.0998322084342,2309.7949057015176,2270.562720466672,2308.421875,785113.0
2025-05-19,2308.4220048119373,2333.2361718049738,2281.9402782892416,2286.64794921875,552961.0
2025-05-20,2302.438819676483,2302.634932707437,2247.415585328712,2251.53515625,1095824.0
2025-05-21,2251.92759399425,2271.739801067979,2246.042765786948,2268.0126953125,469330.0
2025-05-22,2264.873964097228,2265.658655678356,2239.275107374452,2255.06591796875,916504.0
2025-05-23,2257.6162465132484,2284.294085755304,2250.946726839168,2271.05322265625,458035.0
2025-05-26,2271.5436001154403,2293.1213027072104,2258.5970264512307,2282.528564453125,1258062.0
2025-05-27,2268.69947425945,2306.460455657312,2256.929817719857,2282.921142578125,2485428.0
2025-05-28,2282.920788597514,2288.217037437405,2256.1447762308662,2258.989013671875,774808.0
2025-05-29,2258.989319887841,2264.678034995227,2242.609929413853,2250.26025390625,1414643.0
2025-05-30,2252.4178372973715,2259.773872037076,2211.7144450710093,2215.73583984375,3610431.0
2025-06-02,2215.7357261178645,2228.68229870439,2214.5585690565263,2223.189697265625,702789.0
2025-06-03,2228.976866217975,2243.3946474767345,2203.5738807103767,2212.401123046875,792587.0
2025-06-04,2206.319992153631,2217.5992452808887,2197.8849766419803,2205.82958984375,768079.0
2025-06-05,2207.8897590624456,2217.599630703978,2190.137096577613,2200.435546875,996614.0
2025-06-06,2205.92782084708,2209.360637101461,2196.021598159876,2202.1025390625,822087.0
2025-06-09,2197.002471273643,2212.499233024373,2193.0792525749403,2204.750732421875,1041851.0
2025-06-10,2217.272486211869,2217.272486211869,2192.724063924676,2196.386474609375,1809051.0
2025-06-11,2186.586838424293,2203.315269404601,2184.8050534192694,2186.388916015625,1430888.0
2025-06-12,2201.434771637093,2240.0390684418803,2185.6961934513174,2196.88134765625,3417373.0
2025-06-13,2152.9319120868795,2194.604851740266,2152.733989669046,2191.734130859375,1786807.0
2025-06-16,2191.734301919684,2227.1711173642298,2186.8841148183924,2222.02392578125,1301826.0
2025-06-17,2208.3636960052586,2257.856383051544,2204.404281041556,2241.82080078125,1540986.0
2025-06-18,2234.1001045094,2260.826158041413,2232.120396840362,2258.25244140625,1131156.0
2025-06-19,2246.968233084973,2261.816040792583,2241.029110001929,2244.988525390625,524926.0
2025-06-20,2243.9985712801026,2266.666126702171,2240.039156068316,2262.5087890625,1945026.0
2025-06-23,2238.257452696542,2249.739853895805,2231.0314713382227,2241.128173828125,596186.0
2025-06-24,2281.612964421652,2286.2652288580507,2245.8791462744125,2252.21435546875,1044179.0
2025-06-25,2253.006327022203,2271.021617818927,2252.313236032559,2256.767578125,807368.0
2025-06-26,2263.7957437135497,2269.3390219114503,2257.064689234252,2266.5673828125,921519.0
2025-06-27,2259.836183469298,2340.509266672429,2253.996142823069,2334.76806640625,1555059.0
2025-06-30,2338.034526119427,2345.854273974067,2302.498873636784,2317.3466796875,785414.0
2025-07-01,2356.3471327824136,2375.6492832084828,2326.3545122491983,2345.458740234375,1232160.0
2025-07-02,2316.257996327295,2405.344842339883,2303.389896347699,2394.852294921875,1936030.0
2025-07-03,2404.25564408936,2439.395451737593,2400.395311182141,2406.2353515625,1547480.0
2025-07-04,2406.2354877025405,2418.2128152580945,2387.527347688303,2399.603515625,602309.0
2025-07-07,2398.7127436249625,2440.088680482908,2396.4360315695767,2418.014892578125,869054.0
2025-07-08,2415.7382195225628,2462.7562754239448,2412.570735668228,2459.390869140625,1136367.0
2025-07-09,2494.926593821461,2509.2794744445164,2467.6065312804385,2473.545654296875,2328636.0
2025-07-10,2481.8604847719294,2486.512749306158,2420.291626652865,2426.32958984375,932859.0
2025-07-11,2422.66725114486,2459.5888473703967,2410.7890051739755,2414.451416015625,1050411.0
2025-07-14,2406.433596364602,2423.75603733566,2366.740363531232,2377.23291015625,891618.0
2025-07-15,2385.448593665743,2390.4969447486355,2362.088188810415,2369.215087890625,610228.0
2025-07-16,2356.841794646793,2397.8216435077948,2346.943257080028,2386.04248046875,1200909.0
2025-07-17,2379.707736082246,2389.507192526197,2369.7101155375785,2374.560302734375,526163.0
2025-07-18,2376.243071114877,2380.5983310634733,2348.230160923921,2358.2275390625,599552.0
2025-07-21,2358.22756047867,2383.567914037501,2336.8468637229585,2351.298583984375,390931.0
2025-07-22,2351.298608817401,2356.643964310425,2337.341815301031,2341.2021484375,411317.0
2025-07-23,2339.0244937170323,2360.5042725166427,2328.7301110194885,2351.298583984375,368999.0
2025-07-24,2351.298753078445,2355.8521774818505,2317.2478770945427,2328.2353515625,506960.0
2025-07-25,2316.25783056356,2326.651295187884,2302.201955309084,2312.496337890625,383636.0
2025-07-28,2312.496213489174,2342.3897475154404,2296.460631549846,2335.658935546875,650364.0
2025-07-29,2335.065004538179,2393.7633804542284,2301.409976918723,2377.1337890625,1742815.0
2025-07-30,2384.5577642993003,2419.004724295606,2342.488978503236,2391.288818359375,1685818.0
2025-07-31,2377.0348502382585,2392.674588818769,2349.418025516724,2371.788818359375,1274735.0
2025-08-01,2353.872223766583,2446.9184765142945,2353.872223766583,2406.33447265625,2225293.0
2025-08-04,2418.4107160183803,2441.969284403293,2414.8473873951507,2424.94384765625,1165898.0
2025-08-05,2436.9211145537915,2438.70289982959,2384.6570242206344,2412.075927734375,659094.0
2025-08-06,2415.243360050098,2480.1778683627604,2415.243360050098,2465.923828125,2019109.0
2025-08-07,2458.8959745801,2484.533091890772,2441.870295519984,2481.068603515625,1502806.0
2025-08-08,2481.068563661076,2486.215755117334,2443.454119049418,2450.482177734375,1178226.0
2025-08-11,2438.9007055038905,2478.791862374858,2427.121541831701,2463.84521484375,721135.0
2025-08-12,2463.8452548090927,2477.406203891745,2448.898365372008,2453.15478515625,608984.0
2025-08-13,2454.639597884359,2478.9898573216647,2436.2282198165494,2474.83251953125,350844.0
2025-08-14,2479.583726564812,2509.1802580128915,2472.357745615771,2503.043212890625,1088550.0
2025-08-18,2524.127268472607,2568.6706908574174,2510.863323805654,2561.147705078125,1755615.0
2025-08-19,2561.1475900561763,2568.670575497609,2535.213469187325,2553.228759765625,698587.0
2025-08-20,2551.842941238496,2553.1297994329543,2537.3909799718176,2544.023193359375,308028.0
2025-08-21,2548.7744310291314,2549.863366865174,2533.3328568800803,2540.558837890625,781082.0
2025-08-22,2536.797142820435,2543.2311919519207,2475.7232170896536,2479.088623046875,523774.0
2025-08-25,2490.4721647945858,2496.9062145049056,2450.878012731079,2467.6064453125,766497.0
2025-08-26,2455.926381719428,2497.698164118768,2442.959200158524,2456.22314453125,7106393.0
2025-08-28,2439.989602689333,2502.350391723584,2439.989602689333,2463.74609375,1485769.0
2025-08-29,2465.725836660952,2505.913997946369,2464.7359828525773,2493.0458984375,1798653.0
2025-09-01,2492.451991866285,2551.6453003711945,2489.581512369503,2544.122314453125,1314833.0
2025-09-02,2542.93452119602,2545.805000673645,2505.320075183778,2514.228759765625,1024054.0
2025-09-03,2504.330139433277,2539.074104831537,2501.6575824788406,2527.987548828125,925847.0
2025-09-04,2527.987529988593,2556.792372311873,2527.096758231596,2542.53857421875,933071.0
2025-09-05,2538.97490837274,2575.599497694296,2538.97490837274,2553.7236328125,1153436.0
2025-09-08,2553.72374737824,2563.32552266465,2500.766568551024,2505.1220703125,742880.0
2025-09-09,2514.2287093319874,2525.711110339231,2499.1829795616045,2511.55615234375,702450.0
2025-09-10,2511.5559946250305,2529.076357851613,2499.4798270807123,2517.4951171875,520584.0
2025-09-11,2515.21855988452,2533.530855578288,2509.9722862990047,2529.96728515625,423961.0
2025-09-12,2534.0257928242045,2542.241627907083,2511.4570772741577,2520.46484375,547539.0
2025-09-15,2509.378253601792,2517.6929281557755,2472.6545840507674,2477.2080078125,583051.0
2025-09-16,2469.685307160192,2484.4340325696035,2449.3933036344274,2455.728271484375,760790.0
2025-09-17,2456.816916665378,2471.565640329676,2455.629140541995,2468.29931640625,359627.0
2025-09-18,2472.555681514996,2480.771516291873,2444.246008163312,2453.550537109375,400796.0
2025-09-19,2449.8882911759447,2484.0382491741548,2443.454241118311,2456.520263671875,3731525.0
2025-09-22,2468.794242954483,2477.603844337264,2448.9971686889035,2457.509765625,872806.0
2025-09-23,2447.0177520572506,2458.598993546187,2403.36510144872,2422.0732421875,1332111.0
2025-09-24,2421.182484191517,2449.8882454513505,2418.4108451164807,2432.268798828125,637749.0
2025-09-25,2433.55542743702,2437.7127648253804,2363.770738547733,2379.6083984375,1518215.0
2025-09-26,2373.174495777403,2375.64913028812,2315.26804822663,2319.029541015625,1089446.0
2025-09-29,2319.1283057695373,2339.7173125599843,2305.567357425746,2318.83154296875,950369.0
2025-09-30,2328.136201795213,2364.562870972334,2316.257955867686,2326.156494140625,778874.0
2025-10-01,2329.52186805722,2333.0854384512804,2297.648623594792,2312.1005859375,648279.0
2025-10-03,2318.4356247764845,2338.727628575792,2312.3976613270074,2333.87744140625,659872.0
2025-10-06,2331.1058814271587,2335.2632193797976,2310.418032053584,2330.907958984375,362107.0
2025-10-07,2331.1056084583392,2347.339113482409,2322.196924604358,2328.927978515625,498524.0
2025-10-08,2336.0549055856777,2345.3594343916707,2296.460754643548,2304.87451171875,701799.0
2025-10-09,2304.874587534616,2317.247760111032,2300.222322978589,2312.6943359375,587567.0
2025-10-10,2315.168952276326,2333.877334063101,2312.89248187096,2316.455810546875,1117236.0
2025-10-13,2316.455709905024,2342.587994044008,2313.288226220651,2318.732421875,667732.0
2025-10-14,2318.6335776566284,2331.105832918551,2284.5827016458666,2294.580322265625,353345.0
2025-10-15,2306.359208750453,2359.811310584155,2301.409940062148,2351.001708984375,753640.0
2025-10-16,2352.882319596366,2396.237961365467,2342.8847002435737,2385.25048828125,715890.0
2025-10-17,2396.435872783247,2518.1878811898305,2396.435872783247,2482.355224609375,3719960.0
2025-10-20,2482.355415118091,2511.35817987428,2475.327356452451,2490.47216796875,714986.0
2025-10-21,2487.502663750938,2493.6397091369963,2458.796902808329,2479.18798828125,107942.0
2025-10-23,2493.342597184148,2520.167731367252,2471.466973579269,2477.010009765625,811738.0
2025-10-24,2469.6853737363804,2481.266615533017,2461.07369351137,2476.218505859375,327596.0
2025-10-27,2476.218458796672,2504.3302111417024,2474.23875111988,2493.243896484375,550089.0
2025-10-28,2489.4822059889902,2502.944313788174,2466.715569512749,2483.840087890625,1103957.0
2025-10-29,2494.431676061437,2524.9192226571176,2487.007772263636,2512.94189453125,615292.0
2025-10-30,2509.774241369409,2512.941725110214,2487.799535942144,2497.89599609375,736486.0
2025-10-31,2497.7967185966363,2504.329849652434,2479.8805117059187,2485.32470703125,609128.0
2025-11-03,2470.873032398037,2489.7793368360453,2469.6852561586425,2486.710693359375,425210.0
2025-11-04,2484.533125103149,2495.421517284876,2454.540505578958,2461.469482421875,527087.0
2025-11-06,2534.124927247066,2604.305468247461,2534.124927247066,2576.490478515625,4448622.0
2025-11-07,2576.490477384487,2592.3281389100152,2558.772190218216,2587.280029296875,791663.0
2025-11-10,2587.2797982746247,2639.742047393502,2584.607241463536,2623.50830078125,1706880.0
2025-11-11,2623.5084476961592,2637.8613279758315,2606.6809328855093,2630.239501953125,776404.0
2025-11-12,2633.0112636282392,2809.8980998107063,2615.292976226382,2741.697265625,2859196.0
2025-11-13,2829.892812411752,2867.705419302586,2811.18467304877,2850.184814453125,5933630.0
2025-11-14,2836.030121469235,2880.3753768526763,2832.9614781294044,2876.910888671875,2494076.0
2025-11-17,2876.910927731072,2897.2029302084065,2850.7788846207886,2858.5986328125,1230683.0
2025-11-18,2861.1764220981377,2890.918380747806,2837.48209185684,2881.00439453125,1819066.0
2025-11-19,2888.935498428825,2890.9182956137456,2862.365967742759,2868.81005859375,1387906.0
2025-11-20,2872.478348268008,2881.10371014527,2827.964645752369,2835.201904296875,1062883.0
2025-11-21,2844.3226954020324,2870.693996016735,2829.550952496629,2851.857421875,857340.0
2025-11-24,2851.262387325988,2871.5860587238258,2839.8613033711026,2854.434814453125,5404326.0
2025-11-25,2874.9567705789004,2883.482895554625,2844.322649938532,2851.064208984375,972417.0
2025-11-26,2855.228177192067,2871.288787280634,2833.020943741294,2849.27978515625,570376.0
2025-11-27,2855.228099464809,2889.4313527396475,2846.701974295966,2854.3359375,1158685.0
2025-11-28,2855.227954340334,2865.042703617109,2831.236156743247,2849.676025390625,748446.0
2025-12-01,2852.947795413725,2862.663550417217,2823.5033044461416,2842.934814453125,499153.0
2025-12-02,2842.339893028985,2936.522763568836,2836.589732524731,2928.988037109375,2102147.0
2025-12-03,2943.462626521632,2943.66085784583,2907.3758120528328,2928.095947265625,1252456.0
2025-12-04,2924.6258944441,2960.01877635178,2908.763516711522,2931.763916015625,1466098.0
2025-12-05,2929.5829155349925,2947.923789963892,2915.703334886096,2942.966796875,944978.0
2025-12-08,2944.453821755753,2948.91511542508,2889.728667820144,2903.112548828125,983544.0
2025-12-09,2884.9701320664567,2888.4400274143027,2764.515193562651,2771.95068359375,1839391.0
2025-12-10,2785.830133839031,2799.709714577019,2772.644483729807,2780.37744140625,845073.0
2025-12-11,2775.916071979764,2787.416392522806,2739.4325551970373,2755.4931640625,777422.0
2025-12-12,2770.959233867517,2772.9420311726108,2722.3806998927384,2741.01904296875,977696.0
2025-12-15,2749.247592021404,2777.898915136412,2734.9713067620355,2756.286376953125,1029674.0
2025-12-16,2768.9763210091114,2783.847300176722,2752.2217812965405,2766.894287109375,916244.0
2025-12-17,2775.916061967917,2782.360152826057,2748.156901348238,2761.739013671875,636499.0
2025-12-18,2756.088086314156,2769.7694352946414,2731.6005894949667,2735.962646484375,417994.0
2025-12-19,2742.6050408185665,2788.2093772598632,2735.9627184841656,2775.81689453125,3895542.0
2025-12-22,2761.8383889023835,2798.817606705464,2756.3856963642547,2783.450927734375,463953.0
2025-12-23,2773.933414771508,2794.752786362001,2759.1616717450024,2783.649169921875,431068.0
2025-12-24,2783.6490084418188,2800.403547790722,2758.070876420582,2761.540771484375,512144.0
2025-12-26,2761.045313886708,2770.3643646289715,2719.406569476208,2722.87646484375,532078.0
2025-12-29,2722.8762650599865,2769.769467423096,2711.475181117445,2751.527587890625,815529.0
2025-12-30,2746.4717350000174,2768.3814999924343,2717.423706078166,2734.574951171875,4833527.0
2025-12-31,2731.3031868660014,2772.74369741969,2731.2039501881377,2745.678466796875,1274705.0
2026-01-01,2752.0234326268005,2758.764991896357,2722.479946307838,2728.3291015625,327945.0
2026-01-02,2732.096407643364,2774.92478028137,2732.096407643364,2748.751953125,508884.0
2026-01-05,2746.174205723587,2803.675326276644,2745.182807093362,2791.382080078125,866733.0
2026-01-06,2795.7441325994646,2823.899756834903,2787.416480935653,2821.322265625,875891.0
2026-01-07,2821.322161393437,2830.145512045567,2777.0066927411867,2785.235107421875,636748.0
2026-01-08,2770.9591147468823,2780.575632855042,2746.2733861759625,2762.5322265625,620031.0
2026-01-09,2765.902889951143,2832.1283656204937,2762.234763496008,2801.19677734375,1657381.0
2026-01-12,2801.6924515836354,2875.0559481926903,2783.847276732784,2871.48681640625,1743901.0
2026-01-13,2875.055989599304,2889.4312695473,2846.1071983880256,2861.473876953125,1051986.0
2026-01-14,2859.193674606754,2859.193674606754,2783.153447410751,2789.696533203125,958254.0
2026-01-15,2789.696533203125,2789.696533203125,2789.696533203125,2789.696533203125,0.0
2026-01-16,2763.920124898385,2802.188208571498,2726.841913205698,2733.186767578125,1143463.0
2026-01-19,2733.186726726262,2762.3339910381023,2701.263739943396,2730.311767578125,1342048.0
2026-01-20,2716.432154439653,2716.531391115573,2646.340322074472,2652.586181640625,911151.0
2026-01-21,2647.0342883114345,2664.879463288815,2625.223518894636,2638.2109375,914318.0
2026-01-22,2642.374853390455,2706.4190605473364,2642.374853390455,2680.543701171875,1290346.0
2026-01-23,2680.543572613381,2758.9630563425376,2667.6553908637447,2680.4443359375,1786635.0
2026-01-27,2696.5051440901416,2711.177892805429,2524.101012297416,2600.240478515625,3818761.0
2026-01-28,2513.195467623375,2526.5793488119016,2429.917984672541,2490.195068359375,3430002.0
2026-01-29,2490.1950274985406,2493.2682179040366,2389.270602598885,2395.218994140625,3488159.0
2026-01-30,2396.2104772047783,2423.969638711495,2379.8523998883206,2407.413330078125,2048843.0
2026-02-02,2354.4725989007534,2408.603062968766,2351.597639580948,2381.339599609375,1183482.0
2026-02-03,2503.2815202051024,2503.2815202051024,2370.434104875406,2405.133056640625,2233860.0
2026-02-04,2409.098571916173,2442.607892641496,2396.3096269309112,2431.603271484375,970973.0
2026-02-05,2423.969609356947,2434.6767627880085,2381.9344049720994,2411.1806640625,1047405.0
2026-02-06,2411.081385424528,2422.9781685762937,2365.576286685293,2380.447265625,1043982.0
2026-02-09,2383.322288866424,2405.331289881264,2376.184267191432,2396.60693359375,669839.0
2026-02-10,2398.1933923938204,2399.1847910678152,2366.3693981423053,2373.011962890625,1513620.0
2026-02-11,2378.3652334566027,2385.0075556462834,2355.8605337199,2371.921142578125,3177710.0
2026-02-12,2377.3738747553025,2393.137015890912,2356.5545038754603,2389.766357421875,607767.0
2026-02-13,2388.180096666005,2391.055297957956,2339.800036472352,2346.045654296875,675635.0
2026-02-16,2339.700828939525,2384.413005156297,2336.5284016474056,2376.580810546875,683108.0
2026-02-17,2378.8609048949324,2431.305793229297,2378.8609048949324,2416.434814453125,1004356.0
2026-02-18,2419.0126162907773,2427.14203651116,2395.71474887978,2411.1806640625,551809.0
2026-02-19,2399.184707815805,2407.115896932551,2370.533383947832,2380.14990234375,971600.0
2026-02-20,2357.7441514901498,2414.7495721840155,2355.662359610956,2407.215087890625,790329.0
2026-02-23,2403.8442762441377,2425.5560520661024,2390.7578623742984,2408.80126953125,634365.0
2026-02-24,2392.245001597522,2420.4998638211146,2383.0249455164217,2392.34423828125,499660.0
2026-02-25,2395.219015892177,2407.016562407496,2379.356638303487,2395.615478515625,526764.0
2026-02-26,2395.318382184249,2401.3657687427703,2361.5115913027257,2374.300537109375,588742.0
2026-02-27,2364.4858313259697,2376.977551402081,2338.7094658691667,2355.761474609375,2531619.0
2026-03-02,2280.2168323371657,2317.7907433233195,2263.8587550617035,2287.255859375,2528308.0
2026-03-04,2241.254922068388,2271.1951134569463,2197.236917991508,2265.544189453125,1610358.0
2026-03-05,2265.5440929266383,2293.105023152167,2234.315036191103,2268.121826171875,925040.0
2026-03-06,2242.2461232483765,2288.0486893030497,2234.314934596808,2259.89306640625,979742.0
2026-03-09,2181.077101186327,2210.8190616570496,2143.998887282437,2201.6982421875,2198153.0
2026-03-10,2232.233312704302,2285.2731408487366,2232.233312704302,2260.785400390625,1192174.0
2026-03-11,2270.3028787592407,2282.199662403394,2206.853365990424,2212.8017578125,687786.0
2026-03-12,2189.008069544688,2230.547573323493,2182.068279469138,2202.094482421875,1384055.0
2026-03-13,2185.736493312427,2200.6074726410466,2171.162981978515,2177.904541015625,949233.0
2026-03-16,2166.602530791707,2208.637979123367,2156.3913182449023,2198.624755859375,1111587.0
2026-03-17,2198.624813304225,2242.0481240756235,2198.1291139621785,2218.948486328125,875461.0
2026-03-18,2215.8750606338967,2250.871236838399,2209.430969870703,2242.642822265625,844912.0
2026-03-19,2200.9050648123,2219.741639691324,2161.844053721548,2167.197509765625,889334.0
2026-03-20,2191.883035494523,2205.366153071308,2166.205908950689,2176.516357421875,875920.0
2026-03-23,2161.249006053164,2161.249006053164,2096.8080953222207,2103.053955078125,978398.0
2026-03-24,2165.2146480848346,2205.3662933446494,2134.7787579873834,2198.228271484375,1561016.0
2026-03-25,2205.961163225384,2270.005368767247,2202.887730691226,2250.673095703125,1270855.0
2026-03-27,2226.978883613762,2249.483585042764,2182.167712081868,2188.413330078125,1089010.0
2026-03-30,2166.503380287283,2183.951850191729,2132.498360349631,2146.576171875,1513565.0
2026-04-01,2205.6636307072044,2227.276168370157,2179.4905627154985,2206.655029296875,1209900.0
2026-04-02,2166.206128976487,2166.305365661368,2123.972448135313,2150.34375,1854061.0
2026-04-06,2150.3435162351893,2174.335313420828,2127.4421122612302,2165.511962890625,2048228.0
2026-04-07,2149.0548763211227,2179.7882354882618,2126.550174629453,2167.395751953125,1793007.0
2026-04-08,2264.850100281215,2316.7992900724025,2225.888086917488,2262.76806640625,2914767.0
2026-04-09,2255.431824787587,2269.9063412266696,2232.629656888636,2250.078369140625,1980060.0
2026-04-10,2248.194699729472,2356.4553853234625,2248.194699729472,2340.394775390625,3018178.0
2026-04-13,2260.289615713424,2342.1792384979185,2242.5436772411817,2332.166015625,1734562.0
2026-04-15,2379.8523513508994,2405.133015778913,2360.520078553006,2402.258056640625,1182431.0
2026-04-16,2414.0555975912685,2425.5559181989383,2390.8569671041973,2419.31005859375,1496210.0
2026-04-17,2404.141606912985,2464.7161582374533,2396.706117407068,2442.80615234375,1286575.0
2026-04-20,2448.7545957036955,2502.091889961572,2435.3707143101733,2495.152099609375,1203157.0
2026-04-21,2494.656448384103,2559.7912906799447,2492.0787151016143,2521.7216796875,1681872.0
2026-04-22,2478.496591328449,2549.8772931587087,2478.496591328449,2540.85546875,1126584.0
2026-04-23,2508.238527355777,2519.837842888377,2488.41055480751,2499.71240234375,1378614.0
2026-04-24,2499.712430463009,2517.061906637907,2449.4485678958704,2463.724853515625,436871.0
2026-04-27,2481.470673800435,2498.1262185409096,2454.20721254214,2463.82373046875,452134.0
2026-04-28,2453.711703700179,2477.5052717360595,2434.974365688199,2441.41845703125,556571.0
2026-04-29,2448.6554645929264,2456.586653908799,2417.6248800271264,2426.25,603585.0
2026-04-30,2405.8269334704287,2434.7757241733725,2364.981359571152,2423.473876953125,823684.0
2026-05-01,2423.473876953125,2423.473876953125,2423.473876953125,2423.473876953125,0.0
2026-05-04,2438.8405150757653,2485.43624849388,2421.292808558354,2427.04296875,581159.0
2026-05-05,2409.0986328125,2433.7843614929498,2394.227653597608,2409.0986328125,327682.0
2026-05-06,2438.840730371055,2507.24723866195,2419.4092196054808,2497.333251953125,1395987.0
2026-05-07,2512.799090655162,2533.8166934225105,2489.699453926799,2508.83349609375,1053513.0
2026-05-08,2518.1524303726387,2584.972598834762,2493.7639281283514,2577.537109375,2327900.0
2026-05-11,2556.7177847784324,2585.468344538891,2533.023454757636,2544.028076171875,1271257.0
2026-05-12,2524.2990937915256,2533.717380591815,2478.496526391938,2483.94921875,628802.0
2026-05-13,2532.032154072725,2619.6716979847315,2532.032154072725,2595.085205078125,3515018.0
2026-05-14,2597.464479177054,2642.7713493560886,2587.5504926153094,2599.6455078125,1040916.0
2026-05-15,2599.6455492931773,2617.2924940627995,2570.498525152845,2583.1884765625,796240.0
2026-05-18,2557.907795315493,2596.869569262112,2534.0149906453235,2591.51611328125,898479.0
2026-05-19,2606.3869513982067,2623.240727805118,2572.7786352618723,2578.330322265625,688639.0
2026-05-20,2539.963249067585,2591.515976995576,2539.963249067585,2576.24853515625,586190.0
2026-05-21,2602.421372732025,2625.52100894384,2568.515588398281,2576.44677734375,1031843.0
2026-05-22,2583.684151755406,2641.7799681669367,2577.8347544208896,2617.09423828125,1556434.0
2026-05-25,2649.0172659355308,2661.013286747998,2630.378922392816,2634.939453125,815621.0
2026-05-26,2627.2063736290493,2641.383422468467,2613.227556107807,2624.232177734375,486267.0
2026-05-27,2622.0512104312984,2666.4659185712258,2619.275245789924,2648.91796875,858457.0
2026-05-28,2648.91796875,2648.91796875,2648.91796875,2648.91796875,0.0
2026-05-29,2653.081899183728,2724.56159325931,2608.964661335609,2648.62060546875,5062328.0
2026-06-01,2709.095901351661,2754.8984680974218,2604.106644768003,2609.757568359375,2224344.0
2026-06-02,2603.511962617927,2649.1162982589444,2585.468314449159,2637.814208984375,1026319.0
2026-06-03,2629.288299864542,2652.982629371886,2602.1238332482144,2639.49951171875,958774.0
2026-06-04,2640.9868104093725,2675.5867690885616,2622.15023574918,2638.706787109375,1840743.0
2026-06-05,2643.0686735140903,2676.577994677205,2642.077274911872,2663.590576171875,1615011.0
2026-06-08,2620.5640072762417,2651.9912949616705,2607.477593967183,2636.3271484375,1262904.0
2026-06-09,2643.2668941356555,2695.6127885292044,2638.607369132209,2684.806640625,1416560.0
2026-06-10,2687.7809874156337,2720.397906312803,2676.776365541024,2691.74658203125,1395772.0
2026-06-11,2670.728590329697,2683.4185408112085,2648.025659217817,2667.75439453125,771558.0
2026-06-12,2702.255252386737,2729.320483944781,2686.0954059806704,2723.7685546875,1078025.0
2026-06-15,2796.041569265256,2808.3348153056413,2706.518225699372,2715.73828125,2752021.0
2026-06-16,2717.423619460817,2747.1655780831534,2711.4752277363496,2724.462646484375,962931.0
2026-06-17,2740.2258274031,2745.083583898793,2708.9967703976017,2714.449462890625,557209.0
2026-06-18,2721.3892363671166,2741.2172089453834,2704.7336909932365,2731.30322265625,600888.0
2026-06-19,2729.2212838160262,2729.2212838160262,2695.4147346165373,2709.393310546875,838991.0
2026-06-22,2719.109039101212,2732.790388930441,2647.034405385191,2651.0,1033475.0
2026-06-23,2669.0,2695.39990234375,2650.10009765625,2661.199951171875,1182151.0
2026-06-24,2662.0,2687.60009765625,2653.60009765625,2667.5,1264476.0
2026-06-25,2690.0,2690.699951171875,2637.10009765625,2645.199951171875,2050810.0
2026-06-26,2645.199951171875,2645.199951171875,2645.199951171875,2645.199951171875,0.0
2026-06-29,2631.300048828125,2687.800048828125,2630.0,2656.89990234375,4752587.0
2026-06-30,2658.0,2672.10009765625,2630.300048828125,2635.699951171875,1821479.0
2026-07-01,2648.0,2723.0,2624.0,2716.39990234375,1097512.0
2026-07-02,2720.0,2759.89990234375,2711.0,2744.5,1629567.0
2026-07-03,2744.0,2762.39990234375,2730.0,2737.800048828125,472124.0
2026-07-06,2724.0,2758.0,2722.0,2754.89990234375,504943.0
2026-07-07,2750.0,2751.800048828125,2726.39990234375,2731.39990234375,489066.0
2026-07-08,2676.60009765625,2713.10009765625,2653.300048828125,2665.89990234375,1481672.0
2026-07-09,2658.0,2722.800048828125,2656.0,2673.800048828125,918568.0
2026-07-10,2695.0,2728.199951171875,2672.89990234375,2677.800048828125,982095.0
2026-07-13,2650.5,2664.39990234375,2630.10009765625,2652.10009765625,1107802.0
2026-07-14,2604.0,2655.89990234375,2579.89990234375,2641.0,975301.0
2026-07-15,2644.89990234375,2684.0,2644.89990234375,2670.0,809114.0
2026-07-16,2688.0,2693.10009765625,2660.10009765625,2674.699951171875,455037.0
2026-07-17,2665.0,2700.0,2665.0,2689.0,452284.0
2026-07-20,2689.0,2708.5,2666.699951171875,2691.39990234375,571087.0
2026-07-21,2695.0,2720.0,2680.5,2692.39990234375,1000078.0
2026-07-22,2683.0,2700.0,2665.60009765625,2692.800048828125,528096.0
2026-07-23,2671.10009765625,2693.39990234375,2656.0,2668.800048828125,584245.0
2026-07-24,2620.10009765625,2657.10009765625,2620.10009765625,2637.89990234375,645563.0
2026-07-27,2665.800048828125,2723.89990234375,2664.300048828125,2710.199951171875,715239.0
2026-07-28,2712.0,2749.800048828125,2706.300048828125,2736.199951171875,1282146.0
2026-07-29,2746.199951171875,2864.0,2718.5,2758.39990234375,3803474.0
2026-07-30,2758.10009765625,2767.89990234375,2666.199951171875,2746.199951171875,2387024.0
2026-07-31,2773.89990234375,2774.89990234375,2732.39990234375,2747.300048828125,891738.0
2026-08-03,2770.89990234375,2810.0,2762.10009765625,2810.0,1040453.0
2026-08-04,2774.89990234375,2807.300048828125,2732.39990234375,2775.0,820097.0
2026-08-05,2787.0,2787.0,2748.699951171875,2760.0,688876.0
2026-08-06,2788.0,2788.0,2741.60009765625,2755.0,797083.0
2026-08-07,2755.0,2755.0,2695.0,2735.0,1067986.0
2026-08-10,2724.699951171875,2761.5,2713.5,2750.0,977656.0
2026-08-11,2742.10009765625,2747.60009765625,2720.0,2735.5,951134.0
2026-08-12,2733.199951171875,2748.39990234375,2698.199951171875,2740.0,648174.0
2026-08-13,2725.0,2755.5,2720.0,2755.5,579435.0
2026-08-14,2751.0,2751.0,2690.300048828125,2696.300048828125,667311.0
2026-08-17,2694.5,2714.60009765625,2687.5,2687.5,312900.0
2026-08-18,2663.10009765625,2670.10009765625,2610.10009765625,2628.39990234375,1017022.0
2026-08-19,2625.0,2634.89990234375,2601.0,2630.800048828125,742443.0
2026-08-20,2635.10009765625,2641.800048828125,2607.0,2625.199951171875,476939.0
2026-08-21,2620.199951171875,2644.0,2615.5,2640.0,330334.0
2026-08-24,2640.39990234375,2642.699951171875,2622.0,2640.800048828125,355289.0
2026-08-25,2631.0,2640.0,2605.199951171875,2639.800048828125,479480.0
2026-08-26,2660.89990234375,2678.699951171875,2626.5,2626.5,339110.0
2026-08-27,2637.89990234375,2655.89990234375,2627.89990234375,2631.0,525106.0
2026-08-28,2645.0,2645.0,2583.800048828125,2608.699951171875,482544.0
2026-08-31,2590.0,2653.60009765625,2561.10009765625,2653.60009765625,1381178.0
2026-09-01,2645.300048828125,2645.300048828125,2545.199951171875,2575.5,1046523.0
2026-09-02,2548.0,2548.0,2510.699951171875,2527.5,497889.0
2026-09-03,2530.0,2544.0,2515.10009765625,2541.60009765625,589499.0
2026-09-04,2540.0,2553.89990234375,2519.800048828125,2527.300048828125,399368.0
2026-09-07,2511.10009765625,2523.5,2489.699951171875,2500.89990234375,240336.0
2026-09-08,2499.0,2499.0,2474.10009765625,2481.60009765625,373248.0
2026-09-09,2459.10009765625,2489.0,2457.39990234375,2489.0,432840.0
2026-09-10,2485.10009765625,2498.10009765625,2468.60009765625,2498.10009765625,549332.0
2026-09-11,2453.199951171875,2472.5,2442.800048828125,2472.5,653006.0
2026-09-14,2472.5,2472.5,2472.5,2472.5,0.0
2026-09-15,2472.5,2473.0,2402.800048828125,2402.800048828125,539643.0
2026-09-16,2405.10009765625,2444.5,2397.39990234375,2416.60009765625,591671.0
2026-09-17,2424.0,2454.0,2421.0,2454.0,486007.0
2026-09-18,2455.699951171875,2474.0,2438.0,2451.300048828125,1000730.0
2026-09-21,2450.0,2463.800048828125,2440.300048828125,2440.300048828125,268147.0
2026-09-22,2475.10009765625,2475.10009765625,2435.60009765625,2448.5,414715.0
2026-09-23,2469.0,2471.89990234375,2448.199951171875,2455.0,398823.0
2026-09-24,2430.0,2437.800048828125,2391.0,2392.699951171875,259577.0
2026-09-25,2401.9,2451.0,2397.0,2444.0,426982.0
