Date,Open,High,Low,Close,Volume
2021-09-23,68.87100034536024,69.6438682725203,68.22694483133877,68.39869689941406,20391244.0
2021-09-24,68.74219205113933,68.87099790804805,66.72414627061924,66.85295867919922,23102595.0
2021-09-27,67.11058578944619,68.35575716103239,66.81002786027071,66.98177337646484,25777269.0
2021-09-28,67.32526266392034,68.44162148495444,67.15351061722001,68.22693634033203,22838831.0
2021-09-29,67.79757415000003,70.41673584793953,67.11058553614495,70.15911102294922,53912004.0
2021-09-30,70.11617649933794,71.87659092886739,69.77267892353396,70.2020492553711,37128256.0
2021-10-01,69.94442853646575,71.70484962088061,68.69925712180178,70.80316925048828,39414564.0
2021-10-04,71.23253052016486,72.73532657798833,71.06078501993909,72.43476867675781,37506487.0
2021-10-05,72.09126996053212,72.90707745260832,70.97491112374946,71.5760269165039,27059658.0
2021-10-06,71.87659392046251,73.67995463057369,70.4167373521237,70.67436218261719,37820587.0
2021-10-07,71.61897321672379,72.86414456804881,71.36134839495311,72.13421630859375,25229829.0
2021-10-08,72.77826489379511,76.34203964730624,71.57602675925666,75.65504455566406,81657382.0
2021-10-11,77.02903550886549,77.4584058440357,74.79631107631472,75.13980865478516,73810234.0
2021-10-12,75.09686186266364,76.2132272486645,74.10931542697529,75.65504455566406,50251340.0
2021-10-13,76.38497438041938,76.55672643284089,75.18274277182329,75.44036102294922,37149033.0
2021-10-14,75.78385602924186,76.72846935496626,75.65504363217246,76.21322631835938,35030330.0
2021-10-18,77.71602398278159,80.29224577226607,76.64259823716307,79.90581512451172,109088221.0
2021-10-19,81.15098516533159,81.49448270916979,76.04148131262714,76.72846984863281,80356848.0
2021-10-20,76.51378589144711,79.9487482798548,74.62455919849121,79.1758804321289,76835176.0
2021-10-21,80.16344272235993,82.35323411949746,78.48890098455236,81.966796875,130557379.0
2021-10-22,82.61084841950318,83.64134113686983,80.54987608811241,81.19393157958984,82861993.0
2021-10-25,82.0097361747465,86.0458148108455,80.8074978943112,82.86847686767578,142700372.0
2021-10-26,83.21197818418122,88.79379293836084,82.86848058128196,85.78820037841797,148211296.0
2021-10-27,86.64693216325668,89.09434168474434,84.92945087776764,88.1067886352539,70719485.0
2021-10-28,86.04580494915741,87.11923069229395,83.64133521553401,83.98483276367188,62486211.0
2021-10-29,83.21196793349377,86.86161559240428,79.86287818321816,83.72721099853516,76217130.0
2021-11-01,84.50009052148506,85.35883126550081,83.51253735553254,85.05827331542969,30772894.0
2021-11-02,84.97238059030877,88.27853717436669,84.84357474037066,87.84916687011719,61862153.0
2021-11-03,88.19266377706639,89.60958718629318,86.04581211207771,86.64693450927734,69238647.0
2021-11-04,87.89210347456778,88.66497136337208,87.59154555994142,88.1067886352539,10830881.0
2021-11-08,88.45028064833893,91.3699999606571,87.11923011500146,90.72594451904295,66190588.0
2021-11-09,91.1982521095742,92.05699273791924,89.91014116705665,91.32706451416016,53688615.0
2021-11-10,90.425401822878,92.7439991817531,85.23001776656476,86.47518920898438,113046964.0
2021-11-11,87.84916570699255,88.53615425369348,86.08874486220923,86.99042510986328,52639047.0
2021-11-12,87.80622353847785,88.23559382472958,85.70231175651266,87.03335571289062,25655521.0
2021-11-15,87.59154567442265,87.97797634349429,84.1565830989551,84.92945098876953,25227908.0
2021-11-16,85.01531911450763,85.83112006109974,82.48203697368305,83.0831527709961,29306507.0
2021-11-17,82.43909866312364,84.88650809435094,82.00972835758654,83.77014923095703,36609592.0
2021-11-18,84.07070905656747,84.75769763013058,82.1385426374763,82.6537857055664,33211505.0
2021-11-22,82.86847225927748,83.21196982768127,76.8143480901333,78.01658630371094,48614287.0
2021-11-23,77.28666305890522,80.54988034206096,76.77141994884683,80.20638275146484,39536347.0
2021-11-24,80.5069421157378,81.7950531895896,79.69114105630034,80.16344451904297,30226185.0
2021-11-25,80.07756062314236,80.37811852158138,79.04707452801689,79.90581512451172,31171968.0
2021-11-26,79.00413704676909,79.00413704676909,75.56917456647479,76.29910278320312,51003702.0
2021-11-29,75.6550445102614,76.08441480436241,73.03588964724779,74.06637573242188,33701300.0
2021-11-30,74.23812448442168,76.2132305445546,73.164698702104,73.63700866699219,30142735.0
2021-12-01,74.36693933480838,75.52623790751042,73.59407143578326,75.18274688720703,30727942.0
2021-12-02,74.79630396694672,75.91266935294757,74.23812127394629,75.65504455566406,21585217.0
2021-12-03,75.39742311027727,77.80189272564066,75.1827379722089,76.08441162109375,28211821.0
2021-12-06,76.59965924948594,77.24371470243005,74.49574739053682,74.75337219238281,24712723.0
2021-12-07,75.9556028840142,77.28665342477588,75.39742673950524,76.90022277832031,21988255.0
2021-12-08,77.50134272375685,79.26176365560205,77.15784515758325,79.09001159667969,29858717.0
2021-12-09,79.3046914123896,79.77700135300913,78.14539293738885,79.21881866455078,21178261.0
2021-12-10,79.17589017645376,81.32274193342562,78.27421636952855,80.89337158203125,33983368.0
2021-12-13,81.5803604563287,81.83798526791188,79.7340667777723,79.99169158935547,22565314.0
2021-12-14,79.26176202929821,79.9058174957822,78.14539660005755,79.30469512939453,16368468.0
2021-12-15,78.9182661400174,79.90581918652285,77.24371796072437,77.5013427734375,19024060.0
2021-12-16,78.1453888034915,78.74650455823483,75.56916719458519,76.12734985351562,18541507.0
2021-12-17,75.91266589834275,76.08441138760219,72.69238883719984,72.90707397460938,29601923.0
2021-12-20,71.87658932172013,71.91952897461225,67.92638366747865,68.82806396484375,34196245.0
2021-12-21,69.38624466198715,70.63141593933746,67.45407826850983,67.79756927490234,27610330.0
2021-12-22,68.26987667515853,70.28791574453032,67.5828815848031,68.5704345703125,39202046.0
2021-12-23,69.38624531848255,70.41673145075197,68.8709957006768,69.729736328125,23073036.0
2021-12-24,69.90148439938919,70.1161695440116,67.7116933035724,68.22693634033203,23406108.0
2021-12-27,67.41113608804962,68.78511971708973,66.16596485740999,68.5704345703125,26525913.0
2021-12-28,69.55798731106286,69.72973280721202,68.78511947505024,69.47211456298828,20504216.0
2021-12-29,69.12862212469834,69.90149001779318,69.0427493702814,69.51505279541016,19184063.0
2021-12-30,69.17156153296717,69.21449463418811,68.35575398971514,68.82806396484375,20421280.0
2021-12-31,68.78512564298165,70.67435902838263,68.78512564298165,70.37379455566406,22468020.0
2022-01-03,70.07323016785462,72.220081622456,70.07323016785462,71.96246337890625,21177306.0
2022-01-04,72.22009299589136,72.69240301095273,71.36135227881377,72.04834747314453,24456776.0
2022-01-05,71.96246068034155,73.72287487609739,71.66189624663184,72.90707397460938,33925654.0
2022-01-06,71.66190149035077,74.96805808971537,71.4901559885242,74.36693572998047,34206729.0
2022-01-07,74.79630717744574,76.0414850155354,74.28106411243358,75.22567749023438,39877581.0
2022-01-10,75.65504038639688,79.39056043112272,75.31154285950556,79.13294219970703,42535778.0
2022-01-11,79.1758804321289,79.81993587995535,78.40301913607384,79.1758804321289,27427262.0
2022-01-12,79.51938095465906,80.2922488312837,79.09001064005325,79.648193359375,23947845.0
2022-01-13,79.51937680708394,81.27979762581602,79.17587926298125,80.6357421875,25289041.0
2022-01-14,79.94875011396212,81.2368610391656,79.81993771110758,80.37812042236328,17230925.0
2022-01-17,79.99168446463098,81.3227284014672,79.99168446463098,80.50692749023438,14506863.0
2022-01-18,80.59280228498392,82.35322309819777,78.74650872393126,79.21881866455078,36750278.0
2022-01-19,79.21882254043956,82.73965778745823,78.57476707263112,82.31028747558594,35333475.0
2022-01-20,82.39615907973831,83.72720964866755,82.05266807636256,83.04021453857422,37096905.0
2022-01-21,82.09560430641469,82.18147706053311,78.61770862708441,79.60525512695312,39203300.0
2022-01-24,79.26176041177568,80.3781192665634,77.88777020331254,79.51937866210938,56181631.0
2022-01-25,79.00414574327807,85.61644662503593,78.61771504237637,84.5859603881836,65620823.0
2022-01-27,83.29784706594863,89.30903190575935,82.52497913335294,88.8796615600586,94518500.0
2022-01-28,89.69545510163022,91.4558759925783,88.23559866889596,88.7079086303711,56977661.0
2022-01-31,89.26608763361203,93.08748744370612,88.49322629266085,92.35755920410156,61044762.0
2022-02-01,93.25923113736886,93.86035350956296,87.93504185034152,91.1553192138672,86624214.0
2022-02-02,91.75644420989656,94.63322429865228,91.19826143406712,93.94623565673828,47769665.0
2022-02-03,93.68860549331652,96.0930819824564,93.17336240326408,94.07504272460938,54520992.0
2022-02-04,94.289732374705,95.62077654132275,91.1553274796509,91.4988250732422,45581685.0
2022-02-07,93.43098997309777,100.6444065494113,92.95867997151151,96.99475860595705,177298544.0
2022-02-08,97.89643673954276,101.589024254773,95.74958505665803,101.28845977783205,115380004.0
2022-02-09,101.76076257808838,102.01838738249874,98.32580012819508,98.62635803222656,61784484.0
2022-02-10,99.09866568068826,99.95740627315232,97.5529299935846,98.49754333496094,40178477.0
2022-02-11,97.6388156301595,99.14161186533056,96.60832940385372,97.510009765625,33757340.0
2022-02-14,93.6027301583786,94.80496836982962,90.38245274467292,91.11238098144533,50506830.0
2022-02-15,91.54175425107177,94.89084417950625,89.35196947023982,94.5902862548828,61851795.0
2022-02-16,95.36314840613382,95.5348939093474,91.58468837039622,91.88524627685548,45599684.0
2022-02-17,92.8298615915353,93.001613650016,90.5112644912505,90.76888275146484,29911159.0
2022-02-18,90.4253896540288,92.48636189493384,90.16776484808018,90.46832275390624,31422298.0
2022-02-21,90.4683211163354,91.11237656787787,88.27853651209341,89.0943374633789,40170256.0
2022-02-22,86.90454364718978,90.8547555370653,85.05825665062221,90.03894805908203,51955994.0
2022-02-23,90.16776773050049,93.55979065778892,90.03895532340837,92.52930450439452,62092144.0
2022-02-24,88.27854241680502,90.68301233238962,85.95993870516442,86.30343627929688,70341673.0
2022-02-25,89.30902461622647,93.30216981565157,88.49322364665049,91.7135009765625,61465709.0
2022-02-28,89.73840400088159,92.74399647938002,89.39490640729029,91.4988250732422,41283452.0
2022-03-02,90.9835572918728,91.36999446459888,87.37684965645154,88.53614807128906,47475131.0
2022-03-03,89.73839716680274,90.42539230166682,87.72035796668733,88.1067886352539,41511333.0
2022-03-04,86.34637451171875,88.57909887932315,85.91700418903824,86.34637451171875,47496069.0
2022-03-07,84.24245291453333,86.30343169825878,78.14539586608505,79.69113159179688,84678404.0
2022-03-08,80.46398802958483,84.6288849961478,79.17587718673126,83.68426513671875,72203819.0
2022-03-09,84.15658450718085,85.18707067639619,83.04021903080483,84.88651275634766,51266334.0
2022-03-10,87.7632883129066,90.55419531421892,86.90454769711819,87.46273040771484,71291981.0
2022-03-11,87.41980243383607,89.91014512430829,86.68986762627902,89.65252685546875,40767554.0
2022-03-14,90.12482174089448,92.31461285248211,88.92259016368712,91.79936981201172,45750608.0
2022-03-15,92.22874664957752,93.51685761800272,90.3824529511672,90.94063568115234,46827034.0
2022-03-16,92.3146207609928,93.34510693021444,91.8423107782913,92.48636627197266,27985666.0
2022-03-17,94.24678558298118,94.2897252358059,92.27167948312496,92.7010498046875,32425892.0
2022-03-21,92.65811743158156,93.04454810335574,90.81182372402137,91.45587921142578,24879006.0
2022-03-22,91.19825136243978,92.27167713907713,88.87965430557153,91.7135009765625,32477182.0
2022-03-23,92.09993634392234,93.73154491815824,90.9406377562212,91.24119567871094,27104882.0
2022-03-24,90.55419684167308,92.74398806953896,90.21070583090054,91.1553192138672,26545928.0
2022-03-25,91.67056655883788,93.6027330671038,91.28413587785326,93.1733627319336,40572355.0
2022-03-28,93.55979479658195,96.47951442925356,92.14287791090248,96.13601684570312,46409385.0
2022-03-29,96.608319582641,97.12356264341425,95.06258384865036,95.79251861572266,32359109.0
2022-03-30,96.8230127368057,98.71223963295282,96.22189687485113,97.8964385986328,100828273.0
2022-03-31,96.95182233266632,97.38119266491756,95.36315341367096,95.83545684814452,28030563.0
2022-04-01,95.83544701393512,99.95740440123863,95.62076186983954,99.61390686035156,30941452.0
2022-04-04,99.78565607570138,100.47265118309171,98.92691546729888,99.69978332519533,29356607.0
2022-04-05,99.95740440123863,101.20257561632476,98.32579599577804,99.61390686035156,28093579.0
2022-04-06,99.31334995081612,103.86467111963692,98.88397965838,102.96299743652344,36964790.0
2022-04-07,102.92006781569424,105.28160465421388,101.28845923511004,102.36188507080078,44284867.0
2022-04-08,102.87712537121782,103.77879906031616,101.28845003732263,103.3064956665039,27463874.0
2022-04-11,103.6929263115931,105.36746784254058,102.70537332210093,103.3064956665039,17762107.0
2022-04-12,102.96300343989728,103.82174407483942,100.55852704139085,103.1776885986328,23810157.0
2022-04-13,103.77880683066743,104.294049913255,102.27601068464548,102.57656860351562,18304816.0
2022-04-18,101.93251335601354,101.93251335601354,97.25237939645528,97.81056213378906,41375448.0
2022-04-19,98.75517675157194,100.21503326549184,95.83545717206076,97.08063507080078,29839721.0
2022-04-20,97.68174398678693,98.32579944164485,95.66370487189955,96.6941909790039,21822195.0
2022-04-21,97.51000421420048,98.3258052176082,97.0376942322247,97.81056213378906,19921166.0
2022-04-22,96.9947531168486,97.85349376082836,95.49195698988396,95.7066421508789,17387240.0
2022-04-25,94.76202527510236,96.60831890223484,93.64566640990132,95.4490203857422,24586074.0
2022-04-26,96.95181553411494,99.52803734697008,96.65125763294937,99.18453979492188,28059744.0
2022-04-27,97.89642935788426,100.08622052997896,96.86594324846962,99.69978332519533,21756038.0
2022-04-28,100.25797304720136,100.30091270129483,98.54049171020434,99.35629272460938,20065882.0
2022-04-29,100.12915814732057,100.77321363268284,96.43657729557958,96.95182037353516,18089520.0
2022-05-02,95.66370714036904,97.2523759896898,95.19139717493832,96.82300567626952,14526547.0
2022-05-04,97.72468872382002,98.9698600473481,92.35755965400722,92.872802734375,31618133.0
2022-05-05,94.2038476756886,94.8908428235867,90.51126677283234,90.89769744873048,26515557.0
2022-05-06,89.48077664040471,90.85476697596182,87.59154975652089,90.12483215332033,25132051.0
2022-05-09,89.2660862206567,90.03895410104569,87.2480470425146,88.66497039794922,19017700.0
2022-05-10,88.45029237954923,90.25364654491446,86.04581579128119,86.7328109741211,16040305.0
2022-05-11,87.59154233579282,87.84916713980176,83.46958478167538,86.9474868774414,26776508.0
2022-05-12,85.87406328433629,86.13168809485774,81.92385768359104,82.48204040527344,24799413.0
2022-05-13,84.1565823203639,85.27294776773105,80.72161977667558,81.58036041259766,31856215.0
2022-05-16,82.43910425023375,86.26049760783125,81.15099324632385,85.74525451660156,38507596.0
2022-05-17,86.51812156691255,88.32147564407721,85.44469574102034,87.7203598022461,27647316.0
2022-05-18,87.7203521704343,88.19265556173293,85.10119076246002,85.40174865722656,20090443.0
2022-05-19,83.72721778094116,84.07071536935113,81.7950512167656,82.69673156738281,18567831.0
2022-05-20,84.32832292472412,85.83111895022755,84.15657742819202,85.40174865722656,17897990.0
2022-05-23,85.8311286108052,86.73280894826264,83.16903380490568,83.4266586303711,18586212.0
2022-05-24,83.512528194116,84.45714159857381,81.79504689449408,82.2673568725586,20019543.0
2022-05-25,82.65378125055605,83.81307972919075,79.86287435118663,80.6357421875,30311221.0
2022-05-26,81.49449292618424,85.01532845067591,79.47645361167928,84.45714569091797,36341295.0
2022-05-27,85.27294251596655,85.74524590563294,84.28538953514305,84.71475982666016,22370919.0
2022-05-30,85.70231262546004,87.5915392834545,85.57350022794435,87.20510864257812,25342786.0
2022-05-31,87.03336617960177,87.9779796126215,85.61644275423646,86.08875274658203,17234246.0
2022-06-01,86.73280219462889,88.0209131183115,85.87406157884048,87.46273040771484,20994336.0
2022-06-02,87.59154526188844,90.89769541487058,87.59154526188844,89.00846862792969,44232880.0
2022-06-03,89.91014455606343,90.2536421306832,87.59154739280477,87.7203598022461,16672450.0
2022-06-06,87.59154368551555,87.97797434581264,85.18706731661729,87.63448333740234,18544374.0
2022-06-07,87.07629833920541,88.66496714231711,86.64692803827408,87.50566864013672,17522351.0
2022-06-08,87.93504670283586,90.46832908126768,87.07630602517472,88.92259979248047,31448826.0
2022-06-09,88.6220406567709,90.46833453538528,87.97798510969649,90.2107162475586,25588925.0
2022-06-10,88.4502926791131,90.55420478721946,88.36441991888519,90.25364685058594,15753322.0
2022-06-13,87.76329757078754,88.40735310056829,84.5859595778712,85.83113098144531,22147285.0
2022-06-14,85.10119664494256,87.72035823396213,85.10119664494256,86.34637451171875,18606407.0
2022-06-15,86.73280594729985,87.67741935520353,85.35882221292441,85.9599380493164,15884977.0
2022-06-16,87.24804625326756,87.72035621803028,83.34078033767187,83.72721099853516,24322328.0
2022-06-17,84.83295404818706,85.71755209509423,83.24067486417516,84.08104705810547,21919900.0
2022-06-20,84.56758565146322,84.9214262774088,79.48114605672258,80.6311264038086,21703028.0
2022-06-21,81.47148582845925,86.1156259770565,81.16187783500905,84.96565246582031,28648481.0
2022-06-22,84.56758181940577,85.45217996971117,83.32914305918857,84.43489074707031,19542639.0
2022-06-23,84.21374084232984,86.55792728020835,83.5060663745399,85.31948852539062,27634072.0
2022-06-24,86.07140852185728,88.76942901265193,85.67333527803761,88.41558837890625,38285373.0
2022-06-27,89.43287260498327,90.00786275863648,88.10597536529822,88.4598159790039,14457696.0
2022-06-28,87.97327135562706,90.05208212461638,87.97327135562706,89.8309326171875,16394684.0
2022-06-29,88.72518954431574,90.05208665565279,88.19442530062275,89.47709655761719,16413604.0
2022-06-30,89.30017008975501,90.49438285162329,85.85024310775003,86.15985107421875,24612161.0
2022-07-01,86.33677755829798,86.51370123657695,84.56758126919783,85.76178741455078,32287305.0
2022-07-04,85.80601948010383,88.41558129048646,85.76178687357603,87.08868408203125,23659060.0
2022-07-05,87.22136950815113,89.12325673364627,87.08867844610303,87.2656021118164,19396972.0
2022-07-06,87.61944800537263,89.07902952953118,87.3098332588438,87.97328186035156,24812084.0
2022-07-07,89.07903016203947,93.5904860834846,88.9021132332938,92.88280487060548,65399001.0
2022-07-08,93.6347084872094,94.0327816856254,91.95397073033148,93.41355895996094,19420027.0
2022-07-11,92.79434735225864,97.2615639636377,92.35204827693704,96.90773010253906,34213586.0
2022-07-12,96.24428276965943,97.7480969461751,95.62506000660424,96.64234924316406,29735635.0
2022-07-13,96.86349257581452,97.74809068152972,95.66928648288858,95.93466186523438,15508962.0
2022-07-14,95.53659259336617,95.53659259336617,91.73281815164378,93.0597152709961,33537636.0
2022-07-15,93.7674060543295,94.12124667224872,91.37899369403443,92.04244232177734,15017788.0
2022-07-18,92.971262274331,95.80198034460555,92.21935521231757,95.5365982055664,22589938.0
2022-07-19,95.18275713877516,99.95958837553736,94.6962322181746,99.69420623779295,41577121.0
2022-07-20,100.57880608403585,101.19802883304004,98.41154333489168,99.11922454833984,25996979.0
2022-07-21,98.58845442121384,101.10956437662388,98.32307904360866,100.7999496459961,21547010.0
2022-07-22,101.55186972284514,103.0114512626098,100.53458050653325,102.70184326171876,32483787.0
2022-07-25,102.34800740592478,103.23260559179776,101.06534273598837,101.90570831298828,20171737.0
2022-07-26,102.613380268408,103.4095199133835,101.3749415705514,103.05567932128906,28833389.0
2022-07-27,103.27683204828308,105.0460283146348,102.61338344840117,104.60372924804688,18506988.0
2022-07-28,105.17872305663792,106.01908861291648,103.05568611310194,103.63067626953124,26055143.0
2022-07-29,104.78064689824498,105.93062717888944,102.25954355108402,102.83453369140624,25401430.0
2022-08-01,103.94027630740464,104.82487440363786,100.26919285824717,102.8787612915039,41880847.0
2022-08-02,102.87876440153516,109.29210079310162,102.56914965933557,107.69982147216795,70155980.0
2022-08-03,107.47867100551572,108.27481065904988,105.39986678441676,107.08060455322266,23838755.0
2022-08-04,107.43444104839878,108.18635486407264,102.70184236482751,104.91333770751952,32572271.0
2022-08-05,105.3556358440971,106.5940745748392,103.98451279312572,104.29412078857422,33906201.0
2022-08-08,104.29412125122496,105.88639384157264,103.0556825149891,104.60372924804688,14890797.0
2022-08-10,104.60373992722208,105.88640465169728,104.16144081547908,104.95758056640624,14205845.0
2022-08-11,105.93062217342384,109.9997720720497,105.797931109012,108.98248291015624,35838299.0
2022-08-12,108.805579487975,109.7786361661265,108.186363442501,108.93827056884766,19478756.0
2022-08-16,109.69016612182352,110.7959137641806,107.08060438543995,107.5229034423828,23764633.0
2022-08-17,108.14212685345024,112.3439681831344,107.34598714645723,111.99012756347656,35845276.0
2022-08-18,111.14975415494676,112.3439602567048,108.8498004128668,109.6017074584961,26352284.0
2022-08-19,109.86708134072256,110.13246347035076,105.7537055741208,106.4613800048828,28211583.0
2022-08-22,106.15177598110463,106.15177598110463,104.07297171793098,104.60372924804688,20822630.0
2022-08-23,103.49798094511546,109.6459352333016,103.49798094511546,109.2036361694336,28448397.0
2022-08-24,108.80556733979476,110.22092296353097,107.0806037278894,109.29209899902344,29911175.0
2022-08-25,109.77863124335909,113.22856544659984,109.73440538435057,111.37091064453124,39474725.0
2022-08-26,111.901662934428,114.599689918197,111.72474600881446,113.4939422607422,28327799.0
2022-08-29,109.73440090829654,112.25550423319328,108.053663108716,111.72474670410156,25846031.0
2022-08-30,112.65357912460524,116.14774605480568,112.65357912460524,115.74967956542967,27509622.0
2022-09-01,114.5996867557393,118.40346129199531,114.5996867557393,118.04961395263672,30532175.0
2022-09-02,119.11113094321834,119.15536354860608,115.66120368931126,116.0150375366211,18175077.0
2022-09-05,116.1035047305094,119.24383079613293,116.1035047305094,118.4034652709961,17447942.0
2022-09-06,119.0226772635031,119.86304276039904,116.855414614278,118.04961395263672,21626208.0
2022-09-07,118.00538489895754,119.06691345108068,117.3419363028287,118.71306610107422,13349849.0
2022-09-08,119.7303609140386,123.71105245313694,119.42074617295027,122.3841552734375,36381561.0
2022-09-09,123.40143900159664,125.34755218591351,121.76492706370726,122.1187744140625,27775278.0
2022-09-12,122.95915375649722,123.7552867629557,122.42838942025968,122.82646942138672,12457738.0
2022-09-13,123.40144233255997,123.62259187079034,122.38415985585878,122.64952850341795,9812372.0
2022-09-14,120.30533223257112,125.48023611379182,119.8630332170102,124.24179077148438,20471796.0
2022-09-15,125.43600896303674,125.43600896303674,122.91489906563562,123.8879623413086,15780850.0
2022-09-16,123.4014482341829,124.77257813636436,119.15537419751328,121.41110229492188,23988729.0
2022-09-19,121.0130257322908,126.89559784166694,120.61495927715715,124.77256774902344,30261992.0
2022-09-20,126.4090686499312,126.76291600422982,124.99371972642592,125.25910186767578,13983845.0
2022-09-21,125.2591057794248,126.71868735503612,123.8437433138224,125.03795623779295,20073329.0
2022-09-22,124.55141375461338,125.34754663634668,120.08419070114276,122.47260284423828,34947454.0
2022-09-23,122.42837493508388,122.95913920852374,116.5015702051875,117.2092514038086,41820198.0
2022-09-26,114.99775613036614,115.3958225866228,110.13246644792758,113.36124420166016,37331411.0
2022-09-27,114.51122995496978,116.28042628798714,111.90166806334852,113.00741577148438,26721004.0
2022-09-28,111.85742950439452,113.44970881897692,109.69016681133051,111.85742950439452,24312345.0
2022-09-29,113.93624784972074,115.17467989784608,110.57477207894152,112.74203491210938,26109674.0
2022-09-30,112.87472889578228,118.22654395288416,111.7689811465114,117.12079620361328,32119561.0
2022-10-03,116.6784835756072,118.3149954539415,112.25549984029558,113.27278900146484,20511123.0
2022-10-04,116.1035096411482,118.71307153921748,115.44006101462736,118.35923767089844,20696678.0
2022-10-06,119.42074823268376,120.21688115507644,118.62461531029108,119.33228302001952,16669962.0
2022-10-07,118.75729599602845,120.12842576297332,115.44005309111144,119.68612670898438,23951985.0
2022-10-10,117.16502007779972,118.93421634472882,116.41311976309268,116.9438705444336,21143008.0
2022-10-11,117.34193434605278,117.78423340276296,114.20162184172732,114.6439208984375,14200008.0
2022-10-12,115.17466280927896,117.91692214912403,114.5554468770899,117.60730743408205,17414129.0
2022-10-13,116.76695321890024,117.47463442283647,114.29007575407158,114.9977569580078,14625936.0
2022-10-14,117.65154849516988,118.71306352637416,114.99775416821116,115.39582061767578,15403899.0
2022-10-17,115.48429977706458,120.96880601567278,114.6439341715992,120.43804168701172,29422436.0
2022-10-18,121.6322378357666,125.39177973250848,120.96878926575332,124.41871643066406,34071231.0
2022-10-19,124.46295025141852,124.72833238159684,121.36685689442854,121.89762115478516,20570748.0
2022-10-20,121.18994877406418,125.48025527945802,120.03996845838056,124.46295928955078,29793676.0
2022-10-21,124.72833430044965,128.17826155215474,124.37450045336566,126.98406219482422,33334153.0
2022-10-24,128.00135431859223,128.62057034681322,127.42637089907925,127.78020477294922,3680722.0
2022-10-25,127.64750806509784,134.10507687117934,126.05522879131264,131.23013305664062,42782169.0
2022-10-27,131.23013233964667,132.9993285235427,130.25706903934557,132.42433166503906,25452543.0
2022-10-28,132.68971345862562,133.7512284667155,129.2840054140293,130.03591918945312,22803412.0
2022-10-31,130.9205335266182,131.45129784547967,128.2667389281057,130.6551513671875,21373095.0
2022-11-01,131.27436740726097,134.28200938431357,129.6821014464713,130.6551513671875,24827995.0
2022-11-02,130.16862140013026,131.4512996048973,129.19557146639025,130.08016967773438,15335247.0
2022-11-03,128.97440989328234,132.60125412303694,128.7090277550329,131.05320739746094,18083411.0
2022-11-04,131.71664580815465,132.38009435352393,127.0282868858613,127.86865234375,23545798.0
2022-11-07,140.65109419052104,142.95105458902108,134.45890765383143,140.07611083984375,144518304.0
2022-11-09,141.1818536247664,147.72787376990354,139.10304281627143,147.10865783691406,69954072.0
2022-11-10,146.8432974442058,148.7451781264027,144.49911767332156,146.3567657470703,46061789.0
2022-11-11,148.56826150491457,149.32017535643314,142.7741407312689,143.08375549316406,31378106.0
2022-11-14,143.52604472435962,145.9586895501962,141.44723374675897,144.98562622070312,23748826.0
2022-11-15,145.07410977207704,146.40100711755335,143.127996364958,144.14527893066406,22971749.0
2022-11-16,145.29524529881203,146.0471591211304,143.43758379537638,144.4548797607422,24432791.0
2022-11-17,144.10103459406295,145.87023091073848,143.8798850544785,144.8087158203125,15703511.0
2022-11-18,145.16255219293225,146.57790104038642,143.03950867490747,144.2779541015625,22895310.0
2022-11-21,143.92412719598022,145.3394897422376,142.59722987057555,143.21644592285156,20237825.0
2022-11-22,143.92410421973958,148.03749337056556,143.26065566295108,147.50672912597656,26399821.0
2022-11-23,148.4798122067203,150.69130769089608,147.1086823069519,149.36441040039062,35103723.0
2022-11-24,149.62975657446964,152.06240124149582,149.4970722645172,150.73550415039062,25279589.0
2022-11-25,151.22204339078013,152.77009007494584,147.55096665320264,148.47979736328125,26429948.0
2022-11-28,149.01054812768626,149.3643954685188,147.06443499574283,148.47979736328125,18058295.0
2022-11-29,148.74517865702552,149.93939159990038,147.81636136578626,148.43557739257812,18315044.0
2022-11-30,149.01053557542986,149.2316850831102,145.47214345254451,147.06442260742188,17302122.0
2022-12-01,148.17019111377877,152.6816471080435,147.28559295787562,151.9297332763672,32085764.0
2022-12-02,151.97397109802066,154.14123395476358,150.91245597409525,151.44320678710938,24459293.0
2022-12-05,152.41625841718823,152.5047101302426,150.6470621813483,152.1066436767578,17705726.0
2022-12-06,152.90279420106188,155.82195727052763,152.46049513018568,154.27391052246094,39901296.0
2022-12-07,154.6719798449659,156.48539511249967,153.3450827236121,156.13156127929688,25334920.0
2022-12-08,156.57386056360494,167.54287138472188,156.22002672985107,166.5255889892578,93033779.0
2022-12-09,167.18903891476518,174.44274054905418,163.5179622425146,166.835205078125,99220254.0
2022-12-12,166.74674437020545,168.69285752003978,164.22563434794313,168.1178741455078,35305416.0
2022-12-13,169.04671637903553,172.23126170535,168.07365298888843,170.72744750976562,32717387.0
2022-12-14,171.9658786066521,172.36395858090896,168.95825023204665,169.53323364257812,26004525.0
2022-12-15,169.44476530945295,170.90434674561862,162.58913017384072,163.25257873535156,41881637.0
2022-12-16,163.03143505049246,163.60641842522494,160.1122585757748,160.99685668945312,25933520.0
2022-12-19,161.5718449069748,162.89874211726334,159.97957905294572,161.39492797851562,21588072.0
2022-12-20,160.95263719979982,163.42951481951258,158.47575958008704,162.45645141601562,17522529.0
2022-12-21,163.34104852465313,165.15447749308612,155.24698057746545,157.06040954589844,28163349.0
2022-12-22,157.8565301442287,159.36034423273847,153.61045651357483,156.22003173828125,24089989.0
2022-12-23,153.9200789684066,155.37966052498282,148.70095525311928,149.54132080078125,29192377.0
2022-12-26,149.54130586215467,157.6353727725947,147.81634233181938,156.66232299804688,31320528.0
2022-12-27,157.8122972053003,157.90076241533563,154.71620382460745,157.10462951660156,20811376.0
2022-12-28,157.41423801410895,163.5621924539516,156.13157339683048,160.8199462890625,30796600.0
2022-12-29,160.59879057467498,166.30444572028642,158.51997960401297,163.96026611328125,28566813.0
2022-12-30,165.33138197976038,166.65827914973565,162.85451806079,164.26986694335938,27013708.0
2023-01-02,165.0660081617159,166.08329056093356,163.73911103339952,164.7563934326172,14679657.0
2023-01-03,164.97755395507812,167.98518224732578,164.80063702575117,165.86215209960938,19758561.0
2023-01-04,165.50832905620382,166.74676114031513,160.3776567830762,161.6160888671875,24902705.0
2023-01-05,162.4122210192336,164.09295205623062,160.5545595590612,162.81028747558594,21073286.0
2023-01-06,163.60644495274013,163.91605974188758,160.28920148858117,162.10263061523438,16229775.0
2023-01-09,163.03142494403448,166.0390529449369,161.35068053349886,163.7833251953125,15758981.0
2023-01-10,164.3583338761062,164.3583338761062,157.72384795670925,159.8468780517578,18392517.0
2023-01-11,160.11227025525324,161.26225058650022,156.70656187000202,160.3334197998047,17867902.0
2023-01-12,160.90839275463722,162.01414040550168,158.962279588695,160.73147583007812,14044249.0
2023-01-13,160.81993361662657,163.871794292536,160.333401973129,163.5621795654297,15651311.0
2023-01-16,164.0929400261436,166.30443517474393,163.29680717180557,164.3583221435547,18924642.0
2023-01-17,164.18142195695884,165.1987044297909,158.60845091516973,160.8199462890625,18380191.0
2023-01-18,161.08531928764393,161.3064688124771,156.8834783158136,157.6796112060547,21152950.0
2023-01-19,157.41422772135246,157.72384245261145,155.68926414208462,157.3699951171875,10865755.0
2023-01-20,157.85651784827067,160.81992668724536,157.2815345203,158.6526641845703,20620881.0
2023-01-23,159.62573766437507,161.0853327489848,159.09498685915992,159.71420288085938,12719955.0
2023-01-24,160.11225727099102,161.08532058726593,157.06039650325022,157.4142303466797,15302459.0
2023-01-25,157.81229037127633,157.98922078368503,147.1528944205246,150.1605224609375,42652626.0
2023-01-27,150.9124484588888,150.9124484588888,138.08577539695395,139.10305786132812,46482837.0
2023-01-30,139.8549696240667,144.89717626086937,135.34351376604022,140.56263732910156,52599629.0
2023-01-31,141.97799589062691,149.40861457546396,141.00493257570724,148.47979736328125,40527508.0
2023-02-01,149.9393877692421,150.29322163325568,133.66278706247715,136.75888061523438,70595394.0
2023-02-02,133.57432694181088,138.35115177765715,129.59363507930658,136.27235412597656,58831062.0
2023-02-03,138.88190751644564,145.38370922290275,134.23776729694666,144.7202606201172,72557245.0
2023-02-06,146.4009872682259,149.32016373206577,144.7202562576584,148.52401733398438,39343917.0
2023-02-07,148.52401741144078,150.8239778987919,147.32981806053985,149.09901428222656,26650769.0
2023-02-08,149.05478686378115,149.89515239874544,146.88752411637964,148.61248779296875,21655466.0
2023-02-09,148.61247708817817,151.22203871842123,145.3394668995057,149.8951416015625,24268013.0
2023-02-10,150.2047654966153,153.78739063039947,149.1432504379116,149.76246643066406,34741224.0
2023-02-13,149.93939508136805,150.9566776134396,145.1625701947489,146.1356201171875,22382470.0
2023-02-14,146.8432975725057,149.8509259790488,144.80871906318674,149.32017517089844,20137499.0
2023-02-15,148.61248229220035,150.38167850996464,148.25864844780588,149.98361206054688,15662905.0
2023-02-16,150.73550717503443,151.5758861479135,149.5413078678142,150.4701385498047,16113489.0
2023-02-17,149.49709291715018,149.6297772454326,145.56063370263894,147.5509796142578,19597310.0
2023-02-20,147.72788715798018,148.96631913619396,144.4548767887898,145.2952423095703,17285378.0
2023-02-21,145.51639189075965,145.51639189075965,141.09340125578217,141.44723510742188,34585035.0
2023-02-22,140.38571629822437,140.96071316412366,137.64347027665193,138.97036743164062,22746525.0
2023-02-23,139.4126693894368,140.12033708853247,135.4761969492624,137.5550079345703,28791025.0
2023-02-24,138.4396117161439,139.50112680608132,135.91850156688292,136.75888061523438,22601120.0
2023-02-27,136.6704012312979,141.00492635662755,135.8742683708562,140.65109252929688,29046654.0
2023-02-28,141.75684011207437,142.64143817829634,139.05881331051822,140.65109252929688,179242251.0
2023-03-01,139.67804467417443,145.69331488799486,139.41267602333417,145.4279327392578,25974322.0
2023-03-02,145.47217668095342,147.15292142197254,144.01259499602696,145.6490936279297,16266106.0
2023-03-03,148.61249575727987,153.69893534421058,148.61249575727987,152.947021484375,34946790.0
2023-03-06,153.52201361662108,156.04311027797274,152.5489502398839,153.1239471435547,23752197.0
2023-03-08,151.2662950713059,154.49507316343497,151.0451455171081,153.9200897216797,14441376.0
2023-03-09,154.45085006717952,154.80468394561058,151.2220585604327,151.75282287597656,11038443.0
2023-03-10,151.00090671695742,151.00090671695742,146.88753057664994,148.43557739257812,18452431.0
2023-03-13,147.72788578716828,150.3816801426264,144.58755976696364,144.98562622070312,18595906.0
2023-03-14,145.07409965154713,145.87023260413469,142.42030514572613,143.6587371826172,22898154.0
2023-03-15,145.42792571890922,145.9144573851243,140.12033699197244,140.82801818847656,19255062.0
2023-03-16,140.38571398496825,142.81835872902943,137.64346800858218,141.31454467773438,24291234.0
2023-03-17,143.349121698778,143.87987244854125,139.89918108478687,141.57992553710938,26762767.0
2023-03-20,141.27031238600463,141.27031238600463,137.73192002318476,140.42994689941406,26144673.0
2023-03-21,141.09340793185623,144.54333539121936,140.91649099766525,144.23373413085938,25702421.0
2023-03-22,144.9414134153647,148.83363990678467,144.3664165146094,148.08172607421875,27468538.0
2023-03-23,147.0202116043493,147.81635804769346,143.52605156926847,143.9241180419922,20129946.0
2023-03-24,143.7471765750283,145.02984098950353,140.7837678434007,141.3587646484375,18610261.0
2023-03-27,141.0934022415516,143.6587314286031,140.20880410837572,142.64144897460938,50783785.0
2023-03-28,142.86259102116847,143.1279731467931,140.42994628241792,142.1991424560547,31049605.0
2023-03-29,141.80109092173328,145.95869966722017,141.53570876821345,145.47216796875,38390279.0
2023-03-31,147.06444969768893,150.20477598479798,146.75483493074543,149.36441040039062,28240603.0
2023-04-03,149.58555951009947,150.60284203067792,148.70096131902355,149.67401123046875,16659059.0
2023-04-05,149.9393698869351,150.11628679784215,146.04714385539984,147.72787475585938,34861706.0
2023-04-06,147.8163499764552,149.71823051889575,146.31252238710664,147.63941955566406,27208238.0
2023-04-10,148.17018287502952,148.74516624523693,146.2683023447472,147.02020263671875,15331631.0
2023-04-11,153.0354866638099,153.83161963457837,150.55860903556766,151.13360595703125,25897114.0
2023-04-12,151.2662683859908,152.28355075668,149.67398917708553,150.73550415039062,14553551.0
2023-04-13,150.3816700451443,152.06240095825547,149.05477295651067,151.62010192871094,20601286.0
2023-04-17,151.2662806990645,156.39695256855356,151.00089855966232,155.99888610839844,26681555.0
2023-04-18,156.7950117567301,158.16614149846964,155.46811461915553,157.3699951171875,22020172.0
2023-04-19,157.8122958448914,158.4757444207492,156.0873322472402,156.79501342773438,15390111.0
2023-04-20,156.66233655239512,158.166150696184,156.04310705386752,157.23731994628906,22349098.0
2023-04-21,156.88347240796065,157.5911400624611,154.45082772640325,156.0873260498047,9950240.0
2023-04-24,156.13157627781564,159.7142015492089,155.91042673634564,159.4045867919922,15791156.0
2023-04-25,159.66996400716178,163.60642302410255,159.40458186601933,162.85452270507812,27156717.0
2023-04-26,162.63336308171108,163.03142951978302,160.81993431061042,162.36798095703125,14202887.0
2023-04-27,162.3679889920525,164.53525170471275,162.10260685423984,164.31410217285156,18033465.0
2023-04-28,164.40258179794495,166.74676164202938,164.09296702703685,166.08331298828125,16456548.0
2023-05-02,167.1890467369961,167.49866148196386,165.59676740182638,166.39291381835938,12929639.0
2023-05-03,161.83721640497018,163.78332948582295,159.71418640729365,163.25257873535156,25426587.0
2023-05-04,163.29680967972644,164.66792589460013,162.76604543675276,163.8275604248047,19411660.0
2023-05-05,163.82756984997482,166.65828114693215,161.88145667693516,162.23529052734375,17390789.0
2023-05-08,162.8545177899622,163.8718002194264,158.16614509760046,161.88145446777344,22633379.0
2023-05-09,162.76604798149006,163.56218086050214,156.6180939774205,157.32577514648438,18841858.0
2023-05-10,155.68927410146938,158.3873011533753,152.85856272647652,157.85653686523438,26166068.0
2023-05-11,158.69688970654036,160.02378682280877,157.45845779718138,157.9007568359375,15838880.0
2023-05-12,157.9007681893302,159.7141970781987,157.19308697685756,158.12191772460938,16182905.0
2023-05-15,158.2546053859539,163.20836047989533,156.83925642903975,162.6333770751953,20342506.0
2023-05-16,164.00449096098612,166.74675061427874,162.67759374124384,164.97755432128906,47421816.0
2023-05-17,166.92365466237237,168.0736348636501,162.54489687471423,164.44677734375,40572322.0
2023-05-18,165.81791580960623,165.9506136270763,159.0507455534152,159.5372772216797,31727394.0
2023-05-19,160.11226853657723,161.30648146349498,157.45847403044613,160.9084014892578,18643969.0
2023-05-22,160.9968596645696,161.21800919707587,158.60844741308105,160.156494140625,13737270.0
2023-05-23,160.33342160066775,163.3410500411904,160.15650466261886,162.1468505859375,14267334.0
2023-05-24,161.3949366996762,163.73912999659498,160.99687021465897,161.5718536376953,12655399.0
2023-05-25,160.95263061233743,161.83722876189455,159.09498259700544,160.8199462890625,13210338.0
2023-05-26,160.99685122776512,163.38526335409242,160.51031958216805,162.36798095703125,15666509.0
2023-05-29,163.6506542802668,163.96026902536093,161.9256906239189,162.54490661621094,11239265.0
2023-05-30,161.88146799442924,163.29683049080714,161.61608583912124,162.45645141601562,8962430.0
2023-05-31,162.36798546704514,164.13718168352528,161.08532090967623,163.65065002441406,15821118.0
2023-06-01,163.6506591780148,165.55253981795195,162.85452623522636,163.51797485351562,11592705.0
2023-06-02,164.3583344314547,165.5083146942817,163.73911844313125,165.19869995117188,9643005.0
2023-06-05,165.68522667625396,166.12752572584466,164.04871479361006,164.2256317138672,6213398.0
2023-06-06,164.18142829727304,164.66794650000045,163.11989967849345,163.91604614257812,8102412.0
2023-06-07,163.91603369462655,166.56982804424953,163.91603369462655,165.773681640625,12778032.0
2023-06-08,165.8179168701172,167.32173099245568,164.62371749262616,165.8179168701172,13367812.0
2023-06-09,165.95061978724286,166.08330411174202,162.85452623522636,163.51797485351562,10197155.0
2023-06-12,163.56218416200215,165.77367942378095,163.38526724063902,165.4198455810547,7693347.0
2023-06-13,165.95060593946195,166.9236557330185,165.24292477276,165.6409912109375,7274187.0
2023-06-14,166.5698306802346,166.6582823945508,164.8890861334711,165.8179168701172,12464768.0
2023-06-15,165.41984917260586,166.21598208497332,161.57184193440548,162.23529052734375,14951075.0
2023-06-16,162.5449065498573,166.7467476715543,162.32375701713642,166.39291381835938,15225297.0
2023-06-19,166.92364636796137,172.4081514808824,166.5698125534096,171.390869140625,33267447.0
2023-06-20,172.49664044429963,174.08891982490326,171.1697432101127,172.45240783691406,28783695.0
2023-06-21,172.85048094873133,175.5927407372375,172.4966470718454,175.23890686035156,19593213.0
2023-06-22,175.504255260424,175.63695307236168,170.0639824183704,170.99281311035156,19689242.0
2023-06-23,170.9928388329642,171.74473922213755,168.56019372501385,170.019775390625,14090074.0
2023-06-26,169.7986061068259,170.28513777146645,167.10057914645202,168.73709106445312,13686846.0
2023-06-27,169.04671454697672,169.93131271101552,168.560182857176,168.9140167236328,11963762.0
2023-06-28,169.22361914502017,169.7986025105745,167.36595773679008,168.07363891601562,19223838.0
2023-06-30,169.9866857399087,173.99494059132755,168.8479753957246,173.40281677246094,17037322.0
2023-07-03,174.5415176041289,181.9659030834709,173.08396288290095,181.373779296875,27140339.0
2023-07-04,182.831336094754,186.47520931597583,179.77960061214452,184.33444213867188,31824698.0
2023-07-05,184.56217024691293,187.56835430668755,183.83339287776943,186.93067932128903,20060420.0
2023-07-06,186.70293264113985,187.5683496642088,184.7443565415483,187.15841674804688,16656768.0
2023-07-07,186.29300737152832,191.75881687876145,184.37996848388767,190.39236450195312,27442860.0
2023-07-10,191.07557763220493,192.03209701065649,184.8354399777908,185.2909240722656,19991207.0
2023-07-11,185.8375183705089,188.3426809956015,185.1087410086093,186.61184692382807,12758317.0
2023-07-12,186.61184278020923,188.2060371425972,185.5642210019056,186.4751892089844,14552433.0
2023-07-13,186.74848488744743,188.06938602488964,177.86654475255665,179.4607391357422,31426517.0
2023-07-14,179.68849129256867,182.239205229121,177.68436387823206,180.7360992431641,16740705.0
2023-07-17,180.8271995904132,184.01558850006785,179.14190274948675,183.5601043701172,20040400.0
2023-07-18,184.42551361183203,184.5166159940657,179.00525547545408,180.3261566162109,18873958.0
2023-07-19,180.28062551288863,182.8313395966543,179.00527542114258,182.19366455078125,15994698.0
2023-07-20,182.19364886357096,184.6077091509044,180.91829888163485,181.32823181152344,26224512.0
2023-07-21,181.3282286323229,183.87894245174613,178.73196362142806,179.0963592529297,25136493.0
2023-07-24,180.28062016330813,183.69675127226623,179.5063054521081,180.6905670166016,20374723.0
2023-07-25,182.55803168736256,182.55803168736256,178.18539520883863,178.68641662597656,14054071.0
2023-07-26,179.77958494454728,180.82719284424127,178.23092784027318,180.1439666748047,15919450.0
2023-07-27,179.46074321368707,184.78991297582675,179.46074321368707,181.5104217529297,23760784.0
2023-07-28,181.0093923011676,183.8333994956591,179.9162331582354,183.1957244873047,14094619.0
2023-07-31,184.0155935469056,185.6097880454555,182.9224343850973,184.19778442382807,14250110.0
2023-08-01,184.7443677648147,184.83545625156668,182.05701415086017,183.1957244873047,11501548.0
2023-08-02,182.922416895206,183.01350537482148,175.49801774309836,177.4110565185547,24788813.0
2023-08-03,177.6388074179027,178.00318915506128,174.08603682965355,176.0901641845703,21237820.0
2023-08-04,177.36551706259058,178.6864182567109,172.71958728669097,174.31378173828125,32781495.0
2023-08-07,172.1730022868849,176.68229242386784,170.98874076094174,172.53738403320312,36759947.0
2023-08-08,173.53944935233352,178.95970758879554,172.67403230622148,177.50216674804688,27985916.0
2023-08-09,177.6388087812305,178.13984409887306,175.22474847841502,176.7733917236328,18258446.0
2023-08-10,176.27235885778697,177.45662037952172,173.76719613500188,174.81480407714844,19638255.0
2023-08-11,175.81686078423763,177.22886425970938,174.45040849834976,175.49801635742188,16329445.0
2023-08-14,175.45248467072548,175.45248467072548,170.7609899992037,171.94525146484375,23911976.0
2023-08-16,171.26201649044094,171.71750057685168,169.21233810159256,170.12330627441406,18788329.0
2023-08-17,170.35107164270875,173.67610036867376,169.44010334515414,172.9928741455078,18843899.0
2023-08-18,172.8106776003661,175.4980312099913,172.173002593039,174.6326141357422,15291405.0
2023-08-21,175.22475423769404,175.22475423769404,172.9928708312263,173.90383911132812,11518119.0
2023-08-22,174.3137925076329,174.72372546902787,172.94734003613416,173.3117218017578,10826294.0
2023-08-23,173.53946170529412,177.36552579748218,173.31171962956537,176.13572692871094,18722788.0
2023-08-24,177.36550764928987,177.59324970171582,173.7671860010139,174.76925659179688,15902958.0
2023-08-25,173.5394425825639,174.81479250600165,171.9907994183119,172.85621643066406,9756340.0
2023-08-28,173.311713959686,173.9493889708103,172.62848775485148,173.22061157226562,8300624.0
2023-08-29,173.7671947958707,174.54152337341867,172.35519121930977,174.13157653808594,7538838.0
2023-08-30,174.49596291102276,175.27027754716528,174.22266966874295,174.58705139160156,8630672.0
2023-08-31,174.45041884011673,175.7257688224421,169.85002642485293,170.48770141601562,24500769.0
2023-09-01,170.4877026130778,174.72371332035488,169.7133879398979,173.63055419921875,15838571.0
2023-09-04,174.13158535272547,178.458684786866,173.26616824595197,178.0487518310547,16612736.0
2023-09-05,178.2764818443779,180.73609331310203,177.18332273608632,178.36758422851562,14710293.0
2023-09-06,179.00526158259464,179.9617810275943,176.72784095177283,177.63880920410156,15607001.0
2023-09-07,177.638816493332,179.23301100032344,177.1833323484773,178.77752685546875,10535198.0
2023-09-08,178.95971667500146,182.19365686439912,178.73197460392095,180.1895294189453,15379639.0
2023-09-11,181.00937905766816,186.47518827269752,180.59944614659528,184.74435424804688,22766508.0
2023-09-12,186.20190780583488,186.20190780583488,180.2350767903048,182.14810180664065,21077042.0
2023-09-13,182.1025594010881,190.8023095317152,180.4628275651779,190.0735321044922,38949196.0
2023-09-14,191.48552120130435,194.21842592035324,190.8478462135807,193.0341644287109,29826455.0
2023-09-15,193.26190325501943,193.7173873672399,190.62010096424976,192.0321044921875,16238012.0
2023-09-18,191.21222281976384,200.0941629184001,191.0755831475859,197.9989471435547,36322604.0
2023-09-20,197.634555814876,198.7277149168861,194.0362340664677,194.4461669921875,29729690.0
2023-09-21,193.8995917570586,198.1355884324012,188.0693867917581,188.70706176757807,22066890.0
2023-09-22,191.0300382851117,198.5910775021756,190.1190700396889,196.1770172119141,37302904.0
2023-09-25,197.0424378807169,199.9119823463457,194.9927592909042,198.04449462890625,22756990.0
2023-09-26,198.1355901819813,198.5910742973422,193.899593469234,194.6283569335937,11773544.0
2023-09-27,194.9471985545876,196.99687704406333,192.85196887418013,195.7215270996093,14556599.0
2023-09-28,195.72153992067203,197.2246320179748,191.07559614674457,191.8954620361328,26793595.0
2023-09-29,193.353013837322,196.1314698197503,193.12527177155363,194.9016571044922,9613748.0
2023-10-03,194.4917198395352,198.77326780067887,193.1252674753229,198.4544372558593,12939332.0
2023-10-04,197.63456293999727,197.95340739386992,192.12320213917155,193.4896545410156,21610557.0
2023-10-05,194.8561111036153,195.35714644171128,191.3033403430676,193.6263122558593,11700848.0
2023-10-06,194.9472082050753,196.7691447303564,193.48965342474145,196.1314697265625,14552427.0
2023-10-09,193.4896610654349,196.13147747157848,191.5766359785101,192.8975372314453,12102991.0
2023-10-10,193.26191462282543,195.4482468302484,193.03417255331928,195.2205047607422,12358739.0
2023-10-11,191.30333847139187,192.1687555558508,187.9327586212362,188.75262451171875,43037191.0
2023-10-12,189.4814041817088,190.8023054211901,188.98036884251988,189.253662109375,14176014.0
2023-10-13,188.47932071524104,188.5248719066718,183.2868045983912,185.3820343017578,27835260.0
2023-10-16,183.514547046008,188.1149393848692,183.514547046008,187.47726440429688,15730299.0
2023-10-17,187.84164516911585,189.61803042737805,187.4772634393136,188.88926696777344,12501262.0
2023-10-18,188.57042592590096,190.07351796375207,184.92655296114924,185.5186767578125,20282190.0
2023-10-19,184.4710564601245,187.65944509029944,183.2867950460052,186.88511657714844,12922522.0
2023-10-20,186.01971350603628,187.2950773937048,183.28680876138264,184.28887939453125,17030658.0
2023-10-23,184.2888634495633,185.6097645151383,176.72782486349362,177.82098388671875,15784543.0
2023-10-25,178.45867600533933,180.599456969628,176.4545486197788,177.4566192626953,14959554.0
2023-10-26,176.3178998114998,176.54564186398164,171.12538379496806,172.30963134765625,29658835.0
2023-10-27,173.53944301894725,179.91622045271436,173.53944301894725,179.3240966796875,14885363.0
2023-10-30,179.59738614520558,182.0570115571017,177.27442821217196,180.5994567871093,11946838.0
2023-10-31,181.7381620531642,181.96590411087493,178.2309288043101,178.73196411132812,9074535.0
2023-11-01,178.91414988191698,180.55389543078823,177.6843511454673,178.0942840576172,7915346.0
2023-11-02,179.4607518591068,182.7402432399915,179.2785609824516,182.10255432128903,14242502.0
2023-11-03,183.4234650120489,186.06526741027432,183.10462056041683,185.65533447265625,19177688.0
2023-11-06,182.1936490051129,183.742292241602,177.41106571872874,178.18539428710938,37345564.0
2023-11-07,179.0963570300587,179.0963570300587,173.67608501845666,174.22267150878906,51310933.0
2023-11-08,176.04461535168934,176.77339273604576,174.4959720976022,175.36138916015625,22372624.0
2023-11-09,176.09017253843126,177.0922293132919,175.4069463236419,175.81687927246094,13121704.0
2023-11-10,175.36138582847352,177.866548483166,174.678159649921,177.50216674804688,10091704.0
2023-11-13,177.82098668920904,179.73402543520618,176.18124117839312,179.18743896484375,14626408.0
2023-11-15,181.10048981868928,181.6015251333073,179.68848625941007,180.09841918945312,18154099.0
2023-11-16,180.55391343207936,182.1936591444339,179.41520306242668,180.6905670166016,13256095.0
2023-11-17,177.6388036117119,180.3717082826613,176.50009333214965,179.27854919433594,16351676.0
2023-11-20,179.91623202469816,181.00939116074304,178.54977962957386,180.05287170410156,10307666.0
2023-11-21,180.3717153264188,180.9638391348056,177.3199660979083,178.32203674316406,8970682.0
2023-11-22,178.95969175254083,179.27853616775946,175.63466353792805,177.3199462890625,15231149.0
2023-11-23,177.72991810883954,179.09637053745612,176.68229624006975,177.04669189453125,5846991.0
2023-11-24,177.1833088607967,178.09427702974682,175.589114565134,175.907958984375,5469063.0
2023-11-28,175.8624378894448,180.9183148723336,175.58914461193962,179.0508270263672,12382178.0
2023-11-29,179.68847934722064,180.6905499379096,179.00525319000687,179.8251190185547,7617440.0
2023-11-30,180.2350755593178,183.83339740143603,178.86862317115094,179.55184936523438,21558187.0
2023-12-01,180.8271877368476,185.70087316794937,180.6905480669284,183.87893676757807,21923402.0
2023-12-04,186.885127536602,191.3033290290484,186.885127536602,190.4379119873047,35929143.0
2023-12-05,190.89340569327103,195.5848867712104,190.48347274767087,192.07766723632807,24365491.0
2023-12-06,192.21430329957565,192.76088981693465,189.48139851332576,190.8934020996093,22088409.0
2023-12-07,189.93687663165707,194.2639757395725,189.5269437067511,192.35093688964844,14842658.0
2023-12-08,192.2143063815135,196.49585450190023,189.9368856897894,193.12527465820312,29505509.0
2023-12-11,194.03623217949607,197.9078471408241,193.94512979676784,196.0403594970703,16170438.0
2023-12-12,196.9057820433433,197.8167502950364,194.9927570549513,196.86024475097656,18271153.0
2023-12-13,197.31573136246905,202.8270782344221,195.53933212907185,201.3695373535156,34720253.0
2023-12-14,204.05689053202207,204.42127227643465,200.04863574239505,200.50411987304688,18247186.0
2023-12-15,202.1438659851958,206.2432234523156,199.18321892560928,204.694580078125,23378701.0
2023-12-18,204.4668246163764,207.29083180236617,203.05482102338144,204.33018493652344,12657351.0
2023-12-19,205.15004516938976,208.15624314586148,201.8250166486129,205.9699249267578,17582770.0
2023-12-20,207.19973070602904,209.06721844386087,197.81675472348311,199.7753448486328,24608319.0
2023-12-21,197.68010127736792,205.78771277425727,195.94926724103885,204.83120727539065,16908481.0
2023-12-22,204.96785486408007,206.5620492908007,201.6883636261459,203.6925048828125,11469899.0
2023-12-26,203.05481409096288,206.47094497338333,203.05481409096288,205.2866973876953,9215256.0
2023-12-27,205.87882548365096,212.9388294548824,205.10449690734245,211.3446350097656,27861855.0
2023-12-28,213.16655661168025,214.94294180339,210.9346873246464,212.2100372314453,35086844.0
2023-12-29,212.3466860968005,212.8477074703424,208.93055545753583,210.5247497558593,11051281.0
2024-01-01,211.7545660147264,215.6717322528044,210.5247672227196,212.93882751464844,13199707.0
2024-01-02,212.8932900461648,214.8063290463043,208.47510210816367,210.160385131836,12803886.0
2024-01-03,209.88708933821948,214.48748200211327,207.0175447727656,212.1189727783203,21410875.0
2024-01-04,212.3011396609229,218.7234681865688,212.16448609213043,216.5826873779297,14698523.0
2024-01-05,217.72141501683376,218.08579676219225,210.34256652100777,213.7586975097656,14545656.0
2024-01-08,210.88914416185884,210.88914416185884,202.87262099897785,203.55584716796875,27673291.0
2024-01-09,206.78979185630487,207.10863630253584,202.87262561817943,203.3281097412109,13420799.0
2024-01-10,203.41920700679,204.96785020607032,199.91197378759952,203.9202423095703,13503894.0
2024-01-11,204.9678579907284,207.15417624918712,204.0568897329917,205.92437744140625,11247115.0
2024-01-12,206.6986901021073,211.5723757935201,205.1955980516272,209.4315948486328,17600195.0
2024-01-15,210.16035414750849,212.48332576226267,208.29286661798952,210.5247497558593,12678381.0
2024-01-16,210.52476779353373,213.394312216269,208.97611065082856,210.66140747070312,13977706.0
2024-01-17,208.61172871050445,212.4377925705553,204.55792278854256,205.42333984375,34099113.0
2024-01-18,204.92231220075936,209.70489567997373,202.2349585496364,207.427474975586,16224153.0
2024-01-19,209.11276564768283,210.8891509643039,208.15624620018767,210.1148223876953,9445978.0
2024-01-23,213.16657205393872,214.76076650306007,201.73391765304265,202.59933471679688,36926359.0
2024-01-24,203.14592721453985,208.61173691537948,200.09417790479523,208.2928924560547,36236660.0
2024-01-25,207.7007594582481,210.7525086332041,203.4192114950843,206.83534240722656,20473287.0
2024-01-29,207.38192147415293,214.7607700343829,207.38192147415293,213.39431762695312,20641625.0
2024-01-30,214.07753309235864,220.81869240409432,212.9843740013031,216.3094024658203,22612702.0
2024-01-31,217.63030559839189,227.7420585584981,211.39018153405232,225.5557403564453,63750711.0
2024-02-01,227.74206463967707,234.52878928615743,221.3652868297661,233.16232299804688,43749140.0
2024-02-02,236.2140376902132,237.7626947147022,231.8414015513092,232.52462768554688,29946219.0
2024-02-05,234.7109550388489,239.12915644178688,232.98012099042663,234.52877807617188,21283536.0
2024-02-06,235.02981864841024,235.3030980149924,224.2803900542036,228.015365600586,17506394.0
2024-02-07,230.38388155116888,230.38388155116888,221.0464563123764,222.868392944336,55656306.0
2024-02-08,225.92012690296264,233.48115228796485,225.0547098420582,230.56607055664065,33645402.0
2024-02-09,230.7938085634092,242.7730353281213,225.4646388131708,240.0401306152344,46201039.0
2024-02-12,242.4086515064141,243.59289908491945,230.5205133276401,232.0236053466797,26620786.0
2024-02-13,232.0236129110117,237.3072315960846,227.01328748383904,236.48736572265625,18922366.0
2024-02-14,232.38799580998136,246.8723847813229,229.88283323378712,243.957275390625,30063655.0
2024-02-15,245.87032857691656,252.33820880309776,245.0959999934045,251.15396118164065,32254489.0
2024-02-16,251.51834527982564,255.7543421814937,250.106327778906,251.1083984375,20666587.0
2024-02-19,251.10841287464893,252.3382256717869,245.73370532478165,246.59913635253903,14006706.0
2024-02-20,246.052528947798,250.3340630261611,245.73368450140364,248.9220733642578,14006722.0
2024-02-21,249.149806139613,254.61561541507064,248.69432203332485,250.6073608398437,19624058.0
2024-02-22,250.744036988832,252.2926942957214,246.0980928687113,251.06288146972656,11871556.0
2024-02-23,251.42723575450043,255.20774841316387,241.67986440756823,244.913818359375,23264484.0
2024-02-26,244.91380683400104,248.14773283307824,242.9552307584807,245.5514678955078,12448638.0
2024-02-27,245.5514973663996,248.78545155415665,243.5929210558125,246.28028869628903,15572873.0
2024-02-28,246.280270576856,247.2823412063876,237.44386748082,238.4459381103516,13653858.0
2024-02-29,238.1270903001465,243.7751044591308,235.34864831258383,241.8165283203125,16296464.0
2024-03-01,242.77303643887825,247.96556653733847,241.77096581279275,247.009033203125,9702235.0
2024-03-04,249.19532723336224,251.6549523676702,247.87444009130496,248.8765106201172,11707996.0
2024-03-05,248.6487901592399,253.7957551123037,248.01110127632825,253.3402709960937,14431461.0
2024-03-06,253.1125392990185,258.94273066505315,247.1456804520912,257.3940734863281,32754392.0
2024-03-07,257.39407722684354,259.1704764988111,254.34235571940303,256.6653137207031,10994198.0
2024-03-11,258.5783473670027,260.17254182943736,251.8827250646684,252.7025909423828,18217736.0
2024-03-12,252.3381986921263,254.6156192579397,246.7357496603341,247.41897583007807,12003823.0
2024-03-13,247.7833689371753,249.1042840462129,235.3941949302075,237.671615600586,20711328.0
2024-03-14,236.7606316461861,240.35896718719945,232.8434794728788,236.1229705810547,13623004.0
2024-03-15,235.48529776625747,238.2182025759239,227.8787071525768,231.3859405517578,17126874.0
2024-03-18,230.8849111759636,234.93871730143,229.74620080924424,231.8414306640625,10806790.0
2024-03-19,231.2037434068642,233.0256798972252,226.37560892735308,226.9221954345703,11016984.0
2024-03-20,227.65096026594512,230.4749674029279,222.09406227742136,227.6054229736328,17342930.0
2024-03-21,230.9304430151057,234.39211111957223,230.47495890659465,232.9345703125,10121220.0
2024-03-22,232.75237304134816,237.6715957177299,231.06707632614564,236.6695251464844,11402546.0
2024-03-26,235.94077501000527,240.2678741655941,235.94077501000527,238.26373291015625,8259347.0
2024-03-27,237.76272184952444,240.3134219215616,234.75653763601312,235.71304321289065,19196992.0
2024-03-28,235.7130323962512,242.68193388090103,235.7130323962512,240.5411529541016,11966752.0
2024-04-01,242.31756723362813,244.36724590383744,241.4977013256537,243.00079345703125,7378701.0
2024-04-02,243.2285232956106,247.9200042335256,242.6819367842756,247.1456756591797,10897757.0
2024-04-03,246.78128918416888,251.1539533904184,243.9117448053908,249.83303833007807,18329459.0
2024-04-04,251.65496071166376,252.06490751448808,244.4583176215564,245.4603881835937,14291037.0
2024-04-05,245.4604150809211,246.6902000230673,242.4542030653911,244.95936584472656,11296905.0
2024-04-08,247.78337081696216,248.19331766095843,243.22852944165035,243.77511596679688,15992006.0
2024-04-09,245.05044929231403,245.8703151238896,240.04012412090984,241.862060546875,10451503.0
2024-04-10,241.862094968724,248.10223367586084,241.72545527743875,246.69021606445312,15233408.0
2024-04-12,245.77923271356832,248.01111613694744,242.6819460978625,244.09396362304688,11496987.0
2024-04-15,241.5432213265319,242.77303400071565,236.85174048850308,238.1270904541016,11835728.0
2024-04-16,235.7585667486429,236.39625562971145,231.38593036588324,232.0236053466797,11074547.0
2024-04-18,232.52464964583112,239.9490354456184,232.52464964583112,235.94078063964844,13204672.0
2024-04-19,233.66337162153977,234.665442323106,228.74414830540616,234.0733184814453,9169415.0
2024-04-22,235.849662098428,238.67366908666128,234.8475915154364,238.0359802246093,9419094.0
2024-04-23,239.5846531712064,240.08567459564296,236.57846902349675,236.98838806152344,14502060.0
2024-04-24,237.99045175849443,238.53703826044097,235.43975181680293,236.0318756103516,8677169.0
2024-04-25,235.94078987650173,245.50595703365727,235.48530572616104,244.73162841796875,23475720.0
2024-04-26,245.96144265211143,248.42106819885112,243.54738220100555,244.1850433349609,14775940.0
2024-04-29,245.14153698274583,249.51417302279907,241.4065619732401,248.3299255371093,22257247.0
2024-04-30,249.0131753965564,259.44374512423155,248.32994921262613,256.43756103515625,39453521.0
2024-05-02,256.3920224476571,258.62387795689244,254.1601391378773,254.52452087402344,12366464.0
2024-05-03,257.1208026156248,257.3485446905722,249.83305621730773,251.1995086669922,19568548.0
2024-05-06,251.42724308783207,251.42724308783207,236.5784713735152,242.0442810058593,34253148.0
2024-05-07,242.864155503268,244.45835003590315,234.8476177445464,235.986328125,17373412.0
2024-05-08,235.9863140663753,242.4997592949761,235.1209109091138,239.1291656494141,31407247.0
2024-05-09,245.9614303815191,247.51008754488004,236.80621048198057,239.26580810546875,33562988.0
2024-05-10,242.0442899995044,242.95525830541064,226.238984331922,232.1602783203125,39476449.0
2024-05-13,237.1250385054537,238.49149096199807,229.1540797425512,235.986328125,31581807.0
2024-05-14,236.57847540342144,239.76686440993365,234.665436439405,237.62608337402344,12196792.0
2024-05-15,237.99045024703744,243.8662064546939,237.5349661317321,240.40451049804688,19280956.0
2024-05-16,240.9966375731156,243.3196232731664,235.98631223645583,239.49354553222656,15531360.0
2024-05-17,239.174698361538,241.08773721020785,236.76063810512943,238.1270904541016,13847808.0
2024-05-21,238.21818769494467,243.0463081035349,237.07947742871644,241.862060546875,17185189.0
2024-05-22,243.2285166278789,244.0939475638137,239.1291596060608,239.9034881591797,16912682.0
2024-05-23,241.86208239372064,247.78337631296424,241.04221648808843,245.27821350097656,24738523.0
2024-05-24,245.0049285888672,247.9655754814981,243.9117555390621,245.0049285888672,16509527.0
2024-05-27,245.5059273813582,249.0586977648017,241.9986942872302,246.46243286132807,13764764.0
2024-05-28,246.87240424488792,247.6011677497468,239.2202762416869,240.76890563964844,12897363.0
2024-05-29,239.49355151164468,242.49976346902312,238.4914808591852,239.94903564453125,15041927.0
2024-05-30,238.44594265702503,243.592907778911,237.899356139536,239.4480133056641,9840965.0
2024-05-31,239.9490231364381,242.63639050059948,238.21818908180336,241.3154754638672,17253924.0
2024-06-03,252.3381968248565,273.01718652963814,252.3381968248565,270.51202392578125,74818392.0
2024-06-04,266.0027347192064,266.0027347192064,216.4460664138194,226.1478729248047,84878240.0
2024-06-05,234.11884084848256,239.4480106847145,215.3984404830728,236.85174560546875,70386788.0
2024-06-06,239.22027677955825,249.60530965014868,238.1726688137635,244.95936584472656,31690680.0
2024-06-07,244.458360305334,247.78338919583024,243.00080539701364,246.69021606445312,19749116.0
2024-06-10,249.05869096167152,254.6156023329828,248.1021855078289,251.7915954589844,21735106.0
2024-06-11,251.88273314686663,254.43343324838864,249.60531241316983,250.3340759277344,13094039.0
2024-06-12,250.42519548817032,259.5348790475839,249.37758743894736,258.1684265136719,29504096.0
2024-06-13,259.6259470218321,259.8081517890827,256.2098161399659,257.5307312011719,14322702.0
2024-06-14,257.8040017740175,261.9033586926856,256.52865184831825,260.7646484375,13911039.0
2024-06-18,260.76465536910763,262.7687965917254,259.71704746659816,261.7211608886719,10174646.0
2024-06-19,261.4479063512886,264.6362954531336,257.48518862174336,258.6694641113281,33193685.0
2024-06-20,258.71499343957703,262.085587220804,258.3961489791022,259.80816650390625,13675594.0
2024-06-21,259.8081740997044,261.2657011606947,253.7957776712058,254.47900390625,15165917.0
2024-06-24,254.61560522740217,256.98412804544,249.1497961706422,255.61767578125,17778427.0
2024-06-25,255.98208297888976,258.2139663528384,254.1601464452322,255.66323852539065,13386910.0
2024-06-26,256.8930289143042,258.3505835746358,254.34232910913107,255.9365234375,16075754.0
2024-06-27,255.0711184416788,257.71292089400134,252.33821360123224,254.9344787597656,14743494.0
2024-06-28,255.6367742143524,262.9406706184032,255.5431286549953,257.8841247558594,15270017.0
2024-07-01,257.7436765171408,258.7268834710296,254.4662819020273,254.84083557128903,12001891.0
2024-07-02,255.63677155116807,256.10497076646334,247.396476792618,248.1455841064453,13960959.0
2024-07-03,250.29929476017887,252.5934823979604,246.3196013396365,250.8143310546875,18643235.0
2024-07-04,251.0015903976985,254.1853679548153,248.6137858064735,252.9680328369141,12965149.0
2024-07-05,252.8275919489766,256.9477395839334,251.8443849664873,256.3858947753906,15355368.0
2024-07-08,250.95478431511685,250.95478431511685,244.915002888828,245.6641387939453,22806599.0
2024-07-09,247.4900940176696,247.86467625156376,244.4936361828023,245.05548095703125,13578992.0
2024-07-10,246.7409821176857,246.7409821176857,238.3602191690725,240.2330017089844,18117284.0
2024-07-11,242.24628624742653,242.5740028379568,239.29662260806143,240.3734893798828,9469388.0
2024-07-12,240.7480430673272,242.62083993509847,234.146431250772,234.6614532470703,19538619.0
2024-07-15,236.53425088946096,242.80810327107355,234.70826250675907,242.1058044433593,29164529.0
2024-07-16,243.2763060906752,244.3063501018925,240.6075933671473,241.7780914306641,18989023.0
2024-07-18,241.77808234336644,242.3867355981961,238.59431915727964,239.2029724121093,18903883.0
2024-07-19,239.71799907473044,240.88849711708752,232.92911042905936,234.6614532470703,13018805.0
2024-07-22,233.81868060075,239.9052845665876,231.0563081432237,236.90879821777344,14680632.0
2024-07-23,238.87523218771017,238.87523218771017,228.34075042442376,235.129638671875,9028466.0
2024-07-24,235.9723967613733,236.8151496059131,230.40082913994647,233.1163787841797,21869220.0
2024-07-25,232.46091106940383,233.2568554530405,229.2771621114696,229.745361328125,16680821.0
2024-07-26,230.3540085548216,234.75507821832977,228.52803451540183,233.8186798095703,16144925.0
2024-07-29,237.845192634614,244.165881808959,235.31691982253705,239.6243438720703,32691314.0
2024-07-30,240.2329954886582,241.5439760957549,238.68794386070675,239.9520874023437,11358547.0
2024-07-31,241.02895016719503,241.02895016719503,235.5042051455056,237.5174560546875,17796739.0
2024-08-01,241.6844461960245,242.0121913695736,234.3337126319088,235.2701110839844,33759802.0
2024-08-02,234.099615286915,234.099615286915,227.12344960902627,228.20030212402344,26445597.0
2024-08-05,223.1905681048837,226.3274942246001,216.5421336378689,224.6887969970703,33533629.0
2024-08-06,226.1870451895559,230.68176054232413,223.51830393026364,224.2674255371093,22617452.0
2024-08-07,227.54481890123927,228.902593769532,223.7992251744699,227.9193725585937,15128074.0
2024-08-08,228.0130220658459,229.18352012573217,225.20382672211883,225.9997711181641,10738946.0
2024-08-09,227.73209757464937,234.28688664959253,226.7020678644278,230.21356201171875,18588035.0
2024-08-12,228.4812162659872,231.2435887689188,227.0766186250077,229.27716064453125,11628884.0
2024-08-13,229.46443093426225,230.8690285352208,225.6720145540129,226.3743133544922,10527254.0
2024-08-14,226.5147695592578,227.9193671736104,223.5651202844399,224.22059631347656,13196198.0
2024-08-16,226.1402276464692,228.2471241773369,225.2038291883057,227.96620178222656,8039046.0
2024-08-19,228.38757795509,233.58459224928592,228.38757795509,231.6181640625,10533731.0
2024-08-20,231.61815419524464,238.8284191495721,231.24358625540447,238.1729431152344,25268902.0
2024-08-21,238.64114486283663,239.1561525670991,235.0828279821793,237.28335571289065,14318532.0
2024-08-22,238.17294237699724,240.4671013459156,237.3769980095718,237.9388427734375,11102262.0
2024-08-23,237.9388560547023,238.87525452120911,235.78513672407533,236.44061279296875,6941785.0
2024-08-26,237.14289574070983,237.56427216472025,235.0359993323521,235.4105529785156,12148085.0
2024-08-27,235.5978498039053,236.4406026723656,234.19325216426748,235.2232818603516,7571973.0
2024-08-28,235.2232815225547,235.6446579561797,232.2736321988736,233.9591522216797,16568081.0
2024-08-29,233.9591610375155,234.7550911558418,231.89907299406727,233.912338256836,9988780.0
2024-08-30,234.5209834403004,237.70474666855685,233.77186184022204,234.19325256347656,12909590.0
2024-09-02,235.03600665641403,239.6711760415785,232.3204569163437,237.7515563964844,17493446.0
2024-09-03,237.56427643843813,238.45385208030905,234.42735030254536,234.7550811767578,9389384.0
2024-09-04,232.17998586712764,233.5845835000665,226.9361632771396,228.0130157470703,17943213.0
2024-09-05,229.41761173957448,229.5112572964232,225.53156403155305,228.3407592773437,14160225.0
2024-09-06,228.0130212427441,228.66849729625287,220.10045724413763,220.84957885742188,21276104.0
2024-09-09,220.8495716738745,222.1137009598864,216.77623285734504,220.5686492919922,15982999.0
2024-09-10,222.207349644236,222.3478036930011,220.05363040389827,220.7091064453125,10135668.0
2024-09-11,220.99003295649325,222.11370823250903,217.0103395663869,217.9935607910156,11565080.0
2024-09-12,220.0536380852157,222.76918790371067,218.36811799966767,222.02008056640625,8287067.0
2024-09-13,223.61194306257948,225.8124707520816,221.6455006871637,224.22059631347656,15452772.0
2024-09-16,225.15700284082507,226.5616005058188,223.37785151382224,223.939682006836,6992312.0
2024-09-17,224.7356247553497,225.3442780237396,223.0501047120233,224.2674255371093,6653415.0
2024-09-18,223.7992242839369,225.57837558175035,222.02007298612344,222.7691802978516,10071196.0
2024-09-19,223.6119514111204,226.23386991346203,216.30804068613503,220.84957885742188,15897092.0
2024-09-20,222.7691858954146,224.26742913312967,220.0536361014008,220.52183532714844,17417523.0
2024-09-23,222.207351247082,229.79216998954,220.9900304252141,228.9494171142578,16696706.0
2024-09-24,228.7621349664496,231.3840533783662,226.51477020410425,228.10665893554688,10357559.0
2024-09-25,228.1066541115965,229.55806018922064,225.25063615701976,227.73208618164065,9323772.0
2024-09-26,228.48122244595,230.30719657095105,226.32750314719985,229.55807495117188,7377443.0
2024-09-27,229.6048902495112,234.0996055334139,229.04305976921447,233.7250518798828,21539028.0
2024-09-30,231.7586131337285,235.5978524403572,230.49446952858568,232.0395355224609,12929732.0
2024-10-01,234.09960456251943,235.4105566327472,232.3204532831667,233.0789337158203,8742175.0
2024-10-03,230.15735221910185,233.884228070186,228.0130062093671,229.47378540039065,13127876.0
2024-10-04,231.9739842098364,239.43708100558,228.7995940332404,234.652084350586,41064802.0
2024-10-07,235.9724085477137,237.1709974163201,223.8366783926908,227.23580932617188,18620251.0
2024-10-08,227.5448175076888,232.8729268375164,225.53156660720245,231.51515197753903,14466416.0
2024-10-09,232.7792700425925,234.56779437902705,228.7153044993108,230.6536560058593,19792122.0
2024-10-10,231.3746811957334,236.0566732760468,229.3146075380567,230.4008331298828,17374776.0
2024-10-11,231.11248204516173,232.41407522275028,226.73014448204825,227.001693725586,9419288.0
2024-10-14,228.29393228063057,230.11990629899404,227.17025706073807,228.9962310791016,6326914.0
2024-10-15,229.4737969877877,232.35790586701216,226.77696493691687,228.3032989501953,10652623.0
2024-10-16,228.2845543375067,229.9700742759498,227.26388353444864,228.6216583251953,5229639.0
2024-10-17,228.6216691713261,229.5955315323192,224.48278985787044,226.5709686279297,10781332.0
2024-10-18,225.3442719803612,232.9291048277634,222.72236785917573,232.1987152099609,10982434.0
2024-10-21,232.2268058121849,235.2232778682293,229.26778340570715,230.13864135742188,7677386.0
2024-10-22,229.4176177532505,229.8858169731551,218.2744820348437,218.7894897460937,10255996.0
2024-10-23,218.7894891511878,224.58579776397505,214.67870058313528,222.82537841796875,16390552.0
2024-10-24,221.6736036227961,230.07309895917373,221.2709591430424,229.20225524902344,11899296.0
2024-10-25,228.4812088895186,230.2603601286639,219.35132451790872,224.28614807128903,13124438.0
2024-10-28,224.73563286884345,237.4519258099357,224.64198730649207,234.0247039794922,34626442.0
2024-10-29,234.0059629972064,238.78160072707027,231.7679713109437,238.3695831298828,15007577.0
2024-10-30,238.50067772633028,240.0832076505375,234.670811569389,235.4854736328125,13781718.0
2024-10-31,235.4573764897727,238.01374013915049,232.41408166822103,234.99855041503903,7738588.0
2024-11-01,236.06605632265791,238.03248450602229,235.9724107617949,237.5642852783203,1782431.0
2024-11-04,237.3769990584424,239.34344145235545,231.80543132676345,236.5810546875,15810287.0
2024-11-05,237.5642761033022,243.4635890021698,235.4573796600142,241.4971466064453,16900651.0
2024-11-06,243.51039859462708,247.2091837980072,242.62083723829085,245.8513946533203,21915311.0
2024-11-07,246.2727959049417,249.4565449655765,244.399998977908,246.0386962890625,11833629.0
2024-11-08,245.99188240908308,245.99188240908308,237.9856585753894,240.27984619140625,13569792.0
2024-11-11,239.71799136105088,243.04219426373336,236.72151932669888,241.9185333251953,9319722.0
2024-11-12,242.527196965246,243.9317946310679,235.9724078580772,236.6278839111328,6461353.0
2024-11-13,234.2400654070652,236.76835264035049,226.5147782323312,227.82574462890625,15240064.0
2024-11-14,227.966187030292,231.1967586442408,225.5315597695983,226.1402130126953,6939685.0
2024-11-18,226.14021538027825,228.34075735292416,221.13047818551703,226.04656982421875,15402466.0
2024-11-19,227.0766075169865,230.35400185228323,221.2241176325281,222.1136932373047,12811548.0
2024-11-21,222.1137044898497,222.30098131797897,205.8672003205091,213.967041015625,32722184.0
2024-11-22,214.43523200083587,222.8628175379866,214.43523200083587,220.99002075195312,16249864.0
2024-11-25,226.60841094567067,232.50772367505792,225.4847357325268,231.3840484619141,18985964.0
2024-11-26,231.38405230919068,234.09960197679925,229.79216358510385,231.75860595703125,5822108.0
2024-11-27,231.75861183590447,233.95915386562845,229.0898705903504,230.775390625,9255064.0
2024-11-28,231.7117875902633,235.97240328501505,229.9794590756387,233.1632080078125,12657927.0
2024-11-29,233.5845793958217,234.52097780132783,228.7153105448515,230.7285614013672,9029433.0
2024-12-02,230.3540187628424,231.75861643822552,228.76214425506936,230.73794555664065,7689533.0
2024-12-03,231.9458943624217,238.78160593912463,231.45896316527103,238.3602294921875,15697277.0
2024-12-04,238.7815988741629,245.05547976542303,238.0512092442005,243.99734497070312,16236326.0
2024-12-05,244.3531775998953,245.69222047372548,242.10579854467525,243.4448699951172,12264971.0
2024-12-06,244.6808946922816,249.9715686044495,241.59079134984688,247.77102661132807,18607200.0
2024-12-09,246.2727843620186,247.95829008670324,244.69964187543133,246.2072296142578,9706145.0
2024-12-10,246.83462912911747,247.6305735011232,244.39998752276367,246.2072296142578,10964378.0
2024-12-11,246.20724019134803,248.14559186163552,243.45422643324463,244.1846160888672,9109708.0
2024-12-12,242.76128602857773,244.5872743454546,241.59078802458265,242.7144775390625,8971686.0
2024-12-13,241.590794027218,242.43354689571143,235.1390094404265,241.5814208984375,12263775.0
2024-12-16,240.3172955272097,243.0890267486346,240.2236499732768,242.60208129882807,5025258.0
2024-12-17,241.1319630026396,242.8080955765066,237.47064180098968,239.7086334228516,8889901.0
2024-12-18,238.0792977974251,239.53071820311385,233.84677294696743,234.7269897460937,9707392.0
2024-12-19,230.3540117754026,235.03600388465875,229.2771593055961,232.51708984375,6211727.0
2024-12-20,232.226817187413,234.09025525944105,222.64746497915803,225.28810119628903,10949542.0
2024-12-23,225.7281943028424,231.57132541823773,223.8460386769326,230.58810424804688,11064641.0
2024-12-24,230.0730873844817,231.92715224285024,227.81636377831,229.37078857421875,7643411.0
2024-12-26,229.40825186136888,232.8822819648289,229.40825186136888,230.99075317382807,5185131.0
2024-12-27,230.4944601850313,232.4234528890351,229.0430540973108,229.4082489013672,4851649.0
2024-12-30,228.4812229520552,231.5713407102976,224.4734387089116,225.67202758789065,24354060.0
2024-12-31,224.7356188848683,226.5147701523845,222.91900367942003,225.25064086914065,11001016.0
2025-01-01,224.7356140590365,226.40240205357657,223.5838480377095,225.8780212402344,4349210.0
2025-01-02,225.39110766984007,226.53351494021484,220.10046205786583,225.78439331054688,14134494.0
2025-01-03,227.0766044382465,229.5112459124941,225.48473006891777,226.27130126953125,11308123.0
2025-01-06,223.9865046140647,226.03721948950425,212.79654608256573,213.46139526367188,29034063.0
2025-01-07,215.7461933818713,218.85504303974912,214.669340898575,217.67518615722656,10569432.0
2025-01-08,217.72198510669847,219.5479734028044,215.28735785906647,218.13400268554688,9535741.0
2025-01-09,216.86986933526785,218.3212753856725,215.0907038500312,216.3454742431641,5382497.0
2025-01-10,215.4746364781311,216.44848452764992,210.6896400807646,211.064193725586,8065484.0
2025-01-13,209.75324570820715,210.1558901697066,202.5898035232269,203.8445739746093,14375458.0
2025-01-14,203.9944041260404,212.0474220682376,203.9944041260404,209.4910583496093,10793343.0
2025-01-15,210.57728528455647,211.52304256303336,207.1781543827644,207.8991851806641,8409931.0
2025-01-16,210.68964490661835,216.26121265870995,210.68964490661835,214.29478454589844,13044666.0
2025-01-17,213.4894814915964,214.34159319696687,211.4762163102185,213.49884033203125,6060015.0
2025-01-20,214.4352528257553,220.54993378291863,212.38453785976407,217.3568115234375,8569679.0
2025-01-21,218.5553984020184,218.5553984020184,213.8640471849353,215.00645446777344,5923042.0
2025-01-22,215.3716361579976,216.40168013320607,209.3037784095762,213.85467529296875,9955733.0
2025-01-23,213.0306429252981,216.5421370394514,211.17657803375093,214.58506774902344,7731880.0
2025-01-24,213.8359407703064,215.3809924263625,210.31508790416743,210.88629150390625,7498269.0
2025-01-27,208.8168563142013,210.56791685991428,204.5562404689632,205.65182495117188,7821158.0
2025-01-28,210.22145284923283,210.9612013407784,206.1013053684012,207.6557159423828,12792946.0
2025-01-29,208.53591149541748,210.59598502561803,207.0095918877311,208.4329071044922,8514453.0
2025-01-30,209.65959240197145,211.4762075525378,207.59015997537776,208.24563598632807,10812716.0
2025-01-31,204.60305059941464,204.60305059941464,197.6268853702765,199.81805419921875,50873400.0
2025-02-01,202.2620560285028,202.6553416450726,194.4056739607797,197.43023681640625,16153674.0
2025-02-03,197.6643470319998,197.6643470319998,193.4131043203525,194.7615203857422,13272380.0
2025-02-04,197.1118770131133,200.8574708755953,196.7466821830536,199.3498687744141,12129201.0
2025-02-05,201.32567333167768,207.04706861975205,200.5016380964805,206.02639770507807,15759413.0
2025-02-06,207.5058916518668,208.4235580853371,204.14421052871023,205.7360992431641,10170330.0
2025-02-07,206.00766127746647,206.7755148733424,201.3724917563848,202.5617218017578,9557681.0
2025-02-10,202.73026089530947,203.3482872907427,200.052160803405,201.54103088378903,4292326.0
2025-02-11,202.26205475471485,203.18909431613068,196.17546514404057,197.37405395507807,5669659.0
2025-02-12,199.35921398145325,200.5765347611708,192.62652147625653,199.0221099853516,8728432.0
2025-02-13,199.4341334654713,200.58591382105536,197.11186936160425,197.39279174804688,5986171.0
2025-02-14,198.2355508639704,199.32177650533723,189.38658828625407,192.11151123046875,10600160.0
2025-02-17,191.9429483875924,194.2558536793502,187.448233014252,193.79702758789065,7113238.0
2025-02-18,192.45796475569963,194.10602081943068,190.36980029462288,192.9823455810547,6382336.0
2025-02-19,191.21255247635904,196.54066171572293,190.5758084159058,195.6042633056641,5908141.0
2025-02-20,195.24843001982617,200.3424397266548,193.9374779430568,199.9866180419922,5212633.0
2025-02-21,198.54455570802423,201.27883737787872,195.8290060072821,196.89649963378903,7935366.0
2025-02-24,194.7708737420989,196.10055780016447,193.3662760949203,195.36080932617188,4609750.0
2025-02-25,195.36080582521183,196.2410226211321,191.35302175348147,191.74630737304688,5449460.0
2025-02-27,193.83447998303345,195.2484365048198,188.946478909962,190.25743103027344,9246629.0
2025-02-28,189.1524941967514,189.1524941967514,183.5434621210869,184.5360565185547,14293523.0
2025-03-03,185.50052862344444,186.52119944952543,180.7623407206362,183.44981384277344,11080593.0
2025-03-04,181.6706431592656,185.06977382471484,178.57116683149252,183.45916748046875,15521855.0
2025-03-05,183.4404535413612,192.654625294225,183.4310947005035,192.16769409179688,9984238.0
2025-03-06,193.83447153075056,196.9995027395975,193.1228138805147,193.9842987060547,7708374.0
2025-03-07,193.69401802625308,194.8645160460194,191.512208002812,192.804428100586,6253445.0
2025-03-10,192.89808133982385,193.6846526112393,190.1169767910347,191.05337524414065,9737436.0
2025-03-11,190.0888822213712,191.77440226129087,188.59063901070783,189.67686462402344,12900521.0
2025-03-12,190.6132641940045,191.77440340360025,188.3190908732597,189.52703857421875,13928062.0
2025-03-13,190.74435640573844,194.72404971388497,189.43340432543613,192.4486083984375,8576303.0
2025-03-17,193.74082862462075,193.8251153420736,191.3062012899976,192.6546173095703,6086364.0
2025-03-18,192.6546173095703,192.6546173095703,192.6546173095703,192.6546173095703,0.0
2025-03-19,196.643667363244,200.37990218693568,196.10055456735824,200.16452026367188,8786037.0
2025-03-20,200.9979276933812,203.9007686920348,200.9979276933812,201.934326171875,8936273.0
2025-03-21,201.8874965993046,203.37636659546163,200.7263574634176,202.9175262451172,9614502.0
2025-03-24,204.79033636506023,210.8207446164125,203.29210743115624,210.193359375,13453091.0
2025-03-25,211.53239544354392,211.53239544354392,206.6631265613817,208.8824005126953,9683595.0
2025-03-26,208.8168424513729,210.6896392446588,205.5675388719575,206.3260192871093,8824925.0
2025-03-27,205.53944210092743,217.2444217194313,205.0712429161873,216.289291381836,38539990.0
2025-03-28,216.28930574621728,218.88313340266657,212.4313487799983,213.99513244628903,12275939.0
2025-04-01,213.42392004248845,216.8136776532802,212.36578528601908,214.0419464111328,5686405.0
2025-04-02,215.3716228840969,217.8718047916766,211.9163106482189,216.79495239257807,11817603.0
2025-04-03,213.7329359558757,223.33101960778248,213.7329359558757,221.7204132080078,10557954.0
2025-04-04,223.7055775803936,226.9267904422332,218.0216465816605,219.41688537597656,13578143.0
2025-04-07,206.00764921976003,215.69000530389536,205.0712508142157,214.7723388671875,13391046.0
2025-04-08,217.24444329422664,221.5518819369348,216.42978120413144,220.8402099609375,9329948.0
2025-04-09,220.05364072999592,220.8776759569025,214.482072684068,215.5682983398437,9003748.0
2025-04-11,217.73136319458905,219.6416096720364,215.89601601654243,217.712631225586,7672071.0
2025-04-15,220.99002661634225,221.0742990447567,217.0571561189668,220.00680541992188,11313564.0
2025-04-16,220.00680889688536,225.952944659628,218.5366707875212,225.47537231445312,10650464.0
2025-04-17,225.7188415111574,229.1085992119784,225.7188415111574,227.3668975830078,10250305.0
2025-04-21,227.5448120025041,234.70825407244584,227.5448120025041,233.5564880371093,13025589.0
2025-04-22,235.04536752818663,240.91658975389663,233.9029602871188,236.393783569336,15802728.0
2025-04-23,237.6579147038866,237.6579147038866,231.81478359508304,235.47610473632807,12117005.0
2025-04-24,234.56779407894064,239.52133521994097,234.56779407894064,235.98175048828125,10518406.0
2025-04-25,235.5510154349868,237.62044785411177,229.42696202603943,231.09375,12840481.0
2025-04-28,231.09374773651464,237.33016431776284,230.9158440481669,236.48741149902344,5675324.0
2025-04-29,237.8452120532984,242.9392220306477,235.7195835196552,237.1148223876953,13432236.0
2025-04-30,235.97240926597365,236.6185264822357,233.2100366977039,234.0340576171875,8286634.0
2025-05-02,233.63140465170284,236.05667311849305,230.65366454899785,231.84288024902344,4318300.0
2025-05-05,232.7886526080981,234.839353142909,231.7679674725853,233.28494262695312,5921479.0
2025-05-06,234.09959039580173,235.5978334896569,207.50588264216069,209.66896057128903,53589794.0
2025-05-07,209.6689639338738,212.97444906021013,207.18749966289857,210.221435546875,29513047.0
2025-05-08,210.68964991730115,212.22534279405497,202.26206392060908,203.4512939453125,18639419.0
2025-05-09,199.4435136926365,206.4758610029605,199.03149608296408,206.0919342041016,14465684.0
2025-05-12,212.5624511244553,214.435248050662,210.22145496669705,212.4219970703125,13866067.0
2025-05-13,212.0942414608473,219.2857744453713,212.0005959038204,217.9467315673828,13441966.0
2025-05-14,219.06104719140387,220.32517647694013,215.69938031534832,218.714584350586,7853997.0
2025-05-15,219.58543147646327,220.84957507022165,218.08718827558712,219.4730682373047,6356741.0
2025-05-16,219.95998787382203,222.862828753582,219.88508857232023,221.8515167236328,5559444.0
2025-05-19,221.9264251418661,227.357538825784,221.17730354954884,224.7168884277344,10070720.0
2025-05-20,226.58968372168948,227.26389172135424,220.7278348067048,221.3926696777344,11889209.0
2025-05-21,221.92642582568672,226.32749554769103,220.1753653502905,225.95294189453125,13019580.0
2025-05-22,224.6326196648876,226.87997019020625,222.90964997625616,225.88739013671875,9266003.0
2025-05-23,225.8873964644588,228.38757863761245,225.46602001519588,227.582275390625,5933979.0
2025-05-26,228.7153144961337,229.6142632678042,225.48474279898764,226.1589508056641,5619161.0
2025-05-27,226.8799715486969,227.08598034838704,222.4976337115935,226.1495819091797,7621172.0
2025-05-28,226.60841726619608,228.0130148938792,225.52219167159444,227.57290649414065,4536627.0
2025-05-29,229.4176178787536,229.4176178787536,225.85930094787085,227.76956176757807,9793256.0
2025-05-30,227.27326105469865,235.53228748021368,226.75823907906823,233.67822265625,18896253.0
2025-06-02,235.50419639151835,239.95208876869413,234.28687562010387,238.56622314453125,15650468.0
2025-06-03,240.46710110914896,241.49714507912,234.7550793608991,237.52682495117188,17004787.0
2025-06-04,238.73478440056363,239.8491151418449,235.79449380915875,238.4164123535156,8495549.0
2025-06-05,238.7816115032178,239.718009979701,232.788666969048,234.69891357421875,20759942.0
2025-06-06,235.87098376734545,241.0533706371505,233.4977468457484,238.46701049804688,27877160.0
2025-06-09,240.22999686420263,242.3416889354401,238.8932284421436,240.24937438964844,11809052.0
2025-06-10,241.57644503216247,241.57644503216247,238.31203410077657,239.19351196289065,6397250.0
2025-06-11,238.29266809482075,239.0676065569645,234.5439223143796,234.989501953125,16318275.0
2025-06-12,235.5803781952889,236.5490475256813,231.6766419762652,233.1199645996093,9393665.0
2025-06-13,227.6372965702105,232.71312927011232,227.4532470293448,231.7250823974609,7993912.0
2025-06-16,231.0276481691736,237.27556274213265,228.89657847973223,233.0812225341797,7304944.0
2025-06-17,233.3524414522915,235.1735445675329,230.05897156117788,230.58204650878903,7272466.0
2025-06-18,230.58205382079765,232.12224937575465,228.20881678452656,229.09999084472656,6655986.0
2025-06-19,229.099984539348,229.56495647330703,223.29766454459408,224.4019470214844,12080316.0
2025-06-20,224.05322032875983,229.5261961637921,224.05322032875983,226.8139190673828,8178646.0
2025-06-23,224.72160512789253,228.40253678909505,224.6247322817678,226.52333068847656,5706955.0
2025-06-24,228.6059721648693,233.0618571956258,228.6059721648693,230.36895751953125,6407993.0
2025-06-25,231.41510822927583,233.42994230691576,230.54331170235392,231.57009887695312,4912539.0
2025-06-26,232.0447509240936,232.48064918517147,227.74385654925248,231.84132385253903,8947066.0
2025-06-27,231.511980517208,237.4111734608381,231.511980517208,233.7689819335937,16042284.0
2025-06-30,234.85388628705337,241.8573617080649,234.7182731662012,240.98556518554688,19051358.0
2025-07-01,240.9952452779126,241.576452810318,235.8903683566729,239.784408569336,12791194.0
2025-07-02,240.01689101063613,240.01689101063613,234.417983334929,235.43508911132807,16461168.0
2025-07-03,236.25845088969805,237.03338933350773,233.67210547330137,234.7279663085937,6572424.0
2025-07-04,235.6191391708944,235.90972815274284,231.7541431243749,233.2362060546875,11400183.0
2025-07-07,233.3524342281819,237.3239843686808,232.5871919657756,233.53648376464844,8397404.0
2025-07-08,234.41797831095715,234.67952316916217,230.93076280396028,232.24815368652344,5872650.0
2025-07-09,232.48064001231185,234.51485152470795,231.8897511277184,233.5752410888672,5927854.0
2025-07-10,233.44930867155887,234.3211051567992,230.83390443511723,231.3569793701172,4169988.0
2025-07-11,230.5433069671949,232.935921461455,228.6156496256952,230.0008544921875,6155645.0
2025-07-14,230.0008608548464,234.22425995945167,229.03219147104448,233.371826171875,5818162.0
2025-07-15,233.5461820281373,237.6048941163773,233.1974604771337,236.6652984619141,7854584.0
2025-07-16,235.48353012036225,242.6516775570647,235.48353012036225,241.2761688232422,13157847.0
2025-07-17,242.2157730709658,242.7194852697945,237.8083245878372,238.7963714599609,6291020.0
2025-07-18,237.3433759636239,239.7456718908371,236.3553290560172,237.0430908203125,5337640.0
2025-07-21,236.5587507839792,237.78895022840905,233.2265258224265,235.76443481445312,4973875.0
2025-07-22,235.7838068917291,236.56842668986755,231.3569809264201,231.9769287109375,7142245.0
2025-07-23,231.9769335473855,235.87098850232985,230.96952391931185,235.4544677734375,4865685.0
2025-07-24,235.4544668173473,239.50349761966973,231.8025792165567,239.125717163086,11426887.0
2025-07-25,238.5348327384108,241.1986735101088,234.8151458991221,235.8225555419922,8703652.0
2025-07-28,231.65726343676943,239.5034908908825,230.330191189773,232.8099822998047,11840807.0
2025-07-29,231.7057044899195,235.7547500401276,231.53135110247385,234.6698303222656,5783053.0
2025-07-30,234.4567218432409,236.2584474168073,231.4829146390137,232.1609802246093,3131598.0
2025-07-31,230.05897072739785,233.40087703024108,229.09030137696672,230.41737365722656,5770571.0
2025-08-01,230.29145696900625,231.13419457506217,227.20139937250613,227.7632293701172,4770791.0
2025-08-04,227.7922857369679,234.3211076345009,227.7922857369679,233.61398315429688,5286235.0
2025-08-05,232.4806460976621,234.67952968060447,231.99631141829195,233.1102752685547,2784149.0
2025-08-06,233.11026958664715,235.82254668115425,231.85101127555555,234.17581176757807,5567926.0
2025-08-07,233.4493096477593,234.90231364971635,229.8652360657429,234.46641540527344,5526019.0
2025-08-08,233.4493126528542,234.9507530970147,231.03732065749745,231.7250823974609,4393052.0
2025-08-11,231.72508399720988,237.26587388337288,231.72508399720988,236.3262634277344,8071890.0
2025-08-12,235.9678540344837,237.64364783205343,235.0379249767904,235.46414184570312,5778309.0
2025-08-13,235.4641467047346,237.2077544859401,233.6914800255691,234.2339324951172,4734249.0
2025-08-14,234.4083032191029,236.1615923918356,233.8367770646429,235.1638641357422,5398813.0
2025-08-18,236.35532330725465,238.0311171576754,233.99176770926667,235.1638641357422,6339208.0
2025-08-19,235.09605104261263,239.5519360170944,234.05958251194724,239.3097686767578,5767582.0
2025-08-20,239.35821088851824,240.714342114905,236.8881010012149,237.207763671875,7335347.0
2025-08-21,237.4111759772079,239.5906820930441,235.53195500574915,235.73538208007807,4378842.0
2025-08-22,235.58037928278503,236.9074663224391,232.48064036736443,232.70343017578125,5946024.0
2025-08-25,233.9336490474745,235.32853528248663,232.95529832075795,233.5268096923828,6139415.0
2025-08-26,232.49033387843448,233.526817215602,227.0754755611972,227.77291870117188,9059590.0
2025-08-28,228.14101432353604,229.19686039021508,224.4503863861221,225.9324493408203,7496201.0
2025-08-29,225.21563090992987,227.12391077149545,223.5785772923788,225.5352935791016,5698267.0
2025-09-01,225.6999612509291,227.92790373873493,225.6999612509291,227.07546997070312,5022461.0
2025-09-02,226.6686289622998,231.02764105772863,226.11648033546592,229.2549743652344,3798598.0
2025-09-03,230.22364750827288,231.5797934953777,229.574640803738,230.9501495361328,5983296.0
2025-09-04,232.2384705611169,233.23619878294684,226.2521012301374,226.61050415039065,4012532.0
2025-09-05,227.63729181434925,228.1797442724809,224.4600576046748,226.92047119140625,3555014.0
2025-09-08,227.44356486111795,229.38090354855385,226.8623573425988,227.28857421875,4845778.0
2025-09-09,227.28857451875783,228.3250578126504,226.1455517864081,227.14328002929688,8815989.0
2025-09-10,228.3153698719015,232.7228185063132,227.9763444573909,230.5529937744141,12351617.0
2025-09-11,231.51197984945884,234.0305261283106,230.20427028530085,230.8048553466797,8641633.0
2025-09-12,231.0276434480726,231.76382684408009,228.131316726972,230.0395965576172,7047846.0
2025-09-15,229.5746344353556,232.48064246618284,229.5746344353556,231.56040954589844,7165608.0
2025-09-16,231.5604175045478,233.3040253391156,230.3495807834204,233.04248046875,7020684.0
2025-09-17,233.1393375151604,239.261335045068,232.27722236472889,238.1861114501953,13825961.0
2025-09-18,238.8835552461648,244.346849931907,238.3023477086664,241.1502380371093,19663095.0
2025-09-19,241.683005953579,246.42947991773343,241.1986712723093,244.1821746826172,16173486.0
2025-09-22,244.10467794227628,246.7104008772898,242.1770206009581,243.2716217041016,8447174.0
2025-09-23,243.27162712444004,246.4779204023488,241.33428836744656,245.296142578125,10937835.0
2025-09-24,246.52635288960207,250.40103034169803,245.66423774773963,246.40042114257807,19015206.0
2025-09-25,246.40041245155803,248.30869221186427,244.1046708719973,244.89898681640625,10254514.0
2025-09-26,244.8989886035748,245.0539644639749,239.42599798715983,240.6658935546875,7652782.0
2025-09-29,240.71433332478247,247.3884645508886,240.5302837834819,246.03233337402344,11711402.0
2025-09-30,246.042021572884,251.95091068042697,245.80953560151912,250.4397888183593,16041674.0
2025-10-01,251.6602841253902,252.8711208072126,247.3012868515508,251.4665679931641,10553753.0
2025-10-03,251.950899743726,257.0364137483974,249.7229425381475,255.68028259277344,12224432.0
2025-10-06,258.39254790750266,263.5264836139839,257.0848383788126,258.24725341796875,13935656.0
2025-10-07,257.7144658755644,258.92530254959246,253.40390505288968,253.6460723876953,8742344.0
2025-10-08,254.275711322348,254.9537917104516,250.40103381648365,253.6945037841797,6051759.0
2025-10-09,253.7913749454548,257.4723067269567,252.43524373971428,255.8740081787109,5413923.0
2025-10-10,256.2130518971427,260.4751912716117,255.777138850056,258.5863037109375,9459957.0
2025-10-13,258.0535066426611,260.7657985355095,256.3583352951718,259.70025634765625,5443095.0
2025-10-14,259.6033815718003,260.28146193033336,255.29279120993053,255.68028259277344,4141172.0
2025-10-15,255.05062518440025,261.9281834049444,255.05062518440025,259.9908447265625,8534350.0
2025-10-16,259.9908463588948,260.86264285735166,257.1817111698925,257.81134033203125,6996551.0
2025-10-17,257.8113417289623,259.1190512644546,254.37257735918865,256.2130432128906,6919725.0
2025-10-20,257.4723069064132,264.5436110493597,256.7458048783912,262.9453125,17154442.0
2025-10-21,262.99372486563567,264.1561398940386,260.66892437027207,261.7344665527344,1137999.0
2025-10-23,261.5407226731889,263.1874723812638,257.90821263606136,258.537841796875,7342137.0
2025-10-24,258.5378530790813,260.1846028590178,256.0193067644788,257.8598022460937,6541279.0
2025-10-27,258.63470987891884,271.1305382641513,257.9566295265697,265.07635498046875,11187429.0
2025-10-28,265.8028552358778,268.8057360372307,264.7857642754487,268.2729797363281,10922577.0
2025-10-29,267.8855000666647,269.1932096168241,265.46382666320017,265.9966125488281,6127929.0
2025-10-30,265.99660349603465,267.93394215287185,262.8484281786742,264.2045593261719,13926080.0
2025-10-31,265.22166617966934,271.8570573889964,263.52649475341866,269.67755126953125,23120256.0
2025-11-03,275.5864413508136,284.06229851010926,274.1334372663629,282.0765380859375,38572616.0
2025-11-04,281.8343524092156,283.1420323510202,277.0394274177924,279.0736389160156,11837387.0
2025-11-06,280.4297815960304,281.39845096251065,275.8286021052492,277.37847900390625,7681719.0
2025-11-07,275.1020975358942,281.5921940558604,274.23030102641405,279.9938659667969,6951797.0
2025-11-10,279.9938677359018,282.70615969096286,276.70039781181043,278.6861877441406,7071136.0
2025-11-11,278.44401136529183,279.8485641601157,272.14766070599575,276.8941345214844,9114319.0
2025-11-12,277.91123615314103,280.8656954665129,274.90835519587915,276.0707702636719,11257140.0
2025-11-13,275.8770054277404,278.20183540205323,273.4069105318344,274.3755798339844,6205108.0
2025-11-14,272.4866705065384,278.4440105308656,272.4866705065384,277.76593017578125,5767810.0
2025-11-17,279.9454356960371,283.23890549781976,278.637726191397,278.9283447265625,9325390.0
2025-11-18,278.73460883121226,280.7688204030857,276.0707680865178,279.4126892089844,6702634.0
2025-11-19,278.8314873810531,284.5950524641944,278.0081124944776,284.1107177734375,11205111.0
2025-11-20,285.70902941159494,285.70902941159494,278.68617680096304,279.21893310546875,7321372.0
2025-11-21,278.0081197272868,278.928367488244,274.4240310978625,275.2474060058594,7072694.0
2025-11-24,275.24737702941366,276.89412667204715,272.1960746317728,273.06787109375,8839228.0
2025-11-25,272.92259315909047,278.8799038321733,271.90550215201887,278.2502746582031,7981354.0
2025-11-26,278.0080961528063,283.8201121002517,277.9596745111543,279.3642272949219,5874557.0
2025-11-27,280.1876229275951,280.8172521230088,277.1363202410181,278.8799133300781,5143734.0
2025-11-28,278.0081050605055,283.28736487316536,278.0081050605055,280.7203674316406,7906532.0
2025-12-01,280.91411895732824,288.4213066191189,280.91411895732824,286.29022216796875,13719693.0
2025-12-02,287.694803757784,294.427067724168,286.5323886857005,287.5979309082031,20755587.0
2025-12-03,286.72614227188586,288.3244408688829,276.26452458113795,278.00811767578125,13931844.0
2025-12-04,277.0394477271606,280.76883082039194,276.5551130283369,279.1705322265625,8269764.0
2025-12-05,278.1049664683716,284.7887788348606,277.572180607836,283.4326477050781,7376690.0
2025-12-08,281.97966994929345,284.1107249052521,274.0850202040708,276.2645263671875,6379707.0
2025-12-09,273.9881435977856,281.253164041983,272.5351395089461,280.7688293457031,7821588.0
2025-12-10,279.8970357314356,281.737501684255,276.0707797662381,277.1363220214844,5900048.0
2025-12-11,278.87990552248726,279.6064075494969,274.61776620965253,276.0707702636719,8448904.0
2025-12-12,276.3613702499051,277.47536371814806,273.6975293781742,275.5380249023437,7963115.0
2025-12-15,274.81150190122617,277.7659315455735,273.5522140300654,276.1676330566406,6089175.0
2025-12-16,275.8770161377671,275.9254673416202,271.7117498013957,273.9881286621094,5839387.0
2025-12-17,273.35851611099207,279.3642486454785,273.26164325884275,278.5893249511719,13792834.0
2025-12-18,278.97676607106365,281.3984393876528,276.8456817278885,279.0736389160156,5853204.0
2025-12-19,280.81723863608374,283.481079348426,279.31581296824965,282.8998718261719,7073187.0
2025-12-22,283.3357838221959,286.48395919799805,283.0936164855957,284.7887878417969,5388164.0
2025-12-23,285.7574582874265,285.7574582874265,281.93120252984835,283.3357849121094,3676651.0
2025-12-24,284.401328162172,284.5950442960488,280.81723972886005,281.4468688964844,3727361.0
2025-12-26,280.13920162420993,282.6092967636332,278.4924518236317,279.1705322265625,3481149.0
2025-12-29,278.9767867983252,281.0594200930378,278.1534118972219,278.5893249511719,7261978.0
2025-12-30,277.2816110552374,284.59505307683304,276.55510901753814,283.82012939453125,11505161.0
2025-12-31,283.5295178987504,289.34153373901364,282.9483104024358,286.6292419433594,7666538.0
2026-01-01,287.2104563724965,293.4099341728016,286.38708152962926,291.3273010253906,8464712.0
2026-01-02,291.5694850417342,296.3644103246392,291.5694850417342,295.4925842285156,10317519.0
2026-01-05,299.12509361447337,302.0311017631688,295.1051215877334,297.2362060546875,16328380.0
2026-01-06,297.86583604761887,298.7376325822988,292.9256162691745,295.4925842285156,9161270.0
2026-01-07,294.95980575078886,299.8031523148412,294.7176384225862,298.5923156738281,6706773.0
2026-01-08,297.381484820064,299.6094124583085,289.34154119185075,290.1648864746094,8064971.0
2026-01-09,290.1648960202524,295.92849055782153,287.9853899523143,291.2304382324219,10210825.0
2026-01-12,291.61790962245243,294.4754961630863,286.43555200689536,292.7319030761719,5639635.0
2026-01-13,293.6036894855011,294.1848970148927,289.29309900074315,292.3928527832031,5669755.0
2026-01-14,293.0708995193329,298.7376211194809,289.971175341472,298.0595703125,11134333.0
2026-01-15,298.0595703125,298.0595703125,298.0595703125,298.0595703125,0.0
2026-01-16,298.05955937635895,303.5325350814498,296.5096825635739,298.5923156738281,16690141.0
2026-01-19,298.1080019744272,299.5125844013212,294.57236464640187,297.5267944335937,9436591.0
2026-01-20,297.3330820446133,300.43280636575025,290.7945636410126,292.5865783691406,8244610.0
2026-01-21,291.95695151413173,295.9769236155112,288.0338522651294,289.6805725097656,7777440.0
2026-01-22,292.489722532319,298.3501602847641,291.7147693141943,295.7347412109375,7472657.0
2026-01-23,296.84874174096547,296.84874174096547,285.3700037369516,286.8714294433594,7810191.0
2026-01-27,287.6948001684732,294.0880238622834,286.7261308076366,292.53814697265625,11451625.0
2026-01-28,293.99114830804854,296.9455780068308,291.0367186092663,296.6065673828125,10161294.0
2026-01-29,297.3814938265601,299.56099988880686,291.6663505089571,292.9740600585937,16319863.0
2026-01-30,292.92560028312664,294.4754771276659,288.17912646539673,290.01959228515625,11708481.0
2026-02-02,270.25874959063464,270.50091692897746,262.0250600869773,268.9026184082031,16234606.0
2026-02-03,280.91410627495526,285.75745293486824,273.06787877360773,276.4582214355469,15500999.0
2026-02-04,277.03943550928153,283.432659164092,273.4069254283032,281.73748779296875,9434395.0
2026-02-05,282.27025480626804,283.9170045966024,279.9938758236683,281.3500366210937,4970798.0
2026-02-06,280.9625359804894,282.17337268021816,275.7801785548045,280.1391906738281,4988298.0
2026-02-09,282.85146204504946,285.7574702167452,280.8172504125737,281.4953308105469,8780025.0
2026-02-10,281.4953106408364,283.3357764387485,279.1220589794223,281.2531433105469,7522576.0
2026-02-11,280.9141229937994,283.5295421703882,276.84569973276,282.0765380859375,7047693.0
2026-02-12,282.0765389379474,282.8514626274176,278.7830393540895,280.7688293457031,6441099.0
2026-02-13,278.2987067026119,278.97678710696346,275.6833170603506,278.44403076171875,6295039.0
2026-02-16,276.9425708208292,284.2075911968291,275.295850605802,283.3842163085937,6149012.0
2026-02-17,283.38421860814515,295.4441643547442,282.0765385790087,293.7489929199219,17496015.0
2026-02-18,293.74898116390835,297.3814912360094,293.74898116390835,295.5894470214844,7867687.0
2026-02-19,294.08803257730347,296.36441155501643,293.5068250312894,294.9114074707031,7342206.0
2026-02-20,293.99114550777875,300.917125395756,293.07089780764204,299.36724853515625,14797240.0
2026-02-23,301.2077616092697,305.3730282026827,299.99692485985383,303.5325622558594,10075556.0
2026-02-24,303.14508026787144,304.3559169368413,297.38148589899805,303.2903747558594,12952576.0
2026-02-25,303.1935100412348,306.53543116179355,301.7889276429841,305.9542236328125,9318353.0
2026-02-26,306.0995220088683,315.30188105660324,306.0995220088683,314.2847900390625,20502406.0
2026-02-27,314.8175277340744,314.8175277340744,309.4898464954978,311.86309814453125,14686416.0
2026-03-02,302.2248312771083,310.16793161601936,301.449907636872,305.3245849609375,9823313.0
2026-03-04,300.4327980282212,300.6749653697821,287.4042127891081,289.9227294921875,17339156.0
2026-03-05,291.6178995568667,294.08802416642027,289.09938286524124,292.3928527832031,10288116.0
2026-03-06,289.632133774346,290.2133412928706,284.74036541310204,286.09649658203125,9115653.0
2026-03-09,276.21607218516874,279.80016077271523,268.36984417016413,279.02520751953125,11662512.0
2026-03-10,281.88276927124457,286.87141030654016,281.3984346161393,285.1762390136719,8965568.0
2026-03-11,285.75744990760336,287.8885342399656,279.4610993164189,280.23602294921875,6444909.0
2026-03-12,278.0081062577283,284.1591626046391,274.0850071751842,280.1391906738281,8115474.0
2026-03-13,277.1847263940848,278.49243591851234,271.2274158510729,272.2445068359375,6237801.0
2026-03-16,271.2274072367045,273.6490805156037,263.9623874000071,271.1789855957031,9554841.0
2026-03-17,271.760160893603,275.05366017006577,268.6119856616155,274.3755798339844,5072811.0
2026-03-18,274.4240115293735,277.9112270571728,273.6975095261421,274.2787170410156,5349893.0
2026-03-19,271.2274122628045,271.9054926180383,262.6546827843525,264.05926513671875,6659439.0
2026-03-20,267.20743550602026,274.9083387960547,266.62622800679617,271.1789855957031,9423497.0
2026-03-23,266.5778263596446,266.8199937056975,256.69738681610755,257.5691833496094,9657083.0
2026-03-24,261.9281820859209,265.1732302681576,257.6660429272326,262.0250549316406,9976659.0
2026-03-25,265.31854399586746,268.75733811891126,262.4125357821965,264.1561584472656,13583867.0
2026-03-27,261.05639274706283,261.05639274706283,250.2557352859572,252.1446228027344,19957366.0
2026-03-30,246.6232302200568,247.97936144064656,238.8738751750365,239.8425445556641,15950618.0
2026-04-01,245.07335376960447,248.22152926269223,242.5548074628455,244.1337432861328,11199966.0
2026-04-02,241.1502304930587,243.1166280810444,233.4493121560872,241.7411193847656,14887386.0
2026-04-06,244.6955718600392,252.52242219812143,244.0175062524364,251.6215667724609,22152306.0
2026-04-07,249.9069960630621,250.8853615658957,246.83633077899933,250.01356506347656,9211553.0
2026-04-08,259.61307823213457,268.5926323358116,259.61307823213457,267.3333740234375,15760765.0
2026-04-09,267.34305964244624,271.83769987141113,263.7783633265774,265.6478881835937,14149060.0
2026-04-10,268.7379447966714,269.919722648226,265.07637564373084,267.53680419921875,10543042.0
2026-04-13,261.5116637285725,267.7014454587808,258.344125618883,267.0815124511719,12303610.0
2026-04-15,271.0143155800874,274.1334321388243,268.2826608576679,270.3265686035156,13447615.0
2026-04-16,271.6148715564579,273.1163267401009,268.3601568290633,270.63653564453125,7908505.0
2026-04-17,270.25873930758485,273.54254248006146,267.76925206939626,271.65362548828125,6831951.0
2026-04-20,271.71174920744005,277.28159789885814,268.9316729382499,272.2057800292969,12006723.0
2026-04-21,273.26162522952404,276.26450607936454,272.5351232285034,275.1505126953125,7814738.0
2026-04-22,274.3755859311553,276.16763009224377,272.5447867199161,273.9106140136719,7482697.0
2026-04-23,272.1961013390341,272.6707398852657,265.46383718596434,267.6820983886719,8177124.0
2026-04-24,267.5464733530359,268.1276512857696,261.10479883797325,265.54132080078125,7797230.0
2026-04-27,266.56811570599496,268.5151505220122,264.1561385301708,265.4057006835937,6045069.0
2026-04-28,261.54071561063705,263.5361720388992,257.2882431191795,259.4386901855469,12427177.0
2026-04-29,260.76579823497707,263.2940110236837,259.02217568556074,259.8455505371094,5919525.0
2026-04-30,257.5691831015218,257.87916439891745,251.8540396524661,255.20562744140625,12323040.0
2026-05-01,255.20562744140625,255.20562744140625,255.20562744140625,255.20562744140625,0.0
2026-05-04,256.64895599813144,263.0906012606085,255.92245398593985,256.79425048828125,6230309.0
2026-05-05,257.08484545818123,257.4723072947553,253.3554624630881,255.1475067138672,6130906.0
2026-05-06,260.2814819409465,262.8968716075566,254.56630878049,261.8313293457031,17657931.0
2026-05-07,262.7515572317741,263.3811863875065,258.7315854020833,261.8797607421875,10221403.0
2026-05-08,261.2985575558183,261.2985575558183,251.1759510085043,255.6318359375,16922683.0
2026-05-11,257.56917329564953,261.2501345488376,254.13040894050417,257.6660461425781,26039714.0
2026-05-12,255.6802803299445,259.07062296972015,251.0306498299585,251.8056030273437,9935242.0
2026-05-13,252.53211338997204,256.0192994287174,250.0135671475338,253.45233154296875,14028629.0
2026-05-14,255.53496009081715,261.6375946702412,254.4209962620036,259.4096374511719,11352510.0
2026-05-15,259.6033828514323,261.7828888641775,252.58053014369764,253.2101593017578,10676841.0
2026-05-18,251.8540289190005,252.67740377198567,247.30128596776285,251.90245056152344,7299311.0
2026-05-19,252.047779866631,254.17883472658505,251.5634451855356,252.43524169921875,7957982.0
2026-05-20,250.3526107603585,256.0193029315727,248.6089881556868,255.2928009033203,13610643.0
2026-05-21,257.61763196448493,259.02218482059834,254.2757107979912,254.8569183349609,8207070.0
2026-05-22,255.1959513767735,258.58629409240336,254.5178710090705,257.0848388671875,18828819.0
2026-05-25,259.6034003924185,264.44674741466514,258.9253199847263,263.7202453613281,11731542.0
2026-05-26,264.3498652607753,265.60915317911787,261.34698430035,262.073486328125,10164821.0
2026-05-27,262.07347663460934,265.65756499697585,261.34697463370605,262.4609680175781,10007296.0
2026-05-28,262.4609680175781,262.4609680175781,262.4609680175781,262.4609680175781,0.0
2026-05-29,264.0108063670372,265.4153886791492,258.7799980498823,260.08770751953125,17624514.0
2026-06-01,261.9281867763995,263.23589631342816,254.95378518131776,256.0677490234375,12975542.0
2026-06-02,255.2443624569935,258.0050758949077,252.8226891889006,257.4722900390625,12303559.0
2026-06-03,255.6318327578467,261.44384879430294,252.6289518933892,260.4267578125,17903043.0
2026-06-04,259.11905601803744,263.6718138735858,258.00509215679057,262.79998779296875,16143314.0
2026-06-05,264.95001220703125,269.3999938964844,262.79998779296875,263.70001220703125,23279313.0
2026-06-08,260.8500061035156,266.5,258.0,259.25,11172071.0
2026-06-09,260.3999938964844,274.20001220703125,260.3999938964844,273.75,32633870.0
2026-06-10,273.3999938964844,275.0,268.5,269.29998779296875,11888452.0
2026-06-11,266.20001220703125,268.6000061035156,262.1000061035156,267.6000061035156,21062711.0
2026-06-12,270.04998779296875,276.1000061035156,268.6499938964844,274.75,27384601.0
2026-06-15,278.54998779296875,282.5,275.3999938964844,276.04998779296875,9344475.0
2026-06-16,278.1000061035156,278.1000061035156,273.1000061035156,275.3500061035156,9933682.0
2026-06-17,277.0,282.3999938964844,274.0,281.8500061035156,11929170.0
2026-06-18,283.79998779296875,287.1000061035156,281.75,283.0,12399938.0
2026-06-19,281.95001220703125,282.5,278.1000061035156,281.04998779296875,4914684.0
2026-06-22,282.0,286.5,280.3999938964844,286.04998779296875,10870558.0
2026-06-23,287.0,287.20001220703125,276.8999938964844,277.79998779296875,9673161.0
2026-06-24,274.0,282.20001220703125,274.0,279.8999938964844,9376653.0
2026-06-25,282.3999938964844,282.3999938964844,278.0,279.1499938964844,10406847.0
2026-06-26,279.1499938964844,279.1499938964844,279.1499938964844,279.1499938964844,0.0
2026-06-29,279.5,279.8999938964844,271.45001220703125,272.79998779296875,13102878.0
2026-06-30,273.79998779296875,276.0,271.8999938964844,272.3999938964844,11512561.0
2026-07-01,273.70001220703125,274.1000061035156,270.6000061035156,271.6499938964844,8585773.0
2026-07-02,273.5,273.5,257.70001220703125,260.25,26105222.0
2026-07-03,258.25,258.25,250.0,252.1999969482422,39345727.0
2026-07-06,252.8999938964844,253.5,249.5,249.9499969482422,12248902.0
2026-07-07,251.1499938964844,251.8500061035156,246.3500061035156,247.8500061035156,12317114.0
2026-07-08,244.9499969482422,246.0,239.0,240.4499969482422,17045169.0
2026-07-09,240.6499938964844,246.1999969482422,240.1499938964844,244.6000061035156,10797792.0
2026-07-10,245.5,254.3500061035156,245.3500061035156,250.9499969482422,18239487.0
2026-07-13,249.0,252.6999969482422,247.0,250.6499938964844,18662940.0
2026-07-14,249.8000030517578,251.1499938964844,245.6999969482422,246.6000061035156,9026197.0
2026-07-15,248.0,250.3999938964844,246.9499969482422,248.1499938964844,8127491.0
2026-07-16,249.1999969482422,249.6000061035156,247.0500030517578,248.3000030517578,5277402.0
2026-07-17,249.0,249.0,245.6000061035156,246.8000030517578,6785854.0
2026-07-20,247.5,256.1499938964844,246.0500030517578,254.8500061035156,15040259.0
2026-07-21,254.8500061035156,257.0,247.3000030517578,247.6999969482422,13458334.0
2026-07-22,247.9499969482422,247.9499969482422,244.3999938964844,245.75,8257873.0
2026-07-23,245.0,246.0,242.25,243.1499938964844,6041550.0
2026-07-24,242.0,247.1000061035156,239.25,246.4499969482422,8475748.0
2026-07-27,243.5,247.6999969482422,241.8999938964844,244.0,14707217.0
2026-07-28,242.8000030517578,244.6999969482422,238.4499969482422,239.1999969482422,8526492.0
2026-07-29,239.8999938964844,244.8999938964844,239.3500061035156,243.3500061035156,10011406.0
2026-07-30,243.0,243.0,240.1000061035156,241.6499938964844,9423237.0
2026-07-31,243.0,244.5,242.1000061035156,242.6000061035156,7775343.0
2026-08-03,244.0500030517578,248.47999572753903,244.0,247.25,8511143.0
2026-08-04,247.19000244140625,249.1499938964844,245.0,245.0,4143561.0
2026-08-05,247.5,249.83999633789065,245.6000061035156,245.6000061035156,9244171.0
2026-08-06,246.1100006103516,251.0,245.6000061035156,251.0,9633422.0
2026-08-07,249.9900054931641,251.25,248.0200042724609,250.6999969482422,7479873.0
2026-08-10,250.1100006103516,250.97999572753903,246.1699981689453,247.8099975585937,6890654.0
2026-08-11,247.0,247.47000122070312,243.6000061035156,246.1999969482422,13598893.0
2026-08-12,246.0,251.3999938964844,245.5,251.0,8298917.0
2026-08-13,250.9900054931641,250.9900054931641,247.63999938964844,248.0,3547993.0
2026-08-14,248.0,250.7899932861328,247.5,248.22000122070312,7812221.0
2026-08-17,247.6000061035156,248.1100006103516,243.1100006103516,246.5500030517578,7061942.0
2026-08-18,245.4199981689453,247.27999877929688,243.8999938964844,244.0,3521816.0
2026-08-19,244.07000732421875,245.5500030517578,243.1499938964844,245.0,6256020.0
2026-08-20,246.5,247.1499938964844,244.25,244.5,5598278.0
2026-08-21,244.0,247.0,243.5,247.0,7918075.0
2026-08-24,245.5500030517578,246.1199951171875,239.8999938964844,241.5,15274497.0
2026-08-25,241.5,242.8999938964844,239.8999938964844,241.0,11320890.0
2026-08-26,242.0,245.58999633789065,242.0,242.5,4759203.0
2026-08-27,244.3300018310547,244.6199951171875,240.0,241.0,4454374.0
2026-08-28,241.1499938964844,241.8999938964844,239.5,241.8999938964844,3571651.0
2026-08-31,241.1999969482422,241.2700042724609,236.3000030517578,238.6000061035156,9869595.0
2026-09-01,238.0,240.1999969482422,236.67999267578125,237.6999969482422,13131444.0
2026-09-02,237.5,241.25,235.83999633789065,241.1999969482422,9638977.0
2026-09-03,241.57000732421875,244.16000366210935,240.16000366210935,240.44000244140625,4789865.0
2026-09-04,242.3699951171875,242.3699951171875,239.0,239.0,7816984.0
2026-09-07,240.0,240.8999938964844,235.1999969482422,237.0,6824391.0
2026-09-08,236.8000030517578,237.6999969482422,234.5399932861328,236.6000061035156,7992697.0
2026-09-09,236.6499938964844,237.1499938964844,234.0500030517578,234.1000061035156,14888061.0
2026-09-10,235.0,239.4600067138672,234.83999633789065,237.6199951171875,8949331.0
2026-09-11,235.3500061035156,238.1300048828125,234.3000030517578,238.1300048828125,7018275.0
2026-09-14,238.1300048828125,238.1300048828125,238.1300048828125,238.1300048828125,0.0
2026-09-15,238.1300048828125,238.50999450683597,232.44000244140625,232.6999969482422,7383660.0
2026-09-16,233.25,235.2899932861328,232.3300018310547,234.97999572753903,5789637.0
2026-09-17,233.6000061035156,236.4600067138672,232.1000061035156,232.3000030517578,4576908.0
2026-09-18,233.55999755859372,234.94000244140625,231.9199981689453,234.94000244140625,7110561.0
2026-09-21,234.0,234.50999450683597,232.5200042724609,233.63999938964844,4397710.0
2026-09-22,233.63999938964844,234.8999938964844,232.7100067138672,234.3500061035156,3787052.0
2026-09-23,233.1999969482422,237.6999969482422,233.1999969482422,236.8699951171875,5657358.0
2026-09-24,234.5,236.22,233.77,234.3,3751372.0
