Date,Open,High,Low,Close,Volume
2021-09-23,47.02962847851843,47.45523597606159,46.30609703154608,46.47633743286133,5921861.0
2021-09-24,46.85938902094006,46.9445124763382,45.49744620584776,45.92305374145508,6334580.0
2021-09-27,46.00817509835209,46.30610232899186,45.071839795490845,45.199520111083984,6480025.0
2021-09-28,45.62512718022652,45.96561451250361,44.90159565804751,45.156959533691406,7944198.0
2021-09-29,45.02928020889175,47.455241951507794,44.85903653901232,46.90195083618164,19661029.0
2021-09-30,47.32755566179608,49.28535288197108,47.02963169201,47.242435455322266,18235786.0
2021-10-01,47.15731274597602,48.34901180899867,46.56146159090091,48.17876815795898,13022709.0
2021-10-04,48.732058234456446,49.32790937757836,48.51925448670773,49.200225830078125,8897221.0
2021-10-05,49.370473712423575,49.79608124442722,48.774622518192906,48.94486618041992,6895984.0
2021-10-06,49.28534811468024,49.71095560013645,47.58291817285539,47.75315856933594,8508015.0
2021-10-07,48.5192573893863,48.68950104719565,47.880846107947,48.00852966308594,3860147.0
2021-10-08,48.43413844086665,49.24279015397136,47.24243605240532,48.94486618041992,9076192.0
2021-10-11,49.32791225013133,50.051443735759975,48.94486483245182,49.11510848999024,8307657.0
2021-10-12,49.02998761248761,50.56217736366923,48.73206363149555,49.88120269775391,14028096.0
2021-10-13,50.64729395999184,51.4133887809268,50.221686447723,50.43449020385742,19093199.0
2021-10-14,50.86010073860445,52.09436324695848,50.47705330537349,50.945220947265625,15139531.0
2021-10-18,51.498509508255474,53.32862312847429,51.24314564772271,52.94557571411133,24206735.0
2021-10-19,53.45630771172667,53.96703872077877,51.07290607753401,51.328269958496094,13669837.0
2021-10-20,51.49850906777885,52.09436023534397,50.05144287430004,50.73241424560547,11046290.0
2021-10-21,51.2857096457968,53.28606382690617,50.732418533339526,52.13692474365234,16145454.0
2021-10-22,52.605088951522085,53.41374389092982,51.24314618303471,51.88155746459961,12534305.0
2021-10-25,52.39228662563061,53.37118524968586,50.73241659868499,52.009239196777344,14912840.0
2021-10-26,52.22203656243666,53.83934628730955,51.96667272354288,52.64764404296875,13826130.0
2021-10-27,53.07325523413701,55.07360923364237,52.69021107257936,53.456302642822266,21745209.0
2021-10-28,53.286061838013225,53.286061838013225,50.2216888989616,50.604736328125,10323547.0
2021-10-29,50.60473789830674,51.66875676392661,48.39157670954067,50.98778533935547,13745789.0
2021-11-01,51.413387298583984,51.88155489915605,50.774976048587305,51.413387298583984,5215816.0
2021-11-02,51.79643354785696,53.92447113399944,51.28570582603383,53.243499755859375,20875822.0
2021-11-03,53.88191151210996,54.30751903313314,52.94557626471002,53.28606033325195,13309695.0
2021-11-04,53.88190975947497,54.05215341177222,53.54142570200808,53.71166610717773,2090104.0
2021-11-08,54.05215110595135,54.435198495497744,53.03069248287008,53.79678726196289,8960699.0
2021-11-09,54.00959204100128,55.79714547741505,53.75422819212147,55.28641128540039,18959426.0
2021-11-10,55.24385915006725,56.009954009258806,54.52032764193017,54.733131408691406,13374524.0
2021-11-11,54.90337013336549,55.03105368834068,52.64764897632188,52.98813629150391,8901813.0
2021-11-12,53.45630181115615,53.49886191209735,52.09435909827261,52.56252670288086,5821598.0
2021-11-15,53.07325713480122,53.20094069131145,51.62619414569973,52.22204208374024,4614352.0
2021-11-16,52.17948688107523,52.60509444657687,50.60474018757038,50.90266418457031,5125242.0
2021-11-17,50.81753674223178,51.75387195430348,50.47704943940885,50.64729309082031,3951051.0
2021-11-18,50.90265917977034,51.41339015643354,50.008884029519365,50.26424789428711,4595163.0
2021-11-22,50.51961011311543,50.73241386800998,47.92340495282742,48.4766960144043,7907691.0
2021-11-23,47.96596784552989,50.05144541427636,47.75316407825225,49.79608154296875,4410488.0
2021-11-24,50.68985858072338,51.37083001163565,49.54071949400442,49.668399810791016,6640369.0
2021-11-25,49.7960798730162,50.30680759850375,48.85974462724646,49.11510848999024,5157952.0
2021-11-26,48.6895044932208,49.115112044302926,48.09365327228024,48.26389694213867,4476910.0
2021-11-29,48.3064540263244,48.51925778855491,46.26353661006048,46.68914413452149,5387964.0
2021-11-30,46.987072647235934,47.96596803224697,46.05073411929274,46.220977783203125,4918548.0
2021-12-01,46.81682648203814,46.98707013685289,45.62512414546247,46.05073165893555,6598767.0
2021-12-02,46.05073459031306,46.56146558726811,45.58256694511681,46.2635383605957,5969700.0
2021-12-03,46.39121896856506,46.9019466858817,45.96561145509199,46.05073165893555,4572992.0
2021-12-06,46.34865878441826,46.47633908995709,45.66768741349495,45.7528076171875,3721794.0
2021-12-07,46.17841761339391,46.39122138119757,45.83793028605693,45.92305374145508,4130803.0
2021-12-08,46.26353613958385,47.02963097467396,46.13585583182063,46.646583557128906,5244866.0
2021-12-09,46.90194789675199,47.24243521517189,46.391220166249866,46.68914413452149,4716248.0
2021-12-10,46.81682524225161,48.944862753263045,46.60402149115047,48.68949890136719,9649608.0
2021-12-13,49.28535053588493,50.05144209906487,48.56181582678836,48.732059478759766,5895670.0
2021-12-14,48.30645451175749,48.56181837957471,47.66804321865056,47.79572677612305,5048826.0
2021-12-15,47.79572949821553,48.17877369819286,47.1573181687494,47.45524215698242,2450234.0
2021-12-16,47.92340660488395,47.965966707904514,46.43378026927043,46.68914413452149,3348844.0
2021-12-17,46.646581899427765,46.90194575300692,44.51854437438884,44.859031677246094,6252100.0
2021-12-20,44.60366862798938,44.60366862798938,41.53929258839795,42.17770385742188,8348746.0
2021-12-21,42.901241833915016,43.922697344190425,42.560754499071294,43.24172592163086,4840284.0
2021-12-22,43.4119669607992,44.22062189674942,43.4119669607992,43.88013458251953,3641393.0
2021-12-23,44.305740621884944,45.199515732975776,44.09293686938105,44.859031677246094,3880884.0
2021-12-24,45.24208059231141,45.24208059231141,43.709890925404586,43.88013458251953,3560899.0
2021-12-27,43.41196536941574,43.7950127721008,42.901237663920696,43.49708557128906,3252759.0
2021-12-28,43.66733216914031,43.92269603912157,43.28428474060452,43.70989227294922,3332730.0
2021-12-29,43.795015727694825,44.263183363848434,43.539651857713565,43.70989227294922,3053199.0
2021-12-30,43.75245354536647,43.83757374894055,43.24172258253913,43.28428268432617,2802538.0
2021-12-31,42.94379419653125,43.9226894252454,42.90123409913104,43.75244903564453,2777199.0
2022-01-03,43.965263583371566,44.94415905285266,43.75245979690244,44.81647872924805,4204439.0
2022-01-04,45.02927827504618,45.36976235305454,44.51854728734197,45.07183837890625,4090067.0
2022-01-05,45.07183632622406,46.17841521182852,44.859032569487525,46.05073165893555,5343001.0
2022-01-06,45.75281007778659,46.3486612770624,45.41232275044962,45.92305374145508,4967189.0
2022-01-07,46.09329944682794,47.11475497982867,45.79537221042944,46.348663330078125,6613802.0
2022-01-10,46.39121618669933,47.412674807208106,46.26353264146295,47.19987106323242,5548302.0
2022-01-11,47.15731356780296,47.24243377124244,46.47633895177665,46.56146240234375,3094992.0
2022-01-12,46.987069433336366,47.15731308560213,46.3486581726854,46.51890182495117,3600004.0
2022-01-13,46.73170781631759,46.73170781631759,46.05073317464503,46.13585662841797,5021357.0
2022-01-14,45.96561541373266,46.7317103028127,45.795371744256215,46.30610275268555,3221669.0
2022-01-17,46.56146558726811,47.32755721200893,46.05073459031306,46.2635383605957,4734738.0
2022-01-18,46.47634038644629,46.604023942674566,45.11439760660735,45.28464126586914,4661053.0
2022-01-19,45.36976028680416,46.26353541567209,44.94415277333108,46.05073165893555,4250299.0
2022-01-20,46.17841560942945,46.561463024278815,45.45488412914659,45.79536819458008,3742604.0
2022-01-21,45.45488167891447,45.540001878902544,44.30573949631053,44.5185432434082,4196698.0
2022-01-24,44.26318143803418,44.77390915577583,43.07147910046682,43.539649963378906,5174254.0
2022-01-25,43.497085073913205,44.81647091775582,42.858673825780656,44.56110382080078,5523751.0
2022-01-27,44.050378938112814,47.668042908875705,43.837575175126766,46.94451141357422,12318436.0
2022-01-28,47.5403603109746,48.9023063698282,46.816828801081726,47.029632568359375,13957307.0
2022-01-31,47.66804405574965,48.17877180035299,45.75281014279543,46.220977783203125,14917995.0
2022-02-01,46.731706138707565,47.58292116311296,45.96561131789165,46.8593864440918,11296542.0
2022-02-02,47.1998751046009,49.28535262355177,47.02963144541819,49.15766906738281,15904957.0
2022-02-03,49.58327730394822,50.7324163374633,48.94486600818923,49.75352096557617,17408255.0
2022-02-04,50.13656428092071,50.56217177652402,47.83828315523735,48.09364700317383,17236563.0
2022-02-07,48.519257780793424,50.56217519673055,47.83828639119029,49.15766906738281,21473785.0
2022-02-08,49.45559190554661,49.79607921613191,47.49779798750029,48.81718063354492,12214209.0
2022-02-09,49.02998422752126,49.32791143507268,48.09364899722285,48.22133255004883,5690067.0
2022-02-10,48.43413516929373,49.11510652507656,47.66804036458333,47.88084411621094,6821612.0
2022-02-11,47.45523914588965,48.00853022850448,46.85938796010316,46.94451141357422,4763279.0
2022-02-14,45.96561579013972,45.96561579013972,44.2631855756901,44.390869140625,7844973.0
2022-02-15,44.47598771345681,45.625126767010784,43.8801365109323,45.41232299804688,6126993.0
2022-02-16,45.83792659502152,46.13585379423314,44.85903129022555,45.11439514160156,6023209.0
2022-02-17,45.28464094649837,45.7102484680874,44.30574234799252,44.43342590332031,4528693.0
2022-02-18,44.26318609472775,45.19952142480349,44.05038231542618,44.731353759765625,4048923.0
2022-02-21,44.73135100000205,44.73135100000205,43.41196829915904,43.70989227294922,3767416.0
2022-02-22,42.56075152270631,42.98635903793337,42.2202642116736,42.730995178222656,4096988.0
2022-02-23,43.41196441650391,43.83757191078335,43.11404046935929,43.41196441650391,2991216.0
2022-02-24,42.05002210942547,42.22026251095655,36.72992838339125,37.666263580322266,9879327.0
2022-02-25,39.32613296448461,41.41161032758748,39.15588931802423,39.83686065673828,10832499.0
2022-02-28,39.155889786919225,40.1773484307861,38.985646138420165,39.87942123413086,5337520.0
2022-03-02,39.62405681277745,40.85831918766361,39.45381316673669,40.64551544189453,4888063.0
2022-03-03,41.15625019145496,41.49673754193228,39.96455095904039,40.0496711730957,4374803.0
2022-03-04,39.83686352244005,40.30503114853856,39.41125599923635,39.75174331665039,4254099.0
2022-03-07,39.02821078347042,40.0922296515817,38.34723935730478,39.36869812011719,5200513.0
2022-03-08,39.581499338007,40.51783458263567,39.49637913290537,40.30503082275391,4069886.0
2022-03-09,40.77320668199992,41.241374361608365,40.21991553974478,40.94344711303711,3650384.0
2022-03-10,42.34795155852366,42.816119217785264,40.68808145102528,41.36905288696289,6526938.0
2022-03-11,41.3690467806683,41.79465427119833,41.11368293577577,41.45417022705078,2835461.0
2022-03-14,41.45417545892888,41.92234310817326,40.94344445755766,41.58185577392578,3272209.0
2022-03-15,41.70954039671723,41.92234417425151,40.00711017644306,40.262474060058594,5049202.0
2022-03-16,41.07112369090733,41.41161098926845,40.7306363925462,41.24136734008789,3188507.0
2022-03-17,41.624417465578055,41.8797813325128,40.64551885401252,40.90088272094727,4434530.0
2022-03-21,40.98600699171389,41.4541746316149,40.17735202436061,40.39015579223633,3195326.0
2022-03-22,40.68807601928711,40.81575956709851,40.00710467425717,40.68807601928711,2787479.0
2022-03-23,40.90088539266141,41.369053053811214,40.17735384789607,40.262474060058594,3644054.0
2022-03-24,40.347596572732265,40.68808066052205,40.00710923781461,40.17735290527344,2940010.0
2022-03-25,40.51783199545234,40.51783199545234,39.75174045707183,39.83686065673828,3292493.0
2022-03-28,39.92198624506052,39.96454634717679,38.90052755863176,39.15589141845703,4142874.0
2022-03-29,39.32613587892663,39.62405984696571,38.34723727457931,38.645164489746094,4689148.0
2022-03-30,39.15589455298663,40.773204539895936,38.73028700349765,39.92198944091797,6841967.0
2022-03-31,40.00710831627328,40.43271585155278,38.90052937397213,39.0282096862793,4568692.0
2022-04-01,38.98564439970159,41.36904563100877,38.98564439970159,41.11368179321289,6312197.0
2022-04-04,41.3690493225302,42.22026435589196,41.3690493225302,41.922340393066406,4558914.0
2022-04-05,42.22026297435557,43.837572783672165,41.87977892042882,43.199161529541016,7772528.0
2022-04-06,43.114049178209,44.60367570908513,42.68844159795868,44.34830856323242,6394097.0
2022-04-07,44.475985017129005,45.71024745171888,42.94379862290224,43.28428268432617,8484966.0
2022-04-08,43.49708655620762,44.85903254691265,43.49708655620762,44.6462287902832,6653342.0
2022-04-11,44.51854945843196,45.19952089478622,44.2631855756901,44.390869140625,3817247.0
2022-04-12,44.3482996050677,44.43342305220008,42.90123672221956,43.41196441650391,3440331.0
2022-04-13,43.83757823947701,44.00782191119183,43.36941057760721,43.58221435546875,2623329.0
2022-04-18,43.19916125768974,43.19916125768974,42.34794625753822,42.64587020874024,2064525.0
2022-04-19,42.98636170534631,43.28428568564113,41.28393153879794,42.092586517333984,3305214.0
2022-04-20,42.26282778426423,42.81611560870704,42.050024025526,42.22026443481445,2614259.0
2022-04-21,42.56074953124192,42.816113379003866,42.390505883691446,42.603309631347656,1733196.0
2022-04-22,42.305387410077714,42.64587147194723,42.05002355189367,42.17770385742188,1448552.0
2022-04-25,41.70953838641827,41.87978204966594,41.32649095589295,41.49673461914063,1920086.0
2022-04-26,42.13514319433969,42.56075070135322,41.62441548477449,41.83721923828125,2380972.0
2022-04-27,41.66697875720593,41.794659070750825,41.07112755261292,41.5392951965332,1419803.0
2022-04-28,41.62442001667644,41.87978389926205,41.11368900437728,41.36905288696289,1590974.0
2022-04-29,41.581855652937264,41.87978288131891,40.85832412867643,40.98600769042969,2023278.0
2022-05-02,41.07112630894297,41.11368641216918,40.3050314623603,40.60295867919922,1515510.0
2022-05-04,40.85832410799388,40.94344431770106,39.15589393682747,39.624061584472656,2966841.0
2022-05-05,39.96455115551712,40.21991504606653,38.68772845564199,38.943092346191406,2431280.0
2022-05-06,38.64516369880648,39.41125527828231,38.13443273202827,39.15589141845703,2936589.0
2022-05-09,39.0707729710266,39.0707729710266,38.21955790191602,38.73028564453125,2093620.0
2022-05-10,38.98564654578988,39.241010397643066,38.30467519180551,38.51747894287109,2160619.0
2022-05-11,38.56003750276816,38.64516094806931,36.68736391879905,37.325775146484375,3298635.0
2022-05-12,37.11297633846307,37.11297633846307,34.47421087869784,34.89981842041016,4639508.0
2022-05-13,35.580787265903055,36.98529335088549,35.3679835104286,35.836151123046875,3817134.0
2022-05-16,36.43200176663751,37.11297312498887,35.96383416071642,36.900169372558594,2017686.0
2022-05-17,37.19809476533148,38.26211347574069,37.07041122123141,38.13442993164063,1984117.0
2022-05-18,38.1344312711412,39.07076971746735,37.66626367154189,37.96418762207031,2214315.0
2022-05-19,37.19809570678508,37.325776006989216,36.772488211849605,37.11297225952149,1739318.0
2022-05-20,37.96418544197243,38.47491635985632,37.75138170463598,38.34723281860352,1698052.0
2022-05-23,38.90053093354968,39.96454981440647,38.00675572305557,39.411258697509766,2756798.0
2022-05-24,39.66662143609658,41.19881117806722,39.15589368685826,40.13479232788086,9403078.0
2022-05-25,40.77320410372453,40.77320410372453,38.304679044244295,38.815406799316406,3316371.0
2022-05-26,39.11333554953938,39.36869943700245,37.666269191078015,38.90053176879883,3593193.0
2022-05-27,39.32613493277961,40.13478985859445,38.77284386587271,39.96454620361328,3164732.0
2022-05-30,40.39015746253006,41.62442001667644,40.26247389767329,41.36905288696289,3559557.0
2022-05-31,41.02856915943829,41.8797842737539,40.68808181486085,40.815765380859375,2292211.0
2022-06-01,40.77320527456919,41.113689372018655,40.30503436399323,40.815765380859375,1578253.0
2022-06-02,40.7731977585275,41.4967291734704,40.51783067360425,41.11368179321289,2277858.0
2022-06-03,41.45417414539268,41.62441780712199,40.13479144946404,40.34759521484375,2101572.0
2022-06-06,40.47527528986308,40.56039874379543,39.45381657256904,39.79430389404297,1059376.0
2022-06-07,39.49637858776078,40.21991006252122,39.28357483081623,39.96454620361328,1220243.0
2022-06-08,40.17734794965905,40.51783199545234,39.62405691044467,39.83686065673828,1494680.0
2022-06-09,39.70918456724437,40.00710854479062,39.19845357371503,39.58150100708008,1250659.0
2022-06-10,39.28357696533203,39.49638073383952,39.07077319682456,39.28357696533203,1257265.0
2022-06-13,38.38979808974263,38.51748164820104,37.87907035016456,38.17699432373047,1443357.0
2022-06-14,37.4534603050604,38.43235886188459,37.4534603050604,37.70882415771485,1742941.0
2022-06-15,37.83650970458984,38.09187357072221,37.62370594162491,37.83650970458984,972030.0
2022-06-16,38.30467667498232,38.51748043428777,35.83615176818794,36.13407897949219,2138593.0
2022-06-17,35.96383749555105,36.47456524989116,34.729574967579936,35.45310974121094,2110256.0
2022-06-20,35.66591377677726,35.83615419806266,34.3890911343694,34.942378997802734,2040547.0
2022-06-21,35.32542404470591,36.43200294366876,35.32542404470591,36.13407897949219,1798720.0
2022-06-22,36.091517966997344,37.79394799851368,35.24030295123917,37.453460693359375,4711196.0
2022-06-23,37.964187436722014,37.964187436722014,36.3894409965414,37.36833953857422,2306111.0
2022-06-24,37.49602314489536,39.15589317908653,37.41090293683541,38.73028564453125,2295336.0
2022-06-27,39.58150119687699,39.66662140597613,38.43236213839944,38.77284622192383,1299777.0
2022-06-28,38.64516625943912,38.77284657424805,37.96419159194674,38.21955871582031,1271193.0
2022-06-29,38.04931281882924,38.21955647572414,37.45346164326092,37.53858184814453,1358709.0
2022-06-30,37.538580980688266,38.13443214248743,37.45346077777164,37.75138473510742,1149518.0
2022-07-01,37.62370554478605,38.30467692966568,37.368341681347154,38.09187316894531,1053018.0
2022-07-04,38.21955985691739,39.0707749695692,38.09187629116843,38.85797119140625,1497489.0
2022-07-05,39.15589324571427,39.4538172215588,38.90052937397213,39.0282096862793,1429722.0
2022-07-06,39.02821186184577,40.00711054640691,38.730287869393926,39.70918655395508,1725570.0
2022-07-07,40.55405515887073,41.443398503517685,40.37618920400185,40.909793853759766,3191027.0
2022-07-08,41.132129710880136,41.2655325696754,40.020450529505,40.68745803833008,1557552.0
2022-07-11,40.46512214086389,41.53233483188532,40.1538533275798,41.35446548461914,2423291.0
2022-07-12,41.35446548461914,41.53233483188532,40.73192446547535,41.35446548461914,2124174.0
2022-07-13,41.71020515526182,41.88807111411482,40.82086179069398,41.04319763183594,1980793.0
2022-07-14,41.08766322214026,41.576801383430194,40.28725285451991,40.68745803833008,1208839.0
2022-07-15,40.9097929472603,40.9097929472603,40.109382597783686,40.55405426025391,790116.0
2022-07-18,40.90979469446391,42.06594038774884,40.73192534336415,41.710205078125,3021071.0
2022-07-19,41.71020502805659,42.2882761777173,41.53233567717034,42.154876708984375,2337191.0
2022-07-20,42.68848037719727,42.95528270103963,42.28827519514592,42.68848037719727,2736221.0
2022-07-21,42.64401843009001,44.15590294964122,42.33274619197819,43.71123123168945,4096964.0
2022-07-22,43.80016091723211,44.378235464032976,43.31102274286446,43.622291564941406,2748317.0
2022-07-25,43.62229406468177,43.62229406468177,42.732950644840855,42.91082000732422,1583087.0
2022-07-26,42.91081880566061,43.044221671931325,41.08766552455703,41.310001373291016,2774840.0
2022-07-27,41.35446306487788,43.13314964831349,41.17659372801924,42.73294448852539,2848851.0
2022-07-28,42.86634972395071,43.31102139454652,42.37721156481045,42.68848037719727,2010471.0
2022-07-29,42.86635214616193,43.311023841884406,42.2438110936353,42.42168045043945,2128517.0
2022-08-01,42.64401843009001,43.933567090665335,42.24381320541822,43.71123123168945,3184117.0
2022-08-02,43.53335794957767,46.24585450654243,43.22208573946901,44.82290649414063,16733540.0
2022-08-03,44.5116349066219,44.64503776890235,43.44442218610547,43.84462738037109,3324877.0
2022-08-04,44.02249532846304,44.46716699844752,42.777413295476265,43.35548782348633,3217118.0
2022-08-05,43.75569300498748,44.02249532846304,42.95528264198518,43.35548782348633,2595425.0
2022-08-08,43.355488765030806,43.80016044467215,42.91081708538947,43.26655578613281,1433148.0
2022-08-10,43.31101897761026,43.53335480050089,42.73294448106444,42.95528030395508,1320089.0
2022-08-11,43.3999533586545,44.20036370407514,43.22208401605264,43.66675567626953,3035252.0
2022-08-12,43.75569677672664,44.20036848504179,43.48889443025272,43.80016326904297,2103438.0
2022-08-16,44.20036370407514,44.2892966790883,43.3999533586545,43.66675567626953,2116380.0
2022-08-17,43.80016215856385,45.44544608058618,43.75569566737489,45.00077438354492,4163085.0
2022-08-18,44.91183942598176,45.979052130460815,44.55610072696352,45.267578125,4653861.0
2022-08-19,45.71224798192218,45.89011393177184,44.02249431774616,44.333763122558594,2839285.0
2022-08-22,44.24483116345528,44.28929765193861,43.222084965460745,43.35548782348633,1570820.0
2022-08-23,43.13315574490294,43.71123032325674,42.95528638290363,43.57782745361328,1918402.0
2022-08-24,43.48889204227849,44.333765527624585,43.355489180078735,44.06696319580078,1752669.0
2022-08-25,44.42269750248612,46.60158921641118,44.2448281680192,45.9345817565918,9369040.0
2022-08-26,46.245854365005805,47.31306706732877,45.890115666706265,46.15692138671875,4897072.0
2022-08-29,45.08970877549088,45.71224980248497,44.46716774849679,45.267578125,2230074.0
2022-08-30,45.71224971013216,46.42372371415558,45.53438036098239,46.15692138671875,2617837.0
2022-09-01,45.84565115420297,46.86839741147821,45.66778179738434,45.89011764526367,2919668.0
2022-09-02,46.15692147996994,46.42372380794578,45.04524228625752,45.267578125,1944978.0
2022-09-05,45.267578125,46.067985108927545,45.00077240444849,45.267578125,3405749.0
2022-09-06,45.623312484793416,46.201387010559536,44.95630498240587,45.35651016235352,4416307.0
2022-09-07,45.0897101751666,45.75671771209932,45.00077380136344,45.53438186645508,2631352.0
2022-09-08,45.97905014295625,47.13519577592612,45.80118080113576,46.77945709228516,7345847.0
2022-09-09,47.135198223179216,47.49093692529009,45.97905253018241,46.290321350097656,4680889.0
2022-09-12,46.64605712890625,46.91285944248109,46.29031844908947,46.64605712890625,4294747.0
2022-09-13,46.91286181116459,47.3575334870998,46.60159299504021,46.82392883300781,5055236.0
2022-09-14,45.80118308109471,47.579869802690624,45.44544437974525,47.179664611816406,6800826.0
2022-09-15,47.579864501953125,48.424741279101,46.77945420937613,47.13519287109375,5534460.0
2022-09-16,47.00179300644461,47.0907293738035,45.22310637017309,45.44544219970703,4546535.0
2022-09-19,45.5788472892093,47.26860103354685,45.356511448774135,46.73499298095703,5056765.0
2022-09-20,47.090728793863946,47.49093396061146,46.290318460368894,46.42372131347656,4406321.0
2022-09-21,46.55712225287196,46.91286094407528,45.89011475129744,46.02351760864258,2279941.0
2022-09-22,45.8901171839404,46.601594604062576,45.40097900203823,45.53438186645508,4175237.0
2022-09-23,45.53437811114827,45.75671393845605,44.02249380694028,44.422698974609375,3019475.0
2022-09-26,43.8001605713869,43.97802992227316,41.75467151763423,42.154876708984375,3113162.0
2022-09-27,42.55507762066679,42.86634982637296,41.13212962839055,41.57680130004883,3889659.0
2022-09-28,41.08766608205637,42.02147598089441,40.90979672214059,40.99872970581055,2669603.0
2022-09-29,41.39893413060475,44.2448336574375,40.77639307902012,42.86635208129883,4034029.0
2022-09-30,42.3772138952594,43.93356482793308,41.97700869119958,42.86635208129883,4214203.0
2022-10-03,42.82188475939513,43.04422060260575,41.84360501372298,42.0659408569336,1949872.0
2022-10-04,42.68848037719727,42.95528270103963,42.24380870660146,42.68848037719727,3105252.0
2022-10-06,43.13315200805664,43.5333571897393,42.95528266146706,43.13315200805664,1766243.0
2022-10-07,42.82188225038627,43.5778227159802,42.68847939524591,43.44441986083984,1640232.0
2022-10-10,42.86634881260717,43.04421815557909,42.243807808493216,42.332740783691406,2561677.0
2022-10-11,42.42167908994836,42.64401493067915,41.62126870628728,41.710205078125,1460402.0
2022-10-12,41.93253707885742,42.510608176274815,41.71020125848718,41.93253707885742,1835280.0
2022-10-13,41.97700798996344,42.19934383377407,41.04319812447391,41.17659759521485,1699594.0
2022-10-14,41.71020323310822,42.06593852699639,41.17659520341264,41.443397521972656,1973949.0
2022-10-17,41.576802216656255,41.9770074084868,41.08766404556367,41.710205078125,3043504.0
2022-10-18,41.97700920392764,43.53336015561136,41.88807282828592,42.77741622924805,6650448.0
2022-10-19,43.22208260544012,43.75569061583069,43.04421666121869,43.177616119384766,4604215.0
2022-10-20,42.86635189454008,44.46716931122917,42.77741552037215,44.20036697387695,4755561.0
2022-10-21,43.8890960644458,46.245857465385214,43.8890960644458,44.911842346191406,7941385.0
2022-10-24,45.35651014374523,45.97905115756666,45.35651014374523,45.5788459777832,1271612.0
2022-10-25,45.445448371443575,51.18171423095011,44.91184366512594,50.20343780517578,33792078.0
2022-10-27,50.247899469876906,51.71531736009827,49.62535844394737,50.95937347412109,16947608.0
2022-10-28,50.692571926700886,52.56019164065432,50.42576959507549,52.2044563293457,20684616.0
2022-10-31,52.96039432721359,54.027606995768565,51.84871517092205,53.58293533325195,17616159.0
2022-11-01,53.80527247956992,55.4505563140637,53.44953378383176,54.96141815185547,22673305.0
2022-11-02,55.13928998102907,55.27269284607801,52.6935956673544,54.24994659423828,14712379.0
2022-11-03,54.07207688190965,57.62945379819757,53.62740519144563,56.91797637939453,45789813.0
2022-11-04,58.16305630576687,60.47534765312064,58.118586424314366,59.541534423828125,51275333.0
2022-11-07,61.27575671836709,63.143376352030735,60.56427934118517,62.83210754394531,37785088.0
2022-11-09,63.36571273618158,69.10197454350174,61.72042892041272,68.43496704101562,66064082.0
2022-11-10,67.59010170387057,68.92411686907855,64.25506379085064,65.54460906982422,28076509.0
2022-11-11,67.01202403146794,67.59009860021061,65.81141179494192,66.34501647949219,17506025.0
2022-11-14,65.90033617631603,67.9902915426781,64.74419397489167,66.7452163696289,12588052.0
2022-11-15,67.14542401760114,67.14542401760114,65.36673728865806,66.03374481201172,8312658.0
2022-11-16,65.98927681767074,67.14542593862154,65.36673915879051,65.85588073730469,10919208.0
2022-11-17,65.67800795637555,67.0120230406018,65.27780614516831,66.07821655273438,8874301.0
2022-11-18,66.43394939264276,69.2798523491615,65.81141172551612,66.78968811035156,23611698.0
2022-11-21,66.70075485488269,69.72452376533437,66.38948602259023,68.56837463378906,19948870.0
2022-11-22,69.81345167098446,71.99234012372541,68.79070548055763,71.54766845703125,28943108.0
2022-11-23,72.0368071420749,72.0368071420749,69.68004604521141,70.56938934326172,18982148.0
2022-11-24,70.79172410039098,74.03782844636066,70.79172410039098,72.3036117553711,26150814.0
2022-11-25,72.97061920735568,75.2384405117424,72.03680604456947,72.74828338623047,17424428.0
2022-11-28,72.74828920369394,73.94890137674932,70.880662728773,72.25914764404297,11460216.0
2022-11-29,72.57041623275519,76.03885666576784,72.17021443804852,74.48250579833984,22577829.0
2022-11-30,74.88270182925787,75.59417917080813,72.74828337490862,73.19295501708984,10057927.0
2022-12-01,73.41529941167119,74.70484461053042,71.28087392291143,73.90443420410156,16662882.0
2022-12-02,73.370820910189,76.21671670416025,73.370820910189,75.19397735595703,19118072.0
2022-12-05,75.68312709951394,77.81755276084175,75.50526112155002,76.7503433227539,16512468.0
2022-12-06,77.81754459900563,84.39868687069468,77.68414173694848,80.30770874023438,64566563.0
2022-12-07,81.55277723275164,84.66547875743912,80.53003787418929,82.57552337646484,40632070.0
2022-12-08,83.2425333258786,90.00154119523842,83.1091304709591,89.11219787597656,65938068.0
2022-12-09,90.5351630651106,91.46896958703132,80.66344565372141,84.7099609375,64253084.0
2022-12-12,84.1318859309659,88.13393130935896,82.88680378954658,87.15565490722656,32045806.0
2022-12-13,87.60032046453868,91.55789568009436,86.5331111526353,90.53515625,38377035.0
2022-12-14,90.97982030294486,91.33555218699976,87.86711882140922,88.53412628173828,28459879.0
2022-12-15,88.75646632600736,92.04703390617742,83.59827233990993,83.99847412109375,54070468.0
2022-12-16,84.04294016661156,85.06568629815604,80.57450000905457,80.9747085571289,31214748.0
2022-12-19,81.41939573199164,82.21979941054543,78.7068954897529,80.08538055419922,22859602.0
2022-12-20,80.75237087812275,80.75237087812275,77.77306552324444,78.70687866210938,15966771.0
2022-12-21,79.1515532557737,83.55379985200638,76.08332160205406,77.01712799072266,36766532.0
2022-12-22,78.0398762248894,79.01815251854157,72.17021167782536,73.94889831542969,34029343.0
2022-12-23,73.01508546478784,73.3708241510352,68.16816706826474,68.83517456054688,33696758.0
2022-12-26,68.83517491725569,78.88475044862686,66.70074957386188,77.7730712890625,44666926.0
2022-12-27,79.37389853300219,80.48557778416469,77.10607014657003,79.06262969970703,28152129.0
2022-12-28,79.41836084912651,81.33044355079731,75.68311485007087,77.50627136230469,29300061.0
2022-12-29,77.10606387621786,77.77307137267356,74.97164531568055,76.66139221191406,26957053.0
2022-12-30,77.63967700937246,79.81856549833044,77.15053545381801,78.48455047607422,23297296.0
2023-01-02,79.10708783259437,82.17532644428051,78.4845502050848,81.37491607666016,24017164.0
2023-01-03,82.08639145037047,84.04294404746803,81.95298859485221,83.33146667480469,28822322.0
2023-01-04,84.08740521441082,85.28801721936354,81.95298010274466,83.7316665649414,32925860.0
2023-01-05,84.0429440166026,85.28802602573063,81.90851868454756,83.77613830566406,23254902.0
2023-01-06,84.35422061288348,84.66548944762404,82.30873485233717,83.10913848876953,14508676.0
2023-01-09,83.77614763042745,85.37696850393701,82.97574397882451,84.7099609375,18826588.0
2023-01-10,84.9323003567666,84.9323003567666,80.88578490319489,81.68619537353516,13471211.0
2023-01-11,81.9974562350102,84.75442611803506,79.907500666549,84.35421752929688,26419316.0
2023-01-12,84.4876203922096,84.66548635265893,83.10913545069718,84.35421752929688,13399632.0
2023-01-13,84.7099579069532,86.26630883962689,83.73168153487435,85.73270416259766,20195109.0
2023-01-16,85.91057563494527,90.09049390750944,85.82164264726349,87.02225494384766,29233309.0
2023-01-17,87.95605496700396,88.93433125376518,79.72962932603068,83.06466674804688,70466402.0
2023-01-18,81.86406078523864,82.39766545583144,79.15156076409392,79.46282958984375,43303240.0
2023-01-19,79.418372965303,80.84132113125118,78.9737012393722,80.08538055419922,20169417.0
2023-01-20,80.44110109019941,81.10810858443041,79.72963050077699,80.21876525878906,16244437.0
2023-01-23,80.6634420081445,81.15258358215233,76.97267240211853,77.90647888183594,8169869.0
2023-01-24,78.35114974783582,78.70688845380988,75.41632069014057,76.3056640625,9460911.0
2023-01-25,75.81652286498495,76.305664436239,71.81447766976581,73.41529846191406,17793136.0
2023-01-27,73.41529399875544,74.1712344659771,67.50115954610777,69.27984619140625,22272182.0
2023-01-30,69.27985189684773,72.17021793348967,67.59009808762674,69.6800537109375,18527169.0
2023-01-31,70.30260035693753,74.97165333132214,69.54665301867759,73.54869842529297,19018759.0
2023-02-01,74.70484006127256,76.26119089588241,69.19091410414386,70.88066101074219,25489251.0
2023-02-02,70.25811767578125,71.76999850664288,68.03475952148438,69.14643859863281,12734571.0
2023-02-03,69.59111771538714,71.50320729079546,68.16816970060118,70.92513275146484,17282156.0
2023-02-06,71.3253297987835,72.03680715137597,70.0357847305044,70.34705352783203,7402174.0
2023-02-07,70.65833497193988,70.65833497193988,69.01305093288344,69.36878967285156,5804796.0
2023-02-08,69.72451869467585,71.9478770281467,69.10197429021332,71.54766845703125,9001344.0
2023-02-09,71.54767318395271,72.6148893256169,70.48046382744013,71.68107604980469,8404132.0
2023-02-10,71.28087433558709,74.79377802533554,70.61386679056004,71.01406860351562,19524652.0
2023-02-13,71.14745905509946,71.45872783143543,69.76897432184673,70.43598175048828,5646626.0
2023-02-14,70.25811767578125,70.347050644923,67.63455776777118,69.14643859863281,10354152.0
2023-02-15,68.65731031454555,69.9023924777942,68.34604147002138,69.5466537475586,5509405.0
2023-02-16,69.94686142647014,70.43599623698351,68.34604055443113,69.0575180053711,5018615.0
2023-02-17,68.43497094407991,68.83517953948746,66.70075405276854,67.18989562988281,7763798.0
2023-02-20,67.32328508477147,67.72349364079562,66.433941784919,67.2343521118164,6669799.0
2023-02-21,67.36776529766206,67.50116817013337,62.565309384758734,63.05445098876953,22735891.0
2023-02-22,62.38744455227315,63.8993257075197,61.8093699510958,62.431907653808594,11728238.0
2023-02-23,62.43190270546868,63.943790526035386,60.69768582454237,63.27678298950195,10931607.0
2023-02-24,63.85485576549735,64.03272172288928,61.94276619035303,62.34296798706055,9112691.0
2023-02-27,61.80936162040581,62.60977197683698,58.741129836762674,59.4970703125,23297557.0
2023-02-28,60.16408304981052,63.49912083765864,60.07515006583158,63.00997924804688,15510921.0
2023-03-01,63.14338068400172,66.1671495667448,62.07617133016374,65.85588073730469,17157626.0
2023-03-02,65.98927196097931,67.54562277878685,64.5663239988712,67.27882385253906,17236985.0
2023-03-03,67.85690260329663,71.94788079397911,67.85690260329663,71.41427612304688,27596572.0
2023-03-06,71.77000322680749,76.39459256298504,70.96959966674022,72.17021179199219,26494355.0
2023-03-08,71.59214605572215,71.77001202751413,70.43599688361869,71.1030044555664,9029996.0
2023-03-09,71.28086669576231,72.5704117638749,69.94685174868685,70.56938934326172,14861735.0
2023-03-10,70.25812558033427,70.25812558033427,67.14542381411692,67.81243133544922,10309135.0
2023-03-13,67.85690131905238,69.63558804526448,66.34501353068126,66.92308807373047,12354157.0
2023-03-14,66.9230916094857,66.9230916094857,62.56530754300046,63.00997924804688,18030771.0
2023-03-15,64.03271676606376,65.45566467050168,61.3646869008111,62.07616424560547,14039598.0
2023-03-16,62.254032973729565,63.94378665433245,60.3864133415479,63.499114990234375,17883910.0
2023-03-17,64.6552542302235,67.45668694041039,63.63251487862026,66.30054473876953,29072424.0
2023-03-20,66.34501190411115,66.34501190411115,63.67698188020466,64.43292236328125,17859106.0
2023-03-21,65.36672787148296,65.63353355644715,64.34398179265418,65.32225799560547,8241954.0
2023-03-22,65.01099572254185,67.23435403579671,65.01099572254185,66.38948059082031,10284502.0
2023-03-23,66.16714484005664,66.21160793528522,64.92206282608775,65.27780151367188,7946657.0
2023-03-24,65.3667367338274,65.76693853038212,61.898296284798114,62.56530380249024,9332025.0
2023-03-27,63.00997847617708,63.588053042686376,60.11961242878224,61.40916442871094,11732479.0
2023-03-28,61.76490343212781,64.74420958868365,61.49810445291177,63.63253021240234,12632993.0
2023-03-29,63.5435919232188,69.32432481534363,63.187859942594734,68.39051818847656,20079281.0
2023-03-31,68.39050307274968,69.27984639805163,65.9003390478438,66.38948059082031,12444105.0
2023-04-03,66.70074278863974,67.99028776849327,65.90033251814599,67.54561614990234,8102076.0
2023-04-05,67.679034021493,69.1909219315262,66.96756334484672,68.87964630126953,10567616.0
2023-04-06,68.7017823259683,69.7245286626086,67.32329724808542,68.25711059570312,10106794.0
2023-04-10,68.52390587984425,68.83517468644834,66.70074935021137,67.05648803710938,5221913.0
2023-04-11,67.72350587641535,69.54665589941125,67.59010300030538,68.25711059570312,8243733.0
2023-04-12,68.56836897498707,68.61283885528097,66.70074935021137,67.05648803710938,5357265.0
2023-04-13,67.27882842653692,69.05751519638507,66.47841802307494,68.52391052246094,9394191.0
2023-04-17,68.5239139388234,71.36981019840626,67.7679665958278,71.1030044555664,16077036.0
2023-04-18,71.50320719554372,72.83722222984434,71.19193837790384,71.8144760131836,14038890.0
2023-04-19,71.99234682147907,73.14849597650584,70.79173456673699,71.28087615966797,11415718.0
2023-04-20,71.54766856657814,72.21467606764065,69.63558582498655,70.21365356445312,7351282.0
2023-04-21,70.52493608912582,70.52493608912582,68.0792416782629,68.61284637451172,7446780.0
2023-04-24,69.0130413662406,71.10299684425787,68.43496684206957,70.88066101074219,9303016.0
2023-04-25,71.32533638654199,73.19296291330741,70.79173171538824,71.19194030761719,13250540.0
2023-04-26,71.14747434109034,71.81448191303807,70.30260079735065,71.1030044555664,7990462.0
2023-04-27,71.14746661810914,72.39254864095628,70.83619780868514,72.21467590332031,7354407.0
2023-04-28,72.6593491888558,75.14951329004197,72.6593491888558,74.70484161376953,17197134.0
2023-05-02,75.4163247188387,77.15054167351991,74.92718312385074,75.32738494873047,15211839.0
2023-05-03,74.70483875072019,76.21671967804339,73.54868972266053,74.39356994628906,9115680.0
2023-05-04,74.61590381634589,77.19500072918078,74.43803108623435,76.79479217529297,12588309.0
2023-05-05,76.9281979245568,79.32942219773685,76.12778757177973,76.66139221191406,21390482.0
2023-05-08,72.92615225713965,73.72656260235797,70.39152515157416,72.17021179199219,31978754.0
2023-05-09,72.92614939405912,73.59315685802918,69.50217910270969,70.3025894165039,12625095.0
2023-05-10,70.21365071292013,70.34705356474508,68.65729994031449,69.45771026611328,9066616.0
2023-05-11,70.16919239940934,70.3915282392141,69.23537915816885,69.59111785888672,5788684.0
2023-05-12,69.36878209267894,69.72452079377423,68.70177457255703,68.92411041259766,5123202.0
2023-05-15,68.87963859837826,70.34705645851405,67.81242931018016,69.76898193359375,6984746.0
2023-05-16,70.2581284471431,71.45874067750064,68.3905086682367,68.56837463378906,9467943.0
2023-05-17,68.74624643089818,69.54665004993286,67.45669445050045,68.07923889160156,7285701.0
2023-05-18,68.65730000563148,69.23537450732228,67.59009076031839,67.90135955810547,4464221.0
2023-05-19,67.94583237147772,68.25710118270737,66.74522022236262,67.32328796386719,4778259.0
2023-05-22,67.36776162489683,67.54562758839369,66.52288812055941,66.96755981445312,4437252.0
2023-05-23,67.32328804105352,67.50116077992524,66.07821279470737,66.43394470214844,4756333.0
2023-05-24,66.30054476410707,66.70074652922209,65.1888656552867,65.41120147705078,4709974.0
2023-05-25,65.32226758854753,65.36673747095568,64.03272242052802,64.4773941040039,7233513.0
2023-05-26,64.74419398701579,66.7007465037316,64.56632125858202,66.30054473876953,7290651.0
2023-05-29,67.05648805289941,67.41222673988119,66.43394365439352,66.83415222167969,5170603.0
2023-05-30,66.83415036965808,67.14541916771,66.25607586747543,66.56734466552734,2703655.0
2023-05-31,66.25608070502847,66.56734952580705,65.36673733986031,65.58907318115234,6186430.0
2023-06-01,65.63354298661325,66.78968528888717,65.32226738104778,66.2560806274414,7783523.0
2023-06-02,66.65628531338388,67.05649391566034,66.0782175297929,66.34501647949219,6158885.0
2023-06-05,66.87861829419911,66.9675580587674,65.9003419503107,66.03374481201172,3887735.0
2023-06-06,66.12267968318838,66.34501553066727,65.5890750062694,65.85588073730469,2567455.0
2023-06-07,65.9892807006836,66.52289219415353,65.8558846124681,65.9892807006836,3214305.0
2023-06-08,66.25608644741855,66.70075816854217,65.81141472629494,65.9892807006836,4211618.0
2023-06-09,65.98926540344385,66.21160121246508,64.47738461615958,64.6552505493164,4983983.0
2023-06-12,64.9220599677696,65.41120148980626,64.69972414596216,64.9665298461914,3158863.0
2023-06-13,65.45567608250742,65.81141481692661,65.18887712055702,65.54460906982422,3543341.0
2023-06-14,65.81141472629494,66.25608644741855,65.63354875190629,65.9892807006836,3568679.0
2023-06-15,65.98926541643583,66.47840691043903,64.92205624698394,65.09992218017578,5009673.0
2023-06-16,65.54460814354262,66.03374974460043,64.74420448385081,65.05547332763672,6492267.0
2023-06-19,65.45566735405696,67.50115971533886,65.3222644982949,66.83415222167969,12205690.0
2023-06-20,67.56508210860645,68.2503263773374,67.42803883139239,68.02191162109375,7523953.0
2023-06-21,68.15895662185034,68.43305709650755,66.87983269122444,67.06256866455078,7530352.0
2023-06-22,67.33666737106104,67.56508212736811,66.33164383744291,66.56005859375,3923509.0
2023-06-23,66.69710963786022,66.69710963786022,65.00684181514339,65.37230682373047,4549019.0
2023-06-26,65.28092613330239,65.41797636351971,63.49929405247002,64.8240966796875,7102096.0
2023-06-27,64.41295799171976,66.3316404526593,64.41295799171976,66.10322570800781,6269307.0
2023-06-28,66.46868805082455,67.51939722857875,65.5093433731654,65.92049407958984,5174057.0
2023-06-30,66.24027679775647,67.51940077832887,65.55503255502104,67.24530029296875,7980285.0
2023-07-03,67.79349092750184,70.85425396963754,67.61076192677636,70.62583923339844,19809313.0
2023-07-04,71.2197105261828,73.5038578422331,70.07763686815764,73.32112884521484,30069423.0
2023-07-05,73.64090807532901,74.14342327312583,72.59019891581298,73.32112884521484,13088977.0
2023-07-06,73.27544991833746,74.87435318811995,72.86430615151656,73.64091491699219,9871399.0
2023-07-07,73.36681881567702,74.09774181661473,71.63086536111965,72.86430358886719,12677351.0
2023-07-10,73.00135121683846,73.50385945499652,71.08266882339088,71.49381256103516,10973971.0
2023-07-11,71.81359087550729,72.08769134419155,70.71720294209919,70.94561767578125,6322004.0
2023-07-12,71.35676813947335,73.0470359340365,71.17403912355603,72.45316314697266,10304142.0
2023-07-13,72.72724371199332,73.50385234726014,70.16900309166361,70.58014678955078,8681612.0
2023-07-14,71.12834930419922,71.53950002242657,70.12332583297359,71.12834930419922,8828498.0
2023-07-17,71.35676487910249,73.04703259643541,70.94562112674159,72.86430358886719,7560542.0
2023-07-18,73.22977192061896,74.00638069426526,71.99633363651424,72.45316314697266,9588130.0
2023-07-19,72.81861364741802,73.5038578422331,71.81359022248876,73.32112884521484,8972188.0
2023-07-20,73.36681319688766,76.65598387586861,73.09271273586246,76.01641845703125,34870282.0
2023-07-21,76.74735690480557,77.56965140863294,76.38189190636396,77.15850067138672,15655189.0
2023-07-24,77.4325960166329,78.84877017747432,76.42757256571217,77.06713104248047,17605173.0
2023-07-25,77.47828244943074,78.3462556715199,75.37686405714743,75.87937927246094,9984464.0
2023-07-26,76.10778825711708,77.752370075246,75.55958734707664,76.97576141357422,8179237.0
2023-07-27,77.43258666992188,78.20919528958774,76.47324209990512,77.43258666992188,9344357.0
2023-07-28,77.56964705780307,78.072155303143,74.73730567740859,76.74735260009766,10525169.0
2023-07-31,78.57466889008174,79.30559883081344,77.6610099494994,77.98078918457031,21713178.0
2023-08-01,78.52898051580975,80.35629833556717,78.1635225283897,78.39193725585938,20269483.0
2023-08-02,78.11783755182506,78.98581073635737,75.42254652982315,76.29051971435547,12747571.0
2023-08-03,76.56461675413428,76.9757604609121,75.69663663775523,76.42756652832031,8008032.0
2023-08-04,76.79303334063931,78.0264714616249,76.42756838647138,76.9300765991211,7655878.0
2023-08-07,76.74734744510135,77.20417689417934,75.83368854694538,76.06210327148438,4625262.0
2023-08-08,76.38188692857015,78.80308454345862,75.9250574529559,78.52898406982422,12696187.0
2023-08-09,79.30559555613874,80.35629771789138,77.93510720185522,80.17356872558594,14066381.0
2023-08-10,80.03651671293467,80.67608211308367,78.30056344205039,78.75739288330078,10867234.0
2023-08-11,79.12286375699642,82.54908482300954,78.80308451830146,79.71674346923828,29715786.0
2023-08-14,79.39696685976675,82.18362257000517,77.75237790535421,81.95520782470703,15929019.0
2023-08-16,81.31564580458289,83.0515991878024,80.76745183374108,81.81816101074219,18683050.0
2023-08-17,81.77247198278788,83.09727460653383,81.31564253037007,81.63542175292969,13724577.0
2023-08-18,81.49837247259686,83.96525572679286,80.76744952261103,83.37137603759766,22087157.0
2023-08-21,83.55410836425521,83.69115860117522,81.49837572244907,81.77247619628906,10901499.0
2023-08-22,82.04657402309938,83.1429619417579,80.85881463566565,80.99586486816406,9926681.0
2023-08-23,81.22428130455333,83.0515991878024,80.81313059842358,81.81816101074219,12574484.0
2023-08-24,82.41203729532675,82.91455252312679,79.3056023365569,79.89947509765625,10811228.0
2023-08-25,79.39696756965793,80.26494082128552,77.98079334788146,78.71172332763672,8544973.0
2023-08-28,79.16854267938461,80.63039548094025,78.80307773632971,79.39695739746094,6758273.0
2023-08-29,79.62536955991584,80.03651325099172,78.62034622676963,78.89443969726562,7258228.0
2023-08-30,79.25990812029157,80.58471071271093,79.077179131911,79.94515228271484,6583569.0
2023-08-31,80.2192550756168,80.44766980308648,78.11783679463005,78.39193725585938,5857331.0
2023-09-01,78.39193832751137,80.85881462964144,77.88942313194275,80.40198516845703,10411546.0
2023-09-04,80.85881972073855,82.9602381627638,80.58471923850402,81.68111419677734,15278755.0
2023-09-05,81.90952572508036,86.34077020942034,81.90952572508036,85.33574676513672,39876277.0
2023-09-06,85.70120921864988,86.24940317481797,83.78251991606503,84.8332290649414,12765884.0
2023-09-07,85.06163960325097,86.29507768652384,84.65049589904801,85.29005432128906,10326143.0
2023-09-08,85.56416322802937,85.74689223225447,84.6048185291859,84.97028350830078,11270995.0
2023-09-11,85.79257804753775,90.63496637060268,85.65552780891055,90.2695083618164,49237004.0
2023-09-12,91.45725321872555,92.91910604417887,87.16305923695691,89.94971466064453,48918012.0
2023-09-13,89.90404511310425,95.52304923967291,88.3508206632028,94.60939025878906,51789143.0
2023-09-14,96.0255609260338,99.04063845889117,95.61441715821918,97.98992919921876,48219117.0
2023-09-15,98.35538387966912,99.99996574904912,95.43167116077524,96.6194305419922,31986443.0
2023-09-18,96.43669944672988,103.8830138869345,95.93418426469674,100.22837829589844,55632514.0
2023-09-20,99.90860830581178,103.97439495885315,96.02555763160268,96.93921661376952,38895249.0
2023-09-21,97.44171910000163,100.86793983508846,96.8021537137204,98.0355987548828,33573298.0
2023-09-22,99.13199457251004,102.0557003799312,98.21833563635788,99.77155303955078,24986113.0
2023-09-25,100.36543506164072,100.95931477799716,96.89353520642511,97.3503646850586,14756857.0
2023-09-26,97.76151358448055,99.9542965917234,97.76151358448055,98.9035873413086,13880012.0
2023-09-27,98.85789148050628,99.99996512039505,97.12194512440678,98.99494171142578,14479172.0
2023-09-28,99.40609465445267,101.3704557829974,94.19823455627032,95.97987365722656,24324010.0
2023-09-29,96.8478504181208,100.59385078544348,96.8478504181208,99.95429229736328,13059779.0
2023-10-03,99.13200113602224,103.33483112645791,98.85790064876264,103.06073760986328,23964066.0
2023-10-04,102.7866268157959,103.9743861805997,98.76652623953414,100.50247955322266,23703834.0
2023-10-05,101.41614098010156,102.5582146397874,99.63450885925744,100.41111755371094,13307549.0
2023-10-06,100.50248364723144,100.9593131183552,97.6244565850187,99.17768096923828,10844920.0
2023-10-09,97.76150835246776,97.98992309160906,94.56370200448984,95.2946319580078,11296760.0
2023-10-10,95.29462216681335,98.4010567234276,95.29462216681335,98.0355987548828,9813428.0
2023-10-11,98.58380207723847,99.58882552788236,97.39604265423644,97.6701431274414,8100970.0
2023-10-12,98.12697428968342,99.26904799656832,97.48740883142904,98.49243927001952,5295195.0
2023-10-13,97.76151109185264,98.3097050870198,96.43670835597666,96.93921661376952,5427301.0
2023-10-16,96.84784274512003,97.25898645907424,95.8884981183414,96.11691284179688,6200368.0
2023-10-17,96.80216033027092,98.30969895088408,95.97987287417683,96.8935317993164,5475020.0
2023-10-18,97.121947456135,97.57877692305816,95.11189361927428,95.66008758544922,4623981.0
2023-10-19,95.38598957204292,95.75145452241296,94.10686573107988,94.38096618652344,6123613.0
2023-10-20,94.33528370585742,95.29462836231832,89.90403932785075,91.00042724609376,10264340.0
2023-10-23,91.36589516237586,92.37091861502908,82.00089090823234,82.96023559570312,22089801.0
2023-10-25,83.78251878516053,86.43213100331668,80.85881307795226,81.63542175292969,19966700.0
2023-10-26,81.4070087387175,83.554105816102,78.9401324320484,82.45771789550781,17580514.0
2023-10-27,83.37137475695098,89.12742862432673,83.37137475695098,88.44218444824219,27867753.0
2023-10-30,88.8990181457223,89.03606141095445,86.52349931195131,87.3914794921875,9072361.0
2023-10-31,88.25945534998527,90.54360278125128,87.1630673712435,87.57421112060547,13279697.0
2023-11-01,87.75694121076687,90.17813174896348,86.84328229954875,89.58425903320312,11806551.0
2023-11-02,90.726337149192,93.51299278351856,90.45223667403512,91.45726013183594,13718201.0
2023-11-03,92.46227918059276,92.91910863696066,89.90403840733124,90.45223236083984,9467653.0
2023-11-06,93.10184556772164,93.19321006581016,91.457256719471,92.1881866455078,11697575.0
2023-11-07,92.27955721417678,94.92916965703364,91.7313632189186,94.28960418701172,11403064.0
2023-11-08,94.7464251094411,96.29964942131024,94.51801038451896,94.92916107177734,7833095.0
2023-11-09,95.29463209802988,96.39102005925314,94.65506664509574,94.97484588623048,7545149.0
2023-11-10,94.74642335889902,94.83779482371106,93.65003548779534,94.10686492919922,5236922.0
2023-11-13,95.15758432312852,98.85789901602902,93.78709585079542,98.1269760131836,21374622.0
2023-11-15,99.68018668598368,101.23341103095056,98.30969830724698,98.67516326904295,13710851.0
2023-11-16,98.85789224813726,98.85789224813726,96.84784541459076,97.4874038696289,5727373.0
2023-11-17,95.8428260786415,96.34533432309188,94.42665190561884,94.97484588623048,8836732.0
2023-11-20,95.20326218384577,96.93921562641452,94.92916867438632,95.5230484008789,6618098.0
2023-11-21,96.07123565673828,96.7564798383546,95.38599147512198,96.07123565673828,6732684.0
2023-11-22,96.20829012270798,96.20829012270798,94.60938696187915,95.0205307006836,9377801.0
2023-11-23,95.4773567411798,95.97987193334647,94.88347705152763,95.15757751464844,3203905.0
2023-11-24,95.43167776505268,96.07124323407028,94.19823953499242,94.60939025878906,3629578.0
2023-11-28,94.60939121933067,97.48741146180268,94.01551148159372,96.02555847167967,7248889.0
2023-11-29,96.80215703677648,97.48740120731712,96.2539630944768,96.7107925415039,5188935.0
2023-11-30,96.80216112127864,97.1219473242221,94.56369952466116,94.7921142578125,4169016.0
2023-12-01,95.4773611379224,99.6345121862605,95.20326066217926,98.21833801269533,23926731.0
2023-12-04,102.32980084904264,102.32980084904264,99.22335907199238,99.77155303955078,22576787.0
2023-12-05,101.32478429215928,102.14707878465316,99.40610179011684,100.68521881103516,17447010.0
2023-12-06,103.06073762092848,107.53766112843948,100.59385414732216,106.5783233642578,48116745.0
2023-12-07,107.81175471650256,108.04016945107142,103.4718747596942,103.88301849365234,29741220.0
2023-12-08,104.11142719251735,106.0757951900612,102.69526010268928,104.43121337890624,17984221.0
2023-12-11,104.97941528399836,109.63907455860618,104.93372954799976,108.222900390625,31923235.0
2023-12-12,109.54770644318324,110.46136536769572,104.8423615878109,105.71033477783205,28197994.0
2023-12-13,99.17767953051776,103.24345897627336,98.85789332883846,102.46685028076172,165698665.0
2023-12-14,104.88804526403162,104.88804526403162,101.59886762380025,101.9643325805664,37411189.0
2023-12-15,102.78662780364142,103.97438717986034,100.36543028791166,102.83231353759766,40633750.0
2023-12-18,103.24346670655392,103.24346670655392,101.23341970053302,101.87297821044922,24936286.0
2023-12-19,101.87297239666847,104.79667823323976,100.13701900653852,103.56324005126952,37200565.0
2023-12-20,104.1571123324902,104.52257727866686,97.76150017172328,98.5381088256836,33538886.0
2023-12-21,97.76150693849884,100.6852127689545,96.39101852347318,100.045654296875,24228179.0
2023-12-22,100.73090522285952,103.7916614930946,100.63954071656364,102.14707946777344,20798348.0
2023-12-26,102.55821639108876,102.74094539149304,99.68018932540193,100.045654296875,12596950.0
2023-12-27,100.73090201587932,102.5125342292548,100.59385177546626,101.3704605102539,14699470.0
2023-12-28,102.14706949780935,104.24848082016882,100.86794562251944,103.70028686523438,27428060.0
2023-12-29,103.83734305624468,105.07078126830488,102.10138962376584,102.87799835205078,22161483.0
2024-01-01,103.42618968842926,104.33984863256968,102.6495809800428,103.28914642333984,16485079.0
2024-01-02,103.3805093450756,105.07077697179332,102.28411444644954,104.5225830078125,23191028.0
2024-01-03,104.61395023008336,106.85241187905513,103.60892677484432,106.16716766357422,30456365.0
2024-01-04,106.25854243407812,108.67973316073974,106.25854243407812,108.4056396484375,31814561.0
2024-01-05,108.7254062435987,111.83184781612005,107.17218894267003,108.5883560180664,38103338.0
2024-01-08,108.7254104482158,109.59338362571316,107.03514285638902,108.13153076171876,23456985.0
2024-01-09,108.72542310707212,109.82181114005388,107.85744982851702,108.54269409179688,13742428.0
2024-01-10,108.26858441809082,108.26858441809082,106.53263103750751,107.9944839477539,10101844.0
2024-01-11,110.18726179198303,111.32933541538804,109.82179683836058,110.55272674560548,24879727.0
2024-01-12,111.2379706733416,118.86702803732597,110.5527265008159,117.953369140625,54706093.0
2024-01-15,118.68429482485946,121.69937221916533,116.40015436670606,119.59795379638672,54780976.0
2024-01-16,119.59794456879284,125.07989797499565,118.41019915051169,122.93280792236328,33801884.0
2024-01-17,120.0547856832337,124.53172309805328,118.82135441180112,121.2882308959961,28568989.0
2024-01-18,120.60297984204458,123.43532812698784,116.90265835407968,122.75008392333984,28936853.0
2024-01-19,123.75510236025512,125.53673452983064,122.06484166248518,123.52668762207033,14991995.0
2024-01-23,126.9072199866862,127.6381499200245,117.67927314494288,120.42024993896484,24563193.0
2024-01-24,120.42025527625655,125.03423587229447,115.62354567411732,121.6536865234375,19268806.0
2024-01-25,122.11050204044749,124.16623449191177,119.32385364819156,120.1461410522461,12029308.0
2024-01-29,121.05980454335791,124.85148341101474,120.96843307660514,123.80078125,16380958.0
2024-01-30,124.89717792334729,127.91225530084743,123.34396046867433,126.6788101196289,21776835.0
2024-01-31,127.22700421096464,129.19136530627213,124.53171319368391,126.9529037475586,18743903.0
2024-02-01,127.68382604497,133.57692292031842,125.07989271009777,132.8459930419922,39021958.0
2024-02-02,133.85103127966113,142.75920571636212,133.3485160872738,138.4650115966797,43049310.0
2024-02-05,134.3992338187213,134.3992338187213,125.62810253773688,126.63313293457033,72223881.0
2024-02-06,126.99858379717428,127.54678469944872,119.27816908122318,122.15618896484376,41258558.0
2024-02-07,124.2576132299861,128.18634937772936,123.84646950388792,125.49105834960938,32381185.0
2024-02-08,127.72950879558584,132.29780300185624,127.50109408527231,129.41976928710938,44308819.0
2024-02-09,130.33343345935342,130.74459110779725,122.47597546797358,125.3996810913086,21954850.0
2024-02-12,126.31334895568136,126.45039222069296,113.70485274543796,117.4051742553711,21067330.0
2024-02-13,117.45086086371631,121.47095466899704,116.94834565272394,119.7350082397461,18000556.0
2024-02-14,116.94834023593144,124.48602622770046,116.03468132783824,124.07488250732422,13531486.0
2024-02-15,125.03423272231828,131.06437341972165,124.76013224940696,130.6075439453125,25972974.0
2024-02-16,133.85104106674453,136.59201801691677,130.74460609974787,131.61257934570312,34806902.0
2024-02-19,132.4805362288844,133.39419509942843,129.10000119613707,130.47048950195312,10942695.0
2024-02-20,131.65826866514965,131.8866834172118,129.00864917643077,129.6938934326172,8657283.0
2024-02-21,130.3334391178675,133.80534579564403,128.27770655170977,129.00863647460938,15922241.0
2024-02-22,129.55684581548695,130.01367530429945,124.71445044580868,127.22701263427734,17728329.0
2024-02-23,127.91224540903924,128.59748958087337,124.25760982592382,125.0342254638672,15595124.0
2024-02-26,125.17127148355505,125.90220140457149,124.07488357269476,124.8971710205078,7667258.0
2024-02-27,124.25761150067716,125.8108288561699,122.43029368449072,124.07488250732422,10123884.0
2024-02-28,124.53171945719184,124.89717746589535,119.00407994224214,121.15118408203124,11162257.0
2024-02-29,121.15118000417026,122.65871166599166,117.67927327303096,120.1004638671875,27788093.0
2024-03-01,123.25258139801078,125.35399967954147,122.33892248789556,124.6230697631836,10702960.0
2024-03-04,126.45038438429044,127.86655844740632,124.16623716679004,127.40972900390624,13083002.0
2024-03-05,126.13061825902172,132.6632740415333,126.13061825902172,131.29278564453125,30920424.0
2024-03-06,130.97300663582516,134.30785598685875,127.86655806452949,132.754638671875,35383879.0
2024-03-07,132.29780860676246,135.35855748983826,132.06939388677196,133.3485107421875,17449961.0
2024-03-11,134.58195825677626,136.54631930792513,130.4704932220967,131.4755096435547,16358360.0
2024-03-12,131.56687719515153,132.16074988373737,126.17629544215916,128.094970703125,13318583.0
2024-03-13,128.59749732392075,129.83094248402114,115.94332224958973,117.35948944091795,21197858.0
2024-03-14,116.0346786421643,121.97346140731445,114.29872536283374,119.14111328125,18478220.0
2024-03-15,119.5066002317656,123.89216622896734,114.75556923968618,122.70440673828124,25112860.0
2024-03-18,122.4302891190738,123.57236271160248,119.96341294747748,121.60800170898438,10652375.0
2024-03-19,121.60801221336452,123.0698581732772,119.87205183797356,122.33892822265624,11009392.0
2024-03-20,122.47598266779042,123.89215680117566,117.03971480866215,120.1004638671875,8243643.0
2024-03-21,122.5673502891344,124.4860397815658,122.3846212758862,122.97850799560548,8302052.0
2024-03-22,123.98351103998348,125.8108288561699,123.2525811252432,124.07488250732422,8881966.0
2024-03-26,124.12056898931564,125.12558542948028,121.5623212429653,121.97346496582033,9406196.0
2024-03-27,123.02417409288348,123.34396030724886,120.05478245585712,120.51161193847656,8724839.0
2024-03-28,121.6993795230513,125.94790236042928,121.33392148903894,125.21697235107422,13378241.0
2024-04-01,122.43030368293094,130.37913404422844,122.3389322081282,128.68887329101562,19130984.0
2024-04-02,128.50611693804777,130.65322089999862,127.27268580483772,128.5974884033203,11621470.0
2024-04-03,128.46044470409822,133.6226118236605,126.3590264820246,132.754638671875,27889662.0
2024-04-04,134.4905946618968,138.23660193371154,133.16579197256252,134.71900939941406,31794824.0
2024-04-05,134.7190001068969,136.59200361361005,132.5719100871321,135.6783447265625,13754759.0
2024-04-08,135.6783391114623,137.68838579151472,131.0643591345578,131.74960327148438,10648467.0
2024-04-09,132.98305903053551,133.8510322191173,129.00863713896538,129.60252380371094,8617456.0
2024-04-10,130.01366625511127,132.8460005238153,129.0086358731439,131.97802734375,10630745.0
2024-04-12,131.2927888049493,133.57693618826897,130.65323032588563,131.20143127441406,7894694.0
2024-04-15,126.0849355336782,128.59749765482036,124.48603236567868,126.77017974853516,8646073.0
2024-04-16,125.9021981583004,127.8208734675025,125.216953989015,126.4960708618164,4486047.0
2024-04-18,126.90721521338004,129.6938776374213,125.03422562764275,125.9021987915039,5817755.0
2024-04-19,123.34396109396582,125.62810852163186,121.69937215778036,124.02920532226562,8745605.0
2024-04-22,126.998603753284,129.64820933419452,125.62811522357232,129.05433654785156,9355760.0
2024-04-23,130.33344253962127,132.75464710145906,128.64318186120187,131.8409881591797,14355630.0
2024-04-24,132.02371307771736,132.80032873117656,131.20142563161943,131.97802734375,5045213.0
2024-04-25,132.02372632502812,139.01321214217407,131.65826829927633,137.36863708496094,26477024.0
2024-04-26,138.51071084209786,141.06894490502052,136.31792086359692,137.36863708496094,16215350.0
2024-04-29,138.55636302955554,142.71351370544195,137.7340756173266,142.21099853515625,27238149.0
2024-04-30,143.30741454472485,144.3124310435868,140.79485238557578,141.70851135253906,15978504.0
2024-05-02,141.9826024620379,142.8962614584251,138.0538799306369,138.55638122558594,9130409.0
2024-05-03,139.78982536224598,139.78982536224598,135.4499451630913,136.86611938476562,9411856.0
2024-05-06,137.50567431625277,137.64271758455445,128.55181366553322,133.48558044433594,19028324.0
2024-05-07,133.4855954876092,134.67334112362312,127.27271103339282,128.78024291992188,12901348.0
2024-05-08,128.78021341332814,132.61757783362373,127.63813983935162,129.9222869873047,12838726.0
2024-05-09,130.92732466550513,131.93234110227786,126.22197291153992,126.99858856201172,10552927.0
2024-05-10,127.9122534399634,128.73454092126005,124.80581857581026,126.77017974853516,10533907.0
2024-05-13,116.9483455082184,119.68932235606728,111.0095623378792,113.84190368652344,57308261.0
2024-05-14,115.48648814951,115.85195310932444,111.46638753287984,112.24299621582033,24312119.0
2024-05-15,113.38507421188196,117.03971697967836,113.06529497376584,113.84190368652344,17075065.0
2024-05-16,115.121027527132,115.7605860029058,110.37000378253208,111.19229125976562,20908061.0
2024-05-17,112.19732073839234,113.38507317924416,111.78617003256072,112.4257354736328,11055315.0
2024-05-21,114.02464221576405,115.1210301912241,112.15163853946632,112.56278228759766,16225214.0
2024-05-22,113.4764328766258,116.40014554636451,113.24801815105234,115.8519515991211,14805581.0
2024-05-23,116.58287915346804,119.50659193894136,116.58287915346804,117.9990463256836,13782938.0
2024-05-24,118.09041530396706,119.8720474081016,117.7706291057227,118.68428802490234,9755587.0
2024-05-27,119.46091215418738,122.15620336863545,117.8620089322384,121.01412963867188,16918404.0
2024-05-28,121.56231769645431,122.8871202942606,116.94833752911047,119.14111328125,14334121.0
2024-05-29,118.18178821411476,119.50659087482074,117.26812928378942,118.36451721191406,8418504.0
2024-05-30,117.17676281908058,119.64363924805848,116.4915185920684,116.99403381347656,7601982.0
2024-05-31,117.4508626157147,118.59293632076572,114.66419998712428,117.58790588378906,15463943.0
2024-06-03,123.34395088369833,125.5824123892479,121.6536763506126,123.84646606445312,34037315.0
2024-06-04,124.12057938503982,124.12057938503982,100.68521792353066,106.3042221069336,49514325.0
2024-06-05,108.72541296259934,110.18726586040054,100.09133883912928,106.85240936279295,39376239.0
2024-06-06,108.72540698466707,111.6947983518954,107.26355416724137,107.67469787597656,35581829.0
2024-06-07,108.35995056935994,110.91819842927654,107.72039208971309,110.59841918945312,15029332.0
2024-06-10,111.46638946656094,114.6185099869807,111.46638946656094,112.69068908691406,16610021.0
2024-06-11,113.52211812666827,113.5952125115,111.83185055875416,112.3891830444336,11182412.0
2024-06-12,113.01960822453113,114.48146810680626,112.0419934363917,113.34852600097656,17063890.0
2024-06-13,114.20736499124529,115.3037529068955,113.33939180557756,113.75967407226562,10097817.0
2024-06-14,114.11600142203936,115.4773512720274,113.3942100329412,114.90174865722656,11737543.0
2024-06-18,116.71460817060884,116.71460817060884,113.83645602901882,114.21024322509766,19283739.0
2024-06-19,114.75223585119706,115.92031639882975,113.42529093074393,114.83633422851562,12551561.0
2024-06-20,114.75223678841932,115.82686519749998,114.52796018827564,114.92044067382812,8706010.0
2024-06-21,115.40635074949704,115.5465218321573,113.16363481512532,113.63086700439452,9886490.0
2024-06-24,113.44398510298936,113.49070404762293,111.54702341943825,112.61231231689452,10217149.0
2024-06-25,113.30381222829178,115.49980221467187,111.90211558216858,115.21946716308594,12003890.0
2024-06-26,114.93912432901816,116.30344153463162,114.228929369453,115.78014373779295,10064059.0
2024-06-27,115.0419116847811,115.64931496448548,112.02358856653188,112.96739959716795,10452879.0
2024-06-28,113.70563400701052,115.4998040312108,112.22917847215078,112.61231231689452,9504554.0
2024-07-01,112.88330739018647,113.44398462923286,112.0516346075648,113.0795440673828,5636426.0
2024-07-02,113.29446299864377,113.58415181354616,109.61267807362351,110.07991027832033,11457472.0
2024-07-03,110.73403205816037,111.48160643436267,110.16400820042055,110.5471420288086,8004538.0
2024-07-04,111.20126830324811,111.4816104868642,109.79957164396347,110.86486053466795,8346070.0
2024-07-05,111.10781316598826,113.4906929921117,110.78075206782196,112.55622863769533,8038993.0
2024-07-08,112.69640626838006,113.2570834877456,111.6684968446436,113.0328140258789,7363153.0
2024-07-09,113.44397853547552,117.6490682965396,113.03281192187536,115.55587005615234,20126207.0
2024-07-10,115.87358466540928,116.15392683490718,111.2012627030944,114.44385528564452,12071610.0
2024-07-11,114.65877791623792,114.798949000758,112.5095140947208,113.98596954345705,7049342.0
2024-07-12,114.00465628369652,116.06047510262712,111.8086663795212,112.40672302246094,7470847.0
2024-07-15,112.6309947135727,116.85477785862255,111.85538753865724,115.6119384765625,19866405.0
2024-07-16,115.86424043644853,116.29409321039924,113.82710773330952,114.96715545654295,7294961.0
2024-07-18,114.9578075439953,116.89214857006574,113.53742479054644,115.53717803955078,16067348.0
2024-07-19,115.5371766710424,115.77079276866732,112.60295905522484,112.96739959716795,7642979.0
2024-07-22,112.13572455641363,114.42515941434814,110.54713797695672,114.01399993896484,7851832.0
2024-07-23,114.19154722771034,114.27565273129132,109.33233518247069,111.47225952148438,7691292.0
2024-07-24,112.12638431183896,114.4345125813111,111.56570708295692,112.45344543457033,8868180.0
2024-07-25,111.95817896675092,112.6870600677096,110.73403286793042,110.99568176269533,5203991.0
2024-07-26,111.06109446947816,112.50017052634246,110.4630378133005,111.5470199584961,7556629.0
2024-07-29,112.93002019907058,117.89203096206695,112.5095140749816,116.93887329101562,24362585.0
2024-07-30,117.50890570518266,118.63960684490954,116.8267435132592,117.5743179321289,7669460.0
2024-07-31,117.7425159462226,118.16302207998577,116.83608432561552,117.55562591552734,5064752.0
2024-08-01,118.2377797345684,118.3499180294771,117.1351114541912,117.84530639648438,7225687.0
2024-08-02,115.92964897777836,119.7983309498498,114.51861289378049,117.96678161621094,14492663.0
2024-08-05,115.4997989502462,116.34081834002956,111.66849631834162,114.33171844482422,20938121.0
2024-08-06,115.0325716494849,116.71461050072136,110.4630410879234,111.13585662841795,8017235.0
2024-08-07,114.0046592769732,114.23827538204895,110.54714377361096,111.0797882080078,7853002.0
2024-08-08,111.1078194145198,113.44398043194283,109.56595171714105,111.55635833740234,10734357.0
2024-08-09,111.79932375326176,113.21036703776342,110.22007658630692,111.154541015625,8235427.0
2024-08-12,111.00502175746848,111.6684905950158,109.79956188212851,110.24810791015624,4432969.0
2024-08-13,110.35089828685896,110.96764821695456,107.4727533346056,108.14556884765624,8949764.0
2024-08-14,108.39787488231732,108.76231544303532,106.52894600503598,107.26717376708984,4845249.0
2024-08-16,108.35114622013604,109.0893739645538,107.9680195167331,108.40721893310548,3826316.0
2024-08-19,109.28560852111124,111.01437336135278,109.04265291073798,109.63136291503906,3373191.0
2024-08-20,110.33221480668136,112.27590252934912,109.7995703675212,111.43488311767578,5367129.0
2024-08-21,111.94884215412692,111.94884215412692,110.8742066280994,111.61243438720705,2412949.0
2024-08-22,112.14507443543218,113.30380829308478,111.67784223628544,113.05150604248048,4976967.0
2024-08-23,113.47201370369656,113.53742592728533,112.2198276857714,112.65902709960938,4407329.0
2024-08-26,113.07018802885244,113.52807357091986,109.4257755838612,109.86497497558594,12124682.0
2024-08-27,110.26680405669592,111.01437846138182,109.91171013563896,110.77141571044922,3507110.0
2024-08-28,111.15454373170115,111.38815984473912,110.07991531524496,110.2013931274414,2033737.0
2024-08-29,109.799569267554,110.40697256597744,108.86510484825564,109.32299041748048,6780777.0
2024-08-30,109.79957238713806,110.76206962565782,109.7528463130865,110.02384185791016,2452499.0
2024-09-02,111.00502831387423,111.00502831387423,109.00527504332312,109.70612335205078,3784509.0
2024-09-03,110.2667992175026,111.56570416335698,109.48185254348886,111.10781860351562,5373501.0
2024-09-04,110.0238426001252,110.50042146695408,109.19216980806192,110.2013931274414,4975266.0
2024-09-05,110.44435433755385,110.68730995855096,109.3323393736284,109.57530212402344,3748813.0
2024-09-06,110.26679811415868,110.3508964872197,107.6970210394643,108.16425323486328,5934006.0
2024-09-09,107.4634008670054,108.00539190417258,104.94968946966571,105.9962921142578,8367849.0
2024-09-10,106.63173677163536,107.43537675249551,104.8469062866513,105.06183624267578,4932265.0
2024-09-11,105.78137205659448,105.78137205659448,103.63210811613064,103.94048309326172,6176713.0
2024-09-12,104.6600154349684,105.117901006265,102.99666990179486,103.5947265625,5439526.0
2024-09-13,104.2395079222916,106.38877179043716,103.65079078041444,104.99642181396484,5278568.0
2024-09-16,105.4916901307187,107.69702678092284,105.14593572110776,105.60382843017578,5555617.0
2024-09-17,106.01499071951773,106.06171679453443,104.68805289006012,104.92166900634766,2727821.0
2024-09-18,105.02445618487556,105.0524889769298,103.25831899148169,103.50128173828124,3149002.0
2024-09-19,104.51049536828332,104.51049536828332,102.33319872849228,102.79108428955078,5563088.0
2024-09-20,103.47324636963452,103.52931195234687,102.52943532739012,103.07142639160156,4333880.0
2024-09-23,103.86572590745888,106.14581433643676,103.0714325442306,105.0244598388672,6797090.0
2024-09-24,105.5477526608976,105.5477526608976,104.47312428881102,104.62263488769533,4405905.0
2024-09-25,104.9216662029274,104.9216662029274,103.07143060382992,103.2957000732422,3870712.0
2024-09-26,103.67882153319658,104.51984091262688,102.47336874031028,103.26766204833984,4939056.0
2024-09-27,103.6321050539574,104.1367166936074,102.95928953442404,103.5106201171875,6063334.0
2024-09-30,103.5573441722655,104.00589021968204,102.51074148122528,103.3517608642578,5267144.0
2024-10-01,103.49193251209152,104.37033133129889,103.26766305186322,103.6227569580078,3541577.0
2024-10-03,102.01547984884331,102.74436096165914,101.48283541029346,102.10892486572266,3787250.0
2024-10-04,102.12761975002176,102.45468087893286,99.80080528502808,101.63235473632812,5400033.0
2024-10-07,101.8566222560985,102.28647503578,97.10954126925424,98.60468292236328,5658321.0
2024-10-08,98.39910521325608,100.24934075237712,94.44631762248322,98.99716186523438,5918241.0
2024-10-09,100.3614761101244,100.6418111472464,98.11876016616124,98.4738540649414,3576172.0
2024-10-10,99.137323870158,99.5204576927762,98.21220611882264,98.5579605102539,2888761.0
2024-10-11,98.55796334696868,99.04388170758996,98.16549000230565,98.61402893066406,1870268.0
2024-10-14,98.96913229694688,99.33357285832186,97.49267677017768,97.84777069091795,3004596.0
2024-10-15,98.11876098574868,98.67009155393876,97.5207043462826,97.81973266601562,2454679.0
2024-10-16,97.80104267328156,98.35237321981404,97.5113538756654,97.95989990234376,2453578.0
2024-10-17,97.9785899013181,98.48320152762966,96.9600271379578,97.81973266601562,2476072.0
2024-10-18,97.18430097401064,98.95978482153076,96.08163265855268,97.9505615234375,3787617.0
2024-10-21,98.3991090891904,99.22143523570249,96.53018019579189,97.28709411621094,3539723.0
2024-10-22,97.63284557359708,97.63284557359708,92.7923196009986,93.35299682617188,8322247.0
2024-10-23,93.24085881721784,93.86694826843744,90.1758166560375,92.4278793334961,5957517.0
2024-10-24,92.45591029042596,94.33417860680616,91.90457258551112,92.7269058227539,9111566.0
2024-10-25,93.24085669687182,93.24085669687182,89.70858240536421,90.23188018798828,6505468.0
2024-10-28,91.57751354999932,94.42763289489616,90.26926193054834,93.62399291992188,6797633.0
2024-10-29,94.044501005966,96.20311158864148,92.988558751591,95.90408325195312,5039745.0
2024-10-30,95.78260770212069,101.52021894924222,95.53964494488872,100.30541229248048,16153252.0
2024-10-31,100.45492536404052,102.32385420802268,99.43636256618116,101.5669403076172,5828107.0
2024-11-01,102.13696343199746,103.5293134143988,100.18392909696408,102.95928955078124,2774089.0
2024-11-04,103.20225023214752,103.20225023214752,99.8568659815806,101.23052978515624,4062781.0
2024-11-05,101.14642703868446,104.14605697770662,100.29606812197116,103.1368408203125,6602415.0
2024-11-06,104.66001289941734,106.89338224718702,103.58537741251702,106.30467224121094,10552466.0
2024-11-07,106.2392597146689,107.46340579492562,105.23938309375288,105.6598892211914,5585389.0
2024-11-08,105.58513395310132,105.96826779152546,103.1368417092317,104.3236083984375,3799518.0
2024-11-11,103.7535793226876,107.46340406457703,103.7535793226876,104.8469009399414,9862906.0
2024-11-12,104.64132911149557,106.86535186925111,100.92215757503608,101.5669403076172,11559079.0
2024-11-13,101.20249926050234,101.20249926050234,97.42726215851734,97.87580108642578,6511151.0
2024-11-14,99.05323210548607,99.89425153980848,96.99741315882952,97.4646453857422,3862235.0
2024-11-18,97.55808596004492,97.93187315042316,94.84813774154968,96.31524658203124,6355112.0
2024-11-19,96.70771857239606,100.54836781930656,96.65165298991192,97.7169418334961,5196762.0
2024-11-21,97.94120997321048,97.96924276407483,94.10056077804732,94.8668212890625,5927171.0
2024-11-22,95.8760477972636,96.81051221464315,95.12848054099858,96.30590057373048,4958015.0
2024-11-25,99.60455994906609,101.06232930459984,98.43647941417564,99.9876937866211,6394173.0
2024-11-26,100.45492609099314,100.89412551321092,99.6139066792355,100.72592163085938,3020229.0
2024-11-27,101.39873067900632,104.84689935271405,100.31474858882795,104.22080993652344,7682086.0
2024-11-28,104.56656646728516,107.1176502546531,102.64156497956924,104.56656646728516,11794214.0
2024-11-29,104.79083708331318,107.18306366220008,101.68841556529514,103.25831604003906,13029139.0
2024-12-02,103.11814394747688,103.4452050578971,100.4081957922568,102.9032211303711,11469057.0
2024-12-03,102.6509153795252,106.71583419127433,102.6509153795252,106.5476303100586,10340458.0
2024-12-04,107.08962093396836,111.061094712584,106.77190645379,110.1546630859375,25931163.0
2024-12-05,110.920927971775,111.67784902841824,108.58476683395835,110.56583404541016,11603457.0
2024-12-06,110.73403137448524,112.6029601740546,108.93051479772488,110.08924865722656,12310232.0
2024-12-09,109.89300830910442,110.62188937582675,108.03342621203107,108.28572845458984,5912817.0
2024-12-10,108.58476361439465,109.17348076648356,107.46340915325028,107.83719635009766,5298245.0
2024-12-11,108.24834925214884,108.4819653447642,106.63172988371296,106.8092803955078,3907762.0
2024-12-12,106.97749229858404,107.25782735312994,105.1085634173533,105.60382843017578,4084044.0
2024-12-13,105.17397262707492,106.16450262431567,102.61353500004483,105.64120483398438,6821762.0
2024-12-16,105.16462471068446,108.0240835008676,105.16462471068446,106.76255798339844,4725717.0
2024-12-17,106.51959290597952,106.80928171238442,102.79108201809971,103.00601196289062,6740261.0
2024-12-18,103.00601202703498,103.25831427339256,100.41754169486836,100.87542724609376,10177305.0
2024-12-19,98.89436894104897,100.3801639116027,98.40844346167717,99.5671844482422,4796423.0
2024-12-20,99.567189001731,100.12786624023418,95.96949520175664,96.27787017822266,7041416.0
2024-12-23,96.71706256766404,97.88514303345708,95.3153660087124,95.7171859741211,7040251.0
2024-12-24,95.78260425715004,96.17507760744093,95.18454759116452,95.6424331665039,4645820.0
2024-12-26,95.60505144381828,97.62349799022284,95.33405590956596,96.40869140625,7724432.0
2024-12-27,96.10966144691994,97.1749502851728,95.88539198870816,96.0629425048828,3177526.0
2024-12-30,95.88539117562138,96.80116228103584,93.82957237908496,94.31549072265624,6848363.0
2024-12-31,94.38090444187236,95.7265354598766,93.6520233502526,95.221923828125,6050468.0
2025-01-01,95.12848255514636,96.43672706365894,94.43697373847787,95.9134292602539,3260501.0
2025-01-02,97.44594618780263,98.29631221126502,94.20335358919802,96.9787139892578,14259943.0
2025-01-03,97.3618516897504,100.12786555971162,97.23102723930208,97.85711669921876,12858263.0
2025-01-06,99.05322735397516,99.3522556796792,92.7549392335481,93.26889038085938,12258443.0
2025-01-07,93.60529787534628,94.5023828499368,93.00724122561924,93.6426773071289,6149090.0
2025-01-08,93.64267749785829,94.38090523592442,92.06343036646378,93.54923248291016,7748353.0
2025-01-09,93.44643671015994,93.59595443100692,91.9139157184651,92.21294403076172,4710225.0
2025-01-10,91.86719417700614,92.23163472778931,87.83965483766514,88.09195709228516,10132531.0
2025-01-13,87.15749806953939,88.1854146911143,84.14852846174139,84.42886352539062,9889266.0
2025-01-14,84.57837975816773,89.1852898032193,84.57837975816773,88.41902923583984,17015919.0
2025-01-15,89.5777606076726,90.3720539453203,87.73686454444109,89.83006286621094,7021894.0
2025-01-16,90.91404105602764,94.00711589522538,90.91404105602764,93.20347595214844,8542663.0
2025-01-17,92.51197498246792,94.07252880899556,92.2690122438584,93.66136932373048,5277338.0
2025-01-20,93.66137223394696,96.11901109932168,93.06330844431052,95.00699615478516,5601585.0
2025-01-21,95.31537337522715,95.53964284576097,93.34365282623092,93.50251007080078,3640500.0
2025-01-22,93.44644015513023,93.68940289576491,90.50287586436411,92.54000854492188,4809029.0
2025-01-23,92.51197668041988,93.76415556893286,91.49341389463522,93.17544555664062,3393691.0
2025-01-24,93.39971960255576,94.38091013392508,91.57751676361046,91.92327117919922,4111994.0
2025-01-27,93.44643867342909,98.86633496824696,92.61476593958734,97.45529174804688,62764655.0
2025-01-28,97.0160938243896,103.92178517726732,96.99740767330498,102.33319854736328,52405075.0
2025-01-29,101.77251926694233,103.88440363712128,100.84739439558513,103.55734252929688,13568733.0
2025-01-30,103.55734924966288,105.77203254533444,103.0247048025264,103.94048309326172,11344654.0
2025-01-31,104.66001668947057,105.68792614179114,103.09946279453123,105.14593505859376,9417605.0
2025-02-01,105.50103560765308,105.50103560765308,99.3616045857054,101.18380737304688,10476590.0
2025-02-03,99.05322280989311,99.4550427725054,96.67968246439254,97.10953521728516,13485224.0
2025-02-04,98.07204202158898,102.31451151670704,98.02532307632482,99.85687255859376,12915454.0
2025-02-05,100.87543203928884,102.92191141575304,100.45492589891296,100.81936645507812,10574281.0
2025-02-06,101.57627737917709,101.96875784532963,100.17458077985413,100.57640075683594,9397668.0
2025-02-07,100.91280795366018,102.435989479326,98.01596975693886,99.20274353027344,13415003.0
2025-02-10,99.81014385677057,99.81014385677057,96.43672668161749,97.11888885498048,5384683.0
2025-02-11,97.17495004305262,97.455292212167,94.10056134052766,94.58648681640624,5308829.0
2025-02-12,94.61451991011457,96.20310652845131,91.50275176645984,95.78260040283205,8692391.0
2025-02-13,96.70771933450716,96.91330264443256,93.96039883017004,94.47434997558594,6063347.0
2025-02-14,95.01634301631466,95.31537134712976,91.27848531642722,92.79232025146484,6099055.0
2025-02-17,92.51197575357897,92.70821242237702,89.98892472114947,92.54000854492188,5421187.0
2025-02-18,92.5119731426239,93.11937641236908,89.24134782950082,89.70858001708984,8872125.0
2025-02-19,89.70857955603329,93.418404247127,89.15724899962255,92.85772705078124,8383145.0
2025-02-20,92.41853231068755,98.10941719078576,92.04474511783204,97.87580108642578,12657368.0
2025-02-21,96.99741503574649,97.57677844551426,93.96974501359988,94.85749053955078,10401247.0
2025-02-24,94.56779600627428,95.12848035914838,93.31561711149028,94.27811431884766,6007057.0
2025-02-25,94.73600349679393,95.05372511749128,91.34390010549536,91.65227508544922,4698591.0
2025-02-27,91.66160829574793,92.43721544798817,89.7553072201995,90.25057220458984,8392622.0
2025-02-28,90.17581628745786,91.01683568907536,88.56853634867727,88.92363739013672,9648668.0
2025-03-03,89.61513367391434,90.3440147350196,86.62484344013716,89.2600326538086,8400268.0
2025-03-04,88.77412338536675,90.95142728050548,87.74621390888947,89.61514282226562,9010467.0
2025-03-05,90.08236689992188,92.18491173723096,89.89546974785598,91.46537017822266,9515677.0
2025-03-06,93.25020524180636,93.6800580190844,91.1102808664412,91.50275421142578,10401338.0
2025-03-07,91.15700853264636,91.95130187692315,90.35336854778338,91.02618408203124,7561031.0
2025-03-10,91.25044986599607,91.27848265722491,87.83965338833545,88.20409393310547,6998486.0
2025-03-11,87.27898304987328,89.14791199257121,86.58748133730651,88.76477813720703,6909115.0
2025-03-12,89.65251931174096,89.66185882283455,87.08274214024401,87.80227661132812,6578981.0
2025-03-13,88.58723360291978,89.13856421185497,87.60604306879011,87.95179748535156,5522916.0
2025-03-17,88.07326860232233,89.04511242173773,88.04523581137532,88.58722686767578,4495889.0
2025-03-18,88.58722686767578,88.58722686767578,88.58722686767578,88.58722686767578,0.0
2025-03-19,92.51197362555028,97.17494888579874,92.23163145977448,96.4460678100586,14730072.0
2025-03-20,97.11889270721286,97.60481109495257,95.12848595157028,95.6891632080078,6730020.0
2025-03-21,96.23114776673198,99.1466721536647,95.34340230247166,98.9037094116211,9871684.0
2025-03-24,99.4270204547124,101.76318161610416,99.08126603624312,100.58575439453124,9980825.0
2025-03-25,101.85661886342614,102.0341693795494,97.94121077433309,99.0158462524414,8193377.0
2025-03-26,98.97847144890774,100.37082859310463,98.1187658779847,98.50189971923828,7981147.0
2025-03-27,97.46464215904972,101.51086769181548,97.24971220485033,100.73526763916016,13735931.0
2025-03-28,100.73526671434792,101.95006617531196,99.75407622756364,100.0998306274414,9918716.0
2025-04-01,99.53914557372228,104.19278146111792,99.29618996088058,103.06208038330078,12089356.0
2025-04-02,103.77227736947265,104.75346073923244,100.96888409119131,104.23950958251952,7907441.0
2025-04-03,103.02470187469868,110.40697218774484,102.39861242696912,107.3886489868164,27606403.0
2025-04-04,107.229789460459,108.22031943899152,103.3797935816572,104.18343353271484,15100808.0
2025-04-07,97.17494951632128,101.38003925385844,96.2498317702944,98.83829498291016,10220616.0
2025-04-08,101.286592917211,102.79108112954984,100.17457803085688,102.0902328491211,7718332.0
2025-04-09,101.76317332586812,101.94071671167946,97.66087523101376,99.76342010498048,9301804.0
2025-04-11,101.4828376709288,102.51074713829496,100.10917379106942,101.0716781616211,4886516.0
2025-04-15,102.0995844581608,104.45443165807424,101.71645062410232,104.06195831298828,5998656.0
2025-04-16,104.660017395389,108.67821734357828,104.22081796740112,107.91195678710938,14837452.0
2025-04-17,108.39787182239134,110.079910616222,107.27651737943602,109.42578125,17071220.0
2025-04-21,109.43512793388402,113.56545892666952,109.43512793388402,112.01425170898438,14653740.0
2025-04-22,112.74312906411356,113.67759344569858,110.77140864861732,111.04240417480467,9232904.0
2025-04-23,111.60308598080594,111.73391042927176,107.29520443367396,110.06121826171876,10905130.0
2025-04-24,109.97711998211096,111.37881661352448,109.13610057738332,110.79944610595705,5724055.0
2025-04-25,110.7994477222776,110.7994477222776,106.2486033593184,107.73440551757812,10250155.0
2025-04-28,107.73440321735322,111.38815537124032,107.73440321735322,110.62189483642578,7601791.0
2025-04-29,111.85538516045604,113.58414999365326,109.4818518724961,110.09859466552734,10126876.0
2025-04-30,110.07056209604406,110.07056209604406,107.07093223943951,107.60357666015624,6188498.0
2025-05-02,107.6596483050366,109.64071550333932,107.2765215882646,107.52882385253906,4396901.0
2025-05-05,108.30442305863546,109.07068356499416,107.1924081651232,108.7342758178711,4171126.0
2025-05-06,109.14544840679216,109.14544840679216,101.48283579395424,101.92203521728516,9655744.0
2025-05-07,100.37082653517211,103.53866034107276,100.22130880621744,102.03417205810548,10750031.0
2025-05-08,102.96863993722955,104.89363442114568,98.58599938913916,100.79133605957033,9753681.0
2025-05-09,97.37119356077798,103.93113804091853,97.37119356077798,102.99667358398438,9757040.0
2025-05-12,107.4914395557037,108.21098114128326,101.6884164459642,102.87518310546876,35316475.0
2025-05-13,103.25831706370788,107.594231345624,103.25831706370788,105.18331146240234,24284878.0
2025-05-14,105.7159624975442,107.36996859522684,105.33283577367862,106.39812469482422,10275111.0
2025-05-15,106.84665673877738,107.08961948052062,105.68792287179812,106.57566833496094,6667061.0
2025-05-16,107.18306569160649,107.79046898804565,106.62238846773867,106.83731842041016,8365646.0
2025-05-19,107.54750231384308,111.9488358274065,107.06158397208569,110.21073150634766,22160038.0
2025-05-20,110.92092606792198,111.47226379427048,108.16425882437314,108.55673217773438,10161179.0
2025-05-21,108.39786658946724,110.5471374856725,107.566193873055,110.22941589355467,9954905.0
2025-05-22,109.51922292158778,110.78075554314344,107.65029415412452,108.81837463378906,8075716.0
2025-05-23,109.33233926131088,110.02384094929631,108.25770373158082,109.3884048461914,9294500.0
2025-05-26,109.70612241035045,110.64058681396604,108.9211686040266,109.62201690673828,5189915.0
2025-05-27,109.89301244900312,110.00515074403,108.49131584345614,109.07068634033205,9834280.0
2025-05-28,109.5192284635398,112.36934782990356,109.28561235578532,112.07966613769533,18821556.0
2025-05-29,113.079545582948,113.481365583373,110.73403780700696,111.3975067138672,8543658.0
2025-05-30,111.80866877202156,114.57468258715475,110.079911028738,113.94859313964844,17477465.0
2025-06-02,114.73354343274708,117.5556300495121,113.836458420947,117.04167175292967,20837438.0
2025-06-03,117.74250967222812,119.10682678591832,115.4811076260867,116.42491149902344,13925152.0
2025-06-04,116.7519873033828,117.5462806371373,115.032569057594,116.70526123046876,5810092.0
2025-06-05,117.27528111171914,117.73316666723878,115.54652341364104,116.1072006225586,4686895.0
2025-06-06,116.3408217700895,118.4433667418381,114.85502674549812,116.22868347167967,12062024.0
2025-06-09,117.3687319683426,121.4710374095593,117.18184193253131,120.8355941772461,23756753.0
2025-06-10,121.5738265729695,121.704651021232,117.65841837731932,118.00416564941406,15719168.0
2025-06-11,118.58353275416236,118.58353275416236,115.31290738261792,115.8268585205078,13176717.0
2025-06-12,116.07916739830868,116.94821956417668,114.27565084459972,114.72418975830078,8820490.0
2025-06-13,111.20126240382518,113.49069730743904,110.65927134659988,113.24774169921876,8562642.0
2025-06-16,113.71497666911306,113.71497666911306,110.6032084635958,113.58415222167967,9464721.0
2025-06-17,114.8363249532405,114.8363249532405,111.43487524361936,111.80866241455078,10245273.0
2025-06-18,111.99555767748048,112.78985099701484,111.05174663081615,111.83670043945312,10339326.0
2025-06-19,110.87420695614856,111.4816102665176,106.96814532148656,108.09884643554688,21418540.0
2025-06-20,108.03105762485173,111.36224362440323,108.03105762485173,109.59981536865234,14597819.0
2025-06-23,108.4571400220913,110.97489358070716,108.4571400220913,110.79090881347656,9318649.0
2025-06-24,112.3209286883817,113.64759463920323,111.21699048243492,111.62370300292967,10047772.0
2025-06-25,112.57270348166412,112.90194483160144,111.55591481757487,112.47586822509766,7116589.0
2025-06-26,112.5727027660878,113.54107010171003,111.7592777504322,113.25055694580078,8706576.0
2025-06-27,113.68632430600567,116.59142625221678,112.81479224453108,113.07624816894533,17380242.0
2025-06-30,113.83158563762927,115.91356954230244,113.6379077336215,114.80963134765624,14142517.0
2025-07-01,115.35192032247063,117.65663193440724,113.85094798866096,117.25959777832033,18672483.0
2025-07-02,117.25959436046668,117.78251359594444,114.99361839478593,115.48748779296876,9878461.0
2025-07-03,116.01041041795403,116.01041041795403,114.07367573577154,114.7418441772461,6579528.0
2025-07-04,115.0420400975068,115.5746376884799,113.23119055686318,114.0833511352539,7342255.0
2025-07-07,114.6546906258022,115.37128036432264,113.68632331880734,113.99620056152344,10444935.0
2025-07-08,114.04462147938708,114.82900406997535,112.37903581530436,113.26024627685548,6656174.0
2025-07-09,113.67664113073027,113.67664113073027,111.94326271045554,112.24346160888672,6151277.0
2025-07-10,112.5339689597878,112.77606079750906,110.20020748594418,110.80059051513672,7637030.0
2025-07-11,110.5778660484191,111.79800354574634,109.9774756535036,110.9361572265625,6809477.0
2025-07-14,110.64565458059973,112.20472659247596,110.23893468198156,111.34288024902344,5246766.0
2025-07-15,111.60433903608444,112.67922740439624,111.1201553526307,112.12725830078124,5544394.0
2025-07-16,112.15630740840162,114.6546969718661,111.88516572952454,114.28671264648438,8212544.0
2025-07-17,114.56753535023276,114.72247766781504,112.19503836969074,112.4274444580078,7477336.0
2025-07-18,112.70827295758122,113.05688578745642,111.26540770440994,111.38160705566406,4493397.0
2025-07-21,111.3622418218039,111.89484680313072,110.23893218411692,111.0426788330078,3793957.0
2025-07-22,111.35255539711464,111.50749771366188,109.3286712565962,109.5513916015625,4405528.0
2025-07-23,109.86127374841544,109.95811639460656,108.78638539059226,109.6482391357422,4181125.0
2025-07-24,109.71601988716958,111.84642502771302,108.69923124987696,111.06204986572266,6534344.0
2025-07-25,111.0717316281608,112.66953922663158,109.03816167922366,109.5610809326172,11398412.0
2025-07-28,109.52234773544568,111.70117431130228,107.68244826044436,107.97296142578124,8540528.0
2025-07-29,107.78896861501116,109.14468439835304,106.81092289956352,108.62176513671876,6272053.0
2025-07-30,109.32867600967089,112.42744859477234,109.32867600967089,110.52944946289062,22481500.0
2025-07-31,109.13499506756,109.98716304578345,107.5178234006044,107.85675048828124,7807247.0
2025-08-01,107.85675473525896,108.0794824805347,105.3680508962414,105.83287048339844,6982193.0
2025-08-04,106.31705245796655,108.4377793229313,105.74571187852229,108.15695190429688,5251839.0
2025-08-05,108.11821805566808,108.57335190046815,106.7334524246633,107.21763610839844,3565443.0
2025-08-06,107.6824458926268,109.01879755812357,106.52040803294456,108.1763153076172,8129316.0
2025-08-07,107.0530149127353,108.69923647427224,105.84255570923564,108.3699951171875,8568226.0
2025-08-08,108.45714384233092,108.5055651653403,106.6947155504153,107.13047790527344,3578107.0
2025-08-11,107.14016077200212,109.86127060440904,107.05301125859212,109.61917877197266,7458908.0
2025-08-12,109.70633818847122,110.3067286063778,109.35772535072633,109.91938018798828,3083473.0
2025-08-13,109.9193823899504,111.00394911749974,109.24152079717534,109.9677963256836,3141791.0
2025-08-14,110.04526705989196,110.29704464411668,109.03816411104978,109.60950469970705,2291942.0
2025-08-18,110.42292267474728,111.64306754845092,110.2389305225065,111.22666931152344,4616495.0
2025-08-19,111.29445646062528,112.96004943427415,110.78122296275689,112.80510711669922,5680882.0
2025-08-20,112.8051119380938,113.5991728794634,112.23377874074366,112.65017700195312,2600256.0
2025-08-21,112.86321472116391,113.29897706233496,112.08851790568607,112.28218841552734,2228690.0
2025-08-22,112.1369422226382,113.14403776638254,111.55591590148094,111.80769348144533,4478996.0
2025-08-25,111.80768883166128,112.48555038213544,111.1298346692434,111.33319091796876,2758723.0
2025-08-26,111.12015227424598,111.36224410926611,108.55397734542116,108.82511901855467,3769151.0
2025-08-28,108.87353729386638,109.20277863401256,106.56882574867416,106.7818603515625,4000540.0
2025-08-29,107.36288619656828,108.2053610269484,106.3751474041868,106.80123138427734,4167804.0
2025-09-01,107.256371619646,108.55398034494186,107.17890045716534,108.35062408447266,2212254.0
2025-09-02,108.7476547002473,110.27766947496944,107.895486716899,109.34803771972656,4219395.0
2025-09-03,109.42550894147978,110.17114853927424,109.31898794350109,109.97747802734376,2145524.0
2025-09-04,110.47134739722604,111.16857306081356,108.4668273084402,108.59271240234376,3068333.0
2025-09-05,108.83480308302032,109.55139283497854,107.80833608253506,109.00910949707033,2803336.0
2025-09-08,109.42550826124612,110.49071084635492,108.9510103383266,109.61917877197266,3338930.0
2025-09-09,110.1808347592678,110.19052050132328,108.95101148825556,109.2027816772461,3781116.0
2025-09-10,109.46424397938011,114.0833528973607,109.32867314408888,113.77347564697266,10642889.0
2025-09-11,113.8315839137265,117.36611879867507,113.58949207842556,114.36418151855467,15107871.0
2025-09-12,115.09045634979404,115.57464001755764,112.81479458891646,113.6282196044922,4937371.0
2025-09-15,113.78316198609974,115.17761331419256,113.2989783180738,114.25765991210938,4276523.0
2025-09-16,114.34481506491122,114.75152756669765,113.39581183935324,113.8122100830078,3693614.0
2025-09-17,113.97683373351812,116.20408158580192,113.31834364234298,115.85546875,11992878.0
2025-09-18,116.39775158854944,116.93035658203388,114.47070264603964,115.24539947509766,8424454.0
2025-09-19,115.235716623505,117.41454319831917,115.15824546104469,116.65921783447266,8984418.0
2025-09-22,116.65921599692638,117.85030370175174,116.0878754178517,116.71731567382812,7134399.0
2025-09-23,116.71731223121336,117.9955568017457,115.49716733586912,117.5888442993164,6971134.0
2025-09-24,118.30543928993448,119.95166824439586,116.5430109799498,117.16276550292967,11500294.0
2025-09-25,117.0756102094455,117.3564376181978,115.48748839916487,115.97167205810548,4855466.0
2025-09-26,115.7586353476094,116.08787670444372,112.33061399933864,112.65017700195312,6173940.0
2025-09-29,112.92131562582132,116.10724504737148,112.58238853588117,115.0129852294922,6351712.0
2025-09-30,115.23571440582468,120.0097657267311,115.13887914864118,119.50621795654295,18078558.0
2025-10-01,119.78704012511592,121.72377485559834,118.46038156309172,120.6876220703125,14344547.0
2025-10-03,120.7069900984905,121.9658632044223,119.73862276097844,121.55915069580078,9233400.0
2025-10-06,121.96585976289153,122.45004341798528,120.10659630046506,122.05301666259766,7570833.0
2025-10-07,123.70892556982795,125.35514706445832,121.98523291618864,122.24668884277344,17946269.0
2025-10-08,122.64372247622524,122.68245805556693,119.78703445124052,120.88129425048828,7459860.0
2025-10-09,120.88129658672833,122.42099710802202,120.56173359202556,121.81092834472656,4607824.0
2025-10-10,122.014286232719,123.62177958173466,121.57852387996762,122.75992584228516,8734998.0
2025-10-13,122.98265488494744,123.32158198379072,120.85224964531275,122.84708404541016,8765224.0
2025-10-14,122.972968034921,123.21505987306492,119.80641004274366,120.3680648803711,6962918.0
2025-10-15,120.6101576742032,122.98265475158996,120.42616551157782,122.3435287475586,6501734.0
2025-10-16,122.9536014102044,123.28284275704246,121.05560232475332,121.45262908935548,4927467.0
2025-10-17,121.45263210132838,122.4984706196734,118.33448803073854,119.21570587158205,9571915.0
2025-10-20,120.57141725397828,126.3235141191114,119.98071259689053,125.66503143310548,27195370.0
2025-10-21,126.42036117481496,127.33062885286834,125.88775617423975,126.1395263671875,3759439.0
2025-10-23,126.85612536863492,132.27898854674714,126.64308336531607,131.24282836914062,32054251.0
2025-10-24,130.73927128975205,131.79480293663366,128.98652874123798,129.6643829345703,8071441.0
2025-10-27,129.94521193906496,136.49136964765637,129.4997564741322,135.2906036376953,26494042.0
2025-10-28,135.29060104920563,137.5081556493859,134.91293839586098,136.62693786621094,23439322.0
2025-10-29,137.24670202927885,137.82772835671392,135.4552312758952,136.31707763671875,14121917.0
2025-10-30,135.57142979605052,137.22734447576352,133.8767869235999,134.4481201171875,14652512.0
2025-10-31,134.40939219352242,138.19571210810196,134.02203638480464,135.45523071289062,19520445.0
2025-11-03,136.0943332319536,138.42810196078494,135.76509189769283,137.63404846191406,10891336.0
2025-11-04,137.77930054585931,138.79608918293695,136.53979156340114,137.66310119628906,21244500.0
2025-11-06,137.50816753991677,137.9536230348459,135.34871242642564,135.73605346679688,8872753.0
2025-11-07,135.57142201295065,140.29705916575804,134.167292383039,140.0065460205078,15852911.0
2025-11-10,140.94586943256067,142.0594859642243,139.44489709884357,141.3235321044922,13305840.0
2025-11-11,141.32352537133085,141.73991621557286,137.5081558655318,140.90711975097656,12078028.0
2025-11-12,141.38162598800812,143.1246900855485,140.60692919175546,142.020751953125,7678828.0
2025-11-13,142.15632120406795,142.485562536579,139.5610891818867,140.04527282714844,6531155.0
2025-11-14,139.4933242567603,142.15633455581778,139.44490293246383,141.88519287109375,4683129.0
2025-11-17,142.59209168113844,145.3035232048309,142.10790800819737,142.68893432617188,11822101.0
2025-11-18,142.747036336361,143.99622373148074,141.58499845752823,141.85614013671875,5679286.0
2025-11-19,141.8658100939475,144.06400801223683,140.72314376729472,143.8896942138672,6008229.0
2025-11-20,143.909072301568,144.51914845969088,142.56304227773043,143.04722595214844,6792534.0
2025-11-21,142.834181731477,143.57013558574363,140.1808499175391,140.8587188720703,6836506.0
2025-11-24,140.8587264706565,142.93103208567558,140.4035926171422,141.23638916015625,5975367.0
2025-11-25,140.89744536309976,142.93102264991947,140.51978269853183,142.55335998535156,5835383.0
2025-11-26,143.31836137116488,146.63985414013828,142.85354920132664,144.1414794921875,11556248.0
2025-11-27,144.6353501288316,144.9549131321973,141.23638599939983,142.96975708007812,7775331.0
2025-11-28,143.01817016045896,143.12469115544138,141.57529755135397,142.48556518554688,4416863.0
2025-12-01,142.83418290918274,144.32546211399907,141.7205663766072,142.58241271972656,6729070.0
2025-12-02,142.58240704847168,144.67406919362483,140.68440063263162,141.1201629638672,10708531.0
2025-12-03,141.468778779553,141.468778779553,134.6805291595053,135.8619384765625,9346948.0
2025-12-04,135.57142772426576,138.2344379117067,135.3002860509063,137.04335021972656,8328312.0
2025-12-05,137.02398154700515,139.23185794744026,136.30738438064475,138.5830535888672,4937787.0
2025-12-08,137.84709226028403,138.37000410532713,132.44360090631386,133.77993774414062,7093668.0
2025-12-09,133.56689665848438,137.41131608092388,132.38550212826928,137.1595458984375,10059178.0
2025-12-10,135.96846896450236,137.63406205969852,133.1505163094318,133.78964233398438,11795693.0
2025-12-11,134.60306702105737,137.30480553387488,134.37065352838266,136.30738830566406,7263380.0
2025-12-12,136.5397912512813,137.0917677127035,135.40680326722332,136.65599060058594,3210687.0
2025-12-15,136.63664180229773,137.79867969094622,135.70700262571089,137.2854461669922,2748359.0
2025-12-16,137.31448590803123,137.50815641254474,134.08014267670737,134.97103881835938,5150925.0
2025-12-17,134.97104708869173,138.28286167997447,134.6999054105362,137.4694366455078,6426422.0
2025-12-18,137.74057586084535,138.95103503672277,136.65599439150233,137.79867553710938,5612515.0
2025-12-19,137.50815494388047,138.86386323710764,137.2951129583573,138.6798858642578,4035757.0
2025-12-22,138.6992453081782,139.20280044536162,137.7599278378666,138.20538330078125,7693720.0
2025-12-23,138.48620733845212,139.00913397427553,136.14276015954033,136.4332733154297,3701448.0
2025-12-24,136.74315613368705,137.16922534372085,134.96134903015508,135.35838317871094,4090710.0
2025-12-26,135.57142946039,136.22991216809183,134.7483112996495,135.3487091064453,2470349.0
2025-12-29,135.34871260534513,135.92004581228773,134.2738242243634,135.48428344726562,5185660.0
2025-12-30,135.48427502206525,137.9923428296851,133.74121089425722,137.51783752441406,15268073.0
2025-12-31,137.9923502395264,140.30674766302548,136.73346970317118,139.29965209960938,9324922.0
2026-01-01,139.54173582667067,143.11499880259782,138.97038788169274,142.34031677246094,7447505.0
2026-01-02,142.83417816359113,145.54560958564792,142.17569548560826,144.49977111816406,9401609.0
2026-01-05,146.12662048824765,147.51139341867923,143.3183612127668,145.14857482910156,9650550.0
2026-01-06,145.24542173362784,148.39261556885842,144.89680890237315,145.89422607421875,11879226.0
2026-01-07,145.89422089753106,147.1627796957728,144.97427491817433,146.69796752929688,5035903.0
2026-01-08,146.22347361214904,146.60113629732132,141.67214990527174,142.28221130371094,6830925.0
2026-01-09,141.86581315539146,145.30352011540336,140.6069326772883,141.4010009765625,6843545.0
2026-01-12,141.37195861489246,145.2454281208995,138.37969219165575,141.27511596679688,8324371.0
2026-01-13,142.25316219103274,143.2990007344155,141.18796693885457,142.8922882080078,5614349.0
2026-01-14,143.08595910157757,148.86711355649587,141.49783718551328,148.03431701660156,16837377.0
2026-01-15,148.03431701660156,148.03431701660156,148.03431701660156,148.03431701660156,0.0
2026-01-16,148.64438796776471,152.59532852206104,148.59596664512588,152.3629150390625,17659016.0
2026-01-19,152.6147042276738,159.14149087919796,152.0336778921628,157.89230346679688,35194066.0
2026-01-20,157.89230103487898,160.1001774340326,154.06725291733474,154.69668579101562,19736674.0
2026-01-21,154.93877929102828,157.39842591078343,151.29772329708996,152.4984893798828,17533985.0
2026-01-22,155.907136395073,163.07304855496054,155.907136395073,161.1556854248047,42718644.0
2026-01-23,160.9039190291072,161.03948986420372,154.02850507865142,154.59983825683594,15396336.0
2026-01-27,155.1324469262896,159.05433765941564,153.6798958974365,158.0084991455078,17486540.0
2026-01-28,158.7638204329071,162.37582642818305,157.23379828189468,162.0465850830078,15122267.0
2026-01-29,162.3952046414723,164.52560989562784,157.9600803233604,159.69346618652344,18770105.0
2026-01-30,158.81224548926596,162.1337384090986,156.87551078817734,158.90908813476562,11736534.0
2026-02-02,145.6811810183723,147.57917267835592,141.76896879690705,146.8722686767578,17969570.0
2026-02-03,153.00204039595792,155.78124994568023,150.6876430341775,153.01171875,19569935.0
2026-02-04,153.00204613610236,156.43975329248437,151.2589818957848,155.83935546875,8224127.0
2026-02-05,155.8587255973161,159.65472392313214,155.7425262410107,158.28933715820312,12318378.0
2026-02-06,158.21186003707388,159.6353612026604,155.90714104972187,158.48300170898438,12267604.0
2026-02-09,160.748979561142,165.10663262153437,160.44878804782638,163.08274841308594,14437299.0
2026-02-10,163.1698921349264,163.59597611654874,160.11954101139506,162.26931762695312,6303083.0
2026-02-11,162.2015223729831,162.29836501320298,157.95039052690885,161.84323120117188,8276865.0
2026-02-12,160.9426540202172,161.6205082243375,158.36679326844654,160.0517578125,5243794.0
2026-02-13,158.90909068580615,159.2480103982696,156.1589161362645,156.67214965820312,8120034.0
2026-02-16,155.90714841233873,160.95234897114725,154.51269701888248,160.37132263183594,9299801.0
2026-02-17,160.36163179213287,165.5908093343516,159.78060549805858,164.8258056640625,15325479.0
2026-02-18,165.84257951676807,167.80836396598482,165.05820436303588,167.09178161621094,11782447.0
2026-02-19,166.87874365731793,167.96331033794624,163.024645823417,163.80902099609375,6852486.0
2026-02-20,163.6540727592752,167.15955763676885,162.84064777821794,166.26866149902344,7073597.0
2026-02-23,166.956217893647,169.14472277913626,166.3945630590815,168.62181091308594,9288166.0
2026-02-24,168.4959200345553,172.58243146116058,167.54692416247698,169.94847106933594,22315167.0
2026-02-25,170.23898193906095,170.77158693319774,168.2054046073071,170.02593994140625,9784182.0
2026-02-26,170.02594562440555,172.27255025279229,169.22219892931864,171.59469604492188,8488762.0
2026-02-27,171.40102515138963,172.71800537071604,169.63858943865444,170.4810791015625,6371509.0
2026-03-02,165.10663670524227,168.8832635405473,164.69024582837346,166.84970092773438,11169455.0
2026-03-04,163.46041332223393,163.6831336777209,155.54885376421538,158.22154235839844,13624211.0
2026-03-05,159.29642638735282,161.99816474677934,156.90455789111934,158.98654174804688,11180767.0
2026-03-06,158.32805683750652,159.01560413627212,154.09629637699467,154.5320587158203,7458169.0
2026-03-09,149.1285697010199,150.17440819673203,143.1731164967815,146.50428771972656,13124009.0
2026-03-10,149.12856416620346,151.98524474533357,146.74637410725387,151.22991943359375,6865878.0
2026-03-11,151.9852501671182,152.7115256678621,148.91552749044084,149.41908264160156,6073597.0
2026-03-12,146.2234685067385,151.64633152736735,145.07110900664637,149.88389587402344,6364616.0
2026-03-13,149.18667489017847,149.7580080931003,144.96459255936372,145.4487762451172,9551217.0
2026-03-16,144.2867285194336,147.03688812078536,142.23379456013055,145.90390014648438,10444439.0
2026-03-17,146.3203042621974,146.9497370938348,143.84127157375423,146.59144592285156,8579109.0
2026-03-18,146.9691113134666,149.31255843910293,146.93036834630192,147.62759399414062,6122539.0
2026-03-19,143.90906460667154,145.16794504806796,140.14211641216465,141.15890502929688,7145447.0
2026-03-20,142.301570512919,147.86000408483477,142.301570512919,145.72959899902344,12913188.0
2026-03-23,144.0930551367155,144.0930551367155,138.48620027519186,139.1834259033203,9048350.0
2026-03-24,142.34999144410833,143.88969188693073,140.31641422731906,141.70118713378906,5828421.0
2026-03-25,143.31836876502405,146.0298003185039,143.13437660310703,144.7709197998047,8785495.0
2026-03-27,143.82191508824684,143.82191508824684,138.5249447915496,140.40357971191406,14692046.0
2026-03-30,136.64631542599753,138.39905794064637,131.89162825816132,132.65664672851562,11661437.0
2026-04-01,138.2925397232135,140.20022459630573,135.2228169783369,137.2176513671875,13202443.0
2026-04-02,135.0872369377598,135.37775007994517,130.26477197148668,134.75799560546875,9218922.0
2026-04-06,135.93940914812475,140.88776674575865,133.518490847445,138.5249481201172,14321009.0
2026-04-07,137.55658180610874,137.55658180610874,131.82384900129617,133.1989288330078,27177315.0
2026-04-08,139.44490008665292,142.83418585264795,138.55400388701068,141.85614013671875,17553137.0
2026-04-09,141.8464502006884,143.85097777710922,138.9122982107121,139.72572326660156,12609816.0
2026-04-10,141.86582156922208,143.79287798024586,141.1395460321783,143.25057983398438,9728052.0
2026-04-13,138.42811011875023,140.7522006309906,136.58821805899228,140.38421630859375,11779572.0
2026-04-15,143.03754041975336,145.18730223225998,142.49524231968527,143.02784729003906,9048315.0
2026-04-16,143.94780517188818,146.22347442605027,143.16342995801932,144.1511688232422,9550976.0
2026-04-17,144.15116075763217,144.74186541761136,142.01106246541192,143.4152069091797,8807839.0
2026-04-20,143.31836927360715,146.22347135347755,141.3913129078923,143.61856079101562,9439402.0
2026-04-21,144.77092161434993,146.46556450950118,144.33515925367658,145.09048461914062,7154993.0
2026-04-22,145.0904815938039,149.45781301598512,144.46103395163308,148.08273315429688,15080884.0
2026-04-23,147.20150710312095,148.62500820798547,144.60628984664916,146.087890625,14160285.0
2026-04-24,145.9813706736925,146.66891795911775,141.16858400405292,142.7760772705078,13803000.0
2026-04-27,143.8993884109894,145.0614262296609,142.59208662991358,142.84385681152344,4845169.0
2026-04-28,139.44488937933275,140.994282949548,137.1885918266587,139.68698120117188,15483742.0
2026-04-29,140.41325680889202,142.5920832076507,138.2053805735722,138.6798858642578,9711019.0
2026-04-30,137.71153229208448,137.79868181044804,134.4384458031472,135.44554138183594,10512024.0
2026-05-01,135.44554138183594,135.44554138183594,135.44554138183594,135.44554138183594,0.0
2026-05-04,135.5811060136338,138.0891886551828,133.85741332976465,134.27381896972656,11205255.0
2026-05-05,134.31254945213263,135.2712384549024,132.41455770715675,134.19635009765625,8548754.0
2026-05-06,136.05561000103555,138.71862016119815,134.02203269555716,137.83740234375,21321991.0
2026-05-07,138.71862066933875,139.0478620168069,135.28091367658632,135.92971801757812,10811865.0
2026-05-08,135.81352129871212,135.81352129871212,133.7896370766063,135.3487091064453,10454713.0
2026-05-11,138.47652966814096,141.76897271484037,137.12082130211485,139.309326171875,31970908.0
2026-05-12,138.48621031688387,139.4255278346641,135.40680921612136,135.70700073242188,9840646.0
2026-05-13,135.76509855767569,137.89550375743437,134.26412622053445,136.14276123046875,7974427.0
2026-05-14,137.1692213831886,139.929074083516,135.4261720736263,139.39646911621094,9541746.0
2026-05-15,140.40358696792276,141.46878218400795,137.50816328084787,137.7599334716797,8539888.0
2026-05-18,136.5397925193296,136.5397925193296,133.1408285355894,133.8477325439453,12262451.0
2026-05-19,135.27122891592384,135.47457777191786,133.6540573170091,134.2544403076172,12748150.0
2026-05-20,133.92521005406272,135.46491062411624,132.18214583508075,134.76768493652344,12319759.0
2026-05-21,136.78188123131628,137.21764356143248,134.40938429969466,134.82577514648438,7439205.0
2026-05-22,135.08724500662336,135.76509919480316,134.6999039779815,135.49395751953125,5789870.0
2026-05-25,137.1208228560726,141.8658169670509,136.6850457270922,141.3913116455078,12177599.0
2026-05-26,141.3913037160566,142.35967101305994,139.44489076848032,140.40357971191406,12544549.0
2026-05-27,140.88777666634303,142.8245114432616,140.49074249080743,142.35000610351562,12172304.0
2026-05-28,142.35000610351562,142.35000610351562,142.35000610351562,142.35000610351562,0.0
2026-05-29,142.47999572753906,144.16000366210938,139.5,139.91000366210938,12099858.0
2026-06-01,140.3000030517578,140.86000061035156,136.38999938964844,136.74000549316406,7863805.0
2026-06-02,136.6999969482422,138.17999267578125,134.60000610351562,137.2899932861328,7422302.0
2026-06-03,137.67999267578125,140.52999877929688,134.6999969482422,139.9199981689453,7726413.0
2026-06-04,139.85000610351562,140.6300048828125,138.35000610351562,139.69000244140625,6349575.0
2026-06-05,139.89999389648438,143.3699951171875,139.8000030517578,141.4600067138672,12702704.0
2026-06-08,139.2100067138672,144.24000549316406,139.08999633789062,140.0800018310547,7531562.0
2026-06-09,140.1999969482422,148.0,140.1999969482422,147.72000122070312,22007536.0
2026-06-10,147.32000732421875,149.19000244140625,144.14999389648438,144.86000061035156,12647039.0
2026-06-11,144.39999389648438,144.39999389648438,140.2100067138672,141.3800048828125,11181743.0
2026-06-12,144.0,145.9499969482422,141.91000366210938,145.67999267578125,9184204.0
2026-06-15,149.0,151.0,145.83999633789062,146.22999572753906,7545257.0
2026-06-16,146.8000030517578,148.3000030517578,144.1199951171875,145.6699981689453,6079628.0
2026-06-17,145.99000549316406,147.83999633789062,144.77999877929688,147.13999938964844,8514850.0
2026-06-18,147.75,148.5,146.2100067138672,147.6699981689453,6679500.0
2026-06-19,147.39999389648438,147.44000244140625,145.3000030517578,146.57000732421875,10500090.0
2026-06-22,146.60000610351562,147.25999450683594,145.25,146.08999633789062,7688929.0
2026-06-23,146.08999633789062,146.39999389648438,143.44000244140625,144.50999450683594,10393055.0
2026-06-24,144.1999969482422,145.77000427246094,143.3300018310547,144.14999389648438,7017990.0
2026-06-25,145.36000061035156,146.10000610351562,144.1699981689453,144.72000122070312,6879658.0
2026-06-26,144.72000122070312,144.72000122070312,144.72000122070312,144.72000122070312,0.0
2026-06-29,145.0,145.10000610351562,141.5,142.5500030517578,13540640.0
2026-06-30,143.0,143.5,140.10000610351562,140.39999389648438,7187490.0
2026-07-01,140.64999389648438,142.5,140.1300048828125,141.63999938964844,3923577.0
2026-07-02,141.8800048828125,145.64999389648438,140.05999755859375,144.9600067138672,14023902.0
2026-07-03,145.63999938964844,147.11000061035156,142.75,144.0500030517578,8081817.0
2026-07-06,143.63999938964844,144.61000061035156,139.39999389648438,139.8000030517578,12694277.0
2026-07-07,140.5,142.89999389648438,139.99000549316406,142.41000366210938,11079712.0
2026-07-08,141.72999572753906,141.75,134.00999450683594,135.1199951171875,14342743.0
2026-07-09,135.60000610351562,139.22999572753906,135.44000244140625,138.52999877929688,8302820.0
2026-07-10,139.8000030517578,146.89999389648438,139.5,144.89999389648438,14184717.0
2026-07-13,143.99000549316406,145.89999389648438,142.55999755859375,145.58999633789062,9795111.0
2026-07-14,144.88999938964844,146.1300048828125,141.35000610351562,141.8699951171875,7245592.0
2026-07-15,142.6999969482422,147.47999572753906,142.55999755859375,145.2100067138672,14148660.0
2026-07-16,145.3000030517578,146.4499969482422,142.85000610351562,143.3300018310547,4441430.0
2026-07-17,143.5,144.1999969482422,141.77000427246094,143.1699981689453,4520145.0
2026-07-20,143.0,147.77999877929688,142.66000366210938,146.9499969482422,13068497.0
2026-07-21,147.10000610351562,149.3300018310547,146.3300018310547,147.10000610351562,12651707.0
2026-07-22,147.0800018310547,147.0800018310547,142.4499969482422,143.99000549316406,9684026.0
2026-07-23,143.33999633789062,143.80999755859375,141.52000427246094,142.1999969482422,5841420.0
2026-07-24,142.0,143.1999969482422,139.82000732421875,142.6199951171875,7635246.0
2026-07-27,145.0,145.38999938964844,136.5500030517578,137.8699951171875,26282058.0
2026-07-28,138.0,138.1999969482422,135.6199951171875,136.32000732421875,8337190.0
2026-07-29,137.0,138.3000030517578,136.44000244140625,137.64999389648438,8293430.0
2026-07-30,137.0500030517578,137.69000244140625,136.0500030517578,137.22000122070312,5363657.0
2026-07-31,138.0,138.67999267578125,136.8699951171875,137.9499969482422,5768166.0
2026-08-03,139.00999450683594,141.66000366210938,139.00999450683594,140.5,8509334.0
2026-08-04,140.2899932861328,141.25,138.9199981689453,140.44000244140625,5544174.0
2026-08-05,140.99000549316406,142.8000030517578,140.55999755859375,141.0,6726554.0
2026-08-06,141.6999969482422,143.1699981689453,140.61000061035156,142.66000366210938,6155628.0
2026-08-07,142.9499969482422,145.13999938964844,142.0,145.0,8569425.0
2026-08-10,145.0,145.33999633789062,140.5,141.0,6552285.0
2026-08-11,141.0,143.08999633789062,139.3699951171875,142.89999389648438,6783716.0
2026-08-12,142.39999389648438,146.1199951171875,141.89999389648438,145.5,8946785.0
2026-08-13,145.3300018310547,146.25,144.3000030517578,144.8699951171875,2627478.0
2026-08-14,145.0,145.0,143.11000061035156,144.10000610351562,3859204.0
2026-08-17,144.08999633789062,144.08999633789062,141.0,143.75,4897422.0
2026-08-18,143.0,144.4199981689453,142.10000610351562,142.10000610351562,2382166.0
2026-08-19,142.10000610351562,143.1999969482422,141.14999389648438,141.6999969482422,5252432.0
2026-08-20,142.6999969482422,143.6999969482422,141.97000122070312,142.8000030517578,6127372.0
2026-08-21,142.8000030517578,143.89999389648438,141.92999267578125,142.7899932861328,5334194.0
2026-08-24,143.0,144.1199951171875,140.67999267578125,142.0,7143480.0
2026-08-25,141.42999267578125,143.99000549316406,140.89999389648438,143.99000549316406,6580120.0
2026-08-26,144.0,147.89999389648438,143.99000549316406,145.9499969482422,10250692.0
2026-08-27,146.0,146.4499969482422,143.6999969482422,144.60000610351562,4438065.0
2026-08-28,144.88999938964844,144.88999938964844,142.6999969482422,144.0,4694456.0
2026-08-31,142.8800048828125,143.4499969482422,140.64999389648438,141.58999633789062,8243305.0
2026-09-01,142.2899932861328,143.64999389648438,141.39999389648438,142.35000610351562,3406860.0
2026-09-02,141.5,143.36000061035156,140.22999572753906,143.10000610351562,5132803.0
2026-09-03,143.89999389648438,146.14999389648438,142.5,145.0,8139407.0
2026-09-04,144.8000030517578,145.8000030517578,144.11000061035156,145.0,2902558.0
2026-09-07,145.0,145.5,141.44000244140625,142.02000427246094,3604727.0
2026-09-08,142.0399932861328,142.38999938964844,139.72999572753906,140.86000061035156,4588957.0
2026-09-09,140.3800048828125,142.4499969482422,139.8000030517578,141.05999755859375,6061098.0
2026-09-10,141.3000030517578,142.72000122070312,140.0,141.0,5321538.0
2026-09-11,140.0,140.10000610351562,137.25999450683594,140.0,4385344.0
2026-09-14,140.0,140.0,140.0,140.0,0.0
2026-09-15,140.0,140.41000366210938,137.0,137.61000061035156,4479489.0
2026-09-16,138.0,139.35000610351562,136.85000610351562,137.80999755859375,5030108.0
2026-09-17,137.91000366210938,141.11000061035156,137.89999389648438,138.1699981689453,9976048.0
2026-09-18,138.77999877929688,140.0,138.02000427246094,140.0,4269930.0
2026-09-21,139.22000122070312,139.61000061035156,138.1999969482422,138.6300048828125,2616892.0
2026-09-22,138.5,138.91000366210938,137.00999450683594,137.00999450683594,3112072.0
2026-09-23,137.74000549316406,139.74000549316406,137.5,139.64999389648438,3463585.0
2026-09-24,138.26,138.75,137.11,137.76,3672188.0
