Date,Open,High,Low,Close,Volume
2021-09-23,364.8441089721179,367.6125616860976,362.4216902169821,364.0531311035156,1257724.0
2021-09-24,364.3497128941112,365.684514349257,353.967970735663,356.09375,1493295.0
2021-09-27,351.00178563835846,357.7746430298166,348.6782466564007,354.1163024902344,4098510.0
2021-09-28,355.8465445726355,362.3722167202428,353.0286372618656,357.8734741210937,2068898.0
2021-09-29,357.77465174766496,362.4711546276877,355.055623764494,358.5162048339844,1385922.0
2021-09-30,359.4060290851777,364.8935093441657,357.0824902626455,358.61505126953125,2147714.0
2021-10-01,357.92293914445514,363.4598746245579,354.21517389088694,361.1857604980469,1551246.0
2021-10-04,362.8666378468322,366.42609863977714,360.147609906563,360.790283203125,1734169.0
2021-10-05,361.48240383292256,363.3115740797498,357.4285744092741,357.9229431152344,1114071.0
2021-10-06,357.9229525329205,360.098186965929,351.842223324387,352.3860168457031,1197301.0
2021-10-07,355.4510883599043,357.77462723931194,353.1770044538536,355.6982727050781,1040559.0
2021-10-08,357.6757765926135,359.4060671497305,354.116315697484,354.7095642089844,1179337.0
2021-10-11,354.95672487153763,357.92293705709363,352.48488138357425,356.0443420410156,1707523.0
2021-10-12,356.04436344255697,359.900433480791,353.5230648289587,354.2646179199219,1703354.0
2021-10-13,355.89606651273533,355.89606651273533,347.3434632072705,348.28277587890625,4417346.0
2021-10-14,349.7658313505466,350.6062641178941,343.0918543565786,343.7345275878906,2334243.0
2021-10-18,343.7345390038252,345.0693404817233,337.5055056721272,338.6425476074219,2870530.0
2021-10-19,338.14815469222395,344.82213142957045,335.3797023373902,340.5211181640625,2739563.0
2021-10-20,340.5706039828677,342.7458081233105,336.9122635925784,337.9010009765625,1610459.0
2021-10-21,342.1031341051772,345.8603240864952,334.19323505072225,341.0649719238281,4144347.0
2021-10-22,338.14820101791867,339.1369384477956,318.867821135318,320.1531677246094,7224929.0
2021-10-25,321.3891009431353,323.218271288242,311.2545419264301,317.68133544921875,3480754.0
2021-10-26,319.3621678634291,330.9304070661105,316.49483554896483,329.7933349609375,3113691.0
2021-10-27,330.9304247192423,337.6044022674509,329.24955904495977,333.8966369628906,2813487.0
2021-10-28,334.19325697480434,337.11004451203274,331.22704463479124,334.0449523925781,3263752.0
2021-10-29,334.0449209814768,348.52991717837136,331.7213821655138,347.14569091796875,5793111.0
2021-11-01,347.5411995642899,349.9636182879849,342.2020235858432,344.3772277832031,1940664.0
2021-11-02,344.3772310277203,346.9974093276207,339.2358145523538,341.658203125,1961079.0
2021-11-03,341.65818074601293,346.9973865989097,339.9773453478416,344.5255432128906,2061255.0
2021-11-04,346.05809867738486,348.0355735269699,343.28964595751444,344.7232971191406,265779.0
2021-11-08,345.56372713478663,346.9974084585424,339.6807274359048,344.8221740722656,1043298.0
2021-11-09,345.46479076916563,348.4310025333666,341.9053306173512,343.0918273925781,1079524.0
2021-11-10,343.0918623854571,347.1951163763306,342.30088457054273,343.9817199707031,1175287.0
2021-11-11,343.8828779855507,344.7233108649108,338.6425814947432,342.6964111328125,873619.0
2021-11-12,343.58622732806964,345.36594247921414,340.1256466211682,342.5480651855469,704956.0
2021-11-15,343.5862429288641,358.3184240009679,343.1907540077489,357.6757507324219,7501814.0
2021-11-16,357.7251697531632,366.32719697433527,356.2420636925383,365.1901550292969,6775061.0
2021-11-17,367.2170492864451,373.3472329849416,363.4598593898631,372.1607360839844,6964611.0
2021-11-18,373.1495187825565,373.1495187825565,359.90044259011273,362.8172302246094,3134730.0
2021-11-22,362.32281899335817,362.7677327026963,352.1388060430403,353.8196716308594,2115434.0
2021-11-23,352.43547429324093,367.810329491411,347.4423320923272,361.6801452636719,3195124.0
2021-11-24,362.42168875792055,364.39916359533686,354.6601241601588,355.7477111816406,1154465.0
2021-11-25,356.0937281844816,360.8891100653287,352.2870835914848,358.4172668457031,1290274.0
2021-11-26,357.92295034668746,369.3923105914662,354.8578582730326,358.71392822265625,3526533.0
2021-11-29,358.4172730751293,367.7608526772557,343.68509326488373,360.2958679199219,2513989.0
2021-11-30,360.3947716376534,366.7721397485261,353.5230348414067,356.3409423828125,4131254.0
2021-12-01,358.1206955447289,369.6889049298036,354.06686620170456,366.5249633789063,3496010.0
2021-12-02,370.6776742472992,374.3360149832759,358.91170430086095,363.3610229492188,5011584.0
2021-12-03,366.7721521457704,366.7721521457704,361.2352166476538,362.7183227539063,2610184.0
2021-12-06,362.8666187151179,365.3384621668558,354.4623509792092,355.6982727050781,1309429.0
2021-12-07,357.52747593785205,360.6914177441749,353.523071071616,356.14324951171875,1585988.0
2021-12-08,356.9342139690472,383.5312449308583,356.53872502989464,378.4886779785156,7931372.0
2021-12-09,378.6864328155887,381.65264508307376,367.8103211681436,368.7496337890625,4191269.0
2021-12-10,368.7496096589708,373.7427212462847,366.2283112922733,368.008056640625,1732117.0
2021-12-13,369.7877729408335,376.2145657860619,366.5249517197269,374.2370910644531,2794613.0
2021-12-14,372.2596415251801,379.0819237414648,369.9855575110424,373.89105224609375,2419263.0
2021-12-15,375.02809755505655,376.8572678471616,369.2934324935146,371.1720275878906,1909185.0
2021-12-16,371.9630393360369,373.2978107493308,357.57689138926963,359.0599975585937,2537038.0
2021-12-17,361.28463767541695,363.1138078888004,345.4648393739308,349.271484375,2108444.0
2021-12-20,347.04678906872147,350.0624257360964,339.1863155373615,346.8490295410156,1946996.0
2021-12-21,348.0355738818604,353.6219343028601,345.2176661835539,346.7996520996094,1339312.0
2021-12-22,349.0243005004256,361.7790068635424,345.90978374036587,356.0443420410156,3069556.0
2021-12-23,356.73644028222907,372.0124451146237,355.994887235489,370.13385009765625,6612121.0
2021-12-24,358.9116698457065,361.8778819931917,348.5299273295084,350.4579772949219,7151655.0
2021-12-27,351.00180442826354,353.8197122732369,347.541223257844,352.4354858398437,2537639.0
2021-12-28,354.9567381729921,356.3409645433492,351.0512132461082,351.94110107421875,2072197.0
2021-12-29,351.00177612054534,358.26900202711107,349.8152791739698,357.5768737792969,1961291.0
2021-12-30,356.4398237934938,363.4104102197686,354.9567177305528,357.3296813964844,3285675.0
2021-12-31,359.8509622780654,362.8665990562607,357.5274235245391,360.5430603027344,1788993.0
2022-01-03,360.5430540828783,363.36096145135633,358.071210807699,358.6644592285156,868445.0
2022-01-04,360.8891163377164,365.4373139756502,354.51174865069447,360.2958679199219,3115452.0
2022-01-05,361.8778996213167,363.756494704795,357.67576554101447,359.2577514648437,1049204.0
2022-01-06,356.9342077104161,360.2959088950751,355.4016767828701,356.2915344238281,967933.0
2022-01-07,355.94547798444034,358.565626162607,352.6826565057985,354.4623718261719,1182457.0
2022-01-10,352.78150093261,355.20391969177547,349.5681043035264,354.1163024902344,1843562.0
2022-01-11,354.11628804627924,358.6150612478199,353.0286708891007,354.61065673828125,1019918.0
2022-01-12,355.10499946273984,361.8778560826672,352.5342764175429,360.7408142089844,1738270.0
2022-01-13,360.8891458144307,369.9855418332741,354.56123258012985,366.08001708984375,2924164.0
2022-01-14,366.07999766489775,370.1338267663186,352.28709979541685,353.6713562011719,4700387.0
2022-01-17,356.93416390255123,356.93416390255123,349.5186341815841,353.0780944824219,1571893.0
2022-01-18,353.96794980519337,355.4510557401313,343.0918396156483,344.772705078125,1631061.0
2022-01-19,349.3209282722629,365.33848699773415,349.3209282722629,363.2127075195313,8460578.0
2022-01-20,361.8778596402613,363.7564545161884,357.42854169386464,360.09814453125,1513144.0
2022-01-21,359.9004089484886,378.19205061207936,351.9905098507196,372.8528747558594,9950400.0
2022-01-24,372.8528767337233,375.5719045630049,363.75648065348736,368.6012878417969,4407054.0
2022-01-25,365.8328225328172,373.050593178106,361.6801135588428,370.0843811035156,3877973.0
2022-01-27,368.2552757277575,369.93611129028585,352.9792700388789,355.35223388671875,2404382.0
2022-01-28,357.3296950111463,365.2395943148745,354.2646029961774,359.9992980957031,2352469.0
2022-01-31,361.6306831714306,373.1494671816251,359.4554489474683,362.9654846191406,2706629.0
2022-02-01,364.94295753693393,372.6550967047661,362.0261703199158,371.9135437011719,1563744.0
2022-02-02,374.7314664324766,385.5086978228055,373.89103362602026,382.8885498046875,4529790.0
2022-02-03,383.6301434396068,389.9086324920143,380.3673218149533,388.2772216796875,4692928.0
2022-02-04,389.3647931404053,391.2434184219584,385.26153878508,387.239013671875,2637508.0
2022-02-07,386.1019490056069,399.9442724014545,385.85476465925245,394.8028259277344,6057343.0
2022-02-08,399.3510236166806,406.0744559364768,395.1983447055631,400.0431518554688,7761396.0
2022-02-09,400.0431515281989,404.5913495285433,396.978059603584,402.6632995605469,2428075.0
2022-02-10,401.526253456806,403.4048484318864,396.7308711600353,399.1532897949219,1556043.0
2022-02-11,395.4949418760941,400.0431397424431,390.25464596578365,398.3622741699219,2008633.0
2022-02-14,390.55123487051566,398.2139489724056,387.5850229601067,389.1175537109375,1638123.0
2022-02-15,389.1175754852642,400.29032574399935,388.1782930987282,399.35101318359375,1702145.0
2022-02-16,399.4499065562936,402.267814159596,395.7421413345458,397.3241271972656,1075794.0
2022-02-17,398.4611792818583,401.1802071801836,388.87041426185306,391.243408203125,1131202.0
2022-02-18,390.501881016644,392.72654035360046,383.28407928575,388.2772216796875,1428851.0
2022-02-21,386.0031053563544,387.78285092098577,380.6639290102066,383.1357727050781,1125934.0
2022-02-22,376.6595250850616,381.1582681913121,373.0011846307976,379.9717712402344,1727260.0
2022-02-23,379.774010684836,392.6770206425818,379.1313374615452,390.9961853027344,2297257.0
2022-02-24,384.6188527755825,390.4029726631515,368.7001744279885,369.9360961914063,2949622.0
2022-02-25,375.4235972117761,391.34224497362754,374.1382205067562,390.1063232421875,1945989.0
2022-02-28,390.45239662193904,390.45239662193904,343.09188078470373,344.9210510253906,15809887.0
2022-03-02,346.05808649434584,349.4692425593383,339.18634956440985,340.9660949707031,13122596.0
2022-03-03,346.503047305529,347.5412095461465,333.7977651891956,336.2201538085937,5683175.0
2022-03-04,336.1707526311414,337.1100653330428,323.31716503053894,324.503662109375,4510173.0
2022-03-07,322.3283456513376,328.2607691909328,315.50606461557646,326.2832946777344,3343221.0
2022-03-08,326.2833341454321,334.6876018431175,321.3396472644407,330.6832275390625,6020844.0
2022-03-09,334.044907850922,335.37970926071944,328.9034617442458,333.9954528808594,3009188.0
2022-03-10,340.1256474223363,340.1256474223363,327.7664305828619,329.4472961425781,5133631.0
2022-03-11,329.24952686034027,331.47418582561284,324.3058402708457,328.2113647460937,4955659.0
2022-03-14,328.2113822948284,330.5348909770291,320.9935813839255,324.9979858398437,2757846.0
2022-03-15,327.5192751420752,333.1550905876536,322.0317944507529,323.7620849609375,4762960.0
2022-03-16,326.8765969581498,327.1237813130525,323.81150492258155,325.49237060546875,1461561.0
2022-03-17,328.2608651136908,328.9529934651071,326.2833900226444,327.7170715332031,3561872.0
2022-03-21,328.26080556415604,331.8202661170956,325.09683392290543,326.0855712890625,1872846.0
2022-03-22,327.2721096517422,331.8697329519542,324.9980254910832,330.9304504394531,1558965.0
2022-03-23,332.2157856963791,338.0493306604398,331.9191765286992,333.4022827148437,2868421.0
2022-03-24,333.20449764748065,339.38410628337607,331.4247824298909,338.4447937011719,1779377.0
2022-03-25,339.6807080718354,346.9479337050351,338.1481772328717,344.970458984375,4089702.0
2022-03-28,346.0086523486182,347.93667210268814,335.7257596314332,341.8065185546875,3149400.0
2022-03-29,343.1907642070784,345.3165436233858,338.14819733485456,339.5818786621094,1145170.0
2022-03-30,341.9548668985594,343.68515750579263,336.1707465481763,337.7032775878906,2474161.0
2022-03-31,339.1369639975335,340.02682171668806,330.6832704047539,331.8203125,2009138.0
2022-04-01,335.18198393538233,339.1369335983367,331.6225232039492,338.04931640625,2395845.0
2022-04-04,340.32340615968167,344.0805960004841,337.90098759530304,342.5480651855469,1627838.0
2022-04-05,344.031222796729,346.0581225880524,341.41104430089194,343.3885192871094,983530.0
2022-04-06,342.1031469783415,348.6288199785986,342.1031469783415,346.3547058105469,1959648.0
2022-04-07,348.035559822441,351.8916295925178,344.42667439882894,349.370361328125,3929845.0
2022-04-08,350.55685660772446,353.77025337320504,349.0243256045059,351.0018005371094,1524533.0
2022-04-11,351.0017995251817,357.67577740347747,345.8603526456864,347.3929138183594,3390421.0
2022-04-12,346.7007574422353,350.606282176076,338.4447942563618,345.2176513671875,2291502.0
2022-04-13,346.00869103525486,350.8040436442166,344.5750096286567,346.750244140625,855439.0
2022-04-18,343.88285416049416,346.6513369728215,334.5887286755374,339.3346862792969,2986116.0
2022-04-19,340.1257098418215,344.5256039136857,329.2495970271121,334.14385986328125,2438919.0
2022-04-20,338.1482081839915,349.8152980342411,333.50113009553974,348.5793762207031,3702037.0
2022-04-21,348.6288227068462,370.7765350312733,344.673872999846,369.7383728027344,8965603.0
2022-04-22,369.6889018511374,380.5155882757289,364.0036618930096,371.3203125,7481010.0
2022-04-25,367.6125470054227,379.0324818857425,366.9204489415026,376.5606384277344,4861868.0
2022-04-26,380.5650050488768,383.6300969094738,372.5068015738254,375.7696228027344,4954362.0
2022-04-27,375.62129430724383,379.5762435080021,367.8102756705198,377.6482238769531,2724204.0
2022-04-28,380.6639199361314,380.6639199361314,371.0237297559307,372.5068359375,1707353.0
2022-04-29,372.7539853412924,377.40106301058586,362.8666117248125,364.30029296875,3420515.0
2022-05-02,360.83972345003485,373.29779045601066,359.20828261336936,368.6012878417969,3155507.0
2022-05-04,368.79901465758365,372.65508411118697,360.3947475675315,362.916015625,2138364.0
2022-05-05,365.832839526171,365.832839526171,356.7364433386746,358.0218200683594,840435.0
2022-05-06,354.06688157146283,357.62634237287244,343.1907697845218,344.08062744140625,1273996.0
2022-05-09,336.36847085562727,345.95920539746896,333.20449915023124,334.7370300292969,1321944.0
2022-05-10,334.73702492904994,339.5324072138408,324.4047375049851,327.0743103027344,1277055.0
2022-05-11,329.0517923433164,332.4135236188424,323.3665523331782,330.4854736328125,1135305.0
2022-05-12,329.6450709063693,330.2383194311401,320.9441931226431,324.2564697265625,716609.0
2022-05-13,326.283360326474,331.7708411351429,319.856566865498,322.4767150878906,691415.0
2022-05-16,322.47666626700834,323.168794450648,313.4791507490331,316.29705810546875,1437402.0
2022-05-17,319.0161317975457,328.2608329779337,316.64316795537127,326.7283020019531,1061358.0
2022-05-18,328.7552010181137,343.19077377428505,328.2608322947782,334.0449523925781,5155939.0
2022-05-19,330.238277464874,333.9954673545074,317.92848529221936,318.8677978515625,1342321.0
2022-05-20,323.3665539579247,337.0111481551355,322.081207410027,336.17071533203125,3683548.0
2022-05-23,338.19759461830245,339.9278849609533,332.5618098922752,334.2426452636719,1242086.0
2022-05-24,335.1819476756009,337.15942229315607,324.30583727904747,325.6900634765625,1142414.0
2022-05-25,326.2833403587142,329.00236819503687,319.16441904497583,320.5486755371094,1231892.0
2022-05-26,321.3396490215852,323.81149247559745,317.3846994951657,321.7351379394531,1800315.0
2022-05-27,323.8115167474604,329.9417010424575,323.41602779994787,329.24957275390625,895936.0
2022-05-30,331.37533691228936,336.2695991611246,328.2608201056993,330.2877197265625,1520296.0
2022-05-31,329.3978456410302,335.67633391546,328.40910828045446,330.337158203125,3592613.0
2022-06-01,330.23831126513005,331.9191770147711,322.4767161781661,324.00927734375,1443964.0
2022-06-02,324.3552973228435,325.7889786459173,315.95102928493674,319.2633056640625,4452479.0
2022-06-03,321.3396745680805,323.31714948849947,315.8027387561329,316.6925964355469,1528233.0
2022-06-06,316.69261261634523,317.3847409434039,309.6726004292821,315.11065673828125,1951463.0
2022-06-07,314.31959807202986,316.247647977401,310.71071277308295,313.1825561523437,1628890.0
2022-06-08,314.8140092599068,317.58249232285243,308.38721560596383,316.9397888183594,1973109.0
2022-06-09,319.75767425269834,334.7370400681257,317.92850399859253,333.3528137207031,8216222.0
2022-06-10,326.3327645790491,340.1256632847069,325.2946023856644,335.1819763183594,4659316.0
2022-06-13,331.4742118158757,334.9842175000824,323.9103767756567,327.3215026855469,1783868.0
2022-06-14,325.2945835671192,329.6944767821794,321.4385139912189,322.7733154296875,1117224.0
2022-06-15,328.0630793808037,328.0630793808037,319.6588109138718,321.83404541015625,1762878.0
2022-06-16,324.15755525841826,325.6900861240437,314.76455017187067,318.1262512207031,1456444.0
2022-06-17,316.89032146833364,317.3846901445713,308.48605397229363,310.5624084472656,1353964.0
2022-06-20,310.4635926072351,314.3196630411486,305.96484879664865,312.5399475097656,1642311.0
2022-06-21,313.4297613055889,322.8227667705829,309.96918034480166,321.33966064453125,1465141.0
2022-06-22,313.5286233493981,320.44978487952227,307.99168809052486,310.4635314941406,2795435.0
2022-06-23,311.94665323575555,324.9979991332342,309.02986580314695,322.9710693359375,3009496.0
2022-06-24,323.31715551727365,336.1707427396729,322.2295382559883,323.2677307128906,4598920.0
2022-06-27,326.28332539434393,328.5079844311236,315.8027034529639,316.3465270996094,2463482.0
2022-06-28,315.0116881574326,315.6543613234747,310.9578594713635,312.3915405273437,2250561.0
2022-06-29,311.35340763462096,311.6005919897094,304.58055027042354,306.70635986328125,2928101.0
2022-06-30,307.89474910782263,309.9744559751767,304.0324536242148,305.4189147949219,2216979.0
2022-07-01,305.7655298774497,308.9841144024755,302.05177850241995,308.5384521484375,1136834.0
2022-07-04,308.98410870336266,311.3609034950253,306.1121470708293,308.2908630371094,876910.0
2022-07-05,308.9841293014896,313.6387100050021,308.58800184690256,310.5191345214844,1233143.0
2022-07-06,313.737681398116,318.3922615407783,310.9647593275409,317.8970947265625,1838655.0
2022-07-07,318.88744966949577,320.967156472727,315.4212817383056,318.2932434082031,841241.0
2022-07-08,319.9768668179893,321.41283273928366,316.6097378373454,319.67974853515625,628813.0
2022-07-11,319.38260428424496,326.71106729927345,316.1640198999851,325.7207336425781,1048019.0
2022-07-12,325.0275639914907,328.6917809037602,320.76911053441336,321.3138122558594,1244564.0
2022-07-13,322.8487827603784,328.295618052348,320.6205319591181,325.9188232421875,1056581.0
2022-07-14,327.8004476769723,332.3559886438884,324.6313678158345,328.6917419433594,1831364.0
2022-07-15,329.7810958656852,331.2170917054852,326.85959959405784,329.1868896484375,740797.0
2022-07-18,329.63257763024336,331.959867866518,326.0673702706935,329.2364501953125,693547.0
2022-07-19,329.0878777508978,338.34750392783565,324.4828320718048,325.8692932128906,3775546.0
2022-07-20,327.8004487268165,328.5431989882821,321.36327979411465,322.8982849121094,1825208.0
2022-07-21,323.83915163715926,330.5734093681013,321.808979442231,327.9985656738281,1968504.0
2022-07-22,327.0576713535756,328.6422111578672,322.9477929586755,324.3837585449219,2378460.0
2022-07-25,323.8391369524896,324.3838084271361,317.6000464029905,319.6302185058594,781225.0
2022-07-26,321.16521296527844,321.3137872011897,312.9949597839708,315.1737060546875,1097083.0
2022-07-27,315.17369274225325,321.1651993997725,313.53964821952843,320.17486572265625,1004738.0
2022-07-28,312.9454374554299,312.9454374554299,302.1012717583676,303.78485107421875,8467901.0
2022-07-29,305.914048283128,306.6072939041438,302.2498320333428,304.2304992675781,4759094.0
2022-08-01,306.95396248178616,307.5481385625821,304.03246578665767,306.2112121582031,1775428.0
2022-08-02,306.26071099775606,309.083168218809,304.5276269419886,308.09283447265625,1840725.0
2022-08-03,308.6374994016929,308.93461765279307,303.0421198990545,305.4189147949219,1605452.0
2022-08-04,306.4092416369243,311.6084935772203,305.3694033378996,310.9647827148437,2363017.0
2022-08-05,311.9551248395952,313.29208141913944,308.7365402182343,310.27154541015625,1413210.0
2022-08-08,309.72683456165686,312.4502519718713,307.9937507551568,310.66766357421875,1005221.0
2022-08-10,311.9551100998624,313.7376986399703,309.5287804878293,310.42010498046875,941323.0
2022-08-11,312.84638945981624,313.3415562776452,310.96476159658306,312.6978454589844,1098580.0
2022-08-12,310.9647911588373,312.549331171043,307.54812770197447,308.142333984375,1477133.0
2022-08-16,309.9249473780188,315.3717827961028,308.24136797794,314.28240966796875,1424508.0
2022-08-17,315.9164392185962,316.41160605122724,313.0939822280824,314.4309387207031,1205595.0
2022-08-18,314.8270702649292,315.27273250916704,309.9744412861173,311.9551086425781,1262974.0
2022-08-19,311.9551176191951,312.89594672962085,304.6266542339281,305.1713256835937,2301259.0
2022-08-22,305.1713142148394,305.2703536263074,300.0711018613825,302.54693603515625,1994185.0
2022-08-23,302.3488962476764,305.963638786144,300.96243497587784,303.98297119140625,1233007.0
2022-08-24,303.68583708617234,306.8549171615703,302.5469593230906,303.8343811035156,1296571.0
2022-08-25,304.03245935237817,305.91408742111645,303.04212560855933,303.53729248046875,1189693.0
2022-08-26,304.0324344899272,305.8150229939937,302.59643858978444,303.78485107421875,1074937.0
2022-08-29,301.0614510399505,301.55661790021367,295.6641201740484,300.5662841796875,1948405.0
2022-08-30,303.5372601024363,307.49859465515976,302.3488476475856,306.9043884277344,1608532.0
2022-09-01,298.0904251201756,301.9527202649235,294.67376197910005,298.68463134765625,3239075.0
2022-09-02,299.5759416907791,301.507104478316,291.25714472636224,292.7426452636719,2893357.0
2022-09-05,292.7426485458748,292.9406971528517,287.84048462875603,289.9696960449219,3619567.0
2022-09-06,293.1387544757463,293.1387544757463,287.3948315108632,289.57354736328125,2326067.0
2022-09-07,289.8706990576661,300.2692033732473,288.880365313325,299.27886962890625,2690548.0
2022-09-08,301.7547198573143,301.8537290588848,295.96126110375667,297.2982177734375,1457902.0
2022-09-09,298.6351028419958,301.804182640462,297.3476811740728,299.22930908203125,1116425.0
2022-09-12,300.07114270565006,302.6460166413715,299.6254804046753,300.6158142089844,1445662.0
2022-09-13,301.2595091766369,302.05176400959544,299.4273858750126,300.4672241210937,1230351.0
2022-09-14,298.0904890930525,304.37911509019824,297.1496598457492,302.2994079589844,2500445.0
2022-09-15,302.5964620734974,304.18100210152016,294.17862528612534,296.5554504394531,2340192.0
2022-09-16,297.49620828790023,297.9418704982703,287.1967448615209,288.4346618652344,2749903.0
2022-09-19,289.9201642529718,290.1182430639542,283.3344517926814,287.1967468261719,1319012.0
2022-09-20,289.1279152405167,298.18946190651906,287.4938405736674,295.6640930175781,2482788.0
2022-09-21,294.57477930483503,295.56511303223726,286.20644721925123,286.5530700683594,1423489.0
2022-09-22,287.1967965292395,287.6919634198072,282.74029451413065,286.7016296386719,1145495.0
2022-09-23,286.7015849032825,289.82112978258385,280.2149117380276,281.0566711425781,1747197.0
2022-09-26,281.0566775788558,281.0566775788558,272.68837637592424,273.381591796875,1352658.0
2022-09-27,274.76810316900185,278.43231980566384,270.8562728793333,277.4419860839844,1411277.0
2022-09-28,277.09534225546406,284.27526119398306,274.8175869571056,281.30426025390625,1977859.0
2022-09-29,282.7402833937674,285.9093634577938,281.5023662160364,284.0772399902344,1541227.0
2022-09-30,284.0772295219162,289.52406490321545,283.0868958162254,288.1376037597656,1858560.0
2022-10-03,288.137615697128,293.4358770640083,283.23545156183053,288.92987060546875,1655669.0
2022-10-04,290.1677534625263,296.2582992398339,290.1677534625263,295.6640930175781,2244077.0
2022-10-06,295.61461697611475,295.8622004074181,287.69194717440985,288.3851928710937,2959566.0
2022-10-07,287.1967547035209,287.1967547035209,279.076006791836,280.1158752441406,4811153.0
2022-10-10,276.798242994956,277.44195379461365,273.4311147776378,274.7185363769531,1970884.0
2022-10-11,273.3320793968023,274.17386901917155,265.45891502079576,266.15216064453125,2615823.0
2022-10-12,266.89494873343784,266.89494873343784,259.71502896231567,264.8647766113281,4144672.0
2022-10-13,265.9046287281834,266.20171678297794,258.72470858561604,259.86358642578125,4126270.0
2022-10-14,262.5374868761374,263.47828581836745,258.18002435913434,258.7742004394531,2411572.0
2022-10-17,259.36838223627063,263.03262890582744,255.75367038378545,261.1510009765625,2632881.0
2022-10-18,262.48795471383187,265.013323971125,261.8937786274931,264.2210388183594,1152193.0
2022-10-19,265.2113593235659,271.05435247599803,262.43843698408944,267.093017578125,2359801.0
2022-10-20,265.6074935489414,270.1630041013572,264.7657039129223,267.93475341796875,2421174.0
2022-10-21,268.875603795079,269.024147807907,263.9239352169008,266.2016906738281,1080940.0
2022-10-24,267.8852631737128,269.9154351493961,265.7065169664449,267.4891357421875,309236.0
2022-10-25,267.7861878031399,271.15331585286185,264.56760374247096,269.3707275390625,1941410.0
2022-10-27,271.3514608667987,274.52054111194286,268.7765869454426,273.5797119140625,1528784.0
2022-10-28,274.96613878948733,274.96613878948733,269.073671557426,269.9649658203125,634150.0
2022-10-31,271.35142531279524,273.8767640797745,266.59783579051026,267.2415466308594,1369705.0
2022-11-01,268.3309665170206,272.34180648715903,266.99400978611106,267.6872253417969,2436287.0
2022-11-02,269.0736871692081,269.86594206605525,265.3104008527164,265.8551025390625,3665906.0
2022-11-03,265.211338246436,278.53133787098903,264.61716223704536,277.0458374023437,5298720.0
2022-11-04,278.0856976651852,279.0760313893811,270.5096507196036,271.3514404296875,2172686.0
2022-11-07,272.7379219456157,276.05554621368816,270.4106314756193,275.7089233398437,2212874.0
2022-11-09,276.35261594761164,280.26444627977406,274.421483302911,276.5011901855469,2106632.0
2022-11-10,275.2632957141481,280.2644693862449,269.3707974313025,273.23309326171875,1807736.0
2022-11-11,275.8079435505676,281.65090650766,275.3622812834439,278.3332824707031,1949030.0
2022-11-14,278.2838045133577,285.01806242678026,276.0060488074445,283.2354736328125,2662219.0
2022-11-15,283.23544313705,284.1762722574839,275.3127733989507,281.1062316894531,4141668.0
2022-11-16,281.6509094238281,284.72095006030014,277.7886138849189,281.6509094238281,2687912.0
2022-11-17,281.2547602242959,283.68108978709586,279.52167631446315,283.0868835449219,1319951.0
2022-11-18,284.522852877987,286.94918247196097,280.264430162433,284.5723876953125,1722626.0
2022-11-21,292.1484716194554,292.1484716194554,280.3139705953265,282.6907958984375,1901674.0
2022-11-22,281.7994586386393,282.24512091859856,277.29345213055296,279.4721984863281,1458767.0
2022-11-23,280.2644432352882,280.4625220686588,276.8973146260953,277.4419860839844,1410001.0
2022-11-24,278.9274729345491,281.3538025222472,271.40093097580905,271.7970886230469,2395644.0
2022-11-25,273.3320919354094,280.01684418382973,272.440797680137,279.4226379394531,1972475.0
2022-11-28,279.42264090054545,281.8489704980517,277.5905175537127,278.4818420410156,2087670.0
2022-11-29,279.7692658569971,280.7595995414466,279.125555006622,279.3731384277344,764612.0
2022-11-30,282.14604711076976,284.2257537927949,277.78858515288834,280.1158752441406,6560699.0
2022-12-01,282.0470141596112,283.73059346993267,280.26442566139946,282.7897644042969,1127965.0
2022-12-02,282.74030610784246,282.78981070989374,279.27413773173936,280.80914306640625,987241.0
2022-12-05,281.452864622469,282.54220757243115,276.20407759930623,276.748779296875,1492167.0
2022-12-06,276.6992047354912,277.68953834601376,269.61832546477143,271.0543212890625,2383617.0
2022-12-07,271.4504890356851,273.97582802883704,270.113532418245,273.08453369140625,1244697.0
2022-12-08,273.33207578681754,275.31274300266404,270.36107496304777,272.88641357421875,1261574.0
2022-12-09,273.5301463731023,274.6690239434544,267.9842722909653,269.6183166503906,865434.0
2022-12-12,270.2620595027733,271.5495114406909,267.2910584157749,268.0833435058594,975963.0
2022-12-13,269.37076425257453,269.37076425257453,263.03263466761933,263.5278015136719,2463416.0
2022-12-14,264.8151808597615,271.3513882265224,264.4190534908083,268.8260498046875,4452626.0
2022-12-15,269.81646727967785,271.15339378799706,266.3998034365301,267.6872253417969,1793894.0
2022-12-16,267.7862243006893,267.7862243006893,262.4384284078391,263.5278015136719,1190382.0
2022-12-19,264.8647245381402,264.8647245381402,258.97222772645944,260.5072326660156,1324054.0
2022-12-20,261.0519726436932,261.3490606683906,256.59547093771334,259.5169372558594,1660191.0
2022-12-21,260.45777299108937,269.96498291665034,260.1606849588416,268.5785217285156,4912220.0
2022-12-22,271.3514143621736,272.7378753983394,262.4879162930617,267.04345703125,2390292.0
2022-12-23,269.07367320665526,274.32242962672444,263.5277985487459,264.4685974121094,6383847.0
2022-12-26,266.3007525681246,267.6872138425272,260.8539166723658,262.63653564453125,2370002.0
2022-12-27,263.87443275235626,263.87443275235626,261.29955902638034,262.8345642089844,1313840.0
2022-12-28,262.785035262959,264.4685843035988,260.4577451835324,261.25,1368720.0
2022-12-29,261.4481022114245,264.2705593593607,257.6848461625675,258.2790222167969,2886509.0
2022-12-30,258.9722858207422,260.7548745518877,258.6256629500781,259.31890869140625,1010982.0
2023-01-02,259.3188767411648,261.6461669030662,255.9022135010769,260.8538818359375,1918322.0
2023-01-03,261.3985834863232,263.37925082026743,260.16066640260806,260.8538818359375,1276723.0
2023-01-04,261.4481282494025,261.9432951589658,257.7838810295985,258.3285827636719,1149776.0
2023-01-05,259.46743357031954,259.6159775831898,256.9420946837652,257.6848449707031,1262638.0
2023-01-06,258.27900644853423,258.922747505626,252.08943618459736,253.87203979492188,2352217.0
2023-01-09,255.0109489838288,256.496449657521,252.63415395043896,254.3177032470703,1334267.0
2023-01-10,254.5157644180177,257.3877261431979,254.1691415737093,255.4070587158203,1043545.0
2023-01-11,255.50610354588048,256.1993492491871,248.5737674031628,249.1184539794922,2705579.0
2023-01-12,249.4650485064152,250.35635788718776,245.9493760235724,247.88052368164065,1776838.0
2023-01-13,247.880532934782,250.55443095432844,243.86967834981573,249.6136169433593,2003170.0
2023-01-16,250.55442190817297,251.54475559160448,246.5930871744469,248.0290679931641,1312173.0
2023-01-17,248.02907052051333,249.0689239209708,245.1571088538145,246.9397125244141,918909.0
2023-01-18,247.5339042785022,248.1281105405848,245.60275659367343,247.2368011474609,734471.0
2023-01-19,247.28631979996103,248.5242369146097,245.35517212336768,246.7911529541016,844207.0
2023-01-20,246.741643529336,247.97956069557043,242.08707800655307,242.58224487304688,1225843.0
2023-01-23,242.8298413620584,247.18731908825995,242.8298413620584,245.94940185546875,1263514.0
2023-01-24,247.3358526659892,247.9795635553371,243.1269342522536,243.7706451416016,859906.0
2023-01-25,243.57257042639708,243.82015385132965,232.03518886905684,232.92648315429688,3603904.0
2023-01-27,234.70907223452429,237.68007314888533,230.40111486418388,233.2235717773437,6734102.0
2023-01-30,233.22359231051144,233.71875917316643,227.4301339729304,231.1934051513672,1975246.0
2023-01-31,232.7284191355924,233.7187528340417,230.203065182288,232.77793884277344,1215429.0
2023-02-01,234.70908242986383,241.591898491519,234.0653715816408,237.3829803466797,3814127.0
2023-02-02,236.19459710674224,239.36366205404988,234.51103277016887,236.9373474121093,1593164.0
2023-02-03,237.63056344286784,237.68008314911577,228.0243297711829,230.99533081054688,1479173.0
2023-02-06,230.74773616987497,242.4831957492116,229.509819130337,238.7199249267578,3621954.0
2023-02-07,239.90832947932583,239.90832947932583,234.3624549308492,235.4518280029297,907564.0
2023-02-08,236.19458846840644,243.07740469082464,233.32262677054047,241.740463256836,2197586.0
2023-02-09,239.31412110315063,242.5822251789465,238.62089056859813,240.79962158203125,1746290.0
2023-02-10,240.05687458938223,242.13658133246025,237.2344327081107,240.0073699951172,2898885.0
2023-02-13,240.6015650638778,242.4832081267994,234.75860238352064,235.40231323242188,1676915.0
2023-02-14,235.89747848843368,236.34312562016265,231.39145724252424,232.67889404296875,3846790.0
2023-02-15,231.440969555372,237.1353880077528,228.3709443260812,235.79844665527344,5789278.0
2023-02-16,236.5907179628572,243.12692651239195,234.9071536732174,240.50254821777344,4463420.0
2023-02-17,240.3539950954958,240.3539950954958,229.757427125336,230.25259399414065,4081551.0
2023-02-20,230.2525979646772,231.4409954480426,224.31059543655653,225.49899291992188,5289644.0
2023-02-21,225.7960896387882,226.93496737972964,223.51831904561192,224.9542999267578,2613050.0
2023-02-22,225.1028576207256,225.7960882025977,219.3093993131153,220.10166931152344,2512629.0
2023-02-23,221.2405416072939,221.7852281622673,216.88307939009235,217.8734130859375,4162618.0
2023-02-24,218.66568298537857,225.89512198467872,215.2490347582134,224.11251831054688,4747013.0
2023-02-27,224.11251112184416,228.1728700763161,220.34924017745385,227.380615234375,3574047.0
2023-02-28,222.82507314430413,229.80692845841747,221.1415089472501,226.93495178222656,51617861.0
2023-03-01,228.56902709520745,230.4506551310133,224.6572118978468,224.9542999267578,3583078.0
2023-03-02,222.92413970031328,224.95431185825427,219.21038802901504,221.339599609375,5807866.0
2023-03-03,221.389098860374,224.0134770877021,220.64634859475743,223.3697662353516,3976008.0
2023-03-06,223.81542040863093,227.3806278401884,223.122189827854,224.2115478515625,4048944.0
2023-03-08,225.74657183008384,225.74657183008384,219.8540891301604,221.43862915039065,4032570.0
2023-03-09,221.3395649312751,224.11250210032352,221.1415012287628,221.68618774414065,3943009.0
2023-03-10,221.43861419745,222.5279721654161,218.26953437098567,221.587158203125,3829349.0
2023-03-13,221.0920138055848,221.53766097912668,214.55580488932307,216.0413055419922,2406396.0
2023-03-14,216.04129462431223,218.2200408938256,214.06062718751343,215.69468688964844,1694587.0
2023-03-15,216.6355089952717,222.13186436003903,216.4869649764782,219.11134338378903,2460149.0
2023-03-16,219.85407989814,223.46879183393,218.86374620490503,219.70553588867188,2654387.0
2023-03-17,220.8444177535065,221.2405451937489,198.06674237982648,200.34451293945312,43622635.0
2023-03-20,204.00875366664727,207.92056897925872,196.8783536481301,199.79983520507807,12777914.0
2023-03-21,201.6319469153836,201.6319469153836,189.6984228347068,199.15611267089844,12170982.0
2023-03-22,199.2056032572172,202.22612384532343,198.06672562936512,201.73095703125,4977834.0
2023-03-23,201.7309650881992,205.7913391702856,199.1065869133116,204.9990692138672,6145350.0
2023-03-24,204.9990693444012,204.9990693444012,194.7491098326641,196.779296875,6907260.0
2023-03-27,197.1259382978185,205.89038302249512,196.92787456772817,204.6524658203125,11575501.0
2023-03-28,204.6524507862964,204.80100990642137,197.32398753225067,200.5425720214844,4260256.0
2023-03-29,200.0474030616577,202.02807041870383,197.72011287261148,199.6512756347656,11020214.0
2023-03-31,200.6416256013228,206.1874855844877,200.34452245138857,204.3553771972656,3884594.0
2023-04-03,207.078786809362,209.8517091351603,204.99907995372,207.3263702392578,3426689.0
2023-04-05,205.79132738462047,213.26834916980388,204.65243466521449,210.4458923339844,7498043.0
2023-04-06,210.5944594909484,216.33839808859247,209.5546211740944,213.71401977539065,5396768.0
2023-04-10,214.90240110322108,215.3975679260396,211.13913022754213,213.4169006347656,2349024.0
2023-04-11,213.3178725938563,216.14032967885336,211.23818089396272,213.91207885742188,3201574.0
2023-04-12,215.2490383650418,224.8057526420937,214.1596652372368,221.4881286621093,12681754.0
2023-04-13,222.28039984857244,222.6270226941804,218.2200406740011,221.9337921142578,3557030.0
2023-04-17,221.9833115371846,222.4784784289573,220.10168339296604,221.7852478027344,3100051.0
2023-04-18,221.78524647570003,232.0352071185829,220.29974580927032,229.85647583007807,12504374.0
2023-04-19,230.35162076899616,230.9458119121719,224.60768238387445,227.1825408935547,4306899.0
2023-04-20,226.88545825518668,228.5690225343604,221.43862286819984,227.2815856933593,6045806.0
2023-04-21,227.28158929301767,228.71757016825305,225.0038187092168,226.63787841796875,2460397.0
2023-04-24,226.63787573966204,227.6777140468691,223.023148628808,223.4687957763672,2793727.0
2023-04-25,228.46996608084063,231.63903068376607,223.91444043641405,228.66802978515625,8767164.0
2023-04-26,229.50984479471344,231.8866397318888,227.38063329313107,228.56903076171875,3597575.0
2023-04-27,228.76709441276785,231.1438893491623,227.47965752584847,230.6982421875,2489889.0
2023-04-28,231.54002591011388,231.7380896311297,227.1825484912996,230.30210876464844,3853989.0
2023-05-02,231.68856473692207,237.58104719518124,230.3021036095528,236.59071350097656,5099831.0
2023-05-03,237.0363793502633,237.828634228618,234.95667251634947,235.947006225586,3025688.0
2023-05-04,236.88780273481004,239.9083233471983,235.7984448018663,239.1655731201172,3603842.0
2023-05-05,239.6112388094042,243.12692651239195,237.4325076633237,240.50254821777344,5343250.0
2023-05-08,240.65108552573025,242.6317528963124,239.46268812563952,241.9385223388672,1822973.0
2023-05-09,242.53271813730183,245.0580721055124,241.98804668897407,243.8696746826172,3022793.0
2023-05-10,245.3056562833653,246.7911568443602,241.49288057692087,244.16677856445312,2318845.0
2023-05-11,245.05807180346807,245.50371894759297,238.2247752967729,243.7211303710937,2268718.0
2023-05-12,244.41436877025623,244.8600159286564,241.49288727486265,242.7308044433593,1502958.0
2023-05-15,242.73079593655856,247.1377778797001,240.7006088291156,245.55323791503903,2300820.0
2023-05-16,245.65227837260665,247.0882592215756,243.22596381934272,243.8696746826172,1319381.0
2023-05-17,240.70061296042093,245.4542178247005,240.70061296042093,243.0774078369141,1990771.0
2023-05-18,244.11725524619328,246.097922631558,242.03754844704324,242.6812744140625,1911242.0
2023-05-19,242.6317466254565,244.2657911194375,238.22476486206887,239.4131622314453,2389591.0
2023-05-22,239.1655858172521,241.1462531946206,237.085879026498,238.125732421875,1895656.0
2023-05-23,238.17525111940847,242.03754644439528,237.7296039836473,239.80929565429688,2133409.0
2023-05-24,257.48676566920653,258.08097194219124,240.1559256722408,240.65109252929688,17725181.0
2023-05-25,241.09673210909045,246.79115078645853,236.54120623397165,237.5315399169922,6697848.0
2023-05-26,238.17525992355,239.4626967832332,234.41198876112708,237.13540649414065,3430449.0
2023-05-29,237.97719735177628,242.03755656111767,236.19459362292943,239.7102813720703,2492152.0
2023-05-30,239.9083389552696,240.60156952338733,236.73927413580736,239.3141326904297,1529554.0
2023-05-31,238.2247880628205,244.0182314694896,238.2247880628205,242.829833984375,2814189.0
2023-06-01,244.6124124555758,245.55322640430032,242.6317451482432,242.9288482666016,2522264.0
2023-06-02,239.6607419588564,239.6607419588564,231.73807280319167,237.9276580810547,7195827.0
2023-06-05,240.3539803814376,242.0375446100496,238.17524931433425,239.0665435791016,2965611.0
2023-06-06,239.6607546463278,241.64142204009912,237.53154324254083,240.99771118164065,2307032.0
2023-06-07,242.08708014027155,244.76097822064665,240.60157952769725,241.3443298339844,2294336.0
2023-06-08,240.6511146622653,242.1861350825757,238.5714076268389,239.2151336669922,1798133.0
2023-06-09,241.6414165674624,242.1365834046908,237.77912128159787,238.7694549560547,2166494.0
2023-06-12,239.16559803028247,239.8093089162813,236.3431408288859,236.788803100586,3072631.0
2023-06-13,236.5907039399697,238.1257241262129,235.35278687224007,236.8382873535156,3405151.0
2023-06-14,237.58104839866223,238.17525466271223,235.99652354668407,237.036376953125,1976055.0
2023-06-15,236.6897538516066,242.3841726158189,236.6897538516066,241.1462554931641,3481429.0
2023-06-16,241.6414357692193,245.55325107191305,241.14626889264304,242.53273010253903,3714937.0
2023-06-19,243.126910900764,245.00853878989847,241.09672389746044,242.4832000732422,2326163.0
2023-06-20,243.4735493439782,243.86967678459325,242.0375533713389,242.6317596435547,1272664.0
2023-06-21,242.6317650253622,244.26580964326047,241.8890147242641,242.7308044433593,1728130.0
2023-06-22,243.1269168554672,243.5230442803684,236.19458114064733,236.6402282714844,2270480.0
2023-06-23,236.9868409089888,236.9868409089888,232.5303395697064,234.6100311279297,1917570.0
2023-06-26,235.6499171799012,238.5713987745635,233.8178087750492,237.63058471679688,2646456.0
2023-06-27,237.82863185692548,243.0278837785685,237.82863185692548,241.2947998046875,2772073.0
2023-06-28,242.6317596435547,243.424029636078,241.19577878220863,242.6317596435547,2727619.0
2023-06-30,244.21626477564723,265.21131835783183,243.62205858823268,262.9335632324219,18396181.0
2023-07-03,265.4589483467491,267.6376946755107,260.0616475682515,260.95294189453125,5176929.0
2023-07-04,264.4190817457334,267.8852494839733,257.2886674523204,260.0120849609375,6335870.0
2023-07-05,260.55678473136663,261.9927503648095,253.9710721203625,255.15945434570312,3783626.0
2023-07-06,256.9916076660156,261.943276407172,255.15948418727027,256.9916076660156,3801171.0
2023-07-07,257.43983930268325,258.9339764306192,252.0111289118636,252.95741271972656,2992725.0
2023-07-10,254.00332877646497,255.3480583614121,250.5668161916722,253.7044982910156,3929446.0
2023-07-11,254.9994037547066,255.3978342434138,251.56289139237333,253.20643615722656,2604446.0
2023-07-12,254.00331165484167,261.3245896586703,253.30605070189355,258.1370849609375,4526585.0
2023-07-13,259.3821945113242,260.62730876147293,254.9993984304601,256.1448974609375,2780982.0
2023-07-14,257.0413974047163,262.3704929676842,255.1488296491829,261.1752014160156,2624910.0
2023-07-17,261.972073879295,266.9525315576086,261.5736433446902,263.5658264160156,6311920.0
2023-07-18,264.21325272533664,268.6458717635541,263.96422986697155,265.0599365234375,3653085.0
2023-07-19,265.5081792714625,267.151754578138,264.21327247051244,265.7572021484375,3708586.0
2023-07-20,266.2054420435373,267.6995792299369,263.86462103851807,265.2093505859375,3529099.0
2023-07-21,264.96031015431174,266.20542439375873,261.72301313174967,262.9183349609375,2515077.0
2023-07-24,258.9837866651271,259.3822171803366,247.52873456263112,248.5248260498047,8242031.0
2023-07-25,250.7660262001547,250.7660262001547,242.4486563915126,244.7396697998047,4702511.0
2023-07-26,246.03458512089125,249.222074681818,244.0424022454185,248.4750061035156,2240553.0
2023-07-27,251.0150484664649,256.991597239476,249.6205264990888,255.0990295410156,4530779.0
2023-07-28,255.94572093616355,260.17910977563264,253.5052846223261,255.7464904785156,3317740.0
2023-07-31,256.99156891090945,258.1868906930692,254.9993862061737,256.0950927734375,3156485.0
2023-08-01,257.8880604140623,259.48181275247015,253.6546719142619,254.80018615722656,3486144.0
2023-08-02,255.69670792415727,255.69670792415727,249.6703359283506,251.9613494873047,1574491.0
2023-08-03,251.96134697544667,255.84611302341915,251.1146783028318,253.5550994873047,2844993.0
2023-08-04,254.89979626922485,257.19082484584544,252.0609447529414,252.5589904785156,1988139.0
2023-08-07,254.89979298765124,263.2669549899197,252.3099643674963,260.3782958984375,6179897.0
2023-08-08,263.16736691927383,272.9290507351536,262.66932120625347,272.0823669433594,13421010.0
2023-08-09,273.62635679178624,275.4193093952558,263.71523386037603,268.9945068359375,10018397.0
2023-08-10,267.9485969093655,267.9485969093655,259.5316120962018,260.3782958984375,6839209.0
2023-08-11,255.9457227989718,264.2132700804344,248.724044232873,255.1986541748047,20590950.0
2023-08-14,257.14100139954405,262.6693271787501,252.30996699288937,253.6048889160156,6885295.0
2023-08-16,253.0072156302221,256.99158123069805,250.66639476028308,256.1448974609375,3619987.0
2023-08-17,256.1449128421089,256.99159666271174,254.10293750856587,254.8500061035156,1982358.0
2023-08-18,254.2523142889629,259.8802242748578,254.2523142889629,257.1907958984375,4142938.0
2023-08-21,256.94183674224365,258.98381233401767,256.2445604727925,258.4359741210937,1392931.0
2023-08-22,258.6849798693752,261.1752086690484,257.738680766179,258.9837951660156,1855647.0
2023-08-23,259.03355180727016,260.9261497522736,258.7845289616957,259.3323974609375,1152160.0
2023-08-24,259.38222680894046,262.9681623755398,258.8841810468656,259.4818420410156,2373743.0
2023-08-25,258.7845294084556,259.48180553658665,253.1068267585333,254.4017333984375,1994407.0
2023-08-28,254.9495971845842,259.4818162080869,252.8578143116092,258.8841552734375,1511554.0
2023-08-29,259.1331763791918,260.12926779744606,256.54333261207114,258.1370849609375,1535249.0
2023-08-30,258.9837951660156,260.9759782057542,258.2865189427868,258.9837951660156,1662468.0
2023-08-31,259.2825722764699,260.7269169268829,255.9456904949921,258.3363037109375,1952045.0
2023-09-01,258.8343710039146,262.32069110102793,257.78845673580133,259.7806396484375,2015580.0
2023-09-04,261.4241978210901,263.9144262994838,259.68103788621454,260.3284912109375,2135956.0
2023-09-05,260.97598777377414,268.2474439760891,260.4779419955799,266.0560607910156,5013357.0
2023-09-06,266.9027010989847,272.43099617465435,264.61167265451587,268.3470153808594,3864756.0
2023-09-07,270.68785057152604,270.68785057152604,265.1595552030737,266.5540771484375,2855904.0
2023-09-08,267.0022788070085,268.1976006069149,264.86068844728106,265.3587341308594,1573069.0
2023-09-11,267.301147590578,276.96321644925445,265.80701041052816,275.3196716308594,4969656.0
2023-09-12,276.2161641443787,276.2161641443787,264.5120888772728,266.2552490234375,5319049.0
2023-09-13,266.25526898153714,270.88711917861184,264.8109544197173,269.7914123535156,2367997.0
2023-09-14,271.5843678166509,274.3236197081413,270.43886855987006,273.8753967285156,2486100.0
2023-09-15,273.92514443332914,278.8059863817542,272.18198442329884,275.6683044433594,6956452.0
2023-09-18,276.7141985982825,277.3118595607881,270.9368802234262,272.1322021484375,2554179.0
2023-09-20,272.87927075199474,274.5726080144116,267.4505600734924,272.1322021484375,3260778.0
2023-09-21,273.9251526107502,274.92124407478934,265.15955988652587,265.9564208984375,4855030.0
2023-09-22,265.95640863930856,268.1976143300892,260.2786753966784,263.3167724609375,3614837.0
2023-09-25,263.31680242388325,265.10975502120965,261.7728423111233,263.0677795410156,1072534.0
2023-09-26,263.81485499577605,264.9603542068596,259.88028118563915,260.6273498535156,1175241.0
2023-09-27,261.772855597107,264.76113034318496,260.6273563574377,263.6156311035156,1584824.0
2023-09-28,264.113651423005,268.6956783380874,263.2171751652997,265.8568115234375,4594900.0
2023-09-29,267.64978827780226,272.92906087258746,264.06385293120337,271.1361083984375,2867446.0
2023-10-03,268.0482199117431,273.825538262368,268.0482199117431,271.6341552734375,1984718.0
2023-10-04,270.6878753843504,270.6878753843504,261.6732591270072,263.8148498535156,2557186.0
2023-10-05,265.7571764262272,266.60386020565323,262.2210640747565,262.5697021484375,897722.0
2023-10-06,262.9681225972669,264.810897717854,261.5736007540619,263.5159606933594,1215958.0
2023-10-09,260.17910596129315,262.81874229578034,258.63514593290665,259.4320373535156,1225855.0
2023-10-10,259.9798572146503,260.6771333588361,254.65076210779395,256.8919677734375,2682999.0
2023-10-11,257.78847346570257,258.7845649866648,256.0951361190473,256.3939514160156,1496819.0
2023-10-12,256.9915760457316,260.2288730308037,256.3939151380589,259.0833740234375,1572827.0
2023-10-13,258.4359570554008,258.48574947208664,253.0072461114066,253.5550994873047,2764245.0
2023-10-16,253.50526662333127,254.0531199446654,251.51308378149773,253.20643615722656,1514070.0
2023-10-17,254.0033170058101,256.4935456039062,252.70839509497023,253.90370178222656,2999430.0
2023-10-18,250.5170056379197,251.01505137477443,235.7748487871904,237.7172241210937,13082442.0
2023-10-19,238.0658547054697,238.56390042661087,232.4877365490292,234.4799194335937,5417771.0
2023-10-20,234.5795366455069,235.67524332096315,229.59907939188687,230.0473175048828,4771316.0
2023-10-23,230.54536467506784,232.48773997632264,224.2201930428201,225.36569213867188,3841041.0
2023-10-25,226.1127471546505,228.5033604281681,223.0248577438043,223.5229034423828,3158091.0
2023-10-26,223.8217469996396,225.166476544156,217.14793728795885,221.2319183349609,3304417.0
2023-10-27,223.2240964533506,225.1166640984121,221.58053646765595,221.82955932617188,2766883.0
2023-10-30,222.12840632361645,223.17430544703305,218.9907241525169,221.0326995849609,2213338.0
2023-10-31,221.33152497458505,222.5766393311018,216.6498980339121,218.7914886474609,1965042.0
2023-11-01,220.1362129861856,220.7338739427309,217.44676908003035,217.8451995849609,1171523.0
2023-11-02,219.5883483902784,222.7260454526337,219.38913314802133,220.88327026367188,2216990.0
2023-11-03,222.8256670894829,227.1088636096708,222.128406074371,223.6225433349609,3721458.0
2023-11-06,224.71822945040967,226.0131361314364,222.7260466191088,223.97116088867188,3115669.0
2023-11-07,224.2699773201868,225.0170458858092,222.7260477772196,224.46920776367188,2717764.0
2023-11-08,225.31587983563224,228.45357697924948,224.5688112584589,225.96334838867188,3110053.0
2023-11-09,228.0551502036387,228.6030035788429,225.0170680312793,226.1625823974609,1989025.0
2023-11-10,226.95943799439075,227.7562989776293,221.6801503851158,226.5111846923828,2629871.0
2023-11-13,229.2006467273008,230.9438067496101,223.47312093971303,226.46139526367188,8590243.0
2023-11-15,230.59517274800328,230.844195612742,227.55709075836168,228.20455932617188,3215676.0
2023-11-16,228.7026083382239,233.2846199956914,227.3578787696744,230.9936065673828,4508925.0
2023-11-17,230.99361764115835,232.5873701544249,230.5951871124169,231.84030151367188,1783108.0
2023-11-20,232.089314237554,237.7670326189861,231.39205324319389,234.0814971923828,4820490.0
2023-11-21,235.87446497816103,235.87446497816103,231.9896990953288,232.7865753173828,1697203.0
2023-11-22,233.53364609763463,236.5717281729488,232.78657748235165,235.0775909423828,2803434.0
2023-11-23,235.57562435532995,235.57562435532995,232.2885195803095,233.7328491210937,1158811.0
2023-11-24,234.52974529616125,238.0160656154476,233.98189192044333,234.43014526367188,2203816.0
2023-11-28,234.4799172035237,235.3266010010708,230.34614383702697,232.1889190673828,2846098.0
2023-11-29,232.28851838060973,236.47209934577927,232.28851838060973,235.8246459960937,2307166.0
2023-11-30,235.82464654901327,238.21525990638696,235.2269856100953,237.3685913085937,3794118.0
2023-12-01,240.0580344421916,244.14201538165608,239.11175062426167,239.7093963623047,3020077.0
2023-12-04,242.3490477692289,242.4486477926617,237.96623636116848,239.7093963623047,1817846.0
2023-12-05,241.1537498432341,242.448656588882,239.3607821657568,242.1498413085937,2272088.0
2023-12-06,242.54826242756675,243.49454624320387,239.06194243374136,239.4603729248047,2329446.0
2023-12-07,240.00823965409177,242.79729884475373,239.60980914077567,241.3031616210937,1857120.0
2023-12-08,241.65180772766044,242.8471145063696,235.9740739302792,238.0658721923828,2350010.0
2023-12-11,238.8627477517428,239.6098163861629,236.7211418802484,239.1117706298828,1612669.0
2023-12-12,239.51019181360067,242.05022811138963,237.31879361126985,237.7172241210937,1455169.0
2023-12-13,238.86273830473945,249.0228682911901,238.0658620863777,248.3256072998047,4745442.0
2023-12-14,250.6664102549029,250.6664102549029,245.93497581187023,247.0804901123047,7398830.0
2023-12-15,253.95351428083583,253.95351428083583,248.2757960077503,250.7162170410156,6815893.0
2023-12-18,250.91542870454165,255.7962707012717,248.0765772081718,253.1068420410156,4310027.0
2023-12-19,254.8997903892021,255.89588181737275,248.6244265510464,251.3636779785156,4813865.0
2023-12-20,252.75820814019264,254.5511758091944,240.45647252149297,241.6517944335937,3532183.0
2023-12-21,241.402772513056,246.034591743548,238.3646905063524,244.7396697998047,2124226.0
2023-12-22,245.4867489550413,248.22600060034827,243.84320404751725,245.3373413085937,2273146.0
2023-12-26,247.0306823116996,251.0150481554367,246.781659446466,249.6703186035156,3586164.0
2023-12-27,251.1644545253164,254.70058223358828,249.86954779196697,251.7621154785156,2913019.0
2023-12-28,252.0609582825672,252.3099811587209,244.04241863058925,246.3832397460937,7352066.0
2023-12-29,246.433019087044,249.76993153011705,246.433019087044,248.6742248535156,2137811.0
2024-01-01,248.8236520309616,258.6351438824992,248.6742291911008,254.5511779785156,7038993.0
2024-01-02,256.5931536799485,266.6536830156752,254.84999370983783,265.1595458984375,17494142.0
2024-01-03,266.9027185177517,283.3880199999027,264.5618975101489,281.2464294433594,28706243.0
2024-01-04,284.8821600763155,286.7249353732521,280.1009331854033,282.4915466308594,9653743.0
2024-01-05,284.2346819856899,293.34891205300863,277.61068037382967,290.1614074707031,12166860.0
2024-01-08,292.0540426009728,292.0540426009728,278.90562252272423,279.4534606933594,7064064.0
2024-01-09,281.99348926384533,285.6790093073868,279.4036454721445,280.1009216308594,3105303.0
2024-01-10,280.1009527013873,283.83629596964033,277.7103086910643,280.3499755859375,2847064.0
2024-01-11,281.8440592141556,285.3801713419718,280.15069176240684,280.99737548828125,3239162.0
2024-01-12,282.3421420858439,282.5413421428081,268.0482232722076,273.1282958984375,5430166.0
2024-01-15,274.62242451356434,281.8938799283689,272.72982644275623,280.0013122558594,4445241.0
2024-01-16,281.1468260233867,287.57162836109774,275.22006943593857,286.4759216308594,13568999.0
2024-01-17,285.1311676164539,288.1194418622159,277.1126438829784,278.6067810058594,6926246.0
2024-01-18,279.0550296094678,286.1272853889059,272.28161952111327,279.2044372558594,5337699.0
2024-01-19,280.8978078962159,282.34215275571177,274.17419015401924,275.0208740234375,4152394.0
2024-01-23,273.5267113437965,275.36948655943075,260.4281151866629,261.4739990234375,5447314.0
2024-01-24,261.4740036385722,265.35875418439986,259.830458838218,263.4661865234375,4637208.0
2024-01-25,265.25917549511007,265.3587907327332,255.9955359639084,257.6889038085937,3864418.0
2024-01-29,260.27866544048624,260.5276882854918,255.3978237580367,259.0833740234375,3314421.0
2024-01-30,260.9759782057542,263.3167993571072,258.0374960628195,258.9837951660156,2637680.0
2024-01-31,260.1292887834833,269.2933427300556,258.9837896397368,267.3509521484375,4943291.0
2024-02-01,267.2513222597365,272.5804175646737,265.10973173484547,268.8948974609375,4986173.0
2024-02-02,270.93685339009505,279.7024453110443,269.5423315478935,273.6263122558594,5660639.0
2024-02-05,274.87146708395056,288.3684950196792,274.2738060923325,283.5374450683594,10372100.0
2024-02-06,285.28055297009377,305.8996558149212,284.8821225147671,297.383056640625,23649986.0
2024-02-07,302.81179680770884,302.81179680770884,283.23860615292284,289.11553955078125,11567515.0
2024-02-08,291.8548280907488,293.19955778106623,282.49157347398244,283.5872802734375,5818098.0
2024-02-09,279.85189890248967,289.91239800832545,270.43882274700405,272.3313903808594,16961839.0
2024-02-12,274.024786065897,279.4036742498706,263.56582499772003,265.6576232910156,6238533.0
2024-02-13,265.95640920506963,273.22786441352963,259.9798606836074,266.1556396484375,5350604.0
2024-02-14,264.5120747329937,273.3274902232992,262.868529905584,270.6380615234375,4842342.0
2024-02-15,272.6302441997296,276.91342530958707,271.43492229087224,273.2278747558594,4257799.0
2024-02-16,274.9212525218094,288.8665334468287,274.4729991898995,285.7288513183594,12781234.0
2024-02-19,285.8782561958393,301.9153351840463,285.7288485527488,289.91241455078125,28508993.0
2024-02-20,285.6292168953206,288.4680835439485,278.9055997582904,280.1009216308594,10218574.0
2024-02-21,280.3997635667341,282.6907619090248,271.5843475134839,272.9290771484375,5852991.0
2024-02-22,273.925173780035,274.72203485352907,266.9525329929068,269.7415771484375,4385098.0
2024-02-23,270.9369041080764,273.925178785739,269.04433622521714,271.9827880859375,4763062.0
2024-02-26,273.725923610545,274.87145311890544,268.04822047438546,271.8831787109375,4389040.0
2024-02-27,272.331407852693,280.8978007641681,272.2317926238259,274.6224365234375,8810926.0
2024-02-28,274.921265883384,280.39976937019054,269.0443318590154,269.9906005859375,6304110.0
2024-02-29,271.5843229121941,276.5149876609492,266.4046657036848,275.4192810058594,5644851.0
2024-03-01,275.469073472071,281.1468067960943,271.4349153301531,272.8294372558594,4963400.0
2024-03-04,276.8138145319063,286.0774834786497,274.6224315281891,277.8099060058594,17778466.0
2024-03-05,277.8597130260204,281.5950558410415,275.9173226028904,278.8558044433594,5524477.0
2024-03-06,278.9055962901298,279.7522800728129,268.19761357541944,273.4270935058594,6070958.0
2024-03-07,274.9212236174232,284.0852765639894,274.9212236174232,280.79815673828125,9041425.0
2024-03-11,282.8899917869243,285.08140529107294,277.0130578963632,278.1087646484375,4569107.0
2024-03-12,278.2083353773581,280.54915641122915,268.94469686682066,269.2933349609375,3628757.0
2024-03-13,269.9407782784852,272.38121444807115,249.4212886839296,251.8617248535156,7078060.0
2024-03-14,251.51307245710908,272.3811989450472,248.9232287996736,266.3548278808594,6106792.0
2024-03-15,260.97596514799113,261.5736261096693,249.2718903751328,250.6664123535156,10073254.0
2024-03-18,251.811924364014,253.555084420649,246.781659446466,249.6703186035156,4693478.0
2024-03-19,249.8197549353349,251.4134922394205,244.0922287256094,244.7894897460937,4014805.0
2024-03-20,245.5365547664104,248.57463688144347,243.5941793811106,245.8851928710937,3465199.0
2024-03-21,247.5287205446928,251.3138710214233,246.58243672529736,247.7279357910156,3542830.0
2024-03-22,249.2220809901168,253.7044925733892,247.47892092995528,251.2142639160156,5586546.0
2024-03-26,253.20644425713232,257.93789385699205,250.0189546480626,256.6927795410156,7271365.0
2024-03-27,255.945729788597,262.2210942436547,254.8500230302359,255.5970916748047,7577249.0
2024-03-28,258.9837501835503,265.707366774854,258.1868892653806,263.1175231933594,7744310.0
2024-04-01,264.4622778083922,271.58432553788504,264.4622778083922,268.6458740234375,3457178.0
2024-04-02,268.9447144185138,271.43494325572226,267.40078469876505,268.9945068359375,3294776.0
2024-04-03,270.8870620656332,273.87533619587384,268.69564887747146,271.5345153808594,3164455.0
2024-04-04,273.3274991961263,273.77575252663473,268.1478416791512,269.1937255859375,1849002.0
2024-04-05,269.8909912109375,271.8333513043098,267.94860071926644,269.8909912109375,2215292.0
2024-04-08,271.73373642709686,276.016947917255,266.653694331547,272.7298278808594,4185920.0
2024-04-09,274.3733972698001,275.8675344187045,268.4466410864933,270.2395935058594,2814928.0
2024-04-10,271.73374655595467,282.09312237986893,270.9368855225612,277.2122497558594,14611970.0
2024-04-12,278.9056262830748,282.0433084990992,272.0326008579021,272.9290771484375,6929503.0
2024-04-15,270.6878512541603,270.6878512541603,261.0755748513816,264.2132568359375,4071926.0
2024-04-16,263.7650306983511,267.9486273742965,261.2250094011497,262.7191467285156,3484465.0
2024-04-18,270.83725108460425,274.4231862771412,264.7610873414581,266.1556396484375,9499931.0
2024-04-19,263.96426264969097,264.3129007743604,258.83439720993283,260.6273498535156,5479033.0
2024-04-22,263.3665921911642,271.4349395945524,261.12538626790644,270.0902099609375,8601670.0
2024-04-23,273.9251581298601,279.9017070345116,270.2396074793385,279.0550231933594,10392195.0
2024-04-24,282.9895758545281,293.8469661513067,280.30011688636665,288.46807861328125,24783743.0
2024-04-25,290.858708894527,292.5520765508353,286.7249353785968,290.51007080078125,7923803.0
2024-04-26,290.858682793972,312.1750322341449,290.858682793972,305.202392578125,45364974.0
2024-04-29,309.28640366358474,313.47000002704965,299.67412698848267,304.9533996582031,17313094.0
2024-04-30,305.70042538811026,305.8000406015157,296.1877652746451,297.383056640625,5854305.0
2024-05-02,298.8274241229828,311.8264049130136,295.34110417488137,309.684814453125,15169926.0
2024-05-03,312.77273424490096,313.76882575523507,298.2796149288603,304.00714111328125,9554032.0
2024-05-06,306.2483114794956,307.79224098206095,298.030557472693,299.4250793457031,5949489.0
2024-05-07,300.9192217287391,306.79615498151776,291.0579228268498,293.8967590332031,8939775.0
2024-05-08,294.84304382125407,306.796140192386,294.84304382125407,305.800048828125,9296466.0
2024-05-09,306.8459498024835,311.07933833790844,295.8391517696977,297.4826965332031,9996765.0
2024-05-10,300.81961521349456,306.69654863635014,295.34111228742097,302.8117980957031,9538715.0
2024-05-13,302.76200634170675,305.0530045019119,292.3030461873555,300.4709777832031,6333418.0
2024-05-14,301.7659059528445,311.67699728061154,300.4709688759997,309.684814453125,7379389.0
2024-05-15,312.77270626737527,319.94457665957685,307.8918643829898,310.680908203125,16776785.0
2024-05-16,313.768808110659,315.36256051723,301.3176649316646,304.5549621582031,8380049.0
2024-05-17,304.0568801347184,310.0334281471944,302.4631279183991,304.654541015625,12344552.0
2024-05-21,306.79616609538806,309.4856251652839,302.8615927150401,306.3977355957031,4862961.0
2024-05-22,309.2863893985337,310.2824808297689,303.3098408111224,306.7463684082031,3666833.0
2024-05-23,308.73858041480986,316.05982880685747,305.30205249332965,314.2668762207031,10367039.0
2024-05-24,316.0598254579377,329.7062913687752,315.16334917435944,318.2014465332031,31341057.0
2024-05-27,317.70339058928914,317.70339058928914,304.20633275875554,313.7190246582031,11540435.0
2024-05-28,311.7766222769965,318.74926239181747,309.7844393870476,316.508056640625,8345701.0
2024-05-29,314.266858108825,323.53049660057366,309.88406172991483,322.335205078125,8347446.0
2024-05-30,322.8830447071458,324.5265895569884,307.3440116576444,309.6350402832031,9357893.0
2024-05-31,310.7805418540319,313.569585839556,306.0491073226004,308.0412902832031,5589376.0
2024-06-03,313.6691771382643,315.7609751669794,306.0988763858318,308.439697265625,5311869.0
2024-06-04,308.78835351000936,308.78835351000936,268.4964416749482,289.76300048828125,17873006.0
2024-06-05,293.6477769383708,306.1487441365649,287.77084286987514,304.05694580078125,8516880.0
2024-06-06,306.8459612216484,334.4377067445544,305.6008469001869,331.4494323730469,17874585.0
2024-06-07,334.68670654296875,339.91618633270264,329.706249600365,334.68670654296875,14591288.0
2024-06-10,336.6789045239729,343.9005674168688,335.2345597860745,338.57147216796875,7375334.0
2024-06-11,340.86252337361043,348.08418674679456,336.08126593583256,343.1037292480469,7100803.0
2024-06-12,344.59784121495363,344.59784121495363,328.8097860226136,337.57537841796875,5164721.0
2024-06-13,338.6711139994688,341.0617275480402,335.2844089391342,336.8283386230469,2407975.0
2024-06-14,336.8283063674839,338.37226630184347,332.84394070198465,333.49139404296875,5033189.0
2024-06-18,328.71016461646974,331.250185547369,325.22384468871934,327.0666198730469,6208267.0
2024-06-19,328.71017972717976,337.87423326071155,326.51876636967904,330.9513854980469,7310198.0
2024-06-20,330.95139118497764,342.9542812492214,330.70236831726885,341.46014404296875,8166456.0
2024-06-21,344.149585474728,349.6280882825746,338.77069788850173,344.34881591796875,9300900.0
2024-06-24,344.0499620204654,344.0499620204654,335.6828003756284,340.86248779296875,4460873.0
2024-06-25,342.65547637827007,344.1994060456544,334.9855596604829,337.9240417480469,3221011.0
2024-06-26,336.7785176918951,352.56657289623354,335.1847653283562,350.7735900878906,7782868.0
2024-06-27,352.2179517559895,352.31756698318225,340.6632845625133,344.79705810546875,4933878.0
2024-06-28,346.4903946463893,353.51282675728896,344.9962575676194,349.7276916503906,5816457.0
2024-07-01,351.2218258966733,357.995235106486,346.8888223235256,356.2520751953125,9143802.0
2024-07-02,358.39367569009966,360.4854737221876,353.11440339805137,355.3058166503906,7001966.0
2024-07-03,355.7540505460023,364.4698506173296,355.15638960430874,360.0372619628906,6614689.0
2024-07-04,361.5314231990987,365.7149892730186,354.30975980183075,359.8878479003906,4658012.0
2024-07-05,360.0873159650784,370.461016486514,359.1895974427238,369.2640686035156,7658844.0
2024-07-08,370.06206167655495,372.9048625780583,364.476213148069,365.7230529785156,5022489.0
2024-07-09,368.3663357625569,368.466089033945,360.1371931400427,362.082275390625,2059302.0
2024-07-10,365.5734291316578,365.5734291316578,349.81338624567167,356.8455505371094,4383222.0
2024-07-11,358.9901058719657,358.9901058719657,350.61134858004385,353.65362548828125,3175235.0
2024-07-12,354.1025060869844,355.0999779351167,348.2174282710885,349.8632507324219,4058531.0
2024-07-15,351.1100868436055,360.5860693010323,349.8632470465756,358.24200439453125,4074238.0
2024-07-16,358.0923789730602,359.5885866846468,351.55895080863485,352.50653076171875,2060110.0
2024-07-18,352.50656202008633,352.50656202008633,340.0880551769661,342.3323669433594,3890681.0
2024-07-19,342.43209830546965,343.3298473867176,333.2054830361566,334.35260009765625,3570488.0
2024-07-22,331.8090110438923,338.54194615779835,329.16571667985136,334.502197265625,2886436.0
2024-07-23,337.4946076500998,337.69408375650346,319.589975707303,336.1978759765625,3807462.0
2024-07-24,336.846260715185,348.2174338789352,335.3500529188909,347.1202087402344,3384480.0
2024-07-25,345.22502884027404,362.9800163895844,341.48450923518675,360.9352111816406,6420578.0
2024-07-26,365.0747101782458,375.8473943679908,362.4314157691389,367.5683898925781,9109767.0
2024-07-29,369.8625663748597,369.8625663748597,358.89037553327034,360.9352111816406,4052190.0
2024-07-30,360.9850781988391,363.6283726726778,357.4939265132789,358.5412902832031,1660024.0
2024-07-31,359.63846185651715,365.87266089327846,359.4888471677199,361.4339294433594,2699613.0
2024-08-01,361.5835252994379,369.5134382373466,352.6062791540725,353.8531188964844,4177876.0
2024-08-02,349.2647677703231,361.78305795210815,347.17007076376683,355.1997375488281,3828727.0
2024-08-05,343.18016421346283,351.9579344097874,332.8563553275148,339.5393981933594,5620180.0
2024-08-06,340.5368769368065,348.5166515829668,331.41001577334555,333.6543273925781,2981838.0
2024-08-07,341.1353694984885,347.1700619581836,334.45229599003824,345.9731140136719,3645534.0
2024-08-08,346.0229788631449,348.66627317898246,335.9983989414197,338.2925720214844,4003614.0
2024-08-09,338.29256428801085,344.1277805683416,331.80899740773776,336.09814453125,10005232.0
2024-08-12,329.41508776479543,341.1353823332628,329.41508776479543,336.9958801269531,4281522.0
2024-08-13,337.145490808379,341.13537827356697,333.2054647603357,336.2477722167969,3360380.0
2024-08-14,336.7465126519493,337.14549531571697,322.53253836718903,326.8216552734375,3713151.0
2024-08-16,329.1657141578464,341.135376490859,327.2705237098712,340.0880432128906,3040369.0
2024-08-19,341.13537467143595,346.52171660447885,339.7887815780689,343.92828369140625,3453510.0
2024-08-20,345.6239840968874,350.0128539973345,342.4320621108764,345.87335205078125,4296486.0
2024-08-21,345.7736124671182,355.5488549109233,344.67638733847144,354.1025085449219,3548478.0
2024-08-22,356.4964429669913,358.14226547694994,352.8058152841182,355.5987243652344,2368633.0
2024-08-23,357.09493457685807,357.09493457685807,349.9630166922491,350.71112060546875,1312131.0
2024-08-26,351.1100937721161,354.85061323701785,351.1100937721161,352.35693359375,1350106.0
2024-08-27,352.6063192625742,355.3493670078983,350.9604967034651,351.85821533203125,1158652.0
2024-08-28,354.10250346798426,362.8303820745895,352.8556636670407,355.7982177734375,6636720.0
2024-08-29,363.0797639916802,364.0273744529937,349.16501910209234,354.5513916015625,5275221.0
2024-08-30,354.65109542663333,362.032411288636,354.65109542663333,358.192138671875,2738006.0
2024-09-02,367.0696387798646,367.0696387798646,358.09239217927006,362.4812622070313,5156434.0
2024-09-03,363.827847168236,365.7729293978069,360.13718924971545,360.9850463867188,2513914.0
2024-09-04,359.04001655110744,382.2312378366118,354.3518865236737,378.4408264160156,12159916.0
2024-09-05,384.0266690229409,393.7021583147541,379.73755216846536,381.8821105957031,17885888.0
2024-09-06,382.72996769743446,384.9243875414584,368.1169804876884,372.7552490234375,7030758.0
2024-09-09,372.20662372634354,378.6901909078893,365.2243206077558,376.6453857421875,6395312.0
2024-09-10,381.0342430744794,388.8145112542805,377.2937236725702,385.6226196289063,9473666.0
2024-09-11,389.2135337052016,393.9016332041098,381.53298817235896,384.3258972167969,11687316.0
2024-09-12,388.1162857571303,392.8542768350742,373.9023125232986,375.64788818359375,8824201.0
2024-09-13,377.4932074691742,382.8296571419846,371.50837678676425,377.991943359375,5555196.0
2024-09-16,381.5329812942542,393.8517646868726,379.3385310557381,390.21099853515625,7932099.0
2024-09-17,392.6049365951317,394.79935645871024,373.3537111185133,374.8998107910156,10455441.0
2024-09-18,374.05196405563805,374.8000679837493,359.08988549341257,362.7306518554688,6911164.0
2024-09-19,364.0772417208301,368.06712930133233,350.11263518907225,360.5860900878906,6351383.0
2024-09-20,362.3815254453161,366.2716901684906,359.4888630525252,364.4263610839844,4175049.0
2024-09-23,364.42636727216575,371.90740657387806,362.68079143509954,369.4137268066406,3890925.0
2024-09-24,369.4137154714304,377.04436923695016,365.1245681391354,374.8998107910156,4468287.0
2024-09-25,376.84487813226167,380.8347658009587,367.6681547585149,370.5109558105469,5125312.0
2024-09-26,371.0595220039633,373.7527081301619,367.3190026289233,371.9073791503906,3506872.0
2024-09-27,374.99953635513407,377.79244522618126,366.969870080132,367.91748046875,4580392.0
2024-09-30,361.0848122227647,368.26662176911134,360.236955056256,362.1820373535156,3231111.0
2024-10-01,361.4838085293779,370.8600382509067,360.9352111634966,369.71295166015625,2195117.0
2024-10-03,361.4838067305819,368.41624854000224,351.85820908329146,355.6485900878906,3235274.0
2024-10-04,358.4415303430612,359.2394956801896,344.2275558874235,345.4743957519531,5693848.0
2024-10-07,345.6738705842701,348.51667155294183,333.754099787821,339.14044189453125,5769251.0
2024-10-08,338.6416960399459,344.47691250162063,335.1006831176129,341.8336181640625,2950082.0
2024-10-09,344.1277718852064,351.80831694113266,342.58170276739884,346.1725769042969,1874883.0
2024-10-10,348.81591526794136,350.8607203675453,343.92827889058094,344.9257507324219,1469718.0
2024-10-11,345.0255343613494,348.41693283391174,343.5792183276826,345.27490234375,1211519.0
2024-10-14,346.17259025632325,347.21995395366883,342.28245616435714,345.6239929199219,1249060.0
2024-10-15,346.1227349883761,352.4566873795626,345.4743843682697,351.3096008300781,2051189.0
2024-10-16,350.9604865500121,352.50655578556825,342.2824690306024,345.77362060546875,1554072.0
2024-10-17,347.5191777095603,347.56906956506026,336.79635559180866,338.1928100585937,1768096.0
2024-10-18,336.5968964837172,341.68397869521846,331.65939852499423,339.090576171875,2364315.0
2024-10-21,339.14042997586,342.282460224316,334.5021919480987,336.5469970703125,2490409.0
2024-10-22,335.2004048786793,338.7414482301081,323.72947853994765,324.976318359375,3431583.0
2024-10-23,323.1808598111476,332.85634834586057,322.1335266082993,324.3778381347656,3082744.0
2024-10-24,327.0710168159418,328.21810336689185,319.44036317479294,321.83428955078125,1978924.0
2024-10-25,321.8841729564652,323.8292247681992,303.8797880913913,311.2112121582031,3282892.0
2024-10-28,313.15630638541865,324.9264622986547,312.4580638988598,322.9315185546875,1994728.0
2024-10-29,322.981356870383,327.6694865095506,314.9517210514174,326.1732788085937,2547066.0
2024-10-30,323.1808659835881,326.5722640447138,318.39301347851926,319.88922119140625,5277837.0
2024-10-31,304.72763510979235,322.2831448899633,302.2339556080755,315.30084228515625,13655954.0
2024-11-01,315.40062085687566,318.0937766705388,314.6026250880515,316.9965515136719,536689.0
2024-11-04,316.6973032629662,316.6973032629662,305.3261305882233,310.1139831542969,3983931.0
2024-11-05,310.11400267839565,316.0988339829916,308.46818015771703,314.9018859863281,2332169.0
2024-11-06,317.2458999619428,323.9788347424246,314.9018655388551,322.0337829589844,2183502.0
2024-11-07,323.0811355745124,328.66698418593984,321.335559785968,327.1707763671875,3711683.0
2024-11-08,328.1682470333931,331.0609093842041,318.7920174919527,320.4877014160156,3218359.0
2024-11-11,328.168243043489,349.91311748843754,325.1758274534268,347.8184509277344,22071949.0
2024-11-12,347.81846895274174,352.6561833883736,344.975667906775,346.6214904785156,5707023.0
2024-11-13,344.327275829461,346.0229596168019,327.6694846758583,330.7117614746094,3915358.0
2024-11-14,333.0059675354214,338.9907983537051,329.71429232111115,334.9510192871094,4264527.0
2024-11-18,335.5994407747477,336.7963888184666,323.8791456758228,324.5274963378906,2389049.0
2024-11-19,326.123421702208,333.3550923523495,324.37784602803583,326.22314453125,1376851.0
2024-11-21,326.47253626635154,327.5697614295568,318.69226772803484,322.2831726074219,1816318.0
2024-11-22,322.2831686150401,331.7591514191443,321.78443267798195,330.66192626953125,1533051.0
2024-11-25,334.1530712151512,338.09309721609696,332.70672485013944,335.4996643066406,1449701.0
2024-11-26,335.49964474922274,354.55136214525373,335.2003849461004,351.7584228515625,5258746.0
2024-11-27,353.1050479470174,359.0898792681533,348.3171950662792,357.7432861328125,5405033.0
2024-11-28,359.0898810774587,365.7230630703876,357.1447987121186,363.0299072265625,3951858.0
2024-11-29,360.4863177492655,367.3688673736258,360.4364563333162,364.2268371582031,2323081.0
2024-12-02,374.0519407789069,379.03929998929226,367.11949930030113,374.4010620117188,9412158.0
2024-12-03,373.5033659383631,376.2464136692912,371.8575129474649,372.9048767089844,1730134.0
2024-12-04,372.9547266681174,380.0367830438972,368.1668738610575,378.7400817871094,3567460.0
2024-12-05,379.0392911886867,380.4357456470865,371.5582525468048,374.3013000488281,1805601.0
2024-12-06,375.5481291652019,380.535488118259,371.807609950409,379.0891418457031,2246090.0
2024-12-09,377.0443767358627,379.8372858688466,363.0299087714543,368.6656188964844,4676618.0
2024-12-10,369.0645974118251,374.0020954182348,363.0797661024441,368.2666320800781,2044166.0
2024-12-11,366.570892204217,371.2590219133385,366.0721562964561,366.9200134277344,994507.0
2024-12-12,367.4686200460148,368.4162304709018,354.6012393883617,355.7982177734375,1766527.0
2024-12-13,355.10000337354194,355.8979687330419,345.87338811734736,351.9080810546875,2638692.0
2024-12-16,356.0974308807509,357.7432532547201,349.8632321608498,352.8057861328125,2170312.0
2024-12-17,353.10505176988033,353.95290897097243,348.5665668117206,350.0627746582031,1545233.0
2024-12-18,348.2174075878959,356.8953938869428,345.5741134354348,347.1700439453125,3312516.0
2024-12-19,344.12778350402766,350.6612118552531,341.6341039134188,349.4642639160156,1729883.0
2024-12-20,349.11514469392034,350.41184591232786,334.30268175239337,335.1006774902344,2889197.0
2024-12-23,337.5943509776952,338.741437487104,328.16823006559866,328.7168273925781,2007668.0
2024-12-24,331.7092578283016,346.820980994558,331.2105218938488,343.6290588378906,6890831.0
2024-12-26,341.8834692552478,347.02044308449194,339.0406684556313,345.5741271972656,3134559.0
2024-12-27,345.87336680528773,353.0052845028055,345.57413742402,351.65869140625,2606743.0
2024-12-30,354.10251142147507,368.0172560887145,351.30960238079984,366.7704162597656,8766841.0
2024-12-31,364.825343751882,367.5683914492646,360.13721369291216,364.4263610839844,1638414.0
2025-01-01,365.9724242746553,369.4137144141711,361.7830606704902,367.86761474609375,1559938.0
2025-01-02,367.8676040825164,373.0544698501863,366.3713963157376,372.3063659667969,2019572.0
2025-01-03,375.9970435823743,376.0469050010314,367.0696579320413,368.3164978027344,2143230.0
2025-01-06,368.5159830914953,371.8574893997762,355.84807856013623,357.1946716308594,1962539.0
2025-01-07,362.18205799310937,387.9667130532269,362.18205799310937,381.3833923339844,19915058.0
2025-01-08,380.0367782021629,382.6800725398933,367.4686266932188,370.2615661621094,3256228.0
2025-01-09,370.2615532948797,375.04940587455536,368.0671031056142,369.7628173828125,1698790.0
2025-01-10,369.0147222148,369.6131809710508,357.0450600429833,360.0374755859375,2223573.0
2025-01-13,370.0620579777141,376.545625031232,359.53874209009746,364.2767333984375,23779837.0
2025-01-14,370.9099095087855,390.21099568612834,369.3139484779195,386.6699523925781,16972762.0
2025-01-15,389.11377306685824,390.5102275626499,377.4932321533982,381.0841064453125,6005133.0
2025-01-16,383.0790368094538,395.74694098436674,381.133985042405,392.1560363769531,10454325.0
2025-01-17,393.0039107767433,396.7942916486737,386.37072903065234,392.7046813964844,6070039.0
2025-01-20,394.0013919299224,401.8814136804357,389.7621364471321,400.5348205566406,8026751.0
2025-01-21,401.9811588819165,403.6768732171419,388.2659208307345,389.5626220703125,4681084.0
2025-01-22,389.56261883393705,391.35808642815806,379.1390562658899,387.0689392089844,2830379.0
2025-01-23,384.5752682429736,398.6396277324592,384.5752682429736,396.2955627441406,3214357.0
2025-01-24,396.29557160603775,396.7943075534103,385.423134041402,387.2684631347656,2939290.0
2025-01-27,387.2684587456744,387.2684587456744,368.4661076547405,369.31396484375,3292383.0
2025-01-28,371.059527763577,371.5084022717191,349.5141297408327,358.9901123046875,3909804.0
2025-01-29,359.28937407654087,370.4111791633285,350.91058614851187,354.8007507324219,4128263.0
2025-01-30,357.0949144550398,361.4339229953019,352.356923271628,356.0974426269531,3459428.0
2025-01-31,346.22250035956824,369.9623192512781,346.22250035956824,361.6334228515625,7341863.0
2025-02-01,360.336705074576,374.7002935970761,357.5936574926933,369.5134582519531,2156378.0
2025-02-03,364.0273614099607,366.8701318111933,358.49137441506446,363.5286254882813,1613162.0
2025-02-04,366.072159249701,372.70534078834777,365.5734233379167,370.1119079589844,2847492.0
2025-02-05,370.51093823940977,392.75454876134216,370.51093823940977,389.2633972167969,7674111.0
2025-02-06,389.2633984426233,398.5897665433633,389.2633984426233,395.9464721679688,6664546.0
2025-02-07,395.9464770247006,397.9414207951932,384.17629051453815,385.8221130371094,2413427.0
2025-02-10,384.9742732425448,385.2236412054068,373.2539789880302,376.1965026855469,1726831.0
2025-02-11,377.5929552292019,377.7426003584823,359.0898646570701,361.0848083496094,1959111.0
2025-02-12,360.0374690104524,361.0349408398866,341.88346953857973,355.05010986328125,3963839.0
2025-02-13,357.2944373712391,367.6182469127258,357.2944373712391,358.3916320800781,2780469.0
2025-02-14,361.832913576509,361.832913576509,343.3796843520695,348.466796875,3103224.0
2025-02-17,348.4169014029279,351.9579446978321,337.1454817913973,346.6713256835937,2799003.0
2025-02-18,350.2123506735789,350.2123506735789,333.3051916995625,337.344970703125,3284422.0
2025-02-19,335.2503047942957,339.0905776185276,328.7667375774246,335.9485168457031,3227705.0
2025-02-20,334.1530713580904,336.4472444479609,329.016097393954,335.1505432128906,3698825.0
2025-02-21,335.15053143168603,338.1429468908975,319.5899649557015,321.6846618652344,5201717.0
2025-02-24,319.1909917171195,324.42771892497854,314.80212166909416,320.0388488769531,2522998.0
2025-02-25,323.2307403870879,328.1682382142011,318.7920089247375,320.3879699707031,4105011.0
2025-02-27,321.4352850230181,321.9838823325358,307.8696625615803,311.06158447265625,3877068.0
2025-02-28,310.9618709640769,311.01173238389066,297.7952294479676,301.6853942871094,4697901.0
2025-03-03,303.2314448015472,305.3760032079467,290.26431064884946,304.2787780761719,3555060.0
2025-03-04,303.0319297442623,314.85197701653783,296.6481161210544,314.0041198730469,3678170.0
2025-03-05,316.94669109513336,325.1259727189202,315.9492192112777,324.0287475585937,5199973.0
2025-03-06,326.02369600419775,333.8039646337352,323.48012439961417,332.1581420898437,3181206.0
2025-03-07,334.951020199532,338.04318888548653,331.0608862451353,332.8563537597656,3889175.0
2025-03-10,334.15306162969915,336.2477585518807,325.6745511107367,327.32037353515625,1955824.0
2025-03-11,324.3778539087964,330.3626849370736,322.1335422731924,328.0684814453125,1517485.0
2025-03-12,327.32038367610727,330.0634312819324,322.5823923569547,324.2781066894531,1782978.0
2025-03-13,325.17583056844035,325.674566504895,320.68720714034833,322.2332763671875,1439684.0
2025-03-17,323.97885172925913,333.0558518491775,322.73201188972166,332.4075012207031,2440747.0
2025-03-18,332.4075012207031,332.4075012207031,332.4075012207031,332.4075012207031,0.0
2025-03-19,337.84375264054336,342.33237629596016,333.2054838442708,341.03564453125,1681648.0
2025-03-20,343.72882254556805,343.72882254556805,337.4946231756921,340.2376708984375,1006613.0
2025-03-21,340.2376564510101,345.5242451160112,339.33993786795287,343.2300720214844,1452797.0
2025-03-24,347.12019942228903,350.9105802283166,344.1776453257291,348.4169006347656,1156746.0
2025-03-25,349.1151348519339,353.8531259677815,344.2275290520916,347.2698059082031,1585833.0
2025-03-26,347.12023470585626,351.7086117124676,344.9257842643033,347.4194641113281,1426825.0
2025-03-27,347.6189457865428,349.364521554481,341.6341145821834,344.6763916015625,1367034.0
2025-03-28,344.0779347097526,348.41691300423344,338.49208613380523,340.8361511230469,2340187.0
2025-04-01,337.6442171080406,347.668796902139,337.3449877328592,338.2427062988281,1068942.0
2025-04-02,336.9958781003646,343.629059962203,334.0034624838578,341.18524169921875,937244.0
2025-04-03,348.117668455266,356.4964257340127,343.32981585038914,344.8758850097656,3567999.0
2025-04-04,341.683961877371,342.33234291671914,320.4876855713201,326.97125244140625,3716291.0
2025-04-07,298.34383772632816,310.9618505958619,298.2440844528074,306.7225952148437,2647332.0
2025-04-08,311.26108188709543,326.5722810335722,307.7200689585561,321.48516845703125,4084647.0
2025-04-09,314.8519717908049,315.3008462829749,304.22890306688225,305.5256042480469,3481679.0
2025-04-11,319.1910156555037,322.18343142727406,312.8072014304791,315.7497253417969,3064653.0
2025-04-15,320.18848559781,329.81408351601385,318.8917842809056,328.0186462402344,3208011.0
2025-04-16,328.2180873069647,330.86141195904645,326.62215676134605,328.3178405761719,1251281.0
2025-04-17,328.26798260032626,332.158116616762,326.72188301248013,330.46240234375,958981.0
2025-04-21,334.9510473557272,334.9510473557272,328.3677572562798,331.0609130859375,1861695.0
2025-04-22,331.6095225847854,336.3973752001973,326.8715313847826,332.9560852050781,2356750.0
2025-04-23,335.30016243584777,338.64169928268694,332.2578854137494,334.851318359375,2687947.0
2025-04-24,333.1555904280437,334.1530622556726,324.2282053945955,325.9239196777344,4713095.0
2025-04-25,325.9239080877305,327.5697304567071,307.67018646740263,311.06158447265625,4326450.0
2025-04-28,314.0540177822571,321.6348099236238,312.2086887733076,320.0388488769531,2427466.0
2025-04-29,320.18847324727795,323.0312741912969,315.8993563425658,318.0439147949219,1214417.0
2025-04-30,318.64238525177456,324.3778482199534,316.1985671152504,320.9864196777344,2632538.0
2025-05-02,320.98643888218,323.67962513497423,316.9965513612558,317.3456726074219,1172553.0
2025-05-05,321.18592891593727,335.94849980795345,321.18592891593727,335.05078125,4679123.0
2025-05-06,333.953549590173,344.6265101262585,331.21050211449364,340.5867614746094,7013338.0
2025-05-07,335.250291861204,347.96805783444785,335.250291861204,345.6239929199219,5299681.0
2025-05-08,345.1252624342939,349.11514986128,331.5097776777891,333.75408935546875,2552004.0
2025-05-09,332.65688398963084,339.9384168003395,327.17078845157096,329.06597900390625,6131597.0
2025-05-12,334.15306162969915,335.4497628270178,317.0962873211132,327.32037353515625,7577972.0
2025-05-13,329.9636933248112,336.6467672508506,327.9687495188802,329.01611328125,4488167.0
2025-05-14,332.5570878589498,339.09054633122133,328.71681538905324,337.344970703125,3246085.0
2025-05-15,338.14297070501823,340.8860184024778,333.20547267342045,337.7439880371094,3182074.0
2025-05-16,341.1353639841679,343.52929027491933,337.7439658689014,338.5419311523437,1989564.0
2025-05-19,338.99081342720507,344.27740204225864,337.6442203451292,340.73638916015625,1347546.0
2025-05-20,341.23512925060567,343.32982624381,330.7117828677752,331.6593933105469,2112277.0
2025-05-21,333.6543419038472,340.337415636836,332.5072553366576,339.7887878417969,2264172.0
2025-05-22,339.73894348454127,339.73894348454127,329.3153497000527,332.2579040527344,2162491.0
2025-05-23,334.1530737729119,334.9510390863487,328.1682426008598,329.913818359375,2051454.0
2025-05-26,331.2603976698797,334.4522892311649,330.3127872642529,331.509765625,1361946.0
2025-05-27,333.1057167592621,334.9510152201552,329.2155524222729,334.2029113769531,1717048.0
2025-05-28,335.1505527437479,337.3948644808712,332.4075050650416,333.5047302246094,1143647.0
2025-05-29,335.15053904535813,336.5968853930036,331.70924901291886,334.7515563964844,1103161.0
2025-05-30,334.2029198102044,336.74649120552954,330.56215376950166,335.0009155273437,1880217.0
2025-06-02,335.0009075170383,336.14799399004727,329.7641806076978,333.15557861328125,1175008.0
2025-06-03,339.1404125303072,339.1404125303072,333.60445620782014,336.3475036621094,3111241.0
2025-06-04,337.6442270384477,337.6442270384477,332.2578850437925,335.5495300292969,902848.0
2025-06-05,334.2528138759934,337.64421198510007,328.6669655807695,329.7641906738281,3888417.0
2025-06-06,331.11079706371333,331.3601650294368,326.77178837204093,329.215576171875,1250474.0
2025-06-09,332.05837769047935,340.9857630562505,330.0634339609596,337.29510498046875,3325964.0
2025-06-10,338.9409174221412,347.26981333408105,338.6915494633432,340.33740234375,6067297.0
2025-06-11,340.3373926048672,355.09996316710544,337.24522391617,353.55389404296875,8322371.0
2025-06-12,354.1025141979296,356.8455618431248,348.6164189075391,351.3594665527344,4265927.0
2025-06-13,347.0703482181605,356.9951750282486,344.1277940350241,354.5014953613281,8013966.0
2025-06-16,357.3941655824648,358.1422694990681,347.36958527615053,356.3468322753906,3802901.0
2025-06-17,354.10248766078195,363.72808440629314,348.96551399829474,351.7584228515625,11636919.0
2025-06-18,351.11009457236844,351.11009457236844,339.24018553144447,341.1353759765625,8974019.0
2025-06-19,342.13284058154983,350.0627538732396,342.13284058154983,347.7186889648437,8981677.0
2025-06-20,347.1700556782113,352.0078001058846,343.67890429912694,350.46173095703125,3627362.0
2025-06-23,347.07034543036457,354.8506137524922,346.9705921564039,351.3096008300781,4480305.0
2025-06-24,349.1151344634858,350.611342182615,344.77612598992624,348.3171691894531,12193270.0
2025-06-25,349.4642634292604,354.5513758751019,342.18270077056985,350.5115966796875,14074406.0
2025-06-26,352.6561686390434,356.0974587781963,348.5665583107381,349.6138916015625,12779994.0
2025-06-27,351.11010189547403,354.6511148946699,349.11515813470425,353.5040283203125,4598232.0
2025-06-30,354.1025082582777,355.6984693131606,348.6662744764524,354.8007507324219,2637925.0
2025-07-01,355.09995992726294,362.5311369951686,353.1050163321659,361.5835266113281,5293503.0
2025-07-02,362.281775241842,371.2590215733151,361.5835327954467,367.61822509765625,7387741.0
2025-07-03,371.2590148736477,375.3486248874015,366.1719026228625,373.5033264160156,5847231.0
2025-07-04,374.0027520977204,380.54491628764265,372.25484237723913,379.5960388183594,6787795.0
2025-07-07,381.4937887758973,381.54371686052286,371.00633058994055,371.6555480957031,3307833.0
2025-07-08,372.00511658884005,373.5033248224139,366.1121398185499,368.9088134765625,2519720.0
2025-07-09,368.5592373538109,378.8968805953259,368.5592373538109,373.1037902832031,4170233.0
2025-07-10,374.5520701268389,376.6495678157743,369.5580425251477,371.9551696777344,1858411.0
2025-07-11,372.4545862445642,376.9492112526992,371.7554406430858,373.7530517578125,3092326.0
2025-07-14,372.40465165480674,380.79461209389626,368.5592442298956,378.6471862792969,5647593.0
2025-07-15,380.4450312040778,391.03237622228585,380.2952164665015,389.983642578125,7845415.0
2025-07-16,399.02280169234336,405.4151508672848,392.730339164739,394.1785888671875,17490369.0
2025-07-17,395.77668322123566,398.3236250785374,392.1809772900669,396.5257873535156,4252872.0
2025-07-18,396.7255757516688,405.51505237926136,395.8765849398712,398.2737121582031,6228336.0
2025-07-21,399.3723897174604,399.3723897174604,393.0299686256248,394.1785888671875,2504038.0
2025-07-22,393.5793118928695,394.2784879651822,385.8385689372516,386.7375183105469,2387785.0
2025-07-23,384.1406064133711,397.92411030094337,384.1406064133711,396.4758605957031,3735346.0
2025-07-24,396.3260288265204,404.0168437302765,395.62688323235017,397.1250915527344,3142162.0
2025-07-25,394.528190027693,399.2725163634691,391.7315466958966,393.67919921875,2122908.0
2025-07-28,393.6292637846146,402.718400164941,386.0882637767122,386.9872131347656,3698071.0
2025-07-29,386.9872072839757,398.6232853865279,385.5389271011198,397.6744079589844,5529147.0
2025-07-30,399.5221959506637,402.51861242029366,393.9288791111295,396.8254089355469,6133305.0
2025-07-31,387.5365320132441,395.6268626179929,384.3403422371798,390.9324645996094,2938178.0
2025-08-01,391.0323551643811,392.3807486922074,381.3439295744994,382.6423950195313,3141290.0
2025-08-04,382.6424133841168,386.13823281901006,372.604399289533,381.9432373046875,8430624.0
2025-08-05,382.5425156532184,386.3379644515833,370.20726133684377,371.9052429199219,3095425.0
2025-08-06,371.55566337755926,372.4545822733765,358.97070739273926,359.9695129394531,4170067.0
2025-08-07,358.3714099149116,365.8624513469217,355.1252919610406,363.7649841308594,2148156.0
2025-08-08,358.5212525331058,365.3630459399132,340.7924546056879,342.9398803710937,5841196.0
2025-08-11,342.1907784942404,342.44047987514955,330.6046283238267,341.6913757324219,5044883.0
2025-08-12,341.6913757095049,357.072974676257,339.693764662365,354.47607421875,7056392.0
2025-08-13,355.0254476641012,361.46772522235767,353.57716741303784,359.8197021484375,2379044.0
2025-08-14,360.5688020391604,367.5604408598643,357.7222001373628,358.8208923339844,2525023.0
2025-08-18,362.5664026668494,365.9124072449862,359.47009946795976,363.8648376464844,2143775.0
2025-08-19,366.0622338833263,366.0622338833263,361.0682061359413,363.4154052734375,1024689.0
2025-08-20,363.415398641667,364.613946990492,357.8720096545521,359.0206604003906,998355.0
2025-08-21,359.5699746953616,361.0182548414455,354.3761739795344,357.3226623535156,2257658.0
2025-08-22,355.9243558426109,361.0681982133252,355.9243558426109,359.0705871582031,1023391.0
2025-08-25,360.7185983539237,363.2655706543606,357.772140432913,359.5200500488281,932540.0
2025-08-26,358.52125725687284,362.86603692833165,355.17525263448573,357.8720092773437,4216073.0
2025-08-28,360.5688070525367,362.2168301298202,350.480864803318,352.8280639648437,2513036.0
2025-08-29,352.82803973601483,355.6746414819146,346.7353201439946,347.93389892578125,1810109.0
2025-09-01,348.5831283102549,352.9778665251046,346.38574396226727,352.1288757324219,1594809.0
2025-09-02,352.97786500064655,356.5735709722218,348.88275626860604,355.6746520996094,3049894.0
2025-09-03,355.075372174349,363.0658165552064,353.42734911702246,361.1181335449219,2632511.0
2025-09-04,364.0646234613253,364.1145515464414,354.57597072365013,356.4237670898437,1203504.0
2025-09-05,353.57716835482483,364.3642562138773,353.57716835482483,363.2655944824219,2400088.0
2025-09-08,363.5652121225225,367.4106195008128,362.0670038308088,363.7150268554688,1348143.0
2025-09-09,363.715017690741,366.1121448008561,360.86841591198726,364.0646057128906,819081.0
2025-09-10,365.5628218820916,370.3570762061278,362.5664053092875,363.7649841308594,1707668.0
2025-09-11,363.7649880374156,368.80894379668695,362.116934519774,363.6151428222656,1755595.0
2025-09-12,363.6151431939939,366.36185841803655,362.7661828732815,364.7637939453125,1189542.0
2025-09-15,366.5616309411527,366.5616309411527,356.5735756021567,357.82208251953125,2232052.0
2025-09-16,359.0206712196127,361.517685122987,357.92197900590264,359.769775390625,968345.0
2025-09-17,360.51888063322775,361.8672437601562,352.5783642044446,353.9267578125,3387333.0
2025-09-18,359.3702270549282,369.3582826204473,357.5723892455854,367.9599609375,9086347.0
2025-09-19,370.1573242889165,373.40344216297547,367.1609077897852,368.7590026855469,14210253.0
2025-09-22,369.05863377818577,370.5069139516327,358.4213612553643,361.7174072265625,3850328.0
2025-09-23,360.2192074186732,363.9148000630994,357.67226551584275,359.0705871582031,836722.0
2025-09-24,359.0705710574513,360.81848065230673,355.7245665939316,358.521240234375,1684569.0
2025-09-25,360.568797052754,360.9683131693296,353.6270864128891,355.5248413085937,1822433.0
2025-09-26,348.58311987987474,349.8815548388398,337.29662991002505,338.49517822265625,3635613.0
2025-09-29,339.79364142472843,343.0896873641613,337.7960304357086,339.7436828613281,1703064.0
2025-09-30,340.5926818847656,342.39051962601803,336.647387893357,340.5926818847656,845656.0
2025-10-01,340.5926914256752,347.8839597241555,340.5926914256752,346.03619384765625,1955193.0
2025-10-03,347.18481445016647,352.52843022617765,346.3358236384612,351.8292541503906,2628207.0
2025-10-06,351.8292501574365,352.37858100994447,344.1883939010588,347.3346252441406,2505387.0
2025-10-07,348.8827603006639,350.6806285477923,346.48563311895185,347.3845520019531,1920469.0
2025-10-08,346.485632174112,354.5260349772764,346.485632174112,348.5831298828125,3503144.0
2025-10-09,350.4808540319747,356.12409917463333,350.0813379165974,352.0789489746094,2666494.0
2025-10-10,351.6294798835132,357.4724984173024,348.18361904234354,353.02783203125,2001620.0
2025-10-13,353.02781606049626,353.02781606049626,346.5355803124632,348.9826354980469,833741.0
2025-10-14,350.7805005448137,355.4748680626769,342.5403552461036,351.4297180175781,4339891.0
2025-10-15,351.42972085447974,356.7233778057523,349.63185266793687,355.9742736816406,2332613.0
2025-10-16,356.02424607091416,359.6698801869386,355.5747713865425,357.77215576171875,1381944.0
2025-10-17,360.069388953502,360.9183797393539,354.07655585025367,355.7245788574219,1510809.0
2025-10-20,357.5224469985073,364.51408561742727,356.2739401022716,363.8648376464844,2280530.0
2025-10-21,363.8648514391578,367.1609280588365,361.3678375520345,365.6627197265625,433779.0
2025-10-23,367.4605348760889,369.1085578437518,360.9682991698643,361.8672180175781,1776193.0
2025-10-24,363.7649853301904,364.7637908577515,357.4225641339525,359.0705871582031,1007188.0
2025-10-27,359.12052084112287,363.5652177005164,358.22160194852813,360.0194702148437,1247932.0
2025-10-28,360.1193095772175,367.8600521752342,359.4201640183296,365.3131103515625,1341101.0
2025-10-29,367.1109533152564,374.3023651857244,365.1633008578016,373.2536315917969,2588388.0
2025-10-30,379.5461097827312,379.7458830855938,371.2060773268065,376.1501770019531,7053197.0
2025-10-31,377.5484946944441,379.8956938132406,371.0562586745661,371.6555480957031,2113126.0
2025-11-03,371.65553775630127,379.5460952185675,371.5556511087029,376.6994934082031,5042950.0
2025-11-04,377.54848790012113,384.44023991635856,375.65076350161024,380.0455017089844,4295964.0
2025-11-06,379.7458710792368,386.33796312950943,379.7458710792368,384.7398986816406,4037698.0
2025-11-07,383.5413236815207,383.99079836266026,375.7006941714936,379.9456176757813,2407710.0
2025-11-10,377.5484752750116,383.8409376704786,375.9004523124964,381.6935119628906,1642994.0
2025-11-11,383.5413224722138,388.0359473449351,380.7946072722175,384.6400146484375,2492054.0
2025-11-12,387.0371453590838,408.31169109217785,380.7446826721478,405.4151611328125,16384325.0
2025-11-13,406.66365185192825,422.5946117154405,405.2653302528875,416.50189208984375,12453552.0
2025-11-14,414.2545804016652,419.44838118504623,407.5126432884374,410.6588745117188,3320956.0
2025-11-17,412.0072855776808,422.6445584909157,409.1107556056023,420.44720458984375,3740504.0
2025-11-18,421.995323883356,424.4424095515792,416.00249088146217,421.0964050292969,7436143.0
2025-11-19,423.4935281675903,423.9430028309727,407.96211497559193,409.6101379394531,3249725.0
2025-11-20,407.41277986174975,407.41277986174975,390.8326015495343,394.6780090332031,8463319.0
2025-11-21,394.9776549312392,401.4199322441954,394.52818025495424,396.3759765625,3348385.0
2025-11-24,397.4746802399556,401.4199438680725,391.9812497229025,394.7778930664063,1994127.0
2025-11-25,394.5281831095041,396.1262780487045,391.1821784982996,392.7802734375,1628532.0
2025-11-26,393.6791781588651,399.5221963771052,392.0311551950344,397.97406005859375,1595568.0
2025-11-27,397.4746563799335,403.5174173935002,396.2261495191863,399.172607421875,1913627.0
2025-11-28,399.6220856460158,401.3200367030911,395.9264931128155,397.8741760253906,2397734.0
2025-12-01,397.8741854286537,400.5210139633585,392.1809817659014,394.0287780761719,1957799.0
2025-12-02,394.02878209164265,401.2201941093397,392.1809857625416,398.5234069824219,2851443.0
2025-12-03,401.5198099275914,412.0072676495808,399.57212701534354,409.51025390625,10962895.0
2025-12-04,409.51027283665263,411.2581825377847,383.7411020066991,387.8861389160156,12104103.0
2025-12-05,388.8349647532353,393.5293627449266,385.8385482856343,392.1809692382813,4217316.0
2025-12-08,394.72796023591417,395.1274763543079,381.1441988426467,383.341552734375,6232858.0
2025-12-09,382.5425244341481,386.4378599705421,375.101410917848,383.1917419433594,4551712.0
2025-12-10,383.4414393351005,384.49020343701625,377.3487194667183,378.6971130371094,2562204.0
2025-12-11,378.54729117422846,382.242883781836,375.9004626487868,381.29400634765625,1102516.0
2025-12-12,382.2428852302434,388.2856464422318,382.04311193351424,385.8885192871094,1966174.0
2025-12-15,388.5353570736373,391.1322575873213,383.0918546599751,390.1833801269531,1455127.0
2025-12-16,390.1833784419948,391.4318853680738,383.441441041168,384.4402465820313,1015368.0
2025-12-17,384.5401322744527,388.23572495889135,383.2916253514837,385.6388244628906,1318360.0
2025-12-18,388.0359429383141,394.97765346646895,385.5888572318386,391.7814636230469,3763050.0
2025-12-19,394.42830989085127,400.9705046032177,392.9301015495481,398.0739440917969,4142159.0
2025-12-22,398.1738110781788,402.3188478548342,396.8254175413782,398.8230285644531,2260788.0
2025-12-23,400.1214960654377,403.2177992632718,398.5234011425757,401.0703430175781,1907267.0
2025-12-24,403.5174209900412,405.8646200053914,396.87537052789054,397.8741760253906,2707789.0
2025-12-26,397.82423252355983,400.7207929608744,393.5793089984706,394.9776611328125,1962359.0
2025-12-29,395.87659058899607,398.7231925368788,387.5365580501957,389.9336853027344,4725731.0
2025-12-30,390.4330880837269,392.430699207697,388.4354769597568,389.9336853027344,3936901.0
2025-12-31,392.53058548582726,394.4782685222916,387.6863724185936,393.4295043945313,1242838.0
2026-01-01,392.5305636201191,393.4294824787493,385.6388117291206,387.2868347167969,1345267.0
2026-01-02,387.2868508190236,394.2784896474779,385.88852914955794,392.4806518554688,1452427.0
2026-01-05,392.48063273524406,398.47346572482735,387.98600799305655,390.8825378417969,1485564.0
2026-01-06,390.9824344950438,394.1286657988778,382.4925875425031,384.68994140625,1770828.0
2026-01-07,386.5876770019531,393.0799130948704,386.0882742255749,386.5876770019531,4830813.0
2026-01-08,386.5876716942204,387.8861371836522,375.850512149506,377.4985656738281,1288204.0
2026-01-09,375.9004580353413,383.8409435142124,371.7054627204141,379.1465759277344,1597546.0
2026-01-12,379.5461138021703,380.145403235978,365.5129078395671,371.35589599609375,2148460.0
2026-01-13,376.54967474068144,383.4913851810034,369.0586334659994,376.8493041992188,5162057.0
2026-01-14,374.951596181304,383.3915152444128,372.5045408802623,378.54730224609375,3555556.0
2026-01-15,378.54730224609375,378.54730224609375,378.54730224609375,378.54730224609375,0.0
2026-01-16,379.7458860404656,384.789841925165,374.0526821569742,377.1989135742188,3434497.0
2026-01-19,376.05027423215887,377.9479986035065,372.1049802781762,375.6007995605469,2516848.0
2026-01-20,374.55206293750217,375.6007965212772,364.5640079258354,366.4118041992188,9421803.0
2026-01-21,364.5640298258403,369.6079857172813,358.6211245444478,364.4142150878906,2608596.0
2026-01-22,364.5640293970185,373.8529089124918,364.5640293970185,372.5544738769531,1700808.0
2026-01-23,372.1049946027522,375.35111263277344,364.713839646006,365.7626037597656,1896911.0
2026-01-27,367.2108478846206,369.25841751468255,358.870815592992,364.813720703125,3333643.0
2026-01-28,362.9159809240415,371.2060542994213,362.9159809240415,370.0574340820313,2519290.0
2026-01-29,370.7566244654794,370.7566244654794,358.6710714713458,364.8636474609375,3013441.0
2026-01-30,363.5652037031768,367.560425721893,359.5699816844605,366.3618469238281,1851119.0
2026-02-02,369.4581538458975,371.8053529020144,360.1193161858475,369.7078552246094,4695435.0
2026-02-03,384.5401280344826,387.2369151508111,370.4569640024492,371.8552856445313,4840490.0
2026-02-04,373.3535008441989,376.05028801042937,365.6627164298725,368.1097717285156,1872248.0
2026-02-05,368.1097608755789,369.5580410668043,363.0658052102253,367.3606567382813,1513592.0
2026-02-06,367.36065864974057,367.4106172144956,360.6686799437376,364.9635314941406,1797290.0
2026-02-09,368.4094123039057,374.5520599915421,365.9623266528444,373.5033264160156,2278289.0
2026-02-10,373.55326952208014,374.55207505556166,366.31192940433925,370.6067810058594,2703185.0
2026-02-11,370.65672246023456,376.34989544958427,366.8612433195436,374.7518310546875,2634512.0
2026-02-12,376.74944595119854,388.7351119244355,370.8065410470186,374.60198974609375,8323909.0
2026-02-13,373.55327160215705,381.4438292643731,367.8600678371604,377.4985656738281,5387172.0
2026-02-16,376.5496862831532,383.7910264039831,374.1525590980002,379.8956909179688,2108997.0
2026-02-17,379.7458718939709,380.7446774165945,376.4497953806374,378.8968811035156,1118253.0
2026-02-18,379.2464796510253,382.44263912339096,375.3011855347892,378.4973754882813,1489234.0
2026-02-19,378.5472980199264,386.53774230530735,377.14897636620987,382.1929321289063,2784719.0
2026-02-20,383.6412087756994,388.285648377104,381.1941230436378,383.4913940429688,3482530.0
2026-02-23,386.4878038273752,388.8349723881839,382.74228316932897,387.2369079589844,3572627.0
2026-02-24,386.4878153063914,391.5317710832534,384.590060398383,390.28326416015625,2179315.0
2026-02-25,391.5317594430066,396.3759722568301,389.8337778856251,395.3771667480469,3958867.0
2026-02-26,394.37835693359375,400.5709327317662,388.7351119668046,394.37835693359375,5256998.0
2026-02-27,394.57811010506464,395.2273580806331,388.335575579411,389.3343811035156,4394250.0
2026-03-02,379.5460869299813,389.4842137670452,379.5460869299813,387.4866027832031,2439315.0
2026-03-04,381.643591956363,385.13941124584346,374.9016547552221,377.8980712890625,2886127.0
2026-03-05,379.8457159697686,388.5353359324296,379.1964984969548,386.33795166015625,2832306.0
2026-03-06,386.53774470496217,393.7790848835435,385.3391658622637,390.23333740234375,2552685.0
2026-03-09,384.4902013160704,390.4830345015275,378.9468123308471,389.2345275878906,2914481.0
2026-03-10,393.17978371799705,397.9740684644603,391.93127682794807,395.32720947265625,3554902.0
2026-03-11,395.3272213048037,402.3188600983378,393.77908490725736,394.8777770996094,3931225.0
2026-03-12,390.0335552899598,397.0251939251191,388.535347010997,391.7315368652344,1921703.0
2026-03-13,392.93009870983786,398.2237864328608,382.1430109228643,383.09185791015625,4757886.0
2026-03-16,382.54251441541817,387.4366553704608,368.6591237743736,376.599609375,2652299.0
2026-03-17,379.4961565745882,382.5924291960964,374.5021291448983,377.0989990234375,2698117.0
2026-03-18,380.5449104122449,385.5389381079437,376.5496882556859,382.14300537109375,2240407.0
2026-03-19,378.4973737901988,379.4462207700752,365.8125311655239,368.1097717285156,2008502.0
2026-03-20,372.0550459946631,382.1929156483599,369.508104180975,380.4949645996094,12193711.0
2026-03-23,377.54850275181866,377.9480188807275,365.113361302066,366.7114562988281,3017643.0
2026-03-24,373.5532608452968,376.74945067064783,366.6615089205792,368.6091613769531,4115023.0
2026-03-25,370.5568411906687,381.5437017111467,370.5568411906687,379.1965026855469,2037267.0
2026-03-27,378.0978168088466,378.4973634011186,367.7602040780069,369.6579284667969,4192803.0
2026-03-30,364.564011276537,369.5081107452032,356.87319665441754,360.4689025878906,3227869.0
2026-04-01,368.55924278972105,371.4557727479408,361.5676040376125,364.7637939453125,2832071.0
2026-04-02,361.8173015197417,362.7162203962364,341.6913762822945,352.1288757324219,5941534.0
2026-04-06,353.5272246523905,356.5236412009985,345.8364099851796,354.5759582519531,3066911.0
2026-04-07,353.62707585882066,360.61871437416846,337.29663028287246,339.643798828125,15931957.0
2026-04-08,351.2299680074538,353.17765103596923,343.8388129822026,349.3821716308594,6053110.0
2026-04-09,350.0813331387694,351.5296133285126,343.88872675099725,345.2870788574219,2365693.0
2026-04-10,346.5855292755577,350.08134873510943,345.6866103678983,348.1836242675781,2064193.0
2026-04-13,343.63901322648144,346.08609884510867,337.5962522644928,344.587890625,3581778.0
2026-04-15,347.4844328485418,351.42972682837865,347.4844328485418,349.9315185546875,3655984.0
2026-04-16,352.6282645949798,354.57594748488174,346.5855035978985,350.3310241699219,2652908.0
2026-04-17,350.580746263429,358.2715611516869,348.7329499091201,357.6722717285156,2422877.0
2026-04-20,359.0705989622068,362.0670156433935,354.62590202599586,358.6211242675781,1867816.0
2026-04-21,359.5699984601919,364.26439674365054,358.6211209940269,361.0682067871094,2237236.0
2026-04-22,362.0170589855025,362.066987067131,355.7745247257244,357.3725891113281,2600977.0
2026-04-23,357.02305683404126,364.3642532579684,355.1752604662061,357.5723876953125,2299349.0
2026-04-24,357.6223161543533,358.5212655371937,348.08373531311594,349.43212890625,1586087.0
2026-04-27,350.83043714913214,362.1169272763552,350.0813330128707,361.5675964355469,4058236.0
2026-04-28,361.51767785840747,364.2643930969249,358.7210040541504,362.36663818359375,4198319.0
2026-04-29,364.2643769196729,367.7601961588977,360.81848576284426,361.8172912597656,1477358.0
2026-04-30,360.0693887345544,361.21800898242014,353.8268542558,359.22039794921875,1996623.0
2026-05-01,359.22039794921875,359.22039794921875,359.22039794921875,359.22039794921875,0.0
2026-05-04,358.77095935701107,366.0622275495866,358.77095935701107,360.1692810058594,2608351.0
2026-05-05,360.1692637695001,370.45694806633134,358.77094218757026,367.8101196289063,2660976.0
2026-05-06,372.3546844234584,384.0407211609894,370.6067747692797,380.1453857421875,6230919.0
2026-05-07,383.5413055918901,385.8385460110584,379.1465675615413,381.79339599609375,5229003.0
2026-05-08,378.5472960294175,395.92650616251126,376.7993863511814,379.9456176757813,5679695.0
2026-05-11,379.9955869913489,395.7767026260045,371.30596643840295,389.983642578125,12928412.0
2026-05-12,392.4306881788457,406.1143361859269,391.7814706780263,401.9692993164063,11231905.0
2026-05-13,402.5685575087544,419.74802485282544,402.3688146910157,417.1011962890625,11445147.0
2026-05-14,417.0512315263185,423.8930554155589,416.0024979256787,418.49951171875,8089949.0
2026-05-15,417.5007199409487,434.0808981688002,416.8015438634296,429.5862731933594,8177038.0
2026-05-18,427.93822902082695,431.3341616274062,421.8455093695708,425.7408447265625,3394086.0
2026-05-19,426.4899600623509,435.2295084242844,424.6421637410313,427.6385803222656,3984186.0
2026-05-20,425.49115723753226,436.3781314556008,424.6921250032455,432.1831665039063,4845230.0
2026-05-21,435.4791999174393,436.2283040457376,428.58744803331945,430.3353576660156,2683900.0
2026-05-22,432.4827992219276,432.68257252256376,421.24623688648495,429.736083984375,3777650.0
2026-05-25,430.0357186945185,431.983401715513,426.63978591020566,429.5363159179688,1976858.0
2026-05-26,429.5363084560239,439.873951847242,428.9869776038128,435.6290283203125,7107481.0
2026-05-27,435.6290097472132,437.92628067016506,429.78599151597945,431.6837463378906,2573291.0
2026-05-28,431.6837463378906,431.6837463378906,431.6837463378906,431.6837463378906,0.0
2026-05-29,431.6837477718884,439.4744184519966,425.1415534812577,428.1379699707031,6229370.0
2026-06-01,430.6849600680821,434.48040891906254,423.9929507727404,425.1415710449219,4681079.0
2026-06-02,424.4923413909602,425.7408482774042,409.8598467780616,416.3021240234375,3030795.0
2026-06-03,414.504278232107,416.8514772291644,410.6588710004758,411.9573364257813,2368146.0
2026-06-04,412.90621092252735,418.9989309128368,405.56498398670885,415.5530395507813,2493074.0
2026-06-05,415.8027171138854,424.4923371491533,411.00846291029785,411.8074951171875,2479909.0
2026-06-08,409.6101602433647,417.00131518271326,405.3152781096933,408.76116943359375,2875099.0
2026-06-09,411.1083653470826,417.0013119223347,409.51027039079577,415.8526916503906,3205041.0
2026-06-10,416.0524192841422,421.0464467895628,412.3068986550768,414.1047668457031,3001231.0
2026-06-11,414.1546900926547,419.29853226695366,411.65767636909936,415.4531555175781,1772908.0
2026-06-12,418.9989144773643,421.6457430017948,414.0048868912216,418.49951171875,1674659.0
2026-06-15,421.49594480385497,421.64575954109074,412.40680814432375,415.5530395507813,3231332.0
2026-06-16,417.5007120645887,423.0440705706036,413.15590190740426,415.95257568359375,2806167.0
2026-06-17,415.9525742685081,417.2010811783294,406.26414845584463,411.3580627441406,1646656.0
2026-06-18,411.3580712759014,414.903818780884,409.1107587916128,413.3556823730469,1664666.0
2026-06-19,412.5066788325672,417.201076958463,411.6077599628133,415.0036926269531,1865496.0
2026-06-22,415.5031010743477,423.9929480914919,412.6065711294296,420.5970153808594,3013395.0
2026-06-23,422.9442204293408,431.6338103864105,419.79795857615255,422.6945190429688,6927189.0
2026-06-24,425.94061208541154,427.7883778512963,418.1998695618556,420.14752197265625,7398931.0
2026-06-25,422.49474769849496,425.2414629613103,413.9549724374653,415.6529235839844,2347786.0
2026-06-26,415.6529235839844,415.6529235839844,415.6529235839844,415.6529235839844,0.0
2026-06-29,416.3021341872719,421.29616185497497,413.0060881190384,414.7539978027344,3282287.0
2026-06-30,415.6528977831043,420.59699714172666,410.7088289056066,417.8003234863281,6045593.0
2026-07-01,420.9465878276599,430.1855386513061,415.9026017920215,417.7004699707031,6386499.0
2026-07-02,419.99773053766273,420.4971333088133,414.2046705847661,418.1000061035156,2609668.0
2026-07-03,418.6000061035156,428.7999877929688,418.6000061035156,426.7999877929688,6403875.0
2026-07-06,431.0,431.75,419.75,424.2999877929688,3802294.0
2026-07-07,425.0,426.6000061035156,405.2000122070313,406.8999938964844,3261586.0
2026-07-08,405.5499877929688,411.0499877929688,395.25,397.0499877929688,2984173.0
2026-07-09,399.7999877929688,409.6000061035156,394.8500061035156,403.5499877929688,5590149.0
2026-07-10,407.2000122070313,419.7999877929688,404.0,418.5,4324350.0
2026-07-13,413.5,415.6000061035156,402.7000122070313,410.9500122070313,7504643.0
2026-07-14,427.3500061035156,444.5,422.2000122070313,437.2999877929688,43015136.0
2026-07-15,438.0,441.25,431.1000061035156,434.6000061035156,10227698.0
2026-07-16,438.3999938964844,447.1499938964844,434.0,440.7000122070313,7716191.0
2026-07-17,444.3999938964844,444.4500122070313,432.7999877929688,437.2000122070313,8811391.0
2026-07-20,440.3999938964844,442.6000061035156,435.4500122070313,436.5,3615759.0
2026-07-21,435.7999877929688,441.6000061035156,434.5,440.2999877929688,3318862.0
2026-07-22,435.0,441.5,426.3500061035156,437.9500122070313,6102889.0
2026-07-23,435.75,437.75,428.4500122070313,435.2000122070313,4438335.0
2026-07-24,431.2000122070313,435.0,426.7000122070313,433.6499938964844,2748079.0
2026-07-27,437.0,437.5499877929688,434.0499877929688,436.25,2570388.0
2026-07-28,436.5499877929688,439.9500122070313,429.6000061035156,432.4500122070313,3429523.0
2026-07-29,434.9500122070313,435.5,427.1000061035156,431.1000061035156,3351508.0
2026-07-30,430.8500061035156,432.7000122070313,421.3500061035156,425.3500061035156,4969746.0
2026-07-31,425.9500122070313,428.25,422.8999938964844,425.7000122070313,2304756.0
2026-08-03,429.0,429.5,423.2999877929688,427.0,3389704.0
2026-08-04,425.9500122070313,427.0,421.6499938964844,422.0,2478487.0
2026-08-05,426.0,428.6499938964844,422.2999877929688,425.2000122070313,3296172.0
2026-08-06,428.0,442.5,421.25,436.6000061035156,10929015.0
2026-08-07,430.0,436.2000122070313,425.2999877929688,426.3500061035156,5265823.0
2026-08-10,426.0,429.8999938964844,423.0,426.1000061035156,2289723.0
2026-08-11,424.1000061035156,426.0,420.2999877929688,426.0,1959909.0
2026-08-12,427.75,430.5,422.6000061035156,427.3999938964844,3793310.0
2026-08-13,424.1000061035156,425.2999877929688,416.2000122070313,420.0,4627924.0
2026-08-14,418.0,420.7999877929688,413.1499938964844,417.0,3992844.0
2026-08-17,416.0,416.6499938964844,408.6499938964844,412.0,3190219.0
2026-08-18,413.5,421.6000061035156,412.2000122070313,417.5,2691030.0
2026-08-19,416.5499877929688,417.75,411.0,412.75,1683297.0
2026-08-20,414.0,415.9500122070313,411.0,412.5,1981150.0
2026-08-21,412.5,416.0,411.0,415.5499877929688,2225359.0
2026-08-24,414.5499877929688,414.5499877929688,409.0,409.3999938964844,1761155.0
2026-08-25,410.8999938964844,417.2000122070313,407.0,417.2000122070313,3087232.0
2026-08-26,417.7999877929688,419.4500122070313,414.75,417.5,2245587.0
2026-08-27,415.0,421.6000061035156,415.0,418.3999938964844,1713404.0
2026-08-28,416.3999938964844,418.6499938964844,410.0,411.1000061035156,2187557.0
2026-08-31,411.1000061035156,412.2000122070313,401.6499938964844,412.0,3746419.0
2026-09-01,407.1499938964844,407.9500122070313,400.3500061035156,401.0499877929688,2120745.0
2026-09-02,400.0,402.3999938964844,397.8999938964844,401.0,1433504.0
2026-09-03,402.5,405.7000122070313,400.6000061035156,402.0,1279896.0
2026-09-04,404.0,404.8999938964844,396.2000122070313,397.3999938964844,3108555.0
2026-09-07,396.5,397.3500061035156,388.6499938964844,391.3999938964844,2488189.0
2026-09-08,392.1499938964844,399.8999938964844,390.8999938964844,392.2999877929688,2791301.0
2026-09-09,394.0,403.9500122070313,393.0,395.0,10271402.0
2026-09-10,397.0,397.9500122070313,388.4500122070313,391.6499938964844,4737510.0
2026-09-11,391.5499877929688,396.8500061035156,384.6499938964844,390.6499938964844,3665623.0
2026-09-14,390.6499938964844,390.6499938964844,390.6499938964844,390.6499938964844,0.0
2026-09-15,391.9500122070313,392.0499877929688,381.0,382.0,2543144.0
2026-09-16,381.0,383.5,373.5,374.3999938964844,1763053.0
2026-09-17,374.0,382.0,370.5,380.0,3043285.0
2026-09-18,380.0499877929688,388.0,379.2999877929688,385.0,7901211.0
2026-09-21,388.2999877929688,396.1499938964844,387.6000061035156,395.0,3037626.0
2026-09-22,394.2999877929688,396.25,389.0,390.0,2816261.0
2026-09-23,389.0,397.2,388.6,395.0,2665586.0
