Date,Open,High,Low,Close,Volume
2021-09-23,567.777184434796,596.4087935622208,567.678137393941,580.5078735351562,3186741.0
2021-09-24,585.5107155320865,591.8512956913091,568.6686137316711,570.7490844726562,1829086.0
2021-09-27,572.6315789473684,576.44579624613,563.6161232585139,566.8359375,2072323.0
2021-09-28,569.6595173475172,571.5418947225838,545.9319479660832,549.5975952148438,1920986.0
2021-09-29,548.8545966884876,572.4830601022962,539.0465210441077,568.1239624023438,4750941.0
2021-09-30,572.6316306300537,575.2074580684165,556.7802360105367,559.0093383789062,1727522.0
2021-10-01,558.7616505417615,562.724499127164,550.8359533709563,553.4613647460938,858829.0
2021-10-04,555.3931671073829,567.8266520691319,554.0557299885036,559.1083374023438,2246455.0
2021-10-05,558.7616636954698,561.882431217248,550.3406102532508,553.5604248046875,1954471.0
2021-10-06,555.4924024558862,577.1394421697953,552.0249093824641,555.0465698242188,2205904.0
2021-10-07,560.6438936271547,581.1020582720412,557.8203284048624,578.4271240234375,2592321.0
2021-10-08,579.5665549208109,579.8637564450659,562.7244499060181,563.814208984375,1462742.0
2021-10-11,560.7430389313031,574.7120551131331,560.7430389313031,565.0526123046875,1104683.0
2021-10-12,566.4396015248672,571.3436381529284,561.386994373691,567.7770385742188,1139526.0
2021-10-13,570.7987308579899,594.8234963474703,567.8265949211469,588.978271484375,2968636.0
2021-10-14,590.4643953368319,604.2848408448288,580.804952627882,588.4829711914062,3279153.0
2021-10-18,588.4829605134395,604.3343533892223,581.4489291121168,593.1888427734375,2760568.0
2021-10-19,594.9225677853988,628.111420442869,583.4798560523712,602.6005859375,4247224.0
2021-10-20,604.631612029517,610.377730396152,584.5696910259217,589.2755737304688,2395624.0
2021-10-21,595.120891343731,618.1054288221078,586.5016822308048,608.4459838867188,4177273.0
2021-10-22,608.2972481346233,614.5387224631976,588.6811600441314,592.8421630859375,3648203.0
2021-10-25,594.4272247462939,596.6068033306832,556.0371331480958,571.9380493164062,2083330.0
2021-10-26,573.0775094142232,606.0682150330321,572.9784019088954,599.2818603515625,3596997.0
2021-10-27,601.3622349889736,625.3870030260124,597.6965881845142,617.708984375,3816610.0
2021-10-28,616.222884355116,624.1485806169181,597.8947117496986,603.3436279296875,1790909.0
2021-10-29,603.3436884436001,628.1610152588331,583.2817677687513,609.040283203125,3373992.0
2021-11-01,624.1486630330713,625.8328858047514,549.0526931300482,583.1827392578125,11275046.0
2021-11-02,582.538718640035,607.85140086824,580.5572944269736,604.13623046875,2877599.0
2021-11-03,599.3808320022819,611.2693774304263,599.3808320022819,607.1578979492188,2025687.0
2021-11-04,610.0804974519156,613.2507882570759,603.8885468435041,609.3374633789062,228055.0
2021-11-08,609.2879411721676,636.4334768848689,608.8421086337539,632.3715209960938,2932399.0
2021-11-09,634.0557861328125,645.3994525252492,629.1022253036499,634.0557861328125,2148352.0
2021-11-10,625.1393836905474,646.6378500252239,625.1393836905474,641.634765625,1771230.0
2021-11-11,641.6347530766844,653.8205005218849,626.2291306509135,633.5604248046875,3057739.0
2021-11-12,638.9102793555315,661.2013023688437,633.5604096450286,656.2477416992188,3233137.0
2021-11-15,656.8422053579145,658.8236298084662,626.1301263743619,642.3282470703125,3210559.0
2021-11-16,640.0495127023481,647.9256856537185,634.0557168476755,637.8699340820312,2071850.0
2021-11-17,636.0372010924061,638.3653504604982,617.2136702189548,620.5325317382812,2422452.0
2021-11-18,619.2446084081671,628.4086956646136,607.0588612310869,611.5665893554688,1783991.0
2021-11-22,612.2104770238614,616.3218954390139,582.5386412799791,589.8699340820312,1717703.0
2021-11-23,579.9628431053036,605.1268922369135,579.9628431053036,600.5696411132812,2528257.0
2021-11-24,600.6192947473179,603.8391095232829,579.7648142151075,585.1146240234375,1930305.0
2021-11-25,585.5109289857206,589.9691340287592,572.8793480304449,578.9226684570312,1399436.0
2021-11-26,576.2477056355427,577.4860957357926,531.81423255762,539.7399291992188,5101440.0
2021-11-29,539.7399508597408,552.8173629368468,519.1826743706017,537.1641235351562,3844070.0
2021-11-30,535.9753187354536,559.8019358757866,534.984606501192,545.3870849609375,3525992.0
2021-12-01,548.8545234166899,564.7059175947892,545.1888764193503,554.1052856445312,1646944.0
2021-12-02,554.8484085699076,563.3685705855538,551.7277011224758,561.3871459960938,1346915.0
2021-12-03,561.3871823135722,570.0559154532613,554.8484444643796,562.5759887695312,1807177.0
2021-12-06,567.08361026182,567.08361026182,547.9628190303973,550.3900756835938,654349.0
2021-12-07,552.8173794616663,566.1919934809001,552.8173794616663,557.126953125,1190150.0
2021-12-08,559.7524619785853,568.8175039129846,555.2942565291984,562.8732299804688,1098677.0
2021-12-09,565.6965544511602,576.9411115125781,561.7337064339891,572.2352294921875,2744483.0
2021-12-10,564.7059496014662,576.3963413767541,564.7059496014662,574.4149169921875,929205.0
2021-12-13,577.0898441102734,583.5294732720189,571.4427725978574,573.671875,1506845.0
2021-12-14,555.7893265962049,573.7707701733822,547.5169071523493,549.7955322265625,4027319.0
2021-12-15,540.9288011381365,553.8080583080921,533.0031044181638,536.8173217773438,2809173.0
2021-12-16,541.7708503561751,548.8544655702445,535.5789001579548,540.6810913085938,1464659.0
2021-12-17,537.0650355511415,540.3839575545242,502.3901403271592,505.6099548339844,4467775.0
2021-12-20,497.8328507679246,498.67496213445855,464.8916720852709,488.2229309082031,4183887.0
2021-12-21,494.0186032036854,513.78329228179,485.59755000278426,500.30963134765625,3193783.0
2021-12-22,505.2632453427677,511.6533514216404,500.30968411391706,508.2353820800781,1546546.0
2021-12-23,511.20745166104064,536.7678121504389,511.20745166104064,534.6378173828125,3109272.0
2021-12-24,535.9752170618176,536.9659291081426,512.842114967435,515.2197875976562,1838454.0
2021-12-27,510.7121534524057,525.0774807561106,505.3127597170132,521.857666015625,1231611.0
2021-12-28,523.0464933060294,530.2786799297734,514.8731180432166,518.1424560546875,1067068.0
2021-12-29,520.5202276740188,520.5202276740188,508.6812044808849,512.4954223632812,1190639.0
2021-12-30,514.8730520127076,514.8730520127076,499.5665391171512,503.9752197265625,1876161.0
2021-12-31,507.4923818945152,517.7462301378681,505.2632791921967,515.5667114257812,1206300.0
2022-01-03,516.1609993247223,534.3405420042266,514.5263001875386,532.2600708007812,1873169.0
2022-01-04,534.9845363815032,542.6130316791152,530.2786538855548,540.9783325195312,1821625.0
2022-01-05,540.9288792140047,565.7462085568162,537.2137083402822,562.7245483398438,4130279.0
2022-01-06,554.7987460619954,561.5355758848096,548.1609632565294,559.6532592773438,1867316.0
2022-01-07,560.2476696535335,572.5820468880999,560.2476696535335,569.5108032226562,2641127.0
2022-01-10,569.659573616455,574.1177789751924,554.8979361302122,555.938232421875,1322019.0
2022-01-11,556.7802702764216,576.1486821754783,546.2787448820056,573.8700561523438,3378759.0
2022-01-12,576.5944959742499,596.4087398221623,573.870037445162,592.8917236328125,3385873.0
2022-01-13,590.4644574302067,595.9133744031365,580.0619795727954,583.92578125,1103090.0
2022-01-14,585.5108380089296,588.8296992824181,576.8421073277483,580.7554321289062,1443887.0
2022-01-17,581.5479606566598,599.1826226680984,581.5479606566598,595.1207275390625,1705243.0
2022-01-18,603.3436280723245,620.1857326326357,598.7863769080163,606.7615966796875,7751596.0
2022-01-19,604.3343238957682,608.9411589127703,586.4024607674774,606.414794921875,2341966.0
2022-01-20,606.3158671467365,646.2910802786604,602.5016493593486,643.120849609375,9235083.0
2022-01-21,639.0093009681091,658.575864834962,625.1393316447702,648.0743408203125,6704600.0
2022-01-24,653.869991137855,668.6316257311533,619.3932218806036,637.4241943359375,8279847.0
2022-01-25,637.0279113514584,658.1795915301744,624.2477004511893,637.622314453125,5186341.0
2022-01-27,628.1114755968425,652.8792782623332,624.8421377386514,648.8173828125,3916323.0
2022-01-28,654.6624992935213,666.4024731651848,632.0742770354374,634.105224609375,3577840.0
2022-01-31,639.2074511496378,642.5758359672367,621.3746335690307,623.6532592773438,3001896.0
2022-02-01,629.8947710455791,653.8700170995501,629.647093008799,647.876220703125,2408748.0
2022-02-02,636.037226670262,645.5480395172743,616.8173859760943,633.2632446289062,7515581.0
2022-02-03,633.2631964850627,639.5046707206735,624.1486329264512,636.7802124023438,2271472.0
2022-02-04,639.2569980639834,673.6842443758368,637.5727753593899,669.4241943359375,4779062.0
2022-02-07,675.6656927579686,675.6656927579686,640.842136165319,644.0619506835938,4384201.0
2022-02-08,639.009347429747,661.1517401650038,638.2663133048286,651.3932495117188,2630525.0
2022-02-09,657.8327466052183,678.0432949352127,654.365254717992,676.6067504882812,2574872.0
2022-02-10,679.9321884613645,693.1833973899079,668.6165044491506,685.6396484375,4068283.0
2022-02-11,674.9690809622159,686.8803000380198,668.6660851013736,675.3164672851562,2487787.0
2022-02-14,655.1170654296875,668.0208864154238,648.6651549368194,655.1170654296875,2172447.0
2022-02-15,660.4274327191142,668.0208589901058,638.7887305327356,666.1845703125,2659020.0
2022-02-16,670.0060187635603,690.751414540934,661.2215196398733,664.7948608398438,3993552.0
2022-02-17,671.8921229403928,674.6713956166694,661.2216545387091,670.7009887695312,1384998.0
2022-02-18,667.0282187182345,678.3935181925768,665.0926336454147,668.1200561523438,1074862.0
2022-02-21,665.0431542033272,676.9047569062112,655.7126737765863,669.1624755859375,1251311.0
2022-02-22,659.2363509503328,695.813694238567,645.0421001616173,686.4832153320312,6128200.0
2022-02-23,692.7864038498684,698.6923963818225,676.7062433757053,679.2373657226562,2788938.0
2022-02-24,658.094822360697,671.7430935635017,638.2427915202536,643.056884765625,2982071.0
2022-02-25,654.1244590582895,683.3565885031823,652.1392558441521,678.740966796875,1632149.0
2022-02-28,674.969074314133,687.8728948524914,663.0578553556483,685.8380737304688,2217246.0
2022-03-02,674.9691365760073,692.6374342108361,663.3556849034946,674.4232177734375,2401524.0
2022-03-03,689.8580794957822,689.8580794957822,668.1200812465795,670.8994140625,1614018.0
2022-03-04,664.9935367130078,668.9639436066343,639.334745812785,653.6282348632812,2507093.0
2022-03-07,642.3125428079969,643.2059085811331,591.5906196209187,602.8070068359375,3684167.0
2022-03-08,602.8069473389016,616.9515203213527,590.6971955459788,610.9959106445312,2672403.0
2022-03-09,616.5047972389699,639.9302301222893,608.7625172811674,635.7612915039062,3413357.0
2022-03-10,643.0569138783084,670.7009044252877,643.0569138783084,665.48974609375,2425990.0
2022-03-11,657.4000319064037,670.0060844264045,656.1592798982066,666.4823608398438,1452682.0
2022-03-14,664.0503832747228,676.6564340574922,653.1813850640472,674.2245483398438,1608380.0
2022-03-15,674.4728180398495,693.6796356446317,670.7009439041016,680.7261962890625,3511719.0
2022-03-16,686.8803443173856,708.2212798705992,685.5899742843758,692.2404174804688,2941360.0
2022-03-17,702.7619263386146,718.5939338297695,698.8907559007697,714.5242309570312,2591783.0
2022-03-21,712.5887225354736,714.5242472148425,691.0988733706538,692.68701171875,1702087.0
2022-03-22,691.843392596173,714.6732319501356,680.0810865537671,706.6828002929688,1744155.0
2022-03-23,711.198998203152,724.9465051980674,709.1145592178488,716.41015625,3237859.0
2022-03-24,712.2909359868431,729.0659284863398,711.1990983804798,725.939208984375,1944920.0
2022-03-25,727.4776737135134,734.4755022692401,719.9338658583138,726.8324584960938,1442309.0
2022-03-28,728.5695917518598,730.6044129636031,716.9065226740881,721.3732299804688,986065.0
2022-03-29,720.2316499910818,726.4354095885228,700.9255985907171,709.9086303710938,1888601.0
2022-03-30,717.3035359580196,731.2495756502414,711.9434633424996,728.0236206054688,2011375.0
2022-03-31,724.3509677102833,732.4903123864042,710.2063958844915,713.1345825195312,1680132.0
2022-04-01,714.673163745143,714.8220782210279,690.7018104777535,702.5137939453125,3120135.0
2022-04-04,704.6975317580342,708.6183202710954,690.8507270517014,694.3744506835938,1961331.0
2022-04-05,699.5855563513722,709.6108682996078,688.1706385911806,699.3870239257812,1511295.0
2022-04-06,684.8951107257204,703.1093260311478,684.8951107257204,697.55078125,1839420.0
2022-04-07,697.7988414563046,701.9677797950936,679.9320147902826,681.6690673828125,1237183.0
2022-04-08,708.7175724966822,745.890516112002,702.1664258919161,736.2622680664062,12316063.0
2022-04-11,741.4733563201534,752.342355386946,736.5103485803933,738.5947875976562,3389385.0
2022-04-12,737.3044709059575,739.2896741451138,718.6435725746065,735.2200317382812,1811999.0
2022-04-13,737.5030878206738,745.4439016868453,723.0111267483517,724.8970336914062,1323247.0
2022-04-18,722.0185486923855,724.5000531069405,706.0376239124885,719.4873657226562,1585086.0
2022-04-19,722.6138775983533,755.717112730173,722.365727228299,731.3983764648438,4021576.0
2022-04-20,732.5399007513382,739.488111192069,702.2159373017231,704.59814453125,1927461.0
2022-04-21,714.1768356352142,720.628745894601,705.8389581434925,715.2190551757812,1676681.0
2022-04-22,714.4745073522575,715.0701045688729,700.5284691792564,708.2211303710938,1439751.0
2022-04-25,704.6974723092433,716.1620079285964,694.3743921056654,709.9086303710938,1400362.0
2022-04-26,715.6657855448299,762.3180628272252,714.822098380608,758.34765625,5406268.0
2022-04-27,753.1860766056353,757.1564829773926,736.5103819609734,739.04150390625,1716491.0
2022-04-28,750.4067828309591,751.3497664340391,727.9243331595314,734.674072265625,1506403.0
2022-04-29,741.4734486536327,749.315026092378,729.9592934970021,733.2844848632812,1377584.0
2022-05-02,729.4629572192076,744.3519815691689,722.762896261725,740.9771118164062,1031975.0
2022-05-04,741.4733657380021,745.8904547992105,703.5063560465984,706.8812255859375,1342298.0
2022-05-05,715.6160965018975,731.3488067680869,707.079686858571,710.0078735351562,1560432.0
2022-05-06,690.9499505512838,694.7715030671076,624.5449397629573,632.1383056640625,8926118.0
2022-05-09,617.3982106729102,639.6821292680968,613.9737229503687,630.6990966796875,2966225.0
2022-05-10,629.3094360378459,644.0992246198077,626.7783139875359,633.230224609375,2711145.0
2022-05-11,635.2650907728778,641.41923345646,612.1871011471443,619.9293823242188,2465676.0
2022-05-12,615.313843917038,619.6316372600185,595.9581099537695,604.6929931640625,2330770.0
2022-05-13,611.4425964851358,649.4592263252038,611.4425964851358,627.3738403320312,3701646.0
2022-05-16,633.6271226759853,643.9998201302186,625.9344613012723,630.9967651367188,1472809.0
2022-05-17,635.2650116458999,657.003010496595,633.9746417077126,654.8192749023438,1577987.0
2022-05-18,657.1021675561699,663.0577763255611,640.7242434403438,657.8466186523438,1854119.0
2022-05-19,637.250232292994,650.1044352324453,628.8131186255633,633.8257446289062,1221336.0
2022-05-20,639.930321750248,660.0801239433787,637.3991995571098,641.07177734375,1256877.0
2022-05-23,645.1910220418049,666.8297242027962,641.3695302216095,646.5806884765625,1652937.0
2022-05-24,647.6725520434621,653.4296292782407,635.2650318893728,637.945068359375,1874615.0
2022-05-25,640.2280563227285,648.4666377989994,623.0064421419044,625.0908813476562,1283514.0
2022-05-26,629.3093848928967,644.1984081947791,613.3285241156459,634.1731567382812,1086166.0
2022-05-27,643.2058455450889,655.117064907035,639.2354390911069,651.8414916992188,988345.0
2022-05-30,657.0030427945853,673.8772704959594,656.1096770946037,671.59423828125,1518848.0
2022-05-31,674.9691474279284,678.691403755656,660.229036603567,674.5720825195312,1628241.0
2022-06-01,674.5719731399303,677.0534769560477,660.6259338100681,666.58154296875,610383.0
2022-06-02,664.050496378512,676.9543176833262,661.4200778021691,674.1254272460938,715408.0
2022-06-03,676.9543046562666,685.9869551623771,651.1466625432711,653.5289306640625,965282.0
2022-06-06,647.3250823875225,656.804414448328,639.1857380974348,653.9754638671875,854144.0
2022-06-07,653.0326113923913,656.6555708518267,640.2280266264255,654.9185180664062,1306464.0
2022-06-08,659.9311646124021,711.8938959104117,654.1244693531003,664.9934692382812,2799124.0
2022-06-09,664.4971403005619,676.557213155625,659.0874495691568,671.1475830078125,1022515.0
2022-06-10,661.568992863105,668.2194359658449,643.2058625285702,645.5384521484375,1389595.0
2022-06-13,633.2798316592261,634.1235188002559,602.3602670555925,604.494384765625,1669759.0
2022-06-14,595.5610273671454,623.8501761670847,595.5610273671454,614.2715454101562,3085086.0
2022-06-15,615.3137276497276,631.2945884380727,612.7329272587884,628.4656982421875,1782217.0
2022-06-16,634.2724192831718,652.1392479953738,614.8670702152488,621.4678344726562,2835716.0
2022-06-17,615.4130170964111,641.419192193656,610.54924482463,636.555419921875,2149896.0
2022-06-20,635.5628913429534,640.6251966414901,606.7774404600383,614.6190185546875,1555745.0
2022-06-21,624.5448521149732,627.3241240923361,610.449899235422,621.1699829101562,2114220.0
2022-06-22,622.2619721207006,622.2619721207006,606.7277327262553,612.5841064453125,1280638.0
2022-06-23,615.413083186855,643.7022329785088,609.1597042969994,631.7413940429688,3586014.0
2022-06-24,637.2006253280531,648.2680970973855,627.1256946001917,642.9577026367188,2849874.0
2022-06-27,650.1043580796688,652.4369473480479,628.217507338942,629.5574951171875,2076389.0
2022-06-28,629.5576141930362,638.1932609072796,622.3612520284331,636.0591430664062,1387622.0
2022-06-29,627.3242381377211,636.059120476084,617.5471361913234,634.12353515625,1961040.0
2022-06-30,631.8405320597294,632.2872148934057,612.7825693528171,614.9166870117188,2517206.0
2022-07-01,611.6411338482856,638.3917597765362,611.4922193709984,635.6124267578125,1694794.0
2022-07-04,630.3019805104495,649.7569465415879,627.4234117990917,647.9702758789062,917061.0
2022-07-05,652.2383931259137,652.3873075778896,635.9101476260167,638.2427368164062,1436259.0
2022-07-06,640.2280494865992,647.1762608763762,630.3020332154891,638.8880615234375,2752147.0
2022-07-07,644.1984089231838,648.1688151415085,630.9472024029615,637.44873046875,2541308.0
2022-07-08,642.7095265434484,642.7095265434484,611.7403449623969,626.281982421875,2764723.0
2022-07-11,626.3315175680907,636.5553004291096,623.7507780207369,633.329345703125,1671777.0
2022-07-12,630.4013009045319,635.8606101286838,613.5767509442518,615.611572265625,1754910.0
2022-07-13,620.2767556466077,625.3389995043967,614.4203820527326,622.2122802734375,1305118.0
2022-07-14,627.32410018815,627.32410018815,607.5713076101849,611.88916015625,1585312.0
2022-07-15,615.4129057201301,633.2301140589058,611.4424998767745,629.309326171875,3165829.0
2022-07-18,631.3938417973133,668.2193968233701,630.351622253393,665.4401245117188,3287791.0
2022-07-19,663.0578810315164,680.4284093519528,658.2437874161477,678.8402709960938,1996430.0
2022-07-20,682.165393587795,683.7535317839565,664.2489482956228,667.3259887695312,1037170.0
2022-07-21,670.6050023518764,685.6088826260136,662.7552532051465,681.6343383789062,1993115.0
2022-07-22,687.5465205341164,698.3771177780023,678.8522045451841,681.5350341796875,2248352.0
2022-07-25,685.6090111903286,689.037068375629,674.3809337161256,680.4917602539062,1045998.0
2022-07-26,680.4916819393612,681.8331271079645,670.3069115684332,673.4368896484375,1158371.0
2022-07-27,672.3936415938181,680.6408100829935,662.9044278307686,672.4929809570312,940562.0
2022-07-28,673.8344089913983,690.577154595927,673.8344089913983,685.7083129882812,2762476.0
2022-07-29,693.5579542604794,707.4688587871939,689.5834101099896,696.2407836914062,3014502.0
2022-08-01,703.9414896467673,734.2473899421746,684.7643255236102,729.1798095703125,4675128.0
2022-08-02,730.2729081717031,743.7366660149712,725.3543970486693,741.997802734375,1549018.0
2022-08-03,741.9481842170651,753.9711583275409,731.8627522354669,752.679443359375,1421319.0
2022-08-04,758.5418397924599,762.5660539572071,743.289488931739,758.1940307617188,1434681.0
2022-08-05,759.1379832170735,782.4884316537243,759.1379832170735,766.2921752929688,3009385.0
2022-08-08,769.9189877143252,778.5139651298476,766.2425822802433,771.0120239257812,1033732.0
2022-08-10,775.2349476780869,777.569968405984,759.3367690459671,766.9380493164062,1077124.0
2022-08-11,770.0679856529898,777.0234384266298,765.3482141280199,772.6017456054688,889980.0
2022-08-12,776.5266348710657,782.0909729351836,768.5775458384765,778.712646484375,1034521.0
2022-08-16,779.010693266487,787.4069303423922,774.3405915218947,783.4820556640625,976697.0
2022-08-17,784.9228386202883,795.9025052462107,779.3584401481296,784.8731689453125,1168020.0
2022-08-18,784.972570877728,788.6490368200474,772.3533794443965,776.7254028320312,901648.0
2022-08-19,776.7253638014774,787.9534397799658,767.2361510255298,772.8501586914062,1537476.0
2022-08-22,773.0488826539715,781.4451197941489,762.2182249493546,767.434814453125,942701.0
2022-08-23,756.1571236970417,784.8732332052043,756.1571236970417,782.0910034179688,1303352.0
2022-08-24,782.289749642144,795.6044986661617,775.3342964065281,793.7662353515625,1614068.0
2022-08-25,797.8400900424714,801.4668252895062,777.3711507277112,780.848876953125,1197920.0
2022-08-26,785.4693794705549,793.1700596614428,781.9916529327346,791.1331176757812,717434.0
2022-08-29,765.5966969474516,784.9726029701321,755.7100045655048,782.4388427734375,1334686.0
2022-08-30,772.0553540656975,787.9535338147982,766.6400244593117,785.3203735351562,2342679.0
2022-09-01,777.4705338689743,800.1254235169473,777.271794531055,784.2769165039062,1364563.0
2022-09-02,787.7546501072721,809.2172252242603,782.3890518130738,785.4692993164062,1758580.0
2022-09-05,785.3700485827029,797.7905006374222,785.1713092204798,794.6605224609375,767862.0
2022-09-06,796.2005696609993,812.5458951192504,793.2196614551201,796.6973876953125,2045706.0
2022-09-07,795.9025951353718,799.678400560973,790.0401173045174,797.094970703125,707821.0
2022-09-08,800.870750939556,803.0567626372251,790.3382318236122,796.300048828125,615497.0
2022-09-09,802.8083894447864,802.8083894447864,782.0413683596863,785.7178344726562,507719.0
2022-09-12,789.692304592494,798.8337690052648,783.6311485328313,793.120361328125,1569958.0
2022-09-13,796.8961493617967,799.87705765118,789.74195733793,792.822265625,1539094.0
2022-09-14,783.9789396645366,797.7905067132665,776.1291896474761,789.7916870117188,1268116.0
2022-09-15,793.7661860723991,806.7331858883052,782.4387707513906,787.7546997070312,909647.0
2022-09-16,789.9406963947963,789.9406963947963,751.6857066951741,763.7086791992188,2500295.0
2022-09-19,767.0871107955273,783.4324376562045,760.1813273967123,780.6502685546875,1151570.0
2022-09-20,784.5749984636136,793.2196442019822,777.2717977767527,781.4947509765625,722332.0
2022-09-21,781.9419687353819,789.940727494501,764.6030060465641,767.7826538085938,1363648.0
2022-09-22,760.9265177778805,780.7495702201671,754.1698043870275,779.1100463867188,1459136.0
2022-09-23,776.9241259137601,776.973795591655,727.888145777569,733.80029296875,3054292.0
2022-09-26,725.304609078041,727.2918810746125,689.5833828103221,709.4064331054688,2167806.0
2022-09-27,712.9836561795464,719.3429522341834,702.2523971532455,716.06396484375,1565209.0
2022-09-28,711.5428462480744,725.3047437679696,702.5504509230357,715.2689819335938,1116007.0
2022-09-29,718.9951340300813,730.6206897636014,711.5428624889456,723.0194091796875,1228777.0
2022-09-30,722.3735457365627,732.9557959403692,716.6104676798425,727.5404663085938,1157270.0
2022-10-03,728.5340886278508,728.9812370561957,692.2663665981245,695.0982055664062,1140736.0
2022-10-04,711.443467918714,739.712427900418,711.443467918714,733.0550537109375,2855582.0
2022-10-06,741.2525140880479,743.3888559141532,721.5288622011008,724.0626220703125,990000.0
2022-10-07,726.7951850695986,734.2971259865274,720.1874803131896,732.4589233398438,1025301.0
2022-10-10,728.8817881623769,732.6079237374487,717.3059633638629,725.205322265625,866135.0
2022-10-11,728.1862045274097,728.6333529096786,711.4434602044763,714.6231079101562,1401012.0
2022-10-12,718.2001943376906,741.2028953807131,716.4116614038938,739.8614501953125,3320152.0
2022-10-13,741.252622283824,745.1278278118331,718.3989891571109,720.0385131835938,2075054.0
2022-10-14,734.297125887492,735.5888407725607,719.8894014959242,721.9760131835938,921483.0
2022-10-17,721.9759843694859,729.5773249865696,710.1517508667,727.6893920898438,996499.0
2022-10-18,731.3657761285132,744.4321139740412,728.7326770788993,742.04736328125,870559.0
2022-10-19,745.227103190337,748.0589419237655,737.8741715134975,741.69970703125,615231.0
2022-10-20,738.5200536737927,739.8614381906913,715.7160923593616,724.9072265625,1396893.0
2022-10-21,728.5340264657767,739.2156149192909,697.3338275614684,707.9160766601562,2332356.0
2022-10-24,713.9275269453208,719.3428557369527,705.4816202243253,708.7109375,165619.0
2022-10-25,709.9530231823591,718.001451670728,704.7364334388917,711.195068359375,928958.0
2022-10-27,715.2193151003847,715.3187151071046,703.5440899059565,713.182373046875,1073643.0
2022-10-28,715.4180471730939,715.4677168525776,709.5555694722854,711.989990234375,669579.0
2022-10-31,715.567072961197,718.4982509850463,699.8179041397256,704.8357543945312,1706648.0
2022-11-01,705.4816813667195,711.3938287131546,696.5389558282682,704.98486328125,1616369.0
2022-11-02,703.494358448558,748.0589132526012,703.494358448558,739.9608154296875,6548825.0
2022-11-03,736.2843673560222,755.9583504677671,733.6015376937988,753.7723388671875,1865751.0
2022-11-04,757.548285627934,761.9202486496795,753.1762619594459,758.7406005859375,961403.0
2022-11-07,762.5660096290541,762.5660096290541,733.6511637716792,743.5875244140625,1496878.0
2022-11-09,740.4576816085576,752.0832368577479,737.3773731118382,739.9111938476562,863444.0
2022-11-10,735.2907499911672,737.6257706817685,713.8282334393093,717.504638671875,1836837.0
2022-11-11,723.3670125632722,743.9352900223703,720.6841832170022,723.8638305664062,2044099.0
2022-11-14,698.7746321329386,721.8270032604863,690.5771337822855,715.9148559570312,799451.0
2022-11-15,719.5416684527511,719.5416684527511,710.4995427708234,716.9085083007812,774145.0
2022-11-16,717.3059124960458,718.8460362951765,698.9733146374026,702.6497802734375,801476.0
2022-11-17,702.5007617362511,706.6243760390842,690.5771278736839,693.0612182617188,823928.0
2022-11-18,696.5387962734864,710.8471781161111,679.7960548870861,709.25732421875,3429218.0
2022-11-21,709.2573763900267,711.2943180943382,701.8547759383646,709.4561157226562,636092.0
2022-11-22,710.4498996252568,713.3811386131989,703.7925248001192,706.5250244140625,805052.0
2022-11-23,710.1021154632977,717.4053170779019,706.5249888515971,714.07666015625,1002234.0
2022-11-24,716.3123718303546,723.3174950184986,712.4371663321941,717.4550170898438,577838.0
2022-11-25,720.3862227626116,724.1123583975907,713.6791786196494,716.1632690429688,772119.0
2022-11-28,714.424471513749,721.4295950230259,710.4499264705571,715.7161865234375,960285.0
2022-11-29,715.7161458555105,716.1136245959422,707.7173865399355,710.2014770507812,797432.0
2022-11-30,710.2014418931802,717.2065646576374,704.1899552838728,710.30078125,2405895.0
2022-12-01,715.4179672957415,725.254988604751,711.2446836905032,724.2613525390625,1437872.0
2022-12-02,724.3606756753826,729.1797862274248,719.8893134798556,726.9938354492188,1114418.0
2022-12-05,730.3224806533782,738.0728295432108,722.9695497867473,733.0053100585938,1058745.0
2022-12-06,732.3098520196465,737.9239205984383,726.4473744001426,730.1238403320312,1078054.0
2022-12-07,730.123795538736,736.2843514997951,725.5530937287401,731.117431640625,722408.0
2022-12-08,730.3722694747202,745.7736304227686,730.0741907470092,738.1226196289062,1310404.0
2022-12-09,738.470387889703,750.1952821569813,734.7939220597187,739.3646240234375,1370253.0
2022-12-12,740.1098915510449,743.2398698069226,728.3353269632008,741.8487548828125,1341353.0
2022-12-13,745.5748493629592,754.1698261862267,743.2894983826512,746.81689453125,1117440.0
2022-12-14,746.8666329550811,752.9277891833786,744.6309516279116,747.313720703125,675770.0
2022-12-15,745.227097161016,757.4488094251094,738.818131996084,742.8423461914062,660883.0
2022-12-16,739.4143677759561,742.2462065543154,718.3989388738555,725.205322265625,1052542.0
2022-12-19,726.2984340779883,742.0972141739467,715.9645927479919,740.4080810546875,1074203.0
2022-12-20,740.7557744830802,745.1774676271159,731.9123881950089,742.2958984375,733807.0
2022-12-21,742.2958677039962,752.1825594456077,715.4180221939729,717.9517822265625,1325543.0
2022-12-22,720.386245228768,726.0499836999147,707.0714958858434,712.2880859375,758437.0
2022-12-23,707.3199016707665,709.9033921677053,689.8319288846378,694.8001098632812,1314808.0
2022-12-26,692.2166100489848,717.1071821068866,686.6025418518498,706.1771850585938,1041754.0
2022-12-27,709.7542284114987,714.8714783999766,696.687950557466,702.6000366210938,1047240.0
2022-12-28,704.2892174863787,724.0129293934244,700.5134126397941,721.1810302734375,1359579.0
2022-12-29,715.6168105579704,717.1569345540934,707.4689815067745,710.4498901367188,1992059.0
2022-12-30,715.4179915997931,724.2613771435399,713.5300587521554,718.299560546875,816670.0
2023-01-02,723.1682910874157,732.3097547001283,719.9389739873134,727.1925048828125,884199.0
2023-01-03,728.2358532526781,731.316100613418,719.9886258832686,723.8638305664062,572618.0
2023-01-04,723.8639124563027,733.0550465540664,711.0957125899957,713.9275512695312,1002261.0
2023-01-05,716.3619480242538,716.7096963955114,675.672538190633,678.90185546875,3139861.0
2023-01-06,679.100626899288,689.4344062894411,653.8125751973384,663.6495971679688,4278558.0
2023-01-09,662.7553123814647,681.5847295627294,654.2597354240633,674.877685546875,3902568.0
2023-01-10,677.4610837153723,678.5541198180351,659.1284854635039,664.7425537109375,1673245.0
2023-01-11,667.7235229826986,668.8662288655466,654.7565827684094,661.7120361328125,1779331.0
2023-01-12,665.5872283267945,683.5720811241829,663.7490254939298,681.2369995117188,3395939.0
2023-01-13,682.6280720720813,710.4002161001408,680.740139025995,707.1708984375,3136135.0
2023-01-16,707.4689144933027,713.3313918355791,683.9197264180409,686.900634765625,2386105.0
2023-01-17,688.8880170174003,690.5772108134873,671.0025640754683,677.0637817382812,1746787.0
2023-01-18,678.9515103719997,690.4777251019323,675.7221931641417,687.6954956054688,856393.0
2023-01-19,686.552913251089,699.3211135808797,684.7643803018938,696.787353515625,1278954.0
2023-01-20,701.358075467348,706.8230744735013,696.787373284534,701.7555541992188,964737.0
2023-01-23,702.2026985582303,713.2320358664804,702.2026985582303,708.2638549804688,1252665.0
2023-01-24,706.4753318697235,724.41045298967,706.4753318697235,720.883056640625,1287543.0
2023-01-25,719.4423165444467,722.1748162390161,708.6117177794727,713.8283081054688,478845.0
2023-01-27,713.7287696987368,716.3619295161717,691.6203673659026,705.3822631835938,1807271.0
2023-01-30,707.8663303449126,711.5427351297731,692.3159022537537,706.226806640625,2312104.0
2023-01-31,710.4498699738376,710.4995396535787,696.6383027883777,702.4511108398438,2021320.0
2023-02-01,726.4473134956866,769.37240426132,726.4473134956866,745.0283203125,10431675.0
2023-02-02,742.2462406281502,775.0362351940524,737.0793202641751,770.0680541992188,3157794.0
2023-02-03,771.0615830369543,780.004307582486,759.1876199832631,776.1788330078125,1264712.0
2023-02-06,772.6018150457454,779.0107806639744,759.6845444480009,776.1292114257812,1370110.0
2023-02-07,776.1291067566167,783.482037902409,765.8946674079735,776.42724609375,1090651.0
2023-02-08,777.470702012556,795.3064849686714,773.5954963485998,790.984130859375,1183130.0
2023-02-09,790.9342910253861,797.989082679106,785.9661108053774,791.0336303710938,742433.0
2023-02-10,790.2375404640995,793.9697706615055,771.3275741305757,773.865478515625,856228.0
2023-02-13,772.3228357667592,777.1498291919278,764.4104955965083,767.5455932617188,770758.0
2023-02-14,768.3418088172776,775.0598233373769,762.0219231597067,772.47216796875,469562.0
2023-02-15,771.3275713412947,781.2304342451215,768.3417871941672,778.9413452148438,657492.0
2023-02-16,779.289597830402,783.9673380891701,773.3677809467451,778.5431518554688,565034.0
2023-02-17,774.562280080383,783.0220030237601,770.3821695356434,775.6570434570312,519505.0
2023-02-20,775.6569121559512,778.6925078832362,765.0076642619531,766.4507446289062,564503.0
2023-02-21,767.3464560230427,773.2185219433803,764.4601739782812,769.735107421875,439159.0
2023-02-22,769.2375315091176,770.382045628633,758.986290876829,761.7730712890625,675975.0
2023-02-23,762.7683222077624,764.0621498123367,745.450750435977,747.9389038085938,602318.0
2023-02-24,748.4862968371314,761.2754418153395,746.7445894496889,759.235107421875,843827.0
2023-02-27,756.3985551129465,764.4601469940692,746.4459425456708,758.5383911132812,592151.0
2023-02-28,759.3844210365634,766.3512505873575,747.8394135079062,752.9152221679688,845969.0
2023-03-01,756.4483750062625,768.2422584215107,754.0099725557395,763.1166381835938,779296.0
2023-03-02,766.9982169904312,767.744663035353,744.4057712149421,746.446044921875,658126.0
2023-03-03,752.8655255779386,756.5977559637643,745.7493820105894,746.6451416015625,533836.0
2023-03-06,751.4223159228293,772.2233023440989,749.431793231643,765.654541015625,1511840.0
2023-03-08,765.5551234575391,768.3418433827968,752.5171619473924,762.9674072265625,736004.0
2023-03-09,760.9270655618243,771.825189673519,758.4389121457266,763.0171508789062,1135186.0
2023-03-10,757.3939512639852,758.3892126979721,745.9981956956485,749.1830444335938,554915.0
2023-03-13,744.4555281987294,749.4318352054055,734.3038497559234,736.2943725585938,1506345.0
2023-03-14,735.4484007620376,745.3512635326437,727.8843779101775,740.6735229492188,955817.0
2023-03-15,743.1119099950703,756.3488737780691,738.6332339277895,742.4649658203125,893300.0
2023-03-16,743.4601335359092,750.2278977027139,736.3938031514075,743.11181640625,848375.0
2023-03-17,749.8299358241712,762.4199556293344,744.4555001609995,760.0811157226562,1183335.0
2023-03-20,753.412848024959,764.3607229632345,739.3298755105316,742.4152221679688,1266819.0
2023-03-21,746.1474258874836,754.5573962147257,738.6829659661321,751.024169921875,1896931.0
2023-03-22,752.4176657691532,757.5432866002155,741.3204761621454,743.559814453125,1344801.0
2023-03-23,745.2517067215967,748.4365552762141,737.0905512834938,743.1616821289062,836254.0
2023-03-24,737.9863111062424,741.1214087424238,719.3251602859564,724.2019653320312,1218088.0
2023-03-27,724.2019574251212,726.4910464182303,706.5360681747951,712.4578247070312,1826050.0
2023-03-28,714.4482576472788,733.5075347133011,714.4482576472788,728.6805419921875,1411125.0
2023-03-29,728.6806580022194,747.938941785754,727.2375168236388,744.3062133789062,1143861.0
2023-03-31,744.9531708898618,760.479224702218,744.9531708898618,757.6925048828125,1255439.0
2023-04-03,760.3797299307918,777.100109748669,760.3797299307918,774.9105224609375,1271784.0
2023-04-05,775.2588659508663,787.8488859903606,771.6758885267527,778.9413452148438,2070273.0
2023-04-06,791.2328107406784,843.0361543135698,791.2328107406784,837.4129638671875,12172829.0
2023-04-10,843.7825894014388,843.7825894014388,823.1806665986804,825.270751953125,2850243.0
2023-04-11,831.5906661812666,838.3086807569719,817.7067572422883,836.8655395507812,2938742.0
2023-04-12,831.8892126420002,835.5219410318167,814.9697689284314,816.3631591796875,1745975.0
2023-04-13,817.1095043323845,822.3843769249307,811.4862538470734,817.0597534179688,2265370.0
2023-04-17,817.1095887692104,835.9200530526484,815.4176322827427,832.4863891601562,2526926.0
2023-04-18,829.4011366963196,847.8632858948018,829.2021329954791,835.6215209960938,1240081.0
2023-04-19,836.0195739142279,847.1167627949158,834.2281155478844,842.8869018554688,1267087.0
2023-04-20,842.8869326878103,846.6689139875305,834.7755277029626,839.303955078125,554220.0
2023-04-21,835.9697348512323,840.7967278218708,819.2493572850844,833.3820190429688,990268.0
2023-04-24,835.9697907906071,847.3655455023799,834.0290189910238,836.3678588867188,1881240.0
2023-04-25,837.9603289977507,841.9413745080473,832.0385116519976,834.576416015625,839455.0
2023-04-26,836.0195932829146,840.995900385789,831.0432861800401,834.32763671875,458067.0
2023-04-27,834.476887740768,852.9389735607198,828.6048215007287,850.351318359375,1635790.0
2023-04-28,856.8703616849464,869.8087605977344,851.8443034872432,866.9722290039062,1499674.0
2023-05-02,870.6048656643932,890.6594061595507,867.021949103787,870.5551147460938,2287265.0
2023-05-03,871.003048116818,883.7921329495264,867.1215043156249,882.3987426757812,1796299.0
2023-05-04,915.6902324006056,965.403551125807,915.6902324006056,945.6973876953124,12337614.0
2023-05-05,945.4982409739532,994.2660449820836,942.5622079712168,987.14990234375,6761930.0
2023-05-08,985.3087097086652,1000.187878635775,973.8632044948776,997.15234375,3345621.0
2023-05-09,995.211654610816,1003.1737458550714,973.9130362340592,978.8893432617188,2050600.0
2023-05-10,982.2732383025792,990.0860158941738,971.4248648831032,984.91064453125,1990297.0
2023-05-11,998.3466822228828,1001.183213649594,980.431977091408,994.1168212890624,1466977.0
2023-05-12,995.7589267674674,1016.1617833379152,988.7423467790112,1000.287353515625,2231644.0
2023-05-15,1000.2873938986404,1010.1902563440068,994.1167614643972,998.7447509765624,1414453.0
2023-05-16,998.7447562942352,1020.0433733028188,998.3964391230484,1015.564697265625,2314978.0
2023-05-17,1014.9178011004428,1019.147662002308,1002.4272828217694,1006.806396484375,1389487.0
2023-05-18,1006.8063653320572,1044.9746141083451,1006.3087346531177,1037.3609619140625,3347392.0
2023-05-19,1038.0575596490824,1044.1784410824898,1021.038615328088,1038.4556884765625,1114239.0
2023-05-22,1036.0172054872312,1051.4935673564714,1029.448505181199,1048.706787109375,975036.0
2023-05-23,1050.0007722545402,1064.7306895047166,1046.1192285137088,1055.6240234375,2106878.0
2023-05-24,1054.977199696228,1062.391849342623,1045.0245846047542,1047.214111328125,1530243.0
2023-05-25,1047.214042036126,1058.9581756637333,1042.984180902131,1054.4296875,1180607.0
2023-05-26,1055.0267593604435,1058.3608603213136,1036.6641160077202,1044.7257080078125,1013930.0
2023-05-29,1050.9960583342015,1056.7686231604378,1046.0197512398163,1050.39892578125,758768.0
2023-05-30,1052.9865506825693,1052.9865506825693,1031.8372461438123,1041.342041015625,1051231.0
2023-05-31,1041.541113382514,1052.7876164285933,1031.737812342315,1045.9202880859375,2135788.0
2023-06-01,1046.0198234745685,1046.0198234745685,1033.0814241356825,1038.9534912109375,847659.0
2023-06-02,1040.94369953427,1044.675928984633,1031.3892164397096,1034.375,1447106.0
2023-06-05,1036.2163408101287,1051.9912083301415,1031.638163066572,1043.581298828125,1064602.0
2023-06-06,1043.5813867448492,1055.9723425445954,1039.799344838328,1052.2401123046875,734902.0
2023-06-07,1055.9724819698315,1071.8966664293202,1050.7971706172525,1068.1146240234375,1250088.0
2023-06-08,1068.114465731624,1076.6239991378266,1053.6831757038926,1056.5694580078125,746564.0
2023-06-09,1055.9225327683823,1065.9249584259906,1050.996037439632,1060.6500244140625,399906.0
2023-06-12,1062.4415749470895,1070.9012970895255,1049.3041726873505,1068.0150146484375,492042.0
2023-06-13,1075.131168965558,1099.1667570042875,1070.5031789780462,1096.5791015625,1729173.0
2023-06-14,1097.7733610898092,1097.7733610898092,1079.0127073677463,1094.0909423828125,2229661.0
2023-06-15,1098.3703639387404,1118.2259000862398,1091.4035347273775,1107.6263427734375,1371182.0
2023-06-16,1107.626435062881,1125.6406420834371,1106.7306755055547,1121.311279296875,1238110.0
2023-06-19,1123.1027235556292,1144.4511543422589,1122.207085452982,1126.884765625,1000080.0
2023-06-20,1126.8846709765023,1130.965218240067,1111.7567469533828,1116.583740234375,1192136.0
2023-06-21,1121.5598401625057,1149.5266548256973,1119.7683214543515,1128.9744873046875,1068007.0
2023-06-22,1129.6214666234987,1129.6214666234987,1089.811018460556,1094.986328125,824251.0
2023-06-23,1095.0363688956588,1100.8089336838136,1072.2448582553525,1084.9842529296875,976315.0
2023-06-26,1084.834917910092,1084.834917910092,1062.988978939751,1072.49365234375,1188620.0
2023-06-27,1071.8966163695527,1092.7971074965358,1066.372866546384,1088.666748046875,2266411.0
2023-06-28,1096.7780609063193,1125.7899549646015,1090.7566808499676,1122.1572265625,2480325.0
2023-06-30,1122.7543434351292,1142.012626924756,1114.0956179876591,1136.5885009765625,1324535.0
2023-07-03,1141.116860747538,1170.427256630183,1139.5741571781969,1163.6097412109375,1283781.0
2023-07-04,1170.5768887431127,1208.8446464958029,1157.1905480872508,1181.624267578125,2333220.0
2023-07-05,1181.6241386040576,1199.538844432546,1171.6715242548971,1180.827880859375,1314398.0
2023-07-06,1183.2663141338292,1194.3136914816605,1149.77574340349,1159.9771728515625,2164923.0
2023-07-07,1164.4558138145314,1184.3610414011048,1155.0008307109092,1171.173828125,2423669.0
2023-07-10,1183.017463092783,1187.5458294745854,1135.9913629093514,1145.8941650390625,1855765.0
2023-07-11,1152.2139078789382,1169.1333492368776,1123.2518296175415,1126.6357421875,2060175.0
2023-07-12,1133.353812477136,1146.292209458214,1116.0860531122996,1143.107421875,1741178.0
2023-07-13,1149.0790317928786,1159.3799623912882,1136.5884533454455,1145.3468017578125,1156904.0
2023-07-14,1161.5199204037865,1169.4322003112695,1147.287633113886,1158.8326416015625,1162429.0
2023-07-17,1160.723619543743,1168.0885782769503,1154.9013645929592,1159.1312255859375,1017237.0
2023-07-18,1161.470076873568,1162.4155266256023,1128.974767219648,1140.519775390625,1648553.0
2023-07-19,1141.664258553435,1168.1879975567165,1138.1311536923645,1164.75439453125,855773.0
2023-07-20,1169.8798778207429,1172.218839131873,1122.5552746333794,1153.06005859375,2683274.0
2023-07-21,1153.060071163751,1158.6832005271672,1126.3372070582382,1129.372802734375,1743039.0
2023-07-24,1129.6215553784211,1143.9533421415051,1123.3016705343668,1139.9224853515625,1186393.0
2023-07-25,1140.768995689643,1149.433015384875,1115.3743126777824,1122.7437744140625,1848535.0
2023-07-26,1132.3041920839455,1148.0389867393696,1125.3331020711155,1136.83544921875,1192657.0
2023-07-27,1138.0303871486535,1151.076259200898,1125.8309802420065,1131.2584228515625,1048117.0
2023-07-28,1135.1922831173242,1147.1924441618237,1122.5945027957814,1132.9017333984375,1541596.0
2023-07-31,1114.5776907555137,1140.0720608177553,1114.5776907555137,1127.4244384765625,1153814.0
2023-08-01,1131.2088147151128,1133.7482104042742,1120.3538068510554,1125.78125,1034376.0
2023-08-02,1094.4613688107804,1121.7482370779903,1069.016836132335,1094.8597412109375,9033508.0
2023-08-03,1095.4070939496626,1101.6312810864422,1046.6593089208664,1066.0289306640625,2445500.0
2023-08-04,1079.4235067238828,1087.4900293315163,1067.7220343386766,1080.8177490234375,1562887.0
2023-08-07,1077.5314522955896,1079.324067108873,1058.8090457179578,1063.5394287109375,1332355.0
2023-08-08,1063.53938032499,1068.8673823907825,1046.609589330866,1053.431396484375,1948626.0
2023-08-09,1053.431305887632,1061.4978283543355,1045.5140666639263,1051.2901611328125,847254.0
2023-08-10,1050.244525749583,1066.2780091700986,1033.9620748176746,1055.8712158203125,2808684.0
2023-08-11,1060.551861830961,1062.3444767176547,1035.7049503504672,1038.9415283203125,1319743.0
2023-08-14,1034.260940660706,1037.5970811814364,1017.878804581082,1033.5140380859375,899825.0
2023-08-16,1028.2857033848948,1028.2857033848948,1008.3184595834643,1012.9492797851562,1521299.0
2023-08-17,1012.7998125177916,1032.0201525715863,1010.8080724735088,1016.5841064453124,875661.0
2023-08-18,1014.6919586400172,1015.7873913174212,993.1313490110768,1012.75,2064231.0
2023-08-21,1024.7004320432895,1047.904252669956,1014.0446712104372,1040.5347900390625,2226515.0
2023-08-22,1042.6259810139827,1065.1824593807555,1036.700603520419,1057.96240234375,1345173.0
2023-08-23,1058.5599461062377,1085.5481198042062,1053.431312964628,1081.962890625,1946131.0
2023-08-24,1090.4778292286976,1100.4365308654892,1076.6352096403205,1080.5689697265625,1591659.0
2023-08-25,1081.415383188916,1086.295171070151,1059.3568358080904,1077.7305908203125,1337630.0
2023-08-28,1078.0790847204992,1097.448707011803,1070.6597805038186,1088.43603515625,1401965.0
2023-08-29,1088.4362033891523,1098.44474676173,1073.1496212991308,1094.5111083984375,2051824.0
2023-08-30,1096.7018333843555,1116.96776349507,1092.9673208983702,1111.490478515625,1368163.0
2023-08-31,1115.3246194572891,1124.7853849796743,1109.1004316136143,1117.216796875,2611207.0
2023-09-01,1119.3577993020629,1129.3164985841097,1111.8887748405275,1124.187744140625,881841.0
2023-09-04,1126.428644569079,1132.802237515367,1095.7559184622137,1099.3907470703125,1221908.0
2023-09-05,1101.332571013264,1107.656320704505,1079.871525568478,1092.2203369140625,2236203.0
2023-09-06,1092.220464309141,1112.3868325810902,1086.6933369711032,1100.2869873046875,2224003.0
2023-09-07,1100.2870491027754,1129.316686657696,1093.8138934914216,1124.5863037109375,1855634.0
2023-09-08,1127.3248244489837,1181.7988640710705,1127.3248244489837,1171.09326171875,4004318.0
2023-09-11,1180.1060426555548,1196.288931426148,1153.9644531030583,1179.508544921875,3363778.0
2023-09-12,1177.2178933634025,1186.5292534764258,1119.8059640048627,1161.2342529296875,4153703.0
2023-09-13,1145.0016532942043,1160.487482054377,1126.4286515215767,1155.408447265625,1529374.0
2023-09-14,1157.400044884513,1208.9861585977676,1154.7610866841587,1203.5587158203125,3511627.0
2023-09-15,1209.9821012945858,1234.87885235003,1196.537855724646,1222.0321044921875,4663976.0
2023-09-18,1224.920267444993,1224.920267444993,1173.4338300333293,1188.620849609375,3265543.0
2023-09-20,1180.105916103589,1211.425978077512,1167.7073835861793,1194.048095703125,1903238.0
2023-09-21,1184.139311390376,1203.957027794566,1172.4875590643278,1183.292724609375,1528387.0
2023-09-22,1183.3425667374925,1212.919858091757,1178.114249064131,1183.292724609375,2166139.0
2023-09-25,1180.3050477550198,1191.9567994220722,1165.3669981045623,1178.2137451171875,2145513.0
2023-09-26,1178.2139032648176,1200.8202277099087,1171.193091926419,1190.1146240234375,1981333.0
2023-09-27,1192.056394587303,1200.421726932727,1183.7906249290295,1193.35107421875,791892.0
2023-09-28,1196.0399236355056,1244.289778672769,1195.0440535908465,1214.7623291015625,3303876.0
2023-09-29,1239.8581902053002,1241.5511206337326,1196.03990878439,1212.5216064453125,1374721.0
2023-10-03,1213.4177252212044,1252.655026640266,1208.737184954333,1248.621826171875,3584950.0
2023-10-04,1247.8251151703328,1247.8251151703328,1201.0192249763936,1204.6541748046875,4231028.0
2023-10-05,1216.7540366740086,1216.7540366740086,1180.4545015765648,1194.297119140625,2974607.0
2023-10-06,1206.4965035472508,1221.9324885286642,1194.04812856224,1214.5133056640625,2503438.0
2023-10-09,1204.9528564226446,1217.6501989073556,1199.9237858683975,1214.5133056640625,1641174.0
2023-10-10,1219.9407229715064,1258.7298099856469,1214.5630007774205,1253.94970703125,2009992.0
2023-10-11,1253.8004981267434,1267.6431172961838,1246.5305975254307,1254.49755859375,2083878.0
2023-10-12,1253.8003918882775,1255.3937596536946,1236.0241358240642,1239.4598388671875,607389.0
2023-10-13,1239.4599104027336,1255.7922044647569,1236.0242071613184,1252.60546875,843324.0
2023-10-16,1252.605546210251,1252.605546210251,1233.684013014121,1240.555419921875,1301523.0
2023-10-17,1241.8997559137,1252.4061116752405,1232.588273982419,1239.5096435546875,1228315.0
2023-10-18,1243.5429165085775,1243.5429165085775,1206.7954079206538,1213.4178466796875,1993050.0
2023-10-19,1202.5131733059875,1211.724971942079,1188.4215867548394,1192.3553466796875,2532926.0
2023-10-20,1185.1351175658808,1198.3303947924237,1179.209618248983,1182.2470703125,1725399.0
2023-10-23,1181.1018848137314,1193.7992280105066,1156.3545382689372,1162.4293212890625,1121828.0
2023-10-25,1161.1843081256543,1168.0059926551864,1126.7272337586548,1142.3126220703125,1758063.0
2023-10-26,1139.723433596781,1139.723433596781,1110.0465789553273,1129.8145751953125,1472625.0
2023-10-27,1131.3582322437037,1180.305148524316,1130.4120827453676,1163.22607421875,2141573.0
2023-10-30,1161.184427519136,1163.3255723462332,1132.702569647937,1150.877197265625,872127.0
2023-10-31,1152.2216181973952,1160.7363555322345,1121.5487728202984,1132.60302734375,1506570.0
2023-11-01,1138.229697927301,1159.1928124490046,1130.5117045454454,1144.2547607421875,1196729.0
2023-11-02,1147.7402487333695,1188.969293695247,1136.4868683839627,1172.587158203125,1331739.0
2023-11-03,1185.1351073144838,1212.4716893850382,1123.839261988514,1129.6153564453125,4353899.0
2023-11-06,1137.2837106494446,1150.230022592039,1116.3704375114075,1147.5909423828125,1566013.0
2023-11-07,1151.2258156479734,1151.2258156479734,1108.4034020901336,1137.6820068359375,2579066.0
2023-11-08,1139.275176047032,1144.752460547258,1126.0300576291158,1138.4287109375,784749.0
2023-11-09,1143.6572860263375,1151.0764698970472,1130.561569452977,1147.292236328125,806956.0
2023-11-10,1145.2007429993753,1147.0431998892598,1127.3747659272522,1143.5078125,650284.0
2023-11-13,1143.208879888615,1148.7858489562411,1130.3124124435851,1144.155029296875,979664.0
2023-11-15,1160.1886238734064,1169.748952168915,1149.2340531758891,1161.931396484375,1514890.0
2023-11-16,1164.1221327624928,1171.242627238632,1151.225665499493,1160.4873046875,848317.0
2023-11-17,1137.333313679967,1144.055435775419,1111.241448310519,1121.7479248046875,2028903.0
2023-11-20,1125.233525708809,1133.897545992993,1116.0714488635992,1121.9969482421875,2168137.0
2023-11-21,1121.349683762851,1128.2212114668164,1093.066949841389,1099.2911376953125,3119172.0
2023-11-22,1099.2910817813863,1129.266744647977,1097.199779082073,1116.3204345703125,1708687.0
2023-11-23,1125.3331928338705,1132.3042834089476,1107.8556242656014,1110.3951416015625,696088.0
2023-11-24,1112.3869363463268,1119.507432096336,1086.7931226056533,1089.9798583984375,1350899.0
2023-11-28,1087.5399679248883,1103.4240470515538,1080.917407589188,1101.6812744140625,2445247.0
2023-11-29,1104.4199285991149,1114.8765645326505,1097.697805498985,1105.8638916015625,967327.0
2023-11-30,1105.3659354135573,1121.349698661263,1095.00898393996,1112.8349609375,4152570.0
2023-12-01,1123.9388996718635,1134.295972371988,1115.3744416651682,1123.54052734375,1040604.0
2023-12-04,1131.806329006988,1157.1511735377817,1131.806329006988,1144.0057373046875,2340871.0
2023-12-05,1146.1967794252316,1146.3461842712534,1124.9349745722118,1134.8936767578125,1382427.0
2023-12-06,1134.893427780778,1161.1844200961882,1134.295930093961,1149.43310546875,1216230.0
2023-12-07,1151.922722486093,1153.1178393657324,1127.42434603044,1132.5531005859375,1857781.0
2023-12-08,1136.2878160824769,1170.0975583026316,1123.5904719500916,1161.8319091796875,2802274.0
2023-12-11,1166.1638299582912,1177.566493418094,1158.6948045742715,1170.346435546875,3251789.0
2023-12-12,1172.1389719569574,1186.5292446089793,1164.4209795757624,1172.387939453125,2154453.0
2023-12-13,1174.031190686511,1178.7615732806862,1163.0766204684212,1175.72412109375,1409772.0
2023-12-14,1190.064569919448,1226.9117574399663,1183.5914153550325,1223.8245849609375,2353918.0
2023-12-15,1229.7500981839964,1241.849943518683,1224.3226550765603,1238.6632080078125,2123755.0
2023-12-18,1248.074284080088,1249.767214733835,1236.8707447256884,1243.144775390625,2129177.0
2023-12-19,1243.841551829013,1248.8209015160787,1234.8787223922948,1244.4888916015625,1940755.0
2023-12-20,1246.9289399968009,1252.6054725615895,1224.7211094910035,1234.032470703125,2525322.0
2023-12-21,1205.6002660591312,1234.2813723121674,1205.6002660591312,1222.978271484375,1781569.0
2023-12-22,1224.8702900454423,1258.0826526707135,1220.3888749277355,1245.63427734375,1114151.0
2023-12-26,1244.8375228814434,1256.9870884783006,1229.899472606866,1240.156982421875,1135900.0
2023-12-27,1243.0449417662912,1259.576481769201,1241.1528859333846,1248.0242919921875,1763459.0
2023-12-28,1259.7757233286186,1273.6183425464135,1223.2273379265048,1230.5966796875,3153634.0
2023-12-29,1235.0282966995896,1261.7175417455776,1235.0282966995896,1254.59716796875,1366337.0
2024-01-01,1254.4975430612517,1254.7963527240852,1214.9615478757014,1220.2894287109375,726699.0
2024-01-02,1224.7211707128956,1226.9120364372036,1209.5341507813473,1215.0611572265625,2240606.0
2024-01-03,1215.9074022679115,1244.837473785142,1213.1190392663286,1235.376708984375,1378408.0
2024-01-04,1242.0489927651818,1295.3778789209296,1238.613289954185,1291.892333984375,2922785.0
2024-01-05,1299.9091327599238,1299.9091327599238,1242.945296997556,1252.655029296875,1075135.0
2024-01-08,1261.767220847267,1262.414560625021,1219.1439385568244,1226.0653076171875,985554.0
2024-01-09,1227.957502860874,1242.746147454322,1214.9613512558142,1226.364013671875,1439320.0
2024-01-10,1226.8123190544493,1230.745957061823,1202.6624707327717,1211.2269287109375,1003899.0
2024-01-11,1218.895063896619,1237.8664364281176,1216.6543563487803,1226.2645263671875,674707.0
2024-01-12,1226.9120553173886,1246.8294588128008,1219.592433846061,1241.3521728515625,1453561.0
2024-01-15,1252.8044577318233,1284.3734880482034,1248.2732006135625,1272.9708251953125,2266938.0
2024-01-16,1274.5642238277417,1304.589729315683,1270.7799906824027,1294.083251953125,2510614.0
2024-01-17,1281.1867836447952,1300.606249078976,1275.012438133214,1282.7801513671875,2378717.0
2024-01-18,1276.605697792328,1292.987709645413,1241.152752313956,1286.3154296875,1912562.0
2024-01-19,1289.552125305711,1289.701530123345,1248.8708589204016,1260.3233642578125,1372449.0
2024-01-23,1261.7672481024956,1290.99600731871,1204.9528178625774,1215.2103271484375,2858244.0
2024-01-24,1215.0610945790118,1271.825690740685,1196.5379348815952,1240.655029296875,1810867.0
2024-01-25,1244.0907057629704,1259.7756596279028,1218.397208900612,1239.5594482421875,1302157.0
2024-01-29,1264.754850727691,1266.0992508620834,1214.4634176869442,1225.716796875,2511468.0
2024-01-30,1230.2480928147363,1272.5725716894997,1205.899117712077,1209.0361328125,3016003.0
2024-01-31,1210.9779576574829,1216.953177843293,1170.645221403266,1179.259521484375,2760030.0
2024-02-01,1185.0853548679406,1188.222369826413,1129.1672274657703,1140.321044921875,2884912.0
2024-02-02,1140.3209910174992,1170.9937140479726,1139.0263113922936,1156.0556640625,1664980.0
2024-02-05,1157.201075219957,1166.910808854548,1126.030291951159,1131.656982421875,1564033.0
2024-02-06,1142.9598811159865,1159.1926097588305,1122.5943894764962,1152.2713623046875,2243173.0
2024-02-07,1166.478577913547,1169.2203010667629,1143.59770064333,1156.309326171875,2520205.0
2024-02-08,1151.6233135289938,1159.1506379446491,1111.7437069886223,1130.0384521484375,3061436.0
2024-02-09,1136.7681458638638,1136.7681458638638,1096.8885389687568,1118.922119140625,2363941.0
2024-02-12,1126.5990672766914,1130.5371303793663,1094.6953768759354,1098.2347412109375,850214.0
2024-02-13,1104.6652690112464,1146.5388622409146,1099.680317436286,1138.2637939453125,3317561.0
2024-02-14,1133.47833650689,1133.47833650689,1105.8616311982105,1121.8134765625,775287.0
2024-02-15,1129.3905458465688,1148.233563240977,1117.17741591165,1121.115478515625,1815648.0
2024-02-16,1128.3435122616645,1142.7001936171025,1120.5171645490022,1140.556640625,1011354.0
2024-02-19,1148.9814557839006,1152.0722231656237,1124.5551927274607,1129.93896484375,911475.0
2024-02-20,1120.6170402783189,1120.6170402783189,1088.563779420879,1096.589599609375,2572662.0
2024-02-21,1094.2465967413605,1106.559400853738,1077.7463609430793,1082.28271484375,2133034.0
2024-02-22,1085.4232054860531,1087.267734758189,1064.1873867894535,1079.1920166015625,1546459.0
2024-02-23,1086.0712565595013,1106.3599829109078,1075.852106948058,1102.072998046875,1687284.0
2024-02-26,1101.823674624868,1111.5443284639596,1089.7102201155749,1107.5064697265625,1112759.0
2024-02-27,1100.7768094001358,1123.6578065540646,1082.2328167969813,1095.34326171875,1977469.0
2024-02-28,1097.6861879894311,1101.6741487087386,1058.3549740764204,1066.4803466796875,1184413.0
2024-02-29,1066.7794685166843,1091.70422245399,1058.8035472567465,1085.921630859375,1362002.0
2024-03-01,1086.76928729591,1095.6923014885597,1077.2479815817912,1092.5517578125,639779.0
2024-03-04,1081.7343749893598,1091.6543788714637,1067.7765120862712,1072.3128662109375,1497000.0
2024-03-05,1076.6496987361895,1091.2057307398784,1039.063096661098,1043.7490234375,2399949.0
2024-03-06,1037.866741382256,1053.1207392883418,1008.1564472190288,1016.5311279296876,2251068.0
2024-03-07,1037.8667884684037,1086.4201620719791,1033.4302308011654,1079.9896240234375,4704679.0
2024-03-11,1088.7132646291043,1104.5654326579656,1083.5289644310787,1092.15283203125,2070659.0
2024-03-12,1086.7192793610334,1093.2496136200057,1056.6102250727413,1063.2401123046875,1860620.0
2024-03-13,1066.9292340660584,1067.5773021260482,1032.7324168070418,1045.14501953125,2403094.0
2024-03-14,1050.5285465053553,1076.7494379818163,1031.187033592823,1067.626953125,1692979.0
2024-03-15,1071.7144696958062,1082.7312590886856,1052.4726336011415,1064.6358642578125,1670380.0
2024-03-18,1067.7764913891554,1068.0756371267285,1047.8366876283867,1053.220458984375,824132.0
2024-03-19,1050.3292939828636,1055.3142455442442,1036.9198229639178,1043.599609375,3933520.0
2024-03-20,1041.3563718059652,1048.1359545496316,1023.560119232488,1041.655517578125,1241436.0
2024-03-21,1048.8337832275702,1078.3446714188651,1044.3972251260725,1070.9669189453125,3184470.0
2024-03-22,1068.823338988089,1090.208729024418,1062.990849248273,1086.12109375,1861277.0
2024-03-26,1077.1481990543791,1127.5958770837717,1074.2569032340973,1111.8433837890625,3092010.0
2024-03-27,1115.6320976458856,1129.5899612446722,1109.7498307886715,1126.79833984375,1445844.0
2024-03-28,1126.7983295968631,1165.082779460252,1126.7983295968631,1153.118896484375,1845633.0
2024-04-01,1158.5026790283025,1188.013566304964,1156.5086985136236,1181.832275390625,1170898.0
2024-04-02,1181.832175167997,1198.0830419627628,1180.1871170423103,1193.646484375,1552331.0
2024-04-03,1191.453198478371,1200.8747072764634,1173.407578325092,1191.154052734375,1645617.0
2024-04-04,1206.3579619772422,1209.6480778274258,1190.3064464931638,1192.7490234375,1568022.0
2024-04-05,1189.6086246918123,1216.8764032616018,1181.7324996943898,1213.985107421875,1353217.0
2024-04-08,1232.2799801042802,1232.2799801042802,1196.38833019833,1199.42919921875,1710691.0
2024-04-09,1211.4427144528536,1220.016805455557,1194.693352850505,1206.457763671875,956608.0
2024-04-10,1211.4426877302053,1218.5212933424714,1183.477187487533,1188.212890625,575759.0
2024-04-12,1187.4652556041342,1195.9396725126142,1170.566198276655,1174.0556640625,564886.0
2024-04-15,1146.5387543048255,1176.4484609388644,1146.5387543048255,1158.2034912109375,808218.0
2024-04-16,1149.5297751097553,1158.203541730806,1122.8103873367068,1126.5989990234375,1235759.0
2024-04-18,1135.571769332072,1141.5038119832443,1111.4446566279491,1115.4326171875,833424.0
2024-04-19,1111.3948236031813,1129.141297814854,1097.1877132767895,1124.7545166015625,621126.0
2024-04-22,1135.5718574390078,1146.9375702561515,1122.1124895062364,1136.56884765625,1111419.0
2024-04-23,1140.506926512056,1156.408993724397,1131.5839126223211,1139.80908203125,596378.0
2024-04-24,1144.5946793422418,1177.6947062134914,1141.2546647178492,1165.2822265625,929917.0
2024-04-25,1155.511719479278,1166.4786124165273,1143.7970838417614,1151.8726806640625,766072.0
2024-04-26,1161.3940010346016,1181.1343355487284,1146.9874184727817,1168.1734619140625,1064592.0
2024-04-29,1169.469509580523,1172.5103783846355,1157.6552000007894,1167.3758544921875,599436.0
2024-04-30,1176.4484772872302,1209.149805676039,1169.4695456423058,1189.70849609375,1816728.0
2024-05-02,1202.3702508190463,1305.8578882522982,1202.3702508190463,1297.6824951171875,7345047.0
2024-05-03,1308.8487013592776,1348.5288358151358,1297.3334165885144,1305.7579345703125,3478644.0
2024-05-06,1311.0422618284845,1345.837248098965,1296.087407130821,1322.0091552734375,1372751.0
2024-05-07,1322.009096006875,1327.043945543874,1284.721635625073,1302.418212890625,1559158.0
2024-05-08,1292.1988869982897,1302.7171815822528,1254.811757012017,1260.1456298828125,2129305.0
2024-05-09,1266.177592583717,1270.1156553125577,1212.7389405758834,1218.820556640625,1159750.0
2024-05-10,1231.2328587225686,1275.2998935704863,1220.9639338526815,1268.8194580078125,2686766.0
2024-05-13,1275.948124446227,1298.081258513919,1238.4114185518445,1278.7396240234375,1639556.0
2024-05-14,1278.3906712711594,1286.1173452445275,1239.4581556661226,1248.2816162109375,1216177.0
2024-05-15,1251.2226402539688,1255.559523072835,1220.3159455544685,1227.643798828125,1299166.0
2024-05-16,1239.9565701124077,1268.1215411511778,1227.8432374527404,1258.2015380859375,1689316.0
2024-05-17,1262.089957225659,1288.5599748256836,1245.0912251131892,1281.1324462890625,857080.0
2024-05-21,1281.4315539490426,1304.7610272887086,1272.1594963991406,1288.5599365234375,1610011.0
2024-05-22,1294.940736083199,1301.0223521465016,1259.896505153022,1265.9283447265625,730897.0
2024-05-23,1271.1625717011004,1278.2411781519518,1258.5008441778698,1275.3997802734375,462881.0
2024-05-24,1261.1925218171832,1268.769622508865,1241.252719100706,1257.1546630859375,1341766.0
2024-05-27,1258.151792143954,1271.1126653407737,1254.213729353777,1266.1776123046875,1089494.0
2024-05-28,1267.3738340270666,1268.819542770901,1247.7331766908003,1255.908447265625,1064850.0
2024-05-29,1250.275566080067,1265.9781611911333,1231.2828547407596,1236.6666259765625,959457.0
2024-05-30,1233.7754186508064,1242.2498356678018,1201.9216292504402,1209.1995849609375,902176.0
2024-05-31,1210.9442618864234,1252.0203307854529,1210.9442618864234,1237.364501953125,2733548.0
2024-06-03,1266.1775922428208,1291.052449802963,1260.0460779870475,1284.771484375,1873865.0
2024-06-04,1296.0872272364495,1304.4619690453274,1193.995408996629,1227.6937255859375,3974437.0
2024-06-05,1216.328115526169,1295.688515772376,1216.1287661556084,1284.6219482421875,1309669.0
2024-06-06,1284.522244428328,1339.9548772104397,1279.9858901732746,1331.6798095703125,1742305.0
2024-06-07,1345.9366967992732,1346.9336869450506,1321.3110888797348,1333.8232421875,1065686.0
2024-06-10,1338.9578758445375,1364.8796217655786,1331.2810997721622,1355.8568115234375,1022484.0
2024-06-11,1356.8537097887674,1356.8537097887674,1322.6570203170152,1328.2900390625,1135533.0
2024-06-12,1340.6526878386485,1365.078948004288,1324.9500920178805,1354.9595947265625,1060279.0
2024-06-13,1369.8646382078468,1435.6160981801072,1361.689366631877,1431.7777099609375,4792044.0
2024-06-14,1430.6810144135766,1451.4682368677838,1426.7429515916515,1442.6448974609375,1636769.0
2024-06-18,1442.694709390505,1454.6086935316207,1430.2821084493185,1449.7733154296875,1278612.0
2024-06-19,1456.6026373885293,1471.7568392811577,1435.1673487479725,1446.2838134765625,1474026.0
2024-06-20,1448.6266362233291,1448.6266362233291,1421.2094080773268,1434.36962890625,1128520.0
2024-06-21,1434.3697536477675,1443.641811199201,1389.604990980503,1397.3316650390625,1345648.0
2024-06-24,1399.7741930214324,1437.310897110771,1382.1772922514872,1430.431640625,925196.0
2024-06-25,1438.15833496722,1442.7943636458233,1401.4690476539663,1427.0418701171875,1361328.0
2024-06-26,1423.9512100899851,1443.6417659445465,1416.623356682159,1425.9451904296875,693449.0
2024-06-27,1431.6780732226655,1442.6449665412235,1409.893859471386,1433.771728515625,691354.0
2024-06-28,1428.4376128303572,1435.0676215543406,1405.108019381259,1419.2154541015625,1498054.0
2024-07-01,1419.7141539704378,1438.6569692270657,1411.4889841879544,1430.2822265625,505369.0
2024-07-02,1441.647823944664,1445.6357847301265,1389.8043337336526,1396.0355224609375,1518931.0
2024-07-03,1406.005449002371,1437.510315417666,1395.786299310987,1430.9801025390625,525587.0
2024-07-04,1438.656961974886,1438.656961974886,1414.2307003197338,1417.4210205078125,434055.0
2024-07-05,1421.5085460148557,1431.4784471043051,1404.759063503423,1427.291015625,514803.0
2024-07-08,1428.7367765830966,1428.7367765830966,1390.8012528684988,1407.899658203125,572499.0
2024-07-09,1416.2245903708224,1420.7110463065271,1396.135213340363,1399.2757568359375,673844.0
2024-07-10,1409.5447703869725,1419.3152011654263,1385.8163553339068,1416.77294921875,912911.0
2024-07-11,1421.6082446566309,1428.686850208922,1397.9795056544665,1400.57177734375,2560438.0
2024-07-12,1403.7621924879234,1425.5464038759371,1373.6032391336907,1376.5443115234375,1083813.0
2024-07-15,1377.840415109878,1415.526692221685,1369.7648190724626,1409.24560546875,1077931.0
2024-07-16,1414.6294159896954,1428.6370552469502,1396.284772009715,1403.9615478515625,839363.0
2024-07-18,1403.762190844941,1450.0723365989693,1394.739380922908,1445.4862060546875,1576176.0
2024-07-19,1450.324047364686,1453.1668177406748,1417.7067670811775,1423.093017578125,853356.0
2024-07-22,1405.338141605081,1422.2951633903724,1386.485898914976,1399.8021240234375,1022226.0
2024-07-23,1410.4250420596572,1423.0430839382002,1359.6039055500892,1392.1214599609375,1473643.0
2024-07-24,1392.2711292910317,1418.1055504281671,1379.2041518446538,1385.3885498046875,815472.0
2024-07-25,1377.857717715283,1381.4985143255929,1338.158411082658,1360.2025146484375,1301367.0
2024-07-26,1360.5514413545975,1433.5165228440967,1348.531858288983,1407.3826904296875,2239763.0
2024-07-29,1411.422496807087,1473.265744017009,1360.6511614388626,1429.7760009765625,4102496.0
2024-07-30,1429.2273346413183,1442.1446665174435,1389.6775564528518,1414.2652587890625,2768717.0
2024-07-31,1413.2181221083526,1437.2072463024344,1406.2856199080852,1413.0185546875,1184730.0
2024-08-01,1414.9137199953827,1438.853042716489,1378.705445675033,1387.1341552734375,1234681.0
2024-08-02,1377.5084128576502,1406.385169766467,1365.2893845756037,1381.5980224609375,730113.0
2024-08-05,1366.5363199631663,1385.388560700398,1325.689899833907,1343.44482421875,2242211.0
2024-08-06,1351.574221192123,1380.1018888885642,1326.9865182033386,1331.973876953125,1039991.0
2024-08-07,1348.581821313582,1381.9971253180236,1344.8912245013494,1374.216796875,1278447.0
2024-08-08,1378.5059085557073,1382.9446089777146,1342.646849147083,1346.836181640625,451732.0
2024-08-09,1364.5412874437427,1371.423866535379,1333.7193875197604,1345.240234375,656951.0
2024-08-12,1336.612209655931,1350.526892536851,1329.4802619461002,1345.340087890625,601506.0
2024-08-13,1354.5666934746646,1362.4965455160282,1299.2070090211714,1311.57568359375,3186664.0
2024-08-14,1313.6203908610737,1343.095730191185,1305.7902618662145,1340.60205078125,1503161.0
2024-08-16,1341.6495515611598,1369.2794729164216,1337.6097418910372,1365.6885986328125,612766.0
2024-08-19,1365.688496616591,1373.5186256494,1343.6941954096858,1346.28759765625,1038009.0
2024-08-20,1356.4618989569192,1396.5104153052675,1345.5894321947053,1384.3411865234375,1259146.0
2024-08-21,1384.1915324797944,1400.849384167479,1369.6783912208662,1396.8594970703125,523608.0
2024-08-22,1396.859407560507,1406.4351116277635,1349.5293018462364,1362.197265625,1640128.0
2024-08-23,1362.0477450298072,1366.386723014253,1340.801546951907,1345.3900146484375,1679433.0
2024-08-26,1353.5692209218385,1394.3658415421971,1346.5869183820796,1391.5230712890625,1742029.0
2024-08-27,1391.523149770745,1446.2344562620833,1377.5086216065629,1440.14990234375,2974425.0
2024-08-28,1440.1498903506929,1455.2116907724594,1429.3771457810892,1447.0323486328125,1014841.0
2024-08-29,1439.3518015980007,1475.161063425993,1431.5714728846854,1451.919921875,1510639.0
2024-08-30,1458.8025016195952,1459.2015146903257,1422.6940713098254,1451.919921875,1764924.0
2024-09-02,1456.3088018252645,1490.2228424157158,1448.8776857535042,1482.5423583984375,1830962.0
2024-09-03,1491.2700834214686,1502.6411631605624,1461.3957335578202,1496.20751953125,1947168.0
2024-09-04,1459.3011824889145,1498.15265877258,1459.3011824889145,1483.539794921875,1194449.0
2024-09-05,1515.2096362111297,1545.0838688966735,1502.0928572584085,1529.7227783203125,3481685.0
2024-09-06,1539.099061067788,1552.8642212713244,1502.292325533723,1507.529052734375,2754275.0
2024-09-09,1507.5289467439195,1538.7996626197662,1507.5289467439195,1534.3609619140625,1682896.0
2024-09-10,1541.0939215930614,1545.532622371289,1496.806149591058,1503.7884521484375,1198527.0
2024-09-11,1506.1822692073104,1530.0218672245835,1499.598980329999,1517.603271484375,653307.0
2024-09-12,1546.0313964960533,1575.0080015303436,1537.7025311632892,1571.5667724609375,2689481.0
2024-09-13,1576.0055042895565,1589.9701100237671,1564.8338684068667,1570.5194091796875,1115661.0
2024-09-16,1576.8533397135614,1585.9303091386194,1555.0586042817092,1560.7940673828125,1112875.0
2024-09-17,1560.794011198252,1580.992815305467,1553.462617763528,1569.970703125,2133543.0
2024-09-18,1570.020567290899,1598.7976035270883,1569.073017813284,1586.1297607421875,1305843.0
2024-09-19,1594.957529657281,1609.919607796655,1570.020732758324,1592.264404296875,776010.0
2024-09-20,1596.9523129900065,1609.1214199495887,1578.0003492505873,1600.2440185546875,1168486.0
2024-09-23,1615.9041574884498,1645.628862917293,1608.9218555733762,1629.7191162109375,1129202.0
2024-09-24,1635.8038038563495,1647.8233875610938,1598.9971924273232,1610.21875,1041776.0
2024-09-25,1610.2186093054188,1620.1933262762468,1588.822768345984,1614.20849609375,893217.0
2024-09-26,1621.0412364906513,1640.7911040547124,1607.9244586450243,1637.5992431640625,1063773.0
2024-09-27,1627.674534689276,1633.8588111550264,1586.478900575134,1604.93212890625,1852921.0
2024-09-30,1604.93191991398,1619.7443498877612,1595.007125484317,1603.9344482421875,917971.0
2024-10-01,1607.0267575204302,1618.8966960334574,1572.1152452831095,1577.8507080078125,924366.0
2024-10-03,1561.043376523212,1571.367185363854,1503.7884705015872,1512.4166259765625,1278465.0
2024-10-04,1512.4165763883868,1522.3912941221931,1485.3851156821097,1493.6142578125,600340.0
2024-10-07,1500.995513727807,1510.521295728591,1458.3036748164673,1474.7120361328125,759332.0
2024-10-08,1466.2834904990152,1533.1140985693785,1465.8346769106813,1527.079345703125,2220536.0
2024-10-09,1535.109134553523,1582.937859729183,1534.111662731201,1557.6021728515625,1777352.0
2024-10-10,1565.8810403862865,1583.4365192599887,1507.47914106349,1513.264404296875,1081043.0
2024-10-11,1513.2644766374465,1513.2644766374465,1475.260824575765,1497.255126953125,1050785.0
2024-10-14,1521.144457371287,1529.672889754996,1499.2000783141275,1509.0750732421875,507730.0
2024-10-15,1520.1469849799228,1520.845166517691,1487.380061526099,1499.25,1372341.0
2024-10-16,1498.1527210060374,1505.8333269215195,1470.7222465115171,1481.445068359375,942953.0
2024-10-17,1481.4950692495795,1491.7191557399403,1444.688333531941,1452.86767578125,1585872.0
2024-10-18,1439.451565855219,1464.5380065984673,1423.8910297424227,1456.608154296875,847463.0
2024-10-21,1457.3062917927714,1472.9665502620478,1431.2223800137515,1435.0626220703125,547781.0
2024-10-22,1441.14722817278,1454.2638842310416,1402.0462626495785,1407.632080078125,1288147.0
2024-10-23,1407.4326097569822,1426.534217721542,1382.4958165295377,1403.1434326171875,1310995.0
2024-10-24,1411.4225438055976,1413.4174873304112,1347.2352602470592,1382.6455078125,825792.0
2024-10-25,1391.473117931384,1429.2274000404818,1338.657036460815,1368.730712890625,1708841.0
2024-10-28,1380.451094662322,1380.451094662322,1267.7866998225793,1277.113037109375,5699062.0
2024-10-29,1286.6388888793242,1293.521468596603,1261.4527261308117,1289.132568359375,5601418.0
2024-10-30,1276.96325007288,1292.424061767187,1261.9513737105794,1271.2777099609375,1458435.0
2024-10-31,1278.5593950082032,1286.7386150191514,1248.3359509274949,1269.5322265625,1297605.0
2024-11-01,1287.287203177279,1287.287203177279,1275.7663558718848,1279.9556884765625,98256.0
2024-11-04,1287.7360505705233,1287.7360505705233,1245.14405484502,1248.0865478515625,1323470.0
2024-11-05,1239.0095298952615,1287.6362765806198,1218.0127013397816,1279.7562255859375,2322459.0
2024-11-06,1281.7513297153123,1304.3938920491828,1272.1756242892347,1301.251953125,1220646.0
2024-11-07,1303.6955470310368,1316.6626794804656,1263.7966779558712,1279.7562255859375,882788.0
2024-11-08,1277.7614222939692,1289.7310843295097,1252.1264448058655,1257.5126953125,989468.0
2024-11-11,1259.8067237046798,1269.7814404402673,1241.7025884772531,1259.35791015625,527465.0
2024-11-12,1265.7916492386005,1275.117985737627,1232.6257135907017,1236.6156005859375,1006239.0
2024-11-13,1222.3517448845175,1246.8397258039845,1191.9787778686093,1202.00341796875,1989571.0
2024-11-14,1197.9635429206205,1211.9281470845576,1178.1637535119462,1202.651611328125,1443941.0
2024-11-18,1208.6864119580184,1250.6301484059045,1204.247711305803,1239.657958984375,1661116.0
2024-11-19,1240.605528377792,1251.0789820847,1217.9629676399156,1232.8751220703125,1793763.0
2024-11-21,1227.389137383655,1232.8752326746833,1199.4599249929663,1201.8538818359375,2224943.0
2024-11-22,1182.0041057809342,1216.3171607145937,1182.0041057809342,1205.344970703125,2785943.0
2024-11-25,1248.834765986618,1259.9066792560438,1227.7382118414523,1236.765380859375,2851902.0
2024-11-26,1236.7653991350796,1277.31265510684,1229.7331737288755,1262.250732421875,1163794.0
2024-11-27,1256.814527469136,1288.7336265794631,1255.06895173654,1275.9161376953125,766225.0
2024-11-28,1266.789163339773,1281.1527813551766,1255.318237844964,1265.143310546875,1691315.0
2024-11-29,1266.240572413075,1270.7291956712024,1225.9428076828008,1230.830322265625,2220045.0
2024-12-02,1230.880225097196,1256.265834195373,1230.0323984030747,1246.041748046875,4211650.0
2024-12-03,1253.8718970116838,1282.2998415459106,1244.1963480956542,1250.48046875,5948984.0
2024-12-04,1256.8145642139436,1295.0177857832236,1253.8221485848628,1288.9830322265625,1782673.0
2024-12-05,1296.7133693108915,1299.3566939929804,1276.1654741187665,1288.1849365234375,903593.0
2024-12-06,1295.3668537523022,1295.3668537523022,1264.5449489637713,1271.8763427734375,952010.0
2024-12-09,1271.8763525836484,1290.1301364447318,1269.4325952154777,1279.00830078125,1661864.0
2024-12-10,1289.5814075781402,1336.612227858485,1281.7512782075771,1332.921630859375,3658637.0
2024-12-11,1345.589351001638,1360.5514268096624,1329.5798811823784,1345.5394287109375,2210755.0
2024-12-12,1345.090591020068,1351.9232478308666,1329.9788703726229,1339.6544189453125,748016.0
2024-12-13,1331.4753036125246,1331.4753036125246,1277.4621774065693,1301.5511474609375,2013014.0
2024-12-16,1302.398899175844,1308.88246596854,1274.768978625494,1282.449462890625,1951533.0
2024-12-17,1282.7486710608584,1284.5939694468275,1237.9123645834295,1243.6478271484375,2378904.0
2024-12-18,1242.0018665016453,1255.816824692592,1229.5832712306412,1239.60791015625,2196037.0
2024-12-19,1215.9181234310631,1223.5986075815283,1200.2079425909983,1210.681396484375,1664959.0
2024-12-20,1212.8756352964474,1226.5908708365723,1179.809546658143,1186.54248046875,2300317.0
2024-12-23,1189.4850802890371,1196.9161962369003,1165.146744859925,1168.13916015625,1453658.0
2024-12-24,1165.097089458426,1188.1884662954117,1165.047167159259,1182.4530029296875,1124697.0
2024-12-26,1192.4275709831973,1192.9762291578036,1177.665061940265,1186.343017578125,587018.0
2024-12-27,1195.5697785693098,1213.524272522747,1187.490280642604,1190.831787109375,663670.0
2024-12-30,1213.9231848107645,1229.3839977643936,1200.357592636048,1209.3348388671875,4066946.0
2024-12-31,1196.9661879785106,1211.928265328242,1180.0091669821484,1182.95166015625,1279758.0
2025-01-01,1186.991452965025,1191.8790891825142,1172.129098655393,1181.355712890625,587931.0
2025-01-02,1181.0066174302003,1272.774023514304,1180.0590679198797,1268.285400390625,5438699.0
2025-01-03,1275.7665169616018,1327.236040908885,1267.3379283962863,1316.9122314453125,4575469.0
2025-01-06,1320.6526874051012,1339.754297077537,1282.649035480904,1290.927978515625,2220983.0
2025-01-07,1291.726012513929,1296.9627395916882,1267.0885071575317,1272.7740478515625,1548819.0
2025-01-08,1264.7943299261176,1275.716598187281,1250.0316975598382,1272.0260009765625,1212951.0
2025-01-09,1276.764016528484,1289.0329694544944,1263.447791177188,1284.9432373046875,1603366.0
2025-01-10,1290.7284286043591,1292.97274001422,1235.418669452688,1251.876953125,2116766.0
2025-01-13,1226.890344908154,1256.2160409192736,1212.1776354875074,1219.459228515625,2021426.0
2025-01-14,1223.6985101018515,1273.821470393022,1223.6985101018515,1267.4874267578125,2019116.0
2025-01-15,1287.686109280024,1287.686109280024,1247.837161500336,1250.679931640625,1132553.0
2025-01-16,1265.642019673715,1294.668423568339,1261.9015005697247,1278.8585205078125,2453628.0
2025-01-17,1286.738500523415,1286.738500523415,1238.0618325741352,1254.220947265625,1594817.0
2025-01-20,1256.3156783840393,1266.0909503107582,1225.693344138028,1243.74755859375,763622.0
2025-01-21,1241.95211546496,1266.2904517693848,1235.169380273035,1237.36376953125,1153732.0
2025-01-22,1244.8447840648862,1274.7689375279845,1228.3365773664,1253.9217529296875,1708689.0
2025-01-23,1247.8372169596073,1255.1686103088298,1217.9130630756838,1242.8997802734375,1143154.0
2025-01-24,1244.346146099509,1249.1838602710825,1212.5766916917137,1219.9580078125,1118698.0
2025-01-27,1216.9155567547773,1216.9155567547773,1166.8425227142975,1172.37841796875,1224514.0
2025-01-28,1201.953503075008,1289.5813751916648,1192.9762569939498,1238.5606689453125,4408311.0
2025-01-29,1231.877773779537,1301.202069550936,1226.9403366702843,1293.272216796875,2589903.0
2025-01-30,1292.2246763977523,1305.2915322158583,1261.8517097444112,1276.1654052734375,1603461.0
2025-01-31,1280.75382257089,1318.4583062391046,1244.2961786832157,1282.59912109375,3455935.0
2025-02-01,1292.9727943326964,1293.0227166263542,1222.2520208052852,1262.300537109375,1221548.0
2025-02-03,1265.79172449717,1337.0112359488771,1235.9672930822103,1334.2681884765625,3201674.0
2025-02-04,1344.5920801230698,1395.961881403736,1338.6571712040625,1391.37353515625,4294009.0
2025-02-05,1396.4605062083483,1397.906791599387,1368.730741737534,1384.4908447265625,2256362.0
2025-02-06,1378.0073589784924,1397.5577828606645,1361.748519140009,1378.4063720703125,1418890.0
2025-02-07,1382.699483724481,1392.7834109265289,1353.895349386324,1377.95703125,1906955.0
2025-02-10,1371.916503388018,1387.7912623469672,1320.4484904893718,1345.6083984375,742166.0
2025-02-11,1345.6084617930092,1353.8453527667004,1298.533357489311,1308.218017578125,1165281.0
2025-02-12,1311.712438356975,1356.341361912274,1299.9311396465075,1349.701904296875,1486866.0
2025-02-13,1352.847043744669,1412.2525043371472,1352.847043744669,1388.5902099609375,3103262.0
2025-02-14,1388.789640914562,1401.269777874614,1354.8436683832213,1373.8134765625,1380204.0
2025-02-17,1362.8811730335003,1375.2613736468472,1334.3265169781528,1354.7939453125,1159828.0
2025-02-18,1348.9532335614458,1360.2353279153374,1330.9319860553614,1348.25439453125,1120095.0
2025-02-19,1347.854934248976,1378.655891148951,1341.3152930396725,1373.214599609375,1493355.0
2025-02-20,1367.8229611698732,1396.7768778661698,1356.2414188666212,1393.0328369140625,1137492.0
2025-02-21,1392.234121336713,1404.5146249562458,1368.3222274764778,1381.9505615234375,1316473.0
2025-02-24,1372.8150987304864,1380.3031810871985,1335.8738924373752,1375.0615234375,933976.0
2025-02-25,1377.7573059721385,1401.419721434213,1361.0838898696995,1365.626708984375,1043022.0
2025-02-27,1403.9156560782003,1441.2062826605854,1398.274609536647,1436.364013671875,4929552.0
2025-02-28,1431.8212764607078,1436.3640955332644,1393.0830004669058,1398.5242919921875,2802181.0
2025-03-03,1405.7628103539355,1425.6810627870314,1397.7755216587427,1417.494140625,1551965.0
2025-03-04,1412.5519995134916,1451.9392666080175,1385.09569569247,1447.296630859375,1971854.0
2025-03-05,1455.683167264335,1459.576994350392,1391.834835667439,1444.600830078125,2724065.0
2025-03-06,1466.665848038443,1497.6165909174028,1447.6960378868228,1456.2823486328125,1086379.0
2025-03-07,1465.2182903952369,1471.6579933796318,1447.3467069416104,1455.034423828125,1722090.0
2025-03-10,1457.680111212066,1474.0041072603017,1408.7579704933048,1417.29443359375,1482590.0
2025-03-11,1414.7483280474817,1452.687944466539,1406.5114376407123,1446.4478759765625,1204847.0
2025-03-12,1454.6848641558838,1454.6848641558838,1423.2848861543955,1449.193603515625,1194307.0
2025-03-13,1454.2355645121995,1464.618941223424,1434.7165810645083,1442.404296875,754263.0
2025-03-17,1435.8147952846275,1463.6704857947338,1430.8227404217532,1453.2869873046875,849819.0
2025-03-18,1453.2869873046875,1453.2869873046875,1453.2869873046875,1453.2869873046875,0.0
2025-03-19,1517.5848559082274,1527.9683556133964,1494.8710036240743,1510.8455810546875,1564937.0
2025-03-20,1514.589501282425,1535.5561324801383,1473.854283347759,1490.8272705078125,3216107.0
2025-03-21,1499.6134161343232,1547.5371471426104,1498.4153716096562,1536.055419921875,1902342.0
2025-03-24,1552.3793231093232,1577.4893842014696,1519.5815460472384,1526.8699951171875,5381367.0
2025-03-25,1557.5211324816314,1557.5211324816314,1505.7035781218783,1526.620361328125,2103349.0
2025-03-26,1532.261345219056,1548.5354936123283,1507.600641750236,1519.8311767578125,1863135.0
2025-03-27,1512.592818707768,1533.5594518383707,1504.8051633658592,1529.2662353515625,1773298.0
2025-03-28,1533.559459114335,1533.559459114335,1508.599181459479,1517.534912109375,975450.0
2025-04-01,1520.579995982675,1521.4785902833444,1457.6801012046656,1465.9169921875,1585585.0
2025-04-02,1468.6626059322034,1477.2489163026971,1450.29181884507,1457.9296875,1356661.0
2025-04-03,1451.689538646916,1470.2599581635552,1423.983634453345,1443.153076171875,1029616.0
2025-04-04,1442.70398416387,1460.325963778235,1430.7730207270342,1450.9908447265625,1303321.0
2025-04-07,1442.7038931368231,1442.7038931368231,1356.491127773431,1383.8974609375,2219214.0
2025-04-08,1411.7532608113515,1467.6642810415042,1409.8064079645924,1460.9749755859375,2682517.0
2025-04-09,1472.6562559329664,1472.6562559329664,1387.7913191503883,1428.3267822265625,2837371.0
2025-04-11,1470.659441518996,1496.2187394131674,1454.7348344024413,1473.3551025390625,1785510.0
2025-04-15,1517.584786955509,1576.4910385544397,1485.5358168167838,1557.82080078125,2497699.0
2025-04-16,1567.5052990662027,1627.3101434504306,1540.548201566338,1609.3387451171875,2052940.0
2025-04-17,1602.449781445467,1607.2422033741625,1559.4182883252236,1584.7779541015625,1816329.0
2025-04-21,1606.7429613916493,1679.3273964222617,1592.4656345383517,1657.1627197265625,3338149.0
2025-04-22,1646.2799180297711,1646.379734754245,1554.9253117653602,1563.9110107421875,4574218.0
2025-04-23,1592.4655666366918,1617.4258419758248,1556.7224036005157,1564.3104248046875,3560465.0
2025-04-24,1564.5101792159976,1568.4040068452202,1534.2582744155234,1545.4405517578125,3030697.0
2025-04-25,1559.5180901322583,1577.3896726466885,1515.288431014971,1541.0474853515625,1777628.0
2025-04-28,1519.681416385589,1560.5164522102502,1482.740207983939,1523.3756103515625,2705277.0
2025-04-29,1527.369305632198,1532.4611777205807,1477.6483855306922,1482.1412353515625,2398360.0
2025-04-30,1477.6482918745278,1500.9113171120089,1463.2711489837232,1489.828857421875,2525455.0
2025-05-02,1477.7481931944285,1502.708469823874,1473.554915471222,1489.7291259765625,1150273.0
2025-05-05,1491.626152960593,1556.8224452106829,1485.0366642103345,1549.0347900390625,1794084.0
2025-05-06,1554.5259213593142,1570.4006805769802,1522.377136026505,1528.1678466796875,1385877.0
2025-05-07,1502.6086022627471,1588.3721342356046,1502.6086022627471,1571.9981689453125,2446093.0
2025-05-08,1572.4972836067582,1588.172287143604,1515.8874301474507,1529.06640625,1490280.0
2025-05-09,1493.1236099843777,1528.0679940361683,1490.1283770656526,1511.19482421875,2126114.0
2025-05-12,1547.537120058846,1579.4862735052222,1541.4468370584002,1576.690673828125,825674.0
2025-05-13,1576.6906487465872,1590.9679752163563,1566.506904998094,1576.2913818359375,1222774.0
2025-05-14,1552.5291147944924,1603.4480761157265,1552.5291147944924,1594.06298828125,1240552.0
2025-05-15,1582.08217813371,1611.435488356364,1572.397639376781,1606.64306640625,801332.0
2025-05-16,1613.6318790466787,1627.410000191477,1600.153329965338,1616.72705078125,652281.0
2025-05-19,1617.425956596476,1636.8949727406928,1616.3277287789958,1631.8031005859375,893304.0
2025-05-20,1632.0026458643797,1632.402034651796,1597.85703737633,1606.742919921875,1110122.0
2025-05-21,1607.3419286072758,1658.3607074534837,1600.6525016344256,1653.36865234375,2599619.0
2025-05-22,1649.874239592904,1654.267272533504,1614.2310143020106,1624.31494140625,1163741.0
2025-05-23,1619.4227416392332,1632.2024519760755,1601.4513425334958,1625.4132080078125,648628.0
2025-05-26,1625.4131692548472,1645.8805955261766,1617.126308892014,1642.1865234375,537043.0
2025-05-27,1642.5858556026897,1667.346499069958,1635.7967334029463,1662.5540771484375,1146178.0
2025-05-28,1667.346387815678,1681.7235307445671,1640.0897184739022,1644.3829345703125,982297.0
2025-05-29,1647.2783175821066,1651.1721448202798,1598.9552012671988,1605.2452392578125,1535436.0
2025-05-30,1605.4449318785134,1612.7333811282515,1590.468766469199,1598.4560546875,1453818.0
2025-06-02,1567.5052719550522,1587.473491979957,1545.6400466525124,1578.48779296875,2123000.0
2025-06-03,1585.476750371947,1600.6525496098543,1559.6178797532052,1563.811279296875,860899.0
2025-06-04,1552.2296519330755,1552.2296519330755,1492.0255371440337,1510.29638671875,4168598.0
2025-06-05,1519.5816194214872,1522.2772805082918,1499.613398404122,1509.1981201171875,2623833.0
2025-06-06,1516.586404897401,1621.1199944567738,1494.820994970585,1590.66845703125,6915310.0
2025-06-09,1617.42592853342,1650.373493744286,1601.451351461485,1641.98681640625,2938014.0
2025-06-10,1657.3622704407962,1657.3622704407962,1609.8379309166785,1635.09765625,1392757.0
2025-06-11,1626.4116525764334,1639.6905687175615,1591.8666535145371,1605.6446533203125,1851871.0
2025-06-12,1605.7444758705378,1632.3021843569193,1575.4925735219551,1579.1866455078125,1483626.0
2025-06-13,1548.5355769978623,1566.7066098084829,1538.052260712577,1551.3311767578125,3191325.0
2025-06-16,1552.5291740337289,1570.500572832833,1546.5387077673608,1564.1107177734375,1213574.0
2025-06-17,1568.5037025327235,1573.895146382007,1539.5497831352386,1552.728759765625,1189553.0
2025-06-18,1549.5340529850375,1587.473675416372,1548.0364363101164,1584.27880859375,1561533.0
2025-06-19,1582.2818755844296,1597.258041285154,1532.8605287720384,1541.946044921875,1062384.0
2025-06-20,1541.946107685614,1562.5133517098466,1535.5562523512742,1555.0252685546875,2149247.0
2025-06-23,1547.3373998540064,1585.3768341682735,1540.7477898240372,1581.0836181640625,838061.0
2025-06-24,1599.4543993880982,1611.9345367116632,1589.0709007596238,1595.9599609375,1464575.0
2025-06-25,1602.4496418244078,1610.736501806809,1585.5764716878732,1606.24365234375,1252727.0
2025-06-26,1613.432152014828,1628.3085000689457,1593.7635043577577,1624.4146728515625,1809115.0
2025-06-27,1624.5145815618157,1663.9518177086502,1591.766772520126,1651.4716796875,5837341.0
2025-06-30,1653.368717727849,1655.565173312454,1612.4338642092243,1625.4132080078125,1489109.0
2025-07-01,1618.424322283928,1625.31338294776,1575.4926468624542,1597.258056640625,2353507.0
2025-07-02,1577.48942524481,1602.8490897474326,1537.5529840993718,1552.1297607421875,2875195.0
2025-07-03,1552.529278370277,1565.408806083797,1521.678350649899,1524.673583984375,4522465.0
2025-07-04,1529.665491707837,1543.04422368412,1512.592687726588,1524.2740478515625,1751430.0
2025-07-07,1524.274120574029,1532.7606146064247,1505.7036991842915,1511.8939208984375,2553187.0
2025-07-08,1514.5894994338896,1523.5751985076568,1504.1061838478277,1519.281982421875,2437495.0
2025-07-09,1524.573717435844,1567.505393827292,1515.588017726006,1560.6163330078125,2507920.0
2025-07-10,1566.506838241689,1573.495715149077,1540.2485805391088,1544.3421630859375,1072022.0
2025-07-11,1539.5498464263867,1544.1425129029724,1522.0776529682405,1530.06494140625,1178845.0
2025-07-14,1530.564101888296,1545.2406952106592,1518.083964071203,1525.971435546875,1189763.0
2025-07-15,1540.248553297423,1558.519522782695,1516.5862620800217,1554.52587890625,2169391.0
2025-07-16,1536.9539949412126,1565.508526599583,1487.2330758943342,1556.5228271484375,3694875.0
2025-07-17,1560.5163480415451,1568.104247047669,1547.5370054154798,1561.8143310546875,912552.0
2025-07-18,1560.5164377579988,1568.90311477381,1547.5370943857315,1552.1297607421875,1194869.0
2025-07-21,1551.5306088700702,1576.0914937471862,1515.6876315614468,1571.2991943359375,1632384.0
2025-07-22,1582.4814288043667,1585.2770283439586,1553.627326642066,1562.91259765625,731619.0
2025-07-23,1547.5370366636907,1563.4117958021543,1543.6432094219783,1553.6273193359375,790498.0
2025-07-24,1556.2244118747014,1562.3174355708989,1542.340228743239,1549.6319580078125,2287825.0
2025-07-25,1518.2676698760383,1518.2676698760383,1464.0295063178592,1502.086181640625,4161435.0
2025-07-28,1486.3042569061097,1504.6833124261343,1484.1068128256368,1488.6016845703125,1228097.0
2025-07-29,1476.3156109410118,1501.0873966223787,1462.331565911801,1483.10791015625,1288099.0
2025-07-30,1496.7923038139438,1497.2917340120798,1470.3225033127296,1476.41552734375,738799.0
2025-07-31,1463.330379691803,1467.3258210015415,1425.073980378578,1441.55517578125,6484530.0
2025-08-01,1440.8561140707382,1480.211237863832,1402.3999890158173,1420.87890625,4717925.0
2025-08-04,1421.1785009779387,1475.3166811269807,1421.1785009779387,1470.4222412109375,1765076.0
2025-08-05,1473.7185290136906,1479.9114141768862,1454.8400447267754,1470.4222412109375,1537683.0
2025-08-06,1470.3224309082798,1479.0124671554363,1437.260177806024,1453.241943359375,2136451.0
2025-08-07,1438.358902469758,1489.300780265562,1438.358902469758,1486.30419921875,1097782.0
2025-08-08,1492.1975625718046,1498.0908632652236,1448.347567018588,1449.4462890625,840293.0
2025-08-11,1450.3452648901086,1491.8978321150455,1446.349823389034,1481.3099365234375,842409.0
2025-08-12,1483.307588924864,1483.307588924864,1443.8526059197918,1449.046630859375,755391.0
2025-08-13,1455.339559991896,1473.0193397793737,1452.942270716171,1458.8355712890625,672021.0
2025-08-14,1457.4370614433487,1473.119241549856,1447.548319937165,1459.8343505859375,1612053.0
2025-08-18,1498.2905265466857,1531.6524866573643,1494.0953618448332,1520.86474609375,1354862.0
2025-08-19,1520.8648046398253,1528.1565342555275,1501.2871653922082,1526.1588134765625,953552.0
2025-08-20,1526.0588687391692,1534.549181587524,1506.7808154992504,1521.1644287109375,1272429.0
2025-08-21,1524.1611390233093,1525.959014620303,1511.9749687425135,1516.56982421875,728673.0
2025-08-22,1513.2734322983106,1525.259756514535,1509.5776977707862,1522.363037109375,559123.0
2025-08-25,1523.1621447169623,1528.2563080241375,1502.4856626849787,1507.6798095703125,701737.0
2025-08-26,1508.8783980438718,1516.5696957840205,1468.4245544662076,1474.517578125,2035044.0
2025-08-28,1462.5312746653435,1466.82642293979,1434.2635999390104,1438.1591796875,1548977.0
2025-08-29,1437.3601268527718,1450.6450190492567,1416.3840582885548,1419.0809326171875,871127.0
2025-09-01,1417.7823689288025,1453.7413406094647,1410.6904850113544,1452.1431884765625,909205.0
2025-09-02,1453.24189411895,1456.8377668603753,1427.0716807533504,1429.7686767578125,1087452.0
2025-09-03,1431.2670188911252,1443.3532047313563,1422.5768606935412,1438.1591796875,989265.0
2025-09-04,1473.318989319265,1485.0056064281678,1445.8503301963635,1459.53466796875,1738436.0
2025-09-05,1470.2225809883728,1493.9953842799107,1455.3395373118478,1489.200927734375,1103269.0
2025-09-08,1497.0919417349528,1512.2745702863538,1480.0113322006332,1492.29736328125,869279.0
2025-09-09,1498.1907003638692,1522.9623644971332,1493.89555198028,1505.3824462890625,854933.0
2025-09-10,1505.382305912257,1526.658078681386,1505.2824442703409,1520.6649169921875,847153.0
2025-09-11,1520.2654370349114,1528.456043048036,1488.801336334123,1493.995361328125,1286327.0
2025-09-12,1503.2848088453068,1518.2677139168547,1489.5004874070053,1510.5765380859375,466301.0
2025-09-15,1508.9783143142035,1520.2654852835976,1503.384720620556,1515.9703369140625,844483.0
2025-09-16,1518.9668669029286,1586.3899397036716,1513.8727035664444,1581.2957763671875,3343241.0
2025-09-17,1573.5046704689485,1588.088006380285,1567.411525128436,1571.6068115234375,1113217.0
2025-09-18,1573.2051139814057,1591.084739345593,1566.3129529053424,1584.7918701171875,1022359.0
2025-09-19,1566.7124184154984,1599.4750858198072,1561.5183935024409,1589.0869140625,2436924.0
2025-09-22,1584.691909733872,1642.3261018637866,1584.691909733872,1628.142333984375,2983892.0
2025-09-23,1628.0424865559448,1641.8266860384597,1608.2650031243104,1621.949462890625,1724892.0
2025-09-24,1609.1640923223597,1638.1310437049472,1609.1640923223597,1628.3421630859375,1640747.0
2025-09-25,1625.1458395314978,1632.337585500645,1584.8917174135238,1590.98486328125,1350066.0
2025-09-26,1593.1823334969597,1593.1823334969597,1560.219940390126,1568.1109619140625,1273246.0
2025-09-29,1572.206206727618,1596.0789937191878,1564.9144773267333,1589.885986328125,1415978.0
2025-09-30,1574.503552761738,1622.1491406956552,1574.503552761738,1608.9642333984375,2707464.0
2025-10-01,1595.2798529624906,1617.6543493621364,1575.8020759865342,1603.4705810546875,2199531.0
2025-10-03,1605.967837285688,1605.967837285688,1556.0248161228192,1569.10986328125,1515769.0
2025-10-06,1569.3094689506163,1663.1024800495602,1568.7101771278285,1632.2376708984375,1859040.0
2025-10-07,1632.2376293229645,1638.1309296145232,1607.166259603517,1629.740478515625,1722326.0
2025-10-08,1618.1537391731238,1628.0424808543094,1600.3739764763989,1605.46826171875,885008.0
2025-10-09,1605.6680624120038,1623.1481190790084,1594.5807365694577,1619.55224609375,1404177.0
2025-10-10,1622.0493702566223,1629.0413928079447,1607.865479922364,1612.3603515625,451903.0
2025-10-13,1612.1606383702456,1650.7166242944718,1607.2661981673923,1645.32275390625,1392973.0
2025-10-14,1650.217193647797,1671.0933997766138,1637.132147181034,1643.824462890625,1887000.0
2025-10-15,1647.1206323334095,1706.0533899487343,1646.2216336784634,1696.46435546875,2004535.0
2025-10-16,1696.0649243417984,1698.1625067524478,1651.3159305690172,1666.198974609375,3202080.0
2025-10-17,1665.0002884722132,1675.58818345685,1650.1172453476695,1652.4146728515625,654858.0
2025-10-20,1659.1070353730329,1673.5905103958555,1652.1150129482214,1671.39306640625,715202.0
2025-10-21,1683.2794059825785,1684.8776800808262,1663.1024757697417,1668.396484375,132071.0
2025-10-23,1674.6891631415049,1693.1680787858224,1670.9934287851167,1682.7799072265625,1348437.0
2025-10-24,1683.0796792570102,1750.7024757579447,1676.1875184987398,1731.624267578125,2128154.0
2025-10-27,1745.2087188972955,1779.9691071357229,1720.6367791782934,1730.4256591796875,2981176.0
2025-10-28,1730.4257949657358,1741.6129827613051,1709.0501578512562,1721.2362060546875,2017814.0
2025-10-29,1718.0398408546862,1723.833279788187,1684.178449837648,1708.4508056640625,2012855.0
2025-10-30,1717.9398651885276,1721.835444769329,1698.0625207069552,1709.84912109375,654163.0
2025-10-31,1715.14312546082,1723.2338701117717,1690.2714777380293,1694.8663330078125,1093387.0
2025-11-03,1695.965005173217,1745.4085922802053,1695.965005173217,1716.54150390625,1170459.0
2025-11-04,1718.039891590321,1774.9749345093028,1716.0421707861462,1743.910400390625,1886397.0
2025-11-06,1742.1123429300983,1749.204227154573,1651.5157563516273,1681.4815673828125,2300974.0
2025-11-07,1663.601988387022,1713.045577954814,1642.7257817388252,1701.958251953125,2353603.0
2025-11-10,1714.8435097274084,1756.9953680217393,1689.971862451038,1752.400634765625,1647003.0
2025-11-11,1747.4063779993542,1748.0056698427748,1709.05011491485,1739.8150634765625,1659318.0
2025-11-12,1741.7128350711007,1754.9977271968644,1708.7504417885189,1716.84130859375,1343153.0
2025-11-13,1700.5597681406186,1717.5403943129477,1699.2612008961382,1708.6505126953125,831622.0
2025-11-14,1708.650432758047,1724.9319046869898,1703.1567010181348,1712.6458740234375,912397.0
2025-11-17,1722.035171648948,1722.035171648948,1693.8673597250784,1697.7628173828125,888281.0
2025-11-18,1707.0522572962443,1707.0522572962443,1676.6868797082475,1693.367919921875,1069184.0
2025-11-19,1697.663120788396,1697.663120788396,1668.0968771720657,1676.1876220703125,1108061.0
2025-11-20,1685.3771290027494,1707.052349975424,1668.2965193544692,1701.2589111328125,880665.0
2025-11-21,1680.3828131013795,1703.456462766141,1653.1138768140831,1657.8084716796875,1888141.0
2025-11-24,1657.0094947871626,1696.7640644170128,1645.3227552810506,1649.817626953125,2099027.0
2025-11-25,1649.8175812976972,1687.5745510707516,1649.8175812976972,1683.479248046875,1092627.0
2025-11-26,1686.076349780578,1723.833321551699,1684.0786289869989,1710.947998046875,908178.0
2025-11-27,1710.9479042550631,1747.8058752623303,1708.650476695909,1722.634521484375,1544531.0
2025-11-28,1720.0374401461695,1747.8058053158943,1712.246281017631,1734.021484375,963424.0
2025-12-01,1746.0078532914292,1747.006713619399,1715.442751641788,1722.9342041015625,1110164.0
2025-12-02,1713.045563764658,1737.5176432470105,1702.5575297007929,1709.6494140625,638234.0
2025-12-03,1699.0614394232025,1708.9501811817456,1660.405593013036,1666.998046875,898959.0
2025-12-04,1664.1012649652148,1676.8867256173753,1649.1183604187092,1673.7901611328125,1291711.0
2025-12-05,1673.790244069993,1732.8229884532795,1669.0956491852774,1728.427978515625,1344984.0
2025-12-08,1728.028408035092,1757.794495281238,1706.9524790054118,1722.434814453125,1060177.0
2025-12-09,1708.0512593789729,1733.222492323657,1688.074051666938,1729.22705078125,1381604.0
2025-12-10,1723.034104513466,1755.3972042540447,1719.637954935722,1742.012451171875,1194602.0
2025-12-11,1742.9114912994987,1743.9103516736825,1714.3441089840824,1717.4405517578125,1613630.0
2025-12-12,1717.4405807500414,1738.416648961999,1701.85838303597,1733.6220703125,2309890.0
2025-12-15,1732.023827967952,1738.1168516501127,1708.0511798299872,1731.72412109375,1622531.0
2025-12-16,1737.018148227401,1737.417716753543,1701.0591756361491,1713.445068359375,504325.0
2025-12-17,1708.051300459133,1729.8265061614438,1665.2001644999705,1671.5928955078125,1133450.0
2025-12-18,1676.8868245516346,1688.4735803649655,1659.206922984952,1677.0865478515625,744184.0
2025-12-19,1682.879926828077,1692.3690999296489,1612.3602902335474,1646.2216796875,2356435.0
2025-12-22,1646.1218119827618,1646.221673628804,1552.9280950925715,1583.09375,5780153.0
2025-12-23,1603.1708030939317,1711.4472854586008,1593.9813369826295,1676.5870361328125,7716481.0
2025-12-24,1676.5870592171136,1706.1533005162053,1667.4974546257674,1695.8651123046875,1861216.0
2025-12-26,1695.8652181008258,1710.448555401589,1692.8686369322636,1696.06494140625,1309836.0
2025-12-29,1695.0660162669394,1698.761750794513,1678.5848204694116,1696.864013671875,1016727.0
2025-12-30,1684.0784564515684,1713.9444036420184,1677.0864343903816,1699.560791015625,3270983.0
2025-12-31,1700.060286471537,1710.8480268385456,1686.5756719783726,1700.260009765625,707240.0
2026-01-01,1705.1545136767566,1725.5312896162063,1696.764062180372,1722.0352783203125,390859.0
2026-01-02,1726.5300405989512,1787.060950815141,1716.741160818162,1779.070068359375,1793036.0
2026-01-05,1779.9691620256094,1782.9657431064606,1759.3926629900038,1770.380126953125,716553.0
2026-01-06,1772.9771497819752,1829.412760465176,1772.9771497819752,1803.342529296875,1783196.0
2026-01-07,1807.7374838459668,1807.7374838459668,1776.0735380539047,1784.4639892578125,656441.0
2026-01-08,1787.960072150932,1787.960072150932,1733.5221816860012,1752.0010986328125,1408255.0
2026-01-09,1752.0010373595162,1761.290487299293,1707.9513207266243,1715.14306640625,1493038.0
2026-01-12,1713.045506509727,1728.927410519001,1691.3702856080004,1708.850341796875,2424388.0
2026-01-13,1714.0444210795074,1724.7321784291437,1689.0729114483956,1699.161376953125,1914112.0
2026-01-14,1688.1738767930922,1712.7458173610044,1679.0842718670233,1687.5745849609375,2111292.0
2026-01-15,1687.5745849609375,1687.5745849609375,1687.5745849609375,1687.5745849609375,0.0
2026-01-16,1687.574531284326,1705.9535857833978,1674.9889154846028,1697.263427734375,2796464.0
2026-01-19,1696.0648689843993,1724.232681993641,1689.072846556313,1698.462158203125,1233939.0
2026-01-20,1698.2622538602368,1700.3599580605996,1642.3260763826272,1648.0196533203125,1974356.0
2026-01-21,1638.1308709496811,1658.607506836552,1615.8562377734393,1625.94482421875,1024168.0
2026-01-22,1629.24110749166,1667.697231320548,1627.0436634739162,1662.1036376953125,1241584.0
2026-01-23,1662.1036144610534,1665.1001954967403,1636.432952361146,1641.3272705078125,1068908.0
2026-01-27,1646.821042152151,1664.5009438481206,1621.949516500637,1637.831298828125,1673143.0
2026-01-28,1649.0185991273806,1651.1161815053042,1628.2422547860513,1634.9346923828125,1066301.0
2026-01-29,1627.1435284486604,1656.909615985884,1605.5681690322654,1647.0208740234375,2289696.0
2026-01-30,1648.11953284388,1667.5973091411258,1616.0561408638828,1629.740478515625,1716319.0
2026-02-02,1569.109676715175,1596.3784898691356,1525.2596849616698,1592.4830322265625,2789681.0
2026-02-03,1687.8742609366432,1738.0170015183144,1672.4917872266217,1692.468994140625,2972692.0
2026-02-04,1692.4690007443878,1740.9137276998708,1664.8004959018178,1737.517578125,2366864.0
2026-02-05,1739.3169038212409,1744.314940901187,1716.42586959061,1721.6239013671875,391219.0
2026-02-06,1710.528161317345,1747.3137630322428,1701.1319492255868,1741.5159912109375,1197294.0
2026-02-09,1759.3089366476988,1776.002330589892,1749.612794158082,1769.5048828125,1602785.0
2026-02-10,1774.3031059265131,1776.002389669714,1720.9240472366976,1725.522216796875,1161279.0
2026-02-11,1731.3199525944935,1735.5182547098457,1713.9267600750377,1722.323486328125,321552.0
2026-02-12,1717.325486473231,1740.316456315422,1698.3329461688122,1731.1201171875,1316309.0
2026-02-13,1726.6218783639802,1730.3203768654837,1702.3313701917498,1708.7288818359375,1544271.0
2026-02-16,1691.3357333565305,1720.7242155391891,1683.1390014246329,1714.1268310546875,900028.0
2026-02-17,1712.3274452841893,1736.9177624757374,1694.334512409049,1731.419921875,324355.0
2026-02-18,1729.3208241004477,1731.419975262797,1708.9288084753634,1716.325927734375,1254525.0
2026-02-19,1724.5226685668133,1728.2212892265086,1671.0436717087075,1675.9417724609375,947586.0
2026-02-20,1669.9440653882702,1685.338043451797,1661.3474663208106,1668.9444580078125,643936.0
2026-02-23,1676.8413771175024,1706.1299221109828,1672.0432128926532,1689.1365966796875,731931.0
2026-02-24,1685.6379353511704,1739.31680162691,1662.7469024655122,1734.418701171875,2032442.0
2026-02-25,1745.31449445288,1756.3101756894102,1726.921694161843,1753.8111572265625,779164.0
2026-02-26,1754.211075514308,1773.9032927643093,1627.3608702528938,1747.4136962890625,9382761.0
2026-02-27,1739.3168223860075,1751.8119145008495,1721.7237570927869,1730.1204833984375,1844360.0
2026-03-02,1660.3478205107078,1721.4238056385636,1660.3478205107078,1703.031005859375,985503.0
2026-03-04,1695.234248348139,1695.234248348139,1627.4608164485644,1652.9508056640625,1509341.0
2026-03-05,1654.3502231641328,1689.7363490187672,1638.9562450214514,1668.3447265625,2076383.0
2026-03-06,1663.3466477014708,1673.942461317208,1619.36392384398,1625.6614990234375,1022219.0
2026-03-09,1574.3816807084795,1588.7760519080068,1464.424864912967,1582.3785400390625,1756873.0
2026-03-10,1605.3694023416815,1632.2588644317068,1592.3745068059147,1621.26318359375,1062910.0
2026-03-11,1619.4639087880894,1621.6631182604087,1552.490213631061,1556.78857421875,1499792.0
2026-03-12,1547.3922813262814,1551.6906420278103,1509.4071994849387,1525.5008544921875,2352076.0
2026-03-13,1515.3049181581548,1531.198700601213,1499.4111357150966,1513.4056396484375,1452053.0
2026-03-16,1513.4055342752515,1541.694471208372,1484.4169210031364,1526.5003662109375,2959644.0
2026-03-17,1529.4992018980752,1556.788531720073,1510.4067256670517,1528.399658203125,972406.0
2026-03-18,1529.8991379795016,1546.6925912432466,1509.807053482713,1523.6015625,2077220.0
2026-03-19,1499.4110826691444,1504.1091885858866,1444.5326126389766,1454.5286865234375,1822028.0
2026-03-20,1459.4267923870834,1467.423651523451,1435.7361460045493,1439.9344482421875,2452413.0
2026-03-23,1429.1386790202191,1429.1386790202191,1375.0599420233136,1380.35791015625,2569553.0
2026-03-24,1399.4502921591873,1427.4392980023708,1374.659981031986,1418.3428955078125,2457386.0
2026-03-25,1441.433871404587,1482.717705850858,1428.1390441700555,1473.221435546875,2569710.0
2026-03-27,1469.4228874717408,1469.4228874717408,1409.446443085139,1415.7440185546875,3233197.0
2026-03-30,1365.4637032063035,1391.9532992055472,1334.4758739241693,1354.1680908203125,3710019.0
2026-04-01,1401.3496065296006,1409.0465345252428,1362.4648551512544,1373.0606689453125,2262261.0
2026-04-02,1359.1661456989157,1363.8643737363448,1298.889892127893,1355.767578125,2245874.0
2026-04-06,1373.0606738426416,1398.5506620526746,1343.9721234662572,1392.6529541015625,3779021.0
2026-04-07,1397.351196029298,1417.3433438456627,1384.4562362832653,1414.4444580078125,1458087.0
2026-04-08,1502.4099112797112,1558.287988938038,1502.4099112797112,1553.6898193359375,4054814.0
2026-04-09,1546.0926828119234,1553.6897965029668,1518.4036072490546,1532.498046875,2195354.0
2026-04-10,1547.3921861719004,1583.8778546443,1544.2934277746117,1580.5791015625,2340856.0
2026-04-13,1524.4012139970723,1541.3945390055642,1501.4102448679362,1506.608154296875,3388598.0
2026-04-15,1536.496511029647,1567.2844677765186,1534.9970999287746,1549.9912109375,1410204.0
2026-04-16,1557.3883388679287,1604.969626998825,1557.3883388679287,1569.28369140625,2767683.0
2026-04-17,1563.3858946401006,1584.3776489798972,1541.7944002950717,1578.3800048828125,1168171.0
2026-04-20,1578.180230371913,1588.176304488729,1549.4914244432168,1568.6839599609375,810091.0
2026-04-21,1577.380495603026,1593.7740815587647,1571.5827238064292,1588.5760498046875,612548.0
2026-04-22,1582.3785450662533,1588.376189583245,1562.28646033881,1564.9853515625,1713023.0
2026-04-23,1557.3883108463433,1560.1872603423133,1531.8983224467402,1542.7940673828125,1853317.0
2026-04-24,1546.292664752258,1574.3816074392369,1529.2993394656123,1567.584228515625,1225033.0
2026-04-27,1569.8833591417113,1577.180541679881,1534.1974251927152,1560.087158203125,2919111.0
2026-04-28,1559.4873982538045,1578.5798741844171,1530.1989761887971,1535.7967529296875,964837.0
2026-04-29,1539.2954223074737,1571.9825346852383,1530.1990195927108,1552.690185546875,723397.0
2026-04-30,1521.2025386090256,1591.5747995677552,1471.7219739848283,1562.286376953125,7213356.0
2026-05-01,1562.286376953125,1562.286376953125,1562.286376953125,1562.286376953125,0.0
2026-05-04,1564.1856996838403,1648.3525934897025,1564.1856996838403,1638.8563232421875,5637755.0
2026-05-05,1643.3545045115711,1666.24553752512,1622.3627498918977,1656.749267578125,2688312.0
2026-05-06,1680.5398853676309,1723.3231302167694,1678.2408615975944,1711.2279052734375,2751781.0
2026-05-07,1724.3227362973323,1734.1189374632222,1677.141316611658,1688.5367431640625,2640682.0
2026-05-08,1687.4372528332403,1694.2346320641004,1669.944123070987,1673.4427490234375,919240.0
2026-05-11,1629.759890541173,1645.7536085601787,1620.36355680053,1623.8621826171875,1626071.0
2026-05-12,1616.564969640008,1628.1605126041966,1555.888851852466,1560.3870849609375,1647134.0
2026-05-13,1567.18455431371,1596.8728457353263,1549.5913661887926,1573.9818115234375,1052244.0
2026-05-14,1579.3797011501215,1589.375775208034,1544.8932456503248,1566.4847412109375,1324905.0
2026-05-15,1535.2970516534,1573.082138691291,1528.2997997550067,1545.6929931640625,883202.0
2026-05-18,1537.3961812341845,1537.3961812341845,1499.4111000333398,1527.3001708984375,822208.0
2026-05-19,1517.404025024979,1537.6961039446105,1507.4079510788329,1510.806640625,1043113.0
2026-05-20,1501.410321398775,1521.4024694866416,1490.4146399504484,1518.3037109375,857291.0
2026-05-21,1531.398553401866,1539.8952163939782,1498.311572507648,1503.4095458984375,1311311.0
2026-05-22,1514.1053127397051,1547.3922886890657,1502.4099547155463,1539.195556640625,1287931.0
2026-05-25,1565.385181323902,1599.3718327702704,1547.8920519029773,1590.3753662109375,1668255.0
2026-05-26,1597.8723937681443,1598.2722611238305,1561.5865971369924,1566.6846923828125,866674.0
2026-05-27,1567.3844019922692,1586.3769425776347,1554.689436831006,1578.5799560546875,557092.0
2026-05-28,1578.5799560546875,1578.5799560546875,1578.5799560546875,1578.5799560546875,0.0
2026-05-29,1589.7755725856948,1629.2600633761615,1529.5991361928702,1537.09619140625,2265673.0
2026-06-01,1532.2981369222475,1547.6921145740157,1486.316198651116,1492.3138427734375,2918334.0
2026-06-02,1475.42051640647,1487.4158051577422,1451.5298752390424,1482.2178955078125,867651.0
2026-06-03,1493.413420014933,1493.413420014933,1444.0327912270975,1470.0225830078125,1078181.0
2026-06-04,1464.524806496102,1493.4134853357905,1451.7299047347717,1485.4166259765625,871155.0
2026-06-05,1485.916347036035,1548.3918073049567,1479.5188355000207,1502.6097412109375,2458256.0
2026-06-08,1474.5208212728255,1483.2174786889495,1449.4307004488433,1455.4283447265625,1115497.0
2026-06-09,1464.0249108033229,1499.4110356491185,1458.5270703392755,1494.8128662109375,1430472.0
2026-06-10,1489.1151129275795,1516.8043114549032,1465.6243387443155,1472.0218505859375,1771871.0
2026-06-11,1458.427223432801,1472.7216583247516,1448.7310802833622,1454.328857421875,1160022.0
2026-06-12,1488.8153196490605,1576.980645514854,1484.4170225850712,1567.484375,3265447.0
2026-06-15,1609.3679465471398,1663.3467472387829,1606.6690553215135,1652.9508056640625,4372229.0
2026-06-16,1649.2522098545876,1685.0380801765928,1649.1522735229316,1679.740234375,2152281.0
2026-06-17,1679.7402514732933,1690.2361288740449,1671.9432651666386,1678.5406494140625,980447.0
2026-06-18,1674.342371407865,1691.3356969684223,1660.3478680050528,1688.2369384765625,770645.0
2026-06-19,1683.338895339378,1703.4309800776089,1675.8418396891136,1692.7352294921875,1247083.0
2026-06-22,1694.2346029288244,1723.623084828503,1694.2346029288244,1718.125244140625,1704231.0
2026-06-23,1719.2247677926537,1742.115801339284,1711.027914013036,1725.222412109375,1934588.0
2026-06-24,1722.32346664704,1802.2920547676224,1720.3242519440255,1792.196044921875,2368949.0
2026-06-25,1806.290516563962,1815.8867229060345,1785.1988254734197,1798.4935302734375,3949686.0
2026-06-26,1798.4935302734375,1798.4935302734375,1798.4935302734375,1798.4935302734375,0.0
2026-06-29,1813.8875014408493,1823.1838987510496,1764.1071278411546,1773.303466796875,4523777.0
2026-06-30,1781.9999802115617,1803.2916656493005,1769.3050156315198,1789.0972900390625,1364890.0
2026-07-01,1789.297214024256,1808.189817951112,1775.9024506991502,1802.592041015625,642938.0
2026-07-02,1814.1875115729324,1814.1875115729324,1780.600727024377,1787.7978515625,1239025.0
2026-07-03,1799.293236235444,1819.2853833047268,1784.199189602612,1789.0972900390625,951422.0
2026-07-06,1808.189795327876,1857.070620107252,1808.189795327876,1849.7734375,3062520.0
2026-07-07,1861.2689624412164,1874.263858527004,1841.3767509515728,1852.67236328125,2130993.0
2026-07-08,1838.7777751868323,1850.573191077713,1762.6077416531737,1768.705322265625,1760890.0
2026-07-09,1766.3062844172164,1805.1910368713995,1754.6109265891137,1791.196533203125,1291022.0
2026-07-10,1804.1914461258625,1826.282745573145,1801.2925602204748,1807.09033203125,741849.0
2026-07-13,1798.293734306004,1818.1859462105872,1776.8021749465938,1810.1890869140625,635788.0
2026-07-14,1791.4962669622416,1791.6962616482494,1742.0157024991938,1770.804443359375,1288807.0
2026-07-15,1778.8013280483792,1827.3822221845885,1778.8013280483792,1803.1917724609373,1510352.0
2026-07-16,1809.789205868845,1812.4880970520724,1784.1992807178176,1788.3975830078125,773364.0
2026-07-17,1799.2933056246557,1811.28859432882,1786.7982132244842,1804.19140625,791604.0
2026-07-20,1789.1972856966995,1789.1972856966995,1755.4105072203463,1782.10009765625,884308.0
2026-07-21,1782.0,1782.0,1753.5,1758.800048828125,1351990.0
2026-07-22,1764.5,1770.4000244140625,1725.0999755859375,1728.0,923087.0
2026-07-23,1725.0999755859375,1731.4000244140625,1700.0999755859375,1717.300048828125,1197063.0
2026-07-24,1702.0,1741.300048828125,1660.4000244140625,1724.4000244140625,1912110.0
2026-07-27,1744.0,1804.5,1743.800048828125,1785.199951171875,1963093.0
2026-07-28,1782.9000244140625,1815.699951171875,1696.199951171875,1753.0,3624877.0
2026-07-29,1805.0,1839.5999755859373,1776.199951171875,1802.9000244140625,2713486.0
2026-07-30,1785.4000244140625,1808.800048828125,1758.0,1773.800048828125,1209091.0
2026-07-31,1787.800048828125,1863.0999755859373,1779.4000244140625,1849.9000244140625,2944385.0
2026-08-03,1870.4000244140625,1913.0,1861.0999755859373,1888.199951171875,2277492.0
2026-08-04,1888.199951171875,1888.199951171875,1859.4000244140625,1875.0,1345656.0
2026-08-05,1888.0,1906.800048828125,1867.0,1880.0,880996.0
2026-08-06,1882.0,1952.5,1871.300048828125,1940.0,2644332.0
2026-08-07,1913.9000244140625,1922.0,1862.800048828125,1866.199951171875,1617860.0
2026-08-10,1875.9000244140625,1920.0,1862.0,1920.0,1593186.0
2026-08-11,1909.9000244140625,1926.0,1892.9000244140625,1914.4000244140625,1453808.0
2026-08-12,1909.5,1917.5999755859373,1888.4000244140625,1917.5999755859373,540582.0
2026-08-13,1914.0999755859373,1927.9000244140625,1895.4000244140625,1927.9000244140625,868566.0
2026-08-14,1900.0999755859373,1913.699951171875,1885.0,1894.4000244140625,626875.0
2026-08-17,1888.0,1895.0,1870.0999755859373,1884.699951171875,790573.0
2026-08-18,1873.199951171875,1889.699951171875,1866.5999755859373,1868.0,523303.0
2026-08-19,1866.0999755859373,1873.5,1853.0999755859373,1873.5,555561.0
2026-08-20,1889.800048828125,1907.0,1877.199951171875,1888.9000244140625,624966.0
2026-08-21,1888.9000244140625,1890.0999755859373,1855.0,1862.9000244140625,902331.0
2026-08-24,1856.300048828125,1868.699951171875,1833.0999755859373,1846.699951171875,845144.0
2026-08-25,1837.300048828125,1873.0,1821.0999755859373,1873.0,428763.0
2026-08-26,1875.0,1925.0,1868.0999755859373,1868.0999755859373,1362590.0
2026-08-27,1872.0,1891.699951171875,1860.800048828125,1875.4000244140625,942441.0
2026-08-28,1878.0,1878.0,1845.0,1862.9000244140625,803008.0
2026-08-31,1853.0,1857.4000244140625,1807.5,1857.4000244140625,1269330.0
2026-09-01,1851.0999755859373,1851.5,1794.0999755859375,1814.699951171875,1873461.0
2026-09-02,1796.0,1825.9000244140625,1773.5,1825.9000244140625,853169.0
2026-09-03,1826.0,1858.0,1826.0,1849.300048828125,805773.0
2026-09-04,1841.0,1859.9000244140625,1828.0,1839.0,677118.0
2026-09-07,1838.5999755859373,1848.199951171875,1798.300048828125,1848.199951171875,876074.0
2026-09-08,1834.0,1834.0,1810.0,1823.4000244140625,1040914.0
2026-09-09,1828.4000244140625,1843.4000244140625,1809.0,1829.0,1079333.0
2026-09-10,1827.0999755859373,1868.199951171875,1804.199951171875,1859.0,2679971.0
2026-09-11,1834.0999755859373,1850.199951171875,1795.0999755859375,1845.9000244140625,1505149.0
2026-09-14,1845.9000244140625,1845.9000244140625,1845.9000244140625,1845.9000244140625,0.0
2026-09-15,1834.800048828125,1842.0,1784.199951171875,1791.5999755859375,1709145.0
2026-09-16,1800.699951171875,1800.699951171875,1756.300048828125,1765.5999755859375,1312956.0
2026-09-17,1765.5,1793.199951171875,1747.5999755859375,1764.5,1802374.0
2026-09-18,1769.300048828125,1804.4000244140625,1766.0,1800.0,1509978.0
2026-09-21,1806.0,1806.0,1763.5,1764.0,922958.0
2026-09-22,1769.9000244140625,1779.4000244140625,1756.800048828125,1759.0999755859375,906681.0
2026-09-23,1760.0,1784.0,1758.699951171875,1774.0,1227152.0
2026-09-24,1630.0,1712.0,1629.9,1681.7,4152387.0
