Date,Open,High,Low,Close,Volume
2021-09-23,1059.7842043178644,1069.9946357542858,1048.046581434629,1065.865234375,1101165.0
2021-09-24,1076.744825464283,1099.8430480328764,1052.194792878436,1065.1580810546875,2340985.0
2021-09-27,1072.8890351776918,1073.8506940272043,999.6063956790116,1021.0547485351562,3112105.0
2021-09-28,1029.5208161866533,1029.5961975261048,971.0681691137848,983.28662109375,2611770.0
2021-09-29,975.7821243812168,999.3328668051764,942.97322967874,991.9414672851562,2904110.0
2021-09-30,999.3517298592604,1003.4622571264728,981.2597476514928,988.283447265625,1779880.0
2021-10-01,982.1933285488604,1004.0658916086402,975.7917824217744,995.486572265625,1321155.0
2021-10-04,999.0877961788748,1012.173652700122,990.112467227826,1006.5075073242188,945250.0
2021-10-05,1003.1229203435856,1020.3476152185124,988.6134500068648,1014.8888549804688,1284895.0
2021-10-06,1023.0439573418896,1029.5114465181084,994.8924202516104,999.691162109375,1533735.0
2021-10-07,1008.393057884521,1036.8746620101072,1005.5835778843845,1027.4373779296875,1164840.0
2021-10-08,1031.3685641773686,1080.4311096855504,1024.8068204434496,1064.5640869140625,2844105.0
2021-10-11,1055.9187850725475,1055.9187850725475,972.8311710687112,1011.0516967773438,2501120.0
2021-10-12,1014.153347345234,1020.8377730156228,983.3243369851842,995.4674072265624,1896525.0
2021-10-13,1002.1799732020712,1008.7794650293662,996.5232659215328,1006.4791259765624,902630.0
2021-10-14,1021.9784945299684,1091.7445541196528,1021.9784945299684,1056.6917724609375,4070165.0
2021-10-18,1067.7602086031668,1073.256601528086,1039.250295704836,1056.833251953125,1563700.0
2021-10-19,1065.3465604283854,1129.4559109674385,1063.4704283474318,1105.20751953125,4652055.0
2021-10-20,1105.8297425354456,1136.9982574716005,1071.0033337377597,1097.4766845703125,2753345.0
2021-10-21,1101.1725436161466,1102.926109370144,1018.9428886561416,1027.343017578125,2833255.0
2021-10-22,1038.8732960934976,1049.3193085154985,1006.0265962426352,1017.7360229492188,2088835.0
2021-10-25,1001.2372260879816,1007.8367181620076,891.2331279649445,955.8515625,5763730.0
2021-10-26,965.0345400560932,981.9952301357364,935.6290785688932,959.3872680664062,2449410.0
2021-10-27,964.1764953567528,970.012335001178,939.6075281672158,950.8643798828124,2132460.0
2021-10-28,954.8522289329838,966.9670455378492,933.3756257221916,949.0541381835938,2224895.0
2021-10-29,938.259411385454,949.0071232006776,911.5031751014408,918.3572387695312,2252140.0
2021-11-01,929.585656819284,961.6308975873392,922.0433796848477,957.3883666992188,2396685.0
2021-11-02,965.6000437847488,971.20024474794,946.4521463709112,950.9869384765624,1375160.0
2021-11-03,955.58080479164,962.802250609156,946.9225466576884,957.4901123046876,971555.0
2021-11-04,961.2899065338388,965.6852079442364,957.5657329068551,960.609375,108085.0
2021-11-08,964.125552063892,999.6658434554416,949.9472351217756,992.7940673828124,2033905.0
2021-11-09,996.2629404634064,1023.47589015265,985.1282093191468,1017.4264526367188,1887080.0
2021-11-10,1016.1126338441076,1016.1126338441076,999.6468415325246,1012.1710205078124,1175190.0
2021-11-11,1008.5698487306644,1021.7556370811012,993.9283829459956,1016.3395385742188,1032505.0
2021-11-12,1026.6991289707769,1034.0718998212317,1015.1390931955513,1024.2415771484375,1222580.0
2021-11-15,1022.7951731042366,1043.2308452382165,1020.1107779385098,1039.024658203125,1249510.0
2021-11-16,1058.6477060413258,1110.4458720974394,1053.3544905878075,1081.663818359375,8258485.0
2021-11-17,1087.9589714913843,1122.4595424008603,1074.1493047623983,1103.8953857421875,3446585.0
2021-11-18,1105.9085076241638,1107.3452619244752,1041.255371794068,1053.3731689453125,2993690.0
2021-11-22,1060.178770813635,1060.178770813635,1005.5356049365604,1026.17919921875,1304240.0
2021-11-23,1014.2220823101424,1040.622154289398,991.0263232067492,1031.40625,1465375.0
2021-11-24,1036.5671872045982,1039.3083512233788,1006.0932709272832,1016.623046875,1605925.0
2021-11-25,1020.4607901545,1046.3598742561385,1011.5756877480836,1040.272705078125,1041030.0
2021-11-26,1037.6636784637365,1045.4144446486296,983.4079690192114,995.8187255859376,2199500.0
2021-11-29,983.0298852281956,1013.116229504405,951.4784021812072,1000.5637817382812,1246875.0
2021-11-30,1011.0084314323092,1034.0718485722148,999.3065899930924,1026.8125,1866165.0
2021-12-01,1020.7159647986564,1031.1039360692075,1003.465678706992,1016.7932739257812,1737125.0
2021-12-02,1024.3927782235082,1028.0223947617712,1004.221793248161,1023.513671875,2277090.0
2021-12-03,1027.8146033312853,1035.8584447412106,1007.9838815904434,1011.4150390625,1046860.0
2021-12-06,1007.6056833162444,1015.1674520465726,964.3334340649166,968.89892578125,1249415.0
2021-12-07,982.784244260756,1000.0439919536946,945.4102201887084,984.6368408203124,2446190.0
2021-12-08,1001.9343128799408,1009.9686918039782,987.3778856349994,992.9452514648438,1223510.0
2021-12-09,1000.790763939656,1002.0289436784497,985.3930740894556,996.3104248046876,645250.0
2021-12-10,990.5916897289356,1009.2598060191516,986.8108054169932,1004.8361206054688,865795.0
2021-12-13,1011.386342622932,1056.1898354569284,1006.9533120752842,1035.291015625,2007730.0
2021-12-14,1009.2690852389068,1039.0340823799834,1009.2690852389068,1028.29638671875,1169075.0
2021-12-15,1028.967665985466,1034.8281060332613,1001.9343656126056,1004.3541870117188,1091080.0
2021-12-16,1016.112841562284,1031.2363815297226,1004.9309157369022,1012.3980712890624,1484725.0
2021-12-17,1025.9426853388452,1039.459273627093,1010.6300390601166,1019.5056762695312,1803535.0
2021-12-20,1010.4413209397716,1010.4413209397716,956.563720103881,979.61767578125,1610350.0
2021-12-21,991.5367472488152,1026.509921365313,985.3738883755888,1020.2525634765624,1650015.0
2021-12-22,1026.3212454403852,1044.469446686444,1020.8389162184249,1034.865966796875,1717310.0
2021-12-23,1039.7433021592158,1052.9763987321512,1027.5027339826286,1031.330810546875,1022140.0
2021-12-24,1033.6935573018598,1071.6441996654828,1032.4364550378548,1067.267822265625,2589040.0
2021-12-27,1069.42336721637,1072.7600259891958,1049.0821870386603,1062.0789794921875,1473275.0
2021-12-28,1069.4231348713736,1083.7809874492866,1063.165776043118,1069.1773681640625,1356135.0
2021-12-29,1065.2643364448215,1076.6069913137992,1059.5930090103327,1067.9298095703125,803805.0
2021-12-30,1066.2281913016532,1117.251201483344,1064.129828412208,1107.921875,2721840.0
2021-12-31,1113.470506382458,1119.7939804446703,1100.3508323031233,1113.53662109375,1382600.0
2022-01-03,1119.1417485208312,1135.2105067343905,1117.2513063780596,1129.189453125,1565055.0
2022-01-04,1138.991558305951,1159.786424930624,1132.403394162798,1154.190673828125,3346085.0
2022-01-05,1154.625249911698,1154.625249911698,1113.6498289353551,1122.8280029296875,3480935.0
2022-01-06,1105.9087134307704,1131.316261821338,1088.26139353397,1121.2496337890625,1719990.0
2022-01-07,1129.539405222672,1129.539405222672,1079.5844847294732,1088.176513671875,1259050.0
2022-01-10,1099.008394494096,1099.008394494096,1051.0857366474418,1054.9705810546875,1901720.0
2022-01-11,1061.8045541656256,1113.0733333429978,1061.4737498834832,1090.246337890625,3841550.0
2022-01-12,1096.4563516956002,1103.781814390118,1083.6013692696465,1094.2540283203125,1230480.0
2022-01-13,1100.2374081312496,1108.7065526319643,1074.83932068775,1082.590087890625,1046130.0
2022-01-14,1068.0998334785388,1079.442486577426,1063.3737280206692,1075.387451171875,916430.0
2022-01-17,1079.5747890630048,1081.3328863784127,1061.1619013821755,1063.9407958984375,853150.0
2022-01-18,1072.825706966279,1072.825706966279,1017.3790174160682,1022.766845703125,1393010.0
2022-01-19,1024.6197452012932,1032.0207854021153,998.38039637026,1022.3984985351562,1693990.0
2022-01-20,1020.4606737826432,1028.400554078317,987.2834363371346,1003.9855346679688,1461985.0
2022-01-21,992.4821041112276,1018.0030725026592,974.4755969261238,983.0960083007812,1248565.0
2022-01-24,983.030016452466,983.030016452466,907.6013786514768,912.1289672851562,1940435.0
2022-01-25,885.6719791689204,922.2047898602008,879.3201224425662,903.943115234375,1319185.0
2022-01-27,902.6859765524748,902.6859765524748,826.3121379280517,831.9456176757812,2717755.0
2022-01-28,869.8870286454688,912.138426358122,862.0417044959661,891.0127563476562,6720665.0
2022-01-31,908.7356405420372,928.2071732379576,900.4365711178021,909.9644165039062,2333095.0
2022-02-01,931.0427298967228,935.5041455398396,891.3529074234749,905.69189453125,2125050.0
2022-02-02,909.1135319246868,919.3030418360167,899.1698463918651,911.7223510742188,2065345.0
2022-02-03,912.8943642713592,915.3519733087332,880.9553697591462,884.4432373046875,1737845.0
2022-02-04,883.781796428499,895.8806159000849,867.3349249476863,887.5816040039062,2057605.0
2022-02-07,889.0790701239084,902.1593263229424,874.4822264288763,883.1740112304688,1635785.0
2022-02-08,886.6147455436488,894.1975099003125,861.5916000258987,868.491943359375,1383345.0
2022-02-09,876.7570156860785,905.1923783569785,873.9229671295151,903.0692138671876,1611105.0
2022-02-10,908.0359541609452,913.5619094124596,893.533930137731,896.5764770507812,941430.0
2022-02-11,880.5484592540678,883.230878186387,857.8001675187635,860.947021484375,1775005.0
2022-02-14,828.4168830510894,855.5631893046318,815.1470473958087,825.6207275390625,1288900.0
2022-02-15,832.2083108570736,858.3688223172894,821.1185074449771,853.89501953125,1755420.0
2022-02-16,866.7099555012929,870.2264253101303,839.8100953609014,845.83837890625,1318130.0
2022-02-17,847.9425067349829,851.7338884916372,827.2794877315956,831.94287109375,1118710.0
2022-02-18,821.8009839486224,837.8858935323102,816.1044235144103,819.0238037109375,1086800.0
2022-02-21,815.1471913476108,854.956705343657,803.7730444915976,836.549560546875,2397775.0
2022-02-22,797.1569649395119,843.3264778185295,797.1569649395119,837.53515625,1416055.0
2022-02-23,844.5302119993685,851.9423696237895,832.2082223742375,841.0516357421875,733475.0
2022-02-24,815.5737587740225,818.8248622425192,794.0197590682599,801.1286010742188,1792400.0
2022-02-25,819.8863638982726,856.283654523071,807.5643723021137,853.421142578125,1664145.0
2022-02-28,828.4170446010833,864.6626506600481,828.4170446010833,859.7907104492188,1471030.0
2022-03-02,853.0608945401289,862.5014559330549,849.2695127866172,851.629638671875,1149115.0
2022-03-03,862.5393411858607,889.7709218735512,851.7433678551348,886.8800048828125,3152420.0
2022-03-04,880.7381152489188,896.1026549140038,863.4399335957405,883.8565063476562,1631635.0
2022-03-07,855.5915359561322,900.0739107731513,849.4874096589001,895.220947265625,2467275.0
2022-03-08,898.8418414693024,918.045199816172,885.7805610652201,912.3676147460938,2302850.0
2022-03-09,920.7750903134288,923.931432217139,857.9898098667384,863.69580078125,4306000.0
2022-03-10,824.5781686138362,824.6255493164062,801.3843601495028,807.5643310546875,18311435.0
2022-03-11,807.3370053845065,820.7395565156683,802.8631439150623,814.824951171875,3857190.0
2022-03-14,813.2513835340252,833.1087569750775,799.4317808880285,829.4026489257812,3609870.0
2022-03-15,831.639528643674,835.9995940888696,774.2190414588598,787.0149536132812,4969165.0
2022-03-16,796.3796440855617,826.5021380698653,796.3796440855617,824.7107543945312,4301735.0
2022-03-17,838.8432595973096,840.7389505794504,827.4691137044647,836.1987915039062,4807090.0
2022-03-21,842.4450039310279,850.2173480026573,832.9570619506374,840.5303955078125,1428255.0
2022-03-22,838.8432258224846,849.269525804459,831.8291463302164,845.0421142578125,1089810.0
2022-03-23,850.3880083663404,852.4922554336391,835.3930857971689,840.8242797851562,827815.0
2022-03-24,839.7816213197491,852.8713652988089,834.3125342979895,849.0704956054688,1579895.0
2022-03-25,851.1652985314056,857.8002173395569,834.4832400973856,838.4736328125,1536150.0
2022-03-28,839.7910398848653,841.7246237098374,817.990595282888,822.2843627929688,1154430.0
2022-03-29,825.5733150530418,838.2744661176908,823.232164764336,835.6110229492188,990615.0
2022-03-30,839.0328875849052,859.1272246992392,833.8481423733588,857.2220458984375,1637480.0
2022-03-31,865.5534311438201,865.5534311438201,841.6866915837072,845.004150390625,1230430.0
2022-04-01,851.1652743080949,852.6818039946103,824.824668216046,836.9191284179688,1650485.0
2022-04-04,845.4781763400025,861.5915496558994,836.9191038038829,855.2599487304688,1596040.0
2022-04-05,860.6248142192471,872.9657822265243,855.2600336725621,863.980224609375,1795365.0
2022-04-06,861.7809974763388,863.2975268844721,843.5823553192977,846.28369140625,1222695.0
2022-04-07,845.8573572499504,851.9046162389457,830.3411308613302,832.0472412109375,1790400.0
2022-04-08,839.7721222084484,840.4640887500752,826.862471362864,829.0140991210938,931325.0
2022-04-11,830.122984931172,832.7011544871909,814.1991938739801,817.478759765625,1277825.0
2022-04-12,790.5031358318879,814.0096923294111,778.2096076394802,786.1619873046875,2028475.0
2022-04-13,795.0907531554868,803.583411900857,786.7117733912792,788.7590942382812,1152325.0
2022-04-18,771.9254903199836,780.9963219261533,757.3286447399288,771.8780517578125,2060760.0
2022-04-19,781.0246325262527,790.0007009588286,753.9257062899563,763.4515991210938,1646955.0
2022-04-20,771.5463004996844,771.5463004996844,745.9829330296833,754.807373046875,1795945.0
2022-04-21,763.9634539124579,778.5413219663833,756.5702707675554,775.915771484375,1459790.0
2022-04-22,773.4420033337457,786.7213293384643,758.6556352343033,782.7782592773438,1394285.0
2022-04-25,779.1195915529113,779.1195915529113,756.94946919642,758.5513305664062,1078155.0
2022-04-26,764.9112288245782,769.6504557689684,758.6554723987397,766.3993530273438,554235.0
2022-04-27,758.665029716224,767.7548939775353,750.9116600748272,764.5227661132812,782125.0
2022-04-28,774.3898322956297,784.8256212992718,762.399562669508,777.4513549804688,936520.0
2022-04-29,787.6595257721398,805.6685883349203,780.0862502980942,796.22802734375,1644240.0
2022-05-02,791.4509206722371,791.4509206722371,769.7831883931376,780.37060546875,650650.0
2022-05-04,782.8635494650857,793.3467188480944,763.9066386204479,769.3567504882812,692650.0
2022-05-05,779.0817336766561,799.3940587555204,769.356828175068,790.8065795898438,1261345.0
2022-05-06,767.75500372542,769.015654683158,680.6954008264555,740.3433227539062,9471025.0
2022-05-09,732.4286215523591,744.7980513867967,714.1068100196759,731.2722778320312,2411595.0
2022-05-10,729.841090828871,740.1062745776331,688.9794820826359,691.7945556640625,1709820.0
2022-05-11,699.5100967704717,714.2395974936671,681.5010292384407,705.50048828125,1718220.0
2022-05-12,696.7042154095498,708.0214910429828,673.396730978885,692.6664428710938,2573040.0
2022-05-13,711.8320282226749,720.1730577286719,693.6618447127806,709.6046142578125,2299395.0
2022-05-16,711.0073273714132,735.1489237346811,709.7561644082011,719.5474243164062,1659875.0
2022-05-17,724.1538176071629,751.5086193982896,722.4003269225599,747.0253295898438,1171455.0
2022-05-18,748.3902740933821,771.8684223694457,743.158149149841,748.8641967773438,1431600.0
2022-05-19,726.0495794048655,726.9405563986287,686.9983371928677,694.7327880859375,2393815.0
2022-05-20,712.5901904091718,720.3625345895964,696.1356074508957,717.888671875,1152750.0
2022-05-23,726.2679511115629,740.1541991759622,716.8424716440884,732.9638061523438,989935.0
2022-05-24,736.9109434950077,736.9109434950077,703.4699211302589,706.4944458007812,917500.0
2022-05-25,706.4942975274924,708.9766816816768,653.7171919428981,657.0175170898438,1965075.0
2022-05-26,663.8751564883055,672.5683207505359,637.8147044887795,661.56396484375,2096885.0
2022-05-27,668.6306441561926,703.6314969911183,668.6306441561926,698.390869140625,2415750.0
2022-05-30,718.088426296363,744.7195202517248,713.8179494467095,741.5427856445312,2353215.0
2022-05-31,744.3295701272448,751.3772731851091,728.7598382872003,744.0537109375,2278985.0
2022-06-01,744.0538531438243,751.8909956459621,716.5667900691393,721.59814453125,1627080.0
2022-06-02,721.5980474551448,739.012878868071,715.8152792014349,730.4814453125,1255295.0
2022-06-03,749.2848545412819,762.7906355083996,710.9360714857405,715.254150390625,3123375.0
2022-06-06,713.1521225190764,713.1521225190764,679.9678650641597,686.1025390625,2978330.0
2022-06-07,683.8485131281843,692.3989880305685,671.9691511660662,675.3551025390625,1440245.0
2022-06-08,681.7559701359181,682.8782735191917,657.54073483435,665.4920043945312,2041880.0
2022-06-09,660.9838322777471,677.1812153347572,653.4129711315668,675.3265380859375,1524445.0
2022-06-10,665.396853809428,668.6306525900777,645.0811483401111,662.5816040039062,1726700.0
2022-06-13,648.6574224621728,648.6574224621728,627.9327436018734,629.9205322265625,1822030.0
2022-06-14,620.6947118037566,638.1951688649364,612.5342252118415,615.1402587890625,2032605.0
2022-06-15,627.7138973221317,627.7138973221317,612.1537432734159,623.4434204101562,1519350.0
2022-06-16,636.2928540284879,644.8528475804407,620.3617549179091,626.9624633789062,2376050.0
2022-06-17,627.7331028950839,660.0518280101791,622.9870694810833,642.1519165039062,6981435.0
2022-06-20,647.5065392134691,655.8858209505087,635.047014060044,640.991455078125,2165955.0
2022-06-21,646.7551880945908,689.555163777321,646.1464633970415,683.705810546875,2943285.0
2022-06-22,679.0929280549856,679.0929280549856,658.7391392037337,666.3575439453125,1915020.0
2022-06-23,666.3575066386808,705.5147673189394,664.8357530747587,699.798583984375,1571635.0
2022-06-24,710.5366395753465,711.211948958963,680.9000606128426,693.8065795898438,1863505.0
2022-06-27,707.4359434609589,728.170139729928,704.934518325016,721.1509399414062,2246030.0
2022-06-28,713.5896432637506,719.3913936855605,705.7239414051371,710.5175170898438,1547735.0
2022-06-29,691.9519621558786,704.9631474431012,691.9519621558786,696.6409301757812,1994865.0
2022-06-30,699.0662041678012,703.54595543579,671.4840001938336,673.2530517578125,1367215.0
2022-07-01,673.0058583635682,673.0058583635682,650.5406299338713,663.5042724609375,2681085.0
2022-07-04,667.6796357998529,672.406627579053,648.0867808187921,666.8901977539062,997635.0
2022-07-05,672.9867510996473,681.8320667090362,663.875096698652,673.8712768554688,1671945.0
2022-07-06,675.4595680257188,689.3647972468157,670.5328231846304,686.3593139648438,1255740.0
2022-07-07,689.9356977524071,707.6263328532635,679.302229461314,686.5972900390625,2292405.0
2022-07-08,700.017288146464,700.017288146464,680.6146118306302,686.0645141601562,1902540.0
2022-07-11,673.3862017178917,677.1716027500428,655.3151030842195,666.3194580078125,1794550.0
2022-07-12,661.9729423882056,676.0493669092128,657.0271559210461,669.2394409179688,1022425.0
2022-07-13,672.0547152314402,681.0332014637424,664.8262980156913,666.7855834960938,1592075.0
2022-07-14,669.3916378124765,673.186559870119,637.0538769707995,650.0365600585938,2490795.0
2022-07-15,654.7445832485113,661.0123698139097,633.7725473412372,642.6939697265625,2274990.0
2022-07-18,650.5595926934448,662.7337956833203,647.7823662421245,654.6779174804688,1928330.0
2022-07-19,653.4129211832297,653.4129211832297,639.9166607074852,648.9617309570312,2425015.0
2022-07-20,654.3640306334034,676.2395723551597,653.4129201237619,672.6063232421875,2407070.0
2022-07-21,675.2885269081462,709.528508554193,669.6959919285305,688.7467651367188,3903380.0
2022-07-22,692.2181758497339,722.6537103354705,677.3238117032937,708.8530883789062,6784000.0
2022-07-25,701.9196167259677,729.5018238872862,700.9780265283051,720.8467407226562,3109580.0
2022-07-26,716.7474248310899,720.3045689994744,701.6152234737426,704.287841796875,2521590.0
2022-07-27,707.2268636916597,722.6538503587257,699.5513938851784,720.456787109375,1893570.0
2022-07-28,726.1633772872827,735.0372548845899,720.371146604226,731.603759765625,3251015.0
2022-07-29,745.6708287510273,754.2213051139483,740.239965464628,752.1954345703125,2288000.0
2022-08-01,753.2795282648849,760.5079449621066,741.8566816857099,750.2454833984375,1282525.0
2022-08-02,745.6516686316032,745.6516686316032,723.4146981887347,726.6389770507812,1735430.0
2022-08-03,730.8477287652711,744.1897002252346,729.0058238473911,738.5398559570312,1710915.0
2022-08-04,743.4451468201356,753.561321923829,729.1297717209032,744.6094360351562,1474645.0
2022-08-05,744.7812897811567,759.440220256903,743.435611869663,750.984619140625,1176665.0
2022-08-08,751.853084544206,756.300369033444,738.6733974443296,741.7273559570312,752610.0
2022-08-10,741.7274482420768,745.5448822955622,727.2211871889485,729.6357421875,910245.0
2022-08-11,736.5739035780084,757.5697912885729,734.0925946938015,736.2112426757812,1827410.0
2022-08-12,738.6256462907812,738.6256462907812,722.4492608348869,723.8807983398438,830770.0
2022-08-16,728.3090321912744,736.7646330413988,724.7397413459277,730.3895263671875,734365.0
2022-08-17,733.7107312318236,753.9431410985278,727.755544095458,743.387939453125,1873720.0
2022-08-18,743.2542780625971,748.2169531774318,725.9422034569238,744.5140380859375,1163975.0
2022-08-19,748.4079461891843,774.671852458846,742.681795198065,748.9232788085938,4856375.0
2022-08-22,736.7647033872978,736.7647033872978,715.768818057608,718.2310791015625,1989105.0
2022-08-23,698.5903214067853,712.9056968454489,689.6288824023229,706.2347412109375,1792810.0
2022-08-24,709.6609081752491,712.8866443419071,701.2625656064931,705.85302734375,928190.0
2022-08-25,710.4149286235015,715.7402070451705,699.7452077211766,703.2095336914062,1057555.0
2022-08-26,708.7064258070493,714.8143420158927,696.9201245088193,698.943359375,875930.0
2022-08-29,654.8807615292371,680.2666722819205,654.8807615292371,670.2650146484375,1673060.0
2022-08-30,679.5031342157132,684.0744896685285,675.1798630003823,679.5699462890625,1310340.0
2022-09-01,677.5944308503734,677.5944308503734,660.2633087839978,668.232177734375,935480.0
2022-09-02,673.5861287267486,676.8595709596752,660.6068781399704,661.8666381835938,830030.0
2022-09-05,662.4201346963025,672.82266443917,660.9122903808251,663.3077392578125,675495.0
2022-09-06,669.5778086426683,673.2616762179482,656.2167914716391,661.6661987304688,920815.0
2022-09-07,658.3165320349509,672.4219797042455,655.5775275902724,668.8621826171875,1146440.0
2022-09-08,675.6857275740796,682.1657999520708,665.6554117615132,668.7952880859375,1258255.0
2022-09-09,673.7770240651744,686.1836831485275,666.3998523423468,681.0206298828125,1584990.0
2022-09-12,685.0384972059453,698.1800319601987,683.7214778591416,690.5642700195312,1409885.0
2022-09-13,696.6816494738939,698.4949537791401,686.2409659860483,688.4169311523438,609120.0
2022-09-14,664.2334585014138,668.0508921709621,656.035494066316,662.515625,2195345.0
2022-09-15,668.0509257969909,670.7326707548564,649.9181149539297,652.5617065429688,1029400.0
2022-09-16,649.9181950721734,650.8725536552455,622.6235628960783,626.307373046875,1722225.0
2022-09-19,625.8681336646977,629.8764499963738,612.7075542625896,617.651123046875,1126050.0
2022-09-20,625.8682423434738,653.5446366188738,625.0284022710256,637.1964721679688,2984515.0
2022-09-21,632.7396613428946,642.9226498392849,629.8765859522027,634.6292724609375,1023720.0
2022-09-22,629.8670294285698,655.2624940182287,625.1620492201636,648.486572265625,1731965.0
2022-09-23,646.720934835601,659.4615950287962,634.2379117776094,636.8528442382812,1237680.0
2022-09-26,633.6939763794794,653.7355027408786,630.9645253405957,645.9574584960938,2269315.0
2022-09-27,655.4533109428385,665.1877778787514,641.3288188443629,660.845458984375,1699300.0
2022-09-28,659.6526171110482,668.0128070210015,653.9264660219756,658.583740234375,1556480.0
2022-09-29,661.8857051015127,666.0276461956109,639.6110126202472,642.063720703125,1424795.0
2022-09-30,645.2798937558812,647.7898609736047,635.2304719812109,641.7010498046875,1192575.0
2022-10-03,643.2375910984769,646.3965152173666,628.9222144419826,635.3832397460938,1574495.0
2022-10-04,643.3998130180154,666.1326380428467,643.3998130180154,664.1380615234375,1746595.0
2022-10-06,667.4591196699774,694.0761869222048,667.0964588521366,691.3657836914062,1730045.0
2022-10-07,691.3658559362067,694.6775099084578,680.1235441565927,687.615234375,850870.0
2022-10-10,673.7769657018334,697.4450400992682,669.4250941456902,694.400634765625,1007915.0
2022-10-11,697.8744805755802,710.8060234033729,683.3205170490467,685.763671875,2008380.0
2022-10-12,694.9542777822076,694.9542777822076,677.184128211918,690.8982543945312,924920.0
2022-10-13,690.9555590043437,696.1091182414372,683.3206909490472,693.6087036132812,684880.0
2022-10-14,702.4077543026766,721.4185565603811,699.5542321207279,714.2418212890625,2444480.0
2022-10-17,711.569611357031,722.2584372614153,703.1808218538681,718.2692260742188,1139470.0
2022-10-18,721.8670530520624,733.7010604410216,720.540481100378,732.3267822265625,1504425.0
2022-10-19,734.6650184150191,737.3849745593707,726.2666769022986,727.6695556640625,642230.0
2022-10-20,726.2666301348974,744.3994369319578,713.2873812009739,736.4400634765625,1610975.0
2022-10-21,735.7911879435968,753.943102545971,723.2031988761756,737.1654663085938,2876945.0
2022-10-24,749.1712068905672,749.1712068905672,737.1749170081364,740.066650390625,119175.0
2022-10-25,743.2160845288563,750.0969706431644,733.9015381320089,743.5023803710938,900545.0
2022-10-27,742.5480920489402,750.0397821657165,731.0385321109558,742.1472778320312,711910.0
2022-10-28,736.764743649481,739.6087132688322,707.1700779816849,713.1920776367188,1048310.0
2022-10-31,716.7613507735882,730.4659824129724,715.4825430676651,727.144775390625,766820.0
2022-11-01,734.4742409148679,738.4730051563042,727.6029066641609,733.8539428710938,793765.0
2022-11-02,722.449322982416,736.7646992634415,722.449322982416,732.5082397460938,648820.0
2022-11-03,723.9473010393702,733.312679099633,721.6682030084542,726.7052001953125,484385.0
2022-11-04,726.7051564244318,729.8173635496466,712.9827006424432,715.9225463867188,492730.0
2022-11-07,717.8185906472352,726.2263660754531,708.6256328433625,711.2398681640625,536615.0
2022-11-09,716.4779934401205,722.5875002858792,701.663856688634,704.9484252929688,455035.0
2022-11-10,698.4559145530909,711.1633147639394,697.1344188086779,704.0482788085938,488590.0
2022-11-11,719.1592563158579,749.8025268912339,719.1592563158579,746.4796752929688,2910880.0
2022-11-14,752.4836646734352,773.7424414625016,747.7339960034601,769.5960083007812,2215680.0
2022-11-15,772.210445082049,773.148876544145,749.2566897288067,760.7766723632812,1235920.0
2022-11-16,764.5496162896626,770.6782352726112,750.7601212950789,755.4428100585938,996740.0
2022-11-17,753.632940023539,755.4428222296248,737.7558790005918,740.3796997070312,844280.0
2022-11-18,743.0993850252297,754.4757050284703,719.7817923921247,729.4535522460938,1187770.0
2022-11-21,718.2016908559496,727.5765958861907,716.2864863470004,720.2605590820312,861665.0
2022-11-22,723.7556838578004,731.6080330750484,719.3219812852319,729.2810668945312,569835.0
2022-11-23,732.9487471363317,744.8229793459051,731.7996128070439,742.0172119140625,1111300.0
2022-11-24,745.732668062152,760.0296610281343,741.1840578877761,756.103515625,985620.0
2022-11-25,759.1583499081574,764.1665909426201,751.7177617668632,755.5098876953125,791835.0
2022-11-28,750.7602154589777,764.166647877888,750.7506300842361,762.1365356445312,740215.0
2022-11-29,760.3362237347624,767.9970421099238,754.8491812767229,761.8204956054688,965080.0
2022-11-30,762.0311561537704,779.1435035724808,758.4209769919405,773.0339965820312,1635765.0
2022-12-01,782.5525481506791,805.3434693635196,775.8397472173609,788.4609375,3463435.0
2022-12-02,792.3200305087289,814.5363533004987,789.0833306140604,811.5678100585938,2603030.0
2022-12-05,816.8346168266756,816.8346168266756,799.8084229018457,802.8153076171875,1242145.0
2022-12-06,795.767482064499,798.62111811049,774.7098176127162,781.38427734375,1262610.0
2022-12-07,773.7522721186374,779.2010317431323,764.5497277059077,770.6687622070312,1001340.0
2022-12-08,770.8698099614958,775.8780510174556,761.2937874775021,763.3621826171875,1107090.0
2022-12-09,770.8698312583841,773.5511059384977,738.7709843020706,742.5631103515625,2081660.0
2022-12-12,737.7368088164616,750.76017625,726.3030354270029,748.1267700195312,1069540.0
2022-12-13,754.5905086948544,759.3593487902916,746.8243691365507,750.491943359375,1090775.0
2022-12-14,758.037949943867,777.5443039297548,756.5058096576997,763.2664794921875,2393040.0
2022-12-15,759.3784839671773,760.9010970604597,739.5848644388774,742.1895141601562,995670.0
2022-12-16,734.4809003017323,760.4702384936313,727.7968555314898,757.0037231445312,2253695.0
2022-12-19,756.6972202866209,756.6972202866209,742.2469783235873,746.0965576171875,969275.0
2022-12-20,743.0609555818187,749.5726382514267,733.5232175089175,746.1539916992188,971140.0
2022-12-21,752.292246521161,765.8327553249976,746.4413112497972,750.8367309570312,1500595.0
2022-12-22,760.7192079683682,760.7192079683682,730.9377446009221,744.1718139648438,1297950.0
2022-12-23,731.7995359177202,735.4288268327236,709.3916234168825,715.4149780273438,1310045.0
2022-12-26,718.0101212649071,727.5095187685434,709.0661494051684,722.1565551757812,506765.0
2022-12-27,724.9048652787175,743.0993070756734,724.7133331492696,742.0172119140625,977185.0
2022-12-28,732.6614808082103,752.6753918325936,731.0336036906692,749.7068481445312,951735.0
2022-12-29,741.1841088327122,754.9736040039089,739.4700219218248,749.8695678710938,1608930.0
2022-12-30,760.3361196798817,778.5305608309117,728.0840857479543,743.884521484375,2692020.0
2023-01-02,747.609616317821,785.2337847945347,729.8843906777655,756.7355346679688,1710480.0
2023-01-03,758.2294998204644,772.21052866012,751.9572163591625,769.8260498046875,1597525.0
2023-01-04,767.8151276105416,768.9546767296437,753.7958153673205,756.3621826171875,652480.0
2023-01-05,758.0378170037316,760.8915110738072,748.3181905260793,752.5699462890625,478035.0
2023-01-06,754.5522179225436,756.3141731638042,743.1088604379303,747.1212158203125,818915.0
2023-01-09,754.5905841149822,773.6468925496393,754.5905841149822,769.4046630859375,1023335.0
2023-01-10,766.0818129701856,769.9122220350365,757.7698323131476,761.1788940429688,936885.0
2023-01-11,764.3484932966726,777.3814450568273,749.1130681921021,753.8435668945312,1999240.0
2023-01-12,758.4209457416052,761.5714359524223,737.5548147527329,747.734130859375,1040360.0
2023-01-13,752.100803325421,752.100803325421,725.9582160880778,743.9515991210938,1759165.0
2023-01-16,746.9298471459588,756.5058708273172,738.6178656042289,746.642578125,1262625.0
2023-01-17,746.6425223422037,754.0064863408919,743.1376652061301,750.3771362304688,697925.0
2023-01-18,751.1433040272751,756.1227894715041,749.0365671753427,751.8710327148438,407225.0
2023-01-19,746.9296718137999,764.93258041932,742.7161990040969,759.6753540039062,993520.0
2023-01-20,773.9341837130911,813.9619478100327,773.9341837130911,785.616943359375,9934110.0
2023-01-23,790.2132964306767,845.9457525844526,779.1434180467982,834.8184204101562,7309560.0
2023-01-24,834.8185642724653,854.1812547961614,823.9210453818966,828.1344604492188,5847690.0
2023-01-25,830.2411320138309,835.4122074260957,813.9618941312068,818.3093872070312,2606415.0
2023-01-27,824.4667687224554,837.1741690919232,813.9619002527697,822.407958984375,3724065.0
2023-01-30,825.4531025278485,853.1182443186,817.0644978419907,846.2617797851562,2892290.0
2023-01-31,847.4780521410183,847.4780521410183,815.3409206598722,838.6489868164062,1729260.0
2023-02-01,842.6899779297489,848.3781376186708,827.3779273414508,833.640625,812250.0
2023-02-02,840.7747802946437,864.1402987068502,833.5544803295339,849.1825561523438,3172095.0
2023-02-03,855.9337702094144,863.0986208121901,825.5817840317435,828.7362060546875,2244295.0
2023-02-06,830.1596530377368,835.34335626658,819.3883391865763,830.505859375,876845.0
2023-02-07,828.8131897474357,842.3061968239065,825.7356632191139,827.5822143554688,743805.0
2023-02-08,835.5644854293957,860.5500392021418,829.3902379770251,832.7466430664062,3700720.0
2023-02-09,832.659996458232,838.6226924794083,822.2733968691446,834.8719482421875,1645050.0
2023-02-10,832.8620020362921,840.5461617894258,827.0820356280391,833.679443359375,1126240.0
2023-02-13,778.9959544768335,793.3737310554219,769.4364215270244,775.5818481445312,41334880.0
2023-02-14,772.648571659934,787.6514326110463,771.3021354750417,784.7470092773438,2318580.0
2023-02-15,784.7662883030832,793.4121722100825,781.8811181254983,791.4983520507812,1872570.0
2023-02-16,799.1728885783549,816.1088821878931,793.9026631535577,813.4833374023438,4202805.0
2023-02-17,806.8858869359345,813.1274620568753,798.6150896435787,808.63623046875,1761170.0
2023-02-20,808.6362055087473,839.555574895184,803.0389687664077,833.9006958007812,2913870.0
2023-02-21,834.7758009409648,843.0465976089646,826.1202914842037,834.7661743164062,1853670.0
2023-02-22,827.0821427457057,840.353914226721,823.0236980812118,835.2664184570312,1492050.0
2023-02-23,841.507934508251,852.250367933643,831.7368510619496,850.3365478515625,2298380.0
2023-02-24,852.0868644256853,854.0103110722445,838.2765315911349,841.98876953125,1640725.0
2023-02-27,842.8544207221364,842.8544207221364,799.3845108132891,822.071533203125,2323110.0
2023-02-28,822.0810986765355,834.3623245027968,820.2826807279971,826.8223876953125,1241920.0
2023-03-01,825.8511741908886,828.8132990010205,815.8012105939501,827.1495361328125,1543245.0
2023-03-02,827.0821003062242,827.1013535573328,812.7620252027124,817.4071655273438,947930.0
2023-03-03,825.158603762024,826.764665261384,815.5413706179444,819.0805053710938,1616065.0
2023-03-06,824.1872825633986,839.622930558126,823.2351858407628,832.5350341796875,1089700.0
2023-03-08,823.2352184667434,830.9290055552176,817.6668611930775,823.1582641601562,957805.0
2023-03-09,826.1202939830956,826.8319598154199,816.3107048293077,818.4938354492188,678620.0
2023-03-10,809.5787296229049,815.5125464423794,792.0657844387222,795.6049194335938,1783110.0
2023-03-13,799.5863797715682,802.6735328380581,781.8907054576981,785.66064453125,1384600.0
2023-03-14,788.6131262352181,788.6131262352181,739.6421909783618,754.3084716796875,4411195.0
2023-03-15,761.6849825702136,773.0141131379748,741.4887898505489,759.7615356445312,2359070.0
2023-03-16,752.8562843642576,758.7227733545416,737.8437968692995,740.9212646484375,1726900.0
2023-03-17,750.3365478515625,758.6073449443569,746.2972981578289,750.3365478515625,1258810.0
2023-03-20,741.4984039690452,748.220841469077,721.2925849637631,726.0338745117188,1325135.0
2023-03-21,728.9862740772062,730.8712729096022,712.271518136619,714.0988159179688,1235525.0
2023-03-22,723.2159524498303,729.7749126794841,714.3584593473855,719.109375,960825.0
2023-03-23,715.1470173095594,723.2158895264606,703.5967115969689,721.0231323242188,1190175.0
2023-03-24,725.139587844033,736.2186623995315,705.9051160179313,711.7716064453125,1351835.0
2023-03-27,705.1354915005235,716.0991012201633,696.8550684896029,699.3170776367188,1364705.0
2023-03-28,703.3467898216996,703.3467898216996,688.5939276120878,692.0657348632812,1110185.0
2023-03-29,688.593866970257,706.6742528548295,685.6606227124743,704.0487670898438,1744095.0
2023-03-31,710.5211529897639,735.6029127608011,707.8379661495389,733.6217651367188,1382440.0
2023-04-03,740.5270590480079,746.1050433374124,725.3895412847532,740.7867431640625,846070.0
2023-04-05,740.719357685686,792.4600636969884,734.9682119683363,784.6124267578125,4230245.0
2023-04-06,781.8811618025916,783.8046086950949,763.2237034657333,769.3980102539062,1498720.0
2023-04-10,777.0628560218425,782.842822865047,767.6476053649475,781.16943359375,971570.0
2023-04-11,781.1694795212785,783.1025529996823,768.41701749862,770.3115844726562,959375.0
2023-04-12,773.2255974413639,784.5739215844225,768.4169805418529,781.9195556640625,821890.0
2023-04-13,778.9959378070733,794.383511887213,767.8399700785467,774.8989868164062,2178410.0
2023-04-17,747.83607027045,752.0676765850299,721.6772415222937,748.5862426757812,3673645.0
2023-04-18,753.8565519385427,780.7271082818243,740.805957288494,774.8029174804688,2834085.0
2023-04-19,774.802864315848,774.802864315848,746.8455576640475,750.5193481445312,1909035.0
2023-04-20,753.9910868457551,769.9556705621505,730.9578014708206,733.4967651367188,4489060.0
2023-04-21,732.8524795419952,742.8736208726267,725.1490657635687,736.8244018554688,2054405.0
2023-04-24,739.5653556169054,751.6734800494037,727.0629503854103,748.5286254882812,1440115.0
2023-04-25,750.2789704136627,760.1462627186936,738.6036332687771,755.905029296875,1938500.0
2023-04-26,756.4915805145084,768.9939843435487,747.297507431264,758.5496826171875,2078380.0
2023-04-27,755.1451868544736,783.6891288648601,755.1451868544736,779.2459716796875,3500850.0
2023-04-28,786.4973809381818,811.6945456348816,784.7759171922088,804.8663330078125,3246775.0
2023-05-02,805.712583943311,809.0689889080309,786.6704154197889,794.5084838867188,5793040.0
2023-05-03,787.651430695075,796.6820271200927,780.1307469869347,788.4688720703125,2210350.0
2023-05-04,791.2579502419876,796.1723428704215,785.7569204103269,789.5653076171875,1581815.0
2023-05-05,791.8830109826047,793.7679511363292,781.3136223110868,791.9984130859375,989870.0
2023-05-08,792.4600009727072,793.671781725247,788.6131077641019,791.7387084960938,899105.0
2023-05-09,792.4599855411319,802.4619311683107,786.9781510858306,793.4313354492188,1772995.0
2023-05-10,799.025507853871,801.9240284385888,792.2816354973377,797.1704711914062,579195.0
2023-05-11,805.7887532280838,807.527853851012,795.3540905199606,797.0545654296875,1645675.0
2023-05-12,799.3734398051218,803.9434814004885,787.3929215843357,789.489501953125,1058915.0
2023-05-15,790.3589576281212,800.8998848477173,784.5329029615931,798.310546875,582330.0
2023-05-16,801.9143699664494,821.798238004232,798.0593469630182,812.3587036132812,2487140.0
2023-05-17,816.8032245592245,818.1655034541101,798.2043818590923,814.2911376953125,1666095.0
2023-05-18,819.3151838331962,822.2137045307194,806.8515212456251,812.774169921875,1021380.0
2023-05-19,816.9962634986466,831.5758471232434,812.7548067785256,826.68701171875,1719045.0
2023-05-22,826.6870838671555,847.3342080269758,824.3682437461349,844.6192626953125,1793365.0
2023-05-23,846.4453155797578,854.097393361468,828.976881792013,831.77880859375,1380455.0
2023-05-24,827.8175001204306,831.5856006186276,817.9915314592507,822.291015625,792835.0
2023-05-25,821.2473960902134,834.5805773149809,813.827191399652,830.3777465820312,1401875.0
2023-05-26,834.7352655109828,870.9377576959183,831.8753707653649,861.8170776367188,3170645.0
2023-05-29,871.4886381806949,871.4886381806949,851.1989913937829,854.1265258789062,1073600.0
2023-05-30,853.1312258243141,863.5272624281977,847.9718332341206,850.26171875,1353600.0
2023-05-31,853.5176627493374,889.9423552110853,851.9717498226821,880.203369140625,3534745.0
2023-06-01,882.3095852022253,887.121109997411,875.0729556703349,881.5656127929688,1101505.0
2023-06-02,883.2854686132637,898.444732705662,881.1502040166766,887.101806640625,1514490.0
2023-06-05,895.4496765876188,895.4496765876188,881.5368121936289,887.4207763671875,732410.0
2023-06-06,881.5367135626544,881.5367135626544,846.9573267046843,853.227783203125,1864985.0
2023-06-07,859.8944831595512,863.7495062948316,853.3534691755013,860.2905883789062,639970.0
2023-06-08,862.7930029915307,862.7930029915307,845.4501755157869,847.4404907226562,644365.0
2023-06-09,848.3100952742878,856.8800504220115,837.933400205174,851.7786254882812,1047745.0
2023-06-12,855.4404504243374,882.1164891356259,846.3777374174354,870.7736206054688,2424035.0
2023-06-13,876.6962630356402,884.6285104236209,869.5562260928996,882.6768798828125,1314065.0
2023-06-14,882.6960747186014,898.7732157058432,870.5223123625723,892.6669921875,1993650.0
2023-06-15,896.4157895047952,896.4157895047952,879.4111589618878,885.5850219726562,794525.0
2023-06-16,892.2322718304791,894.464189372523,881.0150109180793,887.7685546875,1071920.0
2023-06-19,885.5945484042443,893.5075112088639,880.2419687948475,881.7105712890625,682035.0
2023-06-20,879.217912615673,885.0149537977543,848.735149527339,881.0053100585938,1285430.0
2023-06-21,888.8797344214779,904.1066401768568,885.0633368111002,889.81689453125,1520735.0
2023-06-22,885.9519798836204,886.1742398619759,865.6913523209868,876.2612915039062,1398220.0
2023-06-23,875.7397505703741,875.7397505703741,861.8268275243597,869.449951171875,867090.0
2023-06-26,858.9282395404907,893.6525174100948,858.9185683702248,890.17431640625,1263525.0
2023-06-27,891.9714022438105,910.9856899724246,891.9714022438105,907.3239135742188,1765795.0
2023-06-28,913.034042893638,915.4688192119324,898.3481925259996,902.193603515625,1326715.0
2023-06-30,903.9423575410316,918.8310663280732,902.2031979362064,910.38671875,1096360.0
2023-07-03,915.7392242732524,916.1740141389286,898.5413479031938,905.178955078125,715765.0
2023-07-04,905.1790717804622,917.6620183995092,901.6429022895246,909.864990234375,723920.0
2023-07-05,911.6813235779993,921.526634253506,905.3142730090698,913.1209716796876,672110.0
2023-07-06,912.0678899551036,917.9615254015482,907.014820833664,916.9567260742188,420235.0
2023-07-07,915.9325425360712,931.2174154595004,903.8553729351208,906.5896606445312,1537140.0
2023-07-10,913.4204400747668,913.4204400747668,888.8796098663244,891.0631713867188,696700.0
2023-07-11,891.6429526822865,910.1355295047756,883.0826687551645,907.6138305664062,1621200.0
2023-07-12,909.169342757654,912.0678635103352,889.0729439998426,898.5028076171875,1448910.0
2023-07-13,903.179055694435,930.6570348176712,899.7491512609206,918.9276733398438,2190395.0
2023-07-14,925.2078881830248,959.6810168231484,923.4591161889796,951.8356323242188,3269600.0
2023-07-17,956.5117414029264,976.772370892234,948.7920247636596,958.0866088867188,2515455.0
2023-07-18,964.2411584690036,965.7290444380444,942.0674647241284,959.5745239257812,2262775.0
2023-07-19,959.3718054313608,959.5746641560044,939.1207845676608,942.202880859375,1911945.0
2023-07-20,950.9853269519084,950.9853269519084,920.888997380812,931.2850341796876,1504110.0
2023-07-21,931.574846088342,949.9901109709192,890.821654201418,896.6669921875,5653675.0
2023-07-24,902.019570379532,917.478346625766,897.1114513801498,913.1692504882812,1690000.0
2023-07-25,915.7392774065496,917.0049623961692,903.9809618339284,905.8359985351562,875690.0
2023-07-26,908.009884361418,921.7295604728392,906.2804549480012,911.3238525390624,804430.0
2023-07-27,913.6136017137652,918.444469021834,901.0147210037188,906.7924194335938,797975.0
2023-07-28,908.1933723842624,911.3527784382647,894.6862864155974,902.8504638671876,571700.0
2023-07-31,906.2707847436632,913.9035793334572,903.4882002178508,908.9180908203124,821685.0
2023-08-01,913.4204299715386,937.3815204392296,906.5702340633612,936.30908203125,1764270.0
2023-08-02,936.222163815714,938.8888122315304,908.2128022200249,919.23681640625,732525.0
2023-08-03,920.5754681897032,930.0625651853614,913.7851328079036,924.504150390625,1303210.0
2023-08-04,931.2460716379408,949.4247615215816,929.0440437514636,948.3480224609376,1231175.0
2023-08-07,953.3631545700136,961.8995650570776,947.7853786167518,958.9215698242188,918490.0
2023-08-08,963.6359337633428,973.7243967778252,956.5836663193692,966.3423461914062,1169040.0
2023-08-09,968.0981730354702,987.50884256731,962.0742129787128,983.23095703125,1719320.0
2023-08-10,983.2309977604476,1013.7001799902072,978.283717338668,998.5480346679688,3125480.0
2023-08-11,1003.61176004563,1025.3408615899543,1001.8657444802049,1022.0232543945312,3023815.0
2023-08-14,1022.0231372399596,1037.5633252682935,1012.9337921451164,1023.7984008789062,2600010.0
2023-08-16,1009.2378885784304,1051.512534676929,978.041114039332,984.782958984375,3491965.0
2023-08-17,988.1103461698646,994.6775904559248,963.6457626143534,971.056884765625,3566720.0
2023-08-18,970.0479111355244,975.6062667200828,949.8806363775462,954.5562744140624,2266285.0
2023-08-21,959.755747431386,974.025114764018,954.2555329718374,969.368896484375,1188555.0
2023-08-22,977.8083128257796,978.4485184080854,960.7354929513148,962.4815673828124,858910.0
2023-08-23,966.1678461214892,969.8540168255258,942.2367775952245,953.1885986328124,2192815.0
2023-08-24,921.5455049488988,1048.0397747846946,912.4270310065943,1045.8765869140625,110682455.0
2023-08-25,1022.391981736933,1046.4783547698523,1001.8658467064904,1019.7534790039062,9174495.0
2023-08-28,1019.7532494553568,1029.0559766140232,1001.089535419308,1003.3982543945312,2580495.0
2023-08-29,1008.6559859534384,1023.0805953799849,987.1499785633708,1013.8165893554688,5092830.0
2023-08-30,1018.3467179752076,1038.8438367537667,1009.4513352720752,1027.911376953125,3536980.0
2023-08-31,1032.1309604306812,1065.112588865496,1027.911275769625,1060.543701171875,5969630.0
2023-09-01,1058.3125401997354,1068.2943709007204,1052.9578568897498,1057.7208251953125,1820690.0
2023-09-04,1059.486337847702,1067.828845060943,1049.805278122985,1064.918701171875,2785555.0
2023-09-05,1066.858856147379,1093.2441148363662,1063.4539781355884,1088.6849365234375,3126200.0
2023-09-06,1093.0500206594843,1118.019044122626,1081.8265001489915,1091.4202880859375,5622585.0
2023-09-07,1086.4537227329383,1095.9602401724749,1071.8351519765656,1088.461669921875,1970325.0
2023-09-08,1091.304194597312,1091.304194597312,1072.7860081311553,1076.869873046875,1404345.0
2023-09-11,1084.1254872682075,1084.203166883617,1065.5587566308177,1070.0986328125,1571345.0
2023-09-12,1080.43963396551,1084.416807539886,1052.4052198600548,1059.195556640625,1228175.0
2023-09-13,1057.1582617443069,1063.1628014801663,1041.4822543322157,1054.8592529296875,1467350.0
2023-09-14,1062.978415529549,1074.803241249598,1056.3820431926667,1058.6422119140625,1010745.0
2023-09-15,1069.2256132431764,1092.2739613682631,1066.0535375885138,1090.1204833984375,2311365.0
2023-09-18,1085.0956508113188,1091.5853333971486,1072.630557904421,1075.7637939453125,1405155.0
2023-09-20,1072.873267558507,1075.5894497787183,1048.040058285177,1051.1441650390625,1330315.0
2023-09-21,1046.7787924069614,1049.0002402603975,1026.310802912595,1035.29345703125,1889400.0
2023-09-22,1035.2352208318662,1041.9091560830454,1018.8123738279796,1026.9801025390625,1484625.0
2023-09-25,1032.1309331569294,1036.001414683144,1020.5097786264662,1025.5152587890625,951070.0
2023-09-26,1020.4906518028536,1020.519781666676,1003.08804486467,1007.5308227539062,1477730.0
2023-09-27,1010.0040818366942,1021.5962248961588,1006.7254337236092,1009.8101196289062,2144405.0
2023-09-28,1016.0184064141308,1018.8702901830738,985.0932769928978,993.96923828125,2240020.0
2023-09-29,998.1599105394904,1002.0595222052602,979.7484195811352,990.312255859375,2836805.0
2023-10-03,986.538816684592,1007.3365889802742,977.1584690960514,990.7294311523438,2898935.0
2023-10-04,993.1351303366636,998.9554775423944,974.8982397821452,996.3848266601562,1668680.0
2023-10-05,1000.1195698473646,1017.3282133025532,999.3434840182266,1009.9558715820312,1560675.0
2023-10-06,1016.7848835329556,1017.1825179230724,1002.3020159474952,1006.04638671875,976695.0
2023-10-09,1001.2834016578646,1012.1285893540042,993.1156740706642,996.9667358398438,898735.0
2023-10-10,1004.9695369820485,1014.2819723291898,994.463961767941,1008.1221923828124,1349295.0
2023-10-11,1016.5908830772116,1024.9332721860571,991.5830764498744,1000.0516357421876,2787570.0
2023-10-12,1003.3982541679616,1006.7158609543508,983.2406283248308,988.8475341796876,3095590.0
2023-10-13,981.3005486577712,997.0056876018016,969.6114819140608,971.3381958007812,2185450.0
2023-10-16,971.9880458215052,987.276010985395,970.3098818143897,977.8374633789062,1707085.0
2023-10-17,985.161317479158,988.28484347096,974.3840397153064,982.0183715820312,1079970.0
2023-10-18,984.7829628550855,999.1493703655558,974.8981720557124,987.9161987304688,3131985.0
2023-10-19,979.8066766038604,1024.370683914403,979.8066766038604,991.15625,5232700.0
2023-10-20,993.911119111693,1002.5931194281452,966.1677710553646,970.0673828125,2368615.0
2023-10-23,970.0673183579306,973.9086701433112,950.6469404846392,953.6347045898438,2691720.0
2023-10-25,960.1536006672956,965.5859055692192,943.4784714056774,950.4628295898438,1692820.0
2023-10-26,946.7668324877176,961.6764652668686,922.8163453918528,951.5006713867188,4392730.0
2023-10-27,955.6912396345276,975.8682248882265,955.6039092690816,971.7843017578124,2701340.0
2023-10-30,969.8152342338248,975.0922979195204,959.969222982674,967.8460083007812,1334300.0
2023-10-31,975.858500762671,975.858500762671,960.8712485081968,966.9922485351562,1121165.0
2023-11-01,969.6598523805864,984.142719558425,963.2963405562144,975.2085571289062,1659310.0
2023-11-02,988.7044824503396,989.3081893861794,978.0323963347872,984.7122192382812,956705.0
2023-11-03,990.4767054765448,1002.5509039902872,985.861241600224,989.9119262695312,778665.0
2023-11-06,999.2208270453297,1003.5246312124852,990.905147097964,996.1827392578124,1315040.0
2023-11-07,998.052245812486,998.052245812486,986.5135865491516,990.7882690429688,322725.0
2023-11-08,998.4515496964872,1000.8663775247936,988.1203038630111,995.481689453125,468430.0
2023-11-09,995.3454018877864,1005.6669608631848,994.1769156637462,998.675537109375,585800.0
2023-11-10,993.2031483639988,1002.7457359622488,988.1397478781612,1000.7982788085938,783300.0
2023-11-13,998.811867224368,998.811867224368,979.8630871026152,990.3209228515624,1334465.0
2023-11-15,1002.1029298895028,1042.7755870187725,998.110666943098,1040.574951171875,2335170.0
2023-11-16,1037.8484668193469,1117.6358395248535,1033.632265331626,1110.2646484375,5522040.0
2023-11-17,1107.129689826818,1119.7589243401103,1091.5500284044529,1105.1724853515625,2436475.0
2023-11-20,1104.2181190309586,1138.532309731368,1100.547142725937,1111.6962890625,2411915.0
2023-11-21,1115.8930290870169,1127.4999173461665,1092.9909122991353,1095.5225830078125,1181265.0
2023-11-22,1100.099001708434,1103.253872506247,1087.2652079132918,1097.284912109375,984720.0
2023-11-23,1098.4437106096434,1104.1887330925676,1088.7454118401329,1094.40283203125,955385.0
2023-11-24,1097.9081862062783,1100.936467748892,1080.8386961089932,1094.1884765625,722630.0
2023-11-28,1095.3666464167911,1098.3656872400854,1069.6309512855798,1084.012939453125,1194685.0
2023-11-29,1086.048106336637,1112.9424839316966,1086.048106336637,1109.028076171875,2760080.0
2023-11-30,1109.855861361342,1123.682759382055,1105.1819167232518,1121.90087890625,1758790.0
2023-12-01,1131.4727654393623,1131.6383421115215,1109.0770050218878,1112.7772216796875,887890.0
2023-12-04,1128.5516036602492,1128.5516036602492,1101.2969458816135,1105.3670654296875,924305.0
2023-12-05,1101.579084283363,1105.0747362680377,1072.2697617500894,1091.7152099609375,1613345.0
2023-12-06,1091.7446714670564,1120.8396924578478,1091.7446714670564,1110.3916015625,2301060.0
2023-12-07,1110.5765081204138,1120.7616717229064,1100.3523573358,1110.17724609375,1016800.0
2023-12-08,1113.7507020294577,1152.884793255974,1108.1127759975043,1126.21435546875,4134550.0
2023-12-11,1131.0829712217155,1150.5575406947594,1129.2621037305196,1142.134765625,2422230.0
2023-12-12,1144.130999470066,1160.4506988098724,1137.3246466929245,1140.557373046875,1801080.0
2023-12-13,1141.2002229625,1144.092168505414,1108.5998070083697,1135.4552001953125,2028865.0
2023-12-14,1147.0521986565664,1208.5626721681983,1146.6724302694709,1198.9908447265625,6216300.0
2023-12-15,1206.7808702681416,1271.68965742746,1202.5646678700855,1254.13330078125,6301270.0
2023-12-18,1252.2149380210435,1261.5822020874757,1232.944811630622,1254.3765869140625,3017720.0
2023-12-19,1254.1526092049091,1254.1623559993498,1219.3028268198675,1221.7177734375,1637195.0
2023-12-20,1228.8455205884552,1238.076448904057,1171.3760383174413,1176.0792236328125,2427650.0
2023-12-21,1160.6748119238246,1202.554890955145,1153.2939914972744,1193.38232421875,1833485.0
2023-12-22,1193.8010669604382,1231.5038116116864,1189.9061523758871,1224.9896240234375,2385155.0
2023-12-26,1226.8979623989076,1235.213642180327,1216.186948441457,1222.2337646484375,1282880.0
2023-12-27,1230.208671437121,1245.3890662201998,1223.1783798470717,1226.7811279296875,1743700.0
2023-12-28,1231.7664503049543,1231.7664503049543,1215.2228139715853,1221.5130615234375,1604550.0
2023-12-29,1222.6135316078532,1230.792875120246,1209.9550605820914,1221.9124755859375,1102815.0
2024-01-01,1224.9407469728285,1224.9407469728285,1203.723164215423,1205.9725341796875,918210.0
2024-01-02,1209.3709120582512,1210.812011357221,1168.669009340579,1175.93310546875,1578815.0
2024-01-03,1178.0946240425776,1178.2114667062297,1137.6167832259366,1154.491455078125,2001430.0
2024-01-04,1157.76312921343,1175.679756499577,1151.2585708554077,1159.525634765625,1050200.0
2024-01-05,1159.5355243808106,1197.4623274565358,1159.5355243808106,1183.34326171875,2494015.0
2024-01-08,1194.755303549776,1194.7650503453187,1170.2271359764802,1180.2564697265625,1656085.0
2024-01-09,1205.47598572257,1221.9515161373072,1178.7569304601557,1181.687744140625,2117425.0
2024-01-10,1185.553758940349,1202.2531121745544,1176.0793970721145,1198.12451171875,1041225.0
2024-01-11,1219.1081977080776,1234.687855186775,1211.990184643088,1214.84326171875,2156150.0
2024-01-12,1236.6350870436274,1288.2426930383615,1234.298115074973,1283.89990234375,6263855.0
2024-01-15,1304.776703693895,1322.1286122242084,1281.9525645809165,1288.057861328125,3656810.0
2024-01-16,1297.0065055130094,1297.0065055130094,1268.1744157013568,1284.737548828125,1316845.0
2024-01-17,1264.89285182319,1297.3959148516788,1262.341687833633,1290.570068359375,1496950.0
2024-01-18,1284.4356396994335,1285.798883526971,1219.7021806836317,1263.237548828125,2706900.0
2024-01-19,1271.6699703766924,1275.370186347045,1240.9196660985613,1249.36181640625,2004735.0
2024-01-23,1245.9829467330085,1249.7610180126767,1201.0356065440037,1207.73486328125,3445010.0
2024-01-24,1211.9023367447203,1250.8319789619122,1199.8280808730542,1240.3741455078125,1727660.0
2024-01-25,1254.1623547635663,1254.1623547635663,1204.5119462063342,1208.4068603515625,1960480.0
2024-01-29,1211.7465894960417,1231.5718055706325,1207.472026150071,1218.0855712890625,2118880.0
2024-01-30,1226.8981965463452,1250.8908866535226,1213.1686452624292,1216.148193359375,2734175.0
2024-01-31,1217.9299657796162,1232.7403389242595,1214.833456704246,1217.18017578125,1686460.0
2024-02-01,1217.1802336707692,1223.4023736376646,1188.4649869998514,1201.5323486328125,1452080.0
2024-02-02,1216.1869888108938,1259.8100764673056,1212.808179186638,1251.309326171875,2593560.0
2024-02-05,1265.6851675924793,1265.6851675924793,1240.3029151110593,1243.4866943359375,2153925.0
2024-02-06,1254.170893745183,1283.4693894958032,1244.7953989481618,1281.4771728515625,2174960.0
2024-02-07,1297.9231960117206,1297.9231960117206,1271.9452236066538,1285.9107666015625,1188930.0
2024-02-08,1294.9837013264023,1302.0250681316013,1283.039700624125,1290.7647705078125,819815.0
2024-02-09,1297.3274396039724,1297.3372153049834,1263.9368637784796,1269.747802734375,914395.0
2024-02-12,1279.347979087319,1315.2484087931637,1269.8943987526743,1302.0640869140625,4405265.0
2024-02-13,1307.2792175270158,1319.174458459505,1285.6179312147517,1301.2242431640625,1783135.0
2024-02-14,1279.3676095492906,1291.887780570961,1249.0924981782769,1264.1617431640625,1679355.0
2024-02-15,1287.1805982268502,1301.6345706884376,1271.7695606317145,1297.88427734375,855410.0
2024-02-16,1304.7498242134857,1306.712832849431,1274.6603328573929,1301.9078369140625,1598340.0
2024-02-19,1308.6659315232323,1337.4663386431423,1283.6645763761107,1319.38916015625,1852195.0
2024-02-20,1319.3405577622004,1329.1750332904871,1285.8816675191756,1299.57373046875,1426065.0
2024-02-21,1308.6661402935915,1309.6232054112052,1269.6014793893053,1278.5863037109375,1516810.0
2024-02-22,1286.2040757430984,1304.1836209188643,1275.910498521626,1292.5911865234375,992895.0
2024-02-23,1303.7830193647576,1313.1487381608713,1287.209866074981,1290.3056640625,980260.0
2024-02-26,1288.9385322975504,1304.7107937413844,1266.5446630126369,1287.8447265625,3776895.0
2024-02-27,1286.2036863779765,1298.6262172883633,1274.484290602323,1281.6234130859375,564300.0
2024-02-28,1283.0787581802354,1287.3757752494375,1254.024418374182,1262.69677734375,963435.0
2024-02-29,1263.7415908280714,1285.2271511049012,1248.115728808559,1280.1585693359375,1012390.0
2024-03-01,1286.5455956758412,1293.987407904007,1260.8117772794235,1270.519287109375,2378335.0
2024-03-04,1274.4843691382491,1277.003996467569,1251.2408517312206,1258.4093017578125,2231405.0
2024-03-05,1254.9523078457246,1259.0540498036887,1227.8023191802934,1233.75,1326225.0
2024-03-06,1231.513197321067,1243.8380906889845,1194.147846840496,1235.087646484375,2146995.0
2024-03-07,1242.2463863238909,1245.8598196119858,1218.153214854932,1221.4932861328125,1167230.0
2024-03-11,1226.6300802547833,1231.0639564328042,1205.7304674645954,1220.3114013671875,2434635.0
2024-03-12,1223.1045072745796,1239.638554540448,1208.6700896896289,1223.4365234375,1385110.0
2024-03-13,1234.4334845178917,1235.48818742378,1195.378600086645,1205.847900390625,1821000.0
2024-03-14,1200.2617095337805,1201.472704487821,1152.4074997964692,1189.0501708984375,2196890.0
2024-03-15,1187.1747055430951,1198.767135817086,1173.560732059527,1194.6751708984375,1051870.0
2024-03-18,1180.7586138119946,1180.7586138119946,1106.525987994677,1112.7861328125,7168195.0
2024-03-19,1114.319329437515,1122.32753635361,1081.5050417389712,1085.5189208984375,2974985.0
2024-03-20,1088.9272933535335,1098.6934574194845,1069.4926030191173,1080.0888671875,1674610.0
2024-03-21,1091.8571631322943,1119.0265796203698,1090.0992058809738,1114.6611328125,2961975.0
2024-03-22,1094.0351680190688,1101.486757263682,1066.8852987318044,1082.1107177734375,5279335.0
2024-03-26,1083.3606729069538,1089.9039554189071,1079.5518449184976,1083.516845703125,1030135.0
2024-03-27,1083.3801917780313,1099.9826727140653,1080.3039450949443,1083.8978271484375,1240445.0
2024-03-28,1087.755537084609,1092.6386197269069,1071.3483317201344,1074.7567138671875,1310940.0
2024-04-01,1083.8685132720586,1089.0837314181256,1067.0512051068986,1071.162841796875,2519550.0
2024-04-02,1077.598599467999,1088.429242364226,1072.9596713963858,1085.2650146484375,911175.0
2024-04-03,1084.0442974285172,1114.221770632541,1077.2568605498886,1106.0377197265625,3503930.0
2024-04-04,1140.6879513501738,1152.182745413918,1123.2553725121827,1136.674072265625,3238120.0
2024-04-05,1140.7660003028518,1141.0492571976772,1121.9856866851676,1129.534912109375,1113845.0
2024-04-08,1137.7580653373311,1137.7580653373311,1094.2790856887002,1109.8658447265625,1955720.0
2024-04-09,1117.4444319533009,1128.2751936139348,1110.68632279515,1115.6181640625,1532080.0
2024-04-10,1117.4446204218343,1120.1108837723536,1107.0046466176018,1113.8214111328125,723350.0
2024-04-12,1110.4129741099,1117.1516518856697,1093.81049340641,1096.9844970703125,1617440.0
2024-04-15,1077.2080814519948,1090.9295920072543,1049.6479903370855,1054.003662109375,2734590.0
2024-04-16,1045.5559153636782,1045.76108591314,1015.6812474372942,1017.6149291992188,2957755.0
2024-04-18,1021.150162542101,1037.3619721859145,1010.7980517490066,1017.0288696289062,2657490.0
2024-04-19,1010.7979713262428,1011.227625317489,994.4006034724732,999.69384765625,1707445.0
2024-04-22,1001.8132168135878,1012.731722124097,992.2423277766356,996.1585693359376,1663210.0
2024-04-23,1006.8914897074434,1024.275308991067,998.1507611681247,1019.0308837890624,1311865.0
2024-04-24,1021.54071799952,1028.7286001414905,1012.7609464136384,1014.2454223632812,1028735.0
2024-04-25,1006.9891531198932,1019.587528609681,1000.1138546834164,1017.73193359375,1384955.0
2024-04-26,1018.005368556083,1049.8625895273383,1009.8213186709468,1025.6424560546875,2578225.0
2024-04-29,1033.2602705293148,1036.170568662881,1009.3136145612208,1012.5950317382812,1431600.0
2024-04-30,1014.108797123252,1022.1463316485986,995.1819650440686,996.7836303710938,1152285.0
2024-05-02,1000.0356543363914,1000.2407056338023,970.366042975612,973.8233032226562,2245685.0
2024-05-03,876.4449182229557,922.1017385446784,871.1516736052912,875.5464477539062,24963640.0
2024-05-06,886.7679300326222,887.5492114414574,860.9169155739942,861.9716186523438,6533635.0
2024-05-07,867.2354379158259,875.439040225773,847.9082191535646,863.1629638671875,5439190.0
2024-05-08,868.2120790938579,873.8178483349886,857.986932825903,861.287841796875,4448275.0
2024-05-09,861.5710909079035,864.081002473682,837.3998324575392,840.2417602539062,4319315.0
2024-05-10,845.7498248859769,873.2904200197864,840.3100642403977,872.1770629882812,5118395.0
2024-05-13,874.2670448741259,889.3069022142221,859.8717281538886,885.7617797851562,3735995.0
2024-05-14,886.3770698774869,895.9479588137958,878.9548086696736,890.5472412109375,2368155.0
2024-05-15,894.4798747178803,907.1505444818198,890.674741158923,905.1793212890624,2467700.0
2024-05-16,914.6038825704268,923.5283186020235,900.1581419746896,918.1246337890624,5213650.0
2024-05-17,919.8996605934576,931.0797017333864,914.1233040092484,924.3324584960938,3448525.0
2024-05-21,928.7259664085262,941.4751085028354,927.3529579323427,939.5431518554688,2280030.0
2024-05-22,951.2822273882264,984.4201712658046,946.7807727791107,963.1193237304688,5513400.0
2024-05-23,970.5039493078446,1012.6154107221992,967.1401442148102,993.8544921875,10093475.0
2024-05-24,1000.3172986416422,1006.2015180454166,996.698501314026,1001.3862915039062,4285250.0
2024-05-27,1009.1437510392652,1042.0953597833086,1004.0538982388534,1032.406005859375,7908550.0
2024-05-28,1039.1531757046607,1041.702980299916,1007.2019058116756,1009.3888549804688,4198605.0
2024-05-29,1008.9378815600122,1019.5392229821103,1002.4161800564084,1008.4671630859376,3405655.0
2024-05-30,1007.0842798146268,1008.3689389332802,975.7998194491342,980.1246948242188,2353690.0
2024-05-31,980.1246848093668,984.4104134132537,968.9348861957104,975.0152587890624,1746525.0
2024-06-03,1001.2293990237424,1003.8478600384228,970.474558327325,983.959228515625,4274130.0
2024-06-04,994.4331673067004,1000.1898910112958,926.3625761461587,974.2208862304688,3130210.0
2024-06-05,970.4744712578666,1014.6355051575453,968.41495862673,1006.02490234375,2013675.0
2024-06-06,1023.8543249583216,1034.0928107448165,1014.841718392323,1022.4127197265624,1604930.0
2024-06-07,1045.2336364960606,1071.6242763940395,1044.645118737796,1065.259521484375,6181555.0
2024-06-10,1070.9278465943012,1072.496947701308,1018.8623495506084,1023.883544921875,5088070.0
2024-06-11,1030.719192656985,1030.719192656985,1013.6549308907864,1015.1947021484376,1870075.0
2024-06-12,1025.815663734366,1032.680586914233,1013.7725983387148,1015.8516845703124,1591970.0
2024-06-13,1027.7572509847546,1043.0758291458135,1019.9312591315456,1034.298583984375,2647075.0
2024-06-14,1039.5453776904956,1039.5453776904956,1015.7535088088148,1020.2745361328124,1772345.0
2024-06-18,1022.0889092892502,1039.54547553796,1012.4780889857716,1034.269287109375,1999835.0
2024-06-19,1035.8481700649704,1069.4568894499116,1023.716875704092,1058.208251953125,4288780.0
2024-06-20,1066.0146132986822,1066.0146132986822,1041.5068487236915,1042.673828125,1346075.0
2024-06-21,1063.5236506387157,1082.6964481268658,1047.391129166207,1055.9036865234375,5443680.0
2024-06-24,1055.2369011317448,1065.906959344419,1046.1163112564989,1049.67626953125,1803715.0
2024-06-25,1051.3141353367164,1058.9440371773303,1041.8013594234064,1049.480224609375,754355.0
2024-06-26,1058.1789510046528,1071.4870432468676,1040.5262900981804,1044.5177001953125,2002155.0
2024-06-27,1054.5698044657672,1069.9374680494352,1039.545482803887,1066.80908203125,2588010.0
2024-06-28,1064.0727584703106,1088.188215955134,1057.4530120578088,1070.6925048828125,3371570.0
2024-07-01,1069.947319685883,1097.210919805763,1064.210229219887,1082.3826904296875,2398040.0
2024-07-02,1089.3653141724544,1128.7699071964594,1083.088788875312,1108.9302978515625,5516645.0
2024-07-03,1118.001971939666,1120.9342657801149,1102.5068090040636,1114.2557373046875,1857385.0
2024-07-04,1118.090063310201,1158.4951136840964,1116.0404268022014,1156.9749755859375,5586295.0
2024-07-05,1163.8987223443523,1163.8987223443523,1145.471269060003,1151.3751220703125,1601880.0
2024-07-08,1160.750489456252,1172.0089432560137,1128.328503287776,1148.49169921875,3750055.0
2024-07-09,1157.229901436167,1157.2397180464106,1122.92491893609,1129.897705078125,1506105.0
2024-07-10,1132.6925081292975,1136.6349539574342,1103.3008633749816,1111.9407958984375,1015255.0
2024-07-11,1118.0016385748788,1118.0016385748788,1088.7864521844535,1091.2283935546875,2507525.0
2024-07-12,1108.5871119545102,1184.6896694249474,1104.6741150904618,1172.4603271484375,10862510.0
2024-07-15,1182.7281240643804,1188.3671677736424,1150.5708260640583,1160.3680419921875,2374055.0
2024-07-16,1166.8407973320789,1170.0378995661715,1139.8714574348105,1156.621826171875,2447050.0
2024-07-18,1157.2299426406314,1185.405530479545,1138.6162123786214,1176.373291015625,3378415.0
2024-07-19,1180.1784395248676,1205.0686954248667,1167.4391125402994,1173.65673828125,3864545.0
2024-07-22,1163.1237392579926,1199.2822591979732,1145.5789457385995,1191.7896728515625,5000235.0
2024-07-23,1198.5765666134134,1242.5512759615603,1180.7767749840316,1212.02197265625,8592440.0
2024-07-24,1206.0692128303922,1259.4881037723894,1202.558217681055,1242.374755859375,3754390.0
2024-07-25,1217.6410793647783,1260.2036225438385,1215.189321344265,1239.9422607421875,2186170.0
2024-07-26,1239.9424496429294,1256.6831229976335,1239.9424496429294,1244.257568359375,1089620.0
2024-07-29,1249.4160307719794,1257.732375778486,1229.0369870330258,1238.32421875,1965655.0
2024-07-30,1237.647319852746,1245.2870353576996,1228.9386714823086,1238.2357177734375,745135.0
2024-07-31,1235.6564491522097,1250.396445392966,1229.5466880282936,1236.7646484375,1029050.0
2024-08-01,1244.0123333508525,1246.8662135058978,1221.9759586849748,1232.9696044921875,1064450.0
2024-08-02,1217.7913936815764,1225.6411122087095,1192.2158070614464,1196.1505126953125,1243530.0
2024-08-05,1141.0647640944524,1167.0535410011964,1131.0313116136674,1160.157958984375,3375805.0
2024-08-06,1165.9222776116503,1199.8886563611366,1155.1018359887362,1159.9512939453125,1871555.0
2024-08-07,1162.7056423867448,1187.4942425689862,1162.7056423867448,1183.697265625,872730.0
2024-08-08,1180.4413173077285,1184.090718630451,1147.2619287880725,1149.9375,1343745.0
2024-08-09,1172.5423161939498,1179.339554014445,1149.0619643799855,1156.48876953125,1284175.0
2024-08-12,1159.7446799015731,1160.5415154576776,1134.375626012284,1155.7313232421875,1708405.0
2024-08-13,1155.8197283903044,1170.1421138959852,1143.9271147641923,1150.458740234375,845485.0
2024-08-14,1154.6396202245974,1165.6567499142225,1139.2056722093755,1154.8953857421875,1173440.0
2024-08-16,1175.0408277459062,1197.9211500746817,1165.8532038510782,1195.560302734375,2040310.0
2024-08-19,1204.0200170606129,1209.9220759677728,1187.2090195618075,1192.1470947265625,2075115.0
2024-08-20,1198.1179570158413,1221.745885364168,1197.124434161197,1203.0855712890625,1628350.0
2024-08-21,1206.9709284898454,1212.6664532031773,1191.123916283054,1198.1866455078125,992425.0
2024-08-22,1204.4133353418902,1218.774985897871,1195.186446464754,1196.9766845703125,1098970.0
2024-08-23,1197.9213627074723,1198.0295527197395,1176.683699322749,1184.7891845703125,890210.0
2024-08-26,1190.7107290832166,1216.138739708574,1182.821625235585,1185.5562744140625,2173385.0
2024-08-27,1189.8550904601268,1205.9874093478566,1185.556428885706,1196.3277587890625,1319435.0
2024-08-28,1198.1179048074196,1248.2854032845771,1196.3276665194774,1230.667724609375,3479685.0
2024-08-29,1227.2347944864125,1249.042946023288,1216.837386570708,1235.9403076171875,1526970.0
2024-08-30,1237.465032251013,1256.7253748191272,1227.2249263035562,1248.0986328125,1966685.0
2024-09-02,1248.2854399010284,1268.4901930111284,1240.2389135456528,1247.4197998046875,1554095.0
2024-09-03,1248.0887384861755,1264.1324390827572,1242.1571406232006,1260.60107421875,981430.0
2024-09-04,1228.0414122680254,1247.8231315151604,1224.2247427912698,1245.55078125,1906150.0
2024-09-05,1254.5809604944425,1294.5182000989792,1242.1275830936213,1288.862060546875,4142650.0
2024-09-06,1288.862187848581,1320.8316754311636,1286.6489156313253,1303.3026123046875,3139855.0
2024-09-09,1289.7376653690123,1316.7493845713675,1265.2342492820685,1276.959716796875,2549810.0
2024-09-10,1300.4202484284142,1352.1223395433133,1299.2497311068328,1339.1771240234375,6368025.0
2024-09-11,1339.1771217394175,1359.8932850064266,1333.2750631333183,1345.8857421875,2205830.0
2024-09-12,1357.0800787106234,1363.17894507219,1339.77724265497,1352.850341796875,1464825.0
2024-09-13,1357.473412994564,1385.7934945789257,1340.7312216885352,1379.85205078125,3249865.0
2024-09-16,1380.097981193176,1394.4793252746333,1362.1458869973276,1375.0418701171875,2389345.0
2024-09-17,1362.1458126352209,1386.78695299813,1361.447440858257,1376.861572265625,1241110.0
2024-09-18,1377.1471995443685,1377.1471995443685,1331.8980772736247,1349.7518310546875,1647970.0
2024-09-19,1379.114419207099,1393.4662253686763,1343.13157694677,1360.5426025390625,3357435.0
2024-09-20,1371.2448409435374,1373.0056600465075,1346.4562447911253,1366.395263671875,1498370.0
2024-09-23,1371.2450878814732,1377.9045972265865,1351.5715572088552,1354.5816650390625,1122985.0
2024-09-24,1355.3095855724562,1380.2162227444708,1345.964658437427,1376.753662109375,1503945.0
2024-09-25,1376.7536517248936,1393.3679627784418,1349.9976980553886,1358.8114013671875,1281740.0
2024-09-26,1370.3105768654125,1372.218851610975,1335.2129470104378,1352.4075927734375,3208525.0
2024-09-27,1379.488245334093,1406.4606980055526,1361.6640320804536,1364.4281005859375,3488310.0
2024-09-30,1364.654324671698,1382.9112963078887,1352.5452104889994,1380.38330078125,1511795.0
2024-10-01,1377.1469554236835,1404.493207283885,1373.222096206941,1402.024169921875,2368575.0
2024-10-03,1367.7037860699418,1425.8291949825625,1367.7037860699418,1388.980712890625,2590065.0
2024-10-04,1386.9839516052978,1423.3701380060884,1383.4722791152108,1401.8472900390625,2660410.0
2024-10-07,1415.402309567639,1433.2166767756148,1396.8894503838958,1418.077880859375,3321265.0
2024-10-08,1431.0525384399805,1445.424036874261,1391.9120143171745,1440.4859619140625,1501585.0
2024-10-09,1448.1684904791448,1459.3725801864111,1440.3089248763558,1451.3851318359375,1455130.0
2024-10-10,1461.5465317305875,1461.5465317305875,1428.888401224675,1432.528076171875,963000.0
2024-10-11,1425.1311491745832,1464.6797472982232,1424.361845334967,1455.8232421875,2129580.0
2024-10-14,1455.783899540916,1471.4850433444778,1436.9662923276835,1465.9818115234375,1640085.0
2024-10-15,1478.309774848306,1496.1411300779832,1466.750834277001,1473.447509765625,1141300.0
2024-10-16,1467.5399169547393,1467.5399169547393,1411.6688335380072,1421.0382080078125,4368245.0
2024-10-17,1426.1175392198568,1435.9800394910867,1412.1128369914495,1431.4925537109375,1749215.0
2024-10-18,1422.3794380065424,1426.8965396255248,1406.4022376905727,1422.251220703125,1458725.0
2024-10-21,1422.2512583278872,1427.448814731236,1329.593125390787,1346.280517578125,4684635.0
2024-10-22,1347.2667426457317,1365.758928525947,1323.5572561971237,1341.3492431640625,2821410.0
2024-10-23,1370.6803278185146,1508.7059572724786,1367.9286519902769,1490.7760009765625,18125670.0
2024-10-24,1486.278655021942,1535.2163720789883,1482.3830159276245,1518.6375732421875,7589385.0
2024-10-25,1515.9646494048138,1536.1236593288413,1502.8081098634264,1526.6851806640625,2554910.0
2024-10-28,1521.8823654365756,1536.380312809957,1496.7527344595971,1519.8802490234375,2126760.0
2024-10-29,1526.714936636003,1533.224162287478,1495.7762802357388,1529.4271240234375,1477015.0
2024-10-30,1529.4270389671449,1557.2097421100457,1519.219376536848,1527.188232421875,2628130.0
2024-10-31,1528.68746510078,1528.68746510078,1463.594966586811,1503.8536376953125,2738450.0
2024-11-01,1503.0449051683065,1506.0036549816298,1473.2404609428029,1489.77001953125,227700.0
2024-11-04,1492.1961690482642,1508.2819634636946,1483.063484912365,1487.906005859375,2613505.0
2024-11-05,1485.6474816420866,1497.8572610146944,1473.457446531458,1488.547119140625,1193625.0
2024-11-06,1506.7929147260736,1559.902457256394,1499.514384347314,1544.3690185546875,4255360.0
2024-11-07,1568.1374102553918,1568.1374102553918,1526.813513541992,1549.0732421875,2837565.0
2024-11-08,1554.3299041568948,1583.9174023324704,1548.767440052866,1568.886962890625,2684930.0
2024-11-11,1568.2754840236785,1593.7700207315038,1550.956877399792,1591.1959228515625,2344495.0
2024-11-12,1607.587487870023,1609.5501157238666,1582.9312380560657,1597.5770263671875,1951690.0
2024-11-13,1597.576924596401,1609.0272718335575,1579.97238742907,1589.0853271484375,2643950.0
2024-11-14,1589.8348875854012,1608.6821093057238,1576.0273885617066,1592.596435546875,1564270.0
2024-11-18,1592.793710449898,1596.1272401827982,1559.349940070612,1579.3017578125,1890055.0
2024-11-19,1579.3016185087422,1625.2412153666687,1577.0135717397873,1600.9794921875,1720995.0
2024-11-21,1607.3901933517286,1625.0439708871909,1599.1254140749347,1619.442138671875,1651020.0
2024-11-22,1625.1426677218751,1645.9031563205194,1620.457980597871,1642.5992431640625,2027685.0
2024-11-25,1650.2033380571263,1704.2400145436557,1648.8620524927017,1698.6380615234375,2726845.0
2024-11-26,1698.3224566979825,1712.1299563459334,1694.0914057804705,1699.614501953125,1391695.0
2024-11-27,1701.281260470416,1724.8526596938536,1684.948902581814,1710.7294921875,1464925.0
2024-11-28,1711.735124894199,1714.092276357837,1697.16819611876,1708.3917236328125,1939545.0
2024-11-29,1701.2812298479848,1717.633211313228,1684.7121818875105,1713.283935546875,1134725.0
2024-12-02,1713.323159798194,1730.48393223216,1704.9301634710916,1718.1854248046875,1185985.0
2024-12-03,1714.1023465377054,1725.730271522057,1695.3635982153714,1719.6746826171875,1255050.0
2024-12-04,1719.674861011479,1730.8687745921527,1711.77498876789,1729.0738525390625,1473405.0
2024-12-05,1729.1031304151418,1754.9330776274426,1724.5565328711189,1739.3109130859375,1843620.0
2024-12-06,1729.8823640975372,1759.4698617730935,1727.032087374438,1755.8109130859375,1341275.0
2024-12-09,1763.710827391451,1772.2911537688217,1754.755600826917,1759.1937255859375,1640065.0
2024-12-10,1749.6172050622824,1784.707933370442,1747.6348331202294,1776.936279296875,1984440.0
2024-12-11,1775.2500479328362,1782.7356519252353,1766.610488068215,1774.50048828125,1204175.0
2024-12-12,1786.690278128283,1844.484497651876,1781.2560315985268,1813.90087890625,3366405.0
2024-12-13,1808.7725434706983,1839.740816104077,1793.436308529554,1834.5728759765625,2085325.0
2024-12-16,1832.2551412237312,1845.263719821458,1822.589843894828,1831.4068603515625,1158075.0
2024-12-17,1832.4524582408708,1858.0949576565129,1830.479958285821,1854.7318115234373,1472610.0
2024-12-18,1855.7279243887529,1875.4529238409968,1848.232448675268,1868.2237548828125,2166950.0
2024-12-19,1812.3723661608444,1907.8709051408296,1812.3723661608444,1904.8629150390625,3270965.0
2024-12-20,1921.2149357647213,1932.4779537292104,1843.5181344684493,1848.3211669921875,2766050.0
2024-12-23,1863.93367461212,1878.8062815205712,1850.4515935448671,1855.402587890625,1558340.0
2024-12-24,1855.402345602251,1867.9572874106973,1837.432901541368,1852.9071044921875,1205330.0
2024-12-26,1855.1362425926984,1888.4715406163336,1838.685539685972,1872.5435791015625,1494590.0
2024-12-27,1879.4077714455148,1883.737423216053,1846.269796874637,1864.2293701171875,1097480.0
2024-12-30,1852.1971010971567,1977.7861326800387,1851.684231874104,1936.5904541015625,6871995.0
2024-12-31,1913.3347414741463,1914.7056433275525,1869.9298723068168,1906.0167236328125,1806665.0
2025-01-01,1911.352496314519,1922.191374162272,1882.2976098959327,1899.2314453125,798575.0
2025-01-02,1897.3476923519136,1924.6568955409407,1893.59989440417,1912.6640625,1858400.0
2025-01-03,1919.24248541368,1922.201235391193,1879.9995596865367,1907.3385009765625,1501210.0
2025-01-06,1907.338400427988,1923.581908054189,1893.5998857842376,1899.862548828125,1655670.0
2025-01-07,1901.4898617766469,1928.7103357195635,1886.745473505186,1897.5843505859373,3033345.0
2025-01-08,1896.9630996899468,1896.9630996899468,1848.8241805823848,1885.3154296875,1219475.0
2025-01-09,1886.755409991448,1895.5428104702744,1825.0654267148925,1831.0716552734373,1249660.0
2025-01-10,1849.2184684352865,1883.5892516235715,1828.4973494589667,1854.96826171875,3126025.0
2025-01-13,1839.0601475725057,1839.0601475725057,1709.752937124336,1717.1695556640625,4296765.0
2025-01-14,1726.7263721786608,1737.7624507658406,1684.4359716729828,1694.8507080078125,4304205.0
2025-01-15,1693.785616998663,1719.497099141798,1672.946151615617,1693.065673828125,3338060.0
2025-01-16,1696.7147699868424,1768.0501833565272,1696.7147699868424,1722.2586669921875,1870420.0
2025-01-17,1714.1024809730195,1730.86873078691,1696.6951445878765,1704.5457763671875,1539025.0
2025-01-20,1704.5456483901005,1722.377003512327,1666.8018448801713,1708.59912109375,1751100.0
2025-01-21,1711.9328055308504,1722.525120945129,1625.7641474753543,1629.501953125,2384255.0
2025-01-22,1640.2915702932387,1649.9863643728777,1606.1278561256534,1623.012451171875,1743890.0
2025-01-23,1718.0473416097095,1838.3698305169337,1706.6266110036745,1813.9996337890625,11712525.0
2025-01-24,1794.9748885804063,1860.067384539916,1789.5505139171137,1821.5247802734373,4203395.0
2025-01-27,1794.0873122897217,1801.0502949278743,1725.937462835555,1736.13525390625,2747535.0
2025-01-28,1728.7481584474,1739.0741662770065,1664.4644556999406,1676.38818359375,4544885.0
2025-01-29,1676.6250338093676,1732.6440830957374,1667.7882721565636,1725.257080078125,1885050.0
2025-01-30,1735.6251163738416,1736.524591418844,1640.788473339246,1646.1455078125,2721965.0
2025-01-31,1645.4932337531268,1659.5185289817373,1621.9792309958796,1633.5928955078125,1847675.0
2025-02-01,1640.7390556375267,1661.594208659723,1583.6096595350805,1596.528076171875,937265.0
2025-02-03,1576.493249968382,1652.5800334114429,1545.882623156347,1649.4566650390625,2057765.0
2025-02-04,1650.2275529459346,1677.902668038261,1643.081462174937,1672.179931640625,2373995.0
2025-02-05,1672.476420627451,1704.7871810547683,1670.4107046960698,1680.699951171875,1488925.0
2025-02-06,1697.7594487144024,1703.9765039545346,1678.2979712607207,1684.4952392578125,1204375.0
2025-02-07,1686.4425540723023,1703.0080980972873,1670.3415276986757,1687.36181640625,1508765.0
2025-02-10,1690.1589549285936,1690.1589549285936,1656.5138807487083,1663.363525390625,1345735.0
2025-02-11,1663.4722894318172,1674.1569198048635,1595.4705219112338,1600.560791015625,1279875.0
2025-02-12,1560.5603188929215,1607.6574618454565,1547.2367461363306,1582.3050537109375,5689675.0
2025-02-13,1584.4004032507755,1595.2628767124509,1547.8396075903977,1556.814208984375,1720920.0
2025-02-14,1572.5397959451388,1572.9450725417803,1517.38718915827,1540.5849609375,2360225.0
2025-02-17,1528.654852549438,1531.8177955000417,1481.439106192555,1518.958740234375,2375535.0
2025-02-18,1522.1215352725292,1540.6144051273145,1489.9491636274895,1520.599365234375,2664345.0
2025-02-19,1519.957059067129,1553.3154601041217,1494.6836784782297,1536.8883056640625,1992460.0
2025-02-20,1530.0387203790542,1556.7254422461306,1505.3287927243537,1540.5849609375,2927410.0
2025-02-21,1522.1413267527598,1531.4124957625277,1469.7463903015964,1481.8443603515625,3057110.0
2025-02-24,1452.9436604178256,1523.4065245721104,1432.1873224118567,1507.9776611328125,3253465.0
2025-02-25,1498.4295542757036,1525.1953000825283,1485.0268338018222,1509.0350341796875,1271640.0
2025-02-27,1526.075018347736,1526.075018347736,1464.8932221632438,1480.4210205078125,1368470.0
2025-02-28,1462.7683322027265,1473.6309272289632,1403.158166414638,1455.3455810546875,7373890.0
2025-03-03,1455.533202047929,1466.4747038759926,1430.9517732014765,1454.3372802734375,1711805.0
2025-03-04,1443.0597786405046,1460.8311393495424,1411.9450569645855,1425.7430419921875,2133295.0
2025-03-05,1488.7334908025048,1582.621317480332,1482.5955836952664,1544.7064208984375,16970990.0
2025-03-06,1552.4257486378435,1569.5744121969935,1496.788843742334,1507.3350830078125,5258055.0
2025-03-07,1501.3751098193334,1530.0386240950152,1474.757524336977,1523.5645751953125,3535940.0
2025-03-10,1520.5500281284842,1523.5350064893237,1478.800146875402,1489.4254150390625,1325145.0
2025-03-11,1472.6818415189111,1515.0050684062903,1423.2916726412143,1508.708984375,2961420.0
2025-03-12,1520.1547556169037,1530.0486203431626,1438.9184550365487,1462.8870849609375,3819490.0
2025-03-13,1467.7695770756725,1474.688356226871,1438.117666427679,1441.527587890625,1455270.0
2025-03-17,1445.8468728181651,1462.600274666032,1429.4098255822685,1455.918701171875,2070180.0
2025-03-18,1455.918701171875,1455.918701171875,1455.918701171875,1455.918701171875,0.0
2025-03-19,1496.4330253437631,1501.8988895914265,1455.7901464168583,1492.568359375,1967245.0
2025-03-20,1512.2474319416103,1537.9457543144742,1492.874874591315,1498.0738525390625,1799675.0
2025-03-21,1474.9948341623033,1543.8761654750178,1456.917013820305,1531.3828125,5739725.0
2025-03-24,1539.0330556968993,1555.4997846889994,1507.3055338367626,1535.880126953125,2805970.0
2025-03-25,1555.7369033681616,1597.7437765531342,1543.8761391747578,1573.1722412109375,4540895.0
2025-03-26,1579.9230351696615,1606.244053963983,1573.172326618502,1586.8121337890625,3309815.0
2025-03-27,1568.586081732123,1614.0523449707352,1568.586081732123,1602.70556640625,2713415.0
2025-03-28,1615.524974476603,1630.8550213294136,1586.278341543862,1603.021728515625,2518165.0
2025-04-01,1595.2629624964734,1595.2629624964734,1533.99223835025,1538.10400390625,2221335.0
2025-04-02,1538.104010624573,1548.6995982056062,1513.048169154824,1534.2987060546875,2470850.0
2025-04-03,1501.5925539420227,1512.2376095928184,1411.8263859565177,1414.87060546875,6409960.0
2025-04-04,1393.7089726829247,1402.3080993947208,1297.0042392690784,1306.2457275390625,11705110.0
2025-04-07,1181.1344104688571,1268.1034525129064,1180.1559070949254,1253.42578125,11740295.0
2025-04-08,1284.5208919378097,1322.4852596591995,1259.257523918618,1279.4998779296875,4082910.0
2025-04-09,1255.2642918390975,1263.9622344063307,1220.6703940325085,1250.055419921875,5467845.0
2025-04-11,1289.591293814385,1304.278859841418,1242.3953335763028,1248.671630859375,8440465.0
2025-04-15,1268.3109763342943,1289.8580790972612,1252.2989932691416,1278.1949462890625,2791565.0
2025-04-16,1278.1949957179336,1282.543966796996,1252.793240213444,1266.7296142578125,2153440.0
2025-04-17,1253.1885035508396,1318.126134205508,1235.6938053317367,1304.6839599609375,8477320.0
2025-04-21,1318.4228812429806,1395.8142997508976,1317.7309308987624,1371.499755859375,4754435.0
2025-04-22,1370.9067638818572,1392.157301317661,1358.7494314128205,1375.0579833984375,2141160.0
2025-04-23,1423.884640299302,1468.7578865355474,1411.134295350005,1461.24609375,8121570.0
2025-04-24,1462.827570080163,1479.531503626054,1429.4197029883817,1433.373291015625,3868135.0
2025-04-25,1445.0365981332989,1485.3632491334808,1419.6348402580606,1460.8509521484375,5022010.0
2025-04-28,1464.804463794053,1476.4675975298323,1434.164154497416,1458.3798828125,2291125.0
2025-04-29,1473.897741588956,1493.4680528863717,1453.0425864239792,1479.6304931640625,2852330.0
2025-04-30,1477.851226683882,1484.5723749117683,1439.0072948591787,1444.048095703125,2021165.0
2025-05-02,1450.769149369407,1489.810830452497,1447.3097599063483,1457.984375,2079045.0
2025-05-05,1466.7811639969368,1501.375059374223,1462.8275759538185,1481.9036865234375,2420060.0
2025-05-06,1551.7832762022554,1581.2375548019336,1460.8507530107856,1467.9671630859375,11503675.0
2025-05-07,1462.827643143503,1505.3287165591591,1450.1761125628493,1502.363525390625,2994720.0
2025-05-08,1506.514755319668,1567.4001109299493,1506.3171241686227,1532.905029296875,5923215.0
2025-05-09,1497.1361242952669,1534.787462960535,1497.1361242952669,1522.1048583984375,2793100.0
2025-05-12,1585.517662014743,1659.433282581654,1554.108566900595,1647.0479736328125,6150415.0
2025-05-13,1664.3874712324623,1669.5397115765004,1627.429659504096,1638.130615234375,3061420.0
2025-05-14,1631.8883042545835,1683.4111893919471,1630.8974795404035,1677.1689453125,3161205.0
2025-05-15,1677.1689963565427,1693.3194880693254,1656.956268332328,1676.673583984375,2536890.0
2025-05-16,1680.4387484735778,1684.3029891253368,1666.5672022008005,1669.73779296875,1186730.0
2025-05-19,1670.3323313575545,1670.3323313575545,1635.3561709896,1639.9139404296875,1391245.0
2025-05-20,1660.225934500027,1688.36538171873,1621.583769073366,1626.04248046875,4093215.0
2025-05-21,1627.3305377079485,1647.741502666984,1614.2515788869043,1638.0313720703125,1140780.0
2025-05-22,1624.9526401324542,1658.5416243837867,1619.1067497370414,1637.2388916015625,1588285.0
2025-05-23,1646.948834371805,1678.6552260503404,1632.9782297285076,1649.0296630859375,1916425.0
2025-05-26,1657.2533612995653,1681.4295080568502,1641.4001661735138,1675.5836181640625,1328450.0
2025-05-27,1674.4937516436637,1680.3396415938955,1664.5855045925175,1676.3763427734375,823720.0
2025-05-28,1691.3378634293165,1699.0663449287924,1675.6827838587014,1677.8626708984375,1397865.0
2025-05-29,1693.121377672867,1723.8369448592407,1687.473604039394,1710.2625732421875,1920635.0
2025-05-30,1718.4863904399735,1720.8643939191209,1677.4662235130938,1694.4093017578125,1536140.0
2025-06-02,1694.2112032104271,1707.2900410593736,1674.9891795625103,1701.3450927734375,1574265.0
2025-06-03,1712.145189411496,1715.4149595075012,1680.8351511100009,1684.2039794921875,910355.0
2025-06-04,1703.2277100812737,1714.622194470997,1678.4570918427444,1708.67724609375,1812516.0
2025-06-05,1708.6771624555404,1775.557828425821,1697.2826786235669,1749.79638671875,2409185.0
2025-06-06,1763.1726496016197,1767.135948617302,1727.9983708374402,1759.2093505859375,1206610.0
2025-06-09,1772.0900148117423,1788.4386227202656,1755.741406903219,1777.53955078125,1439693.0
2025-06-10,1800.328577737149,1877.6129085370928,1800.328577737149,1813.7047119140625,6550333.0
2025-06-11,1818.163387467636,1831.0441090137283,1793.8881814769236,1799.8331298828125,2303047.0
2025-06-12,1804.7870989431017,1811.2274591644195,1750.2917432242598,1768.1265869140625,1603658.0
2025-06-13,1752.7689633591572,1805.282674528199,1728.4937572527133,1776.0533447265625,1328872.0
2025-06-16,1776.0532320975997,1832.0348263031865,1768.6220470260616,1812.7137451171875,1346285.0
2025-06-17,1818.1632573201064,1845.410935563324,1798.8421763840074,1823.61279296875,1357037.0
2025-06-18,1814.2000622235687,1833.0257319025689,1789.9248565848595,1816.6771240234373,1254949.0
2025-06-19,1822.1266632590407,1823.1174879807693,1761.6863552335913,1777.53955078125,1334241.0
2025-06-20,1779.0258150725383,1822.126691126928,1763.6680316508598,1815.19091796875,1770433.0
2025-06-23,1798.3467566231311,1831.043970379916,1788.9339223598145,1814.199951171875,655286.0
2025-06-24,1841.943175220592,1857.7963709191013,1818.6587940384056,1844.9156494140625,1519443.0
2025-06-25,1852.8422410031585,1877.612859198388,1845.906467908494,1862.75048828125,1087112.0
2025-06-26,1866.7138250318624,1876.6220725108,1843.9248558303057,1870.6771240234373,2528144.0
2025-06-27,1878.6036467244671,1937.06230450756,1875.631172599903,1882.071533203125,3971962.0
2025-06-30,1898.420031481392,1911.7961642710568,1865.7228179955428,1906.842041015625,1701327.0
2025-07-01,1912.2916588355413,1943.3045201283744,1888.610924466123,1904.8604736328125,2376579.0
2025-07-02,1902.482541848234,1937.9541155989905,1888.511937330859,1908.427490234375,1567953.0
2025-07-03,1916.7504426410617,1938.449528445923,1908.7247865078348,1920.515625,1090866.0
2025-07-04,1925.172393184564,1935.080640190146,1906.0494280836783,1932.70263671875,859326.0
2025-07-07,1932.702641390088,1949.150307269052,1918.9301538289849,1923.88427734375,932234.0
2025-07-08,1927.0549643279537,1975.7044324309568,1923.4880196329784,1931.7117919921875,1511062.0
2025-07-09,1936.071506793728,1942.0164551257456,1904.9595863327795,1913.579833984375,939038.0
2025-07-10,1918.2365175253708,1921.208991467817,1858.1925680780096,1870.379638671875,1659275.0
2025-07-11,1870.379667544673,1875.9283824164472,1829.2604440394127,1850.662353515625,2092630.0
2025-07-14,1845.9064898437496,1873.4514659842807,1825.0991703125,1857.79638671875,1090630.0
2025-07-15,1857.7964587943568,1897.429449915304,1855.022101035775,1876.5230712890625,1579538.0
2025-07-16,1874.8385500524648,1876.9193787948889,1852.049580723668,1865.1285400390625,1256821.0
2025-07-17,1872.6587473556235,1876.0275756414524,1838.970706397903,1848.1854248046875,851068.0
2025-07-18,1848.1854269267544,1864.5340350573608,1821.7303339270568,1842.240478515625,1092144.0
2025-07-21,1842.8347622035808,1867.506319796796,1826.089801687688,1857.1026611328125,746077.0
2025-07-22,1860.7687725962928,1866.2183084052808,1831.044031819994,1841.3486328125,1001823.0
2025-07-23,1850.563238099655,1851.950416865431,1822.1266176775127,1832.7283935546875,1602723.0
2025-07-24,1816.1818033368609,1820.640514801681,1655.5691323163865,1660.622314453125,11480454.0
2025-07-25,1659.6313802662155,1709.172615498043,1638.3286491165295,1673.3048095703125,5036489.0
2025-07-28,1673.3047355773144,1716.1083125447403,1652.2001219216827,1708.875244140625,2064973.0
2025-07-29,1694.3103293408076,1711.055291873473,1678.4571332767998,1704.7139892578125,3254411.0
2025-07-30,1709.1726699397373,1736.915762553252,1695.6974777175158,1733.4478759765625,1877573.0
2025-07-31,1713.6852209153033,1744.1733192813742,1689.453671413714,1736.129150390625,2814159.0
2025-08-01,1732.7527236428807,1734.4409371577212,1688.6592681865095,1694.5185546875,1167544.0
2025-08-04,1693.227463576707,1737.4202038284157,1678.3310342783782,1734.44091796875,1391708.0
2025-08-05,1732.9513715691105,1735.9306575947303,1686.871723460692,1694.915771484375,1980437.0
2025-08-06,1694.9156569201257,1698.5901821731604,1622.7176789369817,1626.988037109375,2517229.0
2025-08-07,1626.9880224124454,1696.2067139460803,1621.625283731763,1692.3336181640625,2503589.0
2025-08-08,1670.3862840014203,1670.3862840014203,1590.2435422909064,1595.70556640625,3441538.0
2025-08-11,1595.7056391357337,1615.666831203386,1573.3609940090803,1602.756591796875,1857927.0
2025-08-12,1608.417122795461,1640.5934347441664,1602.7565280793951,1614.1771240234375,1170688.0
2025-08-13,1623.7109022333966,1628.7756642884492,1596.1028029276797,1610.502685546875,873679.0
2025-08-14,1614.772950854284,1638.507952667682,1610.4033073075886,1630.6624755859375,1241786.0
2025-08-18,1652.5105236333434,1655.0925470810305,1630.7617130491694,1644.0692138671875,1056549.0
2025-08-19,1653.404409765811,1653.404409765811,1628.3783351582874,1641.28857421875,844413.0
2025-08-20,1631.0597152984235,1709.1169802131628,1621.4266183271664,1696.60400390625,2185643.0
2025-08-21,1703.1585238660111,1721.4315025366543,1666.513281235297,1716.267333984375,2306077.0
2025-08-22,1716.2673311523783,1743.875430305372,1709.3156637194982,1735.6326904296875,2262754.0
2025-08-25,1744.8685230073474,1785.0888845223146,1744.8685230073474,1751.8201904296875,2137912.0
2025-08-26,1740.796843848272,1766.71660794874,1722.5238653665483,1727.290771484375,1692453.0
2025-08-28,1718.0549621386674,1740.9954405668188,1699.1861504157573,1725.2052001953125,1147193.0
2025-08-29,1720.0410724856797,1745.3650028253935,1708.3224993669082,1712.394287109375,868677.0
2025-09-01,1718.0548213727232,1759.0697046167052,1717.0617261002533,1752.4158935546875,1050753.0
2025-09-02,1765.7234395666023,1769.9937978383127,1739.4064141737367,1742.4849853515625,1084460.0
2025-09-03,1732.9513390728043,1747.0532441719845,1706.237050631864,1719.842529296875,915451.0
2025-09-04,1728.9789661852612,1735.6326563924067,1674.8552708049644,1680.8138427734375,1208094.0
2025-09-05,1694.0221276480188,1698.9876044892576,1628.6764039263312,1646.85009765625,1573984.0
2025-09-08,1658.369968139704,1674.358779211714,1644.7644889529304,1650.9217529296875,1245512.0
2025-09-09,1663.4346633500609,1702.1653808847789,1655.4899007788367,1684.885498046875,1705824.0
2025-09-10,1700.1791364950552,1766.5179503586237,1698.1929459150376,1756.3883056640625,2946800.0
2025-09-11,1756.388397519776,1762.545661376315,1732.9513716953477,1758.7718505859375,900505.0
2025-09-12,1769.695906658562,1778.534479483886,1748.7416191024288,1751.8201904296875,1155805.0
2025-09-15,1753.7070150269312,1761.6517774292483,1728.2837995850075,1742.1871337890625,570950.0
2025-09-16,1746.8546389223077,1772.6751168142805,1741.293329467989,1767.3123779296875,782670.0
2025-09-17,1774.6613964137805,1805.05008998041,1766.5180630073985,1779.527587890625,1223772.0
2025-09-18,1793.5300810153467,1814.7823443160576,1790.650080449289,1811.90234375,2107488.0
2025-09-19,1817.3642869585829,1817.3642869585829,1779.7259531635143,1782.9039306640625,1490876.0
2025-09-22,1708.1238591680178,1734.540169023615,1690.446714925183,1705.0452880859375,2928020.0
2025-09-23,1706.137717032691,1711.301764076384,1650.722951073477,1656.3836669921875,2038607.0
2025-09-24,1661.7463573153432,1661.7463573153432,1606.8281406070755,1611.9921875,2635426.0
2025-09-25,1612.5882197837093,1635.627982583521,1576.4395260992137,1580.3126220703125,1465683.0
2025-09-26,1580.5111245845562,1582.993862763294,1521.1239788581654,1527.8770751953125,1851852.0
2025-09-29,1543.170756562006,1564.025757127452,1514.4702791574018,1541.482421875,2271394.0
2025-09-30,1572.9636959363495,1599.8765547660669,1547.639765367427,1580.0146484375,6590593.0
2025-10-01,1580.0146874800305,1595.4076652650338,1543.5681369574895,1589.7470703125,1603862.0
2025-10-03,1583.9870350898236,1608.6158475119832,1577.5319155110876,1601.9620361328125,1434833.0
2025-10-06,1603.7497232662497,1654.7948490843885,1587.065672704828,1650.9217529296875,1432985.0
2025-10-07,1658.866414513798,1680.317248763156,1635.627960232221,1674.855224609375,1937983.0
2025-10-08,1670.8829055969136,1721.232790724809,1661.7464769815126,1701.867431640625,2733508.0
2025-10-09,1708.123981313257,1716.5652916860258,1687.2689792158276,1708.2232666015625,1167579.0
2025-10-10,1723.0203428543402,1735.3347488009224,1701.1722462878874,1710.4080810546875,1374406.0
2025-10-13,1698.1929176170509,1711.0038708901784,1674.7558934088788,1704.1514892578125,857446.0
2025-10-14,1715.1749794370758,1723.0204570605383,1676.3449749384372,1688.7586669921875,836488.0
2025-10-15,1698.1929459070318,1759.5662833202668,1698.1929459070318,1753.21044921875,2653260.0
2025-10-16,1754.7993041403145,1762.7440661284993,1736.725019108173,1749.3372802734375,579027.0
2025-10-17,1744.8685255118085,1744.8685255118085,1699.1861395280046,1722.921142578125,1237165.0
2025-10-20,1727.9857874782017,1745.3649548809997,1725.900311635356,1735.334716796875,456862.0
2025-10-21,1750.5290357230244,1752.4159410373338,1717.0617726249595,1729.4754638671875,106674.0
2025-10-23,1763.7372063393918,1769.9937550555624,1734.0436334060932,1742.584228515625,1981822.0
2025-10-24,1756.7856362776322,1762.7442082491789,1735.036824335996,1747.8477783203125,1609152.0
2025-10-27,1837.2262778590016,1853.711635349976,1807.433419299126,1817.960205078125,6887265.0
2025-10-28,1829.1822905416889,1833.253957100157,1789.0612154474184,1797.303955078125,2276191.0
2025-10-29,1797.502478385901,1809.419621889012,1769.8943807793796,1784.989501953125,1754243.0
2025-10-30,1797.1051669673925,1800.48171511326,1776.5481434766596,1795.21826171875,1236877.0
2025-10-31,1801.488789625568,1804.17604474638,1765.956711268489,1769.73876953125,697258.0
2025-11-03,1769.6391807605005,1789.5451332999887,1749.7332282210125,1786.3602294921875,1055825.0
2025-11-04,1778.596870633931,1785.9620974193067,1751.7238345359365,1758.69091796875,1067437.0
2025-11-06,1742.7662265311887,1768.6439660456438,1740.37748781521,1755.6055908203125,1453706.0
2025-11-07,1741.7709336001176,1743.263880114632,1706.9355149281153,1732.0169677734375,1410909.0
2025-11-10,1732.2161333163294,1763.866527131226,1715.1965670248103,1749.335205078125,1401690.0
2025-11-11,1760.4825629684929,1791.5358015976667,1749.534288625396,1788.6494140625,2162659.0
2025-11-12,1799.4981536171806,1823.385297249267,1792.531070057822,1819.10546875,1138331.0
2025-11-13,1821.394686063767,1821.394686063767,1789.9433048550395,1801.687744140625,1550251.0
2025-11-14,1792.5310142099042,1796.5122046912145,1747.742621295165,1791.1375732421875,1575511.0
2025-11-17,1797.6071036012995,1806.5647826617644,1783.075781869139,1792.630615234375,518247.0
2025-11-18,1781.5828160470292,1786.5593043600095,1763.169809289001,1775.90966796875,785781.0
2025-11-19,1775.0138451526948,1856.9267684735105,1767.449607346713,1849.4620361328125,2324817.0
2025-11-20,1869.168964265686,1879.121940646228,1831.845302838656,1837.4189453125,1733072.0
2025-11-21,1828.2622361725744,1841.201105329498,1782.677556236588,1789.0474853515625,1342531.0
2025-11-24,1793.5264684386598,1826.3712927774368,1791.5358730241885,1799.697265625,1409000.0
2025-11-25,1806.4652476467293,1825.5749140646392,1784.767710123308,1823.086669921875,1612174.0
2025-11-26,1837.0208072232697,1864.1924814185445,1821.5936937892127,1862.3013916015625,902345.0
2025-11-27,1869.168993449664,1905.9950066326448,1863.1972075281,1901.217529296875,1702344.0
2025-11-28,1906.9903309463311,1923.3132369927305,1892.060865933704,1899.724609375,1344163.0
2025-12-01,1909.976226379673,1926.8962867488524,1889.0749753353928,1893.6533203125,957784.0
2025-12-02,1899.0279878987176,1918.1376549016943,1893.05620177325,1904.9002685546875,789262.0
2025-12-03,1912.9621640114376,1924.9057363153595,1886.1886317975536,1903.5068359375,1033164.0
2025-12-04,1912.9621153639605,1976.6611660316469,1908.7819137624124,1956.9542236328125,3120396.0
2025-12-05,1960.7363674420665,1978.8507360452973,1947.7974980122456,1968.5992431640625,1822538.0
2025-12-08,1970.689384143309,1980.3437229317549,1923.6117558124777,1942.1243896484373,1538773.0
2025-12-09,1928.9863907572649,1928.9863907572649,1846.476189579524,1864.690185546875,2178634.0
2025-12-10,1874.8421483036773,1880.117274485453,1807.659556441439,1811.6407470703125,1182576.0
2025-12-11,1819.4040762627208,1855.2347911125337,1815.32338025964,1832.7410888671875,1305450.0
2025-12-12,1841.3007228198016,1845.978573354932,1817.214567368463,1842.2960205078125,1341771.0
2025-12-15,1846.2771998114763,1866.0836479793336,1826.8688950156145,1861.2066650390625,774833.0
2025-12-16,1858.220739449988,1862.600073472643,1832.8406490075804,1858.021728515625,810515.0
2025-12-17,1858.0218113264373,1878.4254143561795,1832.2435763700885,1836.025634765625,728993.0
2025-12-18,1841.002131535872,1861.4057346567863,1819.4042197576207,1846.0782470703125,983034.0
2025-12-19,1862.4008962656424,1868.8703309287555,1828.361765559781,1836.7222900390625,2031217.0
2025-12-22,1841.3007017720347,1873.150227424308,1839.1110954819603,1859.9127197265625,824181.0
2025-12-23,1838.314790146988,1838.314790146988,1731.1212800563726,1771.828857421875,3815131.0
2025-12-24,1771.8288368616336,1772.6251235841648,1723.955043954605,1729.5286865234375,2702033.0
2025-12-26,1721.8649699431137,1736.4957971007586,1651.0993298707226,1665.431640625,4261704.0
2025-12-29,1702.954216781147,1706.636769352759,1629.401698840669,1675.384521484375,8071211.0
2025-12-30,1676.977094628031,1676.977094628031,1625.6197583545777,1647.1181640625,8204848.0
2025-12-31,1663.0429297385897,1669.5123647049886,1638.956652812064,1655.1800537109375,2650044.0
2026-01-01,1662.1470942061646,1664.1376895285673,1644.1322308376805,1648.013916015625,1009599.0
2026-01-02,1655.0805212762386,1655.0805212762386,1620.6432461615807,1642.539794921875,2358220.0
2026-01-05,1651.1988693404576,1653.288970192261,1622.3352363019565,1634.27880859375,1643132.0
2026-01-06,1640.2505547897258,1654.5828654900604,1626.4158929227617,1649.3077392578125,1387735.0
2026-01-07,1652.194169207317,1696.9825653605274,1642.2411922843814,1693.4990234375,1845212.0
2026-01-08,1692.0060251000873,1699.6697684976102,1635.970718140901,1639.2552490234375,1508881.0
2026-01-09,1640.1511422814244,1677.0766635111024,1640.1511422814244,1673.692626953125,1700004.0
2026-01-12,1677.076551559297,1694.1956226562206,1660.4551292907292,1689.11962890625,1476570.0
2026-01-13,1701.9590109539618,1708.9260946245336,1675.1854794063622,1700.466064453125,2425785.0
2026-01-14,1701.959106589902,1721.0687742758987,1665.5312342218003,1673.692626953125,1903405.0
2026-01-15,1673.692626953125,1673.692626953125,1673.692626953125,1673.692626953125,0.0
2026-01-16,1692.006131772795,1727.6378389110027,1688.0249408745062,1724.154296875,3448276.0
2026-01-19,1731.8179617987737,1733.7090516885037,1708.0303229667609,1719.8743896484375,1311096.0
2026-01-20,1722.8602469659,1722.8602469659,1678.071852330738,1685.735595703125,1719928.0
2026-01-21,1685.7356231092645,1686.531909847576,1585.509195861427,1661.350830078125,3976423.0
2026-01-22,1673.0954698799433,1732.0170463955756,1666.1283858292832,1679.763916015625,2134697.0
2026-01-23,1666.028739527142,1701.9589599376786,1621.7379946632668,1628.705078125,3575484.0
2026-01-27,1636.2692866760658,1676.479334808483,1625.6196507445131,1656.473876953125,3017548.0
2026-01-28,1663.142418851196,1689.2191693992363,1660.8531855947724,1686.2332763671875,1311827.0
2026-01-29,1682.5506996983704,1686.8305282487986,1652.3931319038384,1670.208984375,1643016.0
2026-01-30,1651.253204305657,1664.6220844808026,1640.7776083290023,1649.956298828125,1487848.0
2026-02-02,1661.52921281729,1674.0001596503328,1634.192873001942,1664.3226318359375,790021.0
2026-02-03,1736.9535827647926,1754.9117473195115,1698.543064133865,1708.1207275390625,1260061.0
2026-02-04,1658.1371052522302,1658.1371052522302,1560.9634623319955,1610.14892578125,4759330.0
2026-02-05,1594.2859219619884,1616.2347894733548,1583.9100693265684,1596.081787109375,1684388.0
2026-02-06,1600.2719328610124,1600.2719328610124,1527.6410881910874,1542.40673828125,2751610.0
2026-02-09,1548.4925157230766,1568.7453822739556,1534.7246633694083,1545.6990966796875,1542877.0
2026-02-10,1557.3718994455442,1574.0330363303558,1538.8151542130572,1547.3951416015625,3139868.0
2026-02-11,1554.3789192827337,1556.374270912108,1509.4835076218071,1516.8663330078125,1685032.0
2026-02-12,1496.51371824712,1497.5113940592848,1409.017598234911,1418.1961669921875,5303522.0
2026-02-13,1356.240441533358,1389.2634845649814,1330.899453076973,1358.6348876953125,12847607.0
2026-02-16,1354.2451536247395,1395.748442496774,1331.8971913746914,1389.2635498046875,5116779.0
2026-02-17,1391.757758432174,1429.5696960830987,1366.8158631197691,1375.595458984375,3467546.0
2026-02-18,1380.384200473994,1381.7809709391215,1335.8878845396994,1369.609375,2353241.0
2026-02-19,1403.7298797450462,1414.7043137729036,1351.8507370679015,1357.8367919921875,3014508.0
2026-02-20,1337.2846444173342,1369.1105262648907,1315.834615074384,1337.484130859375,2423179.0
2026-02-23,1337.6836803452602,1342.3727076066568,1274.6305005317677,1286.0040283203125,4790112.0
2026-02-24,1275.0296853824368,1279.219875070463,1196.113553156227,1209.382568359375,10454471.0
2026-02-25,1225.0460687569337,1262.9577469776236,1205.1922971208858,1210.0809326171875,5227982.0
2026-02-26,1227.1411629647791,1236.6190825161332,1193.2201877283544,1197.6099853515625,6063557.0
2026-02-27,1214.2711230109232,1232.1295431762203,1179.3524719897348,1183.0439453125,3210664.0
2026-03-02,1127.3736099238645,1194.0183994729384,1127.0742584809293,1159.99755859375,2447816.0
2026-03-04,1137.350366836939,1173.166950992017,1133.359663795406,1167.2806396484375,3036423.0
2026-03-05,1183.2435276892163,1188.2319068110091,1134.4571555207644,1150.0208740234375,3099614.0
2026-03-06,1150.020777924635,1179.053239416718,1145.4314938733985,1160.1971435546875,1741522.0
2026-03-09,1134.3573917883505,1171.6704913021206,1114.9027135650674,1165.7841796875,2207760.0
2026-03-10,1177.357211512923,1179.252819929351,1133.3597321825234,1136.55224609375,2443222.0
2026-03-11,1143.236645691658,1156.705268074077,1102.4316838942718,1106.222900390625,3030604.0
2026-03-12,1104.4271406404443,1125.4780762357111,1075.9933795670454,1105.3250732421875,4181637.0
2026-03-13,1097.443345459336,1097.443345459336,1070.5060997071523,1087.167236328125,2704974.0
2026-03-16,1073.4990948654442,1098.540731550062,1068.0118783024702,1078.08837890625,3504696.0
2026-03-17,1085.371513761732,1085.371513761732,1005.7569371911586,1071.404052734375,6318399.0
2026-03-18,1081.7799310634446,1145.5313179854422,1078.8866468529372,1129.3690185546875,6762954.0
2026-03-19,1107.4201659297894,1118.2948567813748,1084.972459863645,1089.7613525390625,2611603.0
2026-03-20,1107.420151137227,1128.3713431857695,1074.796200804851,1086.768310546875,2721237.0
2026-03-23,1074.4967705835843,1104.925880614039,1062.424918502591,1097.8424072265625,3639224.0
2026-03-24,1124.380643085466,1125.2785756759506,1080.4829072418454,1107.5198974609375,3020611.0
2026-03-25,1127.3736830422386,1162.9906613051278,1107.619652978717,1160.396728515625,4460380.0
2026-03-27,1159.2992686018338,1177.556784283265,1137.7494958835937,1142.0394287109375,3106962.0
2026-03-30,1132.3619976823395,1133.7587681160944,1108.4177792291446,1112.109130859375,1568667.0
2026-04-01,1147.327179638431,1184.7400224527278,1142.4385438200436,1151.2181396484375,1991196.0
2026-04-02,1130.6660271639068,1232.1296067985938,1127.373648325839,1210.579833984375,6403645.0
2026-04-06,1210.579769628319,1225.0460678864606,1197.2108903289936,1217.3638916015625,2994825.0
2026-04-07,1213.9718938997974,1241.40797685722,1199.2062441753485,1227.73974609375,3163487.0
2026-04-08,1271.9369288910154,1272.0366721158225,1223.150556873724,1267.4473876953125,4123786.0
2026-04-09,1269.342907929613,1277.024962505046,1235.1225809228492,1261.9600830078125,4331623.0
2026-04-10,1268.0458765202454,1269.0435522688845,1210.18068309918,1221.4544677734375,4067185.0
2026-04-13,1209.4823926667889,1235.8209357393175,1197.2109319001745,1228.438232421875,2000659.0
2026-04-15,1247.0946798202262,1284.7070066489684,1242.505395755806,1279.7186279296875,2626157.0
2026-04-16,1295.9808793376003,1331.7974653332724,1287.9994728443742,1310.1478271484375,3695658.0
2026-04-17,1306.9552580060897,1325.9110976260254,1290.294121370573,1313.739501953125,2822554.0
2026-04-20,1313.7395703176549,1316.7325977818173,1277.0250513759563,1285.106201171875,2018128.0
2026-04-21,1287.0017472068205,1300.9692080292198,1277.0249894765348,1289.7952880859375,1636421.0
2026-04-22,1269.9414801568628,1270.939155901854,1205.3917863839656,1232.927734375,6289853.0
2026-04-23,1234.6238069616882,1240.2107671045592,1212.9742907380898,1217.7630615234375,2115050.0
2026-04-24,1208.1853886219526,1211.677253906987,1133.6590553959966,1148.22509765625,5331848.0
2026-04-27,1153.3131675022114,1203.097211806208,1153.213424284486,1199.6053466796875,1701923.0
2026-04-28,1203.1970089165504,1210.9789288331367,1189.2295477848493,1198.10888671875,1325561.0
2026-04-29,1203.99520110381,1227.0414876680932,1197.210956966362,1201.20166015625,1174935.0
2026-04-30,1199.2062812671834,1204.892984468705,1175.361805892988,1193.1204833984375,1424354.0
2026-05-01,1193.1204833984375,1193.1204833984375,1193.1204833984375,1193.1204833984375,0.0
2026-05-04,1206.988140074874,1208.3847886597423,1144.4337990840202,1148.92333984375,2133159.0
2026-05-05,1163.2899552053775,1178.5544432979243,1144.8329533431995,1166.08349609375,1607889.0
2026-05-06,1258.2686245296277,1292.7883033847272,1244.0019341799266,1277.424072265625,26656460.0
2026-05-07,1291.8904073862698,1309.549220189596,1274.7303106923357,1282.312744140625,5846100.0
2026-05-08,1276.1270244739308,1370.806477284134,1272.0365782658448,1364.920166015625,9375709.0
2026-05-11,1372.6023649971237,1384.5744741666176,1356.4399445463512,1372.003662109375,5641233.0
2026-05-12,1370.2079952046663,1370.2079952046663,1313.8393113886805,1317.3311767578125,4590660.0
2026-05-13,1317.9296801204384,1324.9134104465877,1288.398501955755,1294.085205078125,2151407.0
2026-05-14,1302.864875059655,1302.864875059655,1246.8952860282,1271.6375732421875,3004315.0
2026-05-15,1281.5145634617584,1310.3474184022189,1272.236129818981,1279.1201171875,3346591.0
2026-05-18,1279.120074296793,1348.6581482081465,1271.6375060572598,1344.9666748046875,4392898.0
2026-05-19,1361.827380042576,1443.63679041876,1357.1383527966254,1408.7181396484375,8133656.0
2026-05-20,1407.7205019097914,1441.0428967588086,1390.3609192723663,1399.040771484375,4869095.0
2026-05-21,1401.6347393989347,1420.191484704776,1362.9248700966286,1373.799560546875,2273142.0
2026-05-22,1374.7972730736085,1398.6417494094908,1366.5165150944472,1383.8760986328125,2494600.0
2026-05-25,1394.750732421875,1411.9107070245884,1373.4004464952943,1394.750732421875,1369562.0
2026-05-26,1396.746107314455,1425.0801241344386,1391.8574715815353,1419.4931640625,1780000.0
2026-05-27,1421.68800537869,1430.0685063992942,1378.9874327130285,1385.173095703125,1709429.0
2026-05-28,1385.173095703125,1385.173095703125,1385.173095703125,1385.173095703125,0.0
2026-05-29,1406.7228603911642,1446.4304054487584,1402.2333193473626,1418.4954833984375,3533060.0
2026-06-01,1434.85728956433,1494.7178376777624,1434.7575463414605,1457.8038330078125,5877548.0
2026-06-02,1468.7782695573308,1550.3881990182315,1458.6020250737804,1515.9683837890625,10654328.0
2026-06-03,1486.5369059295724,1486.5369059295724,1413.7065742967814,1417.5975341796875,4844251.0
2026-06-04,1406.7228467697637,1439.7458906593097,1387.7670069905969,1433.1612548828125,2111985.0
2026-06-05,1450.321224599049,1469.8757672074862,1421.2888839199584,1432.16357421875,2525034.0
2026-06-08,1406.722820500288,1443.6368235914304,1399.7390901857475,1417.7969970703125,2143995.0
2026-06-09,1436.553317048384,1436.553317048384,1390.2611385269813,1408.7181396484375,1845056.0
2026-06-10,1411.6115373713365,1431.2657022452024,1395.0501431718446,1399.4398193359375,1190652.0
2026-06-11,1383.9757893166832,1405.924656413489,1353.0478402257295,1390.560546875,1646487.0
2026-06-12,1406.7227869889043,1407.1218816404032,1360.8297031580605,1364.022216796875,2484998.0
2026-06-15,1395.7483692624778,1411.7111812054368,1374.797178587344,1399.240234375,2234241.0
2026-06-16,1416.5998416518678,1464.9871162055586,1401.8341916301251,1461.3955078125,4085487.0
2026-06-17,1491.0264460006458,1494.3188247733644,1449.922252778029,1462.2933349609375,4831921.0
2026-06-18,1455.509260050646,1490.9267512200977,1432.6624596995111,1479.55322265625,4808752.0
2026-06-19,1400.4374727016805,1465.3862647553094,1394.5512829069382,1459.8990478515625,8297808.0
2026-06-22,1471.5717113921896,1501.501983488302,1471.072873523921,1480.4510498046875,3965449.0
2026-06-23,1476.9592566626036,1487.9336902990249,1466.8827555901175,1477.75732421875,2646004.0
2026-06-24,1474.6645498916073,1501.0032149093497,1474.6645498916073,1494.4185791015625,2312701.0
2026-06-25,1508.4857585591697,1518.163164777088,1481.9476075344287,1489.43017578125,2997232.0
2026-06-26,1489.43017578125,1489.43017578125,1489.43017578125,1489.43017578125,0.0
2026-06-29,1489.9290674247954,1520.0588279378503,1479.0543768230436,1487.9337158203125,6361979.0
2026-06-30,1493.4208922183873,1499.4069468694436,1454.3119287595289,1462.2933349609375,4539593.0
2026-07-01,1466.882766525149,1471.07295613929,1359.0339159194348,1367.51416015625,4675747.0
2026-07-02,1391.7576884442956,1454.511518251898,1386.8690528515815,1438.5487060546875,5761491.0
2026-07-03,1457.0056817159566,1489.3304001970898,1447.7272485768922,1460.5972900390625,4053069.0
2026-07-06,1463.4906733629605,1487.5346360811302,1458.3026860672442,1478.455810546875,1513526.0
2026-07-07,1478.555441838671,1519.3604038283786,1478.4556986223154,1512.6759033203125,3465445.0
2026-07-08,1513.4741520191158,1513.4741520191158,1429.669386844689,1442.5394287109375,2843349.0
2026-07-09,1446.6299001119712,1475.7619845582085,1424.4815462179986,1465.1866455078125,1647511.0
2026-07-10,1492.3235251614335,1519.460258476045,1486.5369567493808,1500.304931640625,2750522.0
2026-07-13,1490.6273292155454,1544.3023338382338,1466.5833677478815,1537.318603515625,5132000.0
2026-07-14,1541.409067282579,1565.3532858034732,1527.1422550325751,1530.9334716796875,2837341.0
2026-07-15,1516.4672028779678,1555.5760451849192,1500.5043902160944,1529.636474609375,2948151.0
2026-07-16,1532.5296852864683,1553.7802273383952,1523.750211815316,1527.1422119140625,1803970.0
2026-07-17,1546.0981015203786,1556.9727918372778,1491.7247717224768,1504.8941650390625,2927353.0
2026-07-20,1501.302551722868,1526.443932484445,1487.5345773426848,1503.896484375,1208116.0
2026-07-21,1503.4973727919491,1528.2397803952656,1487.534560605704,1490.527587890625,1450155.0
2026-07-22,1490.527549818898,1492.8222527266953,1464.58798067881,1467.9801025390625,1016082.0
2026-07-23,1468.578712121347,1469.775874313331,1430.7667766299262,1436.5533447265625,1075336.0
2026-07-24,1426.676330395435,1485.5391999711906,1426.676330395435,1481.2491455078125,3441351.0
2026-07-27,1492.024099382037,1534.6248056280242,1485.9383016021234,1524.84765625,3779933.0
2026-07-28,1566.3509129063798,1688.8655425795528,1563.6572371211128,1682.081298828125,15625771.0
2026-07-29,1716.0023065871771,1760.797972552498,1701.2366566298135,1710.9141845703125,8196676.0
2026-07-30,1697.7448254398792,1760.199426672453,1697.7448254398792,1742.83984375,5650262.0
2026-07-31,1706.0255665310865,1734.758677418879,1677.7912935282448,1717.0,3381070.0
2026-08-03,1739.0,1771.0,1719.0,1768.0,2365023.0
2026-08-04,1772.0,1774.800048828125,1733.199951171875,1749.9000244140625,1189895.0
2026-08-05,1745.0999755859375,1788.0,1745.0999755859375,1777.0,2308375.0
2026-08-06,1813.9000244140625,1813.9000244140625,1757.9000244140625,1772.800048828125,1606627.0
2026-08-07,1772.800048828125,1809.0,1765.5,1776.0,2666057.0
2026-08-10,1783.0999755859375,1822.5999755859373,1783.0999755859375,1810.0,2623273.0
2026-08-11,1820.0,1836.0,1809.800048828125,1819.0,1694152.0
2026-08-12,1819.0,1819.0999755859373,1780.4000244140625,1801.5,1592301.0
2026-08-13,1800.5,1829.9000244140625,1788.0,1829.0,1878214.0
2026-08-14,1830.0,1836.4000244140625,1804.199951171875,1812.0,1580043.0
2026-08-17,1811.5,1821.0,1799.5999755859375,1806.0,1054940.0
2026-08-18,1795.0,1795.0,1762.199951171875,1773.0,1572547.0
2026-08-19,1790.0,1818.0,1785.4000244140625,1813.0999755859373,2592917.0
2026-08-20,1835.0,1888.5,1826.5,1882.0,4002215.0
2026-08-21,1890.0,1891.699951171875,1851.0,1891.699951171875,1990336.0
2026-08-24,1891.699951171875,1900.800048828125,1869.5999755859373,1873.0,1507935.0
2026-08-25,1885.300048828125,1899.9000244140625,1870.0,1892.800048828125,1288356.0
2026-08-26,1903.5999755859373,1937.0999755859373,1878.5999755859373,1880.0,1622085.0
2026-08-27,1884.9000244140625,1909.0999755859373,1881.0,1901.800048828125,1759661.0
2026-08-28,1915.0,2016.5,1911.0,2014.5999755859373,5516587.0
2026-08-31,2015.0,2021.199951171875,1971.5999755859373,1985.300048828125,2163402.0
2026-09-01,1985.300048828125,1994.199951171875,1961.199951171875,1988.9000244140625,2055771.0
2026-09-02,1970.0,1975.0,1942.0,1965.699951171875,1665060.0
2026-09-03,1975.0,1975.0,1921.800048828125,1971.800048828125,1898378.0
2026-09-04,1982.0,1992.9000244140625,1962.4000244140625,1972.800048828125,1108102.0
2026-09-07,1958.0,1958.5999755859373,1920.4000244140625,1935.0,1187703.0
2026-09-08,1935.0,1954.4000244140625,1914.0999755859373,1950.0,1594561.0
2026-09-09,1815.5,1877.5999755859373,1780.699951171875,1845.0,10837239.0
2026-09-10,1842.0,1878.0,1821.0,1833.0999755859373,2691550.0
2026-09-11,1807.300048828125,1858.5999755859373,1807.300048828125,1846.5,2687329.0
2026-09-14,1846.5,1846.5,1846.5,1846.5,0.0
2026-09-15,1887.300048828125,1893.5999755859373,1765.5999755859375,1775.5,4583784.0
2026-09-16,1775.0,1784.4000244140625,1717.0,1766.699951171875,3593943.0
2026-09-17,1766.800048828125,1797.4000244140625,1759.4000244140625,1793.0,1305465.0
2026-09-18,1793.0,1841.0,1754.199951171875,1841.0,2489460.0
2026-09-21,1809.0,1819.4000244140625,1791.0,1814.0,1932416.0
2026-09-22,1814.0,1818.0,1784.4000244140625,1803.0,1220431.0
2026-09-23,1812.0,1817.4000244140625,1774.0999755859375,1782.4000244140625,1473720.0
2026-09-24,1762.0,1803.4000244140625,1758.0999755859375,1785.9000244140625,1123720.0
2026-09-25,1786.9,1793.6,1767.1,1784.0,803153.0
