Date,Open,High,Low,Close,Volume
2021-09-23,959.2000170729168,967.2035236310812,944.5891757558252,956.5012817382812,454649.0
2021-09-24,958.5486449526386,969.0182296669273,921.8818099883664,925.7904663085938,533414.0
2021-09-27,934.398709594432,935.189778895278,914.94858355564,929.1406860351562,335525.0
2021-09-28,927.8843212838744,952.034173105576,925.9765417791282,932.025634765625,438399.0
2021-09-29,934.1195301538892,941.750704799058,924.1152612132622,927.791259765625,270602.0
2021-09-30,867.3469192213761,930.6297416538372,867.3469192213761,923.13818359375,744956.0
2021-10-01,919.2759050480016,919.2759050480016,817.2324037630527,854.4110107421875,9096073.0
2021-10-04,854.5041836902211,867.532999212569,826.8179507052315,831.3314819335938,5686783.0
2021-10-05,828.2603837092528,840.8704040335898,823.9795100644642,837.4270629882812,1292721.0
2021-10-06,838.4973267900915,851.5261420787277,815.8365172049499,821.3737182617188,1533500.0
2021-10-07,825.0962921145133,840.0794647794946,824.1656623887802,834.6818237304688,978399.0
2021-10-08,842.2198806761281,844.918729533553,814.39402985378,822.3043823242188,1057034.0
2021-10-11,827.3298280961716,848.7343118376924,822.3044048451013,846.314697265625,1083385.0
2021-10-12,851.5261621890136,854.318051245371,832.2155962158747,837.0083618164062,594370.0
2021-10-13,844.0811615689403,847.8502005994023,833.5185368982046,835.7520141601562,456620.0
2021-10-14,840.0794352583795,851.5261691224224,832.6809178385655,840.4982299804688,890689.0
2021-10-18,851.5262768682595,865.4392038997222,840.4983363309118,847.0592651367188,1187657.0
2021-10-19,851.479603402391,885.9594203225771,841.2891974491699,845.2908935546875,1935874.0
2021-10-20,851.4331755250013,857.4356919330294,810.6250271690141,821.8856811523438,1384833.0
2021-10-21,824.5378299524893,835.1004532477971,810.5783858788017,819.9777221679688,1543769.0
2021-10-22,829.1910253189204,846.872988821793,820.3965636901611,823.8399047851562,956330.0
2021-10-25,825.4685299132001,831.5176228607038,790.5699167545248,808.2984008789062,1048967.0
2021-10-26,808.2983776386224,825.4685061792388,805.320351374481,814.6266479492188,654920.0
2021-10-27,814.301001096668,841.9872351339546,814.301001096668,832.5413208007812,1374702.0
2021-10-28,863.4381769767064,884.0981665446054,822.6766097109803,832.8204956054688,4091480.0
2021-10-29,828.2604626365293,849.0134943288813,807.8796487568184,833.5650634765625,1394234.0
2021-11-01,833.8442635579294,859.5761990991155,833.8442635579294,849.4323120117188,1211268.0
2021-11-02,849.1064777896535,858.971128922485,837.0082928752523,848.6876831054688,624307.0
2021-11-03,848.687826966103,850.7817439408419,826.399232696988,833.4254760742188,933131.0
2021-11-04,843.6158986084282,843.6158986084282,829.191136966475,837.1480102539062,34666.0
2021-11-08,839.1488081941754,858.0405796616409,837.613246475414,848.5946655273438,734400.0
2021-11-09,852.8291566845929,860.7860299766941,846.8731033471919,857.994140625,1040287.0
2021-11-10,858.9711706504173,873.8612451145633,852.8755577768829,860.4136352539062,1736346.0
2021-11-11,859.90187926658,864.3223705290434,848.0363500883885,853.5736083984375,527215.0
2021-11-12,860.7859604729691,871.2555446964606,855.9466746272183,858.8316040039062,398802.0
2021-11-15,863.5312931883522,870.6040559572385,855.1090492371211,861.1581420898438,876359.0
2021-11-16,860.8324802529062,872.418831482482,857.10996141938,862.3680419921875,579065.0
2021-11-17,858.9712045991613,865.3925721860637,854.6437538165364,860.2741088867188,322082.0
2021-11-18,857.1099481672917,865.2529579897279,840.4051337998966,851.8518676757812,618377.0
2021-11-22,850.3163898105307,860.5533167700944,808.112297764742,818.4423217773438,699130.0
2021-11-23,816.9067463109183,838.0320520424531,807.2282314285294,833.6580810546875,352603.0
2021-11-24,834.7747888785613,839.3348968448364,830.307777957162,835.0074462890625,532358.0
2021-11-25,834.3559863622654,842.2198181237565,818.4887624749655,833.1461791992188,582157.0
2021-11-26,829.1911100176735,832.6344514643932,804.2502439946524,814.53369140625,508067.0
2021-11-29,813.3703499928598,818.9076080149363,783.5901998787048,813.4168701171875,461771.0
2021-11-30,813.4169745570135,836.4035422379956,812.439824616156,817.5582885742188,407386.0
2021-12-01,818.9542111957115,854.2251027847079,818.9542111957115,851.7589111328125,1143468.0
2021-12-02,849.6649456949389,858.7385855859857,845.0117970328637,855.7605590820312,530045.0
2021-12-03,855.2486821307608,875.8621524129056,853.480463005469,857.5752563476562,682024.0
2021-12-06,860.3671491353463,873.8612796518012,851.5261670728414,860.2741088867188,543727.0
2021-12-07,863.624321192053,886.2386104837316,858.9711729097681,878.28173828125,958045.0
2021-12-08,886.1922152636062,890.1008717318479,874.7920003652295,879.6312866210938,693560.0
2021-12-09,881.5855978205348,885.1685566297559,875.1177093529433,879.5847778320312,506043.0
2021-12-10,884.1447603240017,925.9765778914864,880.3757212918052,905.5957641601562,1868676.0
2021-12-13,919.4155621185188,931.513747411153,909.457813632818,924.9528198242188,1182294.0
2021-12-14,914.8088955543316,920.1600157470452,892.6599224647158,896.9407958984375,652333.0
2021-12-15,901.6871269392012,905.3630687639236,870.1387578125,872.46533203125,360472.0
2021-12-16,881.3063574088715,888.1464632279705,868.7428560096954,873.628662109375,420664.0
2021-12-17,873.6286777147163,876.18790952693,850.5955914047944,852.1776733398438,589258.0
2021-12-20,848.7342918154129,849.0599894920394,817.5116765414206,832.3086547851562,443183.0
2021-12-21,829.2375341691308,849.6183461237351,829.2375341691308,839.3348999023438,331318.0
2021-12-22,839.4279898211448,864.7411290340705,838.1250855200395,861.5769653320312,599748.0
2021-12-23,869.2082776143354,874.0940843139878,857.1100895961487,869.90625,365411.0
2021-12-24,869.9060799294693,870.1852574689271,851.619184279771,854.6903076171875,220755.0
2021-12-27,851.526205159769,864.5085012871851,847.4314116166903,855.7605590820312,227959.0
2021-12-28,863.0660249048271,876.9788937756076,860.9721080351756,874.2335815429688,327873.0
2021-12-29,873.9079816742433,881.7252954244524,870.3715994733926,873.81494140625,251667.0
2021-12-30,865.8580396068483,879.4452127661664,861.716725392854,867.7192993164062,352159.0
2021-12-31,867.7192163331351,878.8867735224875,866.4163119405907,876.4671020507812,144411.0
2022-01-03,876.978965552116,888.472277613554,873.7683381967803,876.8859252929688,151922.0
2022-01-04,881.4459278333325,891.7293744802835,870.2783716264438,883.5863647460938,236996.0
2022-01-05,882.2368919397929,882.2368919397929,862.9263270581994,864.8341064453125,471227.0
2022-01-06,843.1506005252529,879.3521225397825,843.1506005252529,876.3275756835938,714262.0
2022-01-07,879.4450665150927,880.4687364646586,870.4644671894869,878.0956420898438,217166.0
2022-01-10,874.7918868853167,889.681961555705,870.0922184277008,886.0990600585938,453512.0
2022-01-11,887.8206498065289,916.6701677771812,882.5160496581519,907.177734375,640620.0
2022-01-12,915.367392337964,915.367392337964,896.1964423558918,906.6195068359376,201156.0
2022-01-13,906.6195496805371,912.2498485305728,897.1271144947435,907.7828369140624,302741.0
2022-01-14,909.2251663878332,947.38098196808,900.8494995531448,918.391845703125,1457453.0
2022-01-17,928.7684394107188,939.191503397598,917.6008830250188,932.25830078125,479224.0
2022-01-18,937.144090918134,954.6864377248,912.9477191565934,919.322509765625,870391.0
2022-01-19,919.4621325432648,923.0916110500712,884.8426967593455,897.6388549804688,1298605.0
2022-01-20,897.1270639240664,897.1270639240664,875.3037852930732,882.2835083007812,1794379.0
2022-01-21,882.2369853442087,882.2369853442087,846.8730555519303,857.38916015625,527085.0
2022-01-24,856.1793285274418,863.3917087405806,827.2367674248463,833.937255859375,899243.0
2022-01-25,826.585350301036,868.9290036694291,816.3484231130727,864.9273071289062,736229.0
2022-01-27,864.0432294255022,864.0432294255022,837.4271836730389,843.6624145507812,435590.0
2022-01-28,851.5261684715409,879.2589219424102,851.5261684715409,868.928955078125,357392.0
2022-01-31,880.2827381667802,881.5855857877856,868.9290434061461,876.6532592773438,234218.0
2022-02-01,883.9120462607042,893.4044802233021,872.093038130858,886.0990600585938,232623.0
2022-02-02,900.8030423931442,925.836947601464,878.3748322208361,882.0973510742188,1896737.0
2022-02-03,884.0982302439022,886.5178447851703,858.2267354980435,862.3214721679688,359291.0
2022-02-04,865.4857048716971,867.4865816410479,851.5727781482101,858.5059814453125,337862.0
2022-02-07,851.8984086960472,861.6700200711223,842.2198375659984,846.8729858398438,191141.0
2022-02-08,851.107423042694,854.457724209755,836.403484412689,844.8721923828125,252050.0
2022-02-09,841.3357711740425,870.1387718262717,841.3357711740425,867.5330200195312,248726.0
2022-02-10,867.6259913941652,876.8857675590734,855.667423386959,865.6716918945312,710697.0
2022-02-11,856.6447070878015,888.7514342953292,856.6447070878015,873.7217407226562,1073008.0
2022-02-14,857.6218080275573,899.2209679164947,855.2487135992328,887.4950561523438,2047449.0
2022-02-15,898.9881887700059,898.9881887700059,873.9542299440566,885.3079223632812,832141.0
2022-02-16,894.2420942341125,894.2420942341125,876.932347873121,891.1244506835938,1192259.0
2022-02-17,898.0577129150872,923.1847162816232,890.1938801308893,916.8564453125,1504969.0
2022-02-18,914.8089085532682,933.4215007923988,903.827490492406,907.177734375,1473610.0
2022-02-21,906.8963112921796,919.0477011543062,896.3400945285614,910.7904052734376,330919.0
2022-02-22,873.867005648334,902.1576873838502,873.867005648334,891.6483764648438,583726.0
2022-02-23,903.61230354961,914.8253648765482,893.8067380225933,905.9581298828124,323259.0
2022-02-24,879.2155354833209,898.6858901911959,862.5601718175483,870.4890747070312,425308.0
2022-02-25,891.4138651830298,904.4566804346908,876.4005790325788,900.4218139648438,491736.0
2022-02-28,894.2288925796552,900.3749453923695,878.4649529369918,898.216796875,199733.0
2022-03-02,892.3052884749497,910.0866606732158,886.8629837120055,903.8467407226562,389889.0
2022-03-03,924.255468326412,924.255468326412,889.9595027579705,892.3522338867188,270549.0
2022-03-04,883.9071692367907,907.3654274437118,880.2007529858695,891.13232421875,667925.0
2022-03-07,884.1417911518157,905.3011295415498,853.0830788125935,884.4232788085938,405357.0
2022-03-08,888.5988097160194,893.7127213951175,868.0493528764338,887.1444091796875,325198.0
2022-03-09,889.4434865607673,940.3948202656476,886.7223052552287,938.6588745117188,1044481.0
2022-03-10,948.0421053668016,964.6036599861096,921.6750437950936,933.3103637695312,893014.0
2022-03-11,926.1321371100976,945.8370761975464,920.7836421892752,934.2487182617188,424501.0
2022-03-14,934.5770534319648,982.6195228115548,934.5770534319648,967.7470092773438,1164727.0
2022-03-15,974.221439074011,986.1381881294732,958.9266665581864,967.37158203125,1164730.0
2022-03-16,975.347499998993,982.5257505523508,952.170784661785,963.1961669921876,526200.0
2022-03-17,967.4186984331805,977.9279537049656,949.731192277172,960.1935424804688,769485.0
2022-03-21,969.4360183310506,1010.4410085688916,957.8476042137632,989.0001831054688,1739686.0
2022-03-22,993.9734796153704,993.9734796153704,967.5594548552872,986.9828491210938,661241.0
2022-03-23,998.7587594277168,1029.3483032334004,985.2467806700736,1020.011962890625,1118357.0
2022-03-24,1019.96513453175,1043.1888116979512,997.445205158464,1026.533447265625,2168244.0
2022-03-25,1031.9758374311386,1045.112463256379,1013.4438117133892,1019.355224609375,1117373.0
2022-03-28,1026.533453635784,1049.991713545194,1011.8955223607692,1040.9837646484375,1597873.0
2022-03-29,1046.191413311742,1059.9849386487904,1029.2076563105804,1053.4166259765625,1020641.0
2022-03-30,1058.8589765815182,1062.706223155168,1032.3042929174435,1039.4825439453125,1031415.0
2022-03-31,1039.200897265203,1063.972842239394,1017.1501333051737,1052.14990234375,1307804.0
2022-04-01,1054.6833476412733,1072.511624870085,1040.6083919343168,1066.60009765625,572374.0
2022-04-04,1069.6965234115332,1078.9390537974682,1049.9915874539524,1058.671142578125,713929.0
2022-04-05,1052.9004747324134,1073.2153499480837,1052.9004747324134,1057.3575439453125,674194.0
2022-04-06,1056.0908834607787,1062.753006507516,1045.8162112200343,1050.226318359375,528618.0
2022-04-07,1049.99161423369,1056.9352814185784,1028.6915620674854,1044.267822265625,740284.0
2022-04-08,1049.5226381651005,1064.864318550338,1039.9517131198957,1061.157958984375,487992.0
2022-04-11,1063.03436659757,1090.3397540530968,1047.2235247420003,1052.665771484375,1122004.0
2022-04-12,1050.9300994350606,1058.6713256139349,1018.1354961669274,1027.7064208984375,554348.0
2022-04-13,1032.0696737431313,1040.7960781087313,1016.3994866715992,1018.0415649414062,446415.0
2022-04-18,1004.9519593820314,1019.4491197018564,995.240261674614,1014.1476440429688,415943.0
2022-04-19,1024.375214421411,1032.2572124017752,995.5685180112312,1001.8552856445312,518913.0
2022-04-20,1004.013622039082,1048.6781303540436,988.3903965073044,1034.2747802734375,742189.0
2022-04-21,1041.4997846332133,1044.643283116006,1012.1301117548286,1023.48388671875,619016.0
2022-04-22,1019.0268542040548,1019.0268542040548,989.7509903974288,995.2870483398438,615091.0
2022-04-25,961.7887116214614,966.4803638732734,931.0114843038036,937.34521484375,1328456.0
2022-04-26,941.6145556618068,962.3516345770926,937.4389739308518,960.287353515625,688687.0
2022-04-27,955.2203466507387,971.5473185098076,945.9778151245102,965.1666259765624,365432.0
2022-04-28,966.480343996324,977.4587642228616,962.6332121374176,968.6385498046876,538063.0
2022-04-29,977.36493385369,981.2120656329485,961.7886719289564,966.9025268554688,310154.0
2022-05-02,948.6520321806232,973.6115978537732,948.6520321806232,967.4186401367188,380054.0
2022-05-04,967.4186209155364,976.8019247071516,948.0890380132654,951.232421875,282149.0
2022-05-05,952.4052372706884,970.5150575499852,951.2323244169067,954.6102905273438,219580.0
2022-05-06,943.0219362269138,954.6102923357754,938.3302848028992,946.39990234375,315938.0
2022-05-09,946.4000051908636,949.4495789478764,918.906936312641,927.774169921875,362497.0
2022-05-10,933.45105965445,938.658781859905,918.2500958962804,920.7366943359376,212762.0
2022-05-11,920.9243114441252,938.3303275662516,914.0745115071192,918.3908081054688,414179.0
2022-05-12,910.1804296867408,915.4350566816312,888.692641994959,898.7327880859375,265926.0
2022-05-13,918.6255113288464,946.7285197844024,906.1457277874948,938.6119384765624,540269.0
2022-05-16,924.255429822792,949.1211850413748,910.8373167628416,931.2929077148438,437523.0
2022-05-17,934.6239773758716,954.2820105820106,930.8237507348618,945.9308471679688,421716.0
2022-05-18,950.8570715394804,964.603634570957,933.5918268398058,939.5971069335938,420323.0
2022-05-19,927.0703660945818,960.3810928115428,921.628061634489,930.3076171875,549408.0
2022-05-20,952.405366616039,957.0970186683348,931.6682874533492,946.493896484375,698976.0
2022-05-23,946.7754064473984,969.2953368287042,946.7285013799996,952.1239013671876,763680.0
2022-05-24,949.5903318531724,960.1934535510596,938.9872101552852,953.202880859375,169418.0
2022-05-25,961.7886155071052,962.7269458636976,940.0662448435376,949.2149658203124,333619.0
2022-05-26,940.2070237708562,968.3569346621993,930.1199723681248,964.8381958007812,318489.0
2022-05-27,942.975161795196,962.773967909904,907.412416166282,952.6399536132812,1459108.0
2022-05-30,964.6505374626644,987.0765406202772,953.4843836747924,966.8555908203124,776721.0
2022-05-31,964.6036157419844,973.7053744704976,952.5929985177132,962.6799926757812,381120.0
2022-06-01,962.7270262779766,970.139859622688,943.9604175786008,962.9616088867188,372917.0
2022-06-02,963.2899877874984,968.3569949719722,954.5635263219216,962.3048095703124,291248.0
2022-06-03,966.4802850765508,974.6906758478322,943.5850010458926,947.4321899414062,378985.0
2022-06-06,951.6077220819265,953.3436102748576,929.7445796907994,949.07421875,235955.0
2022-06-07,950.7162971284814,951.9361150972468,938.1426478599444,947.9013061523438,154031.0
2022-06-08,952.0299740396348,956.3932331848432,940.2070342420534,948.6051025390624,122402.0
2022-06-09,947.6199062431529,961.7886725597216,942.0837339024004,957.23779296875,172460.0
2022-06-10,941.1453653499832,951.889259589114,934.9993128530224,946.25927734375,169367.0
2022-06-13,943.0220530187644,951.0447664932028,931.0114353400176,941.4268798828124,335373.0
2022-06-14,936.4537207881566,959.5835876018516,933.8264071740414,946.6345825195312,276057.0
2022-06-15,949.4965808115604,953.3437126490288,930.0731295425336,937.5797729492188,480528.0
2022-06-16,941.6145598911615,943.9134808339136,907.1778226292544,915.34130859375,465459.0
2022-06-17,912.3384696229028,923.5046222493622,903.7527823956862,914.6373901367188,310344.0
2022-06-20,910.2741953652046,916.748697302716,892.2113372044295,901.7354125976562,323357.0
2022-06-21,907.3653503510976,915.3411574638012,898.5919854355772,904.738037109375,301832.0
2022-06-22,904.7380259016624,919.1882771876972,899.2957219816976,904.3626708984376,412002.0
2022-06-23,905.4887469699952,929.8853349712592,895.4955062840994,924.7714233398438,301240.0
2022-06-24,925.2407309355158,942.9282943221338,925.2407309355158,935.0932006835938,173243.0
2022-06-27,939.7379625290724,965.5420503668652,939.174987157434,945.2271728515624,292975.0
2022-06-28,939.878650054289,944.0072693724724,931.7620693413984,939.4094848632812,320171.0
2022-06-29,934.5771036885872,964.603677301072,928.0087907108564,959.0675048828124,775732.0
2022-06-30,962.6801032305596,972.3919152627004,951.6078723713948,961.0380249023438,395286.0
2022-07-01,953.3436262128664,966.6678712347572,951.466965531345,962.8207397460938,149758.0
2022-07-04,964.6035817887318,993.5510496372632,963.759061581045,987.2642822265624,454505.0
2022-07-05,989.7510342830356,1014.9920325143293,983.370341213966,1004.107421875,512099.0
2022-07-06,1003.9664588228908,1047.9741728081308,998.6180219289752,1035.77587890625,1140872.0
2022-07-07,1035.776027252639,1065.943373631387,1034.3216838044843,1060.5479736328125,785823.0
2022-07-08,1063.1282487042515,1077.8599888579124,1039.7169531220695,1049.3348388671875,576555.0
2022-07-11,1052.7129688976318,1063.1284141240158,1034.978500246063,1042.7197265625,421468.0
2022-07-12,1032.2102466779652,1047.7865060605834,1018.7920781645324,1025.7825927734375,208348.0
2022-07-13,1025.595044449582,1034.5561448634674,1017.713046817086,1020.1058349609376,97071.0
2022-07-14,1020.1059579327988,1033.3363941917446,1017.5723970264326,1022.639404296875,142589.0
2022-07-15,1025.360584945119,1060.0788111111856,1018.3231066682134,1058.3897705078125,535193.0
2022-07-18,1070.6819083913028,1109.059528671323,1062.2837829023913,1082.4578857421875,1187316.0
2022-07-19,1085.6481827999348,1095.969816344273,1068.148299382215,1079.314453125,597846.0
2022-07-20,1093.389406727316,1111.5930378662024,1082.9739630709369,1087.61865234375,840829.0
2022-07-21,1084.0530960699057,1149.4546754608482,1082.880183135762,1145.6075439453125,1189647.0
2022-07-22,1149.454771405855,1150.2992916973865,1116.660168846742,1125.7149658203125,794692.0
2022-07-25,1129.515278202758,1142.745714627765,1110.0449213822328,1113.657470703125,806178.0
2022-07-26,1119.240596244578,1129.7028890316617,1099.5356569764854,1108.5904541015625,665554.0
2022-07-27,1113.3760398584848,1130.1252154613762,1105.259458567776,1112.3907470703125,788032.0
2022-07-28,1116.706962737109,1137.7725485011672,1109.7164472204709,1134.113037109375,879886.0
2022-07-29,1150.2991837540178,1167.4705602064585,1141.431893338472,1151.1905517578125,978782.0
2022-08-01,1156.9614549891107,1178.8246004826262,1144.76315903221,1147.4373779296875,623028.0
2022-08-02,1156.381391450317,1158.0849449987918,1127.3724567118427,1134.1396484375,418124.0
2022-08-03,1135.7484246775402,1148.2416111352716,1110.1940851222955,1117.8131103515625,1421116.0
2022-08-04,1121.5518124045152,1128.555618981249,1094.1519219354532,1115.068603515625,418185.0
2022-08-05,1113.0335652745578,1129.59656475781,1105.5092774373206,1109.6263427734375,308759.0
2022-08-08,1111.1406953874591,1130.637689593186,1111.1406953874591,1126.5679931640625,444334.0
2022-08-10,1132.2468259000605,1161.2556474551982,1044.699532477854,1104.752197265625,2244675.0
2022-08-11,1112.087017709566,1181.7462324779592,1097.8901621643374,1171.335205078125,1889729.0
2022-08-12,1173.9381184325764,1220.3618884682178,1172.423810079399,1182.8348388671875,1482543.0
2022-08-16,1183.071371737169,1203.56219100252,1182.834757462822,1194.286865234375,363270.0
2022-08-17,1200.297067766991,1204.5088719537123,1175.736547738965,1179.99560546875,557068.0
2022-08-18,1178.3391356006764,1200.7701235345282,1158.6055274004923,1180.2794189453125,550201.0
2022-08-19,1175.4997858984068,1192.77262896817,1141.427328336134,1158.8421630859375,453180.0
2022-08-22,1158.9368079042445,1162.2020389361417,1131.7261641906905,1137.4049072265625,679686.0
2022-08-23,1130.0696947891129,1159.362493679011,1122.5454076078825,1135.6064453125,1023358.0
2022-08-24,1137.6416980583567,1149.661659802475,1096.3761820343227,1135.0389404296875,684900.0
2022-08-25,1148.194359617584,1160.782168692577,1127.5615503193849,1134.2813720703125,858503.0
2022-08-26,1140.2442127390616,1156.5705980221069,1135.7485414292375,1141.9005126953125,322555.0
2022-08-29,1107.3547694829576,1141.427223928587,1107.3074004158368,1120.2265625,655197.0
2022-08-30,1126.2841073477712,1135.985293986691,1122.5929010319503,1128.744873046875,1089848.0
2022-09-01,1132.15219378898,1170.4837150396988,1126.2842046507542,1157.0440673828125,825029.0
2022-09-02,1165.7511527136492,1169.820964418474,1133.6663497577772,1137.2628173828125,395426.0
2022-09-05,1137.2627484742782,1152.78466693228,1126.4258616532102,1146.5853271484375,332428.0
2022-09-06,1152.3588450244931,1160.3563610053004,1147.153331170065,1156.7125244140625,429296.0
2022-09-07,1156.7126824686911,1183.0714922082252,1154.7251454686464,1160.6405029296875,1371395.0
2022-09-08,1167.5967274607433,1188.3714128650397,1157.2329537566848,1167.312744140625,767969.0
2022-09-09,1173.6070200584966,1180.6580805378558,1144.8346958147115,1154.583251953125,376617.0
2022-09-12,1149.9454085383936,1167.1236284888553,1148.9989514120246,1155.5767822265625,258428.0
2022-09-13,1157.848215926835,1181.225774522061,1157.7062242616253,1171.1932373046875,674888.0
2022-09-14,1154.7724780888948,1176.3990033406242,1150.3714287296225,1164.9942626953125,353324.0
2022-09-15,1166.0827159753644,1185.9109494024783,1152.3590856750166,1181.462646484375,432408.0
2022-09-16,1181.462440730336,1192.441319951754,1119.5167543937164,1127.6090087890625,1452065.0
2022-09-19,1127.6090512015676,1148.147124770999,1112.5129906117888,1137.6888427734375,452318.0
2022-09-20,1144.0775037550736,1186.6680775384625,1137.7361712267293,1167.5023193359375,903140.0
2022-09-21,1169.6791618111056,1214.73050351558,1166.0353245288193,1186.3841552734375,1689177.0
2022-09-22,1181.6519626957647,1200.0605113353986,1159.0316096662464,1187.236083984375,759472.0
2022-09-23,1190.1697994041288,1192.5359421464827,1149.9453727841085,1153.731201171875,596214.0
2022-09-26,1133.8555362745878,1140.6699807630164,1100.2563112848152,1127.987548828125,590593.0
2022-09-27,1125.3374462000822,1139.3923104574517,1109.1056844873908,1125.7633056640625,424561.0
2022-09-28,1116.298810364649,1126.2839792515724,1112.08712237025,1114.358642578125,344391.0
2022-09-29,1119.9428469433103,1139.108605174337,1096.943890852348,1118.0025634765625,484280.0
2022-09-30,1107.3547862414398,1135.7011296413316,1088.4256445962872,1131.8206787109375,456403.0
2022-10-03,1126.2841122883838,1135.7013155849618,1107.354967544041,1119.8009033203125,461834.0
2022-10-04,1141.427413644467,1167.8808468763098,1135.8432929086605,1150.79736328125,586517.0
2022-10-06,1151.6490521962735,1174.0800393830957,1151.6490521962735,1163.2904052734375,444453.0
2022-10-07,1163.2904932591798,1174.8373401403187,1140.9067579140456,1172.423828125,711813.0
2022-10-10,1148.998931697835,1182.5035365033004,1122.498132614195,1159.1259765625,724263.0
2022-10-11,1164.1423246425402,1168.6379962214444,1127.1358722262153,1136.0325927734375,245949.0
2022-10-12,1141.7587750053722,1152.2644282437154,1132.720176839782,1143.225830078125,500287.0
2022-10-13,1143.4147956363715,1154.1098070448645,1118.7596575831817,1125.5267333984375,195280.0
2022-10-14,1135.7486297784017,1163.1958883313796,1115.541791847126,1122.1669921875,185612.0
2022-10-17,1114.7372845960758,1137.9727384562327,1114.7372845960758,1122.403564453125,206062.0
2022-10-18,1125.3375900613953,1156.807291381447,1125.3375900613953,1145.591796875,296193.0
2022-10-19,1148.6204071881202,1159.4100421154883,1146.3016333176188,1151.791015625,363280.0
2022-10-20,1148.0526244789514,1154.6778251148564,1118.759819309647,1145.923095703125,143761.0
2022-10-21,1146.1596397608766,1165.2307749578997,1134.0449416983124,1144.92919921875,256017.0
2022-10-24,1147.6264751893336,1154.630164522991,1124.1542955059872,1139.297607421875,44334.0
2022-10-25,1132.1046953888772,1165.0413335008127,1121.6462981082143,1159.1259765625,292659.0
2022-10-27,1160.545822777157,1199.1613244262408,1159.410120301614,1182.9769287109375,1169791.0
2022-10-28,1188.9869092639915,1227.9336478464506,1186.1001684645837,1223.4852294921875,1089188.0
2022-10-31,1231.0567675039356,1279.562696390712,1230.3942937133563,1275.7296142578125,1622116.0
2022-11-01,1275.824182526361,1299.2963650358242,1262.573783004574,1276.013427734375,926233.0
2022-11-02,1277.7173149338114,1292.340033546542,1257.5104753193175,1264.5142822265625,627644.0
2022-11-03,1257.8417227130114,1264.135686719835,1246.0110067356509,1259.6400146484375,408654.0
2022-11-04,1264.703369214801,1277.6225324449815,1250.8377488327287,1260.5863037109375,485053.0
2022-11-07,1277.7170963988367,1306.1108096521443,1236.2149753004487,1263.6622314453125,754875.0
2022-11-09,1258.7880102883184,1295.6998391614345,1258.7880102883184,1278.474365234375,1189937.0
2022-11-10,1282.591402328363,1295.368573578402,1258.4093764525253,1269.009765625,816087.0
2022-11-11,1278.6637364719402,1286.046149187879,1247.430647424143,1275.682373046875,763460.0
2022-11-14,1282.0708225653393,1290.9675428147682,1260.2550547437895,1275.0670166015625,648024.0
2022-11-15,1281.4555832040137,1301.3311829069364,1261.6747216414155,1299.2490234375,1085541.0
2022-11-16,1304.6913130003682,1317.2792405800094,1287.1818539575631,1293.5230712890625,1447516.0
2022-11-17,1288.1280301197833,1317.2315840699546,1280.6983654702592,1306.820556640625,956978.0
2022-11-18,1300.5267818196448,1318.3202229337587,1273.647374927093,1277.5751953125,881986.0
2022-11-21,1282.4494999973683,1283.8691857907236,1247.430583761278,1251.31103515625,603719.0
2022-11-22,1257.605008640968,1274.1206406216193,1251.5004058945976,1258.83544921875,683891.0
2022-11-23,1262.7159822692745,1286.2354221801984,1262.7159822692745,1281.0299072265625,868985.0
2022-11-24,1286.3299102376343,1306.4421250000291,1279.3261041076305,1303.7921142578125,588224.0
2022-11-25,1306.34745810977,1316.8531091815107,1299.485643894015,1305.4010009765625,550007.0
2022-11-28,1301.3787584315123,1333.7949202324428,1293.617854958601,1315.9542236328125,588237.0
2022-11-29,1317.752501383642,1320.3078897953187,1294.7061744640484,1298.1607666015625,410380.0
2022-11-30,1302.514360743042,1343.969232581469,1302.514360743042,1337.8172607421875,835344.0
2022-12-01,1346.571681745791,1362.7088196297032,1330.10330702243,1360.8631591796875,1054284.0
2022-12-02,1350.3102799394317,1367.1572623033817,1350.3102799394317,1364.8857421875,418013.0
2022-12-05,1367.630615234375,1377.0951869661008,1351.824826656122,1367.630615234375,474730.0
2022-12-06,1368.9554887784884,1377.615593820427,1363.182123928632,1371.463623046875,523685.0
2022-12-07,1371.558352012545,1388.4525884170964,1362.3303951365622,1382.5372314453125,550453.0
2022-12-08,1387.506087727089,1396.024201498947,1367.3465055866336,1390.345458984375,480794.0
2022-12-09,1403.5959380482343,1468.9014806816317,1394.3206118662854,1441.4542236328125,3239055.0
2022-12-12,1436.674625427838,1436.7693635729845,1387.553590375342,1402.6495361328125,619176.0
2022-12-13,1408.3282931603194,1423.424239067495,1400.75663567021,1413.5811767578125,656285.0
2022-12-14,1420.679541206979,1420.679541206979,1392.3330804436985,1414.6221923828125,453988.0
2022-12-15,1410.2212826496027,1413.7704972871436,1366.258390219661,1369.8548583984375,537409.0
2022-12-16,1363.9393894100715,1375.8174729751895,1343.0700783642783,1348.51220703125,570002.0
2022-12-19,1358.1186172777489,1390.3455288818277,1335.8296211080967,1385.1400146484375,400752.0
2022-12-20,1372.5994351278002,1413.0131078452628,1372.5994351278002,1410.0318603515625,583277.0
2022-12-21,1413.959801609471,1421.1056002587386,1369.1924417644125,1377.0953369140625,421917.0
2022-12-22,1388.689524268813,1396.0719376928396,1350.6419856295215,1372.505126953125,599231.0
2022-12-23,1361.4787006417955,1375.628189759726,1302.4197474549524,1313.72998046875,627352.0
2022-12-26,1291.9140638052206,1331.334028858963,1289.5952899044285,1307.010009765625,393400.0
2022-12-27,1317.9417508458816,1323.478502778475,1290.3998673462029,1299.533203125,408515.0
2022-12-28,1305.259106844244,1318.9354827617465,1277.7645943904367,1313.7772216796875,519130.0
2022-12-29,1315.528054414633,1346.8558781495442,1299.8642580814962,1322.5318603515625,536715.0
2022-12-30,1320.3076301814333,1332.5642031869554,1296.6462031172498,1306.4893798828125,280357.0
2023-01-02,1306.4418617040135,1319.9762426537025,1287.1814853789165,1311.4581298828125,458030.0
2023-01-03,1318.0361968962268,1330.7661148158716,1311.4583659528228,1321.1121826171875,362952.0
2023-01-04,1325.5133702423273,1347.707746400735,1305.164539496015,1318.27294921875,620292.0
2023-01-05,1318.46223923422,1348.701500343992,1318.46223923422,1337.911865234375,472768.0
2023-01-06,1342.0288767966476,1357.5981663178964,1336.2555112576756,1354.71142578125,392767.0
2023-01-09,1365.97435083117,1381.7328862826316,1361.052819615957,1375.675537109375,284204.0
2023-01-10,1378.9880811347336,1385.8498955398309,1363.0403011069925,1371.1798095703125,303676.0
2023-01-11,1372.3628150492648,1382.7738433013626,1364.3652986511522,1371.558349609375,283386.0
2023-01-12,1377.9941213183768,1411.8299614840917,1377.0950333179069,1401.513671875,670911.0
2023-01-13,1408.5647085525914,1412.4451593614465,1378.6566887968545,1384.4300537109375,331675.0
2023-01-16,1388.4526851479484,1392.0492686510863,1370.4699987009062,1375.8175048828125,142151.0
2023-01-17,1375.2023169821769,1414.9535195377523,1370.517400037572,1403.7852783203125,467862.0
2023-01-18,1414.9534529750142,1436.7219676361683,1402.74413251472,1408.2808837890625,866712.0
2023-01-19,1408.3282144087225,1408.3282144087225,1372.3628433418328,1381.02294921875,616100.0
2023-01-20,1378.9879663005809,1387.3640883562168,1362.9928185331285,1369.760009765625,514524.0
2023-01-23,1370.043971405638,1378.893321861378,1345.9565697675955,1350.6416015625,462438.0
2023-01-24,1353.906791591728,1364.649055856112,1329.53552288604,1333.652587890625,447318.0
2023-01-25,1328.82574815695,1338.8581701572557,1303.5080211176348,1309.8966064453125,302117.0
2023-01-27,1314.108485208411,1317.515823639057,1285.6675149746595,1308.1458740234375,344156.0
2023-01-30,1309.8967820044716,1332.611755102815,1299.8643586595688,1315.7647705078125,617437.0
2023-01-31,1318.083450374876,1365.0750666055355,1318.083450374876,1358.923095703125,770920.0
2023-02-01,1375.2024563302336,1389.3046932012585,1329.9617511952422,1350.121337890625,508254.0
2023-02-02,1348.7014246013212,1387.5061673442362,1342.5020841201278,1372.0316162109375,502153.0
2023-02-03,1376.1486452433198,1381.448781980585,1341.9341974283782,1368.103759765625,293421.0
2023-02-06,1364.7912537770355,1384.0043807478205,1348.7014817144768,1368.9556884765625,284958.0
2023-02-07,1373.7825548181468,1383.2471263291225,1356.1784749145957,1369.1922607421875,332075.0
2023-02-08,1376.14869013086,1400.7565759241218,1367.2519698525864,1395.36181640625,547138.0
2023-02-09,1457.544087735636,1531.3677493222465,1457.4967186619142,1493.8406982421875,4534071.0
2023-02-10,1494.929039922512,1523.795982447131,1486.9315233712214,1515.088623046875,1124334.0
2023-02-13,1522.7074868515954,1527.865747382846,1497.2951367462977,1509.835693359375,519389.0
2023-02-14,1509.741290503078,1531.8884130407637,1500.1347264037838,1514.094970703125,742894.0
2023-02-15,1511.444724387322,1545.5645514208436,1506.8071767033516,1541.5894775390625,610762.0
2023-02-16,1552.0952087052565,1577.2235784221848,1537.992973106522,1556.2596435546875,1233069.0
2023-02-17,1550.2969442075234,1558.6730675940864,1528.765042204641,1532.0302734375,717223.0
2023-02-20,1539.6966074612617,1539.6966074612617,1523.5594661102862,1527.5819091796875,365315.0
2023-02-21,1525.6748283795866,1534.256749289222,1501.9792144812666,1505.030517578125,765337.0
2023-02-22,1503.6478658541891,1515.1380341416914,1492.58674703644,1505.9840087890625,778980.0
2023-02-23,1505.9840631216548,1528.1064179550267,1500.1197272248876,1522.48046875,761827.0
2023-02-24,1530.108855951474,1540.5978704776242,1487.7236319582248,1498.212646484375,688041.0
2023-02-27,1497.068370506268,1511.371571498366,1477.997435850137,1495.4949951171875,446642.0
2023-02-28,1496.63943745539,1515.4242629929936,1484.4817156663948,1497.163818359375,640541.0
2023-03-01,1498.0221119040075,1536.1162622699871,1491.3472839069814,1528.058837890625,651248.0
2023-03-02,1535.5918095565846,1535.5918095565846,1514.2323376846084,1521.81298828125,466385.0
2023-03-03,1525.6749101422097,1532.778787382656,1507.605244485116,1525.4365234375,431101.0
2023-03-06,1532.778800235802,1565.7238896628503,1527.5820165894556,1553.6614990234375,737814.0
2023-03-08,1553.6614507040786,1600.0038017670397,1550.5148161132404,1591.4696044921875,1339514.0
2023-03-09,1597.238458634536,1615.3081221781065,1585.271400897935,1606.821533203125,799916.0
2023-03-10,1596.1895525618934,1609.4915997055757,1567.5831497579543,1602.8643798828125,681029.0
2023-03-13,1606.7262916595776,1618.1211288891916,1573.3521550375683,1590.611328125,639231.0
2023-03-14,1599.050076634754,1616.2616409642108,1580.0745906069444,1604.676025390625,895074.0
2023-03-15,1627.6564830370123,1627.6564830370123,1602.3874956417649,1618.7408447265625,1146198.0
2023-03-16,1619.0747160815597,1620.9342021510718,1558.5722191686846,1580.6944580078125,655835.0
2023-03-17,1588.5135766720714,1617.644360458566,1584.9377763087718,1601.1480712890625,756814.0
2023-03-20,1573.3521173009403,1594.2348141377934,1548.6076260160155,1576.0220947265625,488496.0
2023-03-21,1577.3570182225772,1584.9377848735885,1538.6430426933337,1559.287353515625,688444.0
2023-03-22,1562.3864610577452,1568.7275706764422,1533.3032831131245,1537.6895751953125,368954.0
2023-03-23,1535.2102267146292,1577.166282599998,1533.3031332652945,1554.7579345703125,713358.0
2023-03-24,1562.529419961465,1564.7225076673792,1539.6919052428898,1546.7958984375,371397.0
2023-03-27,1543.7920862131805,1549.513366335033,1507.5095882138696,1511.89599609375,560710.0
2023-03-28,1518.5710094794504,1540.6932487753977,1506.8423372287311,1537.3558349609375,300231.0
2023-03-29,1537.3558374971926,1570.4915889954266,1534.781307681693,1563.6737060546875,493564.0
2023-03-31,1568.5844236900605,1580.7898688051175,1550.7054219002805,1553.8997802734375,559036.0
2023-04-03,1559.0966476859044,1564.2457069749494,1520.4780046195742,1530.680908203125,444453.0
2023-04-05,1527.5818830244953,1530.6331860436708,1487.532919799134,1495.685791015625,824057.0
2023-04-06,1503.3141867000647,1511.514665532452,1480.4290645261,1504.7445068359375,746042.0
2023-04-10,1519.0952651475034,1521.7652425388608,1494.970602831671,1505.8409423828125,578155.0
2023-04-11,1515.3764153527943,1519.5720442408583,1483.575655216693,1504.1246337890625,831554.0
2023-04-12,1506.603860662472,1528.726098638882,1484.2432359992483,1487.05615234375,941159.0
2023-04-13,1486.5793906336826,1496.8777421447337,1461.358125530811,1476.7578125,647095.0
2023-04-17,1451.2982538565593,1468.4620965434306,1423.6453961943778,1429.032958984375,1045243.0
2023-04-18,1431.2738052675388,1436.470588979925,1412.2028684884908,1420.7847900390625,1235433.0
2023-04-19,1420.784672871416,1439.8078841798276,1418.5438612646228,1431.3214111328125,510197.0
2023-04-20,1434.1343346244662,1491.347140527038,1434.1343346244662,1487.4376220703125,1233088.0
2023-04-21,1487.5329040547103,1492.7774110882365,1467.985196020658,1472.7529296875,355147.0
2023-04-24,1472.753100270975,1485.2922645470835,1465.4108361335104,1482.1932373046875,282687.0
2023-04-25,1482.193076368615,1496.5916088668685,1473.2297137300488,1481.6685791015625,453954.0
2023-04-26,1481.6687438512183,1494.3032395647608,1474.1834243876756,1492.777587890625,256650.0
2023-04-27,1497.0684874137205,1516.139423559118,1491.251875169325,1493.6357421875,701384.0
2023-04-28,1505.6501685618496,1511.228393214826,1490.0597040292664,1502.455810546875,420097.0
2023-05-02,1502.885024883739,1530.9193229026096,1496.2579214628402,1525.865478515625,367587.0
2023-05-03,1538.0230256041025,1544.650244674572,1506.6037099842624,1509.3690185546875,1042002.0
2023-05-04,1515.1856473722144,1538.023043389137,1506.8898379647478,1532.3494873046875,747747.0
2023-05-05,1532.1589414881796,1539.1674867156505,1514.2799401937402,1521.7652587890625,434617.0
2023-05-08,1525.674661039864,1552.8507409396366,1523.0524077162015,1542.8385009765625,769059.0
2023-05-09,1553.375394354745,1558.095404252034,1533.398519913254,1546.7958984375,519553.0
2023-05-10,1549.5134712686583,1578.6443710884091,1544.7457375109086,1564.150390625,670896.0
2023-05-11,1564.6749110297096,1572.6847271410927,1543.0770535078605,1552.1834716796875,394578.0
2023-05-12,1552.374084146651,1567.6308319023922,1545.6039256099905,1561.957275390625,326962.0
2023-05-15,1567.39244480983,1579.073392307272,1551.0390950334615,1572.4462890625,273516.0
2023-05-16,1580.980613972536,1588.6089884669757,1557.666440983809,1572.58935546875,483520.0
2023-05-17,1578.024525288336,1580.8374416149702,1554.2334642555995,1570.9205322265625,406198.0
2023-05-18,1578.0721553752269,1601.9585481440604,1563.8166779501544,1567.6785888671875,594239.0
2023-05-19,1568.6320856739171,1569.7762951834004,1538.1185904903975,1563.530517578125,348650.0
2023-05-22,1567.4403541458798,1593.3290579301702,1547.606533162208,1589.133544921875,370747.0
2023-05-23,1591.9462003358872,1625.7971078602502,1591.8984764414488,1606.4400634765625,643307.0
2023-05-24,1606.439969201431,1635.237147414272,1483.7185638538745,1521.1929931640625,2437287.0
2023-05-25,1501.8359425771316,1585.1282174458274,1492.3004762750545,1573.4949951171875,2501705.0
2023-05-26,1573.352098317589,1659.1713036803665,1572.3508276951245,1654.4512939453125,2506445.0
2023-05-29,1674.237499974686,1674.237499974686,1649.6359462396497,1663.0333251953125,582128.0
2023-05-30,1659.1713085282595,1691.5918973155935,1652.4964814249852,1673.8082275390625,559849.0
2023-05-31,1673.4744485038984,1685.8705555298532,1655.07095074393,1678.1468505859375,660502.0
2023-06-01,1678.2422990134944,1689.4941973508717,1663.9390976014477,1669.374267578125,330554.0
2023-06-02,1669.7556374057306,1681.0551427530015,1657.740972018762,1671.8057861328125,566594.0
2023-06-05,1673.4746407156576,1705.1800719428916,1673.4269168155638,1691.4013671875,754132.0
2023-06-06,1693.785257919693,1730.115368374363,1688.540750425194,1723.2974853515625,906087.0
2023-06-07,1726.9208599755452,1729.7337762822572,1706.9917099457064,1715.9073486328125,373808.0
2023-06-08,1711.1396330988218,1714.4293228076272,1676.3351769226686,1684.6787109375,570269.0
2023-06-09,1695.5968679808846,1704.846341752267,1684.488140914883,1699.9832763671875,460201.0
2023-06-12,1702.0809987734992,1712.5700133317673,1688.9220066768617,1706.5626220703125,436279.0
2023-06-13,1712.4746993585002,1762.1544637191153,1703.0345628800542,1757.577392578125,1192944.0
2023-06-14,1773.596979596128,1780.2718069386942,1754.0969948481036,1769.1629638671875,690383.0
2023-06-15,1768.829286843925,1768.829286843925,1742.6067502465082,1745.22900390625,581128.0
2023-06-16,1754.383045284054,1776.6960635388114,1743.0835390575323,1757.6728515625,589884.0
2023-06-19,1761.820622549759,1804.8255563921373,1760.2472471799686,1788.9967041015625,720228.0
2023-06-20,1797.5309882282693,1815.553045414912,1789.664227395983,1811.2620849609373,643545.0
2023-06-21,1818.4135976389664,1819.367144360329,1765.2056440270203,1771.4991455078125,605777.0
2023-06-22,1768.924460752263,1775.5039562654188,1739.364513037855,1758.7215576171875,283690.0
2023-06-23,1767.5418923637494,1769.3059305073728,1723.1542461999072,1760.9146728515625,648800.0
2023-06-26,1772.4049789759274,1790.665422079623,1754.5259778430163,1783.94287109375,392942.0
2023-06-27,1770.1166292776572,1802.2035032908025,1770.1166292776572,1795.3380126953125,470780.0
2023-06-28,1793.6213815829817,1839.3916241752108,1785.6592897453245,1822.227783203125,608998.0
2023-06-30,1822.227842472692,1861.3232592918337,1814.5994684592008,1852.836669921875,1395387.0
2023-07-03,1856.5557799885937,1862.753834724046,1797.5312046894858,1802.1558837890625,573480.0
2023-07-04,1806.4943089192493,1840.3452183764325,1765.730185558839,1770.402587890625,721898.0
2023-07-05,1778.3646569968496,1797.340260262985,1766.6359856213685,1787.56640625,839386.0
2023-07-06,1799.914613485694,1830.8095478862213,1782.1786692704936,1826.995361328125,823919.0
2023-07-07,1826.947826618262,1833.4797148951736,1805.0639755349875,1813.9796142578125,407591.0
2023-07-10,1815.553001261,1821.2742817271585,1798.96126462919,1805.35009765625,403084.0
2023-07-11,1807.8769702796872,1838.3428597287195,1791.8574542217546,1802.8232421875,334485.0
2023-07-12,1811.738863780537,1849.833010698548,1806.7804671343013,1813.0738525390625,604091.0
2023-07-13,1815.8391676523493,1832.6691750877549,1792.667934492361,1804.4442138671875,353278.0
2023-07-14,1812.6923213485663,1833.6703492652773,1804.7302294874005,1829.2840576171875,324663.0
2023-07-17,1832.7168816479043,1843.921056132484,1808.4491630475868,1811.166748046875,381853.0
2023-07-18,1815.6959230879968,1840.249749950406,1808.782709699551,1824.4208984375,594389.0
2023-07-19,1838.6765075400583,1855.6019622315328,1819.4149098876885,1850.834228515625,562127.0
2023-07-20,1855.506609478796,1859.2730725111085,1808.2583223381096,1827.7584228515625,454525.0
2023-07-21,1827.758412706804,1830.8097156730269,1776.5052761352283,1796.1483154296875,693371.0
2023-07-24,1798.2936794485418,1826.041864130048,1795.528370839102,1813.7410888671875,464889.0
2023-07-25,1832.716852292984,1838.9149061639016,1814.933182137246,1833.52734375,313510.0
2023-07-26,1837.5115415722764,1857.336336867255,1826.0391417815003,1840.0556640625,388480.0
2023-07-27,1840.3914537324447,1858.632161933236,1835.8793254227537,1845.959716796875,444377.0
2023-07-28,1845.95993681031,1883.0652881086287,1832.759422723257,1876.921142578125,1210189.0
2023-07-31,1884.553464488961,1895.1138761595564,1870.2488834240137,1889.4976806640625,526098.0
2023-08-01,1895.8818803314325,1901.018056917823,1846.391906112808,1850.2320556640625,789751.0
2023-08-02,1849.895893596416,1849.895893596416,1796.7098038303527,1823.87890625,868807.0
2023-08-03,1823.8309473851368,1839.0955646192708,1800.0700230804744,1805.8782958984373,763718.0
2023-08-04,1776.0692842313576,1827.76727752584,1675.313400632467,1724.3232421875,3490486.0
2023-08-07,1709.8265768132535,1720.2910077122303,1672.385118926832,1681.7454833984375,1287836.0
2023-08-08,1689.6655635320146,1693.505712540042,1652.2241107037485,1664.320556640625,1370375.0
2023-08-09,1665.6649498681668,1684.817649821235,1656.0645755173416,1678.721435546875,645904.0
2023-08-10,1678.1452379712166,1710.4984488287364,1665.9047621221705,1694.1298828125,1420634.0
2023-08-11,1723.2671035528529,1732.2914783970575,1662.3527784405817,1669.1209716796875,2169143.0
2023-08-14,1664.3208272064346,1677.1373031658688,1633.0236311414894,1672.2891845703125,734195.0
2023-08-16,1670.1768027176067,1684.7694396327308,1646.4639288695994,1660.720458984375,968798.0
2023-08-17,1667.5849799897935,1693.5059900414485,1662.4007545410493,1674.11328125,1013325.0
2023-08-18,1673.536993275637,1679.1533052973462,1653.4723072339696,1661.8245849609375,642655.0
2023-08-21,1675.2171303936432,1688.2256833892754,1666.6728917150108,1682.0814208984375,589097.0
2023-08-22,1684.8655652951556,1689.6657520908684,1672.0010412442336,1683.137451171875,479017.0
2023-08-23,1686.5935194411702,1690.3856197732696,1664.6565741118843,1668.2567138671875,1003686.0
2023-08-24,1685.7774348138742,1685.7774348138742,1644.543880028566,1651.504150390625,895467.0
2023-08-25,1649.392169065023,1675.265128033765,1638.7837097728575,1646.2239990234375,1216603.0
2023-08-28,1646.4159884785872,1672.3369966447706,1641.6638505249437,1649.2481689453125,1199396.0
2023-08-29,1656.1124110986957,1668.5448474059397,1646.6559498266697,1660.91259765625,1144087.0
2023-08-30,1669.5048310965233,1677.1851293419356,1651.2641227636686,1662.1605224609375,1060606.0
2023-08-31,1665.3768678776012,1679.4414395382737,1622.463242021666,1639.50390625,19211098.0
2023-09-01,1628.3193371993646,1642.6239172520698,1605.0864800449203,1637.82373046875,881138.0
2023-09-04,1641.6637704185491,1676.9451409231583,1633.5515021725416,1656.976318359375,772655.0
2023-09-05,1660.864547195186,1672.7690332840132,1647.1359667779648,1651.408203125,555245.0
2023-09-06,1656.016293488446,1680.545293376272,1653.2802106223023,1676.51318359375,653379.0
2023-09-07,1689.665888791361,1694.4660759754274,1667.009028720982,1670.129150390625,611119.0
2023-09-08,1680.545380379055,1692.3538866552856,1667.968914538423,1685.2015380859375,1105103.0
2023-09-11,1699.2660270290858,1715.1066425352892,1691.3937680179758,1696.9619140625,920278.0
2023-09-12,1700.226117091505,1705.2663130907883,1639.7437651001078,1643.2479248046875,843063.0
2023-09-13,1642.7198380857394,1653.1842683329949,1621.599017003669,1647.135986328125,669374.0
2023-09-14,1669.025022769482,1669.025022769482,1641.9520149197629,1656.7845458984375,463243.0
2023-09-15,1665.3288127651065,1680.0653626505148,1651.504251485456,1677.521240234375,653183.0
2023-09-18,1682.945554542319,1683.905591937951,1647.136112808432,1657.5526123046875,615598.0
2023-09-20,1643.871988545245,1688.6576368221015,1639.6478007995613,1659.280517578125,626655.0
2023-09-21,1651.2642549177092,1679.585356964263,1650.4961781548768,1674.92919921875,574260.0
2023-09-22,1686.6415666431976,1686.6415666431976,1648.9601012871894,1656.400390625,418784.0
2023-09-25,1660.7686543596571,1670.8490466509302,1609.982654520451,1666.8648681640625,1275373.0
2023-09-26,1666.6248163015312,1674.3531637378169,1653.5202832188131,1660.048583984375,540158.0
2023-09-27,1660.0485901590805,1664.896708411604,1647.4721244415248,1662.400634765625,341810.0
2023-09-28,1647.5681155816503,1660.8646093918385,1590.1099038338766,1601.870361328125,981227.0
2023-09-29,1601.8704369865618,1641.183921304482,1587.229866761412,1628.511474609375,831116.0
2023-10-03,1628.5114556677638,1636.719704957055,1602.3983685989367,1611.5667724609375,544659.0
2023-10-04,1612.8630239224556,1641.472188723626,1605.7107913182026,1627.695556640625,659803.0
2023-10-05,1627.6952479837275,1635.711653461155,1608.7345106729863,1623.3271484375,357966.0
2023-10-06,1630.1433774212635,1641.6638253182336,1621.3590124614127,1636.3355712890625,347194.0
2023-10-09,1635.9035609689936,1637.82363557107,1615.5508170638063,1631.3433837890625,279463.0
2023-10-10,1629.7112314558422,1644.543759644116,1624.862996612765,1638.8795166015625,415182.0
2023-10-11,1647.4241333624454,1687.5537424622016,1645.0240399280597,1681.6014404296875,711325.0
2023-10-12,1684.9134828033132,1688.6096029097118,1651.264129109465,1660.864501953125,357591.0
2023-10-13,1657.4084520725626,1658.848508052029,1635.4716227570982,1646.6080322265625,554753.0
2023-10-16,1655.9683652605884,1663.6486636747445,1640.4637393986006,1648.528076171875,550814.0
2023-10-17,1660.8644232834995,1660.8644232834995,1635.5674654770996,1644.6397705078125,387186.0
2023-10-18,1649.29622201635,1659.7127216709264,1634.7517490051198,1652.8963623046875,406163.0
2023-10-19,1648.3841501945128,1648.3841501945128,1627.6952981711004,1638.351806640625,287138.0
2023-10-20,1637.823752708016,1637.823752708016,1615.2628745200684,1624.959228515625,332649.0
2023-10-23,1618.9588515035884,1642.815754588325,1605.4703979697165,1631.0552978515625,723756.0
2023-10-25,1636.8636772274735,1653.4243214692178,1616.2228742595023,1632.20751953125,364056.0
2023-10-26,1617.6630077781226,1625.1032975765088,1597.5502712644727,1613.15087890625,694676.0
2023-10-27,1612.862804341977,1643.19996222333,1610.7507689750212,1621.59912109375,360754.0
2023-10-30,1626.2551203466603,1629.951357666411,1605.230397451526,1609.4544677734375,579771.0
2023-10-31,1617.567070257989,1621.5032002363716,1599.0383011996569,1609.55078125,459147.0
2023-11-01,1609.0706904074632,1614.1108866298523,1592.7500550206782,1607.390625,250623.0
2023-11-02,1613.822686423178,1641.6637678665286,1605.9504275125687,1637.0555419921875,255983.0
2023-11-03,1645.6959445140494,1651.2642079059035,1628.223311981635,1643.6319580078125,283500.0
2023-11-06,1646.4160497367582,1669.504995487344,1633.0235752294263,1655.824462890625,551177.0
2023-11-07,1651.2641436790086,1660.816467865912,1625.3911855138822,1631.1993408203125,475127.0
2023-11-08,1643.5841049417893,1727.0113823051108,1624.3833560522824,1696.578125,2322242.0
2023-11-09,1702.14612726442,1712.9465468536612,1674.3050456565982,1680.5452880859375,468929.0
2023-11-10,1680.545451891063,1702.1462931750098,1662.2566927271623,1697.778076171875,189259.0
2023-11-13,1704.0663359109872,1710.7865975173968,1678.6253455438657,1707.37841796875,488247.0
2023-11-15,1713.6666109579212,1756.9642705190631,1708.866424372605,1753.7481689453125,672912.0
2023-11-16,1752.0201847131525,1779.861268970863,1749.524110942253,1768.3408203125,707768.0
2023-11-17,1768.5809927914008,1786.9178023509794,1753.4604025325937,1756.5325927734375,307038.0
2023-11-20,1756.5323133819904,1784.9974434784112,1744.2437887573594,1779.669189453125,386973.0
2023-11-21,1788.5495874345795,1815.670642638566,1785.9575334600488,1796.5179443359375,717092.0
2023-11-22,1787.5895085494542,1794.0217117839534,1760.948472640621,1771.2208251953125,292692.0
2023-11-23,1783.7493688881802,1802.374116630376,1773.572996572978,1799.3499755859375,179167.0
2023-11-24,1800.0699503488338,1803.4781296649824,1776.8370943998198,1796.9498291015625,167850.0
2023-11-28,1802.950128254056,1806.550268286512,1778.8051656646378,1800.406005859375,257084.0
2023-11-29,1805.8301765574568,1824.0708854115733,1788.5495050114532,1798.77392578125,527029.0
2023-11-30,1798.773974361682,1843.2716813560053,1790.5656082788207,1832.8072509765625,1324591.0
2023-12-01,1834.7754770731165,1851.91212100638,1822.1509619855408,1843.4637451171875,326619.0
2023-12-04,1857.624238358366,1881.5772407476184,1844.711782774448,1875.8170166015625,668617.0
2023-12-05,1886.473418514868,1908.314268525664,1855.9441834910856,1881.8172607421875,356762.0
2023-12-06,1874.952961799695,1899.6739237896293,1870.920851769423,1877.64111328125,263761.0
2023-12-07,1877.6410038895951,1881.673113684956,1845.959772893879,1878.697021484375,321470.0
2023-12-08,1881.673151387917,1888.5853732304788,1850.039968500336,1871.44873046875,253118.0
2023-12-11,1873.9930132250968,1929.6751826754328,1857.144309902523,1921.226806640625,562772.0
2023-12-12,1933.4672089999488,1938.699482966979,1762.196636427018,1851.6240234375,1063056.0
2023-12-13,1862.4723583927496,1894.1055404896608,1834.343218680409,1885.8492431640625,440298.0
2023-12-14,1892.2335363063487,1900.393853434002,1857.672193177466,1869.336669921875,738402.0
2023-12-15,1872.936774155435,1899.865749848514,1842.3115611389464,1849.5118408203125,740405.0
2023-12-18,1866.9845563212089,1890.793529078276,1852.872054389984,1882.5372314453125,348422.0
2023-12-19,1900.8739385737429,1903.4659925222472,1875.961016407137,1897.6578369140625,506932.0
2023-12-20,1900.8740097396587,1943.8356824345324,1816.9667194066767,1832.3753662109373,821439.0
2023-12-21,1824.311041586404,1871.1128641241423,1812.838641707825,1863.7685546875,321468.0
2023-12-22,1869.7206738003235,1944.0755151447163,1850.4718792303413,1932.6990966796875,1057329.0
2023-12-26,1932.699126152525,1963.180310620236,1924.058790397898,1946.1396484375,550809.0
2023-12-27,1944.0275994030867,1954.3960497366988,1895.4497325717325,1904.330078125,410225.0
2023-12-28,1910.474344823804,1927.3709789074512,1856.232234028555,1863.1925048828125,1136906.0
2023-12-29,1861.656355217193,1898.9537809135093,1859.5922515821376,1885.4652099609373,373649.0
2024-01-01,1886.473265793516,1895.497639714602,1867.800587469479,1879.7049560546875,231172.0
2024-01-02,1876.8730626236245,1887.0015037770115,1849.9920162024164,1882.4892578125,383818.0
2024-01-03,1881.6732302791088,1898.2338747802896,1868.2327072056864,1893.1456298828125,170039.0
2024-01-04,1898.0897257119,1926.8908447622807,1898.0897257119,1913.0662841796875,232609.0
2024-01-05,1920.0746104687144,1937.3552819629328,1907.354116174359,1918.53857421875,240305.0
2024-01-08,1922.71477611064,1931.5470727316165,1890.6495056258696,1924.202880859375,443494.0
2024-01-09,1929.6749587992365,1984.2531726562297,1927.7548842133665,1944.9395751953125,684150.0
2024-01-10,1944.939857233316,1972.6369137124605,1920.074864302188,1964.380615234375,464463.0
2024-01-11,1960.3963047539964,1983.8691715163664,1942.4436528556496,1954.3480224609373,459742.0
2024-01-12,1963.276251422698,1972.68466370976,1934.47513281992,1965.6282958984373,488499.0
2024-01-15,1972.5406988450247,2015.118450181111,1958.4762450545336,1963.9964599609373,1030582.0
2024-01-16,1967.980603732089,1972.588830202034,1924.010960429667,1939.0836181640625,191012.0
2024-01-17,1920.0747083179144,1943.1156048177293,1899.1458471204253,1929.5791015625,242049.0
2024-01-18,1921.9947980063373,1957.276171046664,1870.1527804776947,1949.6439208984373,345585.0
2024-01-19,1950.795924690801,2034.2230779133483,1950.123945412466,2028.0308837890625,700438.0
2024-01-23,2006.2862065736,2029.5190647904003,2001.774077667779,2013.91845703125,482656.0
2024-01-24,2001.677822892783,2090.001256804599,1960.44426665534,2084.049072265625,1066789.0
2024-01-25,2073.6806614733,2103.441819114815,2061.296273498704,2075.504638671875,434655.0
2024-01-29,2081.360917188891,2199.205498639508,2077.5688166381783,2165.028076171875,1135151.0
2024-01-30,2178.276873186014,2179.0449500044665,2120.002648242037,2146.259765625,326292.0
2024-01-31,2141.9393004256945,2214.566027964124,2102.529722629646,2202.181640625,962485.0
2024-02-01,2208.085986614504,2212.790076049727,2131.523005122109,2172.468505859375,328995.0
2024-02-02,2164.884436190738,2231.463126684894,2147.171792226006,2217.3984375,663252.0
2024-02-05,2218.646126976189,2279.032377396848,2199.493430350986,2256.279541015625,1055164.0
2024-02-06,2263.768232252603,2318.442316345575,2236.455214579987,2305.865966796875,646602.0
2024-02-07,2305.049815083969,2325.066688781187,2277.208730270376,2304.28173828125,572250.0
2024-02-08,2534.018548926905,2542.9469430304835,2328.5705589779154,2481.9365234375,4892636.0
2024-02-09,2495.9534678832392,2533.1068704665004,2444.8792878364725,2498.929443359375,1543145.0
2024-02-12,2518.1778697374693,2518.1778697374693,2449.583250662045,2464.94384765625,1134382.0
2024-02-13,2465.3279800261625,2468.688110906499,2405.9976221765355,2441.47119140625,437422.0
2024-02-14,2421.21448559398,2478.9606453329766,2419.3424594149374,2460.672119140625,501042.0
2024-02-15,2486.3045875112343,2540.9786635740734,2466.6718720681943,2528.1142578125,402747.0
2024-02-16,2534.498686002719,2540.59501712611,2489.0888710016784,2513.56982421875,351624.0
2024-02-19,2524.8981941628467,2564.787792358098,2497.729090672028,2552.499267578125,508687.0
2024-02-20,2564.259830042175,2572.420147734185,2517.266047386778,2524.226318359375,264511.0
2024-02-21,2530.654628052466,2555.111048859207,2504.796604574935,2520.939697265625,285288.0
2024-02-22,2517.7980813302206,2696.726032573718,2508.469954128075,2668.789794921875,1179771.0
2024-02-23,2672.8012413264914,2733.700510116209,2660.33148545041,2717.218994140625,951153.0
2024-02-26,2697.015662308292,2733.700170078098,2561.7323506672114,2642.399658203125,1848049.0
2024-02-27,2626.4016532878804,2704.603948932508,2625.628282082544,2662.2646484375,439505.0
2024-02-28,2667.9678302063444,2682.9026029254824,2609.9685295496847,2624.081787109375,409541.0
2024-02-29,2619.635260409841,2669.3212370007304,2570.915938896594,2647.329833984375,1010604.0
2024-03-01,2657.3347444231804,2671.2063388530887,2627.175153927244,2635.24658203125,431838.0
2024-03-04,2645.3962118380264,2715.3337928570813,2612.868366711531,2690.10400390625,932506.0
2024-03-05,2689.9590696999376,2705.61883273416,2672.8009442890407,2682.225830078125,278427.0
2024-03-06,2691.167719950374,2703.2509083481395,2618.7169695173257,2691.457763671875,292058.0
2024-03-07,2706.633897335845,2732.7335813458694,2682.612427097091,2694.0673828125,479478.0
2024-03-11,2729.6888994194123,2795.5179653276828,2690.925938337041,2702.62255859375,1183246.0
2024-03-12,2702.622453937651,2712.6271915055704,2655.304503276742,2667.677734375,287216.0
2024-03-13,2667.96786078542,2704.4107079157607,2563.56911840686,2586.720458984375,612537.0
2024-03-14,2574.588786435762,2660.1861323508874,2569.127280183593,2633.216552734375,762079.0
2024-03-15,2633.120050349,2645.831706214093,2589.185624290048,2617.363525390625,472475.0
2024-03-18,2615.5750481966897,2676.3291710704334,2575.893814733559,2622.244873046875,754044.0
2024-03-19,2622.534814187926,2642.0611964928057,2579.13210241125,2625.193115234375,431587.0
2024-03-20,2624.4684056013048,2709.1956245535007,2620.3117417736967,2700.640869140625,886440.0
2024-03-21,2740.4669801752675,2811.467744154812,2723.163949726799,2801.60791015625,857294.0
2024-03-22,2810.066073658528,2849.6989284985693,2776.7648562428835,2833.072509765625,568710.0
2024-03-26,2840.9509107545096,2885.4654245543743,2820.941197723887,2870.095703125,513559.0
2024-03-27,2888.365282757661,2911.565003904309,2848.925709608406,2869.37060546875,384326.0
2024-03-28,2886.8670181424304,2924.131618698025,2841.1441856319243,2906.0068359375,827120.0
2024-04-01,2924.131552652812,2937.664723475007,2880.728834915824,2903.251708984375,510013.0
2024-04-02,2927.0314384274084,2952.309373127528,2888.123573369052,2937.278076171875,345280.0
2024-04-03,2917.3166865896374,2960.622881894689,2872.754028465288,2947.524658203125,739575.0
2024-04-04,2948.2976635667646,2951.1976284817483,2895.2765439712466,2928.722900390625,452822.0
2024-04-05,2910.5981942934222,2938.1962416418546,2902.913334271642,2930.89794921875,310015.0
2024-04-08,2943.319495552725,2943.319495552725,2825.097544889225,2888.558349609375,1111709.0
2024-04-09,2888.3170448782844,2894.503779088236,2831.912861665901,2840.37109375,285172.0
2024-04-10,2841.095830100781,2907.408222089127,2841.095830100781,2900.88330078125,547302.0
2024-04-12,2929.9311929822293,2995.6637304691285,2915.721412225452,2958.157470703125,751185.0
2024-04-15,2938.6313778386184,2975.654313779105,2921.5216305031304,2941.144775390625,433380.0
2024-04-16,2919.298066636823,3028.7233641863054,2913.014809208631,3016.591796875,562240.0
2024-04-18,3015.96366207884,3055.7414217477,2987.737382697798,3019.878662109375,654035.0
2024-04-19,3020.7970226133725,3020.7970226133725,2924.904889127487,2936.939697265625,402676.0
2024-04-22,2938.9211048413604,3040.1298313594843,2937.6644062007863,3023.79345703125,365623.0
2024-04-23,3044.9633064546665,3081.696197135707,3014.030345881159,3053.80810546875,316601.0
2024-04-24,3086.529447266025,3154.002014171322,3075.4612946002712,3136.118896484375,663114.0
2024-04-25,3136.118956803285,3160.961943840859,3116.157388860824,3125.582275390625,339113.0
2024-04-26,3151.2955298880065,3158.062115381631,3098.129501009528,3132.7841796875,238555.0
2024-04-29,3142.6921738894166,3225.0027529749595,3138.7771739282666,3195.519775390625,527287.0
2024-04-30,3208.279719128817,3215.5296319769964,3156.128726574198,3166.230224609375,526043.0
2024-05-02,3164.8285498385067,3221.377868765065,3137.568925350785,3194.021484375,361820.0
2024-05-03,3199.628145356846,3362.4127578083285,3104.026057407569,3293.248779296875,1585260.0
2024-05-06,3317.704939942528,3317.704939942528,3249.6525207816308,3296.100341796875,511877.0
2024-05-07,3288.560191200412,3340.662799418297,3211.7111214765923,3259.8505859375,341624.0
2024-05-08,3263.524399686577,3350.426599367193,3238.2946070052208,3329.69189453125,353585.0
2024-05-09,3331.189968437686,3336.5547150143634,3271.547164731713,3284.79052734375,257217.0
2024-05-10,3284.548900885153,3317.36679208159,3272.1756692529825,3298.03369140625,320278.0
2024-05-13,3317.5596523038894,3410.261763806077,3290.154891195716,3395.23046875,1427509.0
2024-05-14,3404.5107177393825,3460.141763256251,3339.793209121483,3452.601806640625,415369.0
2024-05-15,3460.624799032399,3580.490015535197,3445.3032233295207,3560.383544921875,1317014.0
2024-05-16,3568.406861415606,3662.655722038123,3530.658937217612,3604.173095703125,927635.0
2024-05-17,3636.556486044406,3705.0922382315616,3600.1620159308754,3664.444580078125,700512.0
2024-05-21,3747.7215082994526,3759.321368526328,3610.843063222426,3624.08642578125,663444.0
2024-05-22,3661.640978744408,3661.640978744408,3559.707250106288,3609.780029296875,479447.0
2024-05-23,3639.262896361964,3653.956005586592,3590.4951974026985,3633.65625,266131.0
2024-05-24,3642.3562396093066,3645.207824815629,3580.490316218916,3590.011962890625,308558.0
2024-05-27,3608.039860989494,3749.364777668086,3581.1668042421857,3678.364013671875,2514197.0
2024-05-28,3678.46065812756,3720.65505401284,3611.906367710828,3704.511962890625,527402.0
2024-05-29,3717.271993093914,3731.191731407712,3634.6229863562894,3706.78369140625,1036254.0
2024-05-30,3755.503049434536,3769.954494463361,3467.7780475072414,3476.86474609375,3481626.0
2024-05-31,3472.950131151767,3475.125105139685,3344.8683296410554,3432.88232421875,2778125.0
2024-06-03,3528.2908130650635,3600.741559410105,3495.376162526792,3588.465087890625,1219845.0
2024-06-04,3588.464924368227,3595.9565004107494,2998.7086308015,3137.665283203125,1891496.0
2024-06-05,3150.328599171753,3317.559911739017,3054.629755563897,3290.59033203125,1250711.0
2024-06-06,3339.3582715239045,3449.991895503664,3298.4203354948063,3388.416015625,1005234.0
2024-06-07,3364.152364580133,3498.324113048707,3364.152364580133,3486.289306640625,549839.0
2024-06-10,3503.8344124526247,3518.624281495125,3386.675870939058,3425.873779296875,1386803.0
2024-06-11,3426.115522610674,3496.342917218072,3426.115522610674,3446.705322265625,397111.0
2024-06-12,3451.586615075385,3595.7633513339824,3448.058418690813,3552.312255859375,941192.0
2024-06-13,3610.021577650946,3627.228084328488,3560.8186951854013,3588.706787109375,978790.0
2024-06-14,3603.496971574439,3742.695307619808,3593.05704917108,3698.035888671875,1397955.0
2024-06-18,3721.573343342337,3721.573343342337,3610.4563990897145,3698.277099609375,548966.0
2024-06-19,3731.288378661562,3837.427147099089,3634.6228766236977,3665.072509765625,1769573.0
2024-06-20,3663.622541123485,3745.6914582648415,3643.081121862568,3728.388427734375,610293.0
2024-06-21,3756.373322797718,3807.6060428815786,3721.622119299282,3769.906494140625,908528.0
2024-06-24,3729.4034113309376,3963.285543976113,3688.078909622406,3907.702880859375,2042932.0
2024-06-25,3953.570629432358,4032.787960672245,3833.4637438783625,3873.193359375,1214055.0
2024-06-26,3894.652965457273,3906.9294366641993,3846.7067834210648,3865.943359375,520613.0
2024-06-27,3844.773594947732,4015.823390105983,3813.7924902534014,3967.297119140625,2074872.0
2024-06-28,3966.766014379569,3966.766014379569,3822.4443588715503,3834.575927734375,651880.0
2024-07-01,3828.002188382667,3871.4532835284335,3782.1825996818775,3852.8935546875,471217.0
2024-07-02,3869.519995799544,3913.067851096116,3755.6963686435615,3804.802490234375,650017.0
2024-07-03,3818.287307802365,3845.353648212104,3779.621107217025,3825.97216796875,401559.0
2024-07-04,3841.438507141327,3977.737095199387,3819.592246212682,3928.77587890625,1127996.0
2024-07-05,3957.4856546417664,4011.521575897571,3910.457982285852,3996.15185546875,574786.0
2024-07-08,4005.818468511514,4015.485018869891,3828.727313145997,3867.44189453125,937986.0
2024-07-09,3850.380157282061,3914.9527586242593,3836.025472100293,3852.8935546875,432053.0
2024-07-10,3865.653226778989,3905.2860805669206,3794.894130142924,3898.27783203125,333049.0
2024-07-11,3898.277738517898,3921.525837199182,3842.501795261586,3863.043212890625,278392.0
2024-07-12,3856.953347564605,3864.686587359221,3810.7471925918258,3822.2021484375,669534.0
2024-07-15,3837.6203072439575,3852.12013208241,3736.4599570209166,3761.061279296875,898925.0
2024-07-16,3817.320601162279,3817.320601162279,3729.354996020276,3740.0849609375,377594.0
2024-07-18,3725.488379617717,3731.2883096326896,3634.622809383138,3670.244140625,826073.0
2024-07-19,3689.679468389575,3725.7321342247,3449.4083949746787,3458.980224609375,1375041.0
2024-07-22,3444.938106359114,3565.1951135980253,3402.568673959398,3509.75537109375,1311522.0
2024-07-23,3546.974566811401,3586.720022536977,3310.882156451206,3475.889404296875,894196.0
2024-07-24,3475.8893284836263,3555.671817800699,3401.2084145388912,3441.391357421875,833741.0
2024-07-25,3380.0725313259263,3546.002922966522,3354.6121028696234,3508.783935546875,1111742.0
2024-07-26,3526.567381934401,3639.195878813666,3521.757148717288,3613.200927734375,550113.0
2024-07-29,3624.7165208674623,3699.7860520302,3591.676209417196,3670.389892578125,667727.0
2024-07-30,3673.305322784439,3723.8862014647407,3651.8776609516326,3699.98046875,322462.0
2024-07-31,3709.989809386088,3758.772811751181,3694.927313925284,3743.61328125,386818.0
2024-08-01,3741.329222512901,3755.857193732246,3683.168464244959,3707.317138671875,337985.0
2024-08-02,3595.2717973654435,3597.895539406857,3373.610316393681,3411.75244140625,4800901.0
2024-08-05,3334.739067321714,3425.5026453512355,3264.236830674593,3399.16748046875,1442742.0
2024-08-06,3411.606450075981,3495.033331033423,3402.1802910639167,3422.684814453125,1367913.0
2024-08-07,3463.4020081071712,3708.0947114609344,3354.563336696396,3642.742919921875,3498089.0
2024-08-08,3595.562992144545,3661.157722406642,3559.6073622231,3623.258544921875,993412.0
2024-08-09,3653.432359957904,3716.063136021765,3596.6806257819467,3610.237060546875,644934.0
2024-08-12,3580.9866101202583,3669.952552863642,3547.023161769962,3647.650390625,716376.0
2024-08-13,3629.721034706583,3648.5735899217134,3557.0325398497102,3600.616455078125,417701.0
2024-08-14,3619.857521103912,3631.3244997615984,3559.2189289387647,3619.322998046875,432049.0
2024-08-16,3624.7166192825016,3663.8791546029306,3579.5777694225667,3655.230224609375,419710.0
2024-08-19,3674.2770263408015,3697.113712434165,3614.998819885687,3648.865234375,562243.0
2024-08-20,3673.305101920924,3735.498627456093,3619.5659613132975,3721.45654296875,545141.0
2024-08-21,3736.4218484674248,3751.9702301979214,3693.129275636674,3725.1494140625,522503.0
2024-08-22,3730.639691890266,3734.721094480992,3694.87836789399,3707.997314453125,181744.0
2024-08-23,3707.317264066328,3743.953091021492,3673.305179074894,3714.071044921875,355889.0
2024-08-26,3741.3293855462703,3818.099520989947,3713.3908868879694,3751.484375,812751.0
2024-08-27,3746.139331212039,3749.103288726891,3646.872733280446,3662.226806640625,704348.0
2024-08-28,3673.3050207170495,3678.163889792073,3618.1082205749008,3631.5673828125,669653.0
2024-08-29,3631.5189063943617,3644.103330402269,3586.865945080858,3629.4296875,338528.0
2024-08-30,3629.5755495185217,3665.0452971911927,3616.116385981288,3639.001708984375,632373.0
2024-09-02,3663.4901594392495,3707.317255180095,3639.001505754011,3697.016357421875,465810.0
2024-09-03,3730.542373162,3734.3810694996014,3706.831187168638,3723.1083984375,468471.0
2024-09-04,3692.740670179429,3772.9120136767447,3689.0478820593535,3760.8134765625,374494.0
2024-09-05,3762.708357669963,3785.787986671684,3703.089936906781,3732.923583984375,746864.0
2024-09-06,3731.611588149508,3751.04706517112,3646.192761539313,3659.360107421875,440240.0
2024-09-09,3658.728583873971,3658.728583873971,3557.907045872132,3567.819091796875,496595.0
2024-09-10,3611.694999482656,3658.728761705449,3573.892852131544,3638.564453125,385377.0
2024-09-11,3640.265027790011,3753.865301749974,3640.265027790011,3690.214111328125,393675.0
2024-09-12,3717.034775405448,3723.982863157728,3644.151740593576,3714.945556640625,676639.0
2024-09-13,3739.385509300193,3739.385509300193,3662.469709433575,3677.775146484375,523385.0
2024-09-16,3702.4583068981415,3724.128910842479,3668.6405300309098,3709.94091796875,383239.0
2024-09-17,3673.353753493774,3742.446731208566,3673.353753493774,3737.3935546875,190892.0
2024-09-18,3740.357614644909,3756.926406529644,3637.155277403901,3657.7568359375,208050.0
2024-09-19,3692.740389083316,3719.123952489746,3508.686528800895,3622.578369140625,513980.0
2024-09-20,3633.4137330577614,3723.885971999397,3573.989857945102,3706.39404296875,686932.0
2024-09-23,3716.986293435538,3773.397812169606,3690.699763673208,3756.683349609375,512848.0
2024-09-24,3754.5940300738,3781.852334665391,3729.813796308623,3744.1474609375,403762.0
2024-09-25,3752.9902515646777,3816.155545803855,3637.883697435636,3657.46484375,698850.0
2024-09-26,3657.756725594286,3697.59945294534,3624.716415108048,3687.104248046875,283237.0
2024-09-27,3687.152736812708,3768.538792478008,3673.547903626866,3755.71142578125,361709.0
2024-09-30,3755.079790829661,3766.498133455418,3654.8414140829054,3698.619873046875,429408.0
2024-10-01,3712.17604353682,3781.852179940745,3686.958560010332,3766.44970703125,301686.0
2024-10-03,3760.715914215524,3760.764550354697,3559.413069423841,3578.70263671875,560379.0
2024-10-04,3579.820172291419,3602.3652757444893,3506.0624026342216,3521.22216796875,486955.0
2024-10-07,3479.290595983636,3552.805192777952,3426.474592378298,3489.639892578125,514843.0
2024-10-08,3498.3857540329486,3619.857481603537,3489.834096962086,3603.62890625,265947.0
2024-10-09,3619.226013449837,3717.034956020226,3601.005253861502,3655.618896484375,322648.0
2024-10-10,3658.728657017088,3703.430255482636,3641.285363326625,3675.88037109375,186298.0
2024-10-11,3595.5628572536416,3631.5184858261778,3464.3734016511435,3512.135986328125,1851770.0
2024-10-14,3512.1364067757054,3581.958453626961,3488.182275988599,3564.272216796875,613526.0
2024-10-15,3576.1279372581125,3604.30938024194,3545.6143318236936,3565.487060546875,272730.0
2024-10-16,3568.2561598476964,3737.539347435066,3568.2561598476964,3691.185546875,1063163.0
2024-10-17,3726.752469774703,3726.752469774703,3578.168352776559,3587.788818359375,306393.0
2024-10-18,3582.9787396449087,3610.62565759905,3537.2567335918566,3605.378173828125,200159.0
2024-10-21,3606.98166542674,3632.830945293287,3468.1152741705464,3478.270263671875,470459.0
2024-10-22,3478.270313997088,3525.304075130844,3428.418266247168,3441.43994140625,312283.0
2024-10-23,3441.439657925582,3460.340848231296,3297.325792452097,3323.369140625,507633.0
2024-10-24,3342.901891994565,3362.1916969397266,3260.835641543604,3301.212890625,273625.0
2024-10-25,3301.2131777849645,3332.212669987121,3217.7376582547854,3275.023681640625,267615.0
2024-10-28,3275.023521608147,3344.699895940645,3234.160621315546,3322.592041015625,576259.0
2024-10-29,3328.2281682749845,3388.526783195461,3288.482712658308,3376.185302734375,445323.0
2024-10-30,3373.027190445122,3442.849239719299,3350.7250269988176,3412.384033203125,439545.0
2024-10-31,3442.6544029339416,3493.526856932593,3363.843689067423,3401.79150390625,695092.0
2024-11-01,3430.361735520172,3430.361735520172,3388.526823278733,3400.965576171875,42900.0
2024-11-04,3415.736555086146,3415.736555086146,3346.7406095449405,3377.64306640625,599036.0
2024-11-05,3391.3448888353414,3406.9903046564627,3308.938423193912,3386.09716796875,491406.0
2024-11-06,3305.0027288671818,3530.405616718889,3305.0027288671818,3509.706787109375,884916.0
2024-11-07,3536.7708902480226,3553.776932445945,3436.483877422166,3454.21875,402270.0
2024-11-08,3499.308944991087,3587.7403640088824,3380.3152863011023,3552.173583984375,2259037.0
2024-11-11,3542.1156732935524,3542.1156732935524,3402.617490068269,3500.28076171875,837743.0
2024-11-12,3500.2808414187903,3540.6580931420644,3359.422266499826,3382.11328125,743826.0
2024-11-13,3382.113209340784,3397.224102889016,3219.8269766022245,3232.16845703125,789671.0
2024-11-14,3241.886086350062,3283.6237242977986,3180.6643359414325,3235.8125,709817.0
2024-11-18,3206.853888113533,3272.934513686781,3177.8949782800646,3257.920654296875,897540.0
2024-11-19,3281.6802270683456,3310.104611623201,3197.670426833887,3208.068359375,427254.0
2024-11-21,3199.1281675592727,3216.571460810753,3152.6773298293915,3189.604736328125,509750.0
2024-11-22,3192.228492673853,3244.7529172356344,3170.9467400481994,3225.7060546875,847791.0
2024-11-25,3304.031059649757,3448.8253619697016,3266.7150390523248,3436.046630859375,977534.0
2024-11-26,3440.079297767184,3456.0162933994256,3354.85478182324,3365.447021484375,337367.0
2024-11-27,3420.6437091577736,3420.6437091577736,3328.616779545949,3401.888427734375,367758.0
2024-11-28,3404.123874691428,3414.521807675216,3341.9789830072905,3382.98779296875,343777.0
2024-11-29,3389.54732751966,3414.813448653694,3362.337658606085,3385.36865234375,431448.0
2024-12-02,3401.208246970664,3401.208246970664,3318.801782565597,3333.18408203125,559721.0
2024-12-03,3339.792450501087,3447.80502017274,3338.091846245576,3413.161376953125,685485.0
2024-12-04,3435.220418634403,3477.832795106217,3418.2143769579952,3445.229736328125,484852.0
2024-12-05,3482.8372204878674,3482.8372204878674,3338.091563699012,3359.13037109375,554598.0
2024-12-06,3375.942498224432,3399.119400430689,3358.01331738065,3367.196533203125,250689.0
2024-12-09,3372.0066103332806,3418.7003910953217,3362.3375080130227,3410.10009765625,185203.0
2024-12-10,3411.946666200508,3447.4650483124947,3403.686588372115,3426.6689453125,241848.0
2024-12-11,3428.321057336938,3544.8368906509963,3417.7774528395635,3502.759033203125,554451.0
2024-12-12,3502.7587581965504,3541.338131665065,3486.8217623391115,3509.658447265625,342086.0
2024-12-13,3508.1038297912746,3527.490671927065,3429.147199273119,3498.288818359375,280895.0
2024-12-16,3517.723912561552,3578.071160936116,3496.199217614859,3567.770263671875,385473.0
2024-12-17,3580.0146932847083,3586.817109911471,3418.700241850056,3443.917724609375,456521.0
2024-12-18,3440.1280034792426,3451.2061302708807,3401.2570501759915,3426.76611328125,324397.0
2024-12-19,3358.741848893861,3381.772840617137,3246.6962817534063,3262.876220703125,863891.0
2024-12-20,3262.8765303277905,3311.076610518276,3210.789591798833,3219.3896484375,639822.0
2024-12-23,3248.640168270525,3303.010870869905,3207.9229365024967,3265.451904296875,273118.0
2024-12-24,3265.1598064947684,3301.0181630413144,3236.638151975755,3281.874267578125,309606.0
2024-12-26,3299.1723300808826,3304.0311994919,3088.3946699307367,3269.290283203125,2207146.0
2024-12-27,3252.963959799147,3302.135805962366,3196.163832123581,3204.569580078125,342055.0
2024-12-30,3182.267756169764,3210.060582978896,3110.648071391739,3130.034912109375,2494608.0
2024-12-31,3130.0347551093937,3214.627711347931,3130.0347551093937,3181.58740234375,540344.0
2025-01-01,3181.587592260292,3181.587592260292,3131.055351943391,3139.3154296875,254916.0
2025-01-02,3139.3153812081155,3181.5875431281133,3102.6309188522555,3165.504638671875,924230.0
2025-01-03,3182.559275196256,3205.881846983953,3109.6762383597,3126.09912109375,720321.0
2025-01-06,3146.554882846429,3148.498430418378,3062.8366660845045,3086.5478515625,956388.0
2025-01-07,3086.54817383,3136.8374725049057,3063.0799293481714,3075.178466796875,554853.0
2025-01-08,3124.252953894081,3124.252953894081,3033.732313908885,3074.59521484375,448082.0
2025-01-09,3074.789506021757,3083.1466181632964,3001.2260412239502,3020.7587890625,762592.0
2025-01-10,3017.3578895935266,3025.5693314083856,2904.534847517628,2914.787109375,632659.0
2025-01-13,2869.2596622704023,2904.2435220635816,2773.1024467337293,2792.24658203125,597634.0
2025-01-14,2792.2462245409083,2866.732588247629,2792.2462245409083,2857.93798828125,331376.0
2025-01-15,2878.3940982261324,2881.2607835884487,2759.934962682381,2806.7744140625,677709.0
2025-01-16,2808.426443761766,2856.237670025739,2805.0252352658613,2842.389892578125,585735.0
2025-01-17,2842.389851898709,2876.401936370991,2825.9183327255982,2852.399169921875,226368.0
2025-01-20,2875.4787253094105,2875.4787253094105,2824.800815638435,2860.221923828125,227986.0
2025-01-21,2861.8737010744526,2889.08336614409,2818.1438822125338,2821.836669921875,403269.0
2025-01-22,2842.4382060711964,2842.4382060711964,2743.0257044397395,2802.3525390625,619181.0
2025-01-23,2802.3529688768767,2854.099928770312,2772.4709216144706,2807.50341796875,256027.0
2025-01-24,2809.398279065689,2822.7115337338146,2720.918220094198,2724.902587890625,269838.0
2025-01-27,2735.494709156801,2740.207907155949,2623.789354282697,2696.86669921875,454728.0
2025-01-28,2707.653519761109,2733.259618302713,2628.842565799323,2662.271728515625,622614.0
2025-01-29,2672.280956045548,2785.2983082065057,2663.7295355144647,2768.486572265625,537445.0
2025-01-30,2769.9442923302863,2794.2872765259444,2740.402460001696,2772.42236328125,428601.0
2025-01-31,2772.422130866216,2859.930412655081,2757.6998520821026,2831.797607421875,415544.0
2025-02-01,2861.436800936762,2911.871769970667,2659.55077912124,2718.48876953125,1121092.0
2025-02-03,2711.2489311446043,2714.6501394811658,2585.501494972666,2624.469482421875,1133967.0
2025-02-04,2633.992889334781,2783.111531745955,2628.793804596242,2772.95654296875,1731462.0
2025-02-05,2779.273146828717,2889.0835893432777,2776.309189204757,2838.697021484375,1117642.0
2025-02-06,2980.4303987221133,3002.781197277903,2841.612409313861,2881.40673828125,2266222.0
2025-02-07,2905.312162446613,2905.312162446613,2746.378505628363,2790.837158203125,1103565.0
2025-02-10,2795.210350947424,2891.9991262833137,2788.9910928874697,2808.815185546875,1127133.0
2025-02-11,2798.708656822023,2802.5957521787204,2713.1925589746834,2756.2421875,813128.0
2025-02-12,2745.2611885268752,2750.363001355111,2652.019532954062,2731.55908203125,460427.0
2025-02-13,2740.402102992603,2789.7682592481774,2705.272575189131,2722.22998046875,398078.0
2025-02-14,2738.563550076725,2743.3559407758426,2637.0410392849794,2674.794189453125,420649.0
2025-02-17,2640.757755027582,2673.229247073384,2578.895559469991,2661.737060546875,507208.0
2025-02-18,2660.3189409274933,2664.964718489775,2615.426154312861,2657.384765625,661971.0
2025-02-19,2640.7576263429755,2670.686308288376,2608.775165069578,2631.2705078125,908689.0
2025-02-20,2637.823613385066,2762.477113839625,2616.9419701719653,2756.755615234375,438545.0
2025-02-21,2738.563451256664,2797.5404190529835,2735.629276130317,2773.920166015625,627587.0
2025-02-24,2738.563437477995,2777.685772299109,2707.314520296387,2770.5458984375,305219.0
2025-02-25,2770.546185490777,2783.6033616036766,2709.221967061701,2726.9736328125,379168.0
2025-02-27,2705.652165365631,2759.005064298435,2705.652165365631,2749.468994140625,496668.0
2025-02-28,2738.563709884814,2743.4540022238943,2642.176000124786,2658.31396484375,826862.0
2025-03-03,2665.160347527544,2774.3607176399664,2633.960378229024,2762.819580078125,697974.0
2025-03-04,2720.9587200891265,2813.042831439869,2697.631929581308,2798.3232421875,614448.0
2025-03-05,2798.323247043309,2846.150211789757,2760.9125097233928,2840.23291015625,541007.0
2025-03-06,2857.8865995533847,2983.078072771329,2848.741658144653,2907.865478515625,1201264.0
2025-03-07,2918.2329829142336,2924.68826427165,2828.1539419083497,2835.4404296875,280406.0
2025-03-10,2829.5229806012844,2870.55248315086,2780.179981565324,2801.599365234375,434718.0
2025-03-11,2779.641912422018,2826.588714602263,2747.3170352474044,2812.162353515625,344048.0
2025-03-12,2812.162149866616,2828.6912397570727,2719.980154344512,2756.90185546875,301503.0
2025-03-13,2757.8803768845823,2827.078013790189,2747.317297628449,2773.040283203125,382212.0
2025-03-17,2768.883313819258,2809.423786499734,2755.2883976541834,2799.301025390625,205971.0
2025-03-18,2799.301025390625,2799.301025390625,2799.301025390625,2799.301025390625,0.0
2025-03-19,2874.56261135453,2947.96594262059,2866.004600285824,2936.326904296875,256853.0
2025-03-20,2958.8221215109147,2962.4898403839657,2883.3160634011288,2924.9814453125,249139.0
2025-03-21,2924.394566153944,2963.4190001352604,2859.8427128542253,2873.291015625,764045.0
2025-03-24,2880.3819234087423,3011.392795394125,2880.3819234087423,2989.19091796875,630555.0
2025-03-25,3012.4199103375527,3017.310202399789,2881.8980629532243,2897.498046875,349961.0
2025-03-26,2908.745741218814,3002.639349543295,2885.8103190254783,2939.0166015625,620642.0
2025-03-27,2939.0166234267413,2988.946553898327,2911.4843742111243,2938.429931640625,731950.0
2025-03-28,2952.758139073874,3011.441639684816,2935.299702128609,2984.887451171875,444898.0
2025-04-01,2985.621193298724,3010.463781361092,2927.817845842894,2944.0537109375,209326.0
2025-04-02,2945.6187554353583,2992.2233865271783,2900.921529457725,2984.594482421875,393120.0
2025-04-03,2940.287995977184,2970.363291071171,2900.1876025185343,2966.20654296875,221736.0
2025-04-04,2953.7365234364106,2963.468157271767,2769.8615345602366,2782.52734375,541390.0
2025-04-07,2523.3908140992394,2679.4400883635712,2523.3908140992394,2651.760986328125,670595.0
2025-04-08,2771.035185238391,2771.035185238391,2677.973018144441,2685.74853515625,668259.0
2025-04-09,2677.923821663453,2728.4404410472803,2630.9770198227498,2720.42041015625,320068.0
2025-04-11,2738.5636210124253,2789.4226596883705,2691.7147174379106,2753.185546875,678895.0
2025-04-15,2836.3694724491056,2874.904879423343,2788.4446089491034,2856.615234375,508807.0
2025-04-16,2870.6013232919345,2883.316082134454,2823.6545214118623,2831.968017578125,184784.0
2025-04-17,2826.588584787401,2854.9522764686585,2769.4700736048603,2827.76220703125,468043.0
2025-04-21,2827.7624595956886,2881.3601088338096,2827.7624595956886,2850.649169921875,322569.0
2025-04-22,2851.040370314928,2873.535714574702,2808.494827910571,2832.9462890625,229160.0
2025-04-23,2836.369290715445,2907.376424334456,2797.2469556710944,2900.8232421875,379894.0
2025-04-24,2900.823196129892,2900.823196129892,2828.0557496162724,2871.4814453125,557806.0
2025-04-25,2873.5358445801057,2890.162838915661,2736.705557296912,2798.3232421875,524622.0
2025-04-28,2787.466556681065,2873.6336008414623,2787.466556681065,2856.517578125,267267.0
2025-04-29,2837.5430080632923,2892.998872089588,2821.6985095963205,2836.271484375,314864.0
2025-04-30,2836.2716243853147,2864.5376570673266,2807.907929127869,2831.870361328125,306927.0
2025-05-02,2835.391075137996,2896.715284163288,2817.7860253441067,2821.111328125,239237.0
2025-05-05,2836.271454638319,2898.7695295802714,2826.6866733588954,2875.687255859375,443632.0
2025-05-06,2758.124702895748,2758.124702895748,2651.5163367199902,2729.076416015625,2160557.0
2025-05-07,2699.44125239032,2799.692240930178,2699.245688462124,2781.109130859375,681942.0
2025-05-08,2787.5642270458065,2787.5642270458065,2692.39910087142,2709.90625,581634.0
2025-05-09,2652.4946057173142,2704.331705312822,2646.6262548197096,2676.261474609375,630999.0
2025-05-12,2717.535456802824,2820.720625308384,2717.535456802824,2800.08349609375,583411.0
2025-05-13,2800.0832282076058,2845.562942676512,2787.4663706749066,2816.22119140625,356527.0
2025-05-14,2817.29713873478,2855.930444403943,2793.823737821871,2808.983642578125,362951.0
2025-05-15,2831.4792689489827,2889.5758465185586,2812.9940593906103,2884.489990234375,669873.0
2025-05-16,2887.0327998848647,2976.2316771887763,2873.242081088944,2968.994140625,514592.0
2025-05-19,2963.516986612832,2996.3798447501745,2915.8855897332724,2928.40478515625,758624.0
2025-05-20,2948.8460198257385,2957.942010529221,2872.6553674306538,2884.978759765625,794742.0
2025-05-21,2909.7239353317664,2941.999864698472,2881.9471704206085,2915.494384765625,622452.0
2025-05-22,2918.5263250419816,2952.6604683836804,2891.140689284215,2912.1689453125,562965.0
2025-05-23,2924.394604462117,2943.1732779112704,2861.9944310315527,2875.8828125,504260.0
2025-05-26,2896.030784136946,2907.9630482905145,2851.627030410397,2879.99072265625,338056.0
2025-05-27,2896.5198767450606,2920.091179089421,2857.006413919725,2908.647705078125,500719.0
2025-05-28,2923.4166629888205,2957.061777648207,2894.368375218391,2910.7998046875,691220.0
2025-05-29,2934.2730605088286,3137.317838252199,2934.2730605088286,3099.858154296875,4080348.0
2025-05-30,3119.0283056248186,3216.9320491135777,3115.3116358670018,3196.392822265625,2900183.0
2025-06-02,3195.316737096231,3252.0441233073057,3151.891040406784,3246.46923828125,1201170.0
2025-06-03,3251.0663322981427,3285.6895063885177,3224.854317722612,3245.784912109375,824615.0
2025-06-04,3248.1320055391743,3302.903276936402,3246.175888703559,3273.463623046875,1022651.0
2025-06-05,3281.385921223753,3305.837381143453,3252.044169320113,3275.713134765625,483101.0
2025-06-06,3296.0569367577614,3333.516622697852,3276.0067387745166,3309.84765625,563840.0
2025-06-09,3325.398560387522,3344.4706991897447,3310.7276843858126,3336.939697265625,165645.0
2025-06-10,3343.9818989972346,3343.9818989972346,3303.588036549457,3314.3466796875,258372.0
2025-06-11,3315.618196578615,3328.6264219207733,3287.25450109166,3299.28466796875,297427.0
2025-06-12,3311.705582351627,3315.6178157625563,3239.329264249436,3249.598876953125,385374.0
2025-06-13,3183.5800792313776,3250.088050164629,3176.83157181196,3237.373291015625,359883.0
2025-06-16,3242.1657584804134,3274.4416863158835,3203.14132306559,3235.026123046875,433939.0
2025-06-17,3247.1539173215365,3266.1281549393566,3221.235369487494,3243.730712890625,667500.0
2025-06-18,3222.213410394515,3239.622897733918,3187.296773145632,3205.8798828125,402785.0
2025-06-19,3201.9676868355778,3239.329470532424,3153.65145786352,3166.2685546875,409828.0
2025-06-20,3166.268710040762,3234.3414357955826,3141.719347105831,3199.71826171875,619032.0
2025-06-23,3164.410096386456,3201.087286902697,3147.9789060622134,3189.3505859375,220281.0
2025-06-24,3217.812311165692,3265.737175374543,3208.3251919260065,3239.134033203125,391095.0
2025-06-25,3261.8244710580543,3264.7586459945383,3206.564176420939,3246.07763671875,265673.0
2025-06-26,3247.055989085134,3318.5521536923457,3242.45916235844,3290.775390625,835384.0
2025-06-27,3305.837511287261,3354.740433051865,3252.533326563842,3263.9765625,1274146.0
2025-06-30,3303.2942393235617,3344.764057431603,3286.471683136693,3324.8115234375,421940.0
2025-07-01,3352.784214995993,3375.0839944044164,3265.54145295764,3274.8330078125,429888.0
2025-07-02,3284.3202017663552,3293.9052221190973,3239.720641928672,3264.759033203125,211985.0
2025-07-03,3269.6492373251463,3308.7715733984355,3245.491242556648,3259.770751953125,287404.0
2025-07-04,3259.7709591827443,3294.883401310957,3244.806855710447,3268.67138671875,230777.0
2025-07-07,3276.886747580114,3366.9660211765217,3257.2279171319706,3360.70654296875,626858.0
2025-07-08,3379.191911729195,3406.577548061588,3339.0915156710485,3401.687255859375,690654.0
2025-07-09,3418.314042281313,3476.997545153096,3402.567206830538,3446.579833984375,948964.0
2025-07-10,3467.217117679406,3467.217117679406,3426.3342277452143,3441.689697265625,364230.0
2025-07-11,3441.7874772460573,3490.6903967863536,3419.292134257521,3468.586181640625,791838.0
2025-07-14,3488.7344992564167,3488.7344992564167,3388.97253712461,3446.482421875,405403.0
2025-07-15,3454.5025210685203,3505.361561582553,3424.1827084543856,3498.026123046875,860744.0
2025-07-16,3511.2297019959774,3520.032227711288,3474.259046234916,3489.3212890625,389532.0
2025-07-17,3501.3511693995583,3525.900530744332,3469.7600741178403,3506.143798828125,494777.0
2025-07-18,3513.7458757771624,3523.8161304451323,3466.356215187867,3491.038330078125,391491.0
2025-07-21,3491.137043990573,3585.817537285786,3470.3052432707977,3571.896728515625,426607.0
2025-07-22,3581.868519033972,3581.868519033972,3510.3892106033736,3541.78466796875,352113.0
2025-07-23,3542.772046169988,3579.00558467755,3502.984668676266,3570.416015625,630663.0
2025-07-24,3570.415835143632,3586.804855478024,3509.7966587460432,3518.385986328125,433746.0
2025-07-25,3517.793871274196,3533.590424948736,3475.2418083988905,3490.14990234375,395036.0
2025-07-28,3490.93956678154,3528.555206952315,3437.231380247478,3484.522216796875,370703.0
2025-07-29,3470.0092004767544,3523.322569876401,3470.0092004767544,3490.24853515625,561592.0
2025-07-30,3494.000080700888,3544.351593590332,3443.9448013886345,3536.3544921875,479098.0
2025-07-31,3480.1783459110443,3551.164014906743,3457.4707992568733,3510.29052734375,610344.0
2025-08-01,3514.63435706369,3571.2058129465267,3494.493847604173,3523.322509765625,459708.0
2025-08-04,3523.3225216787496,3534.478885922577,3465.4677884471485,3521.44677734375,507506.0
2025-08-05,3520.657005500183,3558.3712303187544,3449.7699205585136,3545.832763671875,634486.0
2025-08-06,3591.741261700125,3625.901404198973,3554.02703937496,3589.470458984375,899245.0
2025-08-07,3587.989715349791,3667.762360798644,3527.4691199778085,3627.28369140625,545750.0
2025-08-08,3731.935792982802,3850.50877001563,3611.4870716219816,3758.49365234375,3620871.0
2025-08-11,3758.493555890696,3773.7964668184136,3712.190005691657,3744.079345703125,658493.0
2025-08-12,3746.25145251306,3760.073437052573,3702.613520959853,3712.09130859375,566377.0
2025-08-13,3718.015030369801,3775.376362841078,3713.1774321771168,3743.882080078125,557455.0
2025-08-14,3759.2836171947424,3774.389120159636,3723.050319676167,3736.378662109375,373609.0
2025-08-18,3769.748857826477,3801.736782633886,3729.763831299075,3735.29248046875,442925.0
2025-08-19,3748.719554193493,3748.719554193493,3686.02698329771,3704.291748046875,433016.0
2025-08-20,3708.734351732584,3787.223472180538,3682.0776693162975,3769.84716796875,559993.0
2025-08-21,3789.59319929542,3850.410028467263,3765.503550916446,3836.88427734375,702208.0
2025-08-22,3854.359127617467,3882.003096770461,3825.7278738518658,3866.20654296875,558580.0
2025-08-25,3880.818176156696,3880.818176156696,3820.9886357222094,3831.15771484375,307872.0
2025-08-26,3830.664411226867,3831.7505207476574,3766.490909492396,3787.717529296875,464841.0
2025-08-28,3787.8159367183216,3807.956444782312,3729.269915688774,3786.43359375,678197.0
2025-08-29,3805.982184918883,3854.260306102952,3771.229814732068,3777.54833984375,430848.0
2025-09-01,3777.350748038903,3857.419622724701,3766.095800405412,3830.762939453125,322056.0
2025-09-02,3850.4098466821847,3862.1584367229366,3772.216956464509,3777.74560546875,426290.0
2025-09-03,3827.702410156632,3849.422671447178,3743.783218806796,3835.798095703125,495601.0
2025-09-04,3859.196438880488,3909.1531329787226,3822.370918397186,3885.55712890625,554427.0
2025-09-05,3898.786766906047,3923.863698569384,3852.48321698784,3886.741943359375,273518.0
2025-09-08,3907.178699903504,3942.7209445520257,3878.4486223981057,3916.1630859375,353699.0
2025-09-09,3919.5196448009488,3977.5720242712487,3901.945931687535,3960.985595703125,680881.0
2025-09-10,4012.324483304085,4042.930304904092,3960.985685781494,3970.16748046875,600890.0
2025-09-11,3964.9348995996825,4007.289311948326,3946.176492455162,3988.33349609375,438738.0
2025-09-12,3994.553346944893,4005.7097107281415,3966.218328158247,3979.151611328125,362283.0
2025-09-15,4008.276625649881,4027.133857804541,3988.629758649264,3999.29248046875,339900.0
2025-09-16,4008.375535434657,4066.3293351429975,3983.9896536603287,4058.72705078125,485082.0
2025-09-17,4062.675940566368,4087.358054421571,4023.184558398044,4072.943603515625,362468.0
2025-09-18,4084.396494554968,4115.693610003622,4040.561153609501,4048.854248046875,258901.0
2025-09-19,4052.803411626584,4069.587250359264,4013.706843811238,4028.51611328125,421987.0
2025-09-22,4039.968459046285,4062.182361863621,3931.86079866858,3939.3642578125,274057.0
2025-09-23,3939.2652959266393,3976.485874700949,3930.7745525083824,3954.27197265625,203423.0
2025-09-24,3954.272230541866,3976.288725322602,3929.4915317109712,3938.179443359375,160301.0
2025-09-25,3939.364380805412,3993.467384082907,3917.347886007364,3926.33203125,209955.0
2025-09-26,3930.379994396813,3955.062109408097,3876.7703923850495,3897.40478515625,245108.0
2025-09-29,3897.404791540373,3959.307487882816,3880.028486129454,3943.412109375,355702.0
2025-09-30,3949.82946746475,3949.82946746475,3825.530432221526,3876.572998046875,669486.0
2025-10-01,3876.079262293169,3885.9521080962586,3796.109211288139,3800.058349609375,331424.0
2025-10-03,3800.4532365455166,3900.4652145675095,3784.261865546783,3882.694091796875,432544.0
2025-10-06,3883.977476030505,3916.755275358638,3871.2416015652993,3892.863037109375,289896.0
2025-10-07,3893.850274607442,3929.392518493311,3853.174199256423,3916.95263671875,186948.0
2025-10-08,3906.191498727037,3914.188600358201,3833.1324387230434,3862.7509765625,255169.0
2025-10-09,3860.4801921897015,3928.405420832564,3853.569199994218,3906.882568359375,189514.0
2025-10-10,3911.424009704689,3978.756768346374,3850.50860068937,3915.570556640625,532967.0
2025-10-13,3897.799497429397,3919.5197580533695,3867.193675641071,3906.68505859375,217474.0
2025-10-14,3906.685162738863,3923.666409653949,3877.7576757476168,3895.03515625,132397.0
2025-10-15,3895.035010520616,3941.239976285526,3890.0985877046273,3907.079833984375,136188.0
2025-10-16,3909.646876485763,3956.5428933122967,3882.101733543213,3890.49365234375,299762.0
2025-10-17,3902.2423434650655,3967.896768725136,3897.5033292240014,3924.357421875,249277.0
2025-10-20,3944.1030146052494,3982.311120122061,3924.752381741722,3955.456787109375,447858.0
2025-10-21,3978.756687795946,3978.756687795946,3924.456038210642,3950.026611328125,19931.0
2025-10-23,3968.8840893229058,4047.866857269631,3950.125681935559,4022.0986328125,656348.0
2025-10-24,4028.022485319948,4152.12435674993,4003.735427924352,4130.00927734375,953394.0
2025-10-27,4166.340711704888,4269.01830270425,4142.152240748307,4256.67724609375,784380.0
2025-10-28,4254.60411399715,4273.658995819915,4215.112730413248,4231.10693359375,579342.0
2025-10-29,4238.412632903674,4310.682055811551,4216.79119736836,4302.4873046875,410367.0
2025-10-30,4302.487737395231,4342.4727662553005,4255.1968984419145,4328.45361328125,444822.0
2025-10-31,4336.1536252080405,4343.755908864486,4277.90383834846,4288.86279296875,677463.0
2025-11-03,4290.739056901592,4346.915456653137,4289.159305058857,4324.0107421875,599569.0
2025-11-04,4304.856545040818,4306.929938969147,4236.141927383529,4261.90966796875,379236.0
2025-11-06,4254.308245951816,4309.299709958195,4190.233570626298,4261.21923828125,693125.0
2025-11-07,4343.953092818324,4437.84394772644,4196.946523200244,4237.2275390625,1894670.0
2025-11-10,4245.422183752758,4319.3696965430745,4202.574132777554,4293.89794921875,754664.0
2025-11-11,4293.799454896911,4363.797835067535,4236.339299624242,4358.07177734375,395014.0
2025-11-12,4363.798040365133,4367.648353986235,4314.433809139283,4339.5107421875,617858.0
2025-11-13,4311.965406032088,4393.416383936529,4294.687925870539,4310.68212890625,405072.0
2025-11-14,4307.81841012489,4307.81841012489,4208.793964291357,4228.7373046875,484468.0
2025-11-17,4235.351843369938,4333.981472306715,4233.377274293836,4325.4912109375,525370.0
2025-11-18,4325.984791473042,4330.229922097069,4191.022804218435,4198.32861328125,463826.0
2025-11-19,4205.832445490173,4212.447445217035,4130.107522950092,4207.11572265625,445363.0
2025-11-20,4235.451038304807,4338.819931299457,4223.603622813045,4320.0615234375,941176.0
2025-11-21,4320.061458450748,4329.144187614257,4260.725557007584,4278.69384765625,408438.0
2025-11-24,4294.490289809566,4334.080498034689,4224.4919092322425,4244.33642578125,1095485.0
2025-11-25,4245.323857115125,4281.359745669707,4232.291507329373,4256.47998046875,311670.0
2025-11-26,4270.499324046959,4363.79771408798,4256.677340337178,4352.14794921875,393579.0
2025-11-27,4361.823092365313,4407.040531412791,4302.586020038034,4392.82373046875,797775.0
2025-11-28,4393.416503826304,4461.144324322273,4345.138382929106,4422.34375,764869.0
2025-12-01,4432.907443833475,4495.30401760909,4423.133423612354,4486.41845703125,421940.0
2025-12-02,4486.419227458773,4515.840118039789,4442.781051853749,4457.0966796875,448981.0
2025-12-03,4457.589631533227,4469.437045836305,4393.71212992012,4456.701171875,410207.0
2025-12-04,4467.462937356819,4494.613264600424,4373.670897788002,4402.59814453125,339985.0
2025-12-05,4402.598143044102,4434.191251098715,4381.273180765295,4412.076171875,560759.0
2025-12-08,4414.149333611415,4477.3355463940425,4382.8522197635,4410.2001953125,451510.0
2025-12-09,4403.388077246057,4438.831497459391,4355.998417130832,4422.146484375,405777.0
2025-12-10,4432.9077574029125,4510.804414230962,4420.073057882592,4478.02685546875,520273.0
2025-12-11,4478.026873000215,4529.957656373858,4453.640750987116,4474.27490234375,485927.0
2025-12-12,4491.157864435672,4556.318651213592,4472.399456120817,4541.70703125,465150.0
2025-12-15,4487.20858780894,4540.028314860157,4454.924187978516,4482.17333984375,326631.0
2025-12-16,4492.144775185059,4493.625702034022,4413.458002447856,4437.15283203125,286429.0
2025-12-17,4440.806059720775,4475.262195294761,4423.726229243177,4455.3193359375,259526.0
2025-12-18,4457.590375846523,4457.590375846523,4297.650256048708,4329.63818359375,518494.0
2025-12-19,4324.306469339216,4370.314027276833,4283.432984057233,4354.31982421875,507355.0
2025-12-22,4369.425810812871,4475.262434656038,4349.087650876095,4462.427734375,306066.0
2025-12-23,4482.172994846332,4483.653921659013,4427.082710243604,4445.93994140625,282637.0
2025-12-24,4423.03457507515,4479.507441496632,4335.265079140505,4361.23046875,259926.0
2025-12-26,4344.644808458998,4377.225201018528,4283.926804143511,4291.1337890625,388141.0
2025-12-29,4284.8148309184,4396.673974573966,4261.120002360325,4346.22412109375,477997.0
2025-12-30,4346.026806473266,4414.4454363813165,4304.560853299283,4334.08056640625,2372971.0
2025-12-31,4309.497194948363,4403.190405246476,4309.497194948363,4378.0146484375,288657.0
2026-01-01,4382.556106415296,4447.618061681972,4364.093692547769,4413.75439453125,289174.0
2026-01-02,4426.983654273221,4436.264032067053,4384.629246056072,4425.10791015625,269527.0
2026-01-05,4430.933333937576,4458.379653292924,4231.699492277163,4254.9990234375,492433.0
2026-01-06,4254.998829591751,4271.190682131704,4064.650558101605,4077.78125,1031214.0
2026-01-07,4077.7814093889656,4119.938654832741,4068.0073882183246,4095.15771484375,778593.0
2026-01-08,4095.256477137339,4181.15023642156,4043.917678484701,4065.637939453125,1117650.0
2026-01-09,4067.711407578951,4140.178001351441,4048.2617079831134,4064.354736328125,929594.0
2026-01-12,3981.027599465146,4039.277388797343,3843.498811360012,3924.159912109375,1559613.0
2026-01-13,3919.519835090614,3957.530291929654,3879.139991642353,3927.220703125,693509.0
2026-01-14,3919.519841212855,3987.0500110801977,3895.82501093852,3977.967041015625,853871.0
2026-01-15,3977.967041015625,3977.967041015625,3977.967041015625,3977.967041015625,0.0
2026-01-16,3924.456336332741,4024.566899667697,3919.618738143976,4010.35009765625,404603.0
2026-01-19,4010.2510460283097,4010.2510460283097,3950.125512916052,3980.040283203125,341836.0
2026-01-20,3982.705985316224,4010.349953484012,3949.138309683911,3969.7724609375,440629.0
2026-01-21,3969.77244588415,3982.9033789213113,3881.904118826879,3949.829345703125,385165.0
2026-01-22,3963.94749902306,4027.9235865669743,3946.6700192639305,4016.076171875,454883.0
2026-01-23,4055.765183225357,4055.765183225357,3867.983698363124,3880.42333984375,441947.0
2026-01-27,3883.187451280794,3924.3571678270887,3833.7246411267065,3878.349853515625,473955.0
2026-01-28,3879.041214444291,3985.964185411618,3879.041214444291,3972.833251953125,494698.0
2026-01-29,3987.543548884131,4018.1493705197886,3931.5645620351984,3994.35595703125,680888.0
2026-01-30,3988.728457754506,4072.548820704312,3969.1801752078713,4060.207763671875,718670.0
2026-02-02,3968.8841664518463,4049.940330046881,3924.6537673348776,4040.264892578125,498551.0
2026-02-03,4131.786135662443,4312.459221164529,4094.071670340631,4112.830078125,689244.0
2026-02-04,4116.97662412811,4177.2009824187135,3990.011733022266,4148.86572265625,415811.0
2026-02-05,4036.019015772016,4361.822899139132,3980.731084049112,4335.56103515625,1692136.0
2026-02-06,4264.181065349457,4328.650557702865,4177.892486649961,4312.85400390625,575249.0
2026-02-09,4316.210208647915,4383.049562504411,4312.853537743459,4371.2021484375,531637.0
2026-02-10,4359.947403855439,4371.400001066196,4273.362355868579,4362.119140625,660042.0
2026-02-11,4381.657121875809,4433.130090804997,4313.819883478322,4327.30810546875,291346.0
2026-02-12,4347.937090613971,4405.162642469557,4306.877745050972,4392.8642578125,360796.0
2026-02-13,4388.599964920415,4454.949548893062,4359.045293325795,4376.103515625,512643.0
2026-02-16,4376.1033172095495,4502.653771154844,4342.184938390904,4487.57861328125,346855.0
2026-02-17,4510.687153087574,4572.375201592982,4458.718295487716,4559.97802734375,482521.0
2026-02-18,4572.078059496791,4747.026893163436,4566.226689852749,4686.92529296875,1146625.0
2026-02-19,4663.71769180264,4725.802837475281,4589.929807310724,4607.78173828125,455504.0
2026-02-20,4601.831021202932,4735.521952854448,4581.499655699772,4694.95849609375,779559.0
2026-02-23,4758.432404797067,4859.692627625625,4730.662732639206,4844.12158203125,1570603.0
2026-02-24,4820.021524389353,4901.247716188172,4790.466853604095,4870.0068359375,672139.0
2026-02-25,4889.445439174164,4916.223335088505,4832.616987106239,4878.0400390625,708623.0
2026-02-26,4903.330429305377,4934.07542188395,4875.85809706964,4921.9755859375,346327.0
2026-02-27,4941.018024430113,4945.976894386385,4828.947563418349,4858.00634765625,944558.0
2026-03-02,4713.901771002897,4854.733677479314,4713.901771002897,4777.1767578125,499980.0
2026-03-04,4622.757603027262,4718.563062368963,4525.960369746754,4547.0849609375,899617.0
2026-03-05,4590.921839330661,4767.358336821419,4581.995873343628,4751.98583984375,957444.0
2026-03-06,4751.985684212947,4883.891621701313,4716.480369933209,4761.20947265625,892005.0
2026-03-09,4701.0085699280025,4710.926309527006,4583.780694161921,4652.708984375,360922.0
2026-03-10,4740.679437460259,4869.114162805678,4616.906243342876,4679.189453125,557032.0
2026-03-11,4679.189583910202,4779.061416255257,4575.648478440063,4592.60791015625,457625.0
2026-03-12,4587.946133548247,4741.968428934501,4480.8345506638525,4714.49658203125,962205.0
2026-03-13,4671.255437336034,4693.867690333207,4583.483440265071,4611.45166015625,1324555.0
2026-03-16,4592.905384913102,4652.90771179439,4441.263237466051,4551.9453125,1003879.0
2026-03-17,4594.888868421671,4617.6996700564,4527.448237501603,4558.58984375,610452.0
2026-03-18,4562.060978999063,4724.8111840168,4559.284205594243,4678.79296875,796065.0
2026-03-19,4621.66676239321,4631.485227975409,4449.792524785173,4468.63623046875,580101.0
2026-03-20,4488.768766926072,4616.608328503722,4487.776993004965,4577.333984375,878443.0
2026-03-23,4543.316723341011,4546.192771106656,4357.854984143288,4480.8349609375,972428.0
2026-03-24,4487.777206833866,4632.3776577150575,4487.777206833866,4581.59912109375,911230.0
2026-03-25,4596.872239532933,4735.720591967585,4596.872239532933,4699.6201171875,664695.0
2026-03-27,4691.685770555589,4695.05770500749,4532.406783245507,4593.40087890625,4040019.0
2026-03-30,4513.563228248504,4611.451510424607,4419.245429130927,4463.08203125,1251680.0
2026-04-01,4601.831265996055,4631.783033890074,4506.819512442768,4571.185546875,598276.0
2026-04-02,4555.217923710219,4631.584520733011,4433.229723271213,4608.27783203125,674542.0
2026-04-06,4641.700646059479,4707.256516906096,4581.99566041489,4659.6513671875,655461.0
2026-04-07,4653.403529742274,4661.337721608843,4524.770250399681,4600.740234375,526009.0
2026-04-08,4750.597232648622,4784.317547034854,4671.651929173811,4756.84521484375,1102496.0
2026-04-09,4775.292162176734,4875.461328340516,4725.802740301213,4867.03125,1021588.0
2026-04-10,4920.190767382695,5112.495647307736,4868.221907128014,5096.42919921875,1308552.0
2026-04-13,4988.622902850381,5074.708686871654,4941.0177538768585,4950.34033203125,869786.0
2026-04-15,5048.1294203950965,5077.882638982886,4945.580090515437,4962.24169921875,806914.0
2026-04-16,4982.672475154179,5013.417468531921,4910.272974619494,4996.755859375,666008.0
2026-04-17,5001.516262475706,5137.290025692759,4969.97804310468,5098.61083984375,529710.0
2026-04-20,5131.438511000812,5173.985517379801,5025.913857646841,5157.52197265625,616937.0
2026-04-21,5172.101017551651,5229.326566715355,5048.525889675348,5074.31201171875,717933.0
2026-04-22,5058.047112893425,5191.936595293545,5037.616472800186,5168.92724609375,503337.0
2026-04-23,5157.224528170374,5225.656930563404,5113.289135992002,5134.314453125,500090.0
2026-04-24,5136.397405221922,5206.813357291965,5060.130083565182,5188.96142578125,495775.0
2026-04-27,5221.194187753334,5265.030791963265,5157.224765185171,5190.15185546875,601902.0
2026-04-28,5216.731106543006,5243.31045535718,5152.36507244258,5214.74755859375,341686.0
2026-04-29,5244.50048828125,5280.9975748266825,5208.102191716117,5244.50048828125,328892.0
2026-04-30,5236.269008819942,5265.129242754127,5077.882518587074,5223.078125,448330.0
2026-05-01,5223.078125,5223.078125,5223.078125,5223.078125,0.0
2026-05-04,5256.402189759997,5304.999115665325,5195.408088878819,5245.49267578125,386727.0
2026-05-05,5251.443045148378,5251.443045148378,5184.498303779631,5216.73095703125,304874.0
2026-05-06,5287.643101620824,5311.44567771365,5187.473927230183,5280.70068359375,343679.0
2026-05-07,5308.470102691792,5379.381940588562,5273.758014210855,5358.5546875,496602.0
2026-05-08,5370.456124842332,5425.499580969526,5336.735809377025,5356.5712890625,528649.0
2026-05-11,5305.990507667092,5305.990507667092,5148.29845332708,5195.40771484375,477092.0
2026-05-12,5221.689978311228,5221.689978311228,5105.156536250152,5117.5537109375,403954.0
2026-05-13,5127.4714694605,5226.648867322405,5105.156554941571,5169.1259765625,590903.0
2026-05-14,5213.755933886337,5338.719458267101,5185.986261801722,5322.85107421875,324086.0
2026-05-15,5342.1902629275,5385.332428793526,5278.220844574427,5347.64501953125,436432.0
2026-05-18,5315.908651917996,5315.908651917996,5185.490370625605,5254.91455078125,275007.0
2026-05-19,5241.525265534295,5316.900084868374,5194.911890419799,5210.7802734375,322706.0
2026-05-20,5171.109426545571,5374.423088310405,5140.364433790889,5355.08349609375,444634.0
2026-05-21,5382.357257453763,5409.135154257016,5316.900176379146,5345.66162109375,338858.0
2026-05-22,5330.784846661626,5374.42289935988,5291.609776625694,5308.9658203125,230767.0
2026-05-25,5374.423176176085,5374.919063164106,5293.593597128594,5337.7275390625,284889.0
2026-05-26,5315.908468960506,5397.233934343857,5314.916694992416,5373.92724609375,304814.0
2026-05-27,5369.464162465004,6048.82931785631,5358.058762046026,5977.91748046875,1722262.0
2026-05-28,5977.91748046875,5977.91748046875,5977.91748046875,5977.91748046875,0.0
2026-05-29,6049.821052103703,6049.821052103703,5807.33232304807,5832.62255859375,2020815.0
2026-06-01,5930.312386321283,5930.312386321283,5615.920041398824,5633.77197265625,597518.0
2026-06-02,5618.399617142333,5717.081128511382,5560.876726093038,5661.0458984375,702121.0
2026-06-03,5693.774377521821,5701.708569303772,5610.465363811348,5645.67333984375,384967.0
2026-06-04,5653.111382964363,5819.233515709368,5615.919860708018,5739.8916015625,502845.0
2026-06-05,5796.918619876086,5820.721194192087,5702.700096541915,5736.42041015625,381090.0
2026-06-08,5603.522726639782,5693.278267659412,5510.791863818399,5564.34765625,483842.0
2026-06-09,5588.646462328348,5644.185806053351,5515.255186691738,5579.224609375,485174.0
2026-06-10,5579.720227160676,5652.119725309046,5514.263146642972,5563.35595703125,276872.0
2026-06-11,5544.512514744213,5662.533620057613,5495.419702029816,5511.2880859375,249688.0
2026-06-12,5603.522882119708,5616.911830599109,5524.180965204739,5575.25732421875,249004.0
2026-06-15,5653.111685552985,5739.891908796123,5583.687506958475,5706.66748046875,409781.0
2026-06-16,5750.305619615128,5765.678116528553,5653.607655159717,5676.41845703125,257257.0
2026-06-17,5710.634530232085,5801.877735647395,5677.905989159202,5785.017578125,338488.0
2026-06-18,5806.836689759864,5838.573457321318,5768.157504294341,5809.81201171875,311191.0
2026-06-19,5826.6721343343725,5859.400675684677,5757.247955712516,5816.75439453125,323514.0
2026-06-22,5747.825839887801,5747.825839887801,5590.629671201369,5716.5849609375,591113.0
2026-06-23,5754.76818878517,5789.976163055204,5678.401596706504,5688.3193359375,440329.0
2026-06-24,5705.179765152144,5727.990566473048,5489.964813559269,5509.80029296875,425435.0
2026-06-25,5509.800416813215,5651.624097778797,5504.841546849383,5595.5888671875,479618.0
2026-06-26,5595.5888671875,5595.5888671875,5595.5888671875,5595.5888671875,0.0
2026-06-29,5652.119929681861,5659.558234555105,5460.211663952182,5495.91552734375,1820384.0
2026-06-30,5536.578227970876,5652.119896319932,5501.370251778674,5612.94482421875,646570.0
2026-07-01,5648.152782797877,5692.782611634734,5568.314977878609,5616.416015625,227454.0
2026-07-02,5633.771780179694,5643.193632465885,5509.3041526094885,5532.61083984375,325685.0
2026-07-03,5643.194076911338,5643.194076911338,5409.631299211405,5432.93798828125,787931.0
2026-07-06,5433.9293343199615,5547.983335679114,5430.954012545375,5532.61083984375,429461.0
2026-07-07,5523.189171837876,5532.611024438425,5379.381947934753,5426.4912109375,592191.0
2026-07-08,5380.373657925883,5515.254914603841,5336.73560429478,5453.26904296875,392522.0
2026-07-09,5460.7074766717415,5520.709801833136,5446.822641097204,5496.9072265625,295533.0
2026-07-10,5521.205643320427,5666.996415651683,5521.205643320427,5575.25732421875,463881.0
2026-07-13,5553.934026215122,5555.421687115,5483.518076954179,5509.30419921875,323370.0
2026-07-14,5491.948111306616,5509.304154999232,5434.921110602303,5448.31005859375,356814.0
2026-07-15,5469.633407640891,5555.421855466991,5466.658085750969,5503.849609375,522110.0
2026-07-16,5511.28791130186,5627.82135193133,5428.474785407726,5546.0,686668.0
2026-07-17,5582.0,5582.0,5390.0,5448.0,666621.0
2026-07-20,5438.0,5531.5,5397.0,5506.0,312030.0
2026-07-21,5535.5,5587.0,5505.5,5583.0,189190.0
2026-07-22,5617.5,5637.0,5563.5,5586.0,322364.0
2026-07-23,5565.0,5658.0,5543.0,5599.0,254401.0
2026-07-24,5571.0,5652.5,5533.0,5600.5,290705.0
2026-07-27,5643.5,5649.5,5589.5,5629.5,343112.0
2026-07-28,5605.0,5620.0,5408.0,5455.5,573652.0
2026-07-29,5452.5,5477.5,5371.5,5383.0,453704.0
2026-07-30,5397.0,5426.0,5315.0,5396.0,297096.0
2026-07-31,5463.0,5567.0,5461.5,5519.0,357879.0
2026-08-03,5526.0,5550.0,5486.0,5550.0,146209.0
2026-08-04,5536.5,5595.0,5439.0,5550.0,324047.0
2026-08-05,5568.5,5593.5,5345.0,5440.0,594556.0
2026-08-06,5175.0,5455.0,5175.0,5402.0,2063594.0
2026-08-07,5405.0,5474.5,5348.5,5426.0,262771.0
2026-08-10,5480.0,5486.0,5393.5,5448.0,225721.0
2026-08-11,5418.0,5447.0,5356.0,5378.5,370560.0
2026-08-12,5366.5,5406.5,5330.0,5365.0,554039.0
2026-08-13,5350.5,5384.5,5315.0,5315.0,357217.0
2026-08-14,5348.0,5426.0,5339.5,5400.0,415052.0
2026-08-17,5359.5,5475.0,5338.5,5450.0,481671.0
2026-08-18,5478.5,5484.0,5350.0,5350.0,177068.0
2026-08-19,5301.5,5347.0,5206.5,5220.0,321107.0
2026-08-20,5250.0,5252.5,5192.5,5205.0,253759.0
2026-08-21,5116.0,5218.0,5092.0,5107.5,753737.0
2026-08-24,5100.0,5190.0,5083.0,5190.0,686782.0
2026-08-25,5220.0,5239.5,5150.0,5239.5,562078.0
2026-08-26,5125.0,5237.0,5125.0,5200.0,714039.0
2026-08-27,5225.0,5270.0,5141.5,5190.0,553728.0
2026-08-28,5215.0,5215.0,5126.0,5193.0,387326.0
2026-08-31,5150.0,5179.0,5105.0,5105.0,507241.0
2026-09-01,5093.5,5115.0,5054.5,5105.0,430883.0
2026-09-02,5089.0,5089.0,5001.0,5088.5,368600.0
2026-09-03,5088.5,5118.0,5035.5,5071.0,180394.0
2026-09-04,5071.0,5083.0,5013.0,5035.0,483825.0
2026-09-07,5035.0,5072.0,4985.0,5030.0,201783.0
2026-09-08,5007.0,5040.0,4965.0,5040.0,457631.0
2026-09-09,5020.0,5182.5,5020.0,5170.5,373017.0
2026-09-10,5170.5,5237.0,5069.5,5155.0,817252.0
2026-09-11,5117.0,5152.0,5020.5,5070.0,331010.0
2026-09-14,5070.0,5070.0,5070.0,5070.0,0.0
2026-09-15,5070.0,5121.5,4874.0,4874.0,304824.0
2026-09-16,4863.5,4985.0,4844.0,4940.0,399690.0
2026-09-17,4940.0,5043.5,4920.0,5020.0,255287.0
2026-09-18,5000.0,5119.0,5000.0,5099.5,502366.0
2026-09-21,5100.0,5135.0,5050.0,5067.0,281295.0
2026-09-22,5090.0,5128.5,4962.5,4962.5,314342.0
2026-09-23,5000.0,5053.5,4928.0,5010.0,235682.0
2026-09-24,5003.5,5011.5,4958.0,4973.0,164357.0
2026-09-25,4972.0,4991.5,4922.5,4945.0,337303.0
