Date,Open,High,Low,Close,Volume
2021-09-23,78.74730764394505,79.22747415396911,78.02705787890896,78.60325622558594,13640424.0
2021-09-24,79.22747236031202,79.27549194093109,77.35482594431745,77.6429214477539,9330468.0
2021-09-27,78.17111076157299,78.74730911904334,77.78697608100622,78.36317443847656,5384060.0
2021-09-28,78.65127385312125,78.74730568738815,76.92267152927974,77.6909408569336,10618280.0
2021-09-29,77.4988746995264,78.98739386724216,76.34647796286627,78.12309265136719,23686048.0
2021-09-30,78.55525239741579,82.82873186435063,78.45921322370107,80.95608520507812,33472211.0
2021-10-01,80.61995422081891,80.95607663973732,79.41953794399457,79.85169219970703,10264738.0
2021-10-04,81.14813686693745,82.58863633794817,80.61995079686317,81.67632293701172,15602179.0
2021-10-05,81.772365747543,82.78071111656384,81.14814776095287,82.34856414794922,13017163.0
2021-10-06,82.4926083019582,83.4529413268314,80.71599367129473,81.05210876464844,13315657.0
2021-10-07,82.30053858222165,83.02078836208972,81.43624470778767,82.06045532226562,11719207.0
2021-10-08,82.54062867622022,82.92476338930665,81.43625145039209,82.20451354980469,14090906.0
2021-10-11,83.06881099092787,84.0291440659675,82.3965807691041,82.82872772216797,12822354.0
2021-10-12,83.5009591910737,85.421625369838,82.10847914217359,85.08551025390625,25448034.0
2021-10-13,85.51765805500382,90.27130355625158,84.98947196519431,89.88716888427734,54208636.0
2021-10-14,90.94353672162026,91.71180609078095,89.0708902085857,89.4070053100586,31082419.0
2021-10-18,91.23163441479664,92.6721339055566,90.27130142095668,91.51973724365234,28559068.0
2021-10-19,92.23999372366384,92.23999372366384,88.78278883201492,89.16692352294922,17698523.0
2021-10-20,89.16692439917205,90.6554435936349,87.3903096787473,90.27130889892578,20059712.0
2021-10-21,91.03957106352584,94.11263372380344,89.59907156775333,92.72015380859376,47242354.0
2021-10-22,93.34436694703716,101.50719764622234,89.8871695280283,99.77860260009766,128941859.0
2021-10-25,100.83496800864616,103.37985199993057,96.32140570467725,98.43413543701172,78995676.0
2021-10-26,98.9142972160788,100.54686035593176,97.61784915481216,97.95396423339844,25656807.0
2021-10-27,98.62620418056088,98.67422376516518,94.40074449874034,96.36942291259766,31075808.0
2021-10-28,96.36942295691642,97.56983930497655,93.2003281940936,93.92057800292967,21384254.0
2021-10-29,94.0166116872848,96.03330972618262,92.19197733713531,93.58445739746094,25060969.0
2021-11-01,94.11264038085938,95.31305671224789,93.00825589062998,94.11264038085938,21186299.0
2021-11-02,94.83288959491244,98.626202248005,94.64082591377856,97.90595245361328,28226648.0
2021-11-03,98.57818495595076,98.57818495595076,95.07296800359757,96.2253646850586,24199708.0
2021-11-04,97.3777711148352,97.80991804943972,96.8976045978259,97.08966827392578,2912999.0
2021-11-08,97.56983995594068,98.14603834150182,96.22537217179134,97.5218276977539,15322961.0
2021-11-09,97.52182474408797,99.25041984841704,96.75355536876852,98.00199127197266,22350613.0
2021-11-10,98.0019935412646,98.72224334976949,96.08132738525168,96.36942291259766,16567044.0
2021-11-11,96.8976021882104,98.04999886967144,95.36107083734252,96.2253646850586,17144200.0
2021-11-12,96.94561509485004,97.0416542579174,95.79321840563638,96.12933349609376,13928829.0
2021-11-15,96.60950344941878,97.28174098106447,95.07297203342247,95.60115814208984,11534669.0
2021-11-16,95.79322694244657,95.79322694244657,93.20033049726484,93.53644561767578,11586459.0
2021-11-17,93.53643963492264,94.4007408369544,92.6721384328909,93.2483367919922,10725400.0
2021-11-18,93.2963551665107,94.20866861270962,90.27130466195496,90.94353485107422,16495647.0
2021-11-22,91.51974454241588,91.51974454241588,86.9101428736614,87.82245635986328,17323342.0
2021-11-23,87.39030945975826,89.50303928522429,87.15022619201167,89.07089233398438,17668580.0
2021-11-24,89.5510495644153,90.79948535767916,88.87881941527883,89.3589859008789,11974638.0
2021-11-25,89.35899435679212,90.65544252524155,88.39866129471703,89.2149429321289,10826969.0
2021-11-26,88.97485354368673,89.02286579743057,84.55732322749148,85.18153381347656,21088333.0
2021-11-29,84.50931364549373,85.03749978648214,81.34021145308365,83.59700012207031,18514448.0
2021-11-30,84.02914859300081,86.622045104595,82.82873218452937,83.35691833496094,20266746.0
2021-12-01,84.02914579389038,85.22956216237453,83.64501109062344,85.0374984741211,14539590.0
2021-12-02,84.98947675656507,85.66170697534808,84.02914368586943,85.37361145019531,12932852.0
2021-12-03,85.56567317756758,86.42997438678739,85.27757765900078,85.66170501708984,12453387.0
2021-12-06,85.80575750594656,85.94980893039975,83.93311096833452,84.26922607421875,8944775.0
2021-12-07,85.2295556271358,86.38195232181299,84.6533572797972,86.09385681152344,11089664.0
2021-12-08,87.24625692244338,87.24625692244338,86.09386018264256,86.7660903930664,11330813.0
2021-12-09,86.91013934735741,87.7744405410256,86.5260046694205,87.1982421875,8410945.0
2021-12-10,87.1502195263563,89.21493693640971,86.4299697782046,88.92683410644531,9658633.0
2021-12-13,89.64708765294891,89.69510723556402,88.01452441867032,88.30261993408203,14719726.0
2021-12-14,87.87047107403095,87.87047107403095,86.3339397118588,87.39030456542969,7786084.0
2021-12-15,87.63039034219499,87.82245402046031,85.51766057423772,85.75774383544922,10577697.0
2021-12-16,86.42997804439327,86.52600988797947,84.50931186562897,85.08551025390625,9936849.0
2021-12-17,84.70138060452454,85.03750306726319,81.43625376729598,81.82038116455078,19561652.0
2021-12-20,81.38822855067113,81.38822855067113,75.67424965392387,77.83499908447266,24015437.0
2021-12-21,78.69928825073939,78.98739108814769,76.68259036915985,77.35482788085938,14156976.0
2021-12-22,79.13144577443383,79.13144577443383,77.21077965042699,78.07508087158203,13374546.0
2021-12-23,78.74730600651122,79.8036708412467,78.3631713411276,78.891357421875,12168815.0
2021-12-24,79.2274792989095,79.2274792989095,77.16276170637381,77.78697967529297,12195815.0
2021-12-27,77.0667283982497,78.65127941945353,75.48217737704587,78.02706146240234,9405458.0
2021-12-28,78.8433469556754,79.08343023344953,78.07508486285427,78.65128326416016,6676061.0
2021-12-29,78.50722374282563,79.22747350193411,78.17110865392688,78.69928741455078,6029362.0
2021-12-30,78.69930116546396,79.46757064012107,77.4028528378957,78.93938446044922,25636819.0
2021-12-31,78.93937224578337,80.18780811723457,78.84334040800087,79.7076416015625,7508345.0
2022-01-03,79.89971070451186,84.36526106894746,79.65962743036758,83.74104309082031,23089490.0
2022-01-04,84.50930493026131,85.37360610512722,83.45294008398493,84.98947143554688,17703948.0
2022-01-05,84.94145803602711,86.76609235425406,84.26922781040875,86.47799682617188,18419964.0
2022-01-06,86.14187438660274,87.00617562436918,85.46964416098437,86.47799682617188,16421121.0
2022-01-07,87.19824637428951,88.2546112942673,86.47799656611011,87.72642517089844,19019068.0
2022-01-10,88.20658994804623,92.09594176524185,87.96650668344797,91.75982666015624,29701899.0
2022-01-11,92.14395607971012,93.05627690161178,90.70345645995378,92.6241226196289,19146191.0
2022-01-12,94.78487527627512,95.55314469700538,93.8245421637424,94.59281158447266,22266577.0
2022-01-13,94.59279926205704,97.85793288467788,93.872549521483,96.6094970703125,23810313.0
2022-01-14,96.46545220216872,96.99363831179824,94.88090852679962,95.55313873291016,11509042.0
2022-01-17,95.50511621373587,96.51346881866456,95.26503295796807,96.0333023071289,8373684.0
2022-01-18,96.22536850748271,96.99363787681484,93.9205750530058,94.40074157714844,16203943.0
2022-01-19,94.59281140741152,95.84124738207127,93.4404146052334,94.64083099365234,12924190.0
2022-01-20,94.49677590387805,95.26503796667193,93.53644283031578,93.96858978271484,10645612.0
2022-01-21,93.20032049307405,93.24833274697328,89.40700075058503,90.1752700805664,14711397.0
2022-01-24,90.17527357765928,90.99155519319618,86.67005652966706,88.35063934326172,16770551.0
2022-01-25,88.35063949609858,93.77652262615656,87.19824278120115,92.04792022705078,41665022.0
2022-01-27,91.6157712487876,96.51346816808478,90.2713035601987,96.12933349609376,31055664.0
2022-01-28,96.75355077133791,98.6742167916126,95.64916634432808,96.2253646850586,28438564.0
2022-01-31,97.4737982243532,97.6658618911359,95.8412350764224,96.6094970703125,14174495.0
2022-02-01,97.08966568604454,97.9539668589756,94.35271807739562,96.27338409423828,14525052.0
2022-02-02,96.99363479774316,98.1460314883987,96.32140461598736,97.37776947021484,12593978.0
2022-02-03,97.23372034507224,97.8579382867135,96.80157340757576,96.99363708496094,10269350.0
2022-02-04,96.99364199132285,97.18570567842345,94.3527259965096,94.97694396972656,9864599.0
2022-02-07,95.07297220661412,96.51347178550222,93.92057547420757,95.55313873291016,24264144.0
2022-02-08,95.88925681338878,96.08132782592698,93.15230899386935,95.0729751586914,9556428.0
2022-02-09,95.74520954027489,98.91431178044972,95.74520954027489,98.09803009033205,22966546.0
2022-02-10,98.4341390397846,100.83497169929156,96.89760760305214,100.3067855834961,30117303.0
2022-02-11,99.77860804959006,101.79530604359226,98.24207659352932,98.86628723144533,28714979.0
2022-02-14,96.0332936636528,96.46544055443572,91.66377587125308,92.38402557373048,23369759.0
2022-02-15,92.96023689982248,96.94561296994236,90.65543624515362,96.46544647216795,20803245.0
2022-02-16,96.99363765170604,97.47380417473428,95.02495197658634,95.649169921875,16016476.0
2022-02-17,95.74520838880784,96.2253749450742,94.160664614537,94.59281158447266,13437785.0
2022-02-18,93.15231552120414,95.02496223242107,93.1042959330148,94.01661682128906,10075699.0
2022-02-21,93.92057402702376,97.80991843403643,93.15230466608416,95.79322052001952,35843421.0
2022-02-22,93.87255606205088,96.0813250177442,92.33602464045366,95.50511932373048,25227553.0
2022-02-23,95.50511458630947,98.04999851943496,95.50511458630947,96.32140350341795,21482751.0
2022-02-24,93.15230897511908,93.6804951010428,88.9268419480091,90.12725830078124,39643527.0
2022-02-25,91.66378790370815,93.7285054538583,91.23164095619852,92.91222381591795,28249018.0
2022-02-28,92.2880043949669,93.4404084479674,91.23163950811956,93.15230560302734,14455709.0
2022-03-02,92.19197065228978,93.8725534506388,90.89552253034388,92.239990234375,15548463.0
2022-03-03,93.5844522835152,93.63247186645826,91.51974209863693,91.95188903808594,12419175.0
2022-03-04,91.5197415693286,91.8558566677072,89.16692122715916,89.55105590820312,13385957.0
2022-03-07,88.35064382399214,88.83081036651384,82.58864531373179,83.93311309814453,24502834.0
2022-03-08,83.54897284012185,86.81410657738655,82.63665940073237,86.09385681152344,29047023.0
2022-03-09,87.19824740242557,89.3109772672919,85.94981145615726,88.78279113769531,23549931.0
2022-03-10,91.42370136523355,93.39238700399063,90.03122140487531,90.94353485107422,25939107.0
2022-03-11,90.65543608384452,91.95188416017662,90.0792377528924,91.51973724365234,15023756.0
2022-03-14,91.5677517857228,92.1919697126709,90.07924000412598,91.13560485839844,15504240.0
2022-03-15,91.56776028412004,91.99991457831209,89.31097894809545,89.74312591552734,12684289.0
2022-03-16,91.183619543887,94.78486845678552,90.79949218791889,94.4487533569336,23649366.0
2022-03-17,95.69719122601232,96.32140918252765,93.87255694033666,94.16065979003906,18789951.0
2022-03-21,94.54479115753784,94.54479115753784,92.96024739735527,93.4884262084961,10129862.0
2022-03-22,93.63247635331452,95.265039676976,92.6721432625113,94.92892456054688,11871146.0
2022-03-23,95.07297796277908,96.03331107351424,94.25669628400624,94.64083099365234,11438626.0
2022-03-24,94.40074323109656,95.21702487108875,93.8245375306222,94.11264038085938,10320726.0
2022-03-25,94.20867519856024,94.78487359047988,93.24834210310752,93.63247680664062,7671535.0
2022-03-28,93.92058050950315,95.12099688960028,92.38404168157074,94.7368621826172,11144335.0
2022-03-29,95.6971942471238,95.84124567652265,93.44041294240894,93.68049621582033,11378953.0
2022-03-30,94.6408323280142,94.73686417508964,92.81619792653947,93.20033264160156,18410087.0
2022-03-31,93.34437460118372,94.4967787198557,93.05627906658584,93.53644561767578,10490975.0
2022-04-01,93.53643615762108,98.19404976678156,93.29635290635754,97.56983184814452,21163607.0
2022-04-04,97.95396892268484,99.87463497999238,97.2337191511945,98.43413543701172,25317872.0
2022-04-05,99.10637584881638,99.10637584881638,93.82454364641946,94.35272979736328,43539147.0
2022-04-06,94.35272370528872,96.32140942068315,93.6324739060117,95.36107635498048,15242800.0
2022-04-07,95.36107348861758,95.84124000703608,94.11263761002564,94.54478454589844,17796591.0
2022-04-08,95.55313450866622,96.8976021882104,95.07296800359757,96.2253646850586,15120901.0
2022-04-11,96.03330976011904,97.32975797652864,95.60116279690251,96.08132934570312,8635769.0
2022-04-12,96.08132326624532,96.08132326624532,93.39238783239789,94.54478454589844,12213669.0
2022-04-13,95.07297533442502,96.22537210474437,94.35272552128544,95.02495574951172,11604703.0
2022-04-18,94.7848690300309,94.7848690300309,92.33602415050544,93.10428619384766,9523135.0
2022-04-19,93.7284928091166,94.92890897554166,91.23162864830424,92.48006439208984,11897241.0
2022-04-20,93.10428361808592,93.92057254877122,91.9518869215742,92.28800201416016,10227110.0
2022-04-21,93.05626076367646,93.44039539434635,92.19195967635886,92.76815795898438,10130826.0
2022-04-22,92.67213882167408,92.86420249992705,91.6157739377634,91.95188903808594,11899685.0
2022-04-25,91.23163377243404,92.72015283310904,89.9831979585286,91.6157684326172,12393868.0
2022-04-26,92.96024657052774,93.8725600805038,92.43206043732472,93.63247680664062,10607557.0
2022-04-27,93.00826162069038,93.82454331097216,92.09594808333316,93.20033264160156,7410436.0
2022-04-28,93.34437311960734,94.11264251986124,92.48007920277172,93.77652740478516,6876170.0
2022-04-29,94.1126290957133,94.68882740033528,91.90386038011032,92.19196319580078,7943317.0
2022-05-02,90.27130577950624,92.72015796273924,89.79113925940247,90.79949188232422,9517127.0
2022-05-04,91.42370284687644,93.8725550394798,90.12725470298749,90.70345306396484,15628039.0
2022-05-05,91.51974398670774,93.05627542470944,90.1752762309213,90.41535949707033,16564829.0
2022-05-06,89.31097772744369,90.17527897725483,85.13353023457655,87.48634338378906,37190821.0
2022-05-09,88.0145214633933,91.13560373282738,85.80575261893618,90.07923889160156,29740740.0
2022-05-10,89.50303374166485,91.2316360930796,88.2065856414835,88.73477172851562,14752094.0
2022-05-11,89.83915838109469,89.83915838109469,85.75774298115711,87.10220336914062,16650244.0
2022-05-12,86.95815968677626,87.15022336403722,80.61995576252947,82.06045532226562,29157781.0
2022-05-13,84.36526027039281,84.36526027039281,79.89970994822563,80.18781280517578,17971518.0
2022-05-16,81.53228526057235,82.49261840303666,79.51558712674937,81.91641998291016,14916447.0
2022-05-17,82.2045145379855,83.54898238656973,81.05211771163351,83.26087951660156,12606291.0
2022-05-18,83.9331208093766,84.26923595466988,82.34856960812469,82.68468475341797,12264421.0
2022-05-19,80.66797184629891,81.62830484446914,79.4195360179739,80.13978576660156,12533024.0
2022-05-20,81.58029752163931,82.10848368069885,80.90806725261845,81.91641998291016,9026094.0
2022-05-23,82.78070725208148,83.11682968615727,81.43624682281767,81.7243423461914,8056677.0
2022-05-24,82.20449690851798,82.4925997167,80.95606850216635,81.19615173339844,8238311.0
2022-05-25,81.53228059300977,82.10847898015005,79.75566584651057,80.18781280517578,8821604.0
2022-05-26,80.61995079686317,82.10846984761126,79.22747090558981,81.67632293701172,11661808.0
2022-05-27,82.1564937674851,83.98112066574879,82.1564937674851,83.45294189453125,10805008.0
2022-05-30,84.41327116143961,86.86211588626031,84.12516833416223,86.57402038574219,10333214.0
2022-05-31,86.38195695559617,87.006174918181,84.65336182085343,85.32559204101562,7561081.0
2022-06-01,84.8934426297359,86.42997403613752,84.79741079060324,85.75774383544922,6377447.0
2022-06-02,86.14187042897633,88.59072260234667,85.7577430758481,88.35063934326172,14588418.0
2022-06-03,89.21493610433424,89.6951025986237,86.23790530509142,86.57402038574219,14520124.0
2022-06-06,86.95815892963438,87.53435728315996,84.98947328443239,87.1982421875,11663917.0
2022-06-07,86.76609338873656,87.8224583244858,86.33394642808098,87.53436279296875,9194889.0
2022-06-08,87.15022826629585,89.16692629801516,86.91014499283499,87.48634338378906,9098083.0
2022-06-09,87.10220720512432,88.01452802487417,86.62204066633805,87.72642517089844,5384969.0
2022-06-10,86.81410957246166,88.39866057737922,86.57402630889112,88.06253814697266,5883324.0
2022-06-13,86.42996963896533,87.72641771819795,84.36525223223819,85.18153381347656,10712518.0
2022-06-14,85.13352986592118,87.77444586255474,84.98947843711643,86.33394622802734,10367840.0
2022-06-15,86.86212181156334,87.24625649855054,85.37360997378266,85.61369323730469,10060165.0
2022-06-16,87.10220301781821,87.15022260009235,82.87674354103959,83.45294189453125,10232041.0
2022-06-17,82.63665802335501,84.70136812300736,82.108471939822,83.83707427978516,10344357.0
2022-06-20,84.02913731344196,84.60533564681084,80.66797182090428,81.43624114990234,9567545.0
2022-06-21,82.44459162290346,84.7974120127418,81.82037366940513,84.31724548339844,8029209.0
2022-06-22,84.22121228765212,84.22121228765212,82.92476403185503,83.35691833496094,4463288.0
2022-06-23,83.88508835004218,84.22120344376741,82.15649329941549,83.5009536743164,7559023.0
2022-06-24,84.31724380004327,86.09385845779246,83.83707728028622,85.80575561523438,9452966.0
2022-06-27,87.15022874356906,88.35064511744743,86.57403034945946,87.4383316040039,8739342.0
2022-06-28,86.52600638344975,88.49469206765023,86.47799412698129,88.15857696533203,6663872.0
2022-06-29,87.39030858652553,88.6867567540506,86.91014205583035,87.96650695800781,8629695.0
2022-06-30,87.58236514885584,88.44666629920334,86.42996849956532,86.62203216552734,6540849.0
2022-07-01,86.95816479003756,90.60742615947537,85.75774841980932,89.93519592285156,16073373.0
2022-07-04,90.5113850084316,91.71180125522778,89.45502017660283,91.42369842529295,13501261.0
2022-07-05,91.7118053398175,91.9999081825836,90.36733761817506,90.79949188232422,8291514.0
2022-07-06,90.46337116991783,91.9999099247545,90.07924380796848,91.75982666015624,9418380.0
2022-07-07,92.57610723990696,93.39238886489082,91.95188929370998,93.15230560302734,11404099.0
2022-07-08,93.44041311825411,94.35272662823016,92.4800800228014,93.63247680664062,6014287.0
2022-07-11,93.10428525212124,95.93727211480244,92.72015789771534,95.74520111083984,10419710.0
2022-07-12,95.55313716528111,96.70553387878168,94.3047012866892,94.54478454589844,11379873.0
2022-07-13,95.2650371282884,95.69719140364418,93.39239058202628,94.11264038085938,6843492.0
2022-07-14,94.30470101502762,95.1209899553953,92.33602269123868,93.34436798095705,13463788.0
2022-07-15,93.92057230372596,95.98528243569255,92.5761046101304,94.8328857421875,22353647.0
2022-07-18,96.03330001090336,99.10636268054854,95.74519718016693,98.91429901123048,27285612.0
2022-07-19,99.2075281845719,105.07201260927566,98.32785402945082,104.6321792602539,40561228.0
2022-07-20,106.00054723327726,106.97796125094538,102.23750475667042,102.77508544921876,30368364.0
2022-07-21,103.11718476330158,105.56071994726608,102.4818641240553,104.7787857055664,15882426.0
2022-07-22,105.4141063448127,105.90281338160558,104.04572515037704,104.7787857055664,11412216.0
2022-07-25,104.77878617716016,105.5607204223792,103.11718522741673,104.92539978027344,11501496.0
2022-07-26,105.02314252928748,105.12088990538447,102.9705744015737,103.31266784667967,6454013.0
2022-07-27,103.01944556308824,105.36524084740714,102.67735212637204,105.02313995361328,11256923.0
2022-07-28,105.60959406649371,106.78248797677136,104.09459926339726,104.87653350830078,13107519.0
2022-07-29,106.00055177036045,106.00055177036045,104.09459733715892,104.2412109375,7925696.0
2022-08-01,104.338943965488,105.41409786856477,103.36152997049516,104.48555755615234,9882729.0
2022-08-02,104.3389479529374,109.4214979383058,103.60588742867787,108.34634399414062,29943278.0
2022-08-03,108.15085864689152,108.68843186297988,105.60958378399836,106.53812408447266,11009901.0
2022-08-04,107.32007048901625,107.41781040698704,104.04572730891216,105.51184844970705,11536827.0
2022-08-05,105.85394464537656,108.15086617249275,105.1208841075473,106.4892578125,11292440.0
2022-08-08,106.48925970498058,108.39522161145504,105.41410572180595,107.07571411132812,9773628.0
2022-08-10,107.46667428967883,108.24860853051814,106.5870075900816,107.2711944580078,8193387.0
2022-08-11,107.85763035347792,109.91019820392276,107.27118346150463,108.63956451416016,13838517.0
2022-08-12,108.7373033933315,109.37262396075285,108.00424292101692,108.29747009277344,6636181.0
2022-08-16,108.4929637761044,108.9816708201409,106.97796895676017,107.8576431274414,8723159.0
2022-08-17,108.10199514470254,108.44408857935068,106.34265428490738,107.320068359375,10861983.0
2022-08-18,107.27119806650524,109.47037980363176,107.12458445928122,108.4929656982422,10109846.0
2022-08-19,108.4929633645778,108.73731688566916,104.43669342304516,105.12088775634766,10127705.0
2022-08-22,104.58330436691084,105.21862499700384,103.11718327765507,104.2412109375,11627416.0
2022-08-23,103.16605125297238,107.71102041242828,102.82395038542016,107.36892700195312,9588848.0
2022-08-24,106.97796451701912,111.81616852643468,106.83135837555471,111.42520141601562,22321308.0
2022-08-25,112.15826168970256,113.4777691593424,110.93649413316984,111.32746124267578,26934518.0
2022-08-26,112.54922879920848,113.13567573492872,110.6921406218633,111.32746124267578,13977432.0
2022-08-29,107.51555003516874,111.0342392721769,106.14716881603287,110.5455322265625,10728917.0
2022-08-30,111.27859641367004,115.188252905724,110.93650296203091,114.35745239257812,26076777.0
2022-09-01,112.45148791678446,116.41001029158208,112.45148791678446,116.0679168701172,19439843.0
2022-09-02,117.09420702991356,120.0264492013764,116.11679297275928,116.849853515625,21691153.0
2022-09-05,117.6806579787226,126.81947823279144,117.38743076876366,120.75951385498048,60977739.0
2022-09-06,121.8835347851278,121.8835347851278,117.4363051226927,118.46258544921876,20079032.0
2022-09-07,118.21822476824843,119.43999231424966,115.87243704558792,116.0679168701172,14868949.0
2022-09-08,117.24080869941665,117.77838939317073,113.0379328882635,115.38372802734376,20125550.0
2022-09-09,116.50775262995904,119.928701829999,115.33485874420488,116.849853515625,24051083.0
2022-09-12,117.43630119440408,118.02274814095604,116.31227353021757,117.09420776367188,10126462.0
2022-09-13,117.68066046107018,117.77840038075897,115.67695855059957,116.45889282226562,8918057.0
2022-09-14,114.50406163720235,118.26710437593006,113.77100107288877,118.0227508544922,13520540.0
2022-09-15,119.00016116743924,121.54143621840848,117.92500719861503,119.29338836669922,16778868.0
2022-09-16,118.56032635993542,121.83466191149851,117.5340386322903,118.80467987060548,24093647.0
2022-09-19,118.80468283855951,120.80837720186337,118.07162228823624,119.83096313476562,9936503.0
2022-09-20,120.954977647669,121.78577802292452,120.3685307626108,120.51514434814452,7439626.0
2022-09-21,120.31967064289069,121.10160488248404,118.26710258530504,119.97757720947266,8204399.0
2022-09-22,119.14678477669742,121.29709289499516,117.87614341592636,120.12419891357422,12019517.0
2022-09-23,120.22192833714618,120.5151555354336,113.28229006275892,114.11309051513672,14301412.0
2022-09-26,112.40262211980048,113.38003622519004,106.97797085205724,108.4929656982422,20998829.0
2022-09-27,109.07940739324108,112.69584388248064,108.10199333513482,111.81616973876952,16966246.0
2022-09-28,110.15456913227368,111.52295040151668,109.0305488518636,109.32376861572266,10117759.0
2022-09-29,110.93649143455302,111.9627791399062,108.4929563809285,110.44778442382812,12297229.0
2022-09-30,110.15455896464027,116.80097739771792,108.8839251910454,116.0679168701172,17967686.0
2022-10-03,116.65436427040808,118.75580594940564,113.28228881270034,113.67325592041016,20472858.0
2022-10-04,116.11678912196642,118.41371058869044,116.06791543789852,118.1204833984375,10509831.0
2022-10-06,118.70693032186618,119.43999084042132,117.6806500701353,118.1204833984375,9762115.0
2022-10-07,117.77839580255984,120.4174108169646,116.06792117472185,120.0753173828125,15447242.0
2022-10-10,118.26710608039804,119.24452018023604,117.38743189912827,118.60919952392578,8985222.0
2022-10-11,119.04902824977704,121.39481588543454,118.3159677493648,119.6354751586914,15549812.0
2022-10-12,120.515158580872,123.05643368763091,119.0490374665406,122.7632064819336,17110533.0
2022-10-13,122.71433826985536,123.88723215954072,121.590310608945,122.07901763916016,18586183.0
2022-10-14,124.13159390950176,129.21414437808323,122.27450558006998,127.40593719482422,64043276.0
2022-10-17,129.0186600485682,129.70284692963102,126.184165149527,128.5299530029297,34812065.0
2022-10-18,129.80061201956366,130.77802624423785,128.77432410082426,129.31190490722656,19209348.0
2022-10-19,129.80059378732486,131.07123508375415,127.79689192535815,128.33447265625,17193426.0
2022-10-20,127.65027521946004,128.48106817652445,126.37963402813044,127.35704803466795,11746743.0
2022-10-21,128.04123417130856,131.75541035910862,127.30817367032778,129.6051025390625,21539773.0
2022-10-24,131.99978545874336,132.19526530816074,131.07124498839352,131.70655822753906,5471882.0
2022-10-25,131.8531627516361,132.48849089706275,130.14268799066298,131.16897583007812,11565536.0
2022-10-27,132.04862823084082,132.92829480432587,130.53363365281385,131.55992126464844,12116858.0
2022-10-28,131.95090113537498,131.95090113537498,127.84576497177214,128.18785095214844,11830604.0
2022-10-31,128.96978636117325,129.6051144689966,126.6728721951655,128.5299530029297,14441082.0
2022-11-01,129.21412561533415,130.58251414050898,128.2855853139875,128.9208984375,17414680.0
2022-11-02,129.36075061635054,130.72912426920766,128.92090237907468,130.19154357910156,9763448.0
2022-11-03,129.36074760284458,134.78538331856615,129.11639410522994,134.1500701904297,22729155.0
2022-11-04,134.39442110271966,135.71393593011692,132.34184579658032,133.27040100097656,12856806.0
2022-11-07,133.9057159423828,136.10489740858984,132.9283019574019,133.9057159423828,15494978.0
2022-11-09,134.88311812291047,135.86053202235186,133.7590981042139,134.98086547851562,10717725.0
2022-11-10,134.58992097532524,136.54474921001162,133.80798669861954,134.88314819335938,8519582.0
2022-11-11,136.78909402227723,136.78909402227723,130.97348337752413,131.99977111816406,18402905.0
2022-11-14,132.34186001203932,133.3192740886841,130.3870318587498,132.97718811035156,6766232.0
2022-11-15,133.27041553127432,133.66137519690116,132.1952540795677,133.02606201171875,6002862.0
2022-11-16,132.5862202519982,133.85686159887626,128.82318481466066,130.14268493652344,9854701.0
2022-11-17,129.99605385883422,132.53733606534485,129.80057405390718,131.90200805664062,7763154.0
2022-11-18,132.19524377094706,132.19524377094706,129.409607899576,129.7028350830078,5861896.0
2022-11-21,129.31188972988073,129.99607662401812,128.4322080824278,129.4096221923828,4197089.0
2022-11-22,129.89832654872282,130.1915537584487,127.25931148950092,128.4810791015625,6354133.0
2022-11-23,129.16524444655894,131.9020064241244,128.67653748321342,131.31556701660156,8020019.0
2022-11-24,131.902034205588,132.19526142818597,129.89833225101717,130.3381805419922,7435488.0
2022-11-25,130.97349138007945,132.04865287199615,129.018663150526,129.55624389648438,7701526.0
2022-11-28,130.24040398384395,131.21781789741874,129.31186374877842,130.77798461914062,7327894.0
2022-11-29,130.72912201305886,131.6576623267694,129.0675212020788,129.45848083496094,6388679.0
2022-11-30,129.80059408825116,130.33817482038933,128.04124574405142,128.4810791015625,6326371.0
2022-12-01,129.16525439907517,131.85314290458427,128.28558776293383,129.7028350830078,10535474.0
2022-12-02,129.89833182831404,130.87574595768933,129.01866507753869,130.2404327392578,6907375.0
2022-12-05,130.77802485924462,134.54106063589364,130.04496419850238,134.198974609375,14401826.0
2022-12-06,134.73654830829193,136.05604847958438,131.36445751529044,131.75543212890625,18534496.0
2022-12-07,131.95088864827002,132.6350754584303,128.23671250348795,129.11639404296875,12158260.0
2022-12-08,129.7028440655403,133.1237933094687,129.2630107170091,132.6839599609375,16928789.0
2022-12-09,133.31928317201815,135.07863161267804,129.60512135903826,130.82688903808594,12091632.0
2022-12-12,130.92460654020212,131.36443987155835,129.26300566943723,130.97348022460938,5392164.0
2022-12-13,131.55994119000272,134.2966886838505,131.0712341497934,133.17266845703125,10645314.0
2022-12-14,133.8568567885069,134.5410436694212,132.92831638482633,133.661376953125,7409698.0
2022-12-15,133.66136511862007,138.98826846044355,133.17265811635818,134.7365264892578,30030543.0
2022-12-16,134.4433092253187,136.59361721110616,132.29300123953126,132.97718811035156,14600806.0
2022-12-19,133.17267033368188,134.63879147497013,131.36444829376418,133.75912475585938,10385302.0
2022-12-20,133.61248244952003,134.24781045822425,130.2892810233013,131.90200805664062,10008151.0
2022-12-21,132.53735479698335,133.1726679813239,127.40593089311582,127.94349670410156,13127587.0
2022-12-22,128.48106866478807,129.36075022250736,124.22931921160752,125.06011962890624,17643887.0
2022-12-23,123.25191973908709,124.08272025437986,118.70694256391384,119.68435668945312,13181619.0
2022-12-26,119.97757766169298,129.31188505730748,118.16936311503004,127.79689025878906,22992460.0
2022-12-27,128.77429550473423,130.33816388259763,126.86834117269424,129.9471893310547,12906891.0
2022-12-28,129.5073580133364,131.21783255313517,128.43219662265827,130.63137817382812,7348889.0
2022-12-29,130.1426826519346,136.7402278878999,129.01866239221022,134.54104614257812,30066392.0
2022-12-30,134.93202494736653,137.8153936762005,133.9057371180104,135.90943908691406,17160666.0
2023-01-02,136.59362195346412,137.52216237568337,134.05233930029553,134.5899200439453,11044858.0
2023-01-03,135.12748568720048,139.03714169261676,134.19894536874492,134.63877868652344,24559742.0
2023-01-04,135.12748145508894,135.37183494777443,131.8531386874416,133.3192596435547,10921191.0
2023-01-05,133.80798288682664,134.0034776360509,132.04864945705177,133.6125030517578,8313992.0
2023-01-06,133.9057087367106,134.34554202345316,130.3381538491675,131.55992126464844,11398532.0
2023-01-09,132.3907323277295,133.9057271136714,131.7065454639943,132.58621215820312,10116170.0
2023-01-10,132.8794383232356,132.92831200901108,130.1915496612887,132.19525146484375,9012962.0
2023-01-11,132.68395658095227,132.68395658095227,130.2892951540349,131.60879516601562,10832347.0
2023-01-12,132.19525094634432,133.12379131581667,130.58252372116362,131.99977111816406,9268341.0
2023-01-13,132.43959916499318,135.6650684005508,131.02235182465623,135.32296752929688,22395780.0
2023-01-16,136.1049073265134,140.1611696941012,134.05233184282142,137.13119506835938,58289006.0
2023-01-17,139.2815117214037,139.67247140267864,131.9509058413298,134.88314819335938,46001364.0
2023-01-18,135.5673312307569,135.61620491806298,131.70654856006476,133.6125030517578,19124929.0
2023-01-19,133.36814755993308,134.68766252693433,131.9509001339183,132.92831420898438,12287029.0
2023-01-20,132.9283090374767,134.10120289909412,130.48477394487605,131.21783447265625,11820995.0
2023-01-23,132.048647507087,133.27041510091956,130.97348605885225,132.92831420898438,12409370.0
2023-01-24,133.61249812484408,133.7591191813557,131.02235684884295,131.95089721679688,9611256.0
2023-01-25,131.9509045433232,131.9509045433232,127.89464196191294,129.2630157470703,15133077.0
2023-01-27,129.94718654473863,130.28928740573411,126.47736390923488,129.01864624023438,13446595.0
2023-01-30,128.92091719965606,131.12009898223351,127.06383632669748,130.04495239257812,12277806.0
2023-01-31,130.6802542886433,132.1463753500286,128.67655252191915,131.41331481933594,12256476.0
2023-02-01,132.39073537408026,133.36814946309403,124.22932922223109,128.3833465576172,12078487.0
2023-02-02,125.6465748034768,131.02235189420844,125.6465748034768,130.28929138183594,11753340.0
2023-02-03,130.87573093436987,131.95089231892655,127.35704942102444,130.38702392578125,7881035.0
2023-02-06,127.06383570382286,131.21784571721707,127.06383570382286,129.89833068847656,7602374.0
2023-02-07,130.24041066642937,130.24041066642937,127.5525222661841,128.04122924804688,12025284.0
2023-02-08,128.4810790180253,128.87205360212403,127.21043771947636,128.3833465576172,6651377.0
2023-02-09,128.38333452878854,128.4321932973371,126.086405669154,127.01494598388672,9128501.0
2023-02-10,126.72173075736276,129.31188704342654,126.57512460957754,128.4810791015625,7108094.0
2023-02-13,128.7742954540508,128.9209015894753,126.86834112276097,127.45478057861328,4384613.0
2023-02-14,127.84576869532664,127.84576869532664,125.01126628215084,126.8194808959961,7680733.0
2023-02-15,126.67287431920296,127.4059348999526,125.6465865233223,126.72173309326172,6266944.0
2023-02-16,127.79689645309595,129.067537794543,126.9660884837232,127.30818939208984,10039227.0
2023-02-17,126.91722043706883,127.25930640628864,123.83835722916176,124.22932434082033,13966049.0
2023-02-20,124.2293288075986,124.52255601615512,122.46998792749254,123.1541748046875,9530070.0
2023-02-21,123.545138218135,125.4022264166768,122.22563073343444,124.4736785888672,9155033.0
2023-02-22,123.9361066314489,124.37593997860114,121.98127849818994,122.37223815917967,5283351.0
2023-02-23,122.37224578496338,125.35336185678638,121.29709173608686,124.96239471435548,9981405.0
2023-02-24,125.69545309227838,126.08641274753904,123.8872311298494,124.2781982421875,6152834.0
2023-02-27,124.1315812945384,126.0864093464209,122.9586874462398,125.74430847167967,8137444.0
2023-02-28,125.84206492423064,127.06383254485422,124.71803722184136,126.23302459716795,8178756.0
2023-03-01,126.91720434649191,131.7065266216168,126.23300266648585,131.31556701660156,13898807.0
2023-03-02,131.0712411414091,132.34186758240693,129.45849887419823,130.3381805419922,10331343.0
2023-03-03,131.02236967337151,132.14638997920562,130.9734959830839,131.16897583007812,8336592.0
2023-03-06,132.34186961315348,132.87945037713945,130.68026854514287,131.12010192871094,10685105.0
2023-03-08,130.87575329666964,133.17268259516646,129.89833911248493,132.83058166503906,7830013.0
2023-03-09,133.1238041283331,133.36815766561497,130.82688982637728,131.16897583007812,6794833.0
2023-03-10,130.24044730968046,130.38705347982565,128.82319964636537,129.99609375,6662275.0
2023-03-13,128.96978044958828,130.43590151930127,125.8420584836982,126.57511901855467,7173855.0
2023-03-14,126.5751215268488,127.30818207623209,124.62029339516,124.8646469116211,10242575.0
2023-03-15,126.57511804921322,126.7705978741803,123.20304259752842,123.74061584472656,7183525.0
2023-03-16,123.74061800341912,125.10899917329247,121.73692366278082,124.42481231689452,9318760.0
2023-03-17,124.91351476002592,126.13528228523325,124.91351476002592,125.4999542236328,8882157.0
2023-03-20,125.59770393648373,126.86834516925572,123.1541688404432,126.18415832519533,7022788.0
2023-03-21,126.8194782080685,126.8194782080685,124.71803642264643,125.89093780517578,7719172.0
2023-03-22,126.37963815004764,126.72172411500053,125.2067442867791,126.18415832519533,7040596.0
2023-03-23,125.98866489408796,126.77059911576916,123.78949074189894,124.13158416748048,6305290.0
2023-03-24,124.13158369091046,125.3044775618519,123.00755604796312,123.98497009277344,7844882.0
2023-03-27,123.9849658855482,124.32705929820796,122.17675145542336,122.61658477783205,6549186.0
2023-03-28,122.9098203420178,123.34965369440673,120.8572522690736,122.86094665527344,8491983.0
2023-03-29,122.76320173366123,127.06382499410805,122.66546182123508,126.18415832519533,11695672.0
2023-03-31,126.77062195741068,130.24044543783555,126.47739470717691,129.31190490722656,10340913.0
2023-04-03,129.99607878325736,131.65767981494898,129.3118918777556,130.14268493652344,16580155.0
2023-04-05,130.43590660596743,130.43590660596743,125.30448266185958,125.6465835571289,16378346.0
2023-04-06,125.5977054588992,126.28189231125292,123.88723087093756,124.18045806884766,10998936.0
2023-04-10,125.0601245307842,125.0601245307842,123.25191003235844,124.13158416748048,8949316.0
2023-04-11,125.0601208072144,125.84205500561411,124.27819406589182,125.4022216796875,7732152.0
2023-04-12,124.27820612490726,125.93981459346728,124.1315925163464,124.37594604492188,7493813.0
2023-04-13,124.37594103306166,125.6465823132835,123.15417343941664,125.20674896240234,9104949.0
2023-04-17,125.20675076832252,128.72543254027875,124.22932922223109,128.3833465576172,9713611.0
2023-04-18,128.38334715150603,129.65397354177736,127.55253920633892,128.6765594482422,8784805.0
2023-04-19,128.18785261444083,129.40962023338955,128.18785261444083,128.72543334960938,4628203.0
2023-04-20,128.72545040675905,129.89834449353657,128.4322231565253,129.31190490722656,7467713.0
2023-04-21,129.21412302168685,129.40960283160123,127.79687575711549,128.04122924804688,3869518.0
2023-04-24,128.13898005298157,129.89831330363538,127.60139937565783,129.11639404296875,6342651.0
2023-04-25,129.1163976347743,131.65766513094252,129.1163976347743,130.38702392578125,10237783.0
2023-04-26,130.1426752522381,132.19525073016132,129.55623576865636,131.95089721679688,8575324.0
2023-04-27,132.09751557178555,132.6350963337185,130.2893083542099,130.92462158203125,9193198.0
2023-04-28,131.31556864185956,133.31925528505295,131.16894760254945,131.90200805664062,9349394.0
2023-05-02,132.4884820936099,133.71024969883655,131.95090136447908,133.36814880371094,7107201.0
2023-05-03,132.83057166207135,135.1763744759552,132.488485671862,134.5899200439453,8477131.0
2023-05-04,134.58990974214592,136.88683869185783,134.2478237781206,136.2515106201172,9125430.0
2023-05-05,136.8379692182149,137.13119642079923,124.1315863622378,124.8646469116211,52169855.0
2023-05-08,126.0864093464209,127.89463126007398,123.49626068626117,125.74430847167967,25677860.0
2023-05-09,126.08641691236424,128.1389924556695,125.2067502018936,125.6465835571289,12857628.0
2023-05-10,125.6465779247944,126.5262445958324,124.22932309142044,126.3307647705078,10100422.0
2023-05-11,126.81947526183808,127.21043492318748,124.62029360989868,124.91352081298828,11009514.0
2023-05-12,125.40222992368328,125.54883607057864,122.90982102737462,123.05643463134766,14452494.0
2023-05-15,123.05643165881938,125.15787337946377,121.10160353860644,124.62029266357422,20973726.0
2023-05-16,125.30448552920552,125.54883905594504,123.74062444948802,124.0827178955078,11003684.0
2023-05-17,124.2293260203482,125.25560631311468,123.20304572758172,124.76690673828124,11739989.0
2023-05-18,125.59771222898944,125.8420657547268,123.5940103351122,123.88723754882812,11018880.0
2023-05-19,124.3270615062056,124.7180286092218,121.68804661073148,123.30078125,9669660.0
2023-05-22,123.15416769893224,123.74061462513076,122.17675366957565,123.34964752197266,15934321.0
2023-05-23,123.64288085812562,124.082714210363,122.61659309346824,122.81208038330078,6772781.0
2023-05-24,122.7143427715277,123.34965596845132,120.61290097309742,121.00386810302734,12562198.0
2023-05-25,120.75950526527336,121.1015986811736,119.53773773914584,120.46627807617188,15655834.0
2023-05-26,120.71063744093844,122.56772566221454,120.61289752551916,122.42111206054688,8746928.0
2023-05-29,123.25191326168148,123.54514046676412,122.37223910351108,122.66546630859376,8267792.0
2023-05-30,123.10529914179396,123.1541728281282,122.0301451561385,122.46998596191406,8917811.0
2023-05-31,122.42111206054688,123.25191252722688,121.68805150928613,122.42111206054688,9003220.0
2023-06-01,122.42111279005071,123.10529965914012,121.98127943950432,122.66546630859376,10982556.0
2023-06-02,123.10529396995328,124.08270799895512,122.9586878312648,123.30078125,10542134.0
2023-06-05,124.0827114316181,125.20674654455858,123.78949168905216,124.42481231689452,10321926.0
2023-06-06,124.62028869773704,124.62028869773704,122.8609404627028,123.30078125,6668953.0
2023-06-07,123.64287471361054,124.62028874296716,123.1052940146335,123.34964752197266,5556188.0
2023-06-08,123.39852858261034,124.71803610970191,123.0564351433018,123.25191497802734,9170509.0
2023-06-09,123.3985256515067,123.44739933756604,122.03014446969824,122.27449798583984,6445849.0
2023-06-12,122.1767583286848,122.95869256481942,121.78579121061752,122.37223815917967,3558036.0
2023-06-13,122.66546358478747,123.15417061102168,121.59030961848768,121.73692321777344,14180212.0
2023-06-14,121.98127625394058,122.37223590773736,120.71063500786887,121.5903091430664,15051657.0
2023-06-15,121.83466341766848,121.88352964616016,119.00016116743924,119.29338836669922,16997484.0
2023-06-16,119.92870641954224,121.54144116697994,119.34225945422249,120.95499420166016,7806010.0
2023-06-19,121.15047210657572,121.1993457933557,119.87983827815002,120.31967163085938,8471676.0
2023-06-20,120.3196725714565,120.85725330192834,120.02645281971722,120.61289978027344,4066067.0
2023-06-21,120.90611957398582,121.8346674308434,120.31967261322602,120.6617660522461,6402879.0
2023-06-22,120.90612072773656,121.59031506938334,120.31967376138054,121.00386810302734,7522638.0
2023-06-23,120.95499726897036,120.95499726897036,119.00016903027992,119.3911361694336,6602216.0
2023-06-26,119.39113374511096,119.53774735145124,118.26710603927258,118.56033325195312,5930251.0
2023-06-27,119.19564390672596,120.80837862788948,118.70693686740836,120.27080535888672,9768441.0
2023-06-28,121.19935079880663,121.44370432864297,118.902429109761,119.3911361694336,27133502.0
2023-06-30,119.58660495696203,123.54513475725048,119.58660495696203,123.30078125,17568492.0
2023-07-03,124.32707328610968,125.59771462703536,123.64288638381302,124.66917419433594,14414543.0
2023-07-04,125.1089902935606,130.28928740573411,124.76689688964204,129.01864624023438,41128680.0
2023-07-05,129.7517106899319,131.07122557786414,128.77429667343526,130.28929138183594,22443255.0
2023-07-06,129.99607012912725,133.41701934305163,129.36075695506042,132.34185791015625,23044807.0
2023-07-07,132.87943788949983,133.12379140342472,130.28929660755847,132.09750366210938,13848264.0
2023-07-10,132.09749995723288,132.4396008327949,129.50735874793597,130.875732421875,12720773.0
2023-07-11,132.0486445878046,132.43960424352576,130.63138227896695,131.95089721679688,8025060.0
2023-07-12,131.95089500043645,133.31926868663098,130.8757335940303,131.21783447265625,15485814.0
2023-07-13,131.9509038981601,132.0975100479403,123.5940103351122,123.88723754882812,72729803.0
2023-07-14,125.15787867444782,127.06383318945856,123.74062375308796,126.37964630126952,30563704.0
2023-07-17,128.04123417130856,130.68024899200853,126.86834035257012,129.6051025390625,29948533.0
2023-07-18,130.58253819179674,132.3418717545362,128.57883617405844,131.85316467285156,30095708.0
2023-07-19,133.0260608509924,133.75912140326275,130.43590461781068,132.6839599609375,24377900.0
2023-07-20,134.98089237359957,136.10491261625836,132.39073607549705,133.75912475585938,39128767.0
2023-07-21,133.7102583682229,133.8568645246935,130.04495531489528,131.12010192871094,21243972.0
2023-07-24,131.4622023439642,132.2441366418525,130.3870408200983,130.92462158203125,11438342.0
2023-07-25,131.5599305416779,131.7065366762124,128.72542098939311,129.6051025390625,12507814.0
2023-07-26,129.70283857076234,131.95089381865174,129.70283857076234,130.875732421875,15769623.0
2023-07-27,131.26670698168223,132.48847451704012,130.53364646046748,130.875732421875,20697424.0
2023-07-28,130.92461071745527,134.29668625098105,130.48477737206582,132.39073181152344,28108965.0
2023-07-31,132.87943936099109,133.51476745272416,131.85315160831075,132.58621215820312,11585682.0
2023-08-01,133.3192713618567,133.3192713618567,131.46219061987728,132.04864501953125,12265664.0
2023-08-02,131.7554106746858,131.7554106746858,127.65027484219176,129.751708984375,19099857.0
2023-08-03,129.75172237269967,129.94720221076903,127.79689416369476,129.16526794433594,13591421.0
2023-08-04,129.94717932772178,132.4395878381335,128.72541191224084,131.55992126464844,16663874.0
2023-08-07,132.09751599794382,132.09751599794382,130.0938289279711,131.02236938476562,13236209.0
2023-08-08,131.60879757852274,133.22153973049072,131.1200905471667,132.39073181152344,12282946.0
2023-08-09,132.4395878381335,132.6839413212297,130.19153281081796,131.55992126464844,12772010.0
2023-08-10,131.2667232106534,132.29301105006854,130.48478890852013,131.16897583007812,15357708.0
2023-08-11,131.7598330965428,132.30144975311467,130.77508100318465,131.16897583007812,10427685.0
2023-08-14,131.36592547322755,131.36592547322755,128.51015036446708,130.97203063964844,6724869.0
2023-08-16,129.88877551288846,131.36590343013643,129.6918281291465,130.1842041015625,11329623.0
2023-08-17,130.57811871825373,132.94151746269702,129.98726151908153,132.54762268066406,14592871.0
2023-08-18,132.44913084614112,132.84302559657323,130.92276239250404,132.10446166992188,6454530.0
2023-08-21,132.10447594201196,132.94152115976345,131.61209993771655,132.2029571533203,11583244.0
2023-08-22,132.4491561570194,134.81255516349785,132.05526133131443,133.97552490234375,15619405.0
2023-08-23,134.4679004398853,140.03174371911578,133.72933637488353,139.53936767578125,31220704.0
2023-08-24,141.11495702009174,141.60733299362582,137.27441541085255,138.55459594726562,22632569.0
2023-08-25,137.86527258954237,140.13020507302355,136.63433265570717,138.55459594726562,14682803.0
2023-08-28,139.29317108812856,142.2966677729908,138.35765966854814,141.705810546875,19046442.0
2023-08-29,142.5920904699363,144.21692523515551,141.8042858765089,142.24742126464844,17276351.0
2023-08-30,143.232184677463,143.5768539102498,140.81954512632765,141.21343994140625,8170161.0
2023-08-31,141.16422365643697,142.34592320562552,139.8348022722717,141.75506591796875,19548529.0
2023-09-01,142.88752623126257,142.98599241904867,139.1454654945486,141.6073455810547,13687325.0
2023-09-04,141.6565943511565,142.29667720008428,140.32717301738413,140.86878967285156,11140979.0
2023-09-05,141.55809520430063,143.37989235303107,140.7210500222088,142.4936065673828,13833678.0
2023-09-06,141.80429298275047,143.2814210346541,140.6718341534071,141.6073455810547,17346713.0
2023-09-07,142.24743060851952,144.9062581381311,141.65658839423017,142.78904724121094,13131381.0
2023-09-08,143.62609587592405,146.0387354498587,142.83829121219816,145.2509307861328,18010921.0
2023-09-11,146.13718639274373,147.71279555578784,145.25091562985804,146.6295623779297,20273209.0
2023-09-12,147.61432163875347,147.61432163875347,139.68707990664294,140.42564392089844,17735490.0
2023-09-13,140.81954144787676,143.7245569550383,138.653089969288,142.93675231933594,16236362.0
2023-09-14,144.1676974952442,145.6448256049337,143.28142663988018,145.2509307861328,10378267.0
2023-09-15,145.25092268070523,146.53110330955644,144.41387745480776,145.98948669433594,8614702.0
2023-09-18,144.9062615917273,145.44787823732725,143.42913348161338,143.87228393554688,11469599.0
2023-09-20,143.08447486989252,145.25092635952166,142.0997228267771,144.26617431640625,19554843.0
2023-09-21,144.26616665004389,146.48185862931075,143.23217405449475,143.57684326171875,14051863.0
2023-09-22,143.62609740594576,145.20169172405787,142.78905212442183,143.7245635986328,8086555.0
2023-09-25,143.6753258604187,145.54636387235564,141.9520096796509,144.85704040527344,14333389.0
2023-09-26,144.85703227744497,146.18643852662757,144.31541564579706,145.59559631347656,14100749.0
2023-09-27,145.7433043005865,149.18993649688414,145.1524470564859,148.25442504882812,20485056.0
2023-09-28,148.59906712262762,149.09144311047746,143.0352244703737,143.77378845214844,29980644.0
2023-09-29,146.481858704025,146.481858704025,144.06921933059505,144.9554901123047,8836942.0
2023-10-03,145.25091165444462,149.97772398808488,145.05396427098506,148.40211486816406,18267135.0
2023-10-04,148.00822679306015,148.15593358080247,143.97073763204463,145.00473022460938,22633122.0
2023-10-05,145.989501428768,146.48187748754967,142.44438779508997,143.28143310546875,11157021.0
2023-10-06,144.0692269130079,144.75855033796395,141.85353481599824,144.26617431640625,9149275.0
2023-10-09,142.88751367800373,143.42911522855428,140.9672353583345,142.7397918701172,11349775.0
2023-10-10,143.281421787076,146.23567790639714,142.98599316991914,145.69406127929688,8324817.0
2023-10-11,146.5803421439261,147.17118433201497,144.31540952427756,144.758544921875,11961227.0
2023-10-12,145.4478739944252,148.54985195085027,144.56160316466017,147.0234832763672,11378622.0
2023-10-13,146.4326248218644,149.78079076162803,146.23567741978974,147.1219482421875,15602219.0
2023-10-16,149.23918366630488,150.27317637587907,144.46312997386073,146.28492736816406,32531561.0
2023-10-17,148.4513804988966,148.4513804988966,145.6940715872245,146.13720703125,13265518.0
2023-10-18,146.72803840695954,147.2696549767734,143.576835218209,144.31539916992188,20284169.0
2023-10-19,144.0692232286628,145.44787004331815,142.98598999848838,144.61083984375,8868032.0
2023-10-20,144.46312889536208,145.9894976432312,143.0352413671456,143.6260986328125,10731136.0
2023-10-23,142.73980864555278,144.0199893337442,140.32716909441743,141.21343994140625,16900861.0
2023-10-25,141.11497551789174,142.05048698501184,139.34241877559222,139.6870880126953,13307403.0
2023-10-26,138.85005243103504,139.19472169220046,135.20647250012652,136.0435028076172,19469168.0
2023-10-27,136.97901424713376,139.73630792762032,136.63434502401114,137.42214965820312,11627544.0
2023-10-30,138.30842098380194,139.09622562086165,135.1572174616868,138.75155639648438,10041391.0
2023-10-31,139.14545361849437,139.58858899101918,137.56984448715917,138.50535583496094,6692752.0
2023-11-01,138.45613196355313,139.1946959355647,137.52060557810717,138.35765075683594,8303782.0
2023-11-02,138.99775373605468,141.0657391688755,138.89928754114038,139.29318237304688,6186723.0
2023-11-03,140.72106292142243,141.8535368025387,139.83479208065657,141.31192016601562,8768877.0
2023-11-06,142.0012524510361,142.8875383731648,140.8195529143227,141.9027862548828,11103173.0
2023-11-07,142.59210537522657,145.94025646462492,141.26268404571948,145.05398559570312,14254789.0
2023-11-08,145.5463490363675,147.66355983218995,143.82303303126264,144.8077850341797,19887689.0
2023-11-09,145.25093028972464,146.62957717694016,144.56160684611686,145.3001708984375,7550625.0
2023-11-10,145.25092077140124,147.71280078447583,145.05397337557991,147.56509399414062,8015794.0
2023-11-13,147.1219410390558,151.20867080610464,146.82652746346912,150.56857299804688,19532510.0
2023-11-15,151.7503021620641,152.833520438841,147.5651058048651,147.8605194091797,22224705.0
2023-11-16,147.81129332908523,148.89451160222146,147.12195485166987,147.90975952148438,9606277.0
2023-11-17,146.72805243253524,147.9097518630088,145.49711239534955,145.84178161621094,17556958.0
2023-11-20,145.74329249899017,146.48185648124857,144.51235252855952,145.15243530273438,9425725.0
2023-11-21,145.25090879248472,145.94023213407215,144.26615686846787,144.46310424804688,7748972.0
2023-11-22,144.70930575850286,144.95549376252418,142.98598973035368,143.232177734375,7738354.0
2023-11-23,143.23217461434615,145.10321241982524,142.88752043189788,144.90625,5139738.0
2023-11-24,145.30015711485967,145.79253310303193,144.11845774847075,145.15243530273438,6129389.0
2023-11-28,145.25093458176926,148.2544314885155,144.46312989745678,147.66357421875,7168750.0
2023-11-29,148.05746558303642,148.2051723689684,146.87575119109005,147.958984375,7318824.0
2023-11-30,148.1066919711658,148.69754917037133,144.46311264572563,145.10321044921875,18371642.0
2023-12-01,146.4818572998047,148.00822587689277,145.74329331341912,146.4818572998047,12179761.0
2023-12-04,150.27316239862216,152.83350860319237,147.95898916987534,151.7010498046875,21781254.0
2023-12-05,153.62131672771645,156.57557281863407,152.09494807551764,154.16293334960938,18640322.0
2023-12-06,155.49233931912178,155.54157992578078,152.39037643920923,152.78427124023438,11309743.0
2023-12-07,153.47361513205837,153.5228407143422,151.1102011635969,152.29190063476562,7807482.0
2023-12-08,152.6365562858705,153.32587966387248,150.91324032780423,152.14418029785156,6969212.0
2023-12-11,152.24268049468492,154.80302693605424,151.2579283958218,151.79953002929688,10074791.0
2023-12-12,152.39037415490267,152.8335095559443,149.68230611660877,150.2239227294922,8884252.0
2023-12-13,150.47011294662337,150.9624889608295,149.38687970492043,150.0269775390625,10328622.0
2023-12-14,152.24268158149246,152.29190716588738,150.07621492762834,150.32240295410156,11126495.0
2023-12-15,151.15943136454962,155.64005595093838,150.7655365766547,154.65530395507812,14415539.0
2023-12-18,154.7045499715023,155.29539217401174,152.3411360830941,154.16293334960938,14540270.0
2023-12-19,154.21217984897365,156.5755788015665,153.7690293975039,154.99996948242188,12245375.0
2023-12-20,155.2461416631583,156.87099142517786,149.87924644560348,150.86399841308594,13005090.0
2023-12-21,148.992982752911,152.14418619310996,147.0727193304556,151.60256958007812,13604825.0
2023-12-22,152.43962964445484,154.11370522635323,150.91326086861747,151.65182495117188,10356668.0
2023-12-26,151.70105079194693,153.03045699543603,150.91324617536637,151.60256958007812,5809256.0
2023-12-27,151.75030617262902,152.7842838673054,150.42088481358118,151.65182495117188,8811491.0
2023-12-28,152.63656076511003,154.70454598592528,151.9472373668793,153.12893676757812,15172431.0
2023-12-29,156.08320105465938,156.57557708322298,152.53808763855196,153.76902770996094,13041199.0
2024-01-01,153.81826412855293,154.80301615885878,153.52283551423645,154.16293334960938,6210375.0
2024-01-02,154.16293787821922,154.55683269146303,148.7960421606218,149.58383178710938,13182359.0
2024-01-03,150.86401420608593,150.86401420608593,148.74680326481027,149.43612670898438,10486168.0
2024-01-04,150.17467272682484,152.88274059566922,150.125432123985,152.4888458251953,13766132.0
2024-01-05,153.57208205788203,153.57208205788203,150.71630707004368,152.24267578125,7195693.0
2024-01-08,150.66706835277304,151.01173759148074,147.46662409037754,147.90975952148438,15037236.0
2024-01-09,149.3376334281362,150.470107233486,148.69755064442063,149.14068603515625,10718241.0
2024-01-10,149.09145747383525,149.92850274426934,147.41738195909124,149.43612670898438,8429097.0
2024-01-11,149.87926217374294,150.27317201774585,147.31891580528264,148.05747985839844,10176583.0
2024-01-12,148.64831394839004,149.58382535923647,147.8112837496846,148.79603576660156,7828235.0
2024-01-15,150.61781311035156,150.96248231557317,148.99297834544467,150.61781311035156,13760399.0
2024-01-16,151.40562232365983,152.8827503463297,145.49711023298042,147.41737365722656,36969953.0
2024-01-17,147.2204370100637,147.2204370100637,141.65659372882877,143.67532348632812,48678947.0
2024-01-18,143.1829373968501,146.97423867633725,140.13021515693515,144.61083984375,21044204.0
2024-01-19,146.629557202949,146.629557202949,143.42911341219315,144.31539916992188,10902628.0
2024-01-23,146.08797865756085,146.08797865756085,137.27443542539302,138.11148071289062,15830801.0
2024-01-24,138.25918158885466,141.06573093732425,137.5206175525336,140.03173828125,18178107.0
2024-01-25,140.42565256933997,141.31192343058032,138.4069078008211,139.63784790039062,18228649.0
2024-01-29,141.01648569818315,144.41387714845266,140.32716229214816,143.232177734375,20336392.0
2024-01-30,144.21691830759084,144.26615890971277,142.29665503381227,142.88751220703125,7968976.0
2024-01-31,143.28142883173513,146.13720387703816,142.39515796281333,145.05398559570312,18544711.0
2024-02-01,145.89100544616284,145.89100544616284,142.78904260012663,144.61083984375,12321655.0
2024-02-02,144.80779813802187,146.62958049259998,143.28142939015274,143.6260986328125,11258500.0
2024-02-05,143.6260834519383,145.3493994308386,141.8535268684163,145.00473022460938,15973650.0
2024-02-06,145.00471861711532,145.84176375031134,144.06920730868083,144.66004943847656,8693602.0
2024-02-07,145.64480725397988,147.61431115207898,145.0539651002235,146.92498779296875,16778158.0
2024-02-08,147.71280471017457,149.0914515436868,143.87227779815944,144.41387939453125,10083699.0
2024-02-09,144.75855696402107,145.3986398108952,141.16421785257506,145.05398559570312,10858532.0
2024-02-12,146.1371954494833,146.1371954494833,143.1829393552798,144.41387939453125,15243144.0
2024-02-13,143.97074788940824,146.03873322187377,142.05048438133252,145.4478759765625,8633927.0
2024-02-14,144.06922546040423,147.860511772498,143.28142082863036,147.1711883544922,12223910.0
2024-02-15,147.71280407228417,154.8030156625291,147.12194684554564,154.21217346191406,29844812.0
2024-02-16,154.85225989896588,163.27189293367337,153.8182672409976,162.18865966796875,51750478.0
2024-02-19,163.41960350903747,163.81351335391176,159.87450506191388,160.46534729003906,14982976.0
2024-02-20,150.6670684287538,153.22742985041108,146.8757669055544,152.04571533203125,33045447.0
2024-02-21,153.71979766719164,153.71979766719164,150.91324837537317,151.40562438964844,14375228.0
2024-02-22,152.3411221714785,152.4396033759653,150.02696412726004,151.25790405273438,9963362.0
2024-02-23,152.53809745365055,152.53809745365055,149.6823223146758,150.12545776367188,21338955.0
2024-02-26,150.1746934947401,150.76555075828392,147.61433205421608,149.18994140625,25950539.0
2024-02-27,150.37164199814995,152.3903867994254,148.74680705080297,151.84877014160156,15504425.0
2024-02-28,151.8487668247285,152.24267667005267,147.46662310010058,148.00823974609375,9726132.0
2024-02-29,148.59908074490065,148.89450936991742,145.84178698107502,148.10670471191406,12829211.0
2024-03-01,149.09146354686726,150.66707293440902,148.59908749152606,150.27317810058594,7683577.0
2024-03-04,151.94722740577558,151.94722740577558,149.83000171828644,151.25790405273438,11491625.0
2024-03-05,150.86399223938176,154.8029999481182,150.76552606233653,152.83349609375,15097161.0
2024-03-06,153.0796925729579,156.13242972713402,150.37162462287748,154.8522491455078,28581350.0
2024-03-07,155.54158241461494,155.59082302206184,153.2766497071703,153.9659881591797,7038942.0
2024-03-11,153.96598297458644,154.80301316850327,152.2918925345063,153.03045654296875,12353089.0
2024-03-12,153.6213230089065,153.96599224405563,148.9437506736994,149.43612670898438,12926472.0
2024-03-13,150.0269888618315,150.4208836924749,144.51237107607653,146.23568725585938,12273615.0
2024-03-14,143.7738032141769,145.9894953869981,137.5206215159873,143.8230438232422,23395531.0
2024-03-15,144.51238008107796,148.84528359264985,143.77381595800605,148.1559600830078,18505435.0
2024-03-18,148.69754917037133,149.92848914694727,144.6600600367532,145.10321044921875,20703599.0
2024-03-19,145.74330682269598,146.23568285925913,143.42913344039945,145.2509307861328,8094302.0
2024-03-20,146.67881878856926,147.12195421776676,143.62609636711213,145.20169067382812,14058739.0
2024-03-21,146.72806273005844,147.95900285363274,144.75855853233952,147.66357421875,6212045.0
2024-03-22,147.71280349026426,148.9929841257379,146.82653267977204,147.31890869140625,8409218.0
2024-03-26,147.31890648535617,149.18992929109888,146.38338005636163,147.51585388183594,7742995.0
2024-03-27,147.51585388183594,149.0914480797974,146.23567326553257,147.51585388183594,20853016.0
2024-03-28,148.6483235820372,148.69756419129888,146.77730063908643,147.90975952148438,7208707.0
2024-04-01,149.68230831866882,150.6670603470811,148.5990750769659,150.0269775390625,8748792.0
2024-04-02,151.06095198395258,152.1934258085806,150.27316239862216,151.7010498046875,8112500.0
2024-04-03,151.65180430983264,152.68579688989695,149.92848835176636,152.14418029785156,12129473.0
2024-04-04,154.3598948870094,154.3598948870094,149.9285103447986,150.12545776367188,16855917.0
2024-04-05,150.86401436185363,152.48886429564615,148.94375082748445,152.1934356689453,9900539.0
2024-04-08,153.17818924112456,153.17818924112456,149.04223350516793,152.04571533203125,13919010.0
2024-04-09,152.6365727702703,156.23091186053986,152.3411441403288,153.42437744140625,17300199.0
2024-04-10,154.6060576049037,157.06793750307094,151.2579069538452,156.5755615234375,40162551.0
2024-04-12,157.01871476920516,157.75727882270672,153.4243757192806,153.57208251953125,16558634.0
2024-04-15,151.60255835971856,153.62130284463203,150.51934023994892,152.6365509033203,18051649.0
2024-04-16,151.25792030561686,151.94724373272686,149.38688240217687,149.78079223632812,13947991.0
2024-04-18,150.07620510019586,153.1289424390115,149.58382907949164,149.83001708984375,12619744.0
2024-04-19,148.69754649534218,151.257907611009,146.2356665864789,149.5345916748047,10378590.0
2024-04-22,150.22392764827845,152.3411385370919,150.07620582567887,151.15943908691406,12152983.0
2024-04-23,152.0457071977569,152.14418841106135,150.4701129677501,151.40562438964844,9181183.0
2024-04-24,151.7502800229241,152.09493418638365,150.61780627581444,151.25790405273438,7177359.0
2024-04-25,151.15944294998434,154.21218038157377,151.15944294998434,153.57208251953125,17911036.0
2024-04-26,153.91673946797906,156.13243145160797,153.67055146979808,154.7045440673828,15126683.0
2024-04-29,155.59082422283595,158.4465991633119,153.67056072657635,158.0034637451172,24049248.0
2024-04-30,158.9389673377212,162.13941134875935,157.11718514711183,160.1206817626953,32465189.0
2024-05-02,166.91546726226807,167.70327188288988,160.36687234472873,165.43833923339844,75875713.0
2024-05-03,165.93070670675974,166.91545867534583,161.49932284812223,163.41958618164062,17758980.0
2024-05-06,165.14291129117967,165.14291129117967,158.1019403355033,161.2039031982422,19660309.0
2024-05-07,161.49932870879792,161.99170471095889,156.67404989806963,157.3141326904297,11483902.0
2024-05-08,157.3141291001264,158.54506907743567,154.3598731545841,154.8522491455078,18895207.0
2024-05-09,155.5908153459208,157.70802612657113,153.96598056320053,154.65530395507812,8372049.0
2024-05-10,155.73852129267166,157.90498769274714,154.11368651873798,157.51107788085938,10878308.0
2024-05-13,158.4958262826109,160.07143544224002,155.83699897359398,159.23439025878906,16577995.0
2024-05-14,160.0222015854618,161.745517602536,158.692780361841,161.40084838867188,10674881.0
2024-05-15,161.4008609887882,161.89323703210496,159.33289062253235,160.26840209960938,11602958.0
2024-05-16,161.45010226739788,162.28714755495486,159.2344100632905,161.5978240966797,7523851.0
2024-05-17,161.49933032683515,162.38560112915505,160.71152571026008,161.35162353515625,8301634.0
2024-05-21,161.4993323055756,162.68103173185511,159.77601625963197,161.1546630859375,8380426.0
2024-05-22,161.1054357530249,161.35162375691024,158.84050311205496,159.92372131347656,15020638.0
2024-05-23,160.85924355276816,161.6470331237514,159.57906296073602,160.317626953125,6626566.0
2024-05-24,160.07143189539187,161.94245458313628,159.8744845113328,160.95770263671875,6465598.0
2024-05-27,161.79476091867633,162.68103173185511,160.1206854792701,161.1546630859375,17962246.0
2024-05-28,161.64704838522593,161.79477021332423,157.06795721054078,157.56033325195312,5526636.0
2024-05-29,157.0679473876953,158.44659420698122,156.08319536645584,157.0679473876953,10114326.0
2024-05-30,157.51108943457365,159.5298341684736,156.92024721258704,157.8557586669922,8503177.0
2024-05-31,159.0374544178407,160.2683944675144,157.70803315374368,159.57907104492188,8705347.0
2024-06-03,162.73026491336518,164.45358088067766,161.0561895503433,161.843994140625,20720708.0
2024-06-04,162.5825717209251,162.82875973684042,145.7433054218678,152.29190063476562,19975571.0
2024-06-05,153.62132051147864,164.50283371959983,148.59907902276922,163.51808166503906,39670558.0
2024-06-06,165.1429175705309,166.52157947115495,161.2531499360763,162.04095458984375,10103459.0
2024-06-07,162.4840845886973,164.50282925093308,161.74552056783958,162.5333251953125,9139816.0
2024-06-10,163.37035762726052,164.1089216581724,160.288093956019,162.3363800048828,18888960.0
2024-06-11,163.47869675494118,165.97011845795203,161.94248582633173,165.03460693359375,11979407.0
2024-06-12,165.24138962244342,171.89830777401883,163.9119684038103,171.208984375,31959137.0
2024-06-13,172.34144512252288,172.4300842239255,168.9834521636904,169.6333770751953,11800445.0
2024-06-14,170.61813642699423,172.22328709240875,169.77124905474238,171.74075317382812,11108163.0
2024-06-18,172.23312176337097,173.5133023906995,170.60828694576537,172.42022705078125,10019555.0
2024-06-19,172.42023300679844,174.74424844825026,170.7658567736245,171.8884735107422,29598134.0
2024-06-20,173.26710424815943,176.723593242311,172.33159289197036,176.15243530273438,13690057.0
2024-06-21,176.98947573440608,176.98947573440608,173.02092630963827,173.82843017578125,9510818.0
2024-06-24,173.0603320276789,174.30111421096248,169.50537649837645,173.15879821777344,16360199.0
2024-06-25,174.25185657299485,174.93133783057354,172.38083385669267,173.31634521484375,6501716.0
2024-06-26,173.31636300811996,176.45772449182198,171.93771613100498,174.46852111816406,10907675.0
2024-06-27,174.00567293316897,176.46755289834147,172.784590087162,174.32080078125,12594627.0
2024-06-28,175.28586628944817,176.66451315992686,174.1041668253059,174.54730224609375,5586121.0
2024-07-01,174.59653763595284,176.46756047941423,174.02537965636105,175.0298309326172,5278090.0
2024-07-02,175.6305291370346,175.77823592988767,171.25822775510304,172.35130310058594,6398642.0
2024-07-03,175.28585153096202,180.5050400031197,174.49804694582306,178.69309997558594,36051344.0
2024-07-04,180.16039147456232,180.16039147456232,175.28587164472324,178.21058654785156,9860769.0
2024-07-05,178.200748592333,184.3455921473662,177.19629723194305,183.3509979248047,16844463.0
2024-07-08,184.2471055990802,186.4135569984253,182.44500763214427,185.1924591064453,17405153.0
2024-07-09,185.4288236922256,186.4726585154924,183.4691616011047,184.88720703125,9869013.0
2024-07-10,184.88719722433365,186.4529493761821,181.6867530646581,185.7833251953125,16100830.0
2024-07-11,186.75820747256705,190.67753118176512,185.3598614605376,189.72232055664065,16408103.0
2024-07-12,193.42498262233104,194.18324585625984,190.75631316407,192.4993133544922,24195859.0
2024-07-15,192.49932131268304,193.8385846654529,190.2639450385392,191.78045654296875,14486955.0
2024-07-16,191.7804653801637,192.94246560869524,190.4707433256521,192.371322631836,8445700.0
2024-07-18,192.3614520092053,194.7544071819865,192.0266399355872,193.6022491455078,9065610.0
2024-07-19,193.9961537045457,193.9961537045457,187.9300774748243,188.55047607421875,10613495.0
2024-07-22,188.53077613579703,191.9281676880888,187.20136988983444,189.9882049560547,18442177.0
2024-07-23,199.90465654352369,200.33794982888145,192.87352784545155,194.94151306152344,48303121.0
2024-07-24,193.9961546303863,200.8894190081157,190.1851689899155,198.16165161132807,52568775.0
2024-07-25,196.6549755894533,202.02187109870533,194.83319336626823,201.5491943359375,26159847.0
2024-07-26,192.02665502374825,196.3497160409302,190.01776739807136,194.9809112548828,26611586.0
2024-07-29,196.17246562679293,199.1070225753719,195.1187737039157,197.94500732421875,21488147.0
2024-07-30,197.9253141579736,199.8258783464231,196.4580282369249,198.7623443603516,8784936.0
2024-07-31,198.91991321606312,199.1168606199632,194.7445591332125,198.3192138671875,17531393.0
2024-08-01,198.91990484900373,200.406874965946,196.07397215790203,197.68896484375,8241827.0
2024-08-02,194.4885384664481,197.24584733347584,194.09464363949752,194.69534301757807,5501380.0
2024-08-05,190.10638649193191,191.8592439410015,187.6543484750065,189.9094390869141,17772430.0
2024-08-06,191.04189856114328,192.50918453166184,187.7922137762702,188.4519958496093,7400639.0
2024-08-07,191.0714407915077,191.2782453353769,187.3589213220384,189.76171875,12297322.0
2024-08-08,190.0571509294097,192.29254235231912,189.33828612025573,190.82525634765625,5630502.0
2024-08-09,193.0113966688941,195.22708872249115,192.7159680565232,194.547607421875,3959405.0
2024-08-12,192.0266357760361,198.6244710256805,192.0266357760361,198.17149353027344,14710865.0
2024-08-13,199.55998720233265,203.43991249453777,198.49646826312105,199.11685180664065,12610913.0
2024-08-14,198.6835679969032,201.26362858304824,198.6835679969032,199.63877868652344,9200992.0
2024-08-16,199.91451314983647,201.7756939688052,198.61464822563383,200.564453125,5776204.0
2024-08-19,202.07111799217563,202.56349401799773,199.03807986997649,199.59939575195312,11539502.0
2024-08-20,200.0819188556674,201.22423486590964,198.67373060468927,200.593994140625,6524853.0
2024-08-21,200.5939837931638,200.98789361747484,197.74805105180647,200.15084838867188,11466995.0
2024-08-22,200.485675102872,200.77126162460743,199.4615395371601,200.2198028564453,5362821.0
2024-08-23,201.2302134649751,201.2302134649751,197.1291355707793,197.68386840820312,9308243.0
2024-08-26,198.0701953703719,198.90229460165853,196.2276812923312,196.8616638183593,6050543.0
2024-08-27,197.1390273122622,197.73339253457985,194.65263020008217,195.0686798095703,6295365.0
2024-08-28,195.44511312573388,195.6333292842763,192.1067854573108,193.72146606445312,10580774.0
2024-08-29,194.35544562715864,195.02906054667503,192.6714310013705,194.0780792236328,5587549.0
2024-08-30,194.55355188894995,196.36634907458847,192.3742380716035,192.8695373535156,10597018.0
2024-09-02,195.6432213895748,195.6432213895748,191.8492269786608,192.8893585205078,7256241.0
2024-09-03,193.1667283599189,194.9993418289548,192.42377940468847,192.7803955078125,5279057.0
2024-09-04,189.20432280116515,189.9472717126881,184.99427896920204,186.103744506836,16570778.0
2024-09-05,186.49007304811627,188.8873196670017,185.84619005240208,187.86700439453125,6187897.0
2024-09-06,186.2325379604493,188.19391896837715,180.6950953796249,181.72531127929688,7100505.0
2024-09-09,181.72530893498472,184.60795446944044,180.73471034159115,183.25083923339844,10193666.0
2024-09-10,184.53860720219524,184.9249400529613,182.77534289712585,183.62725830078125,4849579.0
2024-09-11,184.92493498314823,184.92493498314823,180.8833060930148,181.4578399658203,6817180.0
2024-09-12,182.4385450138436,183.0527113179102,180.0214819760733,181.8540954589844,5059255.0
2024-09-13,181.79466828656533,185.984896339306,181.7847526262609,184.76646423339844,7965898.0
2024-09-16,184.9645730196368,186.32168827366925,182.4682602988991,182.9536590576172,8179164.0
2024-09-17,182.96354726243635,183.5479967731885,181.3785986680916,182.59703063964844,4896706.0
2024-09-18,182.5970380984207,185.5886500428581,181.98287181561625,184.1621856689453,11651012.0
2024-09-19,184.756546049149,186.083959708256,180.69510071316165,184.449462890625,5766996.0
2024-09-20,187.2231310188582,187.2231310188582,182.8645033269869,183.30035400390625,8194605.0
2024-09-23,184.59805241285068,186.816983570061,182.9833718819389,185.8858184814453,9605071.0
2024-09-24,185.8362911748116,190.19491868180265,184.44944415688968,188.91705322265625,8541648.0
2024-09-25,188.9170669625065,191.878947123164,186.8269032974463,190.93788146972656,15026637.0
2024-09-26,190.9378830148456,192.37424798332995,189.2538683926456,190.75958251953125,9537810.0
2024-09-27,190.1949247808917,193.6620197638768,189.2142267584698,191.88885498046875,17024145.0
2024-09-30,191.9780159397917,195.84134451891669,191.08646811091523,194.8804626464844,12907403.0
2024-10-01,196.633830892794,198.21879476980223,194.1573342820536,195.2667999267578,16206968.0
2024-10-03,191.48271278397564,195.63332334468592,189.2637664740409,191.9780120849609,19743283.0
2024-10-04,191.4827112623641,196.62392038419043,190.5515461654576,191.84922790527344,9625150.0
2024-10-07,194.1573283897728,194.632811492311,180.93283084362096,182.46826171875,26530545.0
2024-10-08,182.28996748230887,187.322210429233,180.6356695535804,185.9947967529297,11599116.0
2024-10-09,186.72784577160587,187.13399484632288,182.86451707763803,184.0928497314453,17928394.0
2024-10-10,185.0933550981793,185.50940469778223,183.1715913890596,183.9343414306641,3798189.0
2024-10-11,183.9541601936597,187.520321261766,183.9541601936597,185.78677368164065,5256494.0
2024-10-14,187.08445877995112,196.02956324330344,186.7872761664329,194.890380859375,23696585.0
2024-10-15,196.13851926285804,197.93150027807,193.7610887118664,196.752685546875,12866991.0
2024-10-16,195.3460362143138,196.53475148275223,191.59167426105668,192.5723571777344,8161660.0
2024-10-17,192.5723611625621,193.3648430630312,190.5416461314874,191.789794921875,6228921.0
2024-10-18,191.68081731167013,194.4049632941358,188.4811882627405,193.46389770507807,7308007.0
2024-10-21,193.4143829571816,195.39558022178767,190.9378863764238,191.5718688964844,9532877.0
2024-10-22,192.1761296573196,193.16672826380056,187.21323608037025,187.5599365234375,5731783.0
2024-10-23,188.11466936420464,189.58076618514644,185.8363046610869,186.94577026367188,5765355.0
2024-10-24,187.5005070071778,189.19443731097937,184.6574937831116,187.0844573974609,4639754.0
2024-10-25,187.124070772166,188.5307340952702,180.9823624332772,184.4890899658203,7802725.0
2024-10-28,184.3504042766787,188.6396828845781,180.28894399763104,183.25083923339844,15752834.0
2024-10-29,192.1266001552772,199.52637308784625,190.4425855170749,198.81314086914065,67924331.0
2024-10-30,197.3371432148784,202.86466980609973,196.48522785977485,201.32925415039065,23886475.0
2024-10-31,202.0722154006884,203.726513261498,199.13013632696465,201.9929656982422,13019192.0
2024-11-01,202.3297685024123,203.61754973381787,201.5868195360632,202.25051879882807,1541532.0
2024-11-04,202.2505025186956,205.6482633779376,200.70517121153435,202.369369506836,23397597.0
2024-11-05,202.25051295197173,203.5680108947169,198.3178353278932,202.34957885742188,9979703.0
2024-11-06,204.9548518553717,204.9548518553717,200.8934065147317,202.815170288086,10938474.0
2024-11-07,203.27082922424137,205.94544241495475,202.57741322892088,204.07321166992188,9253419.0
2024-11-08,204.04348374955617,205.975147886236,202.5873026814436,204.82606506347656,8766446.0
2024-11-11,205.8464029940378,206.24263640886767,201.98305918043403,205.7770538330078,13015963.0
2024-11-12,206.3317803266378,207.79787717024644,204.12274963186096,205.3213806152344,8129987.0
2024-11-13,204.8855107646221,205.48977651674784,196.7031717496642,197.50555419921875,13381335.0
2024-11-14,197.3272429482616,199.8037395091468,194.1573303733957,195.12811279296875,9354472.0
2024-11-18,195.14792513996176,199.001353107909,193.2063452238624,198.36737060546875,13133102.0
2024-11-19,200.10092155261745,208.62007574406107,199.31835529234243,204.7071990966797,22964708.0
2024-11-21,204.47936910120657,209.4521784976976,202.0821222103941,208.8974456787109,15482528.0
2024-11-22,209.4917902631436,210.0069057737504,206.4209436347097,207.4016265869141,13076979.0
2024-11-25,209.0163014152656,211.49279787753173,207.45115383727315,210.87863159179688,18553476.0
2024-11-26,210.878635488432,211.98810108712087,208.62007188233804,211.6314849853516,8728077.0
2024-11-27,211.5918637821563,212.4239629657974,208.86771767366352,210.87863159179688,10096152.0
2024-11-28,210.87863896238423,211.00740650449504,208.4219435029092,209.0658416748047,10970713.0
2024-11-29,209.5116025579864,209.8087851591498,206.8270737184345,208.79837036132807,7279254.0
2024-12-02,208.79836389926223,209.20451293777128,204.4001038611024,207.1143493652344,7705204.0
2024-12-03,210.0068984317445,210.2941653684746,207.1836864397121,207.986083984375,6355689.0
2024-12-04,207.9860899128533,214.246665241184,207.302574456436,213.41456604003903,12814059.0
2024-12-05,214.3655386614715,214.9599038888653,211.7107415738733,212.9489898681641,5002379.0
2024-12-06,212.97870161859004,213.1768183179589,209.27385736751805,211.39373779296875,9436594.0
2024-12-09,212.037635566708,213.14710117338333,210.31398854319264,211.76026916503903,4922985.0
2024-12-10,211.86922326710976,212.7805721216621,210.52200863095965,212.32489013671875,3626922.0
2024-12-11,211.9880976039408,213.4442787359609,211.9880976039408,212.6616973876953,3817336.0
2024-12-12,212.6617087543721,213.6721235993451,210.35362722494392,210.6805114746093,4299148.0
2024-12-13,210.2050067993986,211.49278792222609,207.7285104537051,211.1460723876953,4333300.0
2024-12-16,211.14608813992388,212.4239688142232,210.50220508814127,211.39373779296875,4806881.0
2024-12-17,211.19561857723744,211.6909178774258,207.8870228796598,208.3129730224609,4722997.0
2024-12-18,208.31296513479583,209.01629676517945,196.63381472932755,198.14942932128903,14942335.0
2024-12-19,195.1479145043088,199.90279057113548,192.8794504737621,199.060775756836,8834477.0
2024-12-20,198.51596397959747,199.4075118363397,188.7585763184924,192.6318206787109,10057259.0
2024-12-23,193.16672646936703,195.9701223135063,193.04785947460084,195.1677398681641,8006446.0
2024-12-24,195.1677270162748,195.9701094087797,193.018130015572,194.8705444335937,7118698.0
2024-12-26,195.84134940835088,197.51546353954663,194.67245026073243,195.821533203125,7075411.0
2024-12-27,195.59369486345136,197.73339151435232,194.46441303914287,194.8804626464844,4451218.0
2024-12-30,195.6432230296069,201.2400990600161,193.71155878731832,199.15985107421875,48698861.0
2024-12-31,194.65263022627056,198.6150247346933,194.4545135239165,198.13954162597656,8032394.0
2025-01-01,198.5159572533228,199.08060572166127,196.01965961583213,198.6249237060547,4148526.0
2025-01-02,198.61502032148863,204.6576778587004,197.683855214246,204.2019958496093,9827756.0
2025-01-03,203.07272387189784,205.2817546358688,202.7656407079112,203.32037353515625,5485629.0
2025-01-06,203.3698985822828,203.70669848353623,193.8205285430051,195.6729431152344,7247076.0
2025-01-07,196.0889996208307,198.60512865483275,194.96963342546465,195.4550170898437,6619585.0
2025-01-08,195.4946466013575,195.7422962600289,190.2940037692576,193.6620330810547,8162449.0
2025-01-09,193.6620296587187,194.1573289673088,190.39305119895712,191.62139892578125,6131064.0
2025-01-10,191.77988274608447,191.77988274608447,185.30135985165407,187.3221893310547,7899382.0
2025-01-13,184.76646954667385,186.7278506956925,183.9640870364088,185.95518493652344,7575227.0
2025-01-14,187.2231357033798,192.45349511062835,186.8368028533672,190.74966430664065,5224795.0
2025-01-15,192.67143545089704,194.3554501155756,191.1855374911215,192.3148193359375,4521543.0
2025-01-16,194.1573279394271,195.9800257577086,193.1469131229587,193.5827789306641,5711244.0
2025-01-17,194.0582474509509,194.1374971477913,189.47178650073337,189.77886962890625,8047952.0
2025-01-20,191.62139153055293,193.2162558472759,188.90714598270927,192.20584106445312,5380998.0
2025-01-21,193.1568363271812,193.1568363271812,189.4519919323172,190.54165649414065,4833705.0
2025-01-22,191.3836518525132,191.62140096468684,184.7763608194584,188.31280517578125,9163217.0
2025-01-23,188.31281246981663,190.63080972078623,187.8175131367717,188.95669555664065,3960511.0
2025-01-24,189.5312357226965,190.0760679866033,185.53912449449743,186.3415069580078,7657794.0
2025-01-27,184.27115753538584,192.2751961124181,183.8551079333176,189.343017578125,14535640.0
2025-01-28,186.1334641107093,186.1334641107093,176.41569461730208,182.36920166015625,43454549.0
2025-01-29,181.8243776610212,186.0146055437833,179.90261394157253,184.4296417236328,10013432.0
2025-01-30,184.4494630059577,185.4598778470036,182.4682657338952,183.2211303710937,14297599.0
2025-01-31,183.51830221122484,186.50991439510747,182.84470237814887,185.44998168945312,5772412.0
2025-02-01,186.4702921018626,187.1637081218376,180.7842505073968,182.3592987060547,4749102.0
2025-02-03,181.2795508899552,181.5767335046452,178.30775497372642,178.86248779296875,3886494.0
2025-02-04,180.18988334511312,182.16118004495485,178.80305132006671,179.52618408203125,5216085.0
2025-02-05,180.27904235605675,183.34988890768696,180.27904235605675,182.141357421875,4286422.0
2025-02-06,183.60745370986552,184.25133674375007,181.0913248402827,181.89370727539065,3983013.0
2025-02-07,182.46825500537648,187.73824669456627,180.6356567056706,186.3712158203125,7298157.0
2025-02-10,187.0745553532235,187.6391887064079,184.2216264919348,184.8060760498047,9502645.0
2025-02-11,185.14288197651783,186.22264599464228,179.57572239027226,181.94325256347656,2332865.0
2025-02-12,181.7649446755386,183.42914308758816,175.44492069691768,182.2206115722656,4770520.0
2025-02-13,182.4187333034536,183.31028114764607,179.73421945667914,180.09083557128906,4044621.0
2025-02-14,180.30877237734336,181.52720449719965,176.8119603157647,179.30825805664062,3674337.0
2025-02-17,178.55540164010557,180.74463124577483,175.29633882402402,179.83326721191406,4678837.0
2025-02-18,180.1106532808474,180.72481960517524,177.02989088358595,178.99127197265625,4152347.0
2025-02-19,178.99127039372567,181.23001787502355,177.32705682121332,179.47665405273438,3020603.0
2025-02-20,178.8525814504932,183.1616763201417,177.5152672854058,182.6465759277344,3532472.0
2025-02-21,182.488075477997,184.08293983015528,177.31714957176126,178.15916442871094,5491982.0
2025-02-24,178.30775454431796,181.6757838617986,177.36668886284565,179.53610229492188,13756156.0
2025-02-25,180.2889548861209,180.90312121421007,176.2274943617827,177.02989196777344,8344437.0
2025-02-27,177.31715892645957,179.13985682070458,175.8807939023571,177.02989196777344,12518738.0
2025-02-28,176.5246680221042,177.3666828807433,173.3646560602494,175.9501190185547,5614981.0
2025-03-03,176.13833520326153,178.2879323582033,171.03675844330013,177.79263305664062,10498910.0
2025-03-04,177.0695017505119,177.0695017505119,173.65193956496768,174.85055541992188,7378836.0
2025-03-05,175.23688302538332,180.14035809619278,174.85055018320253,179.8035430908203,6338076.0
2025-03-06,181.3389849349877,181.7748507557987,179.0110871961449,180.03140258789062,7595816.0
2025-03-07,179.63515646112145,181.2300209002059,178.2582249353531,178.81295776367188,6040527.0
2025-03-10,178.7039849212622,179.24881718508354,176.62373688940173,177.43601989746094,6397181.0
2025-03-11,176.2274883723792,178.55540117446336,173.8500577315857,177.43601989746094,5753482.0
2025-03-12,178.30775903682127,179.4469414511999,175.23689714060828,176.54449462890625,5916404.0
2025-03-13,176.97044292514164,177.65395841267,174.5930122092773,174.93972778320312,3060509.0
2025-03-17,175.8114432153994,176.57420840405314,173.89959508663816,175.67276000976562,3411602.0
2025-03-18,175.67276000976562,175.67276000976562,175.67276000976562,175.67276000976562,0.0
2025-03-19,180.09083258848457,185.19240944808143,178.8624848550985,184.43955993652344,11138888.0
2025-03-20,185.0438201908004,185.91553667419063,183.90462273967813,184.7862548828125,4488082.0
2025-03-21,185.2419409277132,186.5396226943681,184.0532256132762,185.53912353515625,6584799.0
2025-03-24,186.2325263293986,194.8903630481473,185.53911037145173,193.95919799804688,9174683.0
2025-03-25,194.89037344418944,195.44510624013805,191.58176264206435,193.0181427001953,6813212.0
2025-03-26,192.2752095178165,194.65264029977084,190.0958803331328,190.5020294189453,5584885.0
2025-03-27,190.28408139060303,198.1197199419891,189.7590653419836,195.72247314453125,25012772.0
2025-03-28,195.1380199320264,196.63381834796388,189.91756117734587,190.9180603027344,7248212.0
2025-04-01,189.91756359002616,194.15732436176023,189.204331393348,190.62088012695312,6099041.0
2025-04-02,191.23505912777,191.5223260655768,188.90714641576687,190.30389404296875,2745983.0
2025-04-03,188.6297911864673,193.4639173858445,187.0547429767857,192.3148193359375,7697462.0
2025-04-04,193.86014880579657,195.0983970928997,190.70013675865576,193.166732788086,10170845.0
2025-04-07,186.5297162784214,191.5025253994134,184.7565363495372,189.01611328125,12697165.0
2025-04-08,192.116683669852,192.8100996262426,187.9165404099037,188.73873901367188,8769895.0
2025-04-09,188.7090346390404,190.1453995961656,185.1626898120361,188.1741180419922,6819642.0
2025-04-11,190.5020116871926,191.13599417772568,187.83729907195163,188.64959716796875,8325890.0
2025-04-15,191.1855201641048,191.1855201641048,187.22312596381244,190.09585571289065,7869328.0
2025-04-16,190.8784479766641,194.25639285377883,190.0958666126473,193.0874786376953,8520549.0
2025-04-17,192.1860283909373,194.3554417371425,191.43317889862635,193.0181427001953,9504482.0
2025-04-21,194.15733938790984,200.9429463259177,193.2658066307325,200.1405487060547,16250402.0
2025-04-22,200.79432526897864,203.5680042625326,198.76359519609085,199.74429321289065,15722852.0
2025-04-23,201.081620260106,201.081620260106,196.05927797774743,197.8918914794922,8092835.0
2025-04-24,197.87208051894697,202.4585571095602,197.4163984887813,200.0018615722656,16720717.0
2025-04-25,199.90279136109365,200.9627239546465,193.16671816608127,194.6427154541016,7977095.0
2025-04-28,195.88097697043645,199.110323036877,194.6625297822439,197.95132446289065,7788146.0
2025-04-29,198.8626568138385,203.46893397659323,196.9805256348349,201.507553100586,11997673.0
2025-04-30,201.6858726892156,201.8344564269544,194.1573175935365,194.83091735839844,11619893.0
2025-05-02,194.0879762649541,194.0879762649541,186.08395288577657,187.73825073242188,18366458.0
2025-05-05,189.10526793682112,190.85863170263949,188.13448553473413,189.70953369140625,6580183.0
2025-05-06,190.2939972897445,190.71004688830573,184.85560552897653,185.5292053222656,5927722.0
2025-05-07,181.42812169236865,189.85812518029505,181.42812169236865,189.3727264404297,9698741.0
2025-05-08,189.4123646497468,190.69023019092813,184.1027555577392,184.97447204589844,5655491.0
2025-05-09,181.87391604191933,186.1235775495699,181.87391604191933,185.61837768554688,4820032.0
2025-05-12,189.20434018193623,193.0676688306164,188.3425242023081,192.6219024658203,6284131.0
2025-05-13,192.96861359278864,197.1192242160017,192.1860322208596,196.2276763916016,6888878.0
2025-05-14,197.12912870796163,198.12962788953143,194.7615985708061,196.36636352539065,6176362.0
2025-05-15,197.12911096755795,197.86215933428429,195.5837796517934,196.9706115722656,3449592.0
2025-05-16,197.62442655917104,199.6551567724452,196.25739561373405,197.15884399414065,3753649.0
2025-05-19,199.15986178819503,201.33917579712627,197.0696980301649,200.0018615722656,8969305.0
2025-05-20,200.1999885973981,200.98255486211565,195.9205952726583,196.29702758789065,8802803.0
2025-05-21,196.7328919494207,199.90280450989096,195.4451107205416,198.93202209472656,8080241.0
2025-05-22,199.120217638534,201.45803092146647,198.3772686941529,199.2787170410156,10212588.0
2025-05-23,199.35795846800943,202.62693671067595,197.99092763017896,201.5174560546875,8097368.0
2025-05-26,202.28024149242205,202.66657436166287,198.6249300521164,200.0018615722656,8540130.0
2025-05-27,200.348567310606,201.4877496570909,199.40750166150943,200.576400756836,10595637.0
2025-05-28,200.10091961413625,200.6358362138424,197.92160569091072,199.7244873046875,13661005.0
2025-05-29,200.5962105025453,201.7750252197545,197.7234806945686,199.199462890625,15221151.0
2025-05-30,199.1994727442286,201.28963643574204,198.347557326945,200.1603546142578,7261954.0
2025-06-02,200.2990315561233,205.20249154575168,199.81364792161028,204.3109588623047,12785341.0
2025-06-03,205.16288117725776,211.433372267448,205.09353201836683,209.31349182128903,21745811.0
2025-06-04,209.31348687574305,210.4526692178276,205.3907097751301,208.9865875244141,13731212.0
2025-06-05,209.86822116768604,209.86822116768604,204.39021208844977,205.12326049804688,6847718.0
2025-06-06,205.12325208703143,210.5120955831493,201.77502410079785,205.8265686035156,17931531.0
2025-06-09,207.0252050730427,211.740448926924,206.05440757036,210.7003173828125,9749033.0
2025-06-10,211.0965618449909,212.43386084865944,208.4417498107281,209.0261993408203,11160547.0
2025-06-11,209.21442135721145,209.50170341588188,205.7473262562125,206.1633758544922,8873836.0
2025-06-12,206.63887762893523,206.63887762893523,203.9345325204813,204.5189971923828,4136067.0
2025-06-13,201.58680786657828,204.0633042777156,201.22029123463705,203.3698883056641,3620233.0
2025-06-16,203.36990353481283,204.0633195587901,200.4377249137058,203.676986694336,3650155.0
2025-06-17,203.95434474327425,205.0539097916981,202.2108966522664,202.84487915039065,9087952.0
2025-06-18,202.844883064998,206.44074576680487,202.67648311392367,205.13316345214844,7999769.0
2025-06-19,205.3510968227922,207.5601275117399,201.3490699358653,202.0028686523437,10671945.0
2025-06-20,202.8250658210396,206.04451131026244,201.63635050962435,205.55911254882807,9350809.0
2025-06-23,203.3996143615124,206.4407442335858,203.3996143615124,205.0043792724609,3500913.0
2025-06-24,206.52990376658363,207.9761692314632,205.450139824738,207.25303649902344,4740437.0
2025-06-25,208.0257026476756,209.610666428268,207.292654253968,208.42193603515625,8025612.0
2025-06-26,209.6899144941234,209.6899144941234,203.82557231345808,208.0455322265625,12688408.0
2025-06-27,208.9964939828766,208.9964939828766,205.33128208796032,206.43084716796875,31963885.0
2025-06-30,209.51159867035457,212.384328492514,208.0356013516765,211.11636352539065,13990271.0
2025-07-01,212.33481576543568,217.38685955169737,209.61066961788225,216.66372680664065,16637063.0
2025-07-02,217.9316818289861,217.9316818289861,214.13768755421407,215.7028350830078,11463228.0
2025-07-03,215.70284644724924,215.9009631453737,214.02873238472745,214.9499969482422,4618576.0
2025-07-04,214.94999793897588,216.1981467467146,212.0376356055837,213.2957000732422,5120183.0
2025-07-07,213.4838956443475,215.15800967170608,212.76076290948112,213.0282287597656,4643396.0
2025-07-08,213.47399502113217,213.5730609257446,211.02721530748684,211.4927978515625,5404402.0
2025-07-09,211.6017687315148,212.5626505881041,210.72013657720805,211.879135131836,4586061.0
2025-07-10,211.1460876480978,212.66170231197523,208.2238247720422,208.9964904785156,3952305.0
2025-07-11,208.9964895382236,209.80878765002504,204.8161622141443,205.4303436279297,4009049.0
2025-07-14,205.0539181542844,209.41254611722675,204.4496523802308,208.59036254882807,5690671.0
2025-07-15,209.0163086734758,210.7795730066129,208.22382675496428,209.6800079345703,5149486.0
2025-07-16,209.6800035998351,213.3749321411653,209.6800035998351,212.671615600586,8125748.0
2025-07-17,212.6518012878448,214.76178115902133,209.9771880702888,210.5913543701172,5632702.0
2025-07-18,210.5814548553068,211.3145032700643,209.11537314112687,210.4724884033203,6478635.0
2025-07-21,210.45265694215303,211.4927884329228,207.86719414639248,210.7795562744141,4607473.0
2025-07-22,211.24515206561912,211.98810101778423,209.6205709614981,210.40313720703125,5385123.0
2025-07-23,210.4923119472245,211.4928111391958,209.70973055148903,210.80929565429688,5401894.0
2025-07-24,210.96778323480345,213.1569976573668,210.2248342912002,210.7003173828125,6465529.0
2025-07-25,210.25455797126577,211.0866571878532,205.30156485062344,206.1831970214844,6563450.0
2025-07-28,205.94543998308475,208.45165319643573,203.7661261169536,204.0633087158203,8456565.0
2025-07-29,203.73641335384625,205.15297721950824,201.71559884962664,203.2807464599609,10354388.0
2025-07-30,203.28075323034253,203.82557038917668,200.8537744740713,202.75572204589844,5616031.0
2025-07-31,201.0915191944312,202.8052505690652,199.2490051627161,200.52687072753903,8617317.0
2025-08-01,200.77452449764544,201.0122736120532,192.58228465245853,194.21676635742188,10948324.0
2025-08-04,184.0532219431881,195.1875404753057,183.3697064942992,194.61300659179688,39513112.0
2025-08-05,193.6422123863213,195.04886060112048,192.2553803760504,194.1969451904297,5819712.0
2025-08-06,194.63280269226047,195.9007676519233,192.77048766013127,195.51443481445312,7011622.0
2025-08-07,193.77099177060208,197.3965862559458,193.1667260230448,196.7626037597656,6357907.0
2025-08-08,196.7328750232252,197.85224108892743,193.91956369722817,194.5040283203125,7038453.0
2025-08-11,194.5040356844441,196.13851728232973,193.81060459168336,194.84083557128903,8062362.0
2025-08-12,195.147927025957,195.39557667954324,193.73137826280464,194.13751220703125,5218014.0
2025-08-13,195.1479176991373,196.03945036330413,193.6025863530698,194.3455352783203,6992167.0
2025-08-14,194.5436622993976,194.8309292483352,193.1568302780863,194.0186462402344,2679922.0
2025-08-18,195.544159409366,195.79180906166525,193.0082293882752,193.9492950439453,6237845.0
2025-08-19,194.8408386290659,198.6645497821208,193.46390719680528,198.16925048828125,5129740.0
2025-08-20,198.61500944171448,199.3480578108501,197.3470445058769,197.8324432373047,5498900.0
2025-08-21,197.62441812618425,199.11031600683225,197.12911883263487,197.55506896972656,6033820.0
2025-08-22,198.3124953398864,198.74102400041244,195.33267005187864,195.6715087890625,2466153.0
2025-08-25,195.67151235698657,197.2261985506133,193.9075496717454,194.3460388183593,6443184.0
2025-08-26,194.1267868846025,195.32271337981564,191.25660283386733,191.8047332763672,6681812.0
2025-08-28,190.84799214748443,192.02396725412456,189.85139688822863,191.1071014404297,7746254.0
2025-08-29,190.6486737932282,193.19995519246453,190.46927874121243,191.05728149414065,4184028.0
2025-09-01,191.0572854123599,193.4391474932734,191.0572854123599,192.92091369628903,4546443.0
2025-09-02,192.92090662151648,194.7446777188751,192.38273668100467,192.9009704589844,3069260.0
2025-09-03,192.84118275635976,194.00719738541503,192.1036967897037,192.5720977783203,8091723.0
2025-09-04,193.80788085145448,194.00719686149344,187.75854034199187,189.25343322753903,7767020.0
2025-09-05,190.3496993693456,190.4393892953237,188.4661348896188,189.871337890625,4068142.0
2025-09-08,189.353093607094,191.3163874257776,188.6355438252991,189.97097778320312,9815612.0
2025-09-09,190.3397339638929,191.3961225051893,189.2634092595051,190.97755432128903,3712535.0
2025-09-10,191.346288829544,196.22959949298,191.0672433748812,195.4123992919922,5427537.0
2025-09-11,195.41240209565328,197.525179198938,194.53539339308065,195.9804534912109,4449153.0
2025-09-12,195.9804539254756,196.2894112331752,193.21989597420628,193.69825744628903,4795808.0
2025-09-15,193.5886341304437,196.2096845964416,193.5388013248214,195.6017608642578,2036783.0
2025-09-16,195.33266428038817,196.5983444752212,194.8841994700913,195.74127197265625,3513785.0
2025-09-17,196.3292629169786,198.8207510250621,196.2495334726996,198.2925567626953,5372024.0
2025-09-18,199.319056423456,199.78745742259807,197.1365103225252,197.75439453125,6394641.0
2025-09-19,197.75439765381105,198.8207619217964,196.9471578956436,197.2461395263672,2693450.0
2025-09-22,197.31590011760903,197.8839515057082,193.88761000547868,194.3360748291016,5221899.0
2025-09-23,195.3326702137309,195.3326702137309,193.21989313679063,194.46563720703125,3435579.0
2025-09-24,194.53539316335767,196.14988783726324,192.6418682379522,192.92091369628903,2934434.0
2025-09-25,192.9408531732217,194.654998279209,191.91436124667368,192.67176818847656,5665259.0
2025-09-26,191.944259003478,193.47900905960324,189.6321506305921,191.1669158935547,3860755.0
2025-09-29,192.3428871751116,192.47244942644323,188.4063388986464,189.43283081054688,8268524.0
2025-09-30,190.1503794928624,193.3394812976417,189.91119115494013,192.2731170654297,7294473.0
2025-10-01,192.3428890820037,194.0271375386656,190.947661772434,193.1002960205078,5901005.0
2025-10-03,192.9508104623564,194.834374910765,191.55558316977115,191.71502685546875,6145378.0
2025-10-06,191.5555807897382,193.4491056928397,191.14697308525905,193.00064086914065,5036576.0
2025-10-07,193.43915210537145,199.2393287926216,193.43915210537145,198.49188232421875,12430510.0
2025-10-08,199.81734941105563,202.8071351877797,198.6712709460461,201.920166015625,9371594.0
2025-10-09,202.8071414578229,207.20213033512488,201.46173173396733,206.63406372070312,13012847.0
2025-10-10,206.2055230311961,209.4743541744747,205.82681197697983,207.59078979492188,5126420.0
2025-10-13,207.3914767263996,212.77308497079505,206.6141336512499,212.2947235107422,15174980.0
2025-10-14,212.2149938220488,215.264572837486,211.278191859014,214.7064819335937,13286463.0
2025-10-15,214.36765213892727,216.44055695215403,213.3710568527525,215.5934600830078,7102306.0
2025-10-16,215.76287436318563,216.0319593420148,213.33117948923183,213.76968383789065,5674145.0
2025-10-17,213.8593731361073,214.5370658202798,210.79983359628727,211.6569061279297,9465410.0
2025-10-20,215.76287453597203,229.11724498340828,215.28451306743247,226.30685424804688,55614063.0
2025-10-21,227.6123966350811,228.5193019944793,226.22712979658257,226.66563415527344,2950169.0
2025-10-23,226.66562981100165,230.4626553426889,225.7288278275417,227.08419799804688,16833570.0
2025-10-24,227.22372619638907,231.4094233744288,226.1175048158437,226.62576293945312,25955732.0
2025-10-27,229.117245020649,234.39920295913657,227.24365626571583,233.2431488037109,21764115.0
2025-10-28,233.20329550498,235.82434595739903,231.55891937582075,234.97723388671875,15860246.0
2025-10-29,235.39580018436823,235.615052360736,232.5056799785568,234.1101989746093,7589866.0
2025-10-30,234.20984457337968,236.6315789420056,233.60192086170983,234.01052856445312,11944357.0
2025-10-31,233.9009121828747,236.69138204413088,233.0538153080824,235.80441284179688,7758968.0
2025-11-03,235.8143673596217,238.0766428750485,235.4655681400546,237.08004760742188,7840791.0
2025-11-04,237.03021596528976,238.17630965278408,234.02050919121763,237.04019165039065,6499891.0
2025-11-06,237.1697428828015,237.5285177955151,234.24972598205693,235.02706909179688,4895857.0
2025-11-07,234.1998943216608,237.1896802066181,231.6286766357769,236.4521942138672,7026019.0
2025-11-10,236.44223008610024,238.07664573637769,235.7545769100794,237.6481170654297,7513078.0
2025-11-11,237.62817395743392,237.7676966842276,234.2895737855928,235.0868530273437,7025378.0
2025-11-12,235.196487528204,239.0931787466384,232.6850631492256,238.12648010253903,8593960.0
2025-11-13,237.71787445826084,237.84743671277616,234.2098547625594,234.98719787597656,3764303.0
2025-11-14,234.59852436912897,236.3824384478671,234.27962178499104,235.45559692382807,3078306.0
2025-11-17,236.30270549386896,239.1729047427084,234.46897384348244,238.24606323242188,6245112.0
2025-11-18,238.62477535071787,245.90988438616648,238.1862709961248,243.6775054931641,24152192.0
2025-11-19,244.46482323457136,247.6539250632336,243.9864617619813,245.182373046875,15310593.0
2025-11-20,245.67069166899967,246.0394422552496,243.01975983890264,244.0960693359375,4639649.0
2025-11-21,243.35859870480868,246.75699218731145,243.16924317252307,244.2256317138672,7135057.0
2025-11-24,244.2455670348549,250.36466129515333,243.62768284265263,247.3250427246093,16439268.0
2025-11-25,247.5542539589985,256.02531358200474,246.6573243169444,255.1184234619141,15576893.0
2025-11-26,254.6300830987109,257.91883521592564,252.87608095574063,255.4971160888672,10148728.0
2025-11-27,255.1283852875744,256.02531493436624,252.4375811403618,254.00222778320312,4560033.0
2025-11-28,254.48061292720544,257.3607574950221,252.99568047331084,257.0418701171875,5507931.0
2025-12-01,258.81580025455173,258.81580025455173,254.9290696304596,255.72634887695312,5687469.0
2025-12-02,255.726360965134,261.10796952138946,255.726360965134,257.570068359375,8694935.0
2025-12-03,258.1181739888371,258.9652860479831,254.9789049825185,257.3707275390625,5218904.0
2025-12-04,258.11816255504283,260.3106842093964,256.1747897062444,257.76934814453125,5356973.0
2025-12-05,258.1181736643203,259.36391774571183,256.0751655363078,258.3175048828125,5002265.0
2025-12-08,258.3174974744773,259.01509589184565,254.48059973109577,256.5734558105469,5397988.0
2025-12-09,255.57687041802043,262.30388852371243,254.72975835160585,259.9618835449219,11474245.0
2025-12-10,259.91202150543467,261.1079479362606,257.4703814618678,258.71612548828125,8102670.0
2025-12-11,258.76594420063213,261.45676347476706,257.8191969846755,260.0116882324219,4776310.0
2025-12-12,260.6096577652492,262.70251387210254,259.0649472938691,260.4601745605469,8484790.0
2025-12-15,261.1079587082499,265.39330617043487,260.01169783704535,264.3468933105469,9935972.0
2025-12-16,264.49636798221366,264.84518239547845,260.1611726486029,261.3072814941406,6068364.0
2025-12-17,261.5065881799376,263.5994442929757,260.2608441142808,262.7025146484375,3437773.0
2025-12-18,263.1011411665695,265.84177805372127,262.1543635309934,264.4963684082031,7848032.0
2025-12-19,264.496378737935,267.33668134191663,264.1974123222207,266.93804931640625,7746013.0
2025-12-22,266.9380503691105,270.1769850113756,266.9380503691105,268.2336120605469,7215889.0
2025-12-23,269.37969699725284,269.52921062295565,264.04793648164974,264.5462341308594,5290581.0
2025-12-24,266.0909199974257,266.34006879892144,260.3106799681939,260.8587951660156,5763276.0
2025-12-26,260.80900476390906,262.30389772874537,259.21444618534866,261.10797119140625,3931332.0
2025-12-29,260.6594731542288,263.1011436604867,259.3639115062184,262.0048828125,4625001.0
2025-12-30,262.5530394669553,268.48276315249075,261.10796414116226,266.6889038085937,37037734.0
2025-12-31,266.589244833349,268.1838034085452,263.2506444695234,266.19061279296875,6154254.0
2026-01-01,266.73870255663434,266.73870255663434,263.6492513149907,265.3434753417969,2846254.0
2026-01-02,266.5892223853942,267.8349664152325,264.94484634874215,266.0411071777344,3353300.0
2026-01-05,266.0411066212784,266.19058982181184,260.4601672965416,262.8519897460937,6650072.0
2026-01-06,263.1011526299684,264.0977479050819,253.93247914029143,255.8260192871093,10683533.0
2026-01-07,255.82603123780663,258.2676715276894,252.33793240512864,257.6697082519531,6991588.0
2026-01-08,257.619878953503,258.2676598004385,252.93588419571583,254.8792419433593,8212373.0
2026-01-09,254.67991968702057,257.5700550418892,253.6334916310653,254.43077087402344,4731961.0
2026-01-12,253.23486693210825,255.52702391246123,249.5972850331133,252.0389404296875,7290684.0
2026-01-13,252.2880850354321,254.1317923568341,246.0095470367916,248.45120239257807,12045490.0
2026-01-14,247.6539281382448,247.6539281382448,241.47504041720936,246.00955200195312,11287769.0
2026-01-15,246.00955200195312,246.00955200195312,246.00955200195312,246.00955200195312,0.0
2026-01-16,246.65732271686736,277.4521096521174,246.607489913335,269.3298645019531,66836048.0
2026-01-19,270.52580014523227,279.2958264185981,269.3298736471941,278.7477111816406,31846487.0
2026-01-20,277.0534683604472,278.8473275728517,268.73189227480003,272.31964111328125,13733716.0
2026-01-21,270.1769965588413,275.6582708031002,268.0343227097298,275.15997314453125,12133282.0
2026-01-22,279.09649262033963,286.2221731170297,277.252815705595,281.2391967773437,16816171.0
2026-01-23,282.2357852325633,283.88016130223224,276.6049977736972,277.6015930175781,12120387.0
2026-01-27,278.05007399401234,284.7272743163271,278.05007399401234,283.9798278808594,12030692.0
2026-01-28,285.4747274062768,285.4747274062768,281.2391975065616,283.4815368652344,10075884.0
2026-01-29,283.4815499277359,288.6140097246833,283.0330698698663,286.6208190917969,15848490.0
2026-01-30,285.6740332896603,287.6672238661292,281.53816892622245,286.7702941894531,4286394.0
2026-02-02,283.8303074022988,283.8303074022988,275.06028160359523,280.3422241210937,7143698.0
2026-02-03,292.9990140310311,297.23454399576536,282.3852803197847,284.5279541015625,8832776.0
2026-02-04,284.5279533163869,287.31840794351217,281.7374986892616,286.4214782714844,3498764.0
2026-02-05,286.91978552125966,288.16552966681365,284.4282972301517,286.6208190917969,2481799.0
2026-02-06,288.0160386479393,288.16552185862025,283.38187663478175,285.8235168457031,5682140.0
2026-02-09,287.7170496617946,287.7170496617946,283.6310032128152,285.67401123046875,3613561.0
2026-02-10,285.5245311591771,287.11908959742533,280.1429230420528,281.2890014648437,5142766.0
2026-02-11,280.9401999072407,292.5007110963385,278.69786055471343,289.51092529296875,16329588.0
2026-02-12,291.60377134165617,292.2017345643612,285.12590232530965,286.1224975585937,9229784.0
2026-02-13,286.0726458670056,289.5607291386087,284.12930343531593,287.3183898925781,6202181.0
2026-02-16,286.1723144686262,288.76346815168654,284.3784552184852,288.0160217285156,4743148.0
2026-02-17,288.0160298369674,290.0590379523484,281.6378262624129,287.8665466308594,7052510.0
2026-02-18,288.0160338733044,292.0024149649764,286.8699553921835,289.8597412109375,5124162.0
2026-02-19,291.0556219692957,291.4044363791905,286.5211258816807,287.3183898925781,3644333.0
2026-02-20,288.56415637603914,292.2017535447497,286.0726681309907,291.6037902832031,5030819.0
2026-02-23,292.8993409729991,295.5901603417706,287.01943501888854,295.1915283203125,6561111.0
2026-02-24,295.4406660085937,298.97856688459234,293.9955907698492,294.64337158203125,9095061.0
2026-02-25,295.3409976836156,300.0249769401334,295.3409976836156,298.0816345214844,5928219.0
2026-02-26,298.7792520623449,300.6728074207454,296.03861504891427,298.48028564453125,12490528.0
2026-02-27,298.48028713086427,300.9717753372989,295.73965010378623,298.8291015625,6871717.0
2026-03-02,289.01261179345266,298.33078311849323,288.0658341755569,293.9457702636719,6275477.0
2026-03-04,289.95941022610947,292.74986485758,282.1859487578567,285.4747314453125,8763077.0
2026-03-05,286.7702806784867,290.6071784401516,284.22897497869053,288.7136535644531,6014011.0
2026-03-06,285.4248705261223,290.2583635207038,284.62760649994664,285.5245361328125,3826606.0
2026-03-09,279.04667682207145,279.79412327784485,267.7851623872218,272.3694763183594,12304998.0
2026-03-10,276.3060468590778,280.1927624454155,274.3128562595533,275.060302734375,10974726.0
2026-03-11,275.7579080802023,276.0568744791512,267.7851463623929,268.5325927734375,9571287.0
2026-03-12,264.845185907101,271.22338938148937,263.9482562708652,269.3298645019531,7972457.0
2026-03-13,267.7352971707029,268.83155798479333,261.25742830359945,262.15435791015625,7258500.0
2026-03-16,261.107962028342,264.5960454905526,256.1748032520315,259.9618835449219,12531069.0
2026-03-17,259.9618772942809,265.59263437944054,254.92906823559204,263.6492614746094,12836887.0
2026-03-18,264.0977531419055,271.7715490779138,264.0977531419055,270.5756225585937,7002312.0
2026-03-19,265.5428050358095,268.23359384615355,261.4567586049108,264.9946594238281,9790533.0
2026-03-20,267.13736008716245,273.3660807608388,265.0943518716667,266.19061279296875,14660431.0
2026-03-23,262.1045516483751,262.4035180589305,252.43758073160848,253.4840087890625,13966492.0
2026-03-24,261.3571133858817,263.0014895227339,256.72295139523493,261.60626220703125,6880170.0
2026-03-25,264.59604003608723,272.96743409008747,263.8984111925565,270.0274963378906,9709681.0
2026-03-27,268.0841207503449,270.02749364244306,264.3967061805028,268.3830871582031,16383055.0
2026-03-30,267.08754086314394,267.08754086314394,256.27447575665855,258.5168151855469,10978564.0
2026-04-01,265.5428253158999,269.1803920160476,262.0048938131108,266.6889038085937,8296508.0
2026-04-02,263.00149783461654,266.0411317969102,255.626698578252,264.6458740234375,5537579.0
2026-04-06,264.4963851771206,271.27325143047625,260.8090008342876,270.5756225585937,9297534.0
2026-04-07,269.0807359932743,275.9572376081451,265.54283477809213,274.21319580078125,8015264.0
2026-04-08,285.3750617964899,287.8167019610625,281.5879815203048,283.4815368652344,7811348.0
2026-04-09,283.13271313960973,285.0262380086811,280.6412250451283,282.3354187011719,4273025.0
2026-04-10,283.03305251303925,291.7532609971558,283.03305251303925,290.70684814453125,8640231.0
2026-04-13,283.7306969324554,289.3614543514185,282.5347703949432,287.2187805175781,7132285.0
2026-04-15,293.5969651979047,293.8959316058725,285.026240009975,285.87335205078125,7778158.0
2026-04-16,288.5143438522048,288.8133102814001,280.6412469420817,283.43170166015625,10948325.0
2026-04-17,283.9798215955305,293.1983274289331,281.8869655398073,292.7498474121094,9241911.0
2026-04-20,292.5006968188834,296.9853753050332,291.3047703904411,293.3478088378906,11292785.0
2026-04-21,294.792859588678,298.0317941160647,294.0454131592811,294.7430419921875,7746822.0
2026-04-22,294.7430449881276,297.4338643267768,293.9955985511331,295.440673828125,6443950.0
2026-04-23,293.9457764670717,295.6399701168599,292.5505188083753,294.39422607421875,3657050.0
2026-04-24,294.992196665689,297.28435359593266,290.2583691854119,292.0024108886719,7243806.0
2026-04-27,293.6966393839747,296.636577193777,291.80308403262427,293.048828125,3880432.0
2026-04-28,291.8529350928218,294.8427209457508,289.0126324498043,289.610595703125,6666139.0
2026-04-29,294.9921832130707,300.6727880958183,281.58796542525107,283.7804870605469,21186876.0
2026-04-30,283.73068312249944,286.9696177224655,279.0466732278482,285.9730224609375,13939720.0
2026-05-01,285.9730224609375,285.9730224609375,285.9730224609375,285.9730224609375,0.0
2026-05-04,289.0126394386328,290.6570156147727,286.4214855540341,288.16552734375,5494699.0
2026-05-05,288.3648555646401,293.9956129157146,285.6242184950869,291.6037902832031,5869785.0
2026-05-06,294.24475022143474,295.44067669771107,287.8665466465329,292.0024108886719,9998298.0
2026-05-07,293.4972990324165,296.7362335718235,289.0126204393915,296.0386047363281,6089681.0
2026-05-08,295.98879673783773,297.43387205236417,290.45770512588314,296.2379455566406,6129346.0
2026-05-11,293.9955903171052,296.3874127657641,290.1586926319271,291.45428466796875,11135956.0
2026-05-12,290.55734037450804,292.65019653556203,282.83372699023494,283.830322265625,8461329.0
2026-05-13,284.92658506495496,284.92658506495496,276.15655874808937,279.09649658203125,15147738.0
2026-05-14,281.03987920592664,281.88699130754486,276.6050178827743,279.2958374023437,8574291.0
2026-05-15,280.9900353471128,283.7306722109167,277.3524384514895,280.3422241210937,6034270.0
2026-05-18,279.79412874387094,284.6774396009222,276.6050116381325,282.9832458496094,7212332.0
2026-05-19,283.8303168333954,286.8201026023441,282.7839039797328,285.62420654296875,6905213.0
2026-05-20,284.8767651727152,289.56074471259154,282.13612816905083,288.9129638671875,6657728.0
2026-05-21,289.5109230343991,291.5041135544294,282.0862761818168,282.7839050292969,6916472.0
2026-05-22,283.18253420801113,287.41806402055965,282.2357869687043,286.22216796875,6756952.0
2026-05-25,288.0160184314566,291.50410169965767,285.8234967831184,288.2651672363281,9346757.0
2026-05-26,291.0058038079458,292.3512134356828,287.6672037431681,289.2119445800781,10983670.0
2026-05-27,288.5143145296527,292.00239777957944,286.8699385088503,287.9163513183594,3869975.0
2026-05-28,287.9163513183594,287.9163513183594,287.9163513183594,287.9163513183594,0.0
2026-05-29,291.0058204660302,292.8993454068757,282.6344262339888,287.9662170410156,239376091.0
2026-06-01,289.0126399101712,291.4044625715203,284.5279610150133,287.2187805175781,6701913.0
2026-06-02,285.52452908370617,292.7996619873858,283.8801530617701,292.0522155761719,5900487.0
2026-06-03,292.9491918097525,301.8188836308589,289.31159474296834,300.0249938964844,15946881.0
2026-06-04,300.22432554984266,302.7656313267866,294.64338594651326,299.0782470703125,11947303.0
2026-06-05,299.4768743176439,304.3601849875097,294.7430468533883,303.11444091796875,9322801.0
2026-06-08,301.47007108311254,308.9445356554211,300.2741445860735,303.5629272460937,12112735.0
2026-06-09,305.6557668595441,314.8244246569405,305.3069524489879,314.02716064453125,14386417.0
2026-06-10,314.02718317738504,315.6217417302928,308.79505788463064,310.0408020019531,7015128.0
2026-06-11,307.9479271101317,310.63874640568935,306.0045542395986,308.69537353515625,7619065.0
2026-06-12,313.92749325316987,317.2660933117714,310.09059558622994,314.6251220703125,9052110.0
2026-06-15,319.60810415474464,319.60810415474464,311.6851598679323,316.0203552246094,8390759.0
2026-06-16,316.4688195120042,320.0067510099491,315.4224066317761,319.5084533691406,8921387.0
2026-06-17,319.5582797278494,322.4982480546831,318.2128699780497,321.601318359375,9029691.0
2026-06-18,321.90028413868816,322.8968794456191,318.9104982178954,319.3589782714844,3885931.0
2026-06-19,318.9104824650402,323.7937931450514,317.96370480475264,322.8470458984375,7763307.0
2026-06-22,322.84703478122185,322.84703478122185,320.60469552860434,322.29888916015625,4903566.0
2026-06-23,322.29890498633154,323.1958346486869,317.9138918708478,318.8108215332031,5809450.0
2026-06-24,318.41219857558366,325.886663330879,317.11663685013576,324.0928039550781,9481304.0
2026-06-25,325.5876875932855,325.5876875932855,321.5514584926701,322.9466857910156,6310533.0
2026-06-26,322.9466857910156,322.9466857910156,322.9466857910156,322.9466857910156,0.0
2026-06-29,321.90027292067504,325.88665400947593,321.05316085657,322.9466857910156,15193838.0
2026-06-30,323.69414415961603,330.67031132179466,322.5979136507853,328.92626953125,15572784.0
2026-07-01,327.87984490734453,330.8696307271683,324.5412446591397,330.27166748046875,6386994.0
2026-07-02,330.6204933558346,331.2184566232373,328.17882268630484,329.873046875,7433230.0
2026-07-03,331.2682545634867,333.16177945315826,325.28868307167767,326.2852783203125,5420067.0
2026-07-06,326.68392679198007,332.3147145613263,324.39176977013415,329.1754150390625,3492183.0
2026-07-07,328.87643210793584,330.8696226055597,325.58767995232586,330.421142578125,4018922.0
2026-07-08,329.3249172483684,329.77336686909223,321.9002703639774,325.43817138671875,4715547.0
2026-07-09,325.4381677689646,331.5672529071206,325.4381677689646,326.63409423828125,3699416.0
2026-07-10,329.1754088563626,331.3679306380843,326.73376866828653,328.7269592285156,5400203.0
2026-07-13,327.38153893033365,335.35430091341635,326.18561246740194,331.367919921875,4617054.0
2026-07-14,329.8730321520157,331.6668914604847,325.0395390422802,326.38494873046875,3477293.0
2026-07-15,327.38153104612826,329.57405270414364,324.4914109795971,326.43475341796875,2909042.0
2026-07-16,327.43134903248693,328.8266066785282,322.8968529238708,325.4880065917969,9916604.0
2026-07-17,327.5808659528668,349.8049275308079,322.2988929584713,347.8117370605469,44155126.0
2026-07-20,340.3372800124176,351.00086141985736,340.3372800124176,349.5557861328125,10483345.0
2026-07-21,349.90460963876785,355.5353669000705,349.7551264291831,354.8377380371094,6342305.0
2026-07-22,352.89438377294664,356.03365272473377,350.3032300426702,352.0472717285156,4288304.0
2026-07-23,350.80153679775015,354.2398026619478,350.3530567585334,353.193359375,4025719.0
2026-07-24,350.90119763786686,353.6916522044461,348.7086758972161,353.0936889648437,3590425.0
2026-07-27,353.8411490151092,356.482150890419,353.0937025402875,355.2862243652344,6585012.0
2026-07-28,355.7845120706952,357.47873619840624,353.29302389092845,356.0336608886719,6332047.0
2026-07-29,357.7777018508616,358.6746315109284,355.23639607839334,357.9271850585937,5713345.0
2026-07-30,357.8275246777312,358.12652151123865,351.64865216301195,352.9442138671875,6259452.0
2026-07-31,354.18993863695067,358.4753163738843,353.542157820226,357.6282043457031,3907564.0
2026-08-03,358.22618654620595,370.4344787597656,356.0834823573764,370.4344787597656,4384044.0
2026-08-04,363.30879866613566,363.30879866613566,355.88418204753066,361.2159729003906,5569382.0
2026-08-05,360.7176630371959,360.7176630371959,352.99404984682184,355.23638916015625,5018889.0
2026-08-06,355.23640311193,355.23640311193,350.4029098750632,352.34625244140625,3780768.0
2026-08-07,351.99744507391205,358.57494921748054,349.6554402161638,355.0370483398437,4924276.0
2026-08-10,355.7845036620667,357.3790621421664,352.744900320059,357.1299133300781,2848547.0
2026-08-11,355.9838362217054,355.9838362217054,351.0008599611198,353.34283447265625,4843398.0
2026-08-12,353.3428528360039,356.4323043608615,352.595406358071,355.6350402832031,3369817.0
2026-08-13,355.2861985047816,355.2861985047816,350.80151998228087,351.25,2690529.0
2026-08-14,352.0,354.6000061035156,351.04998779296875,351.29998779296875,2420967.0
2026-08-17,351.25,356.45001220703125,349.6499938964844,354.1000061035156,3616352.0
2026-08-18,354.20001220703125,358.6000061035156,352.5,357.79998779296875,2828360.0
2026-08-19,357.79998779296875,360.0,355.1499938964844,358.79998779296875,2198228.0
2026-08-20,361.8999938964844,364.2000122070313,355.29998779296875,355.29998779296875,4349435.0
2026-08-21,356.29998779296875,361.0,355.1499938964844,361.0,4398375.0
2026-08-24,360.4500122070313,361.25,355.29998779296875,357.75,4729477.0
2026-08-25,357.70001220703125,358.70001220703125,342.04998779296875,346.95001220703125,16134284.0
2026-08-26,348.25,349.1499938964844,343.6000061035156,345.29998779296875,6361778.0
2026-08-27,347.0,348.1499938964844,343.3999938964844,344.79998779296875,4512557.0
2026-08-28,343.04998779296875,345.8500061035156,342.25,344.25,3391019.0
2026-08-31,342.6000061035156,356.70001220703125,341.54998779296875,356.70001220703125,6824404.0
2026-09-01,350.0,351.75,348.0,349.25,3391394.0
2026-09-02,349.0,353.5,345.20001220703125,353.3500061035156,6273256.0
2026-09-03,356.5,356.95001220703125,343.1000061035156,344.6000061035156,6683672.0
2026-09-04,344.8999938964844,344.8999938964844,341.79998779296875,343.0,4115397.0
2026-09-07,343.0,343.0,337.6000061035156,342.0,5174214.0
2026-09-08,343.04998779296875,345.8999938964844,341.45001220703125,344.1499938964844,3571930.0
2026-09-09,341.5,345.0,341.5,345.0,3903520.0
2026-09-10,343.8500061035156,347.04998779296875,343.75,346.0,5314983.0
2026-09-11,343.0,345.29998779296875,341.1499938964844,344.5,3188640.0
2026-09-14,344.5,344.5,344.5,344.5,0.0
2026-09-15,344.45001220703125,344.5,339.45001220703125,343.0,3090047.0
2026-09-16,341.79998779296875,346.0,340.1000061035156,341.79998779296875,2857474.0
2026-09-17,342.0,343.75,332.45001220703125,332.75,5321222.0
2026-09-18,332.79998779296875,335.3999938964844,325.3999938964844,332.75,14568034.0
2026-09-21,333.1000061035156,335.3500061035156,328.79998779296875,332.0,4137418.0
2026-09-22,332.29998779296875,334.8500061035156,325.5,327.0,5612786.0
2026-09-23,328.45,331.3,325.25,331.3,5137220.0
