Date,Open,High,Low,Close,Volume
2021-09-23,81.71681184568284,83.6515686270067,81.23311649991007,82.17362976074219,22708315.0
2021-09-24,82.76479053268143,83.1947370971083,79.83577840931576,82.01238250732422,23447479.0
2021-09-27,83.30222720627049,84.37709052734601,81.68992607421649,83.03350830078125,31471288.0
2021-09-28,82.89916796840387,86.7418164633094,82.25424493058102,85.72069549560547,49434681.0
2021-09-29,84.88766324674216,86.79554854833576,82.89915796232027,84.00089263916016,32460355.0
2021-09-30,85.42509570481593,85.88191357617308,83.35597656963772,85.37135314941406,31218057.0
2021-10-01,86.09689569952744,89.32149844257428,84.67269328447566,87.68231964111328,68705115.0
2021-10-04,88.35410560155663,88.56908196770318,86.52683416629554,86.82241821289062,13440394.0
2021-10-05,86.8492927263921,90.50384188354626,86.82242144842752,88.51534271240234,37808565.0
2021-10-06,88.676562321401,92.0623922407691,88.13913066050911,89.42897033691406,54857979.0
2021-10-07,90.31573434271064,90.55758197181716,85.39821713788314,85.8012924194336,28643079.0
2021-10-08,86.68806277399597,87.5479559470831,84.72642878207297,84.99514770507812,17590875.0
2021-10-11,85.3982255284784,86.36560383907063,85.18324915365719,85.31761169433594,9531361.0
2021-10-12,85.42510418210924,85.74756569696166,84.40397707681684,84.8876724243164,18012067.0
2021-10-13,85.07576130104322,86.5268348706315,84.96827619231553,85.45196533203125,14951839.0
2021-10-14,85.98940221973025,87.9779076035006,85.7206894316812,86.01627349853516,23311758.0
2021-10-18,86.52684397207001,88.03165410386646,86.44622398160301,86.7149429321289,25302591.0
2021-10-19,86.95678072192992,87.38672730365236,83.22161172076225,83.70530700683594,11178493.0
2021-10-20,83.30224585208204,83.4097309781602,80.72255977311171,81.47496795654297,12791211.0
2021-10-21,82.28110599660877,83.24848428280724,79.86265413067144,80.4538345336914,25111639.0
2021-10-22,81.95863710213567,82.71104510129734,79.94326072953857,80.88377380371094,13604868.0
2021-10-25,81.44807397587066,81.60930162005458,78.51906205344665,79.67454528808594,10413771.0
2021-10-26,79.99701250821866,81.95864655724122,79.99701250821866,81.68993377685547,11325540.0
2021-10-27,81.77054501749684,82.4692105252232,80.26572889329886,80.48070526123047,17954121.0
2021-10-28,80.88378627318069,81.15249906399275,78.5728193695477,79.24461364746094,14810112.0
2021-10-29,78.81465464007478,83.97401977084472,78.19660911970752,79.99700927734375,42520734.0
2021-11-01,81.95864668144826,83.19474392441994,80.07763261413207,80.72254943847656,24821902.0
2021-11-02,80.99126921854693,83.1678735179888,80.80316411957908,81.12562561035156,22232334.0
2021-11-03,81.60930382536712,83.03350598923929,80.61505435848474,80.91064453125,23762697.0
2021-11-04,81.31371851595543,81.68992250703626,81.15248471952624,81.42120361328125,1334935.0
2021-11-08,81.95864617779411,82.30797894111959,80.93752531617314,81.63618469238281,27469462.0
2021-11-09,81.6899303935981,82.06613442099865,80.7225459729505,80.96439361572266,16457853.0
2021-11-10,80.96439587842833,82.28110693590779,80.40008674633627,81.7436752319336,28379137.0
2021-11-11,81.68994023342303,82.06614430613863,80.07763882191101,80.34635162353516,16867800.0
2021-11-12,80.69567501407211,80.83003139923005,79.27147888007474,79.54019165039062,10517026.0
2021-11-15,79.4595868294533,80.07763857214468,78.78779252660473,79.0296401977539,10850394.0
2021-11-16,79.08337283090283,79.80890960283499,77.9278894812407,78.25035095214844,8684095.0
2021-11-17,78.11600733981292,78.81466679882242,77.65918941069219,77.92790222167969,5816481.0
2021-11-18,78.22346810269639,78.22346810269639,75.42881268568543,75.75127410888672,15334431.0
2021-11-22,75.7781629890401,76.04688192921932,73.22535458388273,73.78965759277344,14125108.0
2021-11-23,73.14472449807059,74.83764559189902,73.1178532228067,74.4345703125,13845207.0
2021-11-24,74.70329022675891,76.96051446796422,74.70329022675891,75.34821319580078,13653798.0
2021-11-25,75.64379915579568,76.42307847028823,74.3270820137932,76.07374572753906,15096982.0
2021-11-26,75.24072629670006,75.42882523711059,71.50555726127983,71.8011474609375,15749431.0
2021-11-29,71.80113891840142,71.80113891840142,69.57079242382635,70.05448150634766,16883688.0
2021-11-30,69.94700245424205,72.39233186804533,69.30208561526088,69.75890350341797,18842749.0
2021-12-01,70.45756223332171,71.63991683257393,68.65715598313363,70.16197204589844,20438737.0
2021-12-02,70.1888479543816,71.2637175202169,69.92012902531246,70.7531509399414,11993058.0
2021-12-03,71.02187237157993,71.90863687318102,70.69941087542277,71.07561492919922,21972160.0
2021-12-06,71.18310727730875,71.209978556527,68.1734748013319,69.24834442138672,37230048.0
2021-12-07,69.75890202547126,71.69366480230684,69.65141691299186,71.23684692382812,10273959.0
2021-12-08,71.74740380885405,73.09098609969682,70.6994055627056,71.85488891601562,12704800.0
2021-12-09,72.28483856739685,72.36545240119432,71.29058898301201,72.15048217773438,9177496.0
2021-12-10,72.15047957882364,73.03724401953662,71.72053299694944,72.79540252685547,9226884.0
2021-12-13,73.52093662301398,73.76278427754312,71.478688725177,71.66679382324219,11789575.0
2021-12-14,71.3443291351362,73.09098674366483,70.94125382928797,72.71478271484375,19527363.0
2021-12-15,72.52668360473895,72.7416538204495,70.78002600032646,70.94125366210938,9433017.0
2021-12-16,71.20997997290019,71.39807893116927,69.19460323923737,69.62454986572266,20402434.0
2021-12-17,69.8663919378429,69.97388320814838,68.60342332811891,69.5976791381836,29791119.0
2021-12-20,69.59766479620123,70.24258153292742,67.28669829270127,67.68977355957031,19809883.0
2021-12-21,68.25408700960864,69.62454681878985,67.58229889474785,69.3289566040039,11009583.0
2021-12-22,69.8126431373005,70.24258972876385,69.16772632532604,69.973876953125,8446630.0
2021-12-23,70.32320176267731,71.69366148514561,70.21571665517111,71.3980712890625,14736444.0
2021-12-24,72.06986784628488,72.09673912403183,69.7051585019064,70.32320404052734,12075364.0
2021-12-27,70.3231997024343,70.3500709785236,69.27520763406947,70.16197204589844,10079781.0
2021-12-28,70.75313861979934,71.69365163255053,70.45755461477829,71.50554656982422,10441480.0
2021-12-29,71.39807642535638,71.74740920032319,70.457569366136,71.07561492919922,10156587.0
2021-12-30,71.32500481631207,71.79607041929714,70.65996729311676,70.74309539794922,17955094.0
2021-12-31,70.93706539472187,71.990034045251,70.93706539472187,71.60209655761719,6240936.0
2022-01-03,71.76837418408579,72.93218054924348,71.65753034842442,72.84905242919922,6717087.0
2022-01-04,73.40323292483149,74.37307341684935,72.95987038544737,73.59719848632812,10529581.0
2022-01-05,74.23453217672734,75.6477289722692,73.45865718778632,75.3983383178711,18244765.0
2022-01-06,75.4260553653344,77.08864298454954,74.31766784736996,76.9500961303711,19398843.0
2022-01-07,77.28260921652202,77.5874186154775,76.28505291328624,77.33802795410156,11267464.0
2022-01-10,77.58741477349857,79.25000218762877,77.55970540608091,79.0560302734375,12153643.0
2022-01-11,79.11144523559614,79.49938270321101,78.22473283598137,78.5849609375,10066720.0
2022-01-12,78.83436777998523,79.80420847725117,78.61268646337861,79.58252716064453,7171141.0
2022-01-13,79.63794031389043,80.55236213055882,79.11144964418753,80.33068084716797,10180855.0
2022-01-14,80.02587008931145,80.69090758581838,79.36083893507211,79.97045135498047,6295374.0
2022-01-17,78.44642303995177,80.5246574451623,78.00306678965806,80.192138671875,12524406.0
2022-01-18,80.13673307274752,80.91260822354253,78.66811089254213,79.19459533691406,13774521.0
2022-01-19,79.02833140014138,82.29808792775533,78.9174939157527,81.99327850341797,29895144.0
2022-01-20,81.79930452633461,82.29807949725836,81.05113889881504,81.66075134277344,9383230.0
2022-01-21,81.16198431517364,81.35595625423616,78.33558408029543,79.47168731689453,12161757.0
2022-01-24,78.72351046040416,79.63793859965689,76.8669574993899,78.05847930908203,15752490.0
2022-01-25,76.89466826345246,79.8873243544414,76.53444014306906,79.6656494140625,16582789.0
2022-01-27,78.6958141320722,79.83191739591167,78.1139109854693,78.30787658691406,18465921.0
2022-01-28,78.77892650017375,81.02342320757428,78.30786093427012,78.5849609375,13390612.0
2022-01-31,79.25000146641015,80.33067947039943,78.94519208532218,79.97045135498047,7778208.0
2022-02-01,80.35839502102392,82.0209825479573,79.88732940069521,81.74388885498047,15361881.0
2022-02-02,82.29808804331947,82.43663489899986,80.58008166380853,80.746337890625,10444488.0
2022-02-03,80.35839259084152,82.74143633198332,80.35839259084152,81.68846130371094,24145317.0
2022-02-04,82.99083877106426,84.21007018316661,80.99573224741778,81.2174072265625,28158331.0
2022-02-07,81.71617441612263,82.51975241817065,81.13426501243595,82.15953063964844,12239946.0
2022-02-08,82.21494814899069,82.46433245348008,78.86206398382572,79.97045135498047,18082866.0
2022-02-09,80.35839448664323,80.69091325827229,78.86206952771457,79.22229766845703,11447532.0
2022-02-10,79.47167092750368,79.49938029275978,77.78137427781334,78.47412109375,30568632.0
2022-02-11,77.97535517605398,79.11145196720571,77.58741767542942,77.94763946533203,11599657.0
2022-02-14,77.03322155674716,77.9753591591138,75.53689655699112,76.2296371459961,12593280.0
2022-02-15,76.64528509851819,77.42116015015249,74.3453756561371,77.1717758178711,9896463.0
2022-02-16,77.22718811035156,78.252447408664,76.8946693528048,77.22718811035156,7104208.0
2022-02-17,77.89222464878743,78.88978099014446,77.06093086879069,77.47657775878906,9550596.0
2022-02-18,77.58741372706749,78.36328234656536,76.67298558781475,78.05847930908203,9216444.0
2022-02-21,77.80910362726647,77.89223174438506,75.20438457060449,75.53690338134766,7842079.0
2022-02-22,73.20926152315563,75.0935301305253,73.1815521570375,74.5670394897461,16870429.0
2022-02-23,74.84414406086624,77.53199079196594,74.81643469305703,76.61756896972656,16949706.0
2022-02-24,74.26224830662468,75.45376392427531,71.26958555042424,71.90691375732422,20102259.0
2022-02-25,72.59965326738993,75.06582504617867,72.59965326738993,74.70559692382812,9361903.0
2022-02-28,74.8164473525158,81.32825136580585,74.17911910052817,80.27527618408203,41879932.0
2022-03-02,80.91259395627334,85.78951264918926,80.63549392491626,84.54257202148438,51656592.0
2022-03-03,85.76179235405289,88.56048265316981,84.8473706120221,88.11712646484375,43969119.0
2022-03-04,88.11713906092042,88.67133278998149,85.81722335212096,86.14974212646484,27599464.0
2022-03-07,86.62080748818835,90.88812011866824,86.01119502227299,89.58575439453125,49852981.0
2022-03-08,89.58575098207426,90.44476042311508,86.78706674014573,87.23042297363281,27506886.0
2022-03-09,87.64606842607174,88.11713402016649,85.01363409351721,85.62325286865234,19095226.0
2022-03-10,84.23777014538054,84.40402636116663,81.32824197324712,81.74388885498047,38037085.0
2022-03-11,82.02098708148121,85.401581060798,82.02098708148121,84.4594497680664,26918119.0
2022-03-14,85.2907352743535,86.67622270774322,83.6281478173787,84.43173217773438,26780125.0
2022-03-15,84.01610164285471,84.1823578839586,81.3005449845433,82.2703857421875,30786711.0
2022-03-16,82.96312471648125,84.6811310769689,82.02098708148121,84.4594497680664,22874641.0
2022-03-17,84.93051641646392,85.42929143954365,83.46190071838092,83.84983825683594,27066381.0
2022-03-21,84.39430449809257,84.65221841547438,82.53161400718813,82.70355224609375,28588611.0
2022-03-22,83.10473783505442,83.763847454722,81.78652515474184,82.21637725830078,19226274.0
2022-03-23,82.61758721394673,83.79251824833217,82.01579678898155,82.30236053466797,21618523.0
2022-03-24,82.61758211920412,84.73818650163177,82.56026937360112,84.30833435058594,17833026.0
2022-03-25,84.53759655068606,85.1966997204655,84.02176869378638,84.62356567382812,15487354.0
2022-03-28,87.1167061133951,87.89043474973901,86.11371337313162,87.17401885986328,41821984.0
2022-03-29,87.80446923123803,87.97641403671813,86.2570053360593,87.48924255371094,15687570.0
2022-03-30,87.97641791131599,88.43492648108344,87.05939421275717,87.94776153564453,14933176.0
2022-03-31,88.72148377170669,90.12567231336604,87.60387208392396,89.20864868164062,43637698.0
2022-04-01,89.98239196757915,93.0773265056544,89.32328875695457,92.8767318725586,26125590.0
2022-04-04,93.76508755495622,94.22359610756324,92.44687464633309,92.67613220214844,17226963.0
2022-04-05,93.33523257675466,93.70777199438808,91.78776215874252,92.13164520263672,17312992.0
2022-04-06,91.58717308155596,93.56449578426404,91.04269538855836,93.04866790771484,10617483.0
2022-04-07,93.105974246249,93.67910823487036,91.24327730493924,92.1029815673828,11665852.0
2022-04-08,92.47552012689565,93.27791163918847,91.78775409949522,92.93402862548828,10835868.0
2022-04-11,93.42119405687272,95.08328983389572,93.16328671431444,94.33821105957033,17773953.0
2022-04-12,94.825385585354,96.6880760229215,94.25224502070002,95.54180145263672,42080380.0
2022-04-13,96.25822803913717,97.1465887378195,95.71375038230492,96.659423828125,16484244.0
2022-04-18,95.79973115420418,97.89167947427345,95.71376202304194,96.25823974609376,24478446.0
2022-04-19,97.08927583321938,99.4391312571741,96.48747887120189,97.43315887451172,42103258.0
2022-04-20,98.26420207726446,98.26420207726446,93.76507950235474,94.9113540649414,26439088.0
2022-04-21,93.99434661865234,94.7107625541429,91.9883675694264,93.99434661865234,26070097.0
2022-04-22,93.42119695978936,94.96866729931614,93.0773139333364,94.10896301269533,10841299.0
2022-04-25,92.79075675954398,93.33523443042628,89.40925211896955,90.46955108642578,26466789.0
2022-04-26,91.47253326089704,91.64447148681629,88.83610777599844,90.01103210449219,23229772.0
2022-04-27,89.35193710857895,90.182985060532,88.54954553020887,89.20864868164062,21439446.0
2022-04-28,90.55551185916116,91.04267670121912,89.75312039258718,90.44087982177734,17426662.0
2022-04-29,90.84209070114304,92.4755302762243,90.7274652036703,91.21463012695312,19011850.0
2022-05-02,90.64149045196264,91.50119474767014,89.75312978366647,90.297607421875,9307420.0
2022-05-04,89.98238076437606,91.75910210096843,89.40924675357881,90.297607421875,15067609.0
2022-05-05,91.12865570823644,93.70776860563936,90.89939816758977,92.47552490234376,19248847.0
2022-05-06,90.899397907846,92.27493002974896,90.2116384059178,91.81642150878906,11865471.0
2022-05-09,90.55553765425331,91.6731495046768,89.12269253049581,89.4665756225586,10668991.0
2022-05-10,88.80744551074825,89.95371339217618,84.82414461776769,85.3399658203125,20527045.0
2022-05-11,85.36863444047816,87.77580239919568,85.08206417150252,86.34296417236328,16623364.0
2022-05-12,86.17102850537515,87.00207647021949,84.82415924901244,86.14237213134766,14025940.0
2022-05-13,86.5722242379351,87.57521700523981,84.10774327824228,84.70953369140625,11376351.0
2022-05-16,85.36864916117953,86.62954282044193,84.766852148461,86.37163543701172,6032104.0
2022-05-17,87.57521765672622,88.60686024668861,86.60088125617995,88.37760925292969,9515223.0
2022-05-18,88.6928323722882,89.265972994138,87.66118974739672,88.06238555908203,11161104.0
2022-05-19,86.54356321952783,88.49222934252424,85.82714734878391,88.11968994140625,10548978.0
2022-05-20,88.57819823529519,90.06834927696487,88.40626000091827,89.58118438720703,8769070.0
2022-05-23,88.83612308734696,89.40925716488307,87.51791011769707,87.80447387695312,8706325.0
2022-05-24,88.17700578479544,88.83611549278538,86.54356626058194,87.11670684814453,10262602.0
2022-05-25,87.25998797956557,88.26297416080564,86.57222190390051,87.17401885986328,12431466.0
2022-05-26,87.3746113682275,87.91908900558583,84.93878690687538,86.65819549560547,11919162.0
2022-05-27,87.28864543117675,87.40327092552923,81.49997269907148,81.8438491821289,17134840.0
2022-05-30,83.13340078073531,83.67788496492983,81.09877213956236,82.3883285522461,15258349.0
2022-05-31,82.67489414563047,87.1740167855854,82.24504199832386,84.36564636230469,44252818.0
2022-06-01,84.50893999823809,85.7411772120585,84.25102607033169,85.39730072021484,16916865.0
2022-06-02,85.42594074133476,86.17101289005619,84.82414387776382,85.4832534790039,10290948.0
2022-06-03,85.97042756785528,86.65819361200737,84.36564450418248,84.59490203857422,8321058.0
2022-06-06,83.7352013157597,85.94177484242262,83.67788856948577,84.91012573242188,7615440.0
2022-06-07,85.0534202846211,87.80447165810325,84.96745115901676,86.54357147216797,19132638.0
2022-06-08,87.20267266653485,88.60685459074755,86.54356298350292,87.3746109008789,15511416.0
2022-06-09,86.83013879180143,88.95074327877043,86.57222486485,86.85879516601562,10734990.0
2022-06-10,87.08804451497139,87.68983487580397,85.05340934230966,85.45460510253906,9311254.0
2022-06-13,84.82416047652295,84.82416047652295,82.30236017146888,83.8498306274414,12132084.0
2022-06-14,83.44863113920756,85.68386104205675,83.21938015379914,84.22236633300781,7573116.0
2022-06-15,85.74117040461115,87.0593831957562,83.7065417533149,84.56624603271484,16896789.0
2022-06-16,85.36864051681471,85.62654787412941,80.2677274083103,80.525634765625,14733385.0
2022-06-17,79.66593206941592,81.64325464397756,78.06115546989798,79.63727569580078,25102788.0
2022-06-20,80.21040095304201,80.21040095304201,73.93455794567254,75.16680145263672,17061658.0
2022-06-21,76.800248497996,78.51965699751067,75.36740370905184,78.1471176147461,14231107.0
2022-06-22,77.0868050770485,77.31606258331854,74.70829370424156,76.57098388671875,19244923.0
2022-06-23,76.22711265770846,78.08980968635429,75.08084462672075,75.48204040527344,20161450.0
2022-06-24,76.8002719022776,76.8002719022776,74.9375744208123,75.91191101074219,12164283.0
2022-06-27,76.80025765916426,77.43070445664554,75.79726487545614,77.17279052734375,10260453.0
2022-06-28,76.74293272992159,78.63428610187489,76.65696361279262,78.46234130859375,9907093.0
2022-06-29,77.77458406752471,80.21041514427549,77.65995857469598,79.80921936035156,14882062.0
2022-06-30,79.60862648399872,80.46833088784109,77.23011446484767,77.48802185058594,14776534.0
2022-07-01,76.85756887453472,78.17578175116864,75.08084745642047,75.85457611083984,15116436.0
2022-07-04,75.08084089188496,77.00084401164553,75.05218452048692,76.5423355102539,6503989.0
2022-07-05,76.71427954251136,77.8892105357901,76.39905943328475,76.68562316894531,6013528.0
2022-07-06,76.51367913885588,76.9148748974514,74.24979300329585,76.5423355102539,12987415.0
2022-07-07,76.91487824230472,78.49100497383098,76.91487824230472,78.405029296875,7963336.0
2022-07-08,81.04145263614326,81.04145263614326,77.97517493699901,78.6629409790039,10036582.0
2022-07-11,78.66294842405529,79.95250495559718,78.03249506604439,79.43668365478516,13317447.0
2022-07-12,79.09280524748672,80.35370547855551,78.29041359507713,79.66593933105469,9670797.0
2022-07-13,80.21040943153727,80.21040943153727,78.1471179124548,78.80622100830078,13899456.0
2022-07-14,78.9495071383272,80.15308781052224,78.80621872762,79.8378677368164,9560767.0
2022-07-15,79.98115748376001,81.24205758012006,79.8665319910973,80.49697875976562,10049224.0
2022-07-18,80.64026857763449,82.81818577096537,80.64026857763449,82.58892822265625,6755344.0
2022-07-19,82.47430281077617,83.10474959096777,78.69160245255601,80.38235473632812,12022441.0
2022-07-20,82.58892851580943,84.48027542022321,80.81220710644533,81.12743377685547,21701412.0
2022-07-21,81.27071680692873,82.78953087413309,81.1560913102412,82.47430419921875,8781738.0
2022-07-22,82.87549843675954,83.2480378530057,80.75489399283617,81.15608978271484,12390337.0
2022-07-25,82.99012976276096,84.53760028374678,81.84385505984466,84.25102996826172,20317410.0
2022-07-26,84.39430712807356,84.39430712807356,82.33101540179081,82.50296020507812,12998664.0
2022-07-27,82.8181858170506,84.48027516736674,82.13041973076403,84.10774230957031,10419007.0
2022-07-28,84.68086576923662,84.76683487953282,83.27668395733045,83.64922332763672,8473834.0
2022-07-29,84.42295478742805,84.7381814283954,83.73519532234454,84.02175903320312,7014877.0
2022-08-01,84.5988410932796,85.86840126878568,84.56998790320482,85.00279235839844,10328928.0
2022-08-02,84.74311457793304,85.20477222826896,81.30953208876913,81.65577697753906,27076266.0
2022-08-03,82.1462777970614,82.17513098393303,79.63601091480231,81.25181579589844,19315218.0
2022-08-04,81.25182111978914,82.05972361327368,79.83798845415542,80.84786987304688,32498244.0
2022-08-05,80.73246142645718,80.73246142645718,76.46212947579184,76.69295501708984,65529649.0
2022-08-08,77.32771947654005,77.55854496116052,76.6640830001145,76.95262145996094,20840541.0
2022-08-10,76.95263347076909,77.18345899141693,74.96173033482204,75.48109436035156,33311005.0
2022-08-11,76.17358370795353,76.26014327771638,74.12497420320683,74.24038696289062,38551380.0
2022-08-12,74.55777382070278,76.05816601557274,74.1538225839356,75.88504028320312,29145945.0
2022-08-16,76.4332627728688,78.04906108856548,75.71191987567137,77.9625015258789,25540356.0
2022-08-17,78.16448453973834,78.65499535807618,77.64511392825437,77.87594604492188,18559593.0
2022-08-18,78.04907390626842,78.48187839485045,77.73168879096136,78.25105285644531,16228315.0
2022-08-19,78.36646483099805,78.71270973916717,76.66410008623286,76.83721923828125,15787270.0
2022-08-22,75.68307519636362,76.00046689930005,73.92300414091832,74.64434051513672,24640419.0
2022-08-23,74.32696029967917,76.51983596535996,74.09612815399423,76.34671020507812,16980100.0
2022-08-24,75.79848067067421,76.49097039156779,75.36567624613356,76.23128509521484,17466696.0
2022-08-25,76.40440299520074,77.41428437227599,76.3466966200658,76.54867553710938,13795335.0
2022-08-26,77.38543239182651,78.71269885284762,77.03918753154461,77.64511108398438,17163393.0
2022-08-29,76.92378344023044,77.47200067835823,76.17358725916787,77.29888153076172,13597173.0
2022-08-30,78.07792363840464,79.03009875434566,77.90480449227289,78.53958129882812,16684747.0
2022-09-01,78.7415518959484,79.23206269541527,78.04906217665906,78.68384552001953,18915690.0
2022-09-02,79.1166536337305,79.23206639097135,77.78938711324551,78.07791900634766,17306892.0
2022-09-05,78.48186083044845,79.2032036846713,77.38542656026351,78.91466522216797,19224678.0
2022-09-06,80.06881910423286,80.80458531032232,78.9435249508691,80.54490661621094,28296817.0
2022-09-07,80.84786279666461,81.23738411289631,79.98225400141997,80.32849884033203,10690240.0
2022-09-08,80.76130530691265,81.15082663312316,79.98225605042043,80.11209869384766,7180648.0
2022-09-09,80.24194035870335,80.45834257822959,79.80913591965086,79.98226165771484,5597228.0
2022-09-12,80.2419418282242,80.58818670662153,79.93898003615345,80.28522491455078,6581257.0
2022-09-13,80.4583466930434,80.84787467055493,79.72258042983981,79.89570617675781,7045689.0
2022-09-14,79.28976795197711,79.85241501544765,79.03008926396316,79.37632751464844,6872183.0
2022-09-15,79.5061743145461,80.67474498183995,78.856967654486,78.94352722167969,8970450.0
2022-09-16,78.85696402156165,80.50162213875917,78.07791474456585,79.54945373535156,18170179.0
2022-09-19,79.76586085687934,79.85242042541503,77.73168127796768,77.90480041503906,8372178.0
2022-09-20,78.25104109648154,79.07336685957515,77.99135580073019,78.68384552001953,6639747.0
2022-09-21,78.51071691485855,78.72711911870773,76.64966324501242,77.0391845703125,13740141.0
2022-09-22,76.86607165942259,76.9526312271418,75.43781567780464,76.38998413085938,13003243.0
2022-09-23,76.17358540379723,76.60638986631882,74.1826822345692,74.44236755371094,8632586.0
2022-09-26,74.13940444229331,74.39908315278005,71.84553951059839,73.44691467285156,15119710.0
2022-09-27,74.44235786769701,74.87516227390455,72.40817847933579,74.65876007080078,10752213.0
2022-09-28,74.13939411624403,74.70204115004164,73.10065960675516,74.18267059326172,12068829.0
2022-09-29,74.44236401092984,75.09157067381585,73.79315734804382,74.35580444335938,12673874.0
2022-09-30,73.79315866388053,75.52437646244664,73.57675643905976,75.35125732421875,11829278.0
2022-10-03,76.13030512088342,76.13030512088342,73.14395686108347,73.70660400390625,14508849.0
2022-10-04,74.5289318965812,76.0004711258025,74.00956782912115,75.52438354492188,10340686.0
2022-10-06,75.8273340973349,76.30342160745643,75.30797010706598,75.7840576171875,10663228.0
2022-10-07,75.78406129160095,75.87062086016405,74.48564795093894,75.17813110351562,12478992.0
2022-10-10,74.00956052120057,77.47199610113978,74.00956052120057,77.21231079101562,11158338.0
2022-10-11,77.1257533298859,77.1257533298859,74.44236700292059,74.61548614501953,13259938.0
2022-10-12,74.65876361661404,75.0050084788387,73.66331211424489,74.74532318115234,11033418.0
2022-10-13,75.00500498506656,75.48108586988688,73.79315132576471,73.96627044677734,6397554.0
2022-10-14,74.70204944415475,75.13485388681134,73.6200383375133,73.66331481933594,6931298.0
2022-10-17,73.66331737687986,74.13940492196025,73.01411069035494,73.62004089355469,9373705.0
2022-10-18,74.00955613080193,74.35580098907025,73.49019214543513,73.57675170898438,8035885.0
2022-10-19,73.96628127476235,74.26924968699298,73.14395542346467,73.40364074707031,7157063.0
2022-10-20,73.23051050034182,76.00046290046451,72.8409891429218,75.69749450683594,17120292.0
2022-10-21,75.697487468399,76.26013451330147,74.65875954247988,74.83187866210938,7929074.0
2022-10-24,75.56765396600524,75.56765396600524,74.87516425611209,75.13484954833984,869107.0
2022-10-25,75.13485161664526,75.78405826101465,74.3558023225877,74.91844940185547,7086629.0
2022-10-27,75.00501177061501,76.47654424456232,74.26924553364135,76.21686553955078,12203430.0
2022-10-28,76.5198260031799,78.12120110388567,76.0437384794777,77.94808197021484,20036187.0
2022-10-31,78.38089126383709,79.20321710582061,78.07792285503807,79.03009796142578,12658201.0
2022-11-01,79.20321301010411,79.54945788506097,78.59728943198336,79.11665344238281,7632156.0
2022-11-02,79.1166575336232,79.28977667801804,78.77041264076149,79.03009796142578,7390466.0
2022-11-03,78.77040359537838,78.94352271989355,78.07791388917511,78.3808822631836,12821695.0
2022-11-04,78.77040486020417,79.07336663500607,76.26013788999877,76.64966583251953,13339109.0
2022-11-07,76.64966460174671,78.5972844708632,76.17357710322305,78.3808822631836,13463366.0
2022-11-09,78.33761341512802,78.38089650615764,76.38999319209998,76.69295501708984,12172444.0
2022-11-10,76.60639554346463,77.21231919426981,76.1303079577802,76.34671020507812,6898707.0
2022-11-11,77.03918254449457,77.34214430110254,76.21685683311993,76.90933990478516,8365138.0
2022-11-14,76.6929515692756,76.73623465835938,76.08702794653583,76.26014709472656,7996003.0
2022-11-15,76.26013872567324,77.90479686928352,76.21686224541097,77.8182373046875,8247787.0
2022-11-16,77.90479628420667,78.98680734370953,77.25558964850494,78.33760070800781,10223428.0
2022-11-17,78.3375992212686,78.68384407455255,77.34214774460398,78.03463745117188,4925266.0
2022-11-18,78.4674592125569,79.24650865364248,77.7316928642266,78.16449737548828,14475534.0
2022-11-21,78.16448424917141,78.46744603536307,77.4719945058148,77.60183715820312,7845740.0
2022-11-22,78.25104056412572,78.98680675832045,77.47199128624308,78.85696411132812,18535213.0
2022-11-23,79.11666173328238,79.11666173328238,77.90480784597497,78.59729766845703,8624491.0
2022-11-24,78.68385189700764,80.02554175627074,78.55400923860877,79.72257995605469,14011196.0
2022-11-25,80.06882613849385,81.23739687483584,79.41961944007362,80.71803283691406,12249200.0
2022-11-28,80.76131244785607,81.19411689483478,80.02553960473485,80.28522491455078,11371642.0
2022-11-29,80.50162640212913,81.92988238491672,79.67930060201563,81.49707794189453,18484964.0
2022-11-30,81.80003912530663,82.18956047951276,81.19411555119228,82.01644134521484,18501717.0
2022-12-01,82.44924285694384,82.5790855050919,80.9344273713832,81.06427001953125,9433858.0
2022-12-02,81.36723338662449,81.49707603731107,80.54490760572871,80.67474365234375,9494016.0
2022-12-05,80.93442386032287,81.28066870567324,80.19865769149779,80.63146209716797,15148621.0
2022-12-06,80.93443716725996,80.93443716725996,79.80914288587238,80.50163269042969,9031442.0
2022-12-07,80.32851145949076,81.41052262352446,80.32851145949076,80.71803283691406,11134858.0
2022-12-08,80.71802222441318,80.8911413462687,80.02553252884871,80.11209869384766,10614975.0
2022-12-09,80.54490742787497,81.02098834057914,78.1644830521396,78.64056396484375,15835417.0
2022-12-12,78.85695992597353,80.84786279666461,78.07791068943914,80.32849884033203,15920076.0
2022-12-13,80.63147326460577,81.36723953533428,80.24194528311041,80.71803283691406,11215454.0
2022-12-14,80.71803277730942,83.35814265723093,80.63147320506505,83.09845733642578,22598875.0
2022-12-15,83.22828565373666,85.17590541191738,82.62235554430457,84.26701354980469,28006772.0
2022-12-16,84.1371714590257,86.733997820157,83.61780750761362,83.74765014648438,35484499.0
2022-12-19,84.09390052335458,84.78638363617713,83.0118894682524,84.310302734375,13524731.0
2022-12-20,83.96406134407174,85.00278935824603,83.09845246423595,84.74311065673828,11062080.0
2022-12-21,85.00279085600911,85.2624761661642,81.80004058581235,82.31940460205078,14279180.0
2022-12-22,82.36268682793893,83.09845306026233,80.32850726654893,81.49707794189453,12024065.0
2022-12-23,80.50162063168217,81.0642676880942,78.77040298368901,79.24649047851562,22444602.0
2022-12-26,79.20321106178136,81.88659721956293,78.46744484814197,81.7134780883789,8024641.0
2022-12-27,82.14628192673278,82.49252679067003,81.15083041944001,82.23284149169922,6330028.0
2022-12-28,82.05971470924358,83.40140435128211,81.58362724021873,82.92532348632812,9873070.0
2022-12-29,82.31940193567695,83.40141301948992,82.01644015302362,83.05516815185547,10702585.0
2022-12-30,83.7909455775722,84.22375003488595,82.96861314623291,83.14173889160156,7280552.0
2023-01-02,83.53126116815825,83.79094648699376,82.66565224413588,83.6178207397461,9433822.0
2023-01-03,83.7043731627878,84.31030332029883,83.44469447020145,83.79093933105469,6053619.0
2023-01-04,84.05061871942955,84.48342314806109,82.36268408939516,82.57908630371094,9398653.0
2023-01-05,83.01188345838325,84.3968561878309,82.36267687232302,84.26701354980469,12382060.0
2023-01-06,84.5699793977177,85.47887130384274,83.8342132187014,84.18045806884766,14032853.0
2023-01-09,84.7863804696116,85.65198928136495,84.69982090925049,85.21918487548828,12464665.0
2023-01-10,84.82967730304865,85.6520031658881,84.39687282701269,84.9162368774414,9211811.0
2023-01-11,84.91622270768474,85.26246755155094,83.964054340106,84.22373962402344,9737047.0
2023-01-12,84.39686288449428,84.65654818115206,83.7043731627878,83.79093933105469,7831578.0
2023-01-13,83.18501281738281,84.2237474454433,82.4492465833848,83.18501281738281,9641316.0
2023-01-16,83.44469799805954,84.05062157711625,82.92533398685784,83.87750244140625,4621698.0
2023-01-17,83.92077225121943,84.56997886462466,83.74765312927319,84.35357666015625,7321828.0
2023-01-18,84.35357719188518,84.65654556330767,83.8774963014964,84.18045806884766,9417195.0
2023-01-19,84.6132716134067,84.74311427173525,83.74766269664549,84.48342895507812,6384333.0
2023-01-20,84.48342818912882,85.8684011225758,84.31030904897489,85.69528198242188,13615997.0
2023-01-23,86.56088682142038,89.02787077501655,86.21464195332038,88.50850677490234,28390308.0
2023-01-24,88.9413132948034,88.9413132948034,87.94586175219806,88.29210662841797,8583670.0
2023-01-25,88.29209601543724,88.29209601543724,86.17135713512619,87.33992767333984,12007717.0
2023-01-27,88.03242545488769,88.85475790004173,84.74311548648761,85.82512664794922,13064056.0
2023-01-30,85.91168871089022,86.47433585197749,79.50618112850813,82.18956756591797,29985336.0
2023-01-31,81.3672421627517,84.6565588492578,81.3672421627517,82.3626937866211,24892166.0
2023-02-01,82.66565134692766,84.82967363349644,82.23284688961391,83.14173889160156,19042474.0
2023-02-02,82.66565072762404,83.44470006576681,80.89114982430284,81.28067779541016,17726153.0
2023-02-03,81.58362895180838,81.626912033199,78.81368344865389,80.32849884033203,18191035.0
2023-02-06,80.41506223652341,82.31939903530996,79.80913208849401,82.10299682617188,14907237.0
2023-02-07,82.23284840583801,83.31485956907272,81.80004394054413,83.09845733642578,8686792.0
2023-02-08,83.0984426001167,83.44468743176468,82.27611690351472,82.92532348632812,5763070.0
2023-02-09,83.35813297747868,83.35813297747868,81.97315356610785,82.9686050415039,6065233.0
2023-02-10,82.9686050415039,83.31484989434661,82.10299621143277,82.9686050415039,9527603.0
2023-02-13,82.96860912700205,83.53125621506813,82.53580469065456,82.88204956054688,5275322.0
2023-02-14,82.92533116743046,83.14173338174622,81.62691788153586,82.57908630371094,7505908.0
2023-02-15,82.49252319335938,82.79548495956618,81.80003349568278,82.49252319335938,6887911.0
2023-02-16,82.66564680331142,83.3148534535992,82.53580415243955,83.05516815185547,5800257.0
2023-02-17,82.88205510377884,83.83422360661098,82.44925063848495,83.09845733642578,19937435.0
2023-02-20,83.4446905046922,83.4446905046922,82.4925221356489,82.83876037597656,12837565.0
2023-02-21,83.4014084919798,83.4014084919798,82.27612098834433,82.49252319335938,8240973.0
2023-02-22,82.18956794044877,83.09845998819858,80.6314757781134,82.70893859863281,9721273.0
2023-02-23,84.00734642190217,85.82512379185107,83.31485665998268,84.87295532226562,38462809.0
2023-02-24,85.26247238262347,89.98003800988116,85.04607016845438,89.54723358154297,45176952.0
2023-02-27,89.89348241451079,91.92766199671053,89.28755882970975,90.15316772460938,27802826.0
2023-02-28,90.15315714753471,90.19643362475928,88.55178220066352,88.85474395751953,17617907.0
2023-03-01,88.46522503565976,89.63380230878342,88.42194855403362,89.50395965576172,7012524.0
2023-03-02,89.28755596482404,89.98003909608161,88.68162579539315,89.20099639892578,9586771.0
2023-03-03,90.58597501785154,92.2739097743042,90.06661098541011,91.10533905029295,27232148.0
2023-03-06,91.7545435299448,94.78417468423542,91.53814130463832,94.3946533203125,35771465.0
2023-03-08,94.95729945359145,97.64069248976791,94.65433764101184,96.29899597167967,27568928.0
2023-03-09,96.47210164506592,96.77507001939829,93.83199867099532,94.04840087890624,16240893.0
2023-03-10,93.4857599982852,96.60195067741368,93.31264086213928,96.12586975097656,24574077.0
2023-03-13,96.94819724048531,97.33771860562638,95.0871367762152,95.39009857177734,24579514.0
2023-03-14,96.12587197645652,96.34227420368488,94.69761595593512,95.21697998046876,23328812.0
2023-03-15,96.42883291737898,96.51539248668722,94.134968008316,94.3946533203125,14237757.0
2023-03-16,94.6976033440279,97.0780275265127,93.31263059503276,94.82744598388672,26757814.0
2023-03-17,95.3468246459961,96.68851452062988,94.69761795063626,95.3468246459961,21251193.0
2023-03-20,95.34681553450096,96.34226702640684,94.2215213951167,95.04385375976562,23234444.0
2023-03-21,95.22351912252236,96.66085388947025,93.78618435557443,94.4150161743164,26605735.0
2023-03-22,94.77435667882182,96.88544287390276,92.43868670014176,94.6845245361328,36125531.0
2023-03-23,94.5497678079762,94.90910321315135,91.54034664042062,94.4150161743164,16318256.0
2023-03-24,94.23536228018044,94.86419416819857,92.48360455712384,92.97769165039062,10924642.0
2023-03-27,92.30393410934823,93.65143679707596,91.9445986885369,93.33702087402344,9550049.0
2023-03-28,93.33702357305758,93.87602329298434,92.75310435407306,93.56160736083984,7814715.0
2023-03-29,93.56160954515155,95.40319253570816,93.4268578985856,94.77436065673828,10745581.0
2023-03-31,94.99893007084997,96.12184886601368,94.19042716758162,94.45993041992188,15641500.0
2023-04-03,94.72943878173828,96.0769415061087,94.2353585617211,94.72943878173828,11147157.0
2023-04-05,94.99894046242092,95.40318853139804,93.6963572590474,94.6845245361328,6305668.0
2023-04-06,94.3701102049088,94.99894206811368,93.6963588427236,94.72943878173828,7249613.0
2023-04-10,95.2235236239042,96.07693925450396,94.63960441961076,95.17860412597656,8306845.0
2023-04-11,95.22352837580736,96.211695695749,94.81928028929823,95.26844787597656,8331690.0
2023-04-12,95.26843848868543,97.7837726139832,95.04385471747568,97.55918884277344,14151790.0
2023-04-13,99.71519911520188,99.71519911520188,96.21169074851171,97.15494537353516,15062407.0
2023-04-17,97.15494181261934,99.35586005200196,96.61594212682697,98.9066925048828,11580594.0
2023-04-18,98.18803438140168,99.3558659611156,97.96345059448518,98.3676986694336,9664860.0
2023-04-19,97.91852518482516,98.77194078209084,96.75068682185363,97.2447738647461,8205988.0
2023-04-20,97.91852824132414,98.32277630448894,97.24477690021412,97.6490249633789,12345494.0
2023-04-21,97.5591937678991,98.09819347526256,96.88544242025648,97.33460998535156,5402376.0
2023-04-24,97.37952349006086,98.45752283844143,97.37952349006086,98.18802642822266,6760713.0
2023-04-25,98.68210949413633,98.99652540879958,97.69394225358629,98.0981903076172,8661439.0
2023-04-26,98.18803249115604,99.26603190610112,97.55919378764378,98.99652862548828,7305825.0
2023-04-27,98.90669037589214,98.90669037589214,97.73885889077197,98.18802642822266,8349269.0
2023-04-28,98.00835646362772,98.27785973079624,94.37010347936948,96.391357421875,19307001.0
2023-05-02,97.0201924636237,97.51427951859706,96.34644112707076,97.2896957397461,7263913.0
2023-05-03,97.15494664891835,97.91853014628092,96.57102743784586,97.02019500732422,6687032.0
2023-05-04,97.02019820760852,97.19986249982496,95.53794380868604,96.2566146850586,7617969.0
2023-05-05,96.43627674346148,97.46936353415946,96.16678031137936,96.70578002929688,4948142.0
2023-05-08,96.75069157247306,97.1100269982431,96.12185971769038,96.52610778808594,4868763.0
2023-05-09,96.5261100230218,97.24478089120176,95.71761386351102,96.07694244384766,11885359.0
2023-05-10,96.03202336048548,98.00835783486288,95.4481041759526,97.91852569580078,7172451.0
2023-05-11,98.68211588289331,98.99653181791211,97.4693647885332,98.23294830322266,7784358.0
2023-05-12,97.9185402402006,98.23295620049632,96.615956895938,97.06512451171876,5177796.0
2023-05-15,97.0201899381292,100.56861081010592,97.0201899381292,100.38894653320312,10713993.0
2023-05-16,101.3771190682271,102.36528635040403,100.16436800129392,100.34403228759766,18937352.0
2023-05-17,100.92795019230424,101.06270183216442,98.50244808983354,98.81686401367188,5634267.0
2023-05-18,99.40077821124146,99.58044248617144,94.14551935138314,95.40318298339844,24715468.0
2023-05-19,94.14552467249996,94.95402080913388,92.48359919357809,94.19043731689452,15968522.0
2023-05-22,94.32518990807924,96.03202804859512,93.60651905299258,95.5379409790039,11338813.0
2023-05-23,95.94219779282766,97.46936482274256,95.223526923601,96.57102966308594,8713781.0
2023-05-24,96.43627073412787,97.1998541914085,95.94219054588883,96.7506866455078,6366074.0
2023-05-25,96.79561089720968,97.19985896688006,96.39136282753933,96.8405303955078,4719281.0
2023-05-26,97.02019533402436,97.91853047600608,95.31335719350848,95.5379409790039,6943806.0
2023-05-29,96.03202404710628,96.03202404710628,94.8641856696906,95.44810485839844,8058796.0
2023-05-30,95.49302690396364,95.7176106860955,94.504852779581,95.17860412597656,7204247.0
2023-05-31,95.13368262048024,95.1785952604713,93.8760121869382,94.14551544189452,10176487.0
2023-06-01,93.83109968973017,95.08877021705062,92.9776840749875,94.6396026611328,9465271.0
2023-06-02,95.04386478775028,95.358280730007,93.7861941649698,93.96585845947266,9624201.0
2023-06-05,94.32518752095436,94.50485180330256,93.51668454288128,93.8311004638672,5284220.0
2023-06-06,94.14551831151452,94.50484685740554,93.69635077539805,94.05567932128906,5394343.0
2023-06-07,94.32519702225304,95.2235322319888,93.87602941738518,94.86419677734376,8674853.0
2023-06-08,95.17860056873108,95.22352006497988,93.96584956129558,94.10060119628906,7433762.0
2023-06-09,94.1455194249648,95.22351878289268,93.65143238789209,94.2353515625,5451500.0
2023-06-12,94.32518039674883,95.17859595407556,93.92093236512092,94.50484466552734,7078498.0
2023-06-13,95.17861198784068,96.25661834337,94.59469958906853,96.16678619384766,11662296.0
2023-06-14,96.61594407359068,97.02019213264217,96.12185702030288,96.30152130126952,6930665.0
2023-06-15,96.301527331236,96.52611112338325,95.35827951646962,96.2566146850586,5385018.0
2023-06-16,96.3015263736876,97.02019724291424,95.44811071351518,96.57102966308594,8119111.0
2023-06-19,96.88544336573008,97.37953043365754,95.85235658517922,97.02019500732422,4126281.0
2023-06-20,96.93035795279307,97.6490219152924,95.89727122458794,97.2447738647461,11218628.0
2023-06-21,97.24477815479048,97.37952979550155,95.6726916719186,95.85235595703124,13138208.0
2023-06-22,95.85235448217335,96.12185775944872,93.42685240170717,93.8311004638672,16244574.0
2023-06-23,93.74127842401307,94.68453314236656,92.7980305594134,94.3701171875,7880417.0
2023-06-26,93.8760121869382,94.504843976833,93.15734140955637,94.14551544189452,9225360.0
2023-06-27,94.14551763052371,94.37010139695748,93.51667897225768,93.69635009765624,9909567.0
2023-06-28,94.05567315300884,94.19042477575717,92.97767387852682,93.24717712402344,14246542.0
2023-06-30,93.38194296684254,94.59470099151235,93.20227866513416,94.3701171875,16108372.0
2023-07-03,94.77435385942734,95.76252110711629,94.05568303178832,95.62776947021484,22772148.0
2023-07-04,96.12186129725336,96.25661294085066,95.13369400046216,95.71761322021484,9292916.0
2023-07-05,95.7625227028658,96.61594518162735,95.3582746391782,96.48119354248048,10903523.0
2023-07-06,96.43627732882044,100.07453744091576,95.31335838727912,99.53553771972656,29145409.0
2023-07-07,98.45752671913704,100.70336449491003,98.0532786609991,99.44569396972656,15022279.0
2023-07-10,99.71519346870588,100.02960937465848,97.28969150421143,97.87360382080078,8710335.0
2023-07-11,97.873603669005,98.45752283844143,96.70577218388485,98.18802642822266,10380385.0
2023-07-12,97.91853061998214,99.84995254883334,97.8736111213157,99.35586547851562,9851130.0
2023-07-13,99.3558534556321,99.89485310563956,96.88543211049148,97.11001586914062,8440163.0
2023-07-14,97.199858042856,99.35586371935946,96.57102619517931,98.81686401367188,10678733.0
2023-07-17,98.8168593322987,99.04144310350848,97.424437209297,97.55918884277344,7839246.0
2023-07-18,97.87360984891916,98.0532809874958,97.33461014069546,97.82869720458984,6013243.0
2023-07-19,97.8286989515846,99.62536924691672,97.7837794527,98.3676986694336,9938960.0
2023-07-20,98.7270272979828,100.29911369809794,98.45752403074763,99.22110748291016,10500380.0
2023-07-21,99.08636825395573,100.88303852616704,98.5024490447364,100.16436767578124,11702513.0
2023-07-24,100.79319204303,102.4101979094166,100.20927973093458,100.658447265625,13872167.0
2023-07-25,101.24236387567711,105.10520757950188,100.79319632191856,104.5662078857422,23574611.0
2023-07-26,105.28487280766068,106.0484631389292,104.02720912881304,104.25179290771484,17962594.0
2023-07-27,104.92555127436422,105.82388645015928,103.84754495115808,104.74588012695312,13286670.0
2023-07-28,104.9255504476184,106.22813370075632,104.2967117172646,105.55438232421876,21875385.0
2023-07-31,108.11462570014804,110.4502955415648,106.003539629132,106.99170684814452,64986613.0
2023-08-01,106.99171273900173,109.91130191496052,105.28487461922902,108.11463165283205,32978003.0
2023-08-02,108.15955374987264,108.4290501834158,103.39837469932358,104.52129364013672,27870281.0
2023-08-03,104.52128387682018,104.97045141118876,103.08394913759122,103.80261993408205,13891020.0
2023-08-04,104.6111209716754,105.01537588402104,102.58986697120612,103.57804107666016,11230403.0
2023-08-07,104.20687498931552,104.7009620518868,102.50003687305023,102.6347885131836,11480767.0
2023-08-08,102.67970553070684,104.83570430574557,102.50003439695166,104.5662078857422,16636302.0
2023-08-09,105.06029664331317,106.13830297242528,103.84754552009636,105.9137191772461,11556651.0
2023-08-10,106.54254595306728,106.99171352188608,105.15013060198092,105.64421081542967,13140800.0
2023-08-11,106.0484633083448,106.27304708760538,103.6678738774321,103.93737030029295,10818126.0
2023-08-14,104.02721379381356,104.16195858419472,100.83812124889504,101.37712097167967,10233977.0
2023-08-16,101.37711402840176,102.81444880863609,100.4787789340362,102.54495239257812,5958441.0
2023-08-17,102.41020552518944,102.99412473446088,101.51187038900356,101.82628631591795,5708751.0
2023-08-18,102.32037289787696,102.5000371827622,100.164367210488,101.15253448486328,8626445.0
2023-08-21,101.33221158390288,103.08396245270892,100.92795663850286,102.76954650878906,6394425.0
2023-08-22,102.90429336817276,105.46454715487316,102.7246222273278,105.15013122558594,9410569.0
2023-08-23,105.41961815668964,106.63236911965912,104.43145095922384,105.7789535522461,14990033.0
2023-08-24,106.40778042735646,107.08153169267214,105.55436489945752,106.00353240966795,17273849.0
2023-08-25,102.4102061521342,105.55437914803304,102.4102061521342,104.65604400634766,10944286.0
2023-08-28,104.47638413165578,106.18321548993666,104.38654513069068,105.4196319580078,7734363.0
2023-08-29,105.59928908713684,105.91370498751326,104.79078616205987,105.2848663330078,8257230.0
2023-08-30,105.32978621792246,106.0933696513104,104.02720311706967,104.29669952392578,8868451.0
2023-08-31,104.20686778192936,104.88061908224356,103.08394894807236,103.30853271484376,12626049.0
2023-09-01,105.10521340708772,109.8663924824144,103.80263017046704,109.01296997070312,31991938.0
2023-09-04,110.22571563720705,111.16897024747468,109.14771624297514,110.22571563720705,19622564.0
2023-09-05,110.9443853623205,114.17839036650396,108.96805087469532,110.85455322265624,41671778.0
2023-09-06,110.4952213109198,113.10039456623684,110.4952213109198,111.93255615234376,20234630.0
2023-09-07,112.38172308542578,114.447896620286,112.11222665941344,113.23514556884766,19840679.0
2023-09-08,114.31314373945784,115.7504854109328,113.10039270118472,115.03181457519533,20210938.0
2023-09-11,115.8403137459706,116.3793203138315,113.90889867489744,115.43606567382812,13773356.0
2023-09-12,115.88524248556124,116.28949058993962,109.46214434138598,109.82147979736328,18056666.0
2023-09-13,110.58505439229442,112.15714088770734,108.51888768200368,111.6181411743164,10650872.0
2023-09-14,112.2469727096041,113.90889819728488,111.03422164450843,113.10039520263672,12308230.0
2023-09-15,113.90889706326656,114.0885613475094,110.9443883969875,111.25880432128906,27553333.0
2023-09-18,111.75289233675676,111.8876439779648,110.31555748929512,110.94438934326172,13376212.0
2023-09-20,111.48338377824275,113.01055755006972,110.45029704954422,110.9893035888672,20993004.0
2023-09-21,111.16896923415104,112.56139138828198,108.65362819886704,108.87821197509766,11814520.0
2023-09-22,109.23755120480811,110.58505390927635,109.14771906192752,109.282470703125,7745864.0
2023-09-25,109.41721522880025,110.31555030669269,107.80020934709276,109.95621490478516,11052731.0
2023-09-26,109.9112908735292,110.8545454078908,109.0129558327096,109.192626953125,7023846.0
2023-09-27,109.55196330378948,110.0011308562507,108.51888341613105,108.87821197509766,6490723.0
2023-09-28,109.5519583647304,110.22570966304671,108.6985427950308,109.10279083251952,9719776.0
2023-09-29,110.1808050630586,112.291891247766,109.8663891383155,111.75289154052734,14505102.0
2023-10-03,111.75288245162407,113.23513666629292,111.03421166458688,111.39354705810548,13140786.0
2023-10-04,111.39355950836648,111.48339165334836,107.93497052341382,109.01296997070312,9753480.0
2023-10-05,109.41722455516845,110.94439157625524,109.41722455516845,110.49522399902344,13906951.0
2023-10-06,111.21389215850836,112.42664321678,110.09097324274695,111.93255615234376,12431715.0
2023-10-09,109.95622844106954,110.40539603531104,108.60872565834504,109.41722869873048,11378558.0
2023-10-10,109.59687732424165,110.85454777904084,109.4621256944859,110.40538024902344,9862213.0
2023-10-11,110.7198003192057,112.02238346381286,110.54013604193328,110.9893035888672,13202599.0
2023-10-12,110.98930717137462,117.1428945384908,110.98930717137462,116.19965362548828,44500591.0
2023-10-13,115.79539153224756,118.71498067343887,114.98689540692008,115.21147918701172,32376316.0
2023-10-16,115.34622526723324,117.54715730284946,115.1665609826438,116.7386474609375,22411704.0
2023-10-17,116.96322228616567,118.98447617489263,116.96322228616567,118.04122161865234,29711623.0
2023-10-18,118.08614808452344,118.98448319921364,116.8284844069596,117.68190002441406,22761267.0
2023-10-19,116.78355591142348,117.7268104506706,115.885220865951,116.15472412109376,12766650.0
2023-10-20,115.8852281625136,116.15473143462528,110.71980132581244,112.33680725097656,23340295.0
2023-10-23,112.29189532218338,112.65123075796504,107.62055521828192,108.51889038085938,17027808.0
2023-10-25,109.19264147187828,109.41722526194486,105.95862941191666,107.5307159423828,9531434.0
2023-10-26,106.00353785003792,107.12645668319507,104.97045115278276,106.45270538330078,13170505.0
2023-10-27,107.17138113082342,108.06971623886469,106.0035427488686,106.2281265258789,9937564.0
2023-10-30,106.67730475530468,107.57563995324408,105.06029865751228,106.63238525390624,7895004.0
2023-10-31,106.94679565049287,109.0578817500164,104.34162250791468,107.35104370117188,33212394.0
2023-11-01,108.1595519423162,109.10279972458376,105.46454652940344,105.64421081542967,15959172.0
2023-11-02,106.9917073122816,109.86638369813278,106.6772914031072,109.6417999267578,17644988.0
2023-11-03,110.22571360778272,111.57321625263948,109.68671392059058,111.1689682006836,12062935.0
2023-11-06,112.02238474579734,112.29188801854302,110.54013730695492,110.85455322265624,6377850.0
2023-11-07,111.079136737377,113.0105585775028,110.40538541085076,112.33680725097656,7013652.0
2023-11-08,112.96563762671666,113.05546976501316,111.39355121839256,111.97747039794922,7605770.0
2023-11-09,112.29188852492987,112.29188852492987,110.76472158249202,111.52830505371094,7332564.0
2023-11-10,111.30371991703748,113.10039011148923,110.6748812367276,112.83088684082033,6880677.0
2023-11-13,113.63939363474272,114.35806447828186,112.60630686731264,113.23514556884766,5965121.0
2023-11-15,114.3580589160992,115.93014531284348,113.6843076032088,113.95380401611328,14489745.0
2023-11-16,113.99872810690714,114.8072310857156,113.23514462560313,113.549560546875,6392633.0
2023-11-17,112.69613933504772,114.22331316854418,112.1122269834567,113.41481018066406,9122291.0
2023-11-20,112.87580147094027,113.5944654054866,111.5282988831943,111.88763427734376,5930799.0
2023-11-21,111.93255520736297,112.65122604888418,111.52830714260296,112.2469711303711,5289551.0
2023-11-22,112.33681667684284,112.69614526480476,110.40539467465685,111.21389770507812,7738964.0
2023-11-23,111.43847500085108,113.10039361139668,111.12405222408984,112.2469711303711,7039867.0
2023-11-24,112.381712055219,112.92071170809427,111.30371274946847,111.84271240234376,7037545.0
2023-11-28,111.88763481131006,113.59446594759852,111.0791318840535,112.56138610839844,19955790.0
2023-11-29,112.47155649402006,114.08856248331638,112.47155649402006,113.10039520263672,17797816.0
2023-11-30,113.05547133186452,120.55656807050477,112.56139113750967,118.49039459228516,82083861.0
2023-12-01,120.37690094169326,123.3863289482378,118.89465353996566,122.21849060058594,53660727.0
2023-12-04,124.86857343112436,130.3484227841254,123.97023837046878,127.47373962402344,66257632.0
2023-12-05,128.32715919819864,128.8212324782111,125.31773148946432,126.0813217163086,25099887.0
2023-12-06,126.7999968123274,128.10259370343485,124.68891750304412,126.30592346191406,18752200.0
2023-12-07,126.305922079677,129.09075269905458,125.81183502716462,127.60850524902344,18456707.0
2023-12-08,128.32715919819864,130.07890969257204,123.38631673804056,126.0813217163086,18995777.0
2023-12-11,125.81183941826367,128.5517643437287,125.54233613407744,126.71017456054688,11044633.0
2023-12-12,126.7101629422902,127.20424996674365,123.97023826805322,124.64398956298828,9881478.0
2023-12-13,124.91350427598049,127.56359020421463,124.41941720622344,126.71017456054688,17529522.0
2023-12-14,127.56359298085236,132.4145973717694,127.2491701912067,130.752685546875,38595458.0
2023-12-15,132.05525083313927,133.98666568545195,130.25858075377684,131.0221710205078,28383880.0
2023-12-18,131.15694355889235,132.50444640367547,129.8094407141092,130.30352783203125,10775891.0
2023-12-19,131.2467545048649,131.9205057832112,128.32716563203084,129.71957397460938,16040169.0
2023-12-20,130.7077558347837,132.9535935639037,122.5778205138682,123.74565887451172,24177947.0
2023-12-21,121.40998183658589,126.66524759202314,121.14049227579883,126.39574432373048,16747435.0
2023-12-22,127.56357989924967,137.5800104435478,126.7550838195101,136.09776306152344,84784192.0
2023-12-26,136.951190451216,141.66744997408753,136.0079358051404,138.34361267089844,44403657.0
2023-12-27,139.1970317277852,139.6012798124289,135.42402675859924,136.41220092773438,15311946.0
2023-12-28,136.95118208254104,142.70053489788648,136.23251126718466,141.12844848632812,37181228.0
2023-12-29,143.50900929797712,147.5964360914703,141.98184261345867,145.62010192871094,57370272.0
2024-01-01,147.05744604951536,152.13304734469187,146.11419149842015,149.30328369140625,40952729.0
2024-01-02,150.11179667133766,150.56096420930396,142.02678098794436,147.3718719482422,40801901.0
2024-01-03,147.3269645726946,147.6862931496254,144.4073753357357,145.6650390625,22338899.0
2024-01-04,145.79979312136513,148.85412705482315,145.75487362373948,146.56336975097656,16795469.0
2024-01-05,149.12362034527663,150.11179439683175,145.44044110675867,147.0125274658203,36182162.0
2024-01-08,148.53972398824902,148.53972398824902,144.00312869487894,144.36245727539062,16705187.0
2024-01-09,145.4404412029984,146.20403148947855,143.4641068060856,144.67686462402344,21668343.0
2024-01-10,144.54212349000446,144.99129107537738,141.6674536851191,143.73362731933594,21435177.0
2024-01-11,143.55395458551217,144.7217929803126,140.00553361121962,142.8802032470703,37761286.0
2024-01-12,144.45228995326372,148.0905499286433,143.19461256149347,145.88961791992188,31798366.0
2024-01-15,147.0574503781316,149.84229461904988,145.0811159365955,148.4049530029297,26896883.0
2024-01-16,148.53973552676447,151.09998270367936,146.29389745534382,149.93214416503906,33401828.0
2024-01-17,148.67444207788063,151.81861456895365,146.96761106572842,147.41677856445312,31113706.0
2024-01-18,147.41678598959376,148.36002681842177,141.7123529854653,146.92269897460938,20299367.0
2024-01-19,148.27019996066602,151.99828486518024,147.6862739646245,151.18978881835938,21251240.0
2024-01-23,150.9202826292758,151.1897858754718,139.91567868755774,141.21826171875,30341132.0
2024-01-24,142.56577905142086,148.31513197330753,140.31994127900558,147.821044921875,18968981.0
2024-01-25,149.12363180595986,150.15671172402273,147.82104860698738,148.58462524414062,16725897.0
2024-01-29,150.87540109889795,156.93916398024774,148.67448249828,154.28907775878906,58433818.0
2024-01-30,157.20864672993503,159.00531697827716,154.06447379533634,154.51364135742188,57303068.0
2024-01-31,155.41197137712953,156.75947401912777,153.03138885926828,155.05264282226562,29140358.0
2024-02-01,156.3103205549245,157.657823318329,153.88481832229772,156.0408172607422,31663125.0
2024-02-02,158.01714201708634,161.7003214895735,157.298484887582,159.81381225585938,41748419.0
2024-02-05,161.7003382308779,167.5395171114374,159.85874830396918,163.13768005371094,57505480.0
2024-02-06,165.3609941149234,169.5297586724425,162.76709334089827,168.18649291992188,33761541.0
2024-02-07,169.29813975362703,171.75307292480773,165.12937571044608,165.77784729003906,31684715.0
2024-02-08,167.6306463660067,168.7886364820134,164.89779251935516,166.47265625,19018617.0
2024-02-09,166.6579454263041,166.843235168466,155.77283744855814,160.35848999023438,36193339.0
2024-02-12,160.35850477700484,161.8407239016178,155.17070250179955,156.37501525878906,18334992.0
2024-02-13,156.83818330773448,159.61735957141923,154.10532947556874,157.81089782714844,13204257.0
2024-02-14,156.5602538196753,163.7397920865539,154.93906775941238,163.27659606933594,15132347.0
2024-02-15,163.9714014268148,172.7721263621523,162.72076643964976,170.687744140625,43688826.0
2024-02-16,171.75311237807884,171.98471043367798,168.3717864205807,169.1592254638672,19961823.0
2024-02-19,169.5297455496376,174.02275265697745,168.74230665103298,170.3171844482422,19606057.0
2024-02-20,169.99295019066852,172.3089304384978,169.11288052361775,170.45614624023438,11867776.0
2024-02-21,171.1046074936227,171.799401525786,166.10209611629531,167.0284881591797,13671880.0
2024-02-22,167.67697080761317,169.71503060908967,164.6198740375876,168.8349609375,11766044.0
2024-02-23,169.52976507231682,169.62240994245235,165.91684130699187,166.65794372558594,8219010.0
2024-02-26,166.75058525540163,169.99295774647888,164.61988050556926,168.69601440429688,14909208.0
2024-02-27,168.60336379793543,169.76135393391027,165.68523430952757,167.21377563476562,9486385.0
2024-02-28,167.53802572285267,168.4180954368682,163.6471673903673,166.1484375,12659946.0
2024-02-29,165.59258857381687,170.36350225470193,163.32293074636303,168.8349609375,19475687.0
2024-03-01,171.3362245761535,172.26261672215665,168.78864617464492,170.59510803222656,17823470.0
2024-03-04,172.30891863200023,178.70101802377778,171.38252659634432,176.8019256591797,52923468.0
2024-03-05,178.33048059759736,181.897095863798,177.2188128963211,179.81271362304688,26849239.0
2024-03-06,179.76639860254298,179.8127210369273,171.98469610151736,176.43138122558594,20285523.0
2024-03-07,177.07984512118992,178.28415768416608,173.7911644587074,174.67123413085938,7718111.0
2024-03-11,174.1617150196112,174.1617150196112,168.55703998041955,169.7613525390625,14087639.0
2024-03-12,169.7613631120331,171.01199818075003,165.54627596207231,166.65794372558594,16435560.0
2024-03-13,166.6579376038582,166.88953563506732,154.05901318745342,156.2823486328125,22832224.0
2024-03-14,155.6338826554971,163.60086087425373,153.82742077322746,163.13766479492188,22996586.0
2024-03-15,163.6008433424383,163.64715163691096,153.36420825905986,161.00694274902344,42241333.0
2024-03-18,161.6554187960876,164.89779109285723,160.40478382737072,162.95236206054688,10899780.0
2024-03-19,162.90604303091513,163.5081921921053,159.70997924047677,160.21949768066406,9713217.0
2024-03-20,160.26583809688174,161.9796691874267,156.2823491205285,161.19223022460938,8692031.0
2024-03-21,162.21126994405452,164.24932983216462,161.00695733065507,162.16494750976562,13773426.0
2024-03-22,162.11861354843697,163.04500562585662,160.08055380523805,161.2848663330078,12396239.0
2024-03-26,161.2848717928232,167.90856971635054,159.38576514270014,167.21377563476562,22741278.0
2024-03-27,169.39079069565904,170.17821545073832,166.42632484993237,167.0284881591797,13833150.0
2024-03-28,168.00121758386572,168.9739180069705,166.42633966229752,167.72329711914062,10519502.0
2024-04-01,168.04752846359898,170.9193497505123,167.399056793025,168.9276123046875,8712471.0
2024-04-02,169.52975775985996,170.7340703415626,164.4346011058751,169.80767822265625,17194544.0
2024-04-03,170.45615014712507,177.63568907995233,168.9739171002926,175.18075561523438,40868454.0
2024-04-04,176.43137118224075,176.43137118224075,171.24358394582714,172.77212524414062,16507602.0
2024-04-05,172.49421764753862,177.35777649550843,170.73407819490333,176.7093048095703,15022150.0
2024-04-08,176.98721995615838,186.9922578264316,176.98721995615838,185.9732208251953,56272730.0
2024-04-09,188.05760800879432,191.6705317694926,185.6953051795889,188.8450469970703,37997348.0
2024-04-10,189.44718723236275,194.4496989915847,186.760655757155,187.3164825439453,27923078.0
2024-04-12,188.9839862390159,189.91037832842284,184.67626867752224,186.2974548339844,30179782.0
2024-04-15,182.49924563751813,193.24539976585424,182.1286944478328,188.70606994628903,44962181.0
2024-04-16,188.05760691196068,194.6349968473669,186.29746747688588,190.6978302001953,31636637.0
2024-04-18,192.6895500272754,197.92365955405631,187.36279563950217,188.56710815429688,30645258.0
2024-04-19,188.057614528755,188.98400671855185,182.73085943742328,187.0848999023437,22533995.0
2024-04-22,189.4471924211994,189.4471924211994,181.5265368058048,184.1204376220703,36002648.0
2024-04-23,186.20481285073623,187.64072343864984,183.8888325913988,184.9541778564453,13558545.0
2024-04-24,186.1121789968213,193.430685530676,184.53731515442456,192.1337280273437,31299709.0
2024-04-25,192.04108828309225,193.61595205160287,190.92942057212124,192.68955993652344,12365830.0
2024-04-26,193.52331044984243,196.1172112429384,192.0410915220891,192.7358856201172,13324638.0
2024-04-29,193.523309658592,195.56138364630576,192.2726887686281,194.1254730224609,10194865.0
2024-04-30,194.49602774605867,196.62673250373004,193.2917151321033,193.70860290527344,17217978.0
2024-05-02,193.61595693516605,194.68130224012967,186.85329149738743,189.9567108154297,17430514.0
2024-05-03,191.7631578415388,193.15274594183973,185.8805625626827,188.7987060546875,15781876.0
2024-05-06,189.4471805607659,189.4471805607659,181.6654927347678,183.2403564453125,25048200.0
2024-05-07,183.6572291748997,184.2130700750748,177.4504050891774,178.56207275390625,15026421.0
2024-05-08,180.64645949809773,186.89960617303188,179.53479180523377,186.34376525878903,23505647.0
2024-05-09,186.99224945322445,188.3355151597069,178.23783287398,179.07159423828125,19166975.0
2024-05-10,180.646458340416,182.03604648149604,175.2733813677818,178.37680053710938,14080312.0
2024-05-13,178.37679380132298,179.4421390150067,173.55955792127588,178.74734497070312,12436159.0
2024-05-14,179.21055895106255,186.11217765532857,178.97896091309642,185.3247528076172,15962440.0
2024-05-15,186.2974637262129,187.91864996005643,183.88883852453927,185.9732208251953,12338883.0
2024-05-16,186.7143368885129,187.82600461893583,176.9408970762848,181.06333923339844,32045529.0
2024-05-17,181.48022007705404,190.18831493859227,180.78542595097707,188.891357421875,30620083.0
2024-05-21,193.33803023572787,195.7466553723121,188.7523921253289,189.1692657470703,34640241.0
2024-05-22,191.39262046114973,191.39262046114973,183.6572404911331,185.9732208251953,36029532.0
2024-05-23,187.1311924745737,188.28918252701536,184.8615347989121,185.69528198242188,30667689.0
2024-05-24,186.2048137020868,191.6242131879634,184.4909826480925,189.4008636474609,23963389.0
2024-05-27,191.53155377436272,191.9021049351556,185.7416035393457,187.54806518554688,15755998.0
2024-05-28,188.4281544599919,188.56712176150845,183.7961937885504,185.7416229248047,11658134.0
2024-05-29,183.8888202188461,186.4827207619037,183.47194662733816,185.9268798828125,11373374.0
2024-05-30,186.2048129772868,188.196550347422,183.33299179950777,184.7225799560547,16892576.0
2024-05-31,186.06586705694463,190.04934195223865,185.2784280833415,189.2619171142578,45410243.0
2024-06-03,201.02708104459765,216.03462988992723,195.6076817308519,213.8112945556641,106239940.0
2024-06-04,213.48707506750893,213.48707506750893,160.72904324026433,176.2924346923828,144638353.0
2024-06-05,183.51826820863928,183.70354378894004,169.48342036482856,180.785400390625,49797002.0
2024-06-06,186.20482359767763,195.32979200037,184.4446841532421,192.596923828125,41316996.0
2024-06-07,195.6540062278588,198.6184580833857,192.5969095092504,197.0435943603516,31816743.0
2024-06-10,198.61846819706145,201.66630623880653,190.734876212776,192.85630798339844,38291847.0
2024-06-11,192.87482776239645,198.47950265996548,190.7719137879085,197.1918182373047,58491135.0
2024-06-12,200.1006933773324,204.0378597979512,198.65552396464,200.9529724121093,37632644.0
2024-06-13,202.9261884998552,203.9915337404874,198.4980354763308,203.6487731933593,26308017.0
2024-06-14,203.7136123350953,208.9014136270897,202.98176881301524,205.5015563964844,32311984.0
2024-06-18,207.3265387242398,207.88236545974985,203.9451993401665,205.8998870849609,18556534.0
2024-06-19,205.89989755632004,206.4464796237899,199.82276780437712,200.36007690429688,20546373.0
2024-06-20,201.8608373275112,205.1958546143177,199.3225319650847,202.5093231201172,18495221.0
2024-06-21,203.6209895029669,203.6209895029669,198.24791241415065,198.95196533203125,16928662.0
2024-06-24,197.22886669501668,197.627222636945,193.1990696586849,196.9972686767578,23293709.0
2024-06-25,198.52583918274567,199.6375069278412,196.03384205498628,197.46047973632807,12615853.0
2024-06-26,196.11720947788152,199.3225324409436,194.10694026862063,197.7198638916016,18166674.0
2024-06-27,198.7111154486508,202.3796345689151,197.73840086758184,201.9071655273437,24218669.0
2024-06-28,202.23139890935124,206.7243921274689,201.8608335867832,203.389389038086,25103775.0
2024-07-01,204.0378742954166,207.51184491338623,203.3894026071868,206.1685791015625,20094833.0
2024-07-02,207.18760029149544,209.364627515038,203.6209989678561,205.3533477783203,23734457.0
2024-07-03,205.65904875513743,206.44648770416936,203.01882558308628,203.9359588623047,11406984.0
2024-07-04,204.73266485040944,205.46450842816463,201.28648492660253,203.02810668945312,15067769.0
2024-07-05,203.01883489818545,207.46552006458293,201.527342964796,206.54840087890625,20660843.0
2024-07-08,207.04863815857024,214.404193829572,204.9827876955439,213.5241241455078,28199193.0
2024-07-09,215.728926268459,216.86839874212583,211.2174012133105,212.2456970214844,24236853.0
2024-07-10,212.95902064667328,214.69136935170013,203.6765678390593,212.3568572998047,18643698.0
2024-07-11,212.9775393142819,213.76497825788792,209.3646157585381,212.51434326171875,15939530.0
2024-07-12,212.79225643497912,216.59046959020552,208.1602960679329,211.8751373291016,26631708.0
2024-07-15,212.69961867705453,220.4813061821772,211.30075764565603,219.70314025878903,32695974.0
2024-07-16,220.66659902406525,221.5096192414868,215.84936285191927,216.22918701171875,19213934.0
2024-07-18,216.32183235246768,216.6553341019056,210.99507733003853,212.0141143798828,14554717.0
2024-07-19,212.01409712614955,212.01409712614955,202.898402230848,203.5839233398437,17266945.0
2024-07-22,201.76821080017223,209.7814971521992,200.24892825689284,206.4650115966797,14249258.0
2024-07-23,209.2719814672465,209.2719814672465,193.7549129223813,203.6117248535156,18437981.0
2024-07-24,202.87986638684603,208.43821889059524,202.04611916553225,207.20611572265625,10123727.0
2024-07-25,205.65904782748643,212.8756361239215,202.8520808731232,211.58795166015625,21033610.0
2024-07-26,213.0701955240753,215.49733844534168,212.3661425755155,213.6630859375,16686103.0
2024-07-29,214.4597754502682,216.9332407105906,213.0701872724047,214.8025360107422,12472241.0
2024-07-30,216.49783650223304,218.99909240933744,214.83032785228943,216.54415893554688,18713036.0
2024-07-31,223.26050242492977,228.1703835211501,220.9074726439424,223.2327117919922,87632493.0
2024-08-01,225.0669608602776,225.9933529725945,219.66609314919515,221.40771484375,21967072.0
2024-08-02,218.9898351281676,221.870915218983,215.015619108637,219.564193725586,14930829.0
2024-08-05,213.07018893257109,213.7927736598405,204.73265980042697,208.0398864746093,18627263.0
2024-08-06,209.35535998272204,213.58896461443288,206.02960153369293,206.9559936523437,14389267.0
2024-08-07,210.3929085049153,216.84986251471463,208.99406153531524,216.33108520507807,16963242.0
2024-08-08,214.92296724680185,215.13603347187416,209.985295656452,210.57818603515625,13656192.0
2024-08-09,214.6450423278312,214.6450423278312,210.291002374514,210.64303588867188,9460718.0
2024-08-12,209.8092787815386,217.6094985647178,208.7717241532762,214.830322265625,20362324.0
2024-08-13,216.11799797226183,216.86838741657,209.45725091892555,210.4392242431641,12565171.0
2024-08-14,211.4953108606416,212.94973904937672,208.5030684544093,209.9760284423828,12489039.0
2024-08-16,211.47679671897,215.84936875332053,209.9575141738565,215.4324951171875,10347738.0
2024-08-19,216.77575857124648,221.96356015711487,216.3403531389929,221.3428649902344,19004338.0
2024-08-20,222.33411255948133,223.86265392907893,218.739706549704,219.2955474853516,13957013.0
2024-08-21,220.48131759436964,221.21316112637496,218.02638420817672,218.7674865722656,7715949.0
2024-08-22,219.6938819320192,220.0181248228489,216.31255640477983,216.84060668945312,10788298.0
2024-08-23,217.3316046399488,217.970803351278,212.00484976284832,212.57920837402344,11234936.0
2024-08-26,214.1818554229088,218.53589556193995,212.9312345416629,217.93374633789065,13276274.0
2024-08-27,217.70214008190013,220.29604074829817,216.8683928592393,219.1102600097656,11974901.0
2024-08-28,220.01813289370327,220.4813289629532,216.92398654366323,218.13755798339844,11745870.0
2024-08-29,216.8220935772759,217.86890713338244,211.8566309036655,214.8396148681641,14620812.0
2024-08-30,215.3954192087353,221.7134200315496,215.3954192087353,220.1941375732422,23605945.0
2024-09-02,221.08348118509423,222.60276374733127,216.20140472690184,216.8313446044922,11344611.0
2024-09-03,217.7021453255136,218.4154712064692,214.1355300563576,215.41395568847656,11468711.0
2024-09-04,212.2271745582252,214.40420176812617,211.1896198721221,213.0424041748047,10067531.0
2024-09-05,214.64506851433785,214.73771338798343,210.2076561249244,211.32858276367188,12026014.0
2024-09-06,211.1247607524756,211.6064886180035,205.61273040662937,206.418701171875,12081433.0
2024-09-09,205.7516893065812,206.58543653521008,199.91541629931413,201.7218780517578,11247785.0
2024-09-10,203.2504226159112,205.510821618628,201.5736551639872,203.7414093017578,10945760.0
2024-09-11,203.8803824416629,204.9735183741195,199.1743087070996,201.2031097412109,12709020.0
2024-09-12,202.13875565212263,204.7048657557773,201.592187699563,204.399154663086,9267929.0
2024-09-13,204.39916325263687,205.4182002710985,202.1295053140152,202.7594451904297,8023988.0
2024-09-16,203.806259122578,204.31577759750868,201.0270828618156,201.7959899902344,6528370.0
2024-09-17,202.583422529374,205.14953266624465,201.83304717197376,203.5561370849609,7453731.0
2024-09-18,203.5468649225292,204.86233995383608,200.1192171214484,201.8978881835937,9639142.0
2024-09-19,202.8798727730086,203.29674639678765,193.2639181154369,195.3946228027344,22834523.0
2024-09-20,196.32102626968472,198.4702628815155,194.42191950083588,196.5433654785156,29582243.0
2024-09-23,197.3215133411041,204.68632756121823,196.05236071296628,204.11196899414065,17538036.0
2024-09-24,203.9915377542117,207.23391010677608,203.4264380073399,206.2889862060547,13952725.0
2024-09-25,206.2519482239164,209.36462642108847,205.7146390793044,208.9848022460937,14897710.0
2024-09-26,210.2446870257713,214.0984816048729,208.31778973622053,213.5982360839844,25633119.0
2024-09-27,216.7757477582657,220.3886712333216,214.92296358939163,219.5363922119141,31529491.0
2024-09-30,216.7757525649073,226.966065719668,213.67233335898155,222.60275268554688,29251437.0
2024-10-01,222.519385426268,226.5028743878203,221.41697653666864,222.1117706298828,14256684.0
2024-10-03,215.05266691153025,226.0304192255616,215.05266691153025,222.61203002929688,22452808.0
2024-10-04,223.6773705578728,224.1776302096996,212.3661308903428,213.24620056152344,20561689.0
2024-10-07,214.9229554490243,217.0073375600601,205.7053573851235,207.45623779296875,15437600.0
2024-10-08,205.86286352624137,210.6245185845781,204.80677704670745,208.2066345214844,9387045.0
2024-10-09,208.6698229676041,209.9482486039678,205.7980017697391,206.1778259277344,9953771.0
2024-10-10,207.5118377690814,212.5792038668816,207.12275476953903,209.01258850097656,10108642.0
2024-10-11,209.3646157585381,213.5333802316064,208.82730664129025,212.51434326171875,12660791.0
2024-10-14,212.5143350475844,214.5524089085837,210.42995289161613,213.6908569335937,12947771.0
2024-10-15,213.1906176782135,216.6831057041624,211.5138502453481,214.2096405029297,16946397.0
2024-10-16,213.5611859017198,217.23896394888985,212.80155167255023,214.7932891845703,14363208.0
2024-10-17,212.46803770141645,213.19062242187164,204.63075417143523,205.6775817871093,15315848.0
2024-10-18,205.6590469882238,205.82579078176448,201.3513293609624,205.1309967041016,10150771.0
2024-10-21,206.5854444277874,207.0949629250252,202.5093247211292,203.4820251464844,8211751.0
2024-10-22,202.14802972279745,203.3801187969425,195.79297924567544,196.5155639648437,12878742.0
2024-10-23,195.2093501916481,199.48927729629045,192.78220734156912,195.9041442871093,7866079.0
2024-10-24,195.7003264934166,197.96072542561987,194.54233639582245,194.949951171875,6846772.0
2024-10-25,195.00552453604817,195.5613654146273,187.53880695090405,190.910873413086,10268644.0
2024-10-28,189.91039067072427,193.8753479402193,188.585656681876,191.6242218017578,12266987.0
2024-10-29,190.51253209846007,192.2726855918932,185.4544390850147,190.02154541015625,12717208.0
2024-10-30,189.1322121496847,191.6242091290404,187.4369129317332,188.73385620117188,8970199.0
2024-10-31,188.05760022950363,188.9469428837602,184.82448664412323,185.2691650390625,12812568.0
2024-11-01,185.2691660361129,187.0385642505347,183.47196305318863,185.42665100097656,2606575.0
2024-11-04,185.4359075001264,185.5656018304776,180.42412277794472,181.7488708496093,10478575.0
2024-11-05,181.38758272775468,182.4899916292997,177.5893693227776,181.9526824951172,17109329.0
2024-11-06,186.204815721198,194.5330859509849,186.204815721198,193.5418395996093,40549292.0
2024-11-07,193.89389076932355,200.53612116356743,192.68957807920387,194.94070434570312,21951907.0
2024-11-08,194.54234730654383,194.54234730654383,188.81725072804983,189.1414794921875,13570458.0
2024-11-11,187.131214161432,191.0220583614264,186.9459385586937,187.9927520751953,8551604.0
2024-11-12,188.05761590038964,190.095675905683,179.25689003313002,179.85903930664062,17295996.0
2024-11-13,179.6274240463595,180.3685405597164,175.04178593992006,175.5235137939453,12112022.0
2024-11-14,175.5605646426468,177.86728609805482,174.0968634045236,174.9862060546875,12252336.0
2024-11-18,176.01451485469306,176.80195386487114,171.03052038435558,171.80870056152344,14792702.0
2024-11-19,171.97544688460476,175.55132133042784,171.97544688460476,172.9388885498047,9668218.0
2024-11-21,173.33724252597588,176.2461134252302,167.1396765385743,174.4396514892578,17368997.0
2024-11-22,175.6346801216605,179.36803926594266,174.30994616397032,178.43238830566406,8159852.0
2024-11-25,182.86979587041984,186.3900886964993,182.34175972109983,184.52804565429688,21024516.0
2024-11-26,184.52804387318864,185.20430614532853,178.81220633685675,179.69227600097656,10102404.0
2024-11-27,180.27592016369087,181.109667454244,178.3304909715702,180.53530883789065,8033396.0
2024-11-28,180.5538049588098,184.5836160320772,179.3958148958733,182.2213134765625,15723274.0
2024-11-29,183.1477388897652,185.797221201828,181.989748615885,184.7781982421875,12489971.0
2024-12-02,183.79619372819056,184.53731026250225,182.4992503948617,183.92588806152344,8234055.0
2024-12-03,184.8152278117536,186.3808327551667,184.352031752075,185.2691650390625,8800984.0
2024-12-04,186.7606641212385,192.71735889339536,186.54758374791865,191.51304626464844,14841619.0
2024-12-05,193.10643092925983,194.26442105732644,190.4198994863941,193.4955139160156,12412144.0
2024-12-06,193.49551316877543,197.6920682458328,193.1620114477553,194.9221649169922,14026104.0
2024-12-09,194.9128961064825,196.3024842844345,192.88410924059508,193.31024169921875,7980018.0
2024-12-10,193.4306755821123,194.4867620231083,191.65200442546745,192.263412475586,7239820.0
2024-12-11,191.2999685290267,192.52281288535173,189.91038037990543,190.67002868652344,6858258.0
2024-12-12,190.1882945803444,192.3189991660288,189.3638062044133,190.1141815185547,5419304.0
2024-12-13,189.91037862798385,190.46621953675336,185.13019204655475,189.81773376464844,4879404.0
2024-12-16,189.67878335529844,189.9103813813733,186.5475735193676,188.81724548339844,10337056.0
2024-12-17,188.0575993461284,189.9103835761395,183.52754246917607,184.8800811767578,10164638.0
2024-12-18,183.42562964188204,184.6855234210087,178.79366929739007,179.29391479492188,13124279.0
2024-12-19,175.18075968842635,182.4992519552245,174.83798498369845,179.3680419921875,13972934.0
2024-12-20,179.72933831933847,185.0746250537939,177.6079064873414,178.25637817382812,25818265.0
2024-12-23,179.9053422250932,183.60165177714225,177.5245218887771,179.69227600097656,20954043.0
2024-12-24,179.69227614729803,186.658748673214,179.59037245122508,183.4812164306641,22726193.0
2024-12-26,183.9814872615524,185.93617527003568,182.03605808577595,183.0828857421875,9338804.0
2024-12-27,182.48998036879271,183.1755014590944,177.96918250884764,178.33047485351562,8010778.0
2024-12-30,178.79366938940996,179.55331767139575,173.69851300784646,174.8472442626953,24223648.0
2024-12-31,174.4859616156472,177.99698153398094,173.5595694948009,176.92236328125,8397949.0
2025-01-01,176.96868021078666,177.49673048834552,175.1158960267147,177.02426147460938,3721986.0
2025-01-02,176.94089395261713,177.75612353715906,173.75410281554065,177.03353881835938,9157431.0
2025-01-03,177.5801023840796,179.4977266640709,175.7736406317337,177.02426147460938,16593190.0
2025-01-06,177.3021998813741,177.3114587144082,170.27088658344238,171.07684326171875,20865981.0
2025-01-07,172.5961152440994,175.34750099731096,170.4191022229305,172.36451721191406,14521936.0
2025-01-08,173.2353182596013,177.56156755943553,173.22605942766245,176.5518035888672,14658568.0
2025-01-09,176.38505847443315,176.82046391274343,168.90908122664547,169.5482940673828,14447702.0
2025-01-10,169.992951328304,171.262103989209,164.6661967226487,166.3614959716797,11987426.0
2025-01-13,162.2853604726503,165.60184587016212,159.01519750702866,159.4783935546875,12564130.0
2025-01-14,160.441839916376,165.08305895509992,160.3584680251966,163.00794982910156,16272268.0
2025-01-15,164.11035120366552,166.74131545210875,162.83193974637675,164.8422088623047,11373283.0
2025-01-16,168.55704905436312,168.88129196147565,164.94412531956124,167.23231506347656,6929944.0
2025-01-17,166.38002491262,169.3352038039218,166.23179878576494,167.63064575195312,5519645.0
2025-01-20,167.63063979872183,169.43710148179605,165.93534063903036,168.658935546875,5329580.0
2025-01-21,168.4273451432039,170.08559491523678,166.10210606511546,166.66720581054688,6654450.0
2025-01-22,166.07432050286425,167.32494139247112,159.5710438157936,163.47116088867188,9583003.0
2025-01-23,162.30389292866303,167.01922532034305,162.30389292866303,166.43560791015625,7865833.0
2025-01-24,165.64817532131306,166.83395612271684,162.4335934834947,162.89678955078125,6235286.0
2025-01-27,160.2658190370352,161.28485591059402,154.42954649931391,155.3096160888672,22215768.0
2025-01-28,154.47587833786574,157.66266933409145,151.32615094054756,153.90151977539062,18592348.0
2025-01-29,154.10534514521774,155.8191622007138,152.30814205026002,153.0585174560547,16409375.0
2025-01-30,153.17894217025386,160.2565773773254,153.17894217025386,154.80938720703125,30173614.0
2025-01-31,156.7918785368654,165.7037669028288,154.84644927890915,164.08258056640625,36650691.0
2025-02-01,165.7686154168261,167.21378492511636,161.65543196361665,162.67446899414062,14451252.0
2025-02-03,163.04501649199085,164.13815243109983,160.33069430935353,161.5072021484375,17456702.0
2025-02-04,163.04501239905198,165.31467025589168,162.11862028314826,164.89779663085938,12517209.0
2025-02-05,166.8524837867074,167.62139093561467,165.22203875910543,166.28738403320312,12940845.0
2025-02-06,166.75059385348175,167.55655053370756,163.50822119521962,165.2776336669922,14963364.0
2025-02-07,164.402716501517,166.71011718086842,163.53744491428415,164.45079040527344,12418542.0
2025-02-10,164.45079309145612,165.01802702279846,161.03775125034016,161.61460876464844,11546697.0
2025-02-11,160.65320251304937,161.2588868155781,154.52895039119107,155.45191955566406,19520499.0
2025-02-12,153.9232530007355,154.93273164248097,149.51032677126847,153.5963592529297,20114096.0
2025-02-13,153.2021892246693,158.43229850492685,153.2021892246693,156.0672149658203,12193757.0
2025-02-14,156.2402762791161,158.92264487559865,154.548183255347,156.0287628173828,18449659.0
2025-02-17,154.12513767649267,155.19231376966738,151.6735153359459,153.99053955078125,14124277.0
2025-02-18,153.99055236880793,158.3938552337449,151.5197119975573,157.74009704589844,13591407.0
2025-02-19,155.95186587635445,158.40347390185,155.41345862544063,157.22093200683594,9842304.0
2025-02-20,155.8460878950306,160.97044029814026,155.37498711599716,160.69163513183594,10110659.0
2025-02-21,160.4608853210314,161.98955325275207,156.7978799065309,157.8746795654297,10215346.0
2025-02-24,155.26923418180098,159.2975838430829,154.50009572242303,158.23040771484375,7411226.0
2025-02-25,157.6727964772456,159.17260853554532,154.30782825974342,154.53857421875,6520927.0
2025-02-27,153.82711926462153,155.6922754329206,151.39472911485748,153.22142028808594,8836252.0
2025-02-28,152.85608127184588,152.85608127184588,147.72209033900222,150.01988220214844,24910367.0
2025-03-03,150.01988957540584,152.86569769808716,147.39521849614133,148.10667419433594,21947511.0
2025-03-04,147.0971805658593,147.96245223056084,144.7128643610464,147.2606201171875,11758879.0
2025-03-05,147.57789359972745,153.106055737828,147.43368654242465,152.817626953125,11875941.0
2025-03-06,154.50008583459226,156.34600921690478,152.87528479404193,155.23077392578125,9112943.0
2025-03-07,155.1827096980467,155.69226080914214,151.3274084947335,152.0388641357422,12554271.0
2025-03-10,151.90427760491897,154.06747143157125,148.25088065255338,149.1546173095703,12901373.0
2025-03-11,148.49122944727642,151.23128071697698,147.09717419448523,150.73133850097656,8510794.0
2025-03-12,151.32741025630384,155.41344277554433,151.2312771167323,153.05796813964844,12855790.0
2025-03-13,153.307958706311,155.07696705142712,151.62547459468382,151.86582946777344,9241718.0
2025-03-17,151.79851965954694,153.05797681909385,150.37562295037375,150.5390625,9745451.0
2025-03-18,150.5390625,150.5390625,150.5390625,150.5390625,0.0
2025-03-19,156.71136672166364,160.1917003556526,156.34602264469154,159.5571746826172,11002564.0
2025-03-20,160.62435145404112,162.84522799347582,158.29770352024676,161.96072387695312,10268944.0
2025-03-21,161.95110401025937,170.48851345188646,161.9030301035644,168.29647827148438,33864565.0
2025-03-24,171.86332137385358,179.20856477700764,171.32492887363736,174.28610229492188,33972530.0
2025-03-25,175.93976444791392,176.2378021388342,170.1712475807692,170.84423828125,15135251.0
2025-03-26,170.1712458226141,172.57479449242504,166.72936236703322,167.3542938232422,15788440.0
2025-03-27,166.22941714701608,175.21869487850623,165.55642646558985,174.55531311035156,23986738.0
2025-03-28,174.96873175834423,177.81452512764005,173.83424917389098,175.97821044921875,22871476.0
2025-04-01,174.58414380592444,179.7373523318844,172.7382203343994,179.1316680908203,16373953.0
2025-04-02,176.94925339138507,179.68929003243218,176.03590784436938,176.9588623046875,13488498.0
2025-04-03,175.03602037469386,178.34330558559913,173.60351480224807,176.5454559326172,10999215.0
2025-04-04,176.1320460264675,177.76645621053115,168.2484092144389,169.79629516601562,12870074.0
2025-04-07,153.6348306350904,165.0757161915996,153.45215859286117,162.50872802734375,14675014.0
2025-04-08,167.69077226344868,170.58463941548905,163.14326254735775,165.9121551513672,11262619.0
2025-04-09,166.13328616980073,166.87358326406874,160.96084476351498,162.3452911376953,8093175.0
2025-04-11,166.3447995562409,166.68128756615263,162.77792689451843,165.08534240722656,11757223.0
2025-04-15,169.8732049869799,173.78617452047345,168.13303812949803,172.08447265625,15842566.0
2025-04-16,171.13265076067998,177.86258646475167,169.5078496506245,177.57415771484375,20404245.0
2025-04-17,177.57415924228445,181.4198368205477,176.71849656792472,179.77581787109375,19477011.0
2025-04-21,183.1503906646713,189.3996165928622,181.31407614033387,187.7844390869141,31364829.0
2025-04-22,188.543967593898,189.11120154456623,185.3520480008084,185.78469848632807,15312211.0
2025-04-23,186.79416757626024,187.284500855985,182.5735370240629,186.0346527099609,8545702.0
2025-04-24,184.79443763343383,186.7845682524197,184.496385283159,185.78469848632807,12332917.0
2025-04-25,185.5539415010043,187.1595101152388,177.74722078098847,179.53546142578125,9791154.0
2025-04-28,178.81440177245472,183.72725555604404,178.67018005855408,182.01593017578125,8332481.0
2025-04-29,182.06398870598227,185.73661788835588,181.6121204103479,182.28512573242188,6147630.0
2025-04-30,181.8524826243213,184.88096268596647,180.179622174554,181.7947998046875,11049144.0
2025-05-02,182.6696945075728,185.16939093203084,180.4872682603027,181.1506500244141,6381498.0
2025-05-05,182.2274460161727,185.65011176733785,180.04503430836107,183.8137969970703,11170518.0
2025-05-06,184.5925475293139,184.70791317708847,177.75685416681506,179.2182159423828,6179703.0
2025-05-07,175.93975854455516,182.9581234314447,175.93975854455516,181.9293975830078,7734600.0
2025-05-08,181.2467836635493,183.9964436473929,175.4398024559462,177.16075134277344,10327093.0
2025-05-09,171.86333809074569,175.84361408460862,171.70952212579058,174.59378051757812,13961118.0
2025-05-12,180.11230605286448,181.83325498626107,178.86245790455158,180.5545654296875,12160088.0
2025-05-13,181.4486968409444,182.208226455814,176.0359150699859,176.7377471923828,18769044.0
2025-05-14,177.86258562501047,180.59301314837688,175.94935577408,178.75669860839844,13578551.0
2025-05-15,179.30471727654952,179.30471727654952,175.7955423507036,177.88182067871094,14364503.0
2025-05-16,177.81451114956153,180.2661334991693,177.2665097321737,179.09320068359375,17089599.0
2025-05-19,180.16039089037145,183.5830417992462,179.1124472063805,182.1697540283203,14465387.0
2025-05-20,183.0446501338565,186.5153749661648,181.61212985932485,183.72726440429688,21788836.0
2025-05-21,184.0156771640742,184.1118249772707,180.2661471709569,183.2850036621093,10013046.0
2025-05-22,182.429340640641,185.5539538531948,181.9101805924745,185.1790008544922,10157103.0
2025-05-23,185.46743275547627,186.50576753944,182.7370049921441,183.9003143310547,9709796.0
2025-05-26,184.5925241964192,187.14990331288,184.55407387538705,185.6981506347656,7364228.0
2025-05-27,185.55396776114668,186.80381607386823,183.25617569018303,186.49615478515625,9676557.0
2025-05-28,186.51537554256484,189.6688302028726,185.65971280858065,186.84225463867188,11799541.0
2025-05-29,186.2750116818265,187.06338264388089,183.49651015889884,184.3521728515625,15154707.0
2025-05-30,184.5925214408896,185.55394082339416,181.66981297291747,182.47740173339844,26351115.0
2025-06-02,182.4774061175989,184.8328807273088,181.0448859220149,184.313720703125,8101618.0
2025-06-03,184.35216608250576,187.35178985314647,183.89068888781384,184.5059967041016,10598180.0
2025-06-04,184.49638979061365,185.5539570720162,179.1124495791832,182.20822143554688,17603834.0
2025-06-05,183.3330687291132,185.4289559908524,182.18897728968287,183.2657623291016,7467344.0
2025-06-06,183.26576321742448,184.47716106273825,182.4004916165684,183.7753143310547,6637216.0
2025-06-09,184.111828666272,187.2845158540705,184.00607193767547,186.1692657470703,7485555.0
2025-06-10,187.47679189396223,189.88034050798737,185.3135981413396,188.1209411621093,11402867.0
2025-06-11,189.40924857166843,192.8607556923748,188.72664894856155,192.37042236328125,24303718.0
2025-06-12,194.59128698289533,194.96623997421327,184.36178482299007,184.7655792236328,27331751.0
2025-06-13,182.6696940219581,185.1020840371692,178.02603635562,183.9579925537109,15290087.0
2025-06-16,185.0732466447068,185.21745369613149,181.22756879234925,184.23681640625,7728599.0
2025-06-17,184.23681687329503,185.0732471138722,181.5159980254431,183.1215667724609,8847687.0
2025-06-18,181.3333265057285,183.0542608991701,178.05488259795055,178.55482482910156,11903224.0
2025-06-19,178.34329771173142,179.26626678545907,172.574781343697,173.44967651367188,18702293.0
2025-06-20,173.19969700722598,175.5744040709358,172.4978649610979,174.83412170410156,18520686.0
2025-06-23,173.0554999239786,178.0164277759558,172.9112928754139,177.63185119628906,11308631.0
2025-06-24,178.8816959019108,180.64109521040308,177.96835038200834,178.3336944580078,7404157.0
2025-06-25,180.160386528468,180.160386528468,176.52622225410238,176.88194274902344,8112854.0
2025-06-26,177.49724823493582,179.97771209348278,176.74734226259557,179.58352661132812,12858332.0
2025-06-27,180.45841028455573,184.21756348936697,179.89117638503248,183.6503295898437,13050123.0
2025-06-30,184.59252971761964,185.02516552512608,181.94862629718497,183.477279663086,9866638.0
2025-07-01,183.7272631581704,183.93877661123287,180.7468569887219,182.30435180664065,8969214.0
2025-07-02,183.1119460224848,184.5829165360476,180.89105487779776,183.40036010742188,13834006.0
2025-07-03,183.9291481869808,186.0538915749713,183.40036456824137,185.30398559570312,14497014.0
2025-07-04,185.3039861186385,187.659460786838,184.25602779123537,185.94813537597656,11748872.0
2025-07-07,186.03465329170368,187.76521114006425,185.28474733576337,185.6981506347656,10135456.0
2025-07-08,185.6501105241756,187.909437537456,184.7655916782722,185.1982421875,10024889.0
2025-07-09,185.26551889051072,185.26551889051072,177.57416354751,177.8914337158203,27312219.0
2025-07-10,179.78543399121094,179.78543399121094,176.99732350323603,178.50674438476562,13016217.0
2025-07-11,178.15103306796777,178.15103306796777,174.54571000805242,174.87258911132812,13793909.0
2025-07-14,174.8725698020884,177.2857271558319,173.1612444855524,176.5550537109375,15937447.0
2025-07-15,175.28600926466655,177.85299755436162,175.28600926466655,177.58380126953125,7678880.0
2025-07-16,177.56455640490842,178.0356425355025,176.32431712823038,177.21844482421875,8484342.0
2025-07-17,177.6318672791722,178.92018060007973,176.99734153794068,178.14141845703125,7030843.0
2025-07-18,177.86258736445706,178.86245707642053,176.0358963892928,178.08370971679688,7725761.0
2025-07-21,177.4780324156139,177.88182681527812,176.30509953892906,177.01654052734375,5533832.0
2025-07-22,177.09346274220377,177.71839419729957,176.18972609674915,176.93002319335938,6991724.0
2025-07-23,176.90116759740178,179.40086387714246,176.8627172766792,179.19895935058594,7798034.0
2025-07-24,179.3816299658165,181.6025063899298,179.3816299658165,180.718002319336,11684679.0
2025-07-25,179.910417176488,180.5834078230676,176.02627458177884,176.43006896972656,10429865.0
2025-07-28,176.43007179072697,178.45866734577143,172.62285911771872,173.66119384765625,11229894.0
2025-07-29,172.38251558414623,178.18948278466755,171.32494828880604,175.9205322265625,13852750.0
2025-07-30,175.93014891344325,176.00706422918887,172.9593516893925,173.603515625,8784760.0
2025-07-31,171.13265820688954,172.00755340730967,170.51735035969108,170.8249969482422,7939221.0
2025-08-01,170.8153962302651,170.82500514377273,167.1427814670659,167.6619415283203,12964065.0
2025-08-04,167.9616945758571,169.57652317299411,166.80134037635375,168.77394104003906,9781181.0
2025-08-05,168.77393974220456,169.12204747484913,165.06080043046535,165.67965698242188,14688223.0
2025-08-06,166.21149067419793,166.31785733593816,163.72640012947338,164.29690551757812,16492438.0
2025-08-07,164.05515974137452,164.23888531135762,161.72477233579562,163.89077758789062,13072513.0
2025-08-08,163.83274620874627,166.31785141977622,162.74008663668687,165.4959259033203,15908370.0
2025-08-11,165.49593541201617,167.50722294321702,164.48063469238156,167.30416870117188,5576496.0
2025-08-12,167.28481365324555,169.45081886426402,166.7819881167281,168.5418701171875,7141744.0
2025-08-13,168.44516572266693,168.98666333009595,166.60793958964663,167.63291931152344,6019021.0
2025-08-14,167.3428278697058,169.0640230247636,167.1591023046092,168.18408203125,8864011.0
2025-08-18,168.25178372129926,168.74493018947862,166.66596290170045,167.9230194091797,6363956.0
2025-08-19,167.6715989041179,170.47580414642923,167.6715989041179,169.1123809814453,6732317.0
2025-08-20,169.37346600478094,173.46372075803365,169.1123815191296,172.2356719970703,10610680.0
2025-08-21,172.84486819477723,172.9705782749697,171.26871166819504,171.89724731445312,7252426.0
2025-08-22,171.7425227228113,172.061622699016,170.23406083871905,170.9689483642578,6424964.0
2025-08-25,170.9786246046917,171.0172966823592,169.27675809325325,170.08900451660156,8324913.0
2025-08-26,168.57087799168315,170.0599964315274,165.35088529691564,165.96974182128906,9987523.0
2025-08-28,165.9697523871115,166.7046399457439,163.9584648661812,165.56362915039062,8495627.0
2025-08-29,164.55798272335107,168.25179354904236,164.44195172516763,167.35252380371094,8823629.0
2025-09-01,167.40085440537345,170.34043413141885,167.14944899980156,170.12770080566406,6770507.0
2025-09-02,170.2340648221881,174.48870176173497,169.91496483851645,173.3670196533203,8668666.0
2025-09-03,174.4306930255576,175.35898526446013,171.0946690738192,172.1389923095703,6209706.0
2025-09-04,172.69014665651196,172.8448644819324,168.25178416702792,168.88998413085938,9769773.0
2025-09-05,168.89965037079696,169.4314836800005,166.9077062987838,168.2227783203125,7598903.0
2025-09-08,168.2227620156482,168.73525185810752,166.346849118479,166.6756134033203,5686270.0
2025-09-09,166.69497804212645,167.90368343855545,166.02777030254492,167.24615478515625,8186535.0
2025-09-10,167.6715929542798,169.00600832412107,167.381515486665,168.1550750732422,7050241.0
2025-09-11,170.08900824699967,173.8408343152795,169.5088385410423,173.0962677001953,13059152.0
2025-09-12,174.53705138156775,177.72803643532944,172.2163430268523,172.65147399902344,19079692.0
2025-09-15,173.08660069139032,174.60474164563396,171.79087213795793,173.98587036132812,4509947.0
2025-09-16,174.73044073534612,176.47097937325597,173.3283454940062,176.21957397460938,6383724.0
2025-09-17,176.21957983012166,176.94480305712352,174.73044654137672,175.60072326660156,4834786.0
2025-09-18,175.98749867081145,176.93511953233718,174.2953111835921,174.97218322753906,5872596.0
2025-09-19,175.11724453725466,176.03585769180023,174.53706004243398,175.64906311035156,6567199.0
2025-09-22,175.6007188613286,176.33560640122758,173.90853137410926,174.97218322753906,5333007.0
2025-09-23,175.11723823807856,175.69740795732525,172.26468178830876,172.75784301757812,6368313.0
2025-09-24,172.79651775724182,173.08660999868326,169.8569527722391,170.09869384765625,10054492.0
2025-09-25,170.18570319161694,171.7908673423939,168.25177474625767,168.65789794921875,8858607.0
2025-09-26,168.55154574723113,168.7836224922671,165.6409884990886,166.3372039794922,8760356.0
2025-09-29,167.0720866782223,171.2493794390839,166.22115339255703,170.65953063964844,12460294.0
2025-09-30,170.66919447803022,171.4621122655118,169.70223020336715,170.46612548828125,9899684.0
2025-10-01,169.89561255973754,170.6595225654188,168.0100352588522,168.79327392578125,6383909.0
2025-10-03,168.94799319480572,171.8778936616577,168.71591646551025,171.5007781982422,7695671.0
2025-10-06,169.52817559209703,172.27435045940967,169.52817559209703,170.78521728515625,5015866.0
2025-10-07,170.775557499536,174.28564246327508,170.70786291949418,173.9568634033203,8793661.0
2025-10-08,174.8561517105118,175.31062610037642,171.27838684207634,171.65550231933594,9739699.0
2025-10-09,171.6555093220846,173.26065887133407,171.6555093220846,172.55477905273438,5696104.0
2025-10-10,172.409731827106,175.02053239812622,172.409731827106,173.2896728515625,12004977.0
2025-10-13,172.89321127948267,174.7304374571551,170.5628238900776,174.37266540527344,11256078.0
2025-10-14,174.3726565075845,177.43793126070648,167.73928148443483,169.57650756835938,13393866.0
2025-10-15,170.26305967430244,172.5934469588887,169.81824964613753,171.51043701171875,10456218.0
2025-10-16,171.51043802524745,174.82713295383192,171.2493683106868,173.2509765625,11918586.0
2025-10-17,173.28967748217448,173.28967748217448,170.20505902601178,171.7328643798828,10653158.0
2025-10-20,173.2799877579773,173.81182103754463,172.10029021228362,172.5257568359375,5945439.0
2025-10-21,172.91256746840935,173.08661396443938,172.07129847348358,172.49676513671875,550754.0
2025-10-23,172.98024577299117,175.37831314360628,172.50642794680283,174.1309356689453,6890426.0
2025-10-24,173.95687639597605,176.37428721167726,173.66679890185566,175.03988647460938,14617812.0
2025-10-27,175.0688745170249,175.50400546392876,173.57007702906452,174.2179412841797,7633630.0
2025-10-28,174.2179537928953,174.97218475626931,171.59748883814058,172.564453125,4486173.0
2025-10-29,173.08660528056248,180.2808218496245,172.84486421173486,178.540283203125,16216434.0
2025-10-30,179.85535827777446,179.95206060883774,176.2969367661496,177.04148864746094,10890893.0
2025-10-31,177.33158910416765,179.75866427741218,175.3106371817426,176.72239685058594,12162645.0
2025-11-03,176.4129530611333,178.34688148363253,171.9649117875039,177.6216583251953,11050075.0
2025-11-04,177.90207709464218,178.39523830102468,174.7787867246011,175.6200408935547,11320462.0
2025-11-06,176.7610713321936,176.7610713321936,172.7481607628385,173.0672607421875,8609714.0
2025-11-07,172.40973070580446,175.43631880986183,171.30739203833392,174.50804138183594,5863620.0
2025-11-10,173.66679154876826,176.229241003035,173.66679154876826,175.5233612060547,6801002.0
2025-11-11,175.40732010783518,176.6547123316193,173.82149922803472,176.31626892089844,4352265.0
2025-11-12,176.48065343813266,177.37993793177978,175.74576586368386,176.42263793945312,9245014.0
2025-11-13,176.4226278514097,179.2461617450977,176.16154336757614,177.60232543945312,8521444.0
2025-11-14,176.9544627360595,177.95043476124678,176.05519304047837,177.35092163085938,5496277.0
2025-11-17,176.8577589564773,179.49758203510362,176.5193303150381,179.17848205566406,6749568.0
2025-11-18,180.32916585640984,180.32916585640984,176.96411968851376,178.22117614746094,6258414.0
2025-11-19,178.30820097197707,178.77235443321308,177.2445491547273,177.9697723388672,3032584.0
2025-11-20,178.0954660751552,179.0527659814072,176.97379877389318,178.22117614746094,6809330.0
2025-11-21,177.92142228353495,178.6756532193606,175.68773722322794,176.94479370117188,8936258.0
2025-11-24,176.09386690822856,177.54431333883127,174.0632360035031,175.10755920410156,13399523.0
2025-11-25,175.10755055340323,176.1325302863069,173.5700809540477,174.26629638671875,5775748.0
2025-11-26,174.15026927998085,179.44922929809184,174.05356695201493,179.04310607910156,7831961.0
2025-11-27,179.08177135563335,180.6965998393453,177.07048399890442,177.72802734375,3082841.0
2025-11-28,166.5305885740115,170.57249216011616,166.12446534919025,170.27273559570312,60244650.0
2025-12-01,171.1526734848861,171.56846103312833,169.0640271486874,169.61520385742188,14586098.0
2025-12-02,169.4218189920698,170.82391425541468,168.73526785714284,169.21875,6840703.0
2025-12-03,169.26709213110897,169.7022230855158,164.09382757676323,164.64500427246094,19784622.0
2025-12-04,165.34122601388918,166.19214453919068,164.14218500612748,164.9931182861328,7624463.0
2025-12-05,165.35088590836702,165.9310703572953,163.92944728772582,164.3645782470703,5577375.0
2025-12-08,164.3645915404957,164.7900582034934,160.02293117196157,161.29931640625,10883405.0
2025-12-09,159.95522504316972,163.04950770342444,158.79487088991215,162.3436279296875,12988637.0
2025-12-10,162.43065825831155,164.28722793546754,161.82148078522715,162.46934509277344,6217163.0
2025-12-11,162.46933689999835,164.80938860699737,162.18890900575556,163.3686065673828,4976531.0
2025-12-12,164.38392920908956,168.5321995188256,163.70705715740473,165.0704803466797,18497271.0
2025-12-15,165.0124456912588,165.0124456912588,163.1848838231344,164.24855041503906,6675122.0
2025-12-16,164.17118947651673,164.17118947651673,161.89881758309508,162.75942993164062,7581502.0
2025-12-17,163.5136726662606,164.8674168144682,162.450006010737,163.4846649169922,3369805.0
2025-12-18,163.03017746785932,163.89077505497676,161.3863264490185,162.01486206054688,3743055.0
2025-12-19,162.07288811027624,164.61600895956536,162.07288811027624,164.15185546875,8766941.0
2025-12-22,164.39358850542263,166.54025034266616,163.70705214356312,166.04710388183594,4118436.0
2025-12-23,165.84403173885477,166.99472154692904,165.47659536030326,166.3565216064453,3548499.0
2025-12-24,167.28481966431377,168.06805836672933,165.09948571334044,165.35089111328125,4467016.0
2025-12-26,165.34123150909403,166.29851672621209,164.751382693978,165.3702392578125,1942413.0
2025-12-29,165.35088007542544,165.83436218090915,164.3065569570163,164.7900390625,2857519.0
2025-12-30,164.72236947062274,165.35089034490605,164.15184933714434,164.9931182861328,4526325.0
2025-12-31,165.0607904351686,166.99471888726126,165.0607904351686,166.47256469726562,6139095.0
2026-01-01,166.3178566380972,166.80133877948705,165.389564434559,166.095458984375,2897460.0
2026-01-02,165.88272200739112,170.25340460058607,165.88272200739112,169.58619689941406,13698712.0
2026-01-05,169.60551745341226,170.08899956103852,166.65628840065446,167.33316040039062,7405173.0
2026-01-06,167.2848243644821,167.2848243644821,163.27192841022165,163.79408264160156,8771407.0
2026-01-07,163.80372882449905,164.51928764089993,162.063205076269,162.91412353515625,7890426.0
2026-01-08,162.47900962403702,162.85612510963128,157.6635315569017,158.12767028808594,9689093.0
2026-01-09,158.08898268224792,159.94555217935417,157.7118672336904,158.93023681640625,7540855.0
2026-01-12,158.5724712419008,161.57973062252094,156.55150476401658,161.0478973388672,8511255.0
2026-01-13,161.8504808343345,162.64338384663307,158.66916019022597,159.80050659179688,7864353.0
2026-01-14,159.53943923250745,161.04790112362753,158.8238803654386,159.71348571777344,12730825.0
2026-01-15,159.71348571777344,159.71348571777344,159.71348571777344,159.71348571777344,0.0
2026-01-16,158.96891204617592,160.7578017570833,158.07930673333266,158.814208984375,20549276.0
2026-01-19,158.81421212608754,160.1872995766413,158.1856765171199,159.27835083007812,4566527.0
2026-01-20,158.58213153376616,159.17198029612257,155.32346684509557,155.88430786132812,6841149.0
2026-01-21,155.88431645391708,159.80050994353212,154.51121420642048,157.3057403564453,16082935.0
2026-01-22,158.28238230822137,159.1816519890594,157.04466923401426,158.16635131835938,12111105.0
2026-01-23,159.5491108892019,159.58778296946872,154.71428934710485,155.49752807617188,8178368.0
2026-01-27,155.4975130995259,156.0680184454164,153.1284537230137,154.69493103027344,20808770.0
2026-01-28,155.7779509076229,163.097862811176,155.7779509076229,162.5853729248047,11194053.0
2026-01-29,162.59504629597438,166.26951370336408,160.27433780430974,161.85049438476562,15216722.0
2026-01-30,161.82147324215188,162.54669643011246,159.75217033602584,161.76344299316406,15845745.0
2026-02-02,157.31542093952473,157.31542093952473,152.5869662045534,155.09140014648438,17376481.0
2026-02-03,159.9358816539671,160.9898839040344,156.06802463931538,157.42178344726562,32679436.0
2026-02-04,158.2823769865704,160.32267209970115,157.4217794130529,159.945556640625,15626744.0
2026-02-05,161.05234884772614,161.13211904623196,158.94845740779016,159.71621704101562,13323350.0
2026-02-06,159.5367484597274,163.14626252495353,158.5695557050215,162.51809692382812,15057595.0
2026-02-09,162.72747026515364,163.76446758582733,162.02950007697464,163.16619873046875,14553493.0
2026-02-10,163.31576858789165,166.63612899286292,163.2260328183381,164.07357788085938,14629394.0
2026-02-11,164.1633147574557,164.1633147574557,161.33154110308536,162.9967041015625,8859790.0
2026-02-12,162.5280551269885,164.02371207600987,161.57082798518675,163.2459716796875,13190080.0
2026-02-13,161.9297832902117,162.85709849318604,160.65349060096815,161.2218475341797,8523271.0
2026-02-16,161.2118656229979,164.62197676919507,160.83297621811622,164.34278869628906,10223455.0
2026-02-17,163.72458057395332,165.41965543693087,163.38556864427972,165.2700958251953,8756094.0
2026-02-18,166.0179244489745,168.79983973179938,165.11055556474406,166.82557678222656,11790520.0
2026-02-19,166.82558304029774,168.8696506951557,165.3698187149055,166.39683532714844,17067659.0
2026-02-20,165.5293393494522,169.50779242540202,165.3199558907552,167.9822235107422,14668133.0
2026-02-23,168.31126582385778,168.8098181425217,165.98801019313083,166.64610290527344,7494561.0
2026-02-24,165.12054181059966,168.10187507939065,165.12054181059966,167.37399291992188,8809408.0
2026-02-25,167.51357278262867,169.81688197405242,167.26429663265452,169.50778198242188,10027465.0
2026-02-26,170.0063405760507,170.7043107788956,167.9223955366247,169.46791076660156,13026917.0
2026-02-27,168.95938385311464,170.9635739838615,167.18453875175322,169.03915405273438,17164115.0
2026-03-02,165.02081922879103,167.47370335707316,163.02660993297485,164.59207153320312,17268287.0
2026-03-04,159.53674707409934,160.06521133161348,153.5541190588206,154.162353515625,30080625.0
2026-03-05,155.03979937699506,157.4029324049205,153.96292458570267,156.2761993408203,18400202.0
2026-03-06,155.4486076339737,157.34311558292953,153.2051221890116,155.25917053222656,14633439.0
2026-03-09,151.55990529267368,151.55990529267368,145.98609400611383,148.54864501953125,20704576.0
2026-03-10,150.56279409771454,152.05845099272494,148.81786105353572,149.85484313964844,20823909.0
2026-03-11,150.95167636810265,154.45150830538944,146.8934682463085,147.5415802001953,23526066.0
2026-03-12,146.57438887225183,153.48431704464517,144.25113312763912,151.90890502929688,16072499.0
2026-03-13,152.05846233986688,152.8461683355926,147.02308070798537,147.3521270751953,11388686.0
2026-03-16,148.56859027424034,149.85484855601206,144.0816194270317,145.63710021972656,10325467.0
2026-03-17,146.5743823837283,147.95039165845466,145.12858369565424,147.28233337402344,13154638.0
2026-03-18,148.06007060636156,151.19097850680396,147.13275539750535,150.512939453125,10219424.0
2026-03-19,148.5386838253756,148.5386838253756,143.38365451006396,143.852294921875,10509747.0
2026-03-20,145.5972179647413,146.92336890860958,142.02758167067807,142.45632934570312,21738634.0
2026-03-23,140.82108709047446,141.6885784919567,133.97098293430795,135.00796508789062,16552069.0
2026-03-24,138.59754380819788,139.47500075278086,134.2102895145015,137.27139282226562,22824139.0
2026-03-25,139.39523543855955,140.44219838144875,137.89957843860637,138.79696655273438,17031700.0
2026-03-27,138.59754257757078,139.31545912319888,136.1646048634544,136.79278564453125,18663640.0
2026-03-30,135.49655670361733,139.84393379230474,134.60913413163024,137.31129455566406,21810845.0
2026-04-01,140.99059271234887,142.3167437347187,139.00636417806962,140.26271057128906,15145719.0
2026-04-02,138.547691338155,141.5888636352136,137.10189260452023,141.31964111328125,15268069.0
2026-04-06,141.3196342471065,143.21414216345173,139.76415346637853,142.72555541992188,11466136.0
2026-04-07,142.58596204048354,145.3579116937522,140.6017183502133,144.95907592773438,15413074.0
2026-04-08,152.26785206685935,156.04687185374576,150.84198455941055,152.85614013671875,21095009.0
2026-04-09,152.8561411719509,154.25208155303906,150.80210809066017,151.77926635742188,10066115.0
2026-04-10,153.04559254499992,154.53126868119853,151.47016543051774,153.63388061523438,14099404.0
2026-04-13,148.0700467333278,153.85325698872995,148.0700467333278,153.2649688720703,15551444.0
2026-04-15,156.54542568621548,156.64514223427963,154.71075683286412,155.66796875,13040725.0
2026-04-16,157.50265743954236,158.82879323713192,156.2163839189736,158.45986938476562,9582628.0
2026-04-17,159.53674852256023,159.53674852256023,156.79471065732872,157.36306762695312,13015627.0
2026-04-20,157.462757174296,158.43991542573067,155.5682645133051,157.24339294433594,5864225.0
2026-04-21,157.24340105928815,162.02950644647518,157.24340105928815,160.3045196533203,13146924.0
2026-04-22,160.4341352352373,166.31706191399934,160.18485906786458,165.63902282714844,14769257.0
2026-04-23,165.51937350907457,167.40390070731036,163.5451105429727,164.48239135742188,13410932.0
2026-04-24,165.47950115041408,165.81851309371984,162.87705729930062,165.13050842285156,9362530.0
2026-04-27,166.3170603412657,167.29421864803575,164.42255235838206,165.2601318359375,18132384.0
2026-04-28,165.40968553078343,166.7358365069697,164.5820868667901,165.20028686523438,6106987.0
2026-04-29,166.05780062702718,167.4737026095935,164.09351847685608,165.18035888671875,8164580.0
2026-04-30,164.20318393122756,164.20318393122756,160.84294618113046,162.75738525390625,7518096.0
2026-05-01,162.75738525390625,162.75738525390625,162.75738525390625,162.75738525390625,0.0
2026-05-04,164.8214020386509,167.0050636611351,163.66475699068334,164.00376892089844,8799974.0
2026-05-05,164.32284964511018,165.3199542968225,162.02950590324997,163.2260284423828,14543449.0
2026-05-06,163.76446898639043,165.46950937390912,163.27588224318208,165.20028686523438,4397644.0
2026-05-07,165.4196481857098,167.36401434069725,165.4196481857098,166.7757110595703,5313543.0
2026-05-08,166.91531879144364,167.60332346093853,165.41966175849305,166.00796508789062,3887936.0
2026-05-11,165.1205394815232,165.1205394815232,161.74035525791342,162.0394744873047,3743808.0
2026-05-12,160.54381971592798,162.3186648365262,159.23761501404377,159.8857421875,9681167.0
2026-05-13,159.5367442409773,164.33281518038416,158.63935614046562,162.837158203125,8542104.0
2026-05-14,163.7744417207815,165.4196583371555,158.938477995085,162.13919067382812,7848939.0
2026-05-15,162.19901331840393,162.92689546057076,160.59367420621044,161.66058349609375,7062872.0
2026-05-18,160.18485119943287,160.53384390245574,157.18357176895057,159.756103515625,13238998.0
2026-05-19,159.8558203349491,160.83297860461963,154.73068797078966,155.66796875,17108046.0
2026-05-20,155.38877945221822,155.5483198420239,151.27074774079617,155.18936157226562,11539253.0
2026-05-21,156.04687727254665,157.08385941111175,154.45150375132857,155.4486083984375,11448733.0
2026-05-22,152.55701222345047,162.22892433456428,150.97161947341897,160.3045196533203,19157978.0
2026-05-25,162.44828884879894,170.2057618609944,162.22892460714945,168.181640625,36426464.0
2026-05-26,167.3141592809746,169.32831488552802,165.818502342017,167.1446533203125,16425185.0
2026-05-27,166.725870573028,169.1587930709322,166.725870573028,168.51068115234375,5523561.0
2026-05-28,168.51068115234375,168.51068115234375,168.51068115234375,168.51068115234375,0.0
2026-05-29,169.50778600816022,169.50778600816022,162.92688940670564,164.03367614746094,26119462.0
2026-06-01,164.03367451498744,165.59913606143678,162.76736261016512,163.2659149169922,7915622.0
2026-06-02,162.51809896550694,164.99091433760734,160.71332669561096,164.35276794433594,9458223.0
2026-06-03,163.52516838817704,164.34280153313074,162.2488756081698,163.3855743408203,4684045.0
2026-06-04,161.0722719304178,167.6631340080515,161.0722719304178,167.06488037109375,11510123.0
2026-06-05,167.5135826015525,169.6374203924973,166.11764216571677,166.91531372070312,8047086.0
2026-06-08,165.53931514930872,169.65734693066312,164.62198071426144,168.11184692382812,8999902.0
2026-06-09,168.51068807225013,168.65028211650665,165.0806455966786,167.10476684570312,5976753.0
2026-06-10,166.13756947694128,169.30837012901983,165.76864563052877,167.52354431152344,11363717.0
2026-06-11,167.41385724413163,167.41385724413163,164.5322255416759,165.60910034179688,10176344.0
2026-06-12,166.52644685159854,170.70431788816305,166.18743491247076,170.00634765625,7288989.0
2026-06-15,172.50906984066464,176.69692153801714,171.61168174243738,174.90213012695312,18354141.0
2026-06-16,175.93911270204478,177.6840458420487,174.49331400039202,175.5801544189453,8941189.0
2026-06-17,175.80949738240216,176.5872377842325,174.00472520419643,174.52322387695312,4400943.0
2026-06-18,175.27106069733009,176.48752963287237,173.00762879731485,175.9291534423828,6440199.0
2026-06-19,175.49041012713317,175.90919223463806,172.59881286429098,173.396484375,11093745.0
2026-06-22,173.6457629394692,177.95326218729548,173.6457629394692,176.78665161132812,7613714.0
2026-06-23,176.78665872953323,177.00602297124263,172.74838182574962,173.336669921875,7418809.0
2026-06-24,173.7454838370051,175.18131695556232,173.10733747482516,174.4235076904297,6006860.0
2026-06-25,174.593033847923,175.97900873099647,171.7911569442273,172.34954833984375,9847241.0
2026-06-26,172.34954833984375,172.34954833984375,172.34954833984375,172.34954833984375,0.0
2026-06-29,172.34954003359235,173.3765565772925,169.51775134343356,171.7213592529297,5931749.0
2026-06-30,172.44924582285117,175.10154783794783,171.71139812070618,172.95777893066406,10139334.0
2026-07-01,172.2996913264105,174.4933185741348,171.90084032661795,173.99476623535156,4990189.0
2026-07-02,173.99475327537814,174.49330557702675,172.40936060764156,173.7853546142578,3376923.0
2026-07-03,173.8152883898063,175.38073476518892,173.19707316621125,173.64576721191406,4618256.0
2026-07-06,173.51615366807263,175.9191642867488,173.4862417460491,174.52322387695312,2759355.0
2026-07-07,174.54317719647395,175.05169510577997,173.0176082539459,173.5061798095703,6166046.0
2026-07-08,172.54896636223322,174.26398761354946,167.47370723826836,168.75,11211397.0
2026-07-09,168.51069177631044,171.7911594957522,168.05201692675124,169.70721435546875,10798380.0
2026-07-10,170.50489826200166,173.96485267782043,170.50489826200166,173.22698974609375,3236963.0
2026-07-13,172.33955582498484,172.8979319679839,170.03624662780933,172.61874389648438,3261762.0
2026-07-14,171.80113366664793,172.39938732589292,170.45503630778018,171.01341247558594,5005945.0
2026-07-15,170.31544512098668,174.44345781887756,170.0063451096703,172.64866638183594,5667626.0
2026-07-16,172.3993865928703,175.22119455674232,170.50489385806884,171.2128448486328,9023749.0
2026-07-17,171.15300924077218,171.47209003580068,168.97932837942702,170.70431518554688,9642263.0
2026-07-20,170.69434123555803,173.05747430110182,169.20864988404318,172.50906372070312,4986847.0
2026-07-21,172.21990945746705,175.6898292401987,172.02049157838758,173.48623657226562,4648262.0
2026-07-22,174.29388949921807,174.3736596940587,171.60171008543506,172.50906372070312,9198076.0
2026-07-23,172.24982897186072,172.61875282515143,170.44507198252782,171.49203491210938,4749811.0
2026-07-24,170.6444928417228,170.68437033414742,166.78570263237594,169.52774047851562,5814293.0
2026-07-27,169.6174738422085,174.38363288638078,169.6174738422085,173.7255401611328,10641180.0
2026-07-28,173.36657534603714,176.47755210521052,172.1301753550483,174.6428680419922,17050693.0
2026-07-29,174.99186544975092,175.49041777296958,172.99765615687625,174.6129608154297,8274629.0
2026-07-30,174.61296344648972,175.34086080387573,172.4991064328661,173.1372528076172,5628241.0
2026-07-31,173.94490576596743,181.68244770370163,172.99765937714133,180.9146728515625,38893443.0
2026-08-03,181.5727686838651,181.85195677766524,171.651564925959,173.79534912109375,37607447.0
2026-08-04,173.74548815046035,176.70689022735294,172.65864771540143,174.49331665039062,18131149.0
2026-08-05,175.49041992796396,176.736800751316,172.74838211658954,176.44764709472656,13429251.0
2026-08-06,175.70978017751233,177.18549077873885,174.3238053420218,175.88925170898438,14800641.0
2026-08-07,175.3009696971719,175.7696101095048,171.39232121432192,173.12728881835938,7005144.0
2026-08-10,172.9876883810467,172.9876883810467,169.52773408487548,172.00054931640625,9148494.0
2026-08-11,171.50199537345569,174.8323211669922,170.61457286644486,174.8323211669922,15482707.0
2026-08-12,174.83232494264175,177.4347686767578,172.79823815964284,177.4347686767578,8976408.0
2026-08-13,175.49041784447346,175.78955228144844,173.97481452118055,175.3907012939453,8723437.0
2026-08-14,174.89215279820027,174.89215279820027,172.94780173722322,174.3936004638672,4645490.0
2026-08-17,173.20705417116005,173.2868091537167,171.35243892722525,171.60171508789062,4132699.0
2026-08-18,171.70141110822868,173.04750841999592,171.12308860763434,172.99765014648438,6079875.0
2026-08-19,172.1002658656218,173.51615261974865,170.20575793279144,172.00054931640625,8840419.0
2026-08-20,172.00054931640625,173.08738971565296,171.5618208432327,172.00054931640625,3895715.0
2026-08-21,171.7612406317494,172.73841413814807,171.11312869848916,171.5019989013672,6509887.0
2026-08-24,171.50199984543613,173.2868104749808,171.50199984543613,173.24693298339844,4514359.0
2026-08-25,172.49910542632102,175.7795730489598,171.8908709777941,174.9918670654297,7837508.0
2026-08-26,174.48335458940522,175.74966658689706,173.58595124267853,173.98480224609375,5863526.0
2026-08-27,173.94490980925391,174.33378002905786,170.50490167797125,171.94073486328125,4745650.0
2026-08-28,171.20286792801323,171.94073085733152,169.61747516225813,170.6046142578125,8706458.0
2026-08-31,171.70141123621005,176.98606872558594,169.83683047943788,176.98606872558594,13012294.0
2026-09-01,172.9079189982304,173.88507728378184,171.57180243426689,172.19000244140625,8008794.0
2026-09-02,172.60000610351562,173.60000610351562,171.02000427246094,173.0,5580510.0
2026-09-03,173.19000244140625,174.6699981689453,172.00999450683594,174.6699981689453,6327095.0
2026-09-04,174.27000427246094,174.27000427246094,171.9199981689453,173.39999389648438,3878219.0
2026-09-07,173.39999389648438,177.3000030517578,172.8000030517578,176.0,9910348.0
2026-09-08,175.08999633789062,176.1999969482422,173.83999633789062,175.08999633789062,4347861.0
2026-09-09,173.6999969482422,175.58999633789062,173.61000061035156,174.89999389648438,4342968.0
2026-09-10,174.0,176.5,173.25,174.49000549316406,4397343.0
2026-09-11,173.5,175.17999267578125,173.00999450683594,173.6199951171875,6770227.0
2026-09-14,173.6199951171875,173.6199951171875,173.6199951171875,173.6199951171875,0.0
2026-09-15,173.6199951171875,173.82000732421875,169.72999572753906,170.8800048828125,6202446.0
2026-09-16,170.8800048828125,171.8800048828125,168.72000122070312,170.64999389648438,3949470.0
2026-09-17,171.24000549316406,172.82000732421875,171.24000549316406,172.0,2741053.0
2026-09-18,172.0,174.64999389648438,172.0,173.89999389648438,8527161.0
2026-09-21,173.60000610351562,174.3800048828125,172.61000061035156,172.61000061035156,3734893.0
2026-09-22,173.0800018310547,174.3000030517578,171.35000610351562,171.83999633789062,8361284.0
2026-09-23,172.48,173.79,172.0,172.95,3320082.0
