Date,Open,High,Low,Close,Volume
2021-09-23,32.79379653930664,33.15416717529297,32.118099212646484,32.43342590332031,49610954.0
2021-09-24,32.568565368652344,34.37042236328125,32.38837814331055,32.703704833984375,59753027.0
2021-09-27,32.703704833984375,33.334354400634766,31.98296165466309,32.883888244628906,41064952.0
2021-09-28,33.0640754699707,33.42444610595703,32.02800750732422,32.29828643798828,38697675.0
2021-09-29,32.073055267333984,35.49658203125,31.98296165466309,34.23528289794922,73779972.0
2021-09-30,34.775840759277344,35.49658203125,34.37042236328125,34.55060577392578,38091924.0
2021-10-01,34.50556182861328,37.5236701965332,33.78481674194336,36.93806838989258,128610116.0
2021-10-04,37.25339126586914,37.613765716552734,36.30741882324219,36.71283721923828,42423342.0
2021-10-05,36.75788116455078,37.56871795654297,36.39751052856445,36.53264999389648,27568370.0
2021-10-06,36.57769775390625,36.93806838989258,35.18125534057617,35.406490325927734,31986674.0
2021-10-07,35.7218132019043,36.89302062988281,35.63172149658203,35.94704818725586,21957438.0
2021-10-08,36.35246276855469,36.39751052856445,35.31639862060547,35.49658203125,15374257.0
2021-10-11,35.81190872192383,40.54178237915039,35.6767692565918,38.784969329833984,86770506.0
2021-10-12,39.14534378051758,39.32552719116211,38.19936752319336,38.73992538452149,28775311.0
2021-10-13,38.73992538452149,41.53280258178711,38.64983367919922,40.09131622314453,58339376.0
2021-10-14,40.451690673828125,41.03729248046875,38.92011260986328,39.10029602050781,23522469.0
2021-10-18,39.28048324584961,40.04627227783203,38.46964645385742,38.73992538452149,21676738.0
2021-10-19,38.83001708984375,40.001224517822266,37.38853073120117,37.613765716552734,26751825.0
2021-10-20,37.8840446472168,38.37955474853516,36.39751052856445,37.79394912719727,25459256.0
2021-10-21,38.1543197631836,38.55973815917969,36.84797668457031,37.34348678588867,24576797.0
2021-10-22,37.38853073120117,37.613765716552734,35.6767692565918,35.902000427246094,21973410.0
2021-10-25,36.08218765258789,37.02816009521485,34.956024169921875,36.75788116455078,21335161.0
2021-10-26,37.02816009521485,37.4786262512207,36.57769775390625,37.118255615234375,13631329.0
2021-10-27,37.4786262512207,37.97413635253906,36.39751052856445,36.66778945922852,13948189.0
2021-10-28,36.53264999389648,36.98311233520508,35.586673736572266,35.81190872192383,18960794.0
2021-10-29,35.902000427246094,37.9290885925293,35.406490325927734,36.53264999389648,22813771.0
2021-11-01,36.66778945922852,38.244415283203125,36.39751052856445,38.06422805786133,25198564.0
2021-11-02,38.1543197631836,38.19936752319336,37.613765716552734,37.79394912719727,12921771.0
2021-11-03,37.9290885925293,38.784969329833984,36.80292892456055,36.98311233520508,30128778.0
2021-11-04,36.98311233520508,36.98311233520508,36.98311233520508,36.98311233520508,0.0
2021-11-08,37.25339126586914,38.46964645385742,37.07320785522461,37.97413635253906,16580627.0
2021-11-09,38.06422805786133,38.424598693847656,37.79394912719727,38.06422805786133,8594273.0
2021-11-10,38.01918029785156,38.784969329833984,37.5236701965332,37.658809661865234,19533922.0
2021-11-11,37.748905181884766,39.05524826049805,37.20834732055664,38.784969329833984,23687007.0
2021-11-12,39.05524826049805,39.05524826049805,37.43357849121094,37.8840446472168,24097228.0
2021-11-15,37.748905181884766,38.10927581787109,35.94704818725586,36.48760223388672,20417710.0
2021-11-16,36.48760223388672,37.56871795654297,36.48760223388672,36.75788116455078,12790870.0
2021-11-17,36.75788116455078,36.80292892456055,35.6767692565918,35.81190872192383,17039710.0
2021-11-18,36.08218765258789,36.39751052856445,35.13621139526367,35.36144256591797,17104869.0
2021-11-22,34.956024169921875,35.13621139526367,32.65865707397461,33.73977279663086,38650405.0
2021-11-23,33.73977279663086,35.81190872192383,33.55958557128906,35.49658203125,31795243.0
2021-11-24,35.6767692565918,36.17227935791016,35.18125534057617,35.49658203125,20601392.0
2021-11-25,35.36144256591797,36.17227935791016,35.046119689941406,35.49658203125,24539886.0
2021-11-26,35.13621139526367,35.586673736572266,33.60463333129883,34.86593246459961,23310259.0
2021-11-29,34.23528289794922,35.13621139526367,33.0640754699707,33.73977279663086,19150115.0
2021-11-30,33.73977279663086,35.49658203125,33.64967727661133,33.87491226196289,26410240.0
2021-12-01,34.01005172729492,34.86593246459961,33.55958557128906,34.64070129394531,12339640.0
2021-12-02,34.64070129394531,37.613765716552734,34.46051406860352,37.20834732055664,49501422.0
2021-12-03,37.07320785522461,38.60478591918945,36.89302062988281,38.244415283203125,27351208.0
2021-12-06,38.37955474853516,38.96515655517578,37.43357849121094,37.703857421875,21371427.0
2021-12-07,37.97413635253906,38.69487762451172,37.79394912719727,38.60478591918945,15566540.0
2021-12-08,39.19038772583008,39.28048324584961,38.06422805786133,38.37955474853516,15876334.0
2021-12-09,38.60478591918945,40.04627227783203,38.19936752319336,39.50571441650391,27133250.0
2021-12-10,39.50571441650391,40.22645568847656,39.23543548583984,39.50571441650391,20153284.0
2021-12-13,39.82103729248047,39.9561767578125,38.55973815917969,38.784969329833984,14956034.0
2021-12-14,38.69487762451172,39.14534378051758,37.613765716552734,38.87506484985352,19626342.0
2021-12-15,38.92011260986328,39.19038772583008,37.9290885925293,38.01918029785156,9641686.0
2021-12-16,38.19936752319336,38.69487762451172,37.83899688720703,38.46964645385742,9547591.0
2021-12-17,38.424598693847656,38.424598693847656,37.16329956054688,37.34348678588867,18588940.0
2021-12-20,36.80292892456055,36.93806838989258,34.73079299926758,35.76686096191406,15753391.0
2021-12-21,35.99209213256836,36.80292892456055,35.7218132019043,35.902000427246094,13109221.0
2021-12-22,36.30741882324219,38.83001708984375,36.26237106323242,38.60478591918945,27974025.0
2021-12-23,39.55076217651367,39.55076217651367,38.19936752319336,38.37955474853516,38701940.0
2021-12-24,38.64983367919922,38.73992538452149,37.97413635253906,38.424598693847656,25043167.0
2021-12-27,38.424598693847656,43.69503021240234,38.1543197631836,41.57785034179688,114210835.0
2021-12-28,41.66794204711914,42.5688705444336,41.127384185791016,41.758033752441406,49574133.0
2021-12-29,41.622894287109375,43.37970733642578,41.48775863647461,42.47877883911133,49854631.0
2021-12-30,42.20849990844727,42.61391830444336,41.622894287109375,42.02831268310547,25189752.0
2021-12-31,42.25354766845703,42.52382659912109,40.99224472045898,41.21747970581055,24241161.0
2022-01-03,41.9382209777832,43.42475128173828,40.99224472045898,42.704010009765625,43342489.0
2022-01-04,42.88419723510742,43.92026519775391,41.712989807128906,43.42475128173828,44315880.0
2022-01-05,43.51484680175781,44.28063583374024,42.3436393737793,42.61391830444336,37310320.0
2022-01-06,42.3436393737793,44.23558807373047,42.118408203125,43.51484680175781,47116357.0
2022-01-07,43.87521743774414,43.965309143066406,40.1363639831543,41.26252365112305,146407914.0
2022-01-10,41.80308151245117,44.1905403137207,40.90215301513672,43.64998626708984,128924989.0
2022-01-11,43.75,46.70000076293945,43.150001525878906,44.84999847412109,58181562.0
2022-01-12,45.0,45.400001525878906,43.95000076293945,45.09999847412109,23224952.0
2022-01-13,45.09999847412109,45.20000076293945,44.29999923706055,44.54999923706055,15851805.0
2022-01-14,44.5,45.95000076293945,44.25,45.34999847412109,23324620.0
2022-01-17,45.34999847412109,46.09999847412109,44.59999847412109,44.84999847412109,21995345.0
2022-01-18,45.20000076293945,45.20000076293945,43.09999847412109,43.400001525878906,16301907.0
2022-01-19,43.5,44.20000076293945,42.09999847412109,44.04999923706055,15624047.0
2022-01-20,44.0,44.400001525878906,43.04999923706055,43.34999847412109,15511799.0
2022-01-21,43.34999847412109,43.70000076293945,42.0,42.29999923706055,8765751.0
2022-01-24,42.29999923706055,42.75,39.59999847412109,39.95000076293945,11945896.0
2022-01-25,39.75,40.79999923706055,39.0,40.400001525878906,12643024.0
2022-01-27,40.29999923706055,40.29999923706055,39.04999923706055,40.0,16724976.0
2022-01-28,40.25,41.5,40.150001525878906,40.54999923706055,12378345.0
2022-01-31,41.04999923706055,42.400001525878906,40.79999923706055,42.09999847412109,16348373.0
2022-02-01,42.79999923706055,43.75,41.70000076293945,42.400001525878906,35041530.0
2022-02-02,42.70000076293945,44.20000076293945,42.70000076293945,43.79999923706055,29735952.0
2022-02-03,43.84999847412109,44.5,43.45000076293945,44.150001525878906,18409475.0
2022-02-04,44.150001525878906,44.150001525878906,42.95000076293945,43.150001525878906,12039836.0
2022-02-07,43.0,43.20000076293945,41.79999923706055,42.400001525878906,12543665.0
2022-02-08,42.54999923706055,42.84999847412109,41.29999923706055,42.59999847412109,20925822.0
2022-02-09,43.09999847412109,43.75,42.150001525878906,43.150001525878906,19589633.0
2022-02-10,44.0,44.0,42.25,42.54999923706055,22025673.0
2022-02-11,42.0,43.150001525878906,41.79999923706055,42.34999847412109,14180502.0
2022-02-14,41.09999847412109,41.400001525878906,39.0,39.20000076293945,22010298.0
2022-02-15,39.400001525878906,41.25,38.95000076293945,41.09999847412109,30187537.0
2022-02-16,41.25,41.45000076293945,40.5,40.650001525878906,10503655.0
2022-02-17,40.79999923706055,41.09999847412109,39.900001525878906,40.34999847412109,25686456.0
2022-02-18,40.09999847412109,40.79999923706055,39.79999923706055,39.95000076293945,8122542.0
2022-02-21,39.79999923706055,39.95000076293945,38.95000076293945,39.09999847412109,9207101.0
2022-02-22,37.59999847412109,38.45000076293945,37.400001525878906,38.09999847412109,13105892.0
2022-02-23,38.34999847412109,39.45000076293945,38.25,38.650001525878906,9393129.0
2022-02-24,37.150001525878906,37.5,33.849998474121094,34.5,18505953.0
2022-02-25,35.75,37.79999923706055,35.599998474121094,37.5,31393404.0
2022-02-28,36.79999923706055,38.20000076293945,36.20000076293945,37.900001525878906,13214229.0
2022-03-02,37.79999923706055,38.34999847412109,36.95000076293945,38.04999923706055,9916970.0
2022-03-03,38.59999847412109,38.95000076293945,37.95000076293945,38.400001525878906,10886063.0
2022-03-04,38.0,38.150001525878906,37.0,37.29999923706055,7970558.0
2022-03-07,36.95000076293945,36.95000076293945,35.70000076293945,36.400001525878906,7584430.0
2022-03-08,36.59999847412109,38.0,36.59999847412109,37.79999923706055,12066703.0
2022-03-09,38.09999847412109,39.95000076293945,38.0,39.650001525878906,16570605.0
2022-03-10,40.84999847412109,40.84999847412109,38.900001525878906,39.20000076293945,15544953.0
2022-03-11,39.0,39.59999847412109,38.70000076293945,39.34999847412109,35053659.0
2022-03-14,39.29999923706055,39.5,38.150001525878906,38.75,14545197.0
2022-03-15,38.900001525878906,39.04999923706055,37.400001525878906,37.59999847412109,9946649.0
2022-03-16,38.150001525878906,38.650001525878906,38.0,38.5,19650499.0
2022-03-17,39.25,39.25,38.0,38.150001525878906,35106874.0
2022-03-21,38.400001525878906,38.400001525878906,37.29999923706055,37.400001525878906,12932689.0
2022-03-22,37.5,38.150001525878906,36.75,38.04999923706055,16687586.0
2022-03-23,38.29999923706055,38.45000076293945,37.04999923706055,37.20000076293945,17675444.0
2022-03-24,37.09999847412109,37.20000076293945,36.75,36.84999847412109,12203143.0
2022-03-25,37.0,37.25,36.45000076293945,36.70000076293945,17302323.0
2022-03-28,36.70000076293945,36.79999923706055,35.70000076293945,35.900001525878906,36688989.0
2022-03-29,36.0,37.0,35.45000076293945,36.70000076293945,16891895.0
2022-03-30,36.95000076293945,37.59999847412109,36.59999847412109,37.09999847412109,9158273.0
2022-03-31,37.04999923706055,37.59999847412109,36.34999847412109,36.95000076293945,14694242.0
2022-04-01,36.900001525878906,39.29999923706055,36.59999847412109,38.900001525878906,15793675.0
2022-04-04,39.20000076293945,39.79999923706055,38.70000076293945,39.09999847412109,10241970.0
2022-04-05,39.09999847412109,40.04999923706055,38.95000076293945,39.5,20297181.0
2022-04-06,39.29999923706055,41.0,39.09999847412109,40.900001525878906,14368197.0
2022-04-07,40.79999923706055,41.29999923706055,39.84999847412109,40.25,11801778.0
2022-04-08,40.400001525878906,40.84999847412109,39.650001525878906,40.5,11480007.0
2022-04-11,40.400001525878906,41.0,39.75,40.0,8233912.0
2022-04-12,39.79999923706055,40.0,38.79999923706055,39.400001525878906,8712759.0
2022-04-13,39.59999847412109,39.75,38.79999923706055,38.95000076293945,5616753.0
2022-04-18,38.95000076293945,38.95000076293945,37.900001525878906,38.59999847412109,6329602.0
2022-04-19,38.84999847412109,38.95000076293945,36.5,37.150001525878906,6178874.0
2022-04-20,37.45000076293945,37.59999847412109,36.650001525878906,36.79999923706055,10742658.0
2022-04-21,37.0,38.150001525878906,37.0,38.0,8419032.0
2022-04-22,37.95000076293945,38.5,37.45000076293945,37.5,9196414.0
2022-04-25,37.0,37.20000076293945,36.400001525878906,37.0,9058577.0
2022-04-26,37.25,38.0,37.150001525878906,37.900001525878906,6225683.0
2022-04-27,37.75,37.84999847412109,36.79999923706055,37.09999847412109,5953207.0
2022-04-28,37.29999923706055,37.54999923706055,36.45000076293945,37.25,9462863.0
2022-04-29,37.5,38.5,37.45000076293945,37.650001525878906,7998805.0
2022-05-02,37.45000076293945,38.09999847412109,36.650001525878906,37.75,6556068.0
2022-05-04,37.95000076293945,37.95000076293945,35.650001525878906,36.09999847412109,9019333.0
2022-05-05,36.5,36.95000076293945,35.849998474121094,36.0,4540022.0
2022-05-06,35.400001525878906,35.599998474121094,34.70000076293945,35.150001525878906,6533719.0
2022-05-09,35.150001525878906,35.150001525878906,33.650001525878906,33.849998474121094,8739459.0
2022-05-10,33.849998474121094,34.79999923706055,33.400001525878906,33.54999923706055,6244642.0
2022-05-11,33.849998474121094,34.099998474121094,31.850000381469727,33.349998474121094,14373142.0
2022-05-12,33.0,33.150001525878906,31.75,32.45000076293945,10389381.0
2022-05-13,32.5,34.150001525878906,32.5,33.45000076293945,8994513.0
2022-05-16,33.400001525878906,35.0,33.20000076293945,34.849998474121094,7519764.0
2022-05-17,34.599998474121094,36.650001525878906,34.599998474121094,36.400001525878906,9110122.0
2022-05-18,36.0,36.400001525878906,35.150001525878906,35.900001525878906,11517497.0
2022-05-19,35.150001525878906,35.599998474121094,34.79999923706055,35.349998474121094,5759916.0
2022-05-20,35.75,36.95000076293945,35.599998474121094,36.59999847412109,6277156.0
2022-05-23,36.95000076293945,37.5,36.45000076293945,36.650001525878906,10715402.0
2022-05-24,36.95000076293945,37.5,36.54999923706055,37.0,113078690.0
2022-05-25,37.400001525878906,37.650001525878906,36.150001525878906,36.25,5882363.0
2022-05-26,36.650001525878906,37.45000076293945,35.45000076293945,36.900001525878906,6890668.0
2022-05-27,37.04999923706055,38.04999923706055,36.75,37.900001525878906,11738020.0
2022-05-30,38.0,38.84999847412109,37.900001525878906,38.400001525878906,7655983.0
2022-05-31,38.400001525878906,39.0,37.650001525878906,38.0,13388328.0
2022-06-01,38.400001525878906,38.75,38.09999847412109,38.59999847412109,6964281.0
2022-06-02,38.45000076293945,38.70000076293945,38.09999847412109,38.54999923706055,3928757.0
2022-06-03,38.70000076293945,38.900001525878906,37.04999923706055,37.25,6274012.0
2022-06-06,37.25,37.59999847412109,36.650001525878906,37.150001525878906,3640868.0
2022-06-07,37.0,37.45000076293945,36.34999847412109,36.75,4893891.0
2022-06-08,36.70000076293945,37.29999923706055,36.20000076293945,36.29999923706055,4559023.0
2022-06-09,36.34999847412109,36.75,35.849998474121094,36.5,7390869.0
2022-06-10,36.04999923706055,37.59999847412109,35.95000076293945,37.29999923706055,12695295.0
2022-06-13,36.75,36.79999923706055,35.29999923706055,35.70000076293945,12669173.0
2022-06-14,35.29999923706055,36.400001525878906,35.29999923706055,35.79999923706055,5239412.0
2022-06-15,35.79999923706055,36.150001525878906,35.5,35.849998474121094,3855428.0
2022-06-16,36.45000076293945,36.45000076293945,33.75,34.29999923706055,17534150.0
2022-06-17,34.0,34.45000076293945,33.25,34.150001525878906,11925300.0
2022-06-20,34.04999923706055,34.45000076293945,32.29999923706055,33.400001525878906,14776160.0
2022-06-21,33.599998474121094,35.599998474121094,33.54999923706055,35.04999923706055,7187200.0
2022-06-22,34.599998474121094,34.70000076293945,33.04999923706055,33.5,5521869.0
2022-06-23,33.54999923706055,34.25,33.349998474121094,33.900001525878906,5678741.0
2022-06-24,34.150001525878906,34.900001525878906,34.099998474121094,34.79999923706055,2966980.0
2022-06-27,35.25,35.5,34.54999923706055,34.900001525878906,3693611.0
2022-06-28,34.900001525878906,35.20000076293945,34.70000076293945,34.900001525878906,8836669.0
2022-06-29,34.75,34.95000076293945,34.5,34.650001525878906,3199376.0
2022-06-30,34.650001525878906,35.0,33.900001525878906,34.099998474121094,5553842.0
2022-07-01,34.0,34.75,33.599998474121094,34.5,4338629.0
2022-07-04,34.45000076293945,34.650001525878906,33.45000076293945,33.95000076293945,7255330.0
2022-07-05,34.150001525878906,34.400001525878906,33.45000076293945,33.54999923706055,4844618.0
2022-07-06,33.75,34.25,33.25,34.150001525878906,5771798.0
2022-07-07,34.29999923706055,34.95000076293945,34.0,34.70000076293945,4356864.0
2022-07-08,34.95000076293945,35.099998474121094,34.349998474121094,34.79999923706055,4084470.0
2022-07-11,34.79999923706055,35.54999923706055,34.45000076293945,35.29999923706055,4673120.0
2022-07-12,35.099998474121094,35.29999923706055,34.79999923706055,34.900001525878906,2719360.0
2022-07-13,35.29999923706055,35.29999923706055,34.45000076293945,34.849998474121094,5090865.0
2022-07-14,35.0,35.099998474121094,34.099998474121094,34.54999923706055,5252987.0
2022-07-15,34.70000076293945,35.04999923706055,34.349998474121094,34.95000076293945,4017648.0
2022-07-18,35.04999923706055,35.349998474121094,34.79999923706055,35.25,3560766.0
2022-07-19,35.20000076293945,35.20000076293945,34.5,34.75,7899923.0
2022-07-20,35.150001525878906,35.20000076293945,34.400001525878906,34.599998474121094,9498764.0
2022-07-21,34.599998474121094,35.5,34.29999923706055,35.29999923706055,9654460.0
2022-07-22,35.5,35.70000076293945,34.70000076293945,35.25,6208053.0
2022-07-25,35.400001525878906,36.150001525878906,34.79999923706055,35.79999923706055,8266996.0
2022-07-26,35.75,35.95000076293945,35.0,35.099998474121094,11053585.0
2022-07-27,34.900001525878906,35.70000076293945,34.599998474121094,35.5,6682240.0
2022-07-28,35.70000076293945,36.150001525878906,35.29999923706055,35.45000076293945,5352273.0
2022-07-29,35.900001525878906,38.04999923706055,35.599998474121094,37.5,20297669.0
2022-08-01,37.5,37.5,35.900001525878906,36.04999923706055,10873215.0
2022-08-02,35.5,35.79999923706055,34.599998474121094,35.5,14396230.0
2022-08-03,35.599998474121094,35.95000076293945,35.0,35.25,5125071.0
2022-08-04,35.349998474121094,35.650001525878906,34.54999923706055,34.79999923706055,5525906.0
2022-08-05,34.75,35.04999923706055,34.5,34.650001525878906,4493985.0
2022-08-08,34.70000076293945,34.95000076293945,34.20000076293945,34.29999923706055,4252123.0
2022-08-10,34.25,35.0,34.150001525878906,34.650001525878906,4503117.0
2022-08-11,34.95000076293945,35.099998474121094,34.54999923706055,34.70000076293945,3369931.0
2022-08-12,34.75,34.849998474121094,34.400001525878906,34.5,2896690.0
2022-08-16,34.599998474121094,35.150001525878906,34.400001525878906,35.0,4295718.0
2022-08-17,35.0,35.54999923706055,35.0,35.349998474121094,3889171.0
2022-08-18,35.349998474121094,35.75,35.04999923706055,35.5,4222665.0
2022-08-19,35.400001525878906,35.849998474121094,34.599998474121094,34.79999923706055,4590173.0
2022-08-22,34.75,34.849998474121094,33.75,34.20000076293945,8561624.0
2022-08-23,34.0,34.45000076293945,33.650001525878906,34.04999923706055,5359635.0
2022-08-24,34.04999923706055,34.25,33.349998474121094,33.70000076293945,10535335.0
2022-08-25,33.95000076293945,35.349998474121094,33.900001525878906,34.599998474121094,25828396.0
2022-08-26,35.25,35.5,35.0,35.20000076293945,5584037.0
2022-08-29,34.650001525878906,34.79999923706055,34.0,34.54999923706055,8692902.0
2022-08-30,35.099998474121094,36.400001525878906,34.900001525878906,35.95000076293945,13305459.0
2022-09-01,35.75,38.70000076293945,35.70000076293945,38.400001525878906,33028185.0
2022-09-02,38.59999847412109,40.75,38.0,39.400001525878906,40700527.0
2022-09-05,39.650001525878906,40.09999847412109,38.84999847412109,39.20000076293945,12656930.0
2022-09-06,39.29999923706055,39.79999923706055,39.0,39.09999847412109,7221209.0
2022-09-07,38.79999923706055,40.20000076293945,38.70000076293945,39.75,10014327.0
2022-09-08,39.95000076293945,40.09999847412109,39.34999847412109,39.59999847412109,5492603.0
2022-09-09,40.0,40.75,39.34999847412109,39.5,10870076.0
2022-09-12,39.54999923706055,39.900001525878906,39.04999923706055,39.29999923706055,5421299.0
2022-09-13,39.54999923706055,40.650001525878906,39.34999847412109,40.45000076293945,10303279.0
2022-09-14,39.70000076293945,40.34999847412109,39.400001525878906,40.0,10457980.0
2022-09-15,40.25,41.79999923706055,40.0,40.20000076293945,20227910.0
2022-09-16,40.20000076293945,40.25,38.20000076293945,38.400001525878906,15850342.0
2022-09-19,38.5,39.34999847412109,37.84999847412109,38.79999923706055,8085665.0
2022-09-20,39.0,39.34999847412109,38.150001525878906,38.25,9322597.0
2022-09-21,38.150001525878906,38.59999847412109,38.0,38.150001525878906,8215782.0
2022-09-22,38.20000076293945,38.400001525878906,37.54999923706055,37.95000076293945,6196072.0
2022-09-23,37.95000076293945,38.04999923706055,36.79999923706055,37.20000076293945,14295733.0
2022-09-26,36.70000076293945,36.75,35.04999923706055,35.599998474121094,13150203.0
2022-09-27,35.79999923706055,36.20000076293945,35.29999923706055,35.75,10975815.0
2022-09-28,35.650001525878906,36.09999847412109,35.0,35.25,6028076.0
2022-09-29,35.599998474121094,36.150001525878906,34.349998474121094,35.45000076293945,11259415.0
2022-09-30,35.150001525878906,35.900001525878906,34.5,35.54999923706055,16282366.0
2022-10-03,35.75,35.900001525878906,34.54999923706055,34.70000076293945,9884731.0
2022-10-04,35.150001525878906,35.75,35.0,35.650001525878906,4873009.0
2022-10-06,35.849998474121094,36.20000076293945,35.75,35.849998474121094,4147578.0
2022-10-07,35.900001525878906,35.900001525878906,35.099998474121094,35.45000076293945,4849512.0
2022-10-10,35.04999923706055,35.25,34.650001525878906,35.150001525878906,3648024.0
2022-10-11,35.29999923706055,35.349998474121094,34.75,34.79999923706055,4895330.0
2022-10-12,35.04999923706055,35.599998474121094,34.70000076293945,35.5,8077869.0
2022-10-13,35.54999923706055,35.849998474121094,34.29999923706055,34.599998474121094,7267888.0
2022-10-14,35.150001525878906,35.29999923706055,34.599998474121094,34.70000076293945,5255709.0
2022-10-17,34.79999923706055,35.099998474121094,34.099998474121094,34.849998474121094,4346349.0
2022-10-18,35.04999923706055,35.599998474121094,35.0,35.400001525878906,3988603.0
2022-10-19,35.5,35.650001525878906,34.849998474121094,34.900001525878906,4766651.0
2022-10-20,34.849998474121094,35.04999923706055,34.400001525878906,34.849998474121094,5542355.0
2022-10-21,34.900001525878906,35.150001525878906,34.349998474121094,34.900001525878906,8146367.0
2022-10-24,34.900001525878906,34.900001525878906,34.900001525878906,34.900001525878906,0.0
2022-10-25,34.95000076293945,35.79999923706055,34.54999923706055,35.54999923706055,5660598.0
2022-10-27,35.70000076293945,38.75,35.349998474121094,37.59999847412109,24528900.0
2022-10-28,37.84999847412109,37.900001525878906,36.70000076293945,36.900001525878906,7122916.0
2022-10-31,37.04999923706055,37.59999847412109,36.75,37.45000076293945,6265164.0
2022-11-01,37.70000076293945,37.79999923706055,37.04999923706055,37.5,5552739.0
2022-11-02,37.45000076293945,37.650001525878906,36.95000076293945,37.150001525878906,3311355.0
2022-11-03,37.0,37.54999923706055,36.95000076293945,37.45000076293945,4245120.0
2022-11-04,37.45000076293945,38.29999923706055,37.400001525878906,38.04999923706055,9116017.0
2022-11-07,38.09999847412109,38.54999923706055,37.5,38.20000076293945,9106718.0
2022-11-09,38.400001525878906,38.5,37.54999923706055,37.70000076293945,6610782.0
2022-11-10,37.70000076293945,38.29999923706055,37.34999847412109,38.0,6122726.0
2022-11-11,38.29999923706055,38.70000076293945,37.84999847412109,38.150001525878906,8573033.0
2022-11-14,38.25,38.84999847412109,37.79999923706055,38.59999847412109,11493494.0
2022-11-15,38.5,38.5,36.5,37.0,16657698.0
2022-11-16,37.0,37.29999923706055,36.150001525878906,36.400001525878906,7229949.0
2022-11-17,36.5,37.900001525878906,35.599998474121094,37.34999847412109,18778913.0
2022-11-18,37.54999923706055,37.54999923706055,36.900001525878906,37.34999847412109,6573934.0
2022-11-21,37.400001525878906,37.79999923706055,36.95000076293945,37.59999847412109,5539471.0
2022-11-22,37.79999923706055,37.900001525878906,37.20000076293945,37.79999923706055,5484529.0
2022-11-23,37.84999847412109,39.45000076293945,37.59999847412109,39.0,17946338.0
2022-11-24,39.25,39.400001525878906,38.54999923706055,39.04999923706055,9727309.0
2022-11-25,38.95000076293945,41.04999923706055,38.79999923706055,40.70000076293945,28774593.0
2022-11-28,41.0,41.150001525878906,40.04999923706055,40.34999847412109,11501562.0
2022-11-29,40.34999847412109,41.34999847412109,39.900001525878906,40.59999847412109,13669530.0
2022-11-30,40.59999847412109,43.20000076293945,40.5,42.900001525878906,45231360.0
2022-12-01,43.20000076293945,43.25,42.5,42.75,17635621.0
2022-12-02,42.75,43.650001525878906,42.59999847412109,42.900001525878906,14471407.0
2022-12-05,42.95000076293945,43.59999847412109,42.70000076293945,43.400001525878906,16381267.0
2022-12-06,43.59999847412109,44.150001525878906,43.150001525878906,43.34999847412109,16304243.0
2022-12-07,43.400001525878906,43.59999847412109,42.34999847412109,43.20000076293945,15698962.0
2022-12-08,43.150001525878906,44.09999847412109,42.84999847412109,43.84999847412109,14371642.0
2022-12-09,44.04999923706055,44.29999923706055,42.150001525878906,42.70000076293945,13292760.0
2022-12-12,42.70000076293945,43.400001525878906,42.25,43.150001525878906,9936989.0
2022-12-13,43.400001525878906,43.650001525878906,43.09999847412109,43.400001525878906,7876925.0
2022-12-14,43.59999847412109,44.29999923706055,43.09999847412109,43.34999847412109,14894126.0
2022-12-15,43.20000076293945,43.650001525878906,42.0,42.400001525878906,11356770.0
2022-12-16,42.20000076293945,42.75,41.25,41.45000076293945,13833563.0
2022-12-19,41.79999923706055,43.09999847412109,41.09999847412109,42.84999847412109,14673777.0
2022-12-20,42.75,43.09999847412109,41.900001525878906,42.650001525878906,10389812.0
2022-12-21,42.95000076293945,42.95000076293945,40.59999847412109,40.900001525878906,10930509.0
2022-12-22,41.0,41.400001525878906,39.59999847412109,40.0,11818673.0
2022-12-23,39.400001525878906,39.650001525878906,37.45000076293945,37.79999923706055,15566348.0
2022-12-26,38.0,39.0,37.150001525878906,38.70000076293945,8868913.0
2022-12-27,38.900001525878906,39.34999847412109,38.45000076293945,39.150001525878906,10690052.0
2022-12-28,39.09999847412109,39.45000076293945,38.75,39.0,7510693.0
2022-12-29,39.0,40.150001525878906,38.5,39.400001525878906,22903405.0
2022-12-30,39.900001525878906,40.09999847412109,39.45000076293945,39.75,9135104.0
2023-01-02,40.0,41.04999923706055,39.900001525878906,40.75,15383996.0
2023-01-03,40.70000076293945,41.09999847412109,40.59999847412109,40.79999923706055,6138079.0
2023-01-04,40.75,41.0,39.70000076293945,39.900001525878906,10825925.0
2023-01-05,40.20000076293945,40.5,39.70000076293945,40.400001525878906,8074807.0
2023-01-06,40.5,40.650001525878906,39.84999847412109,40.150001525878906,12696901.0
2023-01-09,40.29999923706055,40.79999923706055,40.0,40.650001525878906,21414107.0
2023-01-10,40.70000076293945,40.95000076293945,39.95000076293945,40.29999923706055,8725686.0
2023-01-11,40.45000076293945,40.75,40.09999847412109,40.400001525878906,14329791.0
2023-01-12,40.45000076293945,40.75,40.20000076293945,40.400001525878906,7557886.0
2023-01-13,40.400001525878906,41.34999847412109,40.20000076293945,41.09999847412109,20821760.0
2023-01-16,41.0,41.150001525878906,40.29999923706055,40.34999847412109,4563216.0
2023-01-17,40.5,40.5,39.900001525878906,40.150001525878906,5134556.0
2023-01-18,40.20000076293945,40.70000076293945,40.0,40.59999847412109,4451416.0
2023-01-19,40.45000076293945,40.5,40.150001525878906,40.29999923706055,3580608.0
2023-01-20,40.29999923706055,40.400001525878906,39.70000076293945,39.79999923706055,5824125.0
2023-01-23,39.95000076293945,40.5,39.400001525878906,40.150001525878906,5300712.0
2023-01-24,40.20000076293945,40.400001525878906,39.75,39.84999847412109,4482402.0
2023-01-25,39.84999847412109,39.95000076293945,38.650001525878906,38.900001525878906,8963391.0
2023-01-27,39.0,39.04999923706055,36.0,36.95000076293945,21890672.0
2023-01-30,36.95000076293945,37.650001525878906,36.45000076293945,37.0,7717632.0
2023-01-31,37.400001525878906,38.5,36.95000076293945,38.34999847412109,6037935.0
2023-02-01,38.400001525878906,39.29999923706055,36.650001525878906,37.54999923706055,12266304.0
2023-02-02,37.45000076293945,37.900001525878906,36.650001525878906,37.20000076293945,9416237.0
2023-02-03,37.75,37.79999923706055,36.400001525878906,37.54999923706055,17133484.0
2023-02-06,37.650001525878906,38.150001525878906,37.34999847412109,37.70000076293945,10648385.0
2023-02-07,37.84999847412109,38.20000076293945,37.45000076293945,38.04999923706055,11446799.0
2023-02-08,38.25,38.900001525878906,37.900001525878906,38.79999923706055,10364584.0
2023-02-09,38.70000076293945,38.900001525878906,38.29999923706055,38.75,4650203.0
2023-02-10,38.70000076293945,39.0,38.5,38.75,4137026.0
2023-02-13,38.79999923706055,39.0,38.20000076293945,38.45000076293945,3282490.0
2023-02-14,38.70000076293945,38.70000076293945,38.04999923706055,38.150001525878906,3824544.0
2023-02-15,38.25,39.09999847412109,38.09999847412109,38.400001525878906,10137218.0
2023-02-16,38.75,40.04999923706055,38.400001525878906,39.5,10513744.0
2023-02-17,39.45000076293945,39.75,39.09999847412109,39.59999847412109,9720405.0
2023-02-20,39.75,39.75,39.04999923706055,39.150001525878906,6419565.0
2023-02-21,39.20000076293945,39.45000076293945,38.75,38.900001525878906,9035581.0
2023-02-22,38.84999847412109,39.04999923706055,38.20000076293945,38.5,10373931.0
2023-02-23,38.400001525878906,38.400001525878906,37.400001525878906,37.5,8954009.0
2023-02-24,37.650001525878906,37.84999847412109,37.09999847412109,37.20000076293945,4336804.0
2023-02-27,37.20000076293945,37.54999923706055,36.79999923706055,37.45000076293945,4564380.0
2023-02-28,37.5,38.0,37.45000076293945,37.900001525878906,5779017.0
2023-03-01,37.84999847412109,38.400001525878906,37.75,38.29999923706055,2331797.0
2023-03-02,38.150001525878906,38.79999923706055,38.150001525878906,38.59999847412109,3854002.0
2023-03-03,38.79999923706055,38.95000076293945,38.5,38.70000076293945,3865994.0
2023-03-06,38.75,39.34999847412109,38.70000076293945,38.900001525878906,3709095.0
2023-03-08,38.5,39.70000076293945,38.5,39.5,4762739.0
2023-03-09,39.400001525878906,39.70000076293945,38.95000076293945,39.04999923706055,4063388.0
2023-03-10,38.79999923706055,39.650001525878906,38.59999847412109,39.45000076293945,8699641.0
2023-03-13,39.650001525878906,39.75,38.59999847412109,38.84999847412109,5941315.0
2023-03-14,39.09999847412109,40.09999847412109,38.70000076293945,39.45000076293945,10989097.0
2023-03-15,40.0,42.04999923706055,39.70000076293945,41.34999847412109,34395621.0
2023-03-16,41.45000076293945,42.25,40.400001525878906,41.75,17398465.0
2023-03-17,42.150001525878906,42.84999847412109,41.84999847412109,42.70000076293945,21468791.0
2023-03-20,42.75,43.25,40.84999847412109,41.25,12181923.0
2023-03-21,41.45000076293945,41.45000076293945,39.75,39.84999847412109,7213732.0
2023-03-22,39.650001525878906,40.34999847412109,39.650001525878906,39.70000076293945,5190595.0
2023-03-23,39.75,39.95000076293945,39.29999923706055,39.45000076293945,3211083.0
2023-03-24,39.5,39.650001525878906,38.59999847412109,38.75,4841603.0
2023-03-27,38.75,38.84999847412109,38.25,38.45000076293945,16254901.0
2023-03-28,38.25,38.34999847412109,37.20000076293945,37.5,9335014.0
2023-03-29,37.70000076293945,39.650001525878906,37.5,39.20000076293945,12104832.0
2023-03-31,39.400001525878906,40.70000076293945,39.150001525878906,40.54999923706055,12953895.0
2023-04-03,40.70000076293945,43.70000076293945,40.59999847412109,43.45000076293945,33649897.0
2023-04-05,43.04999923706055,44.04999923706055,42.84999847412109,43.70000076293945,15870617.0
2023-04-06,43.59999847412109,44.59999847412109,43.150001525878906,43.95000076293945,17931991.0
2023-04-10,43.900001525878906,44.09999847412109,43.09999847412109,43.59999847412109,7235715.0
2023-04-11,43.20000076293945,44.09999847412109,43.20000076293945,43.34999847412109,6046340.0
2023-04-12,43.34999847412109,43.95000076293945,42.900001525878906,43.70000076293945,7294155.0
2023-04-13,43.650001525878906,44.70000076293945,43.5,43.900001525878906,11309050.0
2023-04-17,43.54999923706055,44.900001525878906,43.45000076293945,44.650001525878906,11911474.0
2023-04-18,44.75,44.84999847412109,43.75,44.29999923706055,9065127.0
2023-04-19,44.400001525878906,44.79999923706055,44.09999847412109,44.34999847412109,7428629.0
2023-04-20,44.34999847412109,45.09999847412109,44.25,44.400001525878906,10637469.0
2023-04-21,44.54999923706055,44.650001525878906,43.95000076293945,44.45000076293945,6214319.0
2023-04-24,44.70000076293945,44.75,44.09999847412109,44.59999847412109,9107250.0
2023-04-25,44.59999847412109,45.400001525878906,44.20000076293945,44.79999923706055,13527189.0
2023-04-26,44.84999847412109,45.150001525878906,44.650001525878906,44.79999923706055,8563719.0
2023-04-27,44.79999923706055,46.150001525878906,44.70000076293945,45.09999847412109,19626606.0
2023-04-28,45.45000076293945,45.70000076293945,45.25,45.650001525878906,9432892.0
2023-05-02,45.650001525878906,46.150001525878906,45.400001525878906,45.79999923706055,10257295.0
2023-05-03,45.650001525878906,46.900001525878906,45.5,46.25,13862360.0
2023-05-04,46.20000076293945,46.900001525878906,46.0,46.45000076293945,8160122.0
2023-05-05,46.25,46.79999923706055,45.45000076293945,45.59999847412109,6882807.0
2023-05-08,46.95000076293945,46.95000076293945,45.900001525878906,46.54999923706055,6608306.0
2023-05-09,46.650001525878906,46.900001525878906,45.70000076293945,45.79999923706055,12432885.0
2023-05-10,45.79999923706055,46.84999847412109,45.70000076293945,46.75,11099648.0
2023-05-11,46.900001525878906,47.34999847412109,46.45000076293945,46.5,8537192.0
2023-05-12,46.84999847412109,46.84999847412109,46.0,46.09999847412109,8533066.0
2023-05-15,46.09999847412109,46.54999923706055,45.59999847412109,46.04999923706055,18043618.0
2023-05-16,46.09999847412109,46.29999923706055,45.29999923706055,45.400001525878906,4916050.0
2023-05-17,45.400001525878906,45.70000076293945,45.04999923706055,45.59999847412109,4715032.0
2023-05-18,45.650001525878906,45.84999847412109,44.900001525878906,45.0,4768281.0
2023-05-19,45.04999923706055,45.25,44.45000076293945,45.150001525878906,6689415.0
2023-05-22,45.0,45.5,44.70000076293945,45.34999847412109,8466292.0
2023-05-23,45.45000076293945,45.650001525878906,44.95000076293945,45.29999923706055,6388824.0
2023-05-24,45.04999923706055,45.29999923706055,44.650001525878906,44.900001525878906,4547387.0
2023-05-25,44.59999847412109,45.5,44.59999847412109,44.95000076293945,4923087.0
2023-05-26,45.20000076293945,45.650001525878906,44.5,45.0,12924791.0
2023-05-29,44.29999923706055,44.29999923706055,40.0,40.54999923706055,45153505.0
2023-05-30,40.75,41.54999923706055,40.400001525878906,40.84999847412109,19190583.0
2023-05-31,40.95000076293945,41.25,40.29999923706055,40.5,14188091.0
2023-06-01,40.79999923706055,41.20000076293945,40.650001525878906,40.79999923706055,6279111.0
2023-06-02,41.09999847412109,41.5,40.84999847412109,41.29999923706055,7492897.0
2023-06-05,41.5,42.0,41.09999847412109,41.54999923706055,8170749.0
2023-06-06,41.5,42.09999847412109,41.34999847412109,41.650001525878906,7807290.0
2023-06-07,42.150001525878906,42.650001525878906,41.75,42.20000076293945,12417151.0
2023-06-08,42.45000076293945,42.75,42.0,42.09999847412109,7149697.0
2023-06-09,42.150001525878906,42.59999847412109,41.84999847412109,42.34999847412109,9354290.0
2023-06-12,42.5,42.59999847412109,42.09999847412109,42.34999847412109,5306624.0
2023-06-13,42.5,42.54999923706055,41.95000076293945,42.04999923706055,4959560.0
2023-06-14,42.25,43.29999923706055,42.04999923706055,43.20000076293945,9470785.0
2023-06-15,43.45000076293945,43.70000076293945,43.150001525878906,43.25,7642550.0
2023-06-16,43.5,43.5,43.0,43.09999847412109,4730158.0
2023-06-19,43.20000076293945,43.34999847412109,42.5,42.54999923706055,7784184.0
2023-06-20,42.54999923706055,43.20000076293945,42.20000076293945,43.09999847412109,3018101.0
2023-06-21,43.20000076293945,43.59999847412109,42.650001525878906,43.34999847412109,7654601.0
2023-06-22,43.70000076293945,43.70000076293945,41.84999847412109,42.400001525878906,10836618.0
2023-06-23,42.45000076293945,42.75,41.84999847412109,42.400001525878906,8102957.0
2023-06-26,42.25,42.84999847412109,41.75,42.34999847412109,11545975.0
2023-06-27,42.400001525878906,43.04999923706055,42.29999923706055,42.79999923706055,10500420.0
2023-06-28,42.900001525878906,43.29999923706055,42.400001525878906,42.59999847412109,13691234.0
2023-06-30,42.650001525878906,44.09999847412109,42.650001525878906,43.70000076293945,14667901.0
2023-07-03,43.900001525878906,44.29999923706055,43.59999847412109,43.75,6506578.0
2023-07-04,44.0,44.29999923706055,43.150001525878906,43.54999923706055,13814960.0
2023-07-05,43.59999847412109,44.0,43.400001525878906,43.79999923706055,3026198.0
2023-07-06,43.75,44.79999923706055,43.54999923706055,44.70000076293945,12093942.0
2023-07-07,44.75,45.45000076293945,44.45000076293945,45.150001525878906,9855004.0
2023-07-10,45.29999923706055,45.29999923706055,44.150001525878906,44.400001525878906,4094165.0
2023-07-11,44.34999847412109,45.09999847412109,44.34999847412109,44.59999847412109,2875965.0
2023-07-12,44.95000076293945,45.84999847412109,44.59999847412109,45.45000076293945,8727768.0
2023-07-13,45.5,45.650001525878906,44.0,44.20000076293945,9154654.0
2023-07-14,44.5,45.09999847412109,44.09999847412109,44.79999923706055,6100474.0
2023-07-17,45.25,45.29999923706055,44.84999847412109,45.04999923706055,3849078.0
2023-07-18,45.29999923706055,45.29999923706055,44.400001525878906,44.54999923706055,3250250.0
2023-07-19,44.59999847412109,44.900001525878906,44.5,44.75,2399291.0
2023-07-20,44.84999847412109,45.150001525878906,44.29999923706055,44.34999847412109,6109957.0
2023-07-21,44.29999923706055,44.650001525878906,44.0,44.20000076293945,3928656.0
2023-07-24,44.59999847412109,46.75,44.59999847412109,46.5,20028835.0
2023-07-25,47.0,48.79999923706055,46.70000076293945,48.25,40806033.0
2023-07-26,48.59999847412109,49.20000076293945,47.900001525878906,48.45000076293945,21822390.0
2023-07-27,48.79999923706055,49.79999923706055,48.54999923706055,49.20000076293945,24426760.0
2023-07-28,49.400001525878906,50.79999923706055,49.20000076293945,50.45000076293945,22759848.0
2023-07-31,50.84999847412109,52.0,50.70000076293945,51.54999923706055,15034584.0
2023-08-01,51.75,52.25,50.84999847412109,51.45000076293945,11311367.0
2023-08-02,51.400001525878906,51.84999847412109,50.25,51.09999847412109,10994781.0
2023-08-03,51.150001525878906,51.5,50.400001525878906,50.95000076293945,5419053.0
2023-08-04,50.79999923706055,51.650001525878906,50.70000076293945,51.45000076293945,7272861.0
2023-08-07,51.5,51.75,50.900001525878906,51.59999847412109,4781933.0
2023-08-08,51.84999847412109,52.5,51.400001525878906,52.09999847412109,9259136.0
2023-08-09,52.34999847412109,52.70000076293945,51.79999923706055,52.29999923706055,5947181.0
2023-08-10,52.400001525878906,54.54999923706055,52.09999847412109,53.34999847412109,17025214.0
2023-08-11,53.59999847412109,54.75,53.29999923706055,54.25,10974648.0
2023-08-14,54.20000076293945,54.20000076293945,52.04999923706055,52.900001525878906,8579828.0
2023-08-16,53.79999923706055,53.900001525878906,51.54999923706055,52.84999847412109,13982968.0
2023-08-17,53.09999847412109,53.75,52.75,53.650001525878906,6053149.0
2023-08-18,53.75,54.400001525878906,52.75,53.29999923706055,10071865.0
2023-08-21,53.95000076293945,55.70000076293945,53.45000076293945,55.400001525878906,19232830.0
2023-08-22,55.900001525878906,58.25,55.70000076293945,57.84999847412109,32240872.0
2023-08-23,58.09999847412109,60.25,58.09999847412109,59.29999923706055,30899192.0
2023-08-24,59.70000076293945,66.5,59.59999847412109,64.9000015258789,135946463.0
2023-08-25,63.95000076293945,66.75,61.400001525878906,62.20000076293945,72379150.0
2023-08-28,62.45000076293945,62.54999923706055,60.25,60.75,34933601.0
2023-08-29,60.79999923706055,63.0,60.59999847412109,61.04999923706055,28318471.0
2023-08-30,61.54999923706055,62.45000076293945,59.59999847412109,60.25,34475768.0
2023-08-31,60.650001525878906,62.650001525878906,59.54999923706055,61.75,50502513.0
2023-09-01,62.150001525878906,63.20000076293945,61.29999923706055,62.95000076293945,27651099.0
2023-09-04,63.45000076293945,64.9000015258789,63.0,63.34999847412109,16652913.0
2023-09-05,63.59999847412109,64.5999984741211,62.650001525878906,63.900001525878906,11812824.0
2023-09-06,64.0999984741211,64.0999984741211,62.20000076293945,62.84999847412109,7567262.0
2023-09-07,62.84999847412109,63.900001525878906,62.0,63.09999847412109,7631288.0
2023-09-08,63.45000076293945,64.25,63.09999847412109,63.79999923706055,8480182.0
2023-09-11,63.95000076293945,65.0,63.400001525878906,64.3499984741211,9991587.0
2023-09-12,64.75,64.75,59.25,59.5,19092349.0
2023-09-13,59.54999923706055,60.95000076293945,58.34999847412109,60.54999923706055,12937631.0
2023-09-14,61.0,61.5,60.5,61.09999847412109,7223461.0
2023-09-15,61.29999923706055,61.59999847412109,60.20000076293945,60.650001525878906,6556647.0
2023-09-18,60.54999923706055,61.0,59.650001525878906,59.84999847412109,4245604.0
2023-09-20,58.54999923706055,60.79999923706055,58.54999923706055,59.75,9459462.0
2023-09-21,60.0,60.400001525878906,58.5,59.0,7266479.0
2023-09-22,59.20000076293945,59.650001525878906,56.70000076293945,58.54999923706055,12703977.0
2023-09-25,58.650001525878906,58.900001525878906,57.650001525878906,58.5,6707147.0
2023-09-26,58.45000076293945,59.04999923706055,57.79999923706055,58.79999923706055,6050395.0
2023-09-27,58.75,59.34999847412109,58.29999923706055,59.0,5725577.0
2023-09-28,59.09999847412109,59.54999923706055,57.59999847412109,57.95000076293945,6242994.0
2023-09-29,58.29999923706055,60.0,58.29999923706055,59.54999923706055,10110709.0
2023-10-03,59.400001525878906,59.75,58.84999847412109,59.45000076293945,5841614.0
2023-10-04,59.09999847412109,59.900001525878906,57.900001525878906,58.70000076293945,5335769.0
2023-10-05,58.900001525878906,60.29999923706055,58.79999923706055,59.400001525878906,5036675.0
2023-10-06,59.650001525878906,61.84999847412109,59.29999923706055,61.59999847412109,12142486.0
2023-10-09,60.79999923706055,60.79999923706055,57.5,57.75,11462883.0
2023-10-10,58.0,59.5,58.0,59.04999923706055,6429882.0
2023-10-11,59.34999847412109,60.20000076293945,59.150001525878906,59.29999923706055,5579181.0
2023-10-12,59.59999847412109,59.79999923706055,58.84999847412109,59.04999923706055,5355501.0
2023-10-13,59.0,60.09999847412109,58.84999847412109,59.29999923706055,5048585.0
2023-10-16,59.0,59.400001525878906,58.59999847412109,58.75,3460194.0
2023-10-17,59.0,59.34999847412109,58.45000076293945,58.650001525878906,3601087.0
2023-10-18,58.84999847412109,58.95000076293945,57.5,57.79999923706055,4283287.0
2023-10-19,57.150001525878906,57.34999847412109,55.95000076293945,56.650001525878906,5939595.0
2023-10-20,56.20000076293945,56.650001525878906,55.0,55.900001525878906,7835932.0
2023-10-23,54.54999923706055,56.150001525878906,54.0,54.29999923706055,6068669.0
2023-10-25,54.0,55.59999847412109,53.09999847412109,54.04999923706055,4699445.0
2023-10-26,53.900001525878906,54.0,52.0,53.5,7448507.0
2023-10-27,54.20000076293945,55.09999847412109,54.04999923706055,54.84999847412109,4130005.0
2023-10-30,55.09999847412109,55.400001525878906,54.04999923706055,54.650001525878906,5157734.0
2023-10-31,54.95000076293945,55.70000076293945,54.45000076293945,54.59999847412109,5247975.0
2023-11-01,55.0,55.5,54.09999847412109,54.25,2619387.0
2023-11-02,55.0,56.5,54.5,56.0,4133434.0
2023-11-03,56.29999923706055,57.09999847412109,55.79999923706055,56.04999923706055,4793564.0
2023-11-06,56.5,57.0,55.95000076293945,56.5,3777488.0
2023-11-07,56.34999847412109,56.5,55.5,56.0,2832431.0
2023-11-08,56.04999923706055,57.0,56.0,56.650001525878906,3951807.0
2023-11-09,56.900001525878906,56.900001525878906,56.09999847412109,56.20000076293945,3474550.0
2023-11-10,56.5,58.400001525878906,55.70000076293945,57.650001525878906,15351937.0
2023-11-13,58.29999923706055,58.29999923706055,57.0,57.25,3608807.0
2023-11-15,57.54999923706055,58.45000076293945,57.150001525878906,58.0,4153475.0
2023-11-16,58.20000076293945,58.34999847412109,57.5,57.59999847412109,3804394.0
2023-11-17,57.84999847412109,59.5,57.5,58.70000076293945,14167071.0
2023-11-20,59.0,59.0,57.25,57.70000076293945,7744798.0
2023-11-21,58.0,58.25,57.150001525878906,57.54999923706055,3556117.0
2023-11-22,57.650001525878906,58.04999923706055,56.400001525878906,57.34999847412109,6761170.0
2023-11-23,57.54999923706055,57.84999847412109,57.0,57.09999847412109,4213485.0
2023-11-24,57.25,60.900001525878906,57.04999923706055,60.34999847412109,22678150.0
2023-11-28,61.650001525878906,61.900001525878906,59.650001525878906,60.25,24275975.0
2023-11-29,60.54999923706055,61.5,60.20000076293945,60.29999923706055,46270600.0
2023-11-30,60.45000076293945,61.04999923706055,59.20000076293945,59.79999923706055,19272526.0
2023-12-01,60.20000076293945,61.34999847412109,60.20000076293945,60.900001525878906,14246978.0
2023-12-04,61.79999923706055,63.0,61.45000076293945,62.29999923706055,34976851.0
2023-12-05,62.54999923706055,63.900001525878906,61.09999847412109,62.09999847412109,27713959.0
2023-12-06,62.400001525878906,62.70000076293945,61.20000076293945,61.34999847412109,8068930.0
2023-12-07,61.54999923706055,63.25,60.650001525878906,61.70000076293945,25752912.0
2023-12-08,59.84999847412109,70.4000015258789,58.75,68.9000015258789,487219557.0
2023-12-11,71.44999694824219,74.4000015258789,69.55000305175781,73.0999984741211,165979376.0
2023-12-12,73.5,74.30000305175781,71.0,71.8499984741211,52604713.0
2023-12-13,72.0999984741211,78.0999984741211,71.8499984741211,77.1500015258789,139161372.0
2023-12-14,77.8499984741211,78.9000015258789,76.4000015258789,77.1500015258789,105827318.0
2023-12-15,77.69999694824219,78.19999694824219,76.05000305175781,77.5,49693156.0
2023-12-18,77.5,78.55000305175781,76.0,78.30000305175781,20331390.0
2023-12-19,78.3499984741211,79.5,74.6500015258789,75.69999694824219,19698623.0
2023-12-20,76.3499984741211,77.0,70.5,71.30000305175781,23442670.0
2023-12-21,70.9000015258789,74.05000305175781,69.5999984741211,73.4000015258789,20851861.0
2023-12-22,75.30000305175781,77.80000305175781,73.69999694824219,74.6500015258789,27907280.0
2023-12-26,75.05000305175781,75.5999984741211,73.6500015258789,73.94999694824219,13691736.0
2023-12-27,74.1500015258789,75.0,73.0999984741211,73.30000305175781,13530197.0
2023-12-28,73.69999694824219,77.0999984741211,72.94999694824219,76.30000305175781,44621995.0
2023-12-29,76.30000305175781,81.5,75.69999694824219,80.55000305175781,78284106.0
2024-01-01,80.9000015258789,82.30000305175781,79.8499984741211,80.3499984741211,37830090.0
2024-01-02,80.75,80.75,77.25,79.5999984741211,28625842.0
2024-01-03,79.94999694824219,83.0,78.8499984741211,81.80000305175781,36193954.0
2024-01-04,82.19999694824219,84.94999694824219,81.75,84.44999694824219,91736436.0
2024-01-05,84.80000305175781,85.25,81.9000015258789,83.9000015258789,40706295.0
2024-01-08,80.0,88.69999694824219,80.0,86.9000015258789,202570408.0
2024-01-09,87.5999984741211,88.25,84.0999984741211,84.80000305175781,48744140.0
2024-01-10,85.25,87.0,84.55000305175781,86.30000305175781,39105541.0
2024-01-11,86.5999984741211,87.25,83.30000305175781,85.30000305175781,80080582.0
2024-01-12,85.69999694824219,85.69999694824219,84.0999984741211,84.30000305175781,30674302.0
2024-01-15,84.80000305175781,85.30000305175781,82.80000305175781,83.25,22379230.0
2024-01-16,83.6500015258789,86.5,82.5,84.3499984741211,41718790.0
2024-01-17,84.3499984741211,85.69999694824219,82.69999694824219,83.4000015258789,31240324.0
2024-01-18,83.3499984741211,84.4000015258789,80.1500015258789,83.69999694824219,23950513.0
2024-01-19,83.0,84.55000305175781,81.8499984741211,82.5,38979778.0
2024-01-23,82.5,83.0,74.25,75.5,43604317.0
2024-01-24,75.5,76.5999984741211,73.5999984741211,75.69999694824219,35773435.0
2024-01-25,76.05000305175781,79.0999984741211,75.5,77.05000305175781,56040749.0
2024-01-29,78.0999984741211,80.3499984741211,76.9000015258789,78.19999694824219,44502382.0
2024-01-30,78.8499984741211,81.69999694824219,78.1500015258789,78.80000305175781,37994594.0
2024-01-31,78.80000305175781,79.25,77.3499984741211,78.3499984741211,26944356.0
2024-02-01,76.1500015258789,79.94999694824219,76.05000305175781,79.0999984741211,39919389.0
2024-02-02,79.75,87.0,79.6500015258789,85.19999694824219,124563723.0
2024-02-05,85.69999694824219,89.75,85.5,87.3499984741211,84036591.0
2024-02-06,87.8499984741211,89.6500015258789,85.55000305175781,88.1500015258789,28893814.0
2024-02-07,88.6500015258789,91.3000030517578,88.05000305175781,90.8000030517578,63741860.0
2024-02-08,91.1999969482422,92.5500030517578,89.80000305175781,90.1500015258789,44963439.0
2024-02-09,90.3000030517578,90.5500030517578,84.19999694824219,88.8499984741211,35007959.0
2024-02-12,89.25,89.30000305175781,84.75,85.5999984741211,25142104.0
2024-02-13,89.44999694824219,91.1500015258789,85.80000305175781,89.8499984741211,85283123.0
2024-02-14,88.25,90.8000030517578,87.80000305175781,89.8499984741211,34239889.0
2024-02-15,90.5999984741211,91.6999969482422,89.0999984741211,90.3499984741211,31048461.0
2024-02-16,90.8499984741211,91.1999969482422,88.6500015258789,89.25,38111593.0
2024-02-19,89.80000305175781,92.8499984741211,87.75,92.0999984741211,51843868.0
2024-02-20,92.5999984741211,94.3499984741211,89.8499984741211,90.5999984741211,56491851.0
2024-02-21,90.9000015258789,90.9000015258789,84.55000305175781,86.25,63802448.0
2024-02-22,86.8499984741211,88.30000305175781,84.75,87.6500015258789,29169629.0
2024-02-23,88.25,89.6500015258789,87.75,88.3499984741211,25843128.0
2024-02-26,88.80000305175781,89.5999984741211,87.0999984741211,87.6500015258789,39761640.0
2024-02-27,87.9000015258789,88.4000015258789,85.4000015258789,85.75,75427795.0
2024-02-28,86.25,87.5,84.0,84.4000015258789,47472979.0
2024-02-29,84.80000305175781,85.3499984741211,82.5999984741211,84.0,341649737.0
2024-03-01,84.5,86.19999694824219,84.25,85.55000305175781,26544078.0
2024-03-04,86.3499984741211,87.5,85.6500015258789,86.6500015258789,24955290.0
2024-03-05,86.55000305175781,87.6500015258789,86.0,86.75,16913400.0
2024-03-06,86.75,86.94999694824219,80.80000305175781,82.69999694824219,24841782.0
2024-03-07,83.1500015258789,85.1500015258789,82.6500015258789,84.5,14135199.0
2024-03-11,85.3499984741211,85.4000015258789,82.4000015258789,82.69999694824219,16717842.0
2024-03-12,82.94999694824219,83.4000015258789,80.55000305175781,80.94999694824219,19702229.0
2024-03-13,81.0,81.1500015258789,73.5999984741211,75.1500015258789,34943703.0
2024-03-14,76.3499984741211,78.5999984741211,74.5,78.05000305175781,30451300.0
2024-03-15,78.0,78.75,74.80000305175781,77.30000305175781,19455715.0
2024-03-18,77.30000305175781,78.19999694824219,76.25,77.0999984741211,9153822.0
2024-03-19,77.25,77.5,75.05000305175781,75.30000305175781,11022369.0
2024-03-20,76.0,76.30000305175781,73.0,74.6500015258789,15111132.0
2024-03-21,75.9000015258789,79.30000305175781,75.5999984741211,79.0999984741211,18986015.0
2024-03-22,79.1500015258789,79.5999984741211,78.0,78.6500015258789,9769561.0
2024-03-26,78.5999984741211,79.75,77.75,79.05000305175781,12905284.0
2024-03-27,81.4000015258789,81.4000015258789,79.4000015258789,79.80000305175781,26320881.0
2024-03-28,80.9000015258789,82.25,80.25,81.5999984741211,24357737.0
2024-04-01,82.4000015258789,84.0,82.30000305175781,83.55000305175781,14429781.0
2024-04-02,83.0,85.5999984741211,83.0,85.0,16799176.0
2024-04-03,85.25,85.4000015258789,83.80000305175781,84.05000305175781,15811657.0
2024-04-04,84.5,85.69999694824219,83.55000305175781,84.4000015258789,11970580.0
2024-04-05,84.4000015258789,86.69999694824219,83.8499984741211,85.6500015258789,33992152.0
2024-04-08,86.05000305175781,86.4000015258789,85.1500015258789,85.69999694824219,10248393.0
2024-04-09,85.94999694824219,86.5,84.44999694824219,84.80000305175781,10438396.0
2024-04-10,85.05000305175781,85.94999694824219,84.5999984741211,85.0999984741211,8040522.0
2024-04-12,85.0999984741211,85.55000305175781,83.44999694824219,83.69999694824219,15288438.0
2024-04-15,81.4000015258789,83.1500015258789,80.0,80.6500015258789,39207669.0
2024-04-16,80.5,81.0999984741211,79.4000015258789,80.5,13449634.0
2024-04-18,81.0,82.44999694824219,79.5999984741211,80.0,13758049.0
2024-04-19,78.69999694824219,81.25,78.25,80.6500015258789,17239317.0
2024-04-22,81.4000015258789,81.75,80.55000305175781,81.05000305175781,13243769.0
2024-04-23,81.5,83.0,80.6500015258789,82.3499984741211,18800097.0
2024-04-24,82.75,83.44999694824219,82.0999984741211,82.44999694824219,10812226.0
2024-04-25,82.6500015258789,85.5,82.1500015258789,85.1500015258789,29717351.0
2024-04-26,85.9000015258789,92.4000015258789,85.5999984741211,90.75,121203082.0
2024-04-29,91.75,91.9000015258789,86.9000015258789,87.4000015258789,69094550.0
2024-04-30,87.9000015258789,88.19999694824219,84.8499984741211,85.1500015258789,46391574.0
2024-05-02,85.75,88.80000305175781,83.5,88.1500015258789,69372247.0
2024-05-03,89.0,89.8499984741211,84.55000305175781,85.5999984741211,59484779.0
2024-05-06,85.94999694824219,85.94999694824219,81.69999694824219,83.30000305175781,23811979.0
2024-05-07,83.44999694824219,83.44999694824219,78.5,79.0,43376425.0
2024-05-08,79.5999984741211,82.0999984741211,77.5999984741211,80.5999984741211,28202896.0
2024-05-09,80.69999694824219,81.6500015258789,78.0999984741211,78.55000305175781,20898249.0
2024-05-10,79.25,80.94999694824219,77.8499984741211,80.0999984741211,15680082.0
2024-05-13,80.30000305175781,82.55000305175781,78.6500015258789,82.3499984741211,16718497.0
2024-05-14,82.8499984741211,83.75,82.30000305175781,83.44999694824219,12609063.0
2024-05-15,83.55000305175781,84.25,83.05000305175781,83.75,9378427.0
2024-05-16,84.0,85.0,82.44999694824219,82.94999694824219,9418488.0
2024-05-17,83.19999694824219,86.6500015258789,82.69999694824219,86.05000305175781,24862680.0
2024-05-21,86.19999694824219,86.30000305175781,84.5,85.55000305175781,18753436.0
2024-05-22,85.94999694824219,87.8499984741211,83.9000015258789,87.5,49986916.0
2024-05-23,87.9000015258789,88.19999694824219,86.44999694824219,87.19999694824219,41608099.0
2024-05-24,87.0,88.1500015258789,85.6500015258789,86.94999694824219,34875202.0
2024-05-27,88.3499984741211,89.75,87.05000305175781,88.19999694824219,64829380.0
2024-05-28,88.69999694824219,89.0999984741211,86.55000305175781,87.5,41133318.0
2024-05-29,87.5,87.9000015258789,86.3499984741211,87.0,40724431.0
2024-05-30,88.75,88.80000305175781,80.25,81.05000305175781,97495544.0
2024-05-31,82.5,85.0999984741211,82.5,84.5999984741211,81926700.0
2024-06-03,88.8499984741211,88.94999694824219,87.1500015258789,88.30000305175781,58456620.0
2024-06-04,88.0,88.0,70.6500015258789,76.5999984741211,115226707.0
2024-06-05,78.0,82.5,73.3499984741211,81.75,71682102.0
2024-06-06,82.30000305175781,86.4000015258789,82.0,84.30000305175781,61875083.0
2024-06-07,83.9000015258789,87.0,83.80000305175781,86.69999694824219,26367119.0
2024-06-10,87.0,88.30000305175781,86.4000015258789,86.93000030517578,26759808.0
2024-06-11,87.5,93.2300033569336,87.36000061035156,90.9499969482422,140719522.0
2024-06-12,92.25,92.8000030517578,89.19999694824219,90.12999725341795,48775636.0
2024-06-13,91.3000030517578,92.5,89.3499984741211,91.7300033569336,46860712.0
2024-06-14,92.87999725341795,94.5500030517578,91.76000213623048,93.91999816894533,92400158.0
2024-06-18,95.0999984741211,98.0,95.0500030517578,97.83999633789062,115730997.0
2024-06-19,98.5999984741211,100.6999969482422,95.5,97.87999725341795,120276067.0
2024-06-20,98.30999755859376,99.0999984741211,96.41000366210938,96.98999786376952,32609865.0
2024-06-21,97.1999969482422,99.68000030517578,96.0999984741211,97.97000122070312,52096986.0
2024-06-24,97.3000030517578,98.87000274658205,95.9499969482422,96.91000366210938,26259521.0
2024-06-25,97.0999984741211,97.69000244140624,94.61000061035156,95.06999969482422,23217837.0
2024-06-26,95.5,99.5999984741211,94.86000061035156,98.27999877929688,63535658.0
2024-06-27,98.5,101.25,97.48999786376952,99.23999786376952,60678698.0
2024-06-28,99.5,99.5999984741211,95.73999786376952,96.56999969482422,38975155.0
2024-07-01,96.0,97.9499969482422,95.26000213623048,97.62000274658205,20727809.0
2024-07-02,97.3000030517578,98.48999786376952,95.16000366210938,95.87000274658205,30125285.0
2024-07-03,96.4000015258789,96.9000015258789,95.72000122070312,96.54000091552734,11316517.0
2024-07-04,96.9000015258789,98.1999969482422,96.5,96.83000183105467,13921325.0
2024-07-05,96.5,97.38999938964844,95.88999938964844,96.2300033569336,11040422.0
2024-07-08,96.2300033569336,99.4000015258789,95.0,98.9000015258789,24269090.0
2024-07-09,99.5999984741211,100.62000274658205,97.8000030517578,98.56999969482422,22715631.0
2024-07-10,98.8000030517578,99.52999877929688,94.56999969482422,97.5500030517578,21356245.0
2024-07-11,98.0,99.6999969482422,97.70999908447266,98.72000122070312,15328902.0
2024-07-12,98.98999786376952,100.56999969482422,97.1999969482422,97.73999786376952,36609764.0
2024-07-15,98.0,98.75,96.1500015258789,98.08999633789062,14466846.0
2024-07-16,98.0,100.0,96.5999984741211,96.91000366210938,27348929.0
2024-07-18,97.0199966430664,98.0,94.75,95.93000030517578,18804375.0
2024-07-19,95.93000030517578,95.93000030517578,91.55999755859376,91.94000244140624,24364590.0
2024-07-22,92.5,94.37000274658205,90.70999908447266,94.0,27658139.0
2024-07-23,94.0,96.4000015258789,88.7300033569336,94.12999725341795,47125296.0
2024-07-24,94.1999969482422,95.8499984741211,93.80999755859376,95.29000091552734,16610113.0
2024-07-25,94.69000244140624,94.93000030517578,93.26000213623048,94.0999984741211,10902252.0
2024-07-26,93.9000015258789,97.69000244140624,93.88999938964844,97.2699966430664,20947325.0
2024-07-29,97.76000213623048,99.0,96.25,97.25,21968001.0
2024-07-30,97.5999984741211,101.5,96.9000015258789,99.97000122070312,28982515.0
2024-07-31,102.5,103.75,101.4800033569336,101.7300033569336,47293326.0
2024-08-01,102.0,102.52999877929688,99.5500030517578,101.5199966430664,18419300.0
2024-08-02,97.5500030517578,100.7300033569336,97.36000061035156,98.0,28298007.0
2024-08-05,95.0,95.8000030517578,90.0999984741211,92.5,40083603.0
2024-08-06,93.29000091552734,95.87000274658205,91.6999969482422,92.08999633789062,24599252.0
2024-08-07,94.4499969482422,97.30999755859376,93.70999908447266,96.9800033569336,23761549.0
2024-08-08,96.9800033569336,100.1999969482422,96.36000061035156,98.69000244140624,31402322.0
2024-08-09,99.9000015258789,100.48999786376952,98.95999908447266,99.4800033569336,18097097.0
2024-08-12,99.4800033569336,99.48999786376952,97.6999969482422,98.0199966430664,16492152.0
2024-08-13,97.5,98.4800033569336,94.4000015258789,94.80999755859376,14108542.0
2024-08-14,94.0,94.6999969482422,92.30999755859376,92.7300033569336,15858298.0
2024-08-16,94.4000015258789,96.29000091552734,93.12000274658205,95.87000274658205,10705031.0
2024-08-19,97.4000015258789,97.7300033569336,96.01000213623048,96.29000091552734,28104301.0
2024-08-20,96.4000015258789,96.81999969482422,95.3499984741211,95.5500030517578,19092986.0
2024-08-21,95.6999969482422,96.1500015258789,94.8000030517578,94.91999816894533,16780064.0
2024-08-22,96.4499969482422,96.83000183105467,94.79000091552734,95.01000213623048,21874232.0
2024-08-23,95.1500015258789,98.0999984741211,93.7699966430664,95.8499984741211,95397103.0
2024-08-26,96.33999633789062,96.70999908447266,94.9000015258789,95.94000244140624,22016952.0
2024-08-27,96.0,96.87999725341795,95.0199966430664,95.5,18564985.0
2024-08-28,95.5,96.76000213623048,94.16999816894533,94.66000366210938,60839359.0
2024-08-29,94.75,94.97000122070312,92.83999633789062,94.11000061035156,26954557.0
2024-08-30,95.0,95.25,93.7300033569336,94.4800033569336,28561801.0
2024-09-02,95.0,95.25,92.54000091552734,93.37999725341795,12416497.0
2024-09-03,93.5999984741211,94.3499984741211,93.33999633789062,94.08000183105467,8327582.0
2024-09-04,93.66000366210938,94.8000030517578,93.06999969482422,93.41999816894533,8262756.0
2024-09-05,93.75,96.9000015258789,92.5,95.7699966430664,123773625.0
2024-09-06,95.7699966430664,96.16999816894533,90.68000030517578,91.02999877929688,39150062.0
2024-09-09,90.5999984741211,91.3499984741211,89.20999908447266,90.88999938964844,16636538.0
2024-09-10,92.75,93.2699966430664,91.7699966430664,92.58000183105467,22804252.0
2024-09-11,93.0,94.4000015258789,92.1999969482422,92.54000091552734,20636627.0
2024-09-12,94.0,94.3000030517578,92.6999969482422,93.88999938964844,13560571.0
2024-09-13,94.8000030517578,96.8000030517578,94.38999938964844,96.02999877929688,26520675.0
2024-09-16,97.0,97.94000244140624,96.20999908447266,97.12999725341795,18632178.0
2024-09-17,97.69000244140624,98.2300033569336,95.5,95.68000030517578,16020892.0
2024-09-18,95.98999786376952,96.3000030517578,93.68000030517578,94.0500030517578,12812312.0
2024-09-19,94.6500015258789,95.5199966430664,90.87999725341795,92.6500015258789,22329080.0
2024-09-20,93.5,95.4000015258789,92.81999969482422,94.52999877929688,82880399.0
2024-09-23,95.0199966430664,95.87000274658205,94.48999786376952,95.29000091552734,45222207.0
2024-09-24,95.9000015258789,96.0,94.79000091552734,95.36000061035156,23003532.0
2024-09-25,95.3000030517578,95.5,93.6999969482422,94.5199966430664,9382737.0
2024-09-26,94.3000030517578,94.48999786376952,92.73999786376952,94.11000061035156,14245128.0
2024-09-27,94.0999984741211,95.83999633789062,93.88999938964844,95.08999633789062,17892851.0
2024-09-30,94.93000030517578,95.51000213623048,93.4000015258789,94.05999755859376,27171343.0
2024-10-01,94.0,94.93000030517578,93.5500030517578,93.93000030517578,6427524.0
2024-10-03,92.5,93.19000244140624,88.20999908447266,88.62999725341797,30507677.0
2024-10-04,88.69999694824219,90.83999633789062,87.9000015258789,89.94000244140625,44536329.0
2024-10-07,90.08999633789062,90.4800033569336,84.56999969482422,85.2699966430664,19453347.0
2024-10-08,86.83999633789062,87.80999755859375,85.0,87.19999694824219,24641127.0
2024-10-09,88.8499984741211,89.55000305175781,86.93000030517578,87.69000244140625,56656765.0
2024-10-10,89.0,90.77999877929688,88.56999969482422,88.8499984741211,16067072.0
2024-10-11,89.0,89.16999816894531,87.91999816894531,88.41999816894531,5711389.0
2024-10-14,88.3499984741211,89.25,88.20999908447266,88.94999694824219,5903276.0
2024-10-15,89.4000015258789,89.75,88.77999877929688,89.54000091552734,7812014.0
2024-10-16,89.5199966430664,89.83000183105469,88.61000061035156,89.36000061035156,10230032.0
2024-10-17,90.0,90.13999938964844,86.1500015258789,86.58999633789062,16629384.0
2024-10-18,86.0,86.43000030517578,84.68000030517578,85.76000213623047,11983548.0
2024-10-21,85.0,85.73999786376953,82.51000213623047,82.95999908447266,15886550.0
2024-10-22,84.25,84.51000213623047,79.76000213623047,80.38999938964844,34980173.0
2024-10-23,81.0,82.8499984741211,79.44999694824219,82.2300033569336,24982283.0
2024-10-24,83.01000213623047,83.6500015258789,82.16000366210938,82.5199966430664,14325395.0
2024-10-25,79.5,81.20999908447266,77.66999816894531,78.81999969482422,26995746.0
2024-10-28,80.4000015258789,80.4000015258789,76.0999984741211,77.94000244140625,23819510.0
2024-10-29,78.01000213623047,79.86000061035156,76.44999694824219,79.4800033569336,24154169.0
2024-10-30,79.5,81.5199966430664,78.69000244140625,80.7699966430664,20826727.0
2024-10-31,80.83999633789062,80.94000244140625,78.8499984741211,79.31999969482422,16681311.0
2024-11-01,79.56999969482422,80.4800033569336,79.3499984741211,79.98999786376953,2173451.0
2024-11-04,80.0,80.13999938964844,76.62000274658203,77.94000244140625,15366033.0
2024-11-05,77.20999908447266,78.9000015258789,76.12000274658203,78.45999908447266,13676142.0
2024-11-06,79.0,81.91999816894531,78.93000030517578,81.62000274658203,22714681.0
2024-11-07,81.8499984741211,82.2699966430664,80.6500015258789,80.88999938964844,15655489.0
2024-11-08,80.45999908447266,81.79000091552734,79.69999694824219,80.29000091552734,9328340.0
2024-11-11,79.5,80.38999938964844,78.7300033569336,79.48999786376953,7182092.0
2024-11-12,79.58999633789062,80.22000122070312,77.75,78.22000122070312,6872819.0
2024-11-13,77.93000030517578,78.37000274658203,75.41000366210938,76.01000213623047,9038751.0
2024-11-14,76.12000274658203,77.44999694824219,75.7300033569336,76.80999755859375,12842078.0
2024-11-18,77.0,78.98999786376953,75.94999694824219,78.01000213623047,17220570.0
2024-11-19,80.5,82.4000015258789,79.1500015258789,80.52999877929688,43057112.0
2024-11-21,80.37000274658203,80.37000274658203,74.12000274658203,76.8499984741211,72676903.0
2024-11-22,77.98999786376953,79.63999938964844,76.8499984741211,79.16000366210938,14612979.0
2024-11-25,82.3499984741211,82.3499984741211,79.7300033569336,80.05000305175781,31694346.0
2024-11-26,80.0,81.0999984741211,79.33000183105469,80.19000244140625,9168793.0
2024-11-27,80.6500015258789,82.04000091552734,79.93000030517578,81.80999755859375,12574153.0
2024-11-28,82.05000305175781,82.94000244140625,81.52999877929688,82.48999786376953,35219816.0
2024-11-29,82.62000274658203,83.91000366210938,82.16000366210938,83.20999908447266,22669084.0
2024-12-02,83.19999694824219,83.6500015258789,82.29000091552734,83.33999633789062,14744874.0
2024-12-03,83.5,84.18000030517578,83.30000305175781,83.61000061035156,17166826.0
2024-12-04,83.70999908447266,84.23999786376953,83.1500015258789,83.88999938964844,10260533.0
2024-12-05,83.87000274658203,84.41999816894531,83.05999755859375,84.02999877929688,6818799.0
2024-12-06,84.3499984741211,85.27999877929688,84.08000183105469,84.5,7902560.0
2024-12-09,84.5,87.19000244140625,84.36000061035156,86.19999694824219,19140139.0
2024-12-10,86.19999694824219,86.4000015258789,84.51000213623047,85.12999725341797,7434198.0
2024-12-11,84.75,85.83999633789062,84.75,85.44000244140625,5476910.0
2024-12-12,85.69999694824219,85.69999694824219,84.19999694824219,84.55999755859375,7381845.0
2024-12-13,83.80999755859375,84.47000122070312,81.91999816894531,83.94999694824219,7881359.0
2024-12-16,84.05000305175781,84.44000244140625,83.6500015258789,83.9000015258789,4526525.0
2024-12-17,85.4000015258789,85.76000213623047,83.0,83.44000244140625,13065340.0
2024-12-18,83.0,83.16000366210938,81.58000183105469,82.1500015258789,7559892.0
2024-12-19,80.19999694824219,81.48999786376953,80.19999694824219,80.62999725341797,4878495.0
2024-12-20,81.5999984741211,81.5999984741211,78.0,78.81999969482422,10082347.0
2024-12-23,79.18000030517578,80.63999938964844,78.55000305175781,79.30000305175781,19622227.0
2024-12-24,79.48999786376953,80.4800033569336,78.66000366210938,79.1500015258789,6303126.0
2024-12-26,79.1500015258789,79.75,78.55999755859375,79.04000091552734,10679581.0
2024-12-27,79.80000305175781,80.13999938964844,78.91999816894531,79.05000305175781,10133639.0
2024-12-30,79.23999786376953,79.75,76.70999908447266,77.31999969482422,16632173.0
2024-12-31,77.05000305175781,78.80999755859375,76.95999908447266,78.55999755859375,14038476.0
2025-01-01,78.98999786376953,79.05000305175781,77.80000305175781,78.58999633789062,3400151.0
2025-01-02,78.73999786376953,79.05000305175781,78.02999877929688,78.69000244140625,4945975.0
2025-01-03,78.41000366210938,79.91999816894531,78.26000213623047,78.68000030517578,6224506.0
2025-01-06,78.98999786376953,78.98999786376953,75.93000030517578,76.41999816894531,19299307.0
2025-01-07,76.30000305175781,77.56999969482422,76.11000061035156,76.63999938964844,6456372.0
2025-01-08,76.48999786376953,77.22000122070312,75.0,76.80999755859375,9678431.0
2025-01-09,77.36000061035156,77.36000061035156,75.86000061035156,76.08000183105469,5515487.0
2025-01-10,76.08999633789062,76.30000305175781,74.0,74.52999877929688,11314699.0
2025-01-13,73.0,73.9800033569336,69.2699966430664,69.69999694824219,18419378.0
2025-01-14,70.98999786376953,73.12999725341797,70.33999633789062,72.19999694824219,23038361.0
2025-01-15,72.5,74.69000244140625,72.5,74.31999969482422,9958755.0
2025-01-16,74.91000366210938,75.6500015258789,74.48999786376953,74.68000030517578,13439651.0
2025-01-17,74.68000030517578,76.48999786376953,74.13999938964844,76.06999969482422,8571378.0
2025-01-20,75.88999938964844,77.3499984741211,75.62000274658203,76.7699966430664,8011477.0
2025-01-21,77.01000213623047,77.30000305175781,74.11000061035156,74.36000061035156,10210742.0
2025-01-22,74.56999969482422,74.69999694824219,70.8499984741211,72.9800033569336,14826279.0
2025-01-23,73.19999694824219,73.73999786376953,72.33000183105469,73.5,6441341.0
2025-01-24,73.5,74.01000213623047,71.0999984741211,71.48999786376953,10814737.0
2025-01-27,70.88999938964844,71.02999877929688,69.66000366210938,70.51000213623047,12784262.0
2025-01-28,70.80999755859375,72.0,68.9000015258789,71.05999755859375,13779506.0
2025-01-29,73.0,73.70999908447266,70.76000213623047,71.26000213623047,25973856.0
2025-01-30,72.19000244140625,72.48999786376953,70.76000213623047,71.19999694824219,19604319.0
2025-01-31,71.30000305175781,73.08000183105469,70.7300033569336,72.66999816894531,14887641.0
2025-02-01,72.98999786376953,75.05000305175781,72.12999725341797,73.77999877929688,20661157.0
2025-02-03,73.44999694824219,73.87999725341797,71.63999938964844,73.4800033569336,12042878.0
2025-02-04,73.9000015258789,75.19000244140625,72.75,74.54000091552734,11094557.0
2025-02-05,74.87000274658203,76.5999984741211,74.79000091552734,75.44999694824219,11174536.0
2025-02-06,75.6500015258789,76.05000305175781,74.0,74.68000030517578,12500383.0
2025-02-07,75.25,75.31999969482422,73.25,74.52999877929688,8991765.0
2025-02-10,74.48999786376953,74.88999938964844,72.8499984741211,73.66999816894531,6258171.0
2025-02-11,73.3499984741211,73.61000061035156,71.26000213623047,71.91000366210938,11227846.0
2025-02-12,71.62999725341797,72.4800033569336,69.4000015258789,72.05999755859375,12117986.0
2025-02-13,72.79000091552734,73.79000091552734,72.25,72.61000061035156,6707272.0
2025-02-14,72.6500015258789,73.0,68.70999908447266,70.4800033569336,17831038.0
2025-02-17,70.05000305175781,70.66999816894531,68.33999633789062,70.26000213623047,24818366.0
2025-02-18,71.25,71.9000015258789,68.66999816894531,70.79000091552734,14300469.0
2025-02-19,70.77999877929688,71.43000030517578,69.44999694824219,70.2699966430664,20210142.0
2025-02-20,70.30000305175781,71.70999908447266,69.41000366210938,71.33000183105469,13866438.0
2025-02-21,70.55000305175781,71.91999816894531,69.44000244140625,69.93000030517578,7232594.0
2025-02-24,69.0999984741211,70.08000183105469,67.80999755859375,69.62999725341797,11087449.0
2025-02-25,69.5999984741211,70.30000305175781,69.3499984741211,69.7699966430664,3943887.0
2025-02-27,69.94999694824219,70.33999633789062,69.0,69.29000091552734,9102396.0
2025-02-28,68.94999694824219,69.75,67.75,69.47000122070312,22302860.0
2025-03-03,70.30000305175781,70.30000305175781,68.3499984741211,69.81999969482422,9150104.0
2025-03-04,69.5,71.5999984741211,69.0,71.19999694824219,8454397.0
2025-03-05,70.52999877929688,74.4000015258789,70.52999877929688,74.1500015258789,11847842.0
2025-03-06,74.30999755859375,74.87000274658203,73.47000122070312,73.70999908447266,6972387.0
2025-03-07,73.05999755859375,74.5199966430664,72.25,72.81999969482422,7258727.0
2025-03-10,72.9000015258789,74.18000030517578,71.3499984741211,71.79000091552734,5552361.0
2025-03-11,71.3499984741211,74.69999694824219,70.54000091552734,74.11000061035156,11741836.0
2025-03-12,74.1500015258789,74.63999938964844,72.56999969482422,73.62000274658203,5529681.0
2025-03-13,73.98999786376953,74.69000244140625,73.0,74.33000183105469,8234957.0
2025-03-17,74.80000305175781,75.19000244140625,73.80000305175781,74.16999816894531,8310284.0
2025-03-18,74.16999816894531,74.16999816894531,74.16999816894531,74.16999816894531,0.0
2025-03-19,75.5,76.9800033569336,74.79000091552734,76.68000030517578,6798346.0
2025-03-20,77.0,77.48999786376953,75.91000366210938,76.6500015258789,9665287.0
2025-03-21,76.69999694824219,77.75,76.3499984741211,77.36000061035156,9877735.0
2025-03-24,78.0,78.75,77.55999755859375,77.91999816894531,7652689.0
2025-03-25,78.5999984741211,78.5999984741211,75.38999938964844,75.68000030517578,5077844.0
2025-03-26,75.69000244140625,77.25,75.4000015258789,76.23999786376953,20718143.0
2025-03-27,75.9000015258789,76.73999786376953,74.95999908447266,75.94000244140625,27995886.0
2025-03-28,76.4000015258789,77.44999694824219,75.3499984741211,75.7300033569336,29733998.0
2025-04-01,76.80000305175781,78.13999938964844,75.9000015258789,77.36000061035156,14007197.0
2025-04-02,77.48999786376953,79.0999984741211,75.83000183105469,78.83999633789062,14793006.0
2025-04-03,78.26000213623047,83.19999694824219,78.11000061035156,82.69999694824219,24331046.0
2025-04-04,83.1500015258789,84.08000183105469,80.30999755859375,80.73999786376953,29180057.0
2025-04-07,77.0,83.0,76.66000366210938,82.22000122070312,57951987.0
2025-04-08,83.91999816894531,85.8499984741211,81.87000274658203,85.37999725341797,23365934.0
2025-04-09,85.6500015258789,86.55000305175781,84.5,85.8499984741211,14444164.0
2025-04-11,86.0999984741211,87.13999938964844,85.06999969482422,85.72000122070312,31659595.0
2025-04-15,87.0,87.06999969482422,85.70999908447266,86.02999877929688,28056085.0
2025-04-16,86.0,86.55000305175781,84.80000305175781,85.63999938964844,7446581.0
2025-04-17,85.5,87.5,85.48999786376953,86.52999877929688,8528599.0
2025-04-21,87.19999694824219,87.4000015258789,86.02999877929688,86.75,9542428.0
2025-04-22,86.9800033569336,87.94999694824219,86.19999694824219,86.6500015258789,12081653.0
2025-04-23,87.0,87.9000015258789,85.70999908447266,87.56999969482422,7867039.0
2025-04-24,87.75,89.5,87.30000305175781,89.0,16901230.0
2025-04-25,89.72000122070312,90.19000244140624,83.86000061035156,85.5,18253042.0
2025-04-28,85.0,88.97000122070312,84.86000061035156,88.16999816894531,15728517.0
2025-04-29,88.16999816894531,90.08000183105467,88.05999755859375,89.4000015258789,40899069.0
2025-04-30,89.19999694824219,89.7699966430664,86.63999938964844,87.19000244140625,21631744.0
2025-05-02,87.1500015258789,88.87999725341797,87.0199966430664,87.44000244140625,5356199.0
2025-05-05,87.38999938964844,88.68000030517578,87.2699966430664,88.08999633789062,5839967.0
2025-05-06,88.08000183105469,88.36000061035156,85.95999908447266,86.41999816894531,5035966.0
2025-05-07,84.5,87.56999969482422,84.5,87.0199966430664,7743072.0
2025-05-08,87.0199966430664,87.55000305175781,84.05000305175781,84.81999969482422,6727434.0
2025-05-09,82.19999694824219,84.5,80.5,84.19999694824219,9617387.0
2025-05-12,88.0,89.05999755859375,87.05999755859375,88.05999755859375,19514300.0
2025-05-13,88.05999755859375,88.38999938964844,86.93000030517578,87.19000244140625,5097283.0
2025-05-14,87.69000244140625,88.29000091552734,87.1500015258789,87.61000061035156,4455214.0
2025-05-15,88.25,89.81999969482422,87.77999877929688,89.13999938964844,10063479.0
2025-05-16,90.0999984741211,91.75,88.51000213623047,91.06999969482422,17512752.0
2025-05-19,91.6500015258789,91.72000122070312,87.19999694824219,87.43000030517578,13853534.0
2025-05-20,87.9800033569336,88.12000274658203,85.6500015258789,85.80999755859375,7335499.0
2025-05-21,84.69999694824219,87.75,84.69999694824219,87.62999725341797,8434940.0
2025-05-22,87.55000305175781,89.30999755859375,87.05000305175781,88.94999694824219,11246188.0
2025-05-23,89.69999694824219,89.69999694824219,86.5999984741211,86.86000061035156,14874983.0
2025-05-26,87.4000015258789,87.4000015258789,85.80999755859375,86.51000213623047,7586067.0
2025-05-27,86.4000015258789,87.2699966430664,86.06999969482422,86.79000091552734,9011624.0
2025-05-28,87.0,87.0999984741211,86.12000274658203,86.27999877929688,4888292.0
2025-05-29,86.51000213623047,86.69000244140625,85.62999725341797,86.4800033569336,5258085.0
2025-05-30,86.75,86.75,83.4000015258789,84.08000183105469,22217071.0
2025-06-02,84.05000305175781,85.8499984741211,83.66000366210938,85.54000091552734,7079328.0
2025-06-03,85.75,86.0199966430664,84.76000213623047,85.33999633789062,7063568.0
2025-06-04,85.33999633789062,85.5999984741211,83.9000015258789,83.98999786376953,9835009.0
2025-06-05,84.36000061035156,85.5,83.98999786376953,84.91000366210938,7124566.0
2025-06-06,85.0,86.54000091552734,84.73999786376953,86.26000213623047,7098507.0
2025-06-09,86.69000244140625,87.16999816894531,86.01000213623047,86.37000274658203,6525950.0
2025-06-10,86.3499984741211,86.43000030517578,84.94999694824219,85.08000183105469,8154804.0
2025-06-11,85.05000305175781,85.94000244140625,84.1500015258789,84.44999694824219,4614887.0
2025-06-12,84.5,85.19999694824219,81.33000183105469,81.91000366210938,8031240.0
2025-06-13,80.4000015258789,81.6500015258789,79.91999816894531,80.9000015258789,20850809.0
2025-06-16,81.80000305175781,83.86000061035156,80.9000015258789,83.56999969482422,11215638.0
2025-06-17,83.58999633789062,84.19000244140625,82.41000366210938,82.76000213623047,6610310.0
2025-06-18,83.2300033569336,83.55000305175781,82.52999877929688,82.75,6693801.0
2025-06-19,82.80000305175781,83.05000305175781,80.25,80.55000305175781,12955527.0
2025-06-20,80.55000305175781,81.69999694824219,80.37999725341797,80.97000122070312,71820397.0
2025-06-23,80.87999725341797,82.0,80.37999725341797,81.38999938964844,7720298.0
2025-06-24,82.0,83.80000305175781,81.80999755859375,83.19999694824219,11982995.0
2025-06-25,83.80000305175781,83.80000305175781,82.95999908447266,83.58000183105469,13168294.0
2025-06-26,83.80000305175781,85.0,83.44000244140625,84.87000274658203,14072936.0
2025-06-27,85.0999984741211,85.63999938964844,83.29000091552734,84.76000213623047,11946465.0
2025-06-30,85.04000091552734,85.38999938964844,84.36000061035156,85.19000244140625,8827649.0
2025-07-01,85.30999755859375,86.5,85.01000213623047,86.01000213623047,14033352.0
2025-07-02,86.38999938964844,88.80000305175781,86.20999908447266,88.4000015258789,26797812.0
2025-07-03,90.0,90.27999877929688,88.01000213623047,88.47000122070312,22497196.0
2025-07-04,88.55999755859375,90.05999755859375,88.36000061035156,89.91000366210938,17133306.0
2025-07-07,90.0,90.5999984741211,89.33999633789062,90.06999969482422,8695402.0
2025-07-08,90.06999969482422,91.5500030517578,89.93000030517578,91.23999786376952,16788875.0
2025-07-09,91.5,93.95999908447266,91.44000244140624,92.8000030517578,23779994.0
2025-07-10,92.9000015258789,93.19000244140624,91.6500015258789,92.3000030517578,7332739.0
2025-07-11,92.0,92.4499969482422,90.25,90.61000061035156,6945089.0
2025-07-14,90.3000030517578,92.38999938964844,89.6500015258789,91.66000366210938,9763399.0
2025-07-15,91.93000030517578,92.23999786376952,90.75,91.87999725341795,11959963.0
2025-07-16,91.87999725341795,94.0,91.5500030517578,93.88999938964844,12770323.0
2025-07-17,94.4000015258789,95.36000061035156,94.0,94.68000030517578,16447532.0
2025-07-18,95.0999984741211,97.0,93.95999908447266,94.31999969482422,18646049.0
2025-07-21,94.5,94.52999877929688,93.16000366210938,93.44000244140624,4922563.0
2025-07-22,93.8000030517578,93.83000183105467,91.75,91.91999816894533,7543460.0
2025-07-23,92.05999755859376,92.25,90.5999984741211,91.37999725341795,9993200.0
2025-07-24,91.3000030517578,92.33999633789062,91.13999938964844,91.83000183105467,6559443.0
2025-07-25,91.13999938964844,91.8000030517578,89.62000274658203,89.93000030517578,4900239.0
2025-07-28,89.5,91.56999969482422,89.04000091552734,89.6500015258789,9324951.0
2025-07-29,89.69999694824219,90.70999908447266,89.05000305175781,90.22000122070312,7188716.0
2025-07-30,91.88999938964844,92.43000030517578,89.43000030517578,89.83999633789062,9985594.0
2025-07-31,88.30000305175781,90.95999908447266,88.30000305175781,90.05999755859375,10254931.0
2025-08-01,90.05999755859375,91.20999908447266,89.01000213623047,89.41999816894531,12775865.0
2025-08-04,89.41999816894531,91.66000366210938,88.68000030517578,91.47000122070312,16647076.0
2025-08-05,91.5500030517578,93.0,91.1999969482422,92.80999755859376,13454598.0
2025-08-06,93.4000015258789,93.4000015258789,90.73999786376952,91.38999938964844,13230869.0
2025-08-07,90.8000030517578,91.16000366210938,89.0,90.62999725341795,11333128.0
2025-08-08,90.5999984741211,91.08999633789062,89.0,89.19000244140625,5554641.0
2025-08-11,89.19999694824219,89.94999694824219,88.47000122070312,89.31999969482422,3493527.0
2025-08-12,89.0999984741211,89.43000030517578,87.56999969482422,88.26000213623047,5637915.0
2025-08-13,88.37999725341797,89.31999969482422,87.91999816894531,88.6500015258789,13947975.0
2025-08-14,88.73999786376953,90.9000015258789,88.73999786376953,90.7699966430664,7283392.0
2025-08-18,91.0199966430664,91.41999816894533,89.5,90.1999969482422,5097534.0
2025-08-19,91.29000091552734,91.29000091552734,90.06999969482422,90.44000244140624,5846344.0
2025-08-20,90.4000015258789,91.69000244140624,89.9800033569336,91.01000213623048,6498605.0
2025-08-21,91.0999984741211,91.30999755859376,88.8499984741211,88.95999908447266,5796455.0
2025-08-22,90.0,90.11000061035156,89.12999725341797,89.55000305175781,7729819.0
2025-08-25,89.55000305175781,90.23999786376952,88.6500015258789,88.83999633789062,7007338.0
2025-08-26,88.19999694824219,89.0999984741211,87.30000305175781,88.69999694824219,9583336.0
2025-08-28,88.48999786376953,88.5999984741211,86.19999694824219,86.43000030517578,10380000.0
2025-08-29,86.0,87.33000183105469,85.69999694824219,86.06999969482422,10303831.0
2025-09-01,86.13999938964844,87.41999816894531,86.06999969482422,87.02999877929688,9371787.0
2025-09-02,87.38999938964844,88.05999755859375,86.80999755859375,87.04000091552734,4217959.0
2025-09-03,86.98999786376953,87.5,86.68000030517578,87.37000274658203,3802856.0
2025-09-04,87.4000015258789,88.75,86.44999694824219,86.55000305175781,4469534.0
2025-09-05,86.0999984741211,87.12000274658203,84.93000030517578,85.94999694824219,6483794.0
2025-09-08,86.13999938964844,86.8499984741211,85.80999755859375,86.27999877929688,5384432.0
2025-09-09,86.36000061035156,88.55000305175781,86.3499984741211,86.81999969482422,14512873.0
2025-09-10,87.31999969482422,87.68000030517578,86.88999938964844,87.12999725341797,5854988.0
2025-09-11,87.48999786376953,88.62999725341797,86.86000061035156,87.25,97395891.0
2025-09-12,88.4000015258789,89.06999969482422,87.20999908447266,88.12999725341797,81124952.0
2025-09-15,88.41000366210938,89.79000091552734,87.98999786376953,89.16999816894531,15155024.0
2025-09-16,89.48999786376953,93.41000366210938,89.26000213623047,92.83999633789062,32438451.0
2025-09-17,93.0,93.48999786376952,91.52999877929688,91.87999725341795,9066947.0
2025-09-18,92.08999633789062,92.48999786376952,91.0,91.7699966430664,4742266.0
2025-09-19,91.76000213623048,93.77999877929688,91.75,92.52999877929688,18989198.0
2025-09-22,92.52999877929688,92.83999633789062,90.72000122070312,91.16999816894533,4486135.0
2025-09-23,90.83999633789062,91.38999938964844,89.93000030517578,90.52999877929688,5911961.0
2025-09-24,90.48999786376952,90.8499984741211,88.9000015258789,89.05000305175781,4269311.0
2025-09-25,89.48999786376953,90.23999786376952,88.91999816894531,89.12000274658203,7859387.0
2025-09-26,88.69999694824219,89.29000091552734,86.94000244140625,87.27999877929688,7715812.0
2025-09-29,87.22000122070312,87.6500015258789,86.0199966430664,86.9000015258789,8378717.0
2025-09-30,86.91999816894531,87.94999694824219,86.08000183105469,87.19999694824219,13143816.0
2025-10-01,87.19999694824219,89.94999694824219,87.19999694824219,89.33999633789062,5199508.0
2025-10-03,89.4000015258789,90.2699966430664,89.05000305175781,89.27999877929688,6940845.0
2025-10-06,89.18000030517578,89.47000122070312,87.5,88.69999694824219,7601497.0
2025-10-07,88.7699966430664,89.1500015258789,88.20999908447266,88.38999938964844,3176718.0
2025-10-08,88.37999725341797,88.44999694824219,86.94999694824219,87.58999633789062,6861831.0
2025-10-09,87.1500015258789,91.0999984741211,87.06999969482422,90.70999908447266,12062943.0
2025-10-10,90.70999908447266,91.16000366210938,89.8499984741211,90.3499984741211,4874972.0
2025-10-13,89.9000015258789,90.48999786376952,88.58000183105469,89.8499984741211,4918636.0
2025-10-14,90.5,90.87999725341795,88.30000305175781,88.83999633789062,3991563.0
2025-10-15,89.0999984741211,90.54000091552734,88.5,90.16000366210938,4646050.0
2025-10-16,89.95999908447266,91.1500015258789,89.79000091552734,90.87000274658205,6688742.0
2025-10-17,90.80999755859376,90.81999969482422,89.5999984741211,90.1500015258789,5675574.0
2025-10-20,90.0999984741211,92.13999938964844,89.97000122070312,91.95999908447266,8623578.0
2025-10-21,92.5,92.58000183105467,91.5999984741211,92.01000213623048,1659032.0
2025-10-23,91.3000030517578,93.3499984741211,91.3000030517578,92.30999755859376,22751127.0
2025-10-24,92.3499984741211,94.68000030517578,92.19000244140624,93.1999969482422,27201354.0
2025-10-27,94.0,94.0,91.87000274658205,92.33999633789062,9440624.0
2025-10-28,92.33999633789062,93.58999633789062,92.18000030517578,92.69000244140624,11137106.0
2025-10-29,92.6500015258789,93.58000183105467,91.7300033569336,92.97000122070312,15092548.0
2025-10-30,93.20999908447266,95.5,93.1999969482422,94.47000122070312,26516655.0
2025-10-31,95.1999969482422,95.94000244140624,93.6999969482422,93.97000122070312,12371529.0
2025-11-03,93.97000122070312,94.0999984741211,93.02999877929688,93.5,3907119.0
2025-11-04,94.01000213623048,96.22000122070312,94.0,95.16000366210938,16023424.0
2025-11-06,94.0999984741211,96.43000030517578,94.0999984741211,94.4499969482422,11103563.0
2025-11-07,94.3000030517578,96.3000030517578,94.0,95.66000366210938,17206733.0
2025-11-10,95.11000061035156,96.72000122070312,95.11000061035156,95.6500015258789,10726731.0
2025-11-11,95.5,95.8000030517578,94.4499969482422,95.48999786376952,6227895.0
2025-11-12,95.98999786376952,96.2699966430664,94.63999938964844,95.5,10526450.0
2025-11-13,95.25,96.1999969482422,95.08999633789062,95.48999786376952,10602571.0
2025-11-14,97.6500015258789,99.19000244140624,94.6500015258789,95.66999816894533,28366853.0
2025-11-17,97.45999908447266,98.08000183105467,96.41999816894533,97.68000030517578,16152779.0
2025-11-18,97.66000366210938,104.8499984741211,97.5,103.72000122070312,103946808.0
2025-11-19,104.1999969482422,104.6999969482422,102.5199966430664,102.91999816894533,24782245.0
2025-11-20,102.91999816894533,104.44000244140624,102.5999984741211,103.2699966430664,22471259.0
2025-11-21,103.25,105.48999786376952,102.5500030517578,104.0500030517578,36366106.0
2025-11-24,104.68000030517578,104.6999969482422,102.88999938964844,103.76000213623048,30916627.0
2025-11-25,103.48999786376952,105.98999786376952,103.31999969482422,104.20999908447266,27430965.0
2025-11-26,104.9800033569336,107.06999969482422,104.61000061035156,106.76000213623048,27688034.0
2025-11-27,107.1999969482422,107.20999908447266,106.2300033569336,106.69000244140624,13820784.0
2025-11-28,106.1999969482422,109.06999969482422,106.0,108.3499984741211,25821928.0
2025-12-01,108.9000015258789,109.5999984741211,106.83000183105467,107.63999938964844,40681263.0
2025-12-02,107.1999969482422,110.36000061035156,106.43000030517578,106.62999725341795,57495746.0
2025-12-03,107.38999938964844,107.91000366210938,104.9000015258789,105.3499984741211,36117634.0
2025-12-04,105.0,105.83999633789062,102.83999633789062,103.05999755859376,23135574.0
2025-12-05,102.55999755859376,103.97000122070312,101.0,103.51000213623048,30961152.0
2025-12-08,103.51000213623048,103.73999786376952,97.93000030517578,98.70999908447266,15105989.0
2025-12-09,98.0,100.98999786376952,98.0,100.41000366210938,22493544.0
2025-12-10,100.8499984741211,100.8499984741211,97.9000015258789,98.54000091552734,8694060.0
2025-12-11,98.54000091552734,98.66000366210938,96.9499969482422,98.16000366210938,8604476.0
2025-12-12,98.9000015258789,104.73999786376952,98.2300033569336,104.33999633789062,71679432.0
2025-12-15,103.9499969482422,106.9000015258789,103.23999786376952,104.87999725341795,42888244.0
2025-12-16,104.9000015258789,105.98999786376952,102.6500015258789,103.5199966430664,13369715.0
2025-12-17,103.1999969482422,104.0,100.4000015258789,100.9499969482422,11526107.0
2025-12-18,100.98999786376952,101.0500030517578,99.26000213623048,100.58999633789062,7539349.0
2025-12-19,100.63999938964844,102.19000244140624,100.4800033569336,101.52999877929688,32492470.0
2025-12-22,102.0500030517578,103.33999633789062,101.5999984741211,102.16999816894533,9042603.0
2025-12-23,102.4499969482422,105.2699966430664,101.20999908447266,104.88999938964844,15810413.0
2025-12-24,105.22000122070312,105.69000244140624,102.95999908447266,103.08000183105467,12397732.0
2025-12-26,103.0999984741211,104.25,102.12000274658205,102.4499969482422,7845932.0
2025-12-29,102.4499969482422,102.9000015258789,100.91000366210938,101.95999908447266,13106422.0
2025-12-30,101.86000061035156,103.66000366210938,101.08000183105467,102.86000061035156,52546038.0
2025-12-31,103.0999984741211,105.0500030517578,102.5999984741211,104.37000274658205,13535325.0
2026-01-01,104.37999725341795,105.77999877929688,103.77999877929688,105.5,8598840.0
2026-01-02,105.6999969482422,106.1999969482422,105.1999969482422,105.7699966430664,7760926.0
2026-01-05,106.0,108.0199966430664,104.6999969482422,105.73999786376952,11284687.0
2026-01-06,105.73999786376952,105.7699966430664,103.37000274658205,104.5199966430664,5695438.0
2026-01-07,103.5,105.3000030517578,103.37999725341795,104.51000213623048,11690565.0
2026-01-08,104.11000061035156,104.98999786376952,102.1500015258789,102.51000213623048,5256346.0
2026-01-09,102.02999877929688,103.08000183105467,99.62000274658205,99.88999938964844,8529385.0
2026-01-12,99.5,100.62000274658205,97.72000122070312,99.87999725341795,13213014.0
2026-01-13,99.8000030517578,100.5,98.5500030517578,99.2699966430664,6978211.0
2026-01-14,98.54000091552734,100.12999725341795,98.16000366210938,99.6999969482422,19678439.0
2026-01-15,99.6999969482422,99.6999969482422,99.6999969482422,99.6999969482422,0.0
2026-01-16,99.98999786376952,102.47000122070312,99.69000244140624,99.9000015258789,15001263.0
2026-01-19,99.9000015258789,101.1999969482422,99.20999908447266,100.2300033569336,5955988.0
2026-01-20,100.8000030517578,100.8000030517578,95.41999816894533,95.93000030517578,10626100.0
2026-01-21,96.22000122070312,96.3499984741211,93.36000061035156,93.83999633789062,13017979.0
2026-01-22,94.98999786376952,96.44000244140624,94.5999984741211,95.0999984741211,4884886.0
2026-01-23,95.2300033569336,95.38999938964844,90.9800033569336,91.20999908447266,9986400.0
2026-01-27,91.30999755859376,93.11000061035156,89.3499984741211,92.63999938964844,40547468.0
2026-01-28,93.0999984741211,94.25,92.08000183105467,93.91000366210938,20849768.0
2026-01-29,93.91000366210938,94.48999786376952,92.91000366210938,94.18000030517578,8994967.0
2026-01-30,92.9000015258789,94.4000015258789,92.9000015258789,93.88999938964844,20963609.0
2026-02-02,89.87000274658203,94.30999755859376,89.12000274658203,94.01000213623048,26494437.0
2026-02-03,96.01000213623048,97.58000183105467,94.33999633789062,95.22000122070312,15238593.0
2026-02-04,95.1999969482422,98.83000183105467,94.70999908447266,98.08000183105467,20822852.0
2026-02-05,98.56999969482422,98.56999969482422,96.80999755859376,97.43000030517578,8004097.0
2026-02-06,97.0,97.72000122070312,95.91000366210938,97.51000213623048,10911384.0
2026-02-09,98.26000213623048,98.62000274658205,97.48999786376952,97.9800033569336,21209846.0
2026-02-10,98.1500015258789,98.56999969482422,96.91999816894533,97.80999755859376,7299407.0
2026-02-11,97.94000244140624,97.95999908447266,96.1500015258789,96.80999755859376,4881186.0
2026-02-12,96.80999755859376,97.33000183105467,95.8000030517578,96.33000183105467,5746310.0
2026-02-13,95.5999984741211,96.0,93.52999877929688,94.02999877929688,7836032.0
2026-02-16,95.1500015258789,101.4000015258789,95.1500015258789,100.5199966430664,50976360.0
2026-02-17,99.87000274658205,102.5500030517578,99.12000274658205,99.8000030517578,25514687.0
2026-02-18,99.8000030517578,101.63999938964844,99.12000274658205,100.36000061035156,12811121.0
2026-02-19,100.6999969482422,100.98999786376952,98.8000030517578,99.05999755859376,10000773.0
2026-02-20,99.01000213623048,100.38999938964844,98.68000030517578,99.75,6998470.0
2026-02-23,100.88999938964844,101.5,99.93000030517578,100.83999633789062,7231415.0
2026-02-24,100.5,102.5,99.6500015258789,101.6999969482422,7047232.0
2026-02-25,102.77999877929688,103.02999877929688,101.5,102.2699966430664,10916245.0
2026-02-26,101.80999755859376,103.0,101.51000213623048,102.26000213623048,4703063.0
2026-02-27,101.76000213623048,102.29000091552734,99.56999969482422,100.62999725341795,19213349.0
2026-03-02,96.0999984741211,99.08000183105467,95.0500030517578,96.48999786376952,11996476.0
2026-03-04,93.97000122070312,96.0999984741211,92.5,95.1999969482422,13937168.0
2026-03-05,95.5,98.79000091552734,95.5,97.9800033569336,22736777.0
2026-03-06,97.41000366210938,99.5,94.83999633789062,95.05999755859376,18335854.0
2026-03-09,93.19000244140624,93.30999755859376,90.63999938964844,92.06999969482422,13164377.0
2026-03-10,94.0,97.0,93.1999969482422,95.52999877929688,14065830.0
2026-03-11,95.52999877929688,97.1500015258789,93.55999755859376,93.79000091552734,4362786.0
2026-03-12,93.01000213623048,95.08000183105467,92.08000183105467,93.29000091552734,17490118.0
2026-03-13,93.0,93.01000213623048,88.8499984741211,89.26000213623047,10707023.0
2026-03-16,90.0,92.0500030517578,88.7699966430664,90.5,15405960.0
2026-03-17,90.9000015258789,91.0999984741211,89.66000366210938,90.3000030517578,6931780.0
2026-03-18,90.5,92.62999725341795,89.7699966430664,92.0199966430664,9315459.0
2026-03-19,90.75,91.0999984741211,87.33000183105469,88.44999694824219,12568247.0
2026-03-20,89.0,92.9499969482422,89.0,90.55999755859376,24147369.0
2026-03-23,90.1500015258789,90.1500015258789,84.48999786376953,84.7699966430664,10647285.0
2026-03-24,88.0,90.33999633789062,86.94999694824219,89.0199966430664,15094837.0
2026-03-25,89.5,91.52999877929688,89.30999755859375,90.05999755859375,20843793.0
2026-03-27,90.12000274658205,90.19000244140624,87.58999633789062,89.08999633789062,9727084.0
2026-03-30,87.0,87.98999786376953,84.11000061035156,84.75,64917485.0
2026-04-01,86.86000061035156,90.8499984741211,85.8499984741211,89.29000091552734,18020403.0
2026-04-02,88.36000061035156,89.16999816894531,85.70999908447266,88.87000274658203,8419680.0
2026-04-06,89.0,91.47000122070312,87.4000015258789,91.1999969482422,14013744.0
2026-04-07,90.6999969482422,91.33999633789062,89.05000305175781,90.93000030517578,12369685.0
2026-04-08,94.0500030517578,96.5,93.8499984741211,95.81999969482422,14529232.0
2026-04-09,95.80999755859376,95.81999969482422,93.91999816894533,94.52999877929688,11784121.0
2026-04-10,94.98999786376952,96.0,94.38999938964844,95.25,19062866.0
2026-04-13,92.1500015258789,95.33999633789062,91.5999984741211,94.91999816894533,15006282.0
2026-04-15,97.5999984741211,100.0,97.05999755859376,99.22000122070312,21552860.0
2026-04-16,99.3000030517578,99.7300033569336,96.4000015258789,96.75,11144653.0
2026-04-17,96.75,97.93000030517578,95.8000030517578,96.8499984741211,11386763.0
2026-04-20,97.30999755859376,98.75,95.80999755859376,97.4499969482422,10712271.0
2026-04-21,97.38999938964844,98.9499969482422,97.02999877929688,97.23999786376952,15749965.0
2026-04-22,97.0,98.05999755859376,96.94000244140624,97.38999938964844,11305254.0
2026-04-23,96.98999786376952,97.1999969482422,95.41000366210938,96.44000244140624,11238685.0
2026-04-24,95.83999633789062,96.55999755859376,93.98999786376952,94.48999786376952,11935153.0
2026-04-27,95.1999969482422,96.75,95.19000244140624,95.73999786376952,10479798.0
2026-04-28,95.62000274658205,98.26000213623048,95.5,97.86000061035156,16047591.0
2026-04-29,98.5,98.5,96.11000061035156,96.43000030517578,12312794.0
2026-04-30,96.1999969482422,96.83999633789062,94.0500030517578,96.43000030517578,9110130.0
2026-05-01,96.43000030517578,96.43000030517578,96.43000030517578,96.43000030517578,0.0
2026-05-04,96.4000015258789,100.41999816894533,96.22000122070312,98.9000015258789,20672000.0
2026-05-05,98.1999969482422,98.31999969482422,95.80999755859376,96.97000122070312,15164607.0
2026-05-06,97.8000030517578,99.75,95.9499969482422,99.2300033569336,15376427.0
2026-05-07,99.11000061035156,101.18000030517578,99.0999984741211,100.66000366210938,22959362.0
2026-05-08,100.66000366210938,101.79000091552734,100.0,101.31999969482422,19610249.0
2026-05-11,99.0,99.9800033569336,97.0199966430664,98.0999984741211,18005309.0
2026-05-12,97.58000183105467,98.3000030517578,94.36000061035156,94.69000244140624,16547639.0
2026-05-13,95.45999908447266,97.5,94.25,96.87000274658205,11641680.0
2026-05-14,97.5,97.5,94.8499984741211,96.79000091552734,7736117.0
2026-05-15,96.79000091552734,98.5,96.31999969482422,96.58999633789062,7829425.0
2026-05-18,95.98999786376952,96.18000030517578,92.3000030517578,95.04000091552734,13679973.0
2026-05-19,94.91000366210938,95.55999755859376,93.9000015258789,94.20999908447266,8224327.0
2026-05-20,93.22000122070312,95.3000030517578,93.1500015258789,94.5,48818204.0
2026-05-21,95.0,97.11000061035156,94.80999755859376,96.87000274658205,13703695.0
2026-05-22,97.5,97.5,95.5,95.8499984741211,9542349.0
2026-05-25,96.45999908447266,97.36000061035156,96.25,96.9000015258789,6664583.0
2026-05-26,97.1999969482422,97.1999969482422,95.77999877929688,96.2300033569336,9727707.0
2026-05-27,96.26000213623048,98.5999984741211,96.26000213623048,97.83999633789062,10776154.0
2026-05-28,97.83999633789062,97.83999633789062,97.83999633789062,97.83999633789062,0.0
2026-05-29,102.0,104.13999938964844,99.55999755859376,100.37000274658205,131030009.0
2026-06-01,101.0,102.2300033569336,96.6999969482422,97.05999755859376,16277504.0
2026-06-02,96.0,98.95999908447266,95.47000122070312,98.12999725341795,13932866.0
2026-06-03,99.0500030517578,101.0,97.2300033569336,98.77999877929688,19689823.0
2026-06-04,98.01000213623048,104.0,97.26000213623048,101.98999786376952,43377542.0
2026-06-05,102.9800033569336,103.9499969482422,101.55999755859376,102.02999877929688,21055639.0
2026-06-08,101.4499969482422,103.06999969482422,99.9000015258789,100.31999969482422,44277987.0
2026-06-09,100.94000244140624,103.2300033569336,100.77999877929688,102.61000061035156,19675384.0
2026-06-10,103.0,103.29000091552734,100.5999984741211,100.91999816894533,16309179.0
2026-06-11,100.25,101.20999908447266,99.0999984741211,100.0999984741211,20140330.0
2026-06-12,102.0999984741211,103.9000015258789,101.0999984741211,103.6500015258789,19549334.0
2026-06-15,107.0,107.9800033569336,105.68000030517578,106.66000366210938,23906470.0
2026-06-16,107.86000061035156,110.5,107.1500015258789,107.51000213623048,30369058.0
2026-06-17,107.95999908447266,109.55999755859376,107.16999816894533,109.31999969482422,13734304.0
2026-06-18,109.48999786376952,111.1500015258789,108.37000274658205,110.5500030517578,16084104.0
2026-06-19,110.31999969482422,110.31999969482422,108.20999908447266,108.83000183105467,23639680.0
2026-06-22,109.41999816894533,109.5999984741211,107.58000183105467,108.18000030517578,5834609.0
2026-06-23,108.0500030517578,110.0999984741211,107.01000213623048,107.37000274658205,9163127.0
2026-06-24,107.4000015258789,108.9800033569336,106.37000274658205,108.06999969482422,70499514.0
2026-06-25,108.5999984741211,109.8499984741211,108.1999969482422,108.44000244140624,22781637.0
2026-06-26,108.44000244140624,108.44000244140624,108.44000244140624,108.44000244140624,0.0
2026-06-29,108.44000244140624,111.58999633789062,108.44000244140624,109.41999816894533,70291664.0
2026-06-30,110.0,113.36000061035156,109.75,112.08999633789062,37519820.0
2026-07-01,112.73999786376952,114.6500015258789,112.3000030517578,113.52999877929688,20998345.0
2026-07-02,113.8000030517578,114.19000244140624,111.2300033569336,111.79000091552734,22065247.0
2026-07-03,112.0,113.87000274658205,110.4000015258789,112.8000030517578,33419995.0
2026-07-06,112.95999908447266,114.25,112.8000030517578,113.4499969482422,6823902.0
2026-07-07,113.47000122070312,115.63999938964844,113.45999908447266,114.9800033569336,23993812.0
2026-07-08,113.98999786376952,114.98999786376952,110.30999755859376,111.01000213623048,31233729.0
2026-07-09,111.01000213623048,113.1999969482422,111.01000213623048,111.83000183105467,19447181.0
2026-07-10,112.63999938964844,113.1999969482422,112.0,112.51000213623048,10389470.0
2026-07-13,112.0,114.98999786376952,111.5999984741211,114.68000030517578,14980179.0
2026-07-14,113.62999725341795,114.1500015258789,112.29000091552734,113.37999725341795,13560314.0
2026-07-15,113.5,114.5,111.37000274658205,111.81999969482422,17318514.0
2026-07-16,112.0500030517578,112.1500015258789,109.1999969482422,111.94000244140624,19306856.0
2026-07-17,111.98999786376952,112.0,110.22000122070312,110.54000091552734,16838250.0
2026-07-20,110.29000091552734,111.6999969482422,109.69000244140624,111.54000091552734,26130679.0
2026-07-21,112.0,112.4000015258789,110.52999877929688,111.4800033569336,17517437.0
2026-07-22,111.0,112.0199966430664,109.51000213623048,109.83000183105467,18683019.0
2026-07-23,109.0199966430664,109.9000015258789,107.0199966430664,107.37000274658205,21242997.0
2026-07-24,106.6999969482422,107.38999938964844,105.5500030517578,107.12000274658205,7913951.0
2026-07-27,107.8000030517578,108.6999969482422,107.0,108.0,10608220.0
2026-07-28,108.0,108.75,107.16999816894533,107.95999908447266,10535537.0
2026-07-29,108.0,108.4499969482422,106.36000061035156,107.0999984741211,10241822.0
2026-07-30,107.0,107.05999755859376,103.26000213623048,103.91000366210938,9216229.0
2026-07-31,104.0,106.01000213623048,103.86000061035156,105.26000213623048,13437582.0
2026-08-03,106.87000274658205,106.87000274658205,104.87999725341795,105.5500030517578,5825312.0
2026-08-04,105.5500030517578,106.88999938964844,105.02999877929688,106.55999755859376,6839743.0
2026-08-05,107.36000061035156,107.88999938964844,105.88999938964844,107.0,8452825.0
2026-08-06,106.98999786376952,106.98999786376952,105.4499969482422,106.58999633789062,5850034.0
2026-08-07,106.5,107.41999816894533,105.6999969482422,107.1999969482422,7114277.0
2026-08-10,107.62000274658205,107.62000274658205,105.7699966430664,106.3000030517578,4292976.0
2026-08-11,106.3000030517578,106.47000122070312,104.61000061035156,105.11000061035156,10991427.0
2026-08-12,105.11000061035156,106.29000091552734,102.1500015258789,104.5500030517578,18618816.0
2026-08-13,106.86000061035156,106.9000015258789,102.31999969482422,103.0,15866371.0
2026-08-14,103.06999969482422,103.47000122070312,101.51000213623048,101.51000213623048,8232504.0
2026-08-17,101.79000091552734,102.72000122070312,100.83999633789062,101.30999755859376,8980717.0
2026-08-18,102.0199966430664,102.55999755859376,101.0500030517578,101.38999938964844,6639327.0
2026-08-19,102.0,103.4499969482422,101.3000030517578,102.5,13282311.0
2026-08-20,103.0199966430664,103.37999725341795,100.41000366210938,100.41000366210938,7419821.0
2026-08-21,101.3000030517578,101.4000015258789,99.5,99.62999725341795,9125448.0
2026-08-24,100.11000061035156,100.62999725341795,98.0,98.81999969482422,12707720.0
2026-08-25,98.81999969482422,99.8499984741211,98.1500015258789,99.8499984741211,5880177.0
2026-08-26,100.44000244140624,100.66000366210938,98.3499984741211,98.8499984741211,11713751.0
2026-08-27,100.1500015258789,100.1999969482422,98.5199966430664,98.68000030517578,6542176.0
2026-08-28,99.3000030517578,99.3499984741211,98.11000061035156,98.30999755859376,23296240.0
2026-08-31,97.8499984741211,98.0,93.62999725341795,93.62999725341795,59724643.0
2026-09-01,95.5,96.3000030517578,93.08000183105467,94.12000274658205,19748938.0
2026-09-02,93.4000015258789,94.20999908447266,92.5999984741211,93.98999786376952,6108730.0
2026-09-03,95.0,96.87000274658205,94.30999755859376,96.87000274658205,11291487.0
2026-09-04,96.86000061035156,97.9800033569336,96.3000030517578,97.4499969482422,9286457.0
2026-09-07,98.0500030517578,98.4800033569336,95.6500015258789,95.94000244140624,5131436.0
2026-09-08,95.94000244140624,97.27999877929688,95.73999786376952,97.0,8949771.0
2026-09-09,97.0199966430664,98.7300033569336,96.26000213623048,98.6500015258789,11994804.0
2026-09-10,98.61000061035156,98.61000061035156,96.81999969482422,97.45999908447266,9680394.0
2026-09-11,96.79000091552734,97.9800033569336,95.27999877929688,97.9800033569336,7112955.0
2026-09-14,97.9800033569336,97.9800033569336,97.9800033569336,97.9800033569336,0.0
2026-09-15,98.0,98.27999877929688,92.91999816894533,92.97000122070312,10370386.0
2026-09-16,93.1500015258789,93.80999755859376,91.98999786376952,92.45999908447266,8814802.0
2026-09-17,92.45999908447266,95.72000122070312,92.45999908447266,95.04000091552734,11555139.0
2026-09-18,95.51000213623048,99.3000030517578,95.41000366210938,99.3000030517578,21945461.0
2026-09-21,101.1999969482422,101.27999877929688,98.1500015258789,98.6999969482422,27536721.0
2026-09-22,98.98999786376952,99.5,97.69000244140624,98.3499984741211,8095151.0
2026-09-23,98.58000183105467,99.13999938964844,97.9800033569336,99.13999938964844,12088650.0
2026-09-24,98.58,99.59,97.11,97.35,10723487.0
