Date,Open,High,Low,Close,Volume
2021-09-23,1537.7968168111995,1582.897158536599,1532.6828016681889,1565.2174072265625,1218521.0
2021-09-24,1573.1562658925511,1615.042171070823,1573.1562658925511,1587.5240478515625,2009800.0
2021-09-27,1592.7356365478238,1614.311724924621,1580.1698995511051,1606.0806884765625,912417.0
2021-09-28,1610.1716094704925,1640.9528733027953,1598.579898512414,1606.03173828125,1569131.0
2021-09-29,1599.456735040835,1635.0110657353996,1592.686795279909,1626.6337890625,821908.0
2021-09-30,1616.9903772299915,1650.4017116854593,1616.9903772299915,1626.195556640625,1081824.0
2021-10-01,1616.9416087694426,1643.9238332644452,1593.125112063513,1633.6959228515625,705296.0
2021-10-04,1609.1975227469577,1611.9737124898386,1579.0007439594822,1598.628662109375,1154208.0
2021-10-05,1598.628629541818,1610.6099980857234,1580.948879475776,1584.84521484375,543442.0
2021-10-06,1579.000765413184,1597.5085381100696,1550.7521539655731,1557.57080078125,1041144.0
2021-10-07,1567.2628527447894,1584.845188161603,1548.8039075441245,1550.7520751953125,3216011.0
2021-10-08,1554.6483720957635,1574.9094823001085,1550.411086667538,1557.3758544921875,696357.0
2021-10-11,1565.363443346232,1622.3477369889267,1565.3147361688548,1608.9539794921875,1703912.0
2021-10-12,1608.9540715658916,1621.8608774077968,1586.3552531532891,1595.219482421875,771610.0
2021-10-13,1595.219403517013,1668.8605973516917,1580.7540880056863,1633.5985107421875,1353155.0
2021-10-14,1636.47227747761,1729.0109104349203,1636.47227747761,1707.0938720703125,2318372.0
2021-10-18,1716.347481669424,1751.8043972455691,1700.7621397180392,1708.506103515625,1339088.0
2021-10-19,1711.4771204989097,1724.5786351160484,1667.2046832456592,1673.39013671875,551969.0
2021-10-20,1665.7921609308762,1679.2832125107336,1638.225332920591,1648.6480712890625,837973.0
2021-10-21,1665.1103462140377,1708.5547601942208,1646.2616238866235,1700.5672607421875,1374606.0
2021-10-22,1703.2947722017511,1719.026355972761,1665.792391748466,1669.396484375,719097.0
2021-10-25,1655.9537279787332,1675.1432794643054,1625.9030739592663,1666.3277587890625,576094.0
2021-10-26,1672.51338612236,1721.2179371958164,1660.09377215696,1694.3330078125,1340095.0
2021-10-27,1698.8137226665535,1709.1878732884657,1678.065660183388,1683.617919921875,527976.0
2021-10-28,1690.9724738396842,1690.9724738396842,1648.6969114846468,1658.291748046875,652099.0
2021-10-29,1660.824327171969,1697.3526796289775,1632.0399381612342,1676.5072021484375,1156691.0
2021-11-01,1677.383911069718,1749.32047456998,1674.6564284386272,1742.64794921875,1416529.0
2021-11-02,1745.5700999178537,1758.2332489520495,1692.4821450664217,1698.8624267578125,1121991.0
2021-11-03,1699.787981263384,1746.7391935596215,1690.2418519594935,1739.287353515625,1007472.0
2021-11-04,1750.4405559167335,1753.3628669561358,1739.287210049736,1745.180419921875,95576.0
2021-11-08,1745.1806487959948,1808.9835926314536,1733.3942275059703,1801.0447998046875,1498465.0
2021-11-09,1803.041565517926,1831.192761935986,1800.6550332204786,1815.55859375,1049506.0
2021-11-10,1799.0478112535366,1830.7056855827127,1794.2747466705882,1825.884033203125,507309.0
2021-11-11,1829.1472773533849,1843.95342431773,1784.3390596424613,1796.56396484375,949302.0
2021-11-12,1809.7628050341643,1826.419704625296,1794.76183009062,1810.298583984375,1157525.0
2021-11-15,1810.8830119022364,1840.9824965409905,1792.3753583291705,1807.7659912109373,653718.0
2021-11-16,1811.8082405423409,1826.419556885636,1769.922339685879,1775.9129638671875,518987.0
2021-11-17,1778.0074889260216,1778.0074889260216,1740.3589877739762,1746.2034912109375,669416.0
2021-11-18,1736.998130452516,1765.003203979639,1717.6624565065276,1728.5235595703125,477111.0
2021-11-22,1723.6044050927503,1751.70689348146,1704.6583881993658,1732.22509765625,748099.0
2021-11-23,1732.9070015825769,1757.7463480150825,1719.708073245003,1737.144287109375,1470853.0
2021-11-24,1743.6221131898042,1747.469741597399,1689.17047119031,1701.6875,698612.0
2021-11-25,1671.5393269158758,1727.0625235261923,1671.5393269158758,1720.974365234375,708577.0
2021-11-26,1711.7691580946466,1712.3048176087125,1635.4977853334535,1646.3101806640625,751240.0
2021-11-29,1636.4721957465458,1675.533205391232,1600.1385494303106,1640.31982421875,1454309.0
2021-11-30,1636.4720951988525,1665.3538993166037,1607.5415839039308,1619.3768310546875,1649983.0
2021-12-01,1623.809026553028,1650.4990090317176,1610.5126828031164,1636.08251953125,867171.0
2021-12-02,1633.1601373421863,1704.7071609085308,1630.0918239208054,1679.1859130859375,984813.0
2021-12-03,1690.2905362848326,1696.9630613957415,1654.1031332237258,1659.7528076171875,921208.0
2021-12-06,1656.9280742768271,1674.072046002614,1614.2141471169791,1617.7208251953125,851251.0
2021-12-07,1623.8088861800527,1653.031520091621,1623.8088861800527,1641.878173828125,824437.0
2021-12-08,1655.9539613995262,1696.865723719749,1650.1094580338774,1671.782958984375,1008502.0
2021-12-09,1684.9819785205748,1685.1768072478992,1657.9022179866738,1678.1146240234375,653385.0
2021-12-10,1670.565351149291,1711.672063329686,1670.565351149291,1703.8792724609375,973292.0
2021-12-13,1716.3473795756086,1723.8479264168438,1682.49780289046,1687.5631103515625,716279.0
2021-12-14,1670.5651426709087,1699.690481515787,1666.133028485391,1677.3837890625,615369.0
2021-12-15,1670.5653155505854,1687.1249211810848,1654.0058293004302,1660.239990234375,573823.0
2021-12-16,1667.5456469302335,1694.7714077429157,1657.804688760323,1672.8056640625,886870.0
2021-12-17,1661.3601920232,1670.1757137950956,1613.2887139139684,1622.6400146484375,617780.0
2021-12-20,1612.8991221873664,1612.8991221873664,1559.518921548405,1574.568603515625,948588.0
2021-12-21,1576.2245432045816,1625.5622874015942,1576.2245432045816,1594.0504150390625,949077.0
2021-12-22,1605.2037104801018,1618.9384177469003,1586.9881818091133,1596.1446533203125,899027.0
2021-12-23,1604.3270939931415,1626.6336671891268,1593.7581144306675,1616.6005859375,1111226.0
2021-12-24,1617.1851258611307,1624.782967970865,1553.9179648090103,1569.1624755859375,1124342.0
2021-12-27,1559.0316897898,1574.373613243372,1550.9467767929066,1561.028564453125,1202016.0
2021-12-28,1575.1043757395053,1596.923997047082,1570.2338968414865,1579.9261474609375,1432912.0
2021-12-29,1581.9230636087088,1596.4369669480689,1556.596644306194,1563.0743408203125,755567.0
2021-12-30,1563.4153075889574,1578.3188685086973,1546.417457379521,1552.359375,1165542.0
2021-12-31,1561.5644902784252,1601.4048117107602,1559.08054366341,1580.2183837890625,1663106.0
2022-01-03,1587.5239074958745,1623.662720571516,1575.1042943896664,1618.5487060546875,628963.0
2022-01-04,1627.7054350266803,1652.5447845530523,1615.0422840447443,1648.161376953125,895183.0
2022-01-05,1641.3427630060671,1707.678245154378,1640.3686193505728,1701.7850341796875,1771249.0
2022-01-06,1700.8596133127207,1700.8596133127207,1666.279306357773,1675.9715576171875,1158707.0
2022-01-07,1677.3838339891472,1760.1814976498672,1677.3838339891472,1751.0738525390625,2905803.0
2022-01-10,1763.1039300491254,1797.1971652636332,1747.128810709175,1791.2064208984375,1468479.0
2022-01-11,1786.628118057099,1822.5233982070863,1773.8188465075004,1799.0478515625,1416519.0
2022-01-12,1809.811510477577,1828.8062351801848,1797.1970678530836,1825.4456787109373,701250.0
2022-01-13,1831.2902199650207,1834.2125312802373,1802.0674649538737,1808.739990234375,844542.0
2022-01-14,1811.710998601549,1819.3575480241573,1784.874776094763,1809.1783447265625,1239491.0
2022-01-17,1809.1783571195087,1879.0206306604853,1798.1711317207353,1868.987548828125,1256235.0
2022-01-18,1877.997883062316,1879.799929264264,1794.956681196299,1804.2591552734373,945496.0
2022-01-19,1797.1969526162409,1815.607190011436,1749.7586720082193,1759.6944580078125,809295.0
2022-01-20,1769.9225208010453,1789.160781820762,1766.610671434867,1783.559814453125,716176.0
2022-01-21,1781.6115888995723,1781.6115888995723,1732.9070385110213,1745.6676025390625,527053.0
2022-01-24,1745.3753119969351,1745.3753119969351,1640.3683720238823,1646.894775390625,1022826.0
2022-01-25,1625.367408856831,1681.4749714513173,1615.0907916717397,1676.7020263671875,837999.0
2022-01-27,1653.1290234184355,1655.9539203629818,1617.087741152904,1643.3394775390625,817874.0
2022-01-28,1655.9539275241516,1691.362136008946,1647.235820143074,1653.0316162109375,1141606.0
2022-01-31,1661.7010283563768,1691.9953414861943,1657.902107188133,1682.741455078125,513199.0
2022-02-01,1691.6055027286095,1730.9100427800895,1672.6106601628337,1725.455078125,1145245.0
2022-02-02,1733.881148936288,1743.6221072508006,1717.321663058026,1732.0303955078125,691679.0
2022-02-03,1732.9558074809534,1739.7257471504215,1677.3839013292572,1687.806640625,482344.0
2022-02-04,1687.8064577013313,1719.2696202729069,1682.4490267887873,1690.339111328125,571680.0
2022-02-07,1680.3547928388916,1704.3174096625212,1655.9538114419586,1667.98388671875,483211.0
2022-02-08,1676.7509371987992,1683.2286342215325,1641.7322642742763,1673.2928466796875,423296.0
2022-02-09,1673.584937373179,1700.7621097131052,1668.6170440546327,1694.625244140625,455811.0
2022-02-10,1681.8646119907264,1725.40643908276,1681.8646119907264,1722.727783203125,624867.0
2022-02-11,1704.6585352349202,1714.3993742975565,1657.9021495932384,1665.8409423828125,987534.0
2022-02-14,1652.6421384737796,1652.6421384737796,1593.271309319015,1600.382080078125,828020.0
2022-02-15,1616.3084437249788,1671.344570966921,1576.127170275422,1667.740478515625,1199604.0
2022-02-16,1670.3703322781937,1704.609686137131,1668.1786287490286,1676.7020263671875,1208851.0
2022-02-17,1692.920676660428,1706.4118489886578,1655.953957190487,1666.9124755859375,1071634.0
2022-02-18,1657.9022179866738,1694.820232348712,1654.005882200884,1678.1146240234375,1205180.0
2022-02-21,1659.8503713779437,1691.7519038737105,1643.6318350126762,1648.599609375,1035748.0
2022-02-22,1594.7324061969614,1645.92090666009,1594.7324061969614,1640.5146484375,884474.0
2022-02-23,1646.310293738247,1659.8501722626625,1620.0585586739803,1626.5362548828125,675772.0
2022-02-24,1582.8970481476283,1610.1229273245,1495.2289054118255,1504.336669921875,1260593.0
2022-02-25,1539.062910333296,1557.3758529160414,1519.7272364656328,1527.227783203125,1125821.0
2022-02-28,1512.2756428970322,1562.8308291697565,1498.5896419886597,1557.083740234375,1217106.0
2022-03-02,1531.2702060421664,1541.741651433939,1498.6381905304054,1508.3790283203125,1150949.0
2022-03-03,1517.6332515852955,1536.725393407738,1457.4345144403176,1464.6427001953125,1150368.0
2022-03-04,1446.5244693700545,1475.6498113554633,1409.5090416674918,1439.3162841796875,1633853.0
2022-03-07,1407.5608781815529,1437.465535147203,1373.1755187384808,1409.07080078125,927442.0
2022-03-08,1402.6903649623275,1427.7245420198135,1370.740245943219,1420.4188232421875,819693.0
2022-03-09,1427.724445205078,1469.6103484718806,1406.099652795676,1454.6580810546875,1697970.0
2022-03-10,1509.8403360994737,1534.1926111378846,1491.4299784462494,1514.61328125,1492221.0
2022-03-11,1513.493232911304,1535.0693196603809,1501.0736184012865,1525.6693115234375,1206952.0
2022-03-14,1515.879743223493,1542.910794930276,1505.8465418983706,1536.6278076171875,550221.0
2022-03-15,1532.2443478244115,1557.278523720981,1517.243372909484,1523.7210693359375,916893.0
2022-03-16,1538.6247868461394,1573.9842910141062,1535.3616444016195,1562.4901123046875,1406631.0
2022-03-17,1578.0267367687484,1613.8244832244634,1570.233946409852,1577.880615234375,2739045.0
2022-03-21,1565.3634375626154,1572.6204488240112,1516.1232271638326,1528.786376953125,1291439.0
2022-03-22,1528.786433578297,1549.7293267455032,1485.585553410846,1541.498291015625,1017766.0
2022-03-23,1553.1874261392718,1553.6744979321288,1523.769841795147,1541.108642578125,844629.0
2022-03-24,1536.140827286607,1562.343856476371,1528.4454513066105,1557.96044921875,1080721.0
2022-03-25,1560.0059825145206,1570.233892668914,1533.413296732763,1549.82666015625,662852.0
2022-03-28,1553.4795991037277,1575.0556847501125,1534.3873407281314,1569.211181640625,1283149.0
2022-03-29,1577.0526233046023,1596.1447630707166,1565.314790054284,1581.630859375,1743946.0
2022-03-30,1595.5604507067874,1634.4753392517212,1590.251606769562,1624.4908447265625,1510711.0
2022-03-31,1626.7310996639735,1635.1083758025504,1607.5415467256175,1620.8865966796875,781390.0
2022-04-01,1618.1592162930683,1637.3000632629985,1615.0421955902596,1626.6824951171875,844681.0
2022-04-04,1623.809024320205,1644.2648459224472,1616.0162337352644,1636.179931640625,808254.0
2022-04-05,1644.2647992671314,1667.643050978263,1626.2929249508934,1658.1943359375,1206116.0
2022-04-06,1655.953863030082,1672.805590997206,1649.5735810719991,1655.7103271484375,448766.0
2022-04-07,1645.7261303793312,1655.9540416097154,1624.7831167224003,1638.3717041015625,867367.0
2022-04-08,1632.5758650202108,1739.530983344439,1632.5758650202108,1725.35791015625,2508015.0
2022-04-11,1738.4593678057104,1783.4624133150578,1718.9775707499186,1772.990966796875,3289420.0
2022-04-12,1755.311156179206,1767.974305927059,1704.6584378074576,1710.015869140625,1507804.0
2022-04-13,1711.4772047189197,1731.9330267089524,1693.3590886303098,1720.1953125,839407.0
2022-04-18,1715.3735143479532,1721.5102608517795,1680.403669393711,1696.1839599609375,466583.0
2022-04-19,1708.5548736414828,1730.9589825925336,1656.0513988363875,1675.825439453125,747891.0
2022-04-20,1673.7797194867562,1713.4252118162904,1672.5620400894734,1691.6055908203125,678130.0
2022-04-21,1699.787995430345,1724.091564111411,1689.56008493403,1718.5391845703125,711001.0
2022-04-22,1702.7102084413657,1708.5547113332498,1665.6947846987707,1672.3673095703125,900053.0
2022-04-25,1644.2647592579578,1661.6522663935891,1634.864871004412,1649.817138671875,453315.0
2022-04-26,1660.8245199771775,1685.1767975690182,1651.0835611883024,1673.4876708984375,753432.0
2022-04-27,1652.057639383367,1665.2078615992762,1633.5498661697131,1656.1488037109375,426076.0
2022-04-28,1672.5135508143208,1676.4100060129365,1646.213104970497,1667.5457763671875,814436.0
2022-04-29,1671.928911275634,1693.504995683578,1641.4398914936205,1648.4532470703125,1115565.0
2022-05-02,1632.5757206706653,1645.1901629735823,1614.2627775360008,1636.03369140625,438839.0
2022-05-04,1636.569482971341,1659.3631283332247,1573.4971515897078,1580.2183837890625,607695.0
2022-05-05,1589.667097277573,1602.2815406155644,1560.0060959822583,1565.26611328125,524858.0
2022-05-06,1549.1937030433712,1562.830877817286,1510.863181747127,1525.0362548828125,527671.0
2022-05-09,1509.7915829567253,1532.8774707047269,1496.7874835240518,1511.544921875,965410.0
2022-05-10,1510.814296983638,1535.0204494790994,1494.6444701239473,1502.1448974609375,856641.0
2022-05-11,1502.047520434529,1523.1853602283857,1468.9771388970262,1495.56982421875,840087.0
2022-05-12,1487.4362756231897,1490.3584675412803,1425.337966348857,1447.3524169921875,693593.0
2022-05-13,1464.6423967294004,1478.6206394451815,1427.9679240162145,1436.880859375,489395.0
2022-05-16,1436.7834960531516,1458.1160453106695,1400.352557917182,1414.6229248046875,814351.0
2022-05-17,1418.2757672521063,1451.394857189376,1410.53180356444,1443.0177001953125,772250.0
2022-05-18,1451.3949598380448,1470.2436837880846,1437.9037870219092,1448.8135986328125,776063.0
2022-05-19,1431.9130093865515,1432.838445724311,1409.0706571802505,1420.0291748046875,525816.0
2022-05-20,1433.8613074952025,1482.5658612309012,1430.2085077481452,1449.7877197265625,645075.0
2022-05-23,1447.4983546171632,1471.3148484394392,1414.3792685040864,1419.639404296875,959790.0
2022-05-24,1420.2239652614126,1428.9907798617917,1344.2449451849068,1366.405517578125,1863231.0
2022-05-25,1363.7266517516907,1407.268478796782,1321.6459205830374,1339.91015625,3390982.0
2022-05-26,1355.93394764829,1364.554639928354,1305.5247682860934,1356.4697265625,1562780.0
2022-05-27,1373.467722497574,1386.0821656388994,1342.3455062874657,1360.5123291015625,1274718.0
2022-05-30,1373.4676504895583,1411.4570994595508,1366.7464182477288,1403.6644287109375,784377.0
2022-05-31,1410.72666213599,1417.54530897744,1383.0624173426204,1391.5858154296875,2034013.0
2022-06-01,1388.0790722251809,1412.431349216536,1376.0004077803758,1399.329833984375,871147.0
2022-06-02,1411.4570551942604,1411.4570551942604,1378.9224528925615,1395.433349609375,888795.0
2022-06-03,1397.8201426642638,1404.2004256598366,1295.5892544216438,1304.7457275390625,4829454.0
2022-06-06,1299.4368174806752,1305.2813206169064,1276.0585661750767,1292.325927734375,2364329.0
2022-06-07,1280.9290462582023,1302.3590104900036,1263.8824892274663,1292.2772216796875,2011482.0
2022-06-08,1302.3590831668564,1319.8927129495655,1273.5746916895298,1294.3228759765625,2671127.0
2022-06-09,1292.6182219604782,1292.6182219604782,1268.2659455251387,1275.1820068359375,1360831.0
2022-06-10,1256.576892752321,1297.2939481258354,1252.7292641286122,1292.1312255859375,1149961.0
2022-06-13,1266.3175571764843,1281.3672372774338,1252.3393154518171,1259.060546875,1204017.0
2022-06-14,1265.3435047987837,1287.3092465862992,1252.7777701219377,1275.42529296875,1069818.0
2022-06-15,1285.1664561360194,1306.255472164564,1274.0618155280558,1297.196533203125,1062150.0
2022-06-16,1310.1518069158135,1312.976584454941,1244.936358162233,1251.7550048828125,954602.0
2022-06-17,1253.5570554631254,1272.8928499885124,1243.523973747619,1256.62548828125,1027138.0
2022-06-20,1256.6743130590287,1287.2607522257083,1251.706419223963,1281.9033203125,670772.0
2022-06-21,1296.5144515120408,1305.2812655366138,1282.4387941453365,1299.5340576171875,582021.0
2022-06-22,1293.689652527233,1296.514549525246,1276.7892164787718,1290.5726318359375,506446.0
2022-06-23,1299.4368260235462,1307.0346682125637,1265.4410067424778,1281.951904296875,829824.0
2022-06-24,1286.23784688093,1305.2812781669195,1277.2762040686214,1288.9652099609375,761751.0
2022-06-27,1305.28127489023,1320.1848349627364,1297.4884849345824,1314.34033203125,1127432.0
2022-06-28,1309.177636310552,1318.77247257474,1292.3259082578372,1308.2523193359375,661031.0
2022-06-29,1295.9299779488003,1324.665659682993,1284.630510081962,1288.9652099609375,1556138.0
2022-06-30,1296.9041806789216,1302.6999767139848,1276.1559972951663,1286.530029296875,1138089.0
2022-07-01,1285.7995267352026,1315.0221618562275,1271.4803328588107,1312.343505859375,518559.0
2022-07-04,1305.2813599574515,1322.4253318447104,1297.0990314440492,1315.801513671875,787143.0
2022-07-05,1319.8925817816248,1342.1018598833275,1310.5412816587327,1314.7786865234375,704841.0
2022-07-06,1323.935056521739,1339.569224320393,1310.7361281372976,1334.1630859375,709046.0
2022-07-07,1346.1930394822311,1355.8365827685448,1332.6044537170922,1339.228271484375,546507.0
2022-07-08,1346.3878457491548,1370.5452913578413,1346.3878457491548,1355.30078125,1079820.0
2022-07-11,1352.0863680070802,1374.441648497569,1338.4003679003276,1369.5712890625,761236.0
2022-07-12,1355.2035126400074,1364.9444711631422,1340.6409014158712,1344.293701171875,318839.0
2022-07-13,1355.7392068071597,1369.7660381713265,1352.3298237852166,1362.8988037109375,470489.0
2022-07-14,1366.648945955931,1371.5194246575002,1344.829325528444,1355.7391357421875,380844.0
2022-07-15,1362.557752684434,1370.545251629035,1352.914209838364,1361.9732666015625,288785.0
2022-07-18,1372.4935631729345,1394.0209423470883,1369.668785570044,1391.2935791015625,606107.0
2022-07-19,1381.260292117188,1408.4861707473165,1381.260292117188,1404.833251953125,764754.0
2022-07-20,1426.896299951585,1426.9937142954798,1400.741981179728,1404.2974853515625,810415.0
2022-07-21,1407.560696795579,1429.769974499862,1404.7846266177903,1426.6529541015625,780126.0
2022-07-22,1427.042611597696,1490.3584815357112,1419.3473549260368,1481.9326171875,1650074.0
2022-07-25,1481.9326701549658,1481.9326701549658,1443.504853840936,1459.6746826171875,1205285.0
2022-07-26,1459.674662185967,1478.1337281721976,1446.6218543631037,1475.60107421875,882250.0
2022-07-27,1474.5783182511636,1521.3345834204142,1473.750296213534,1506.77197265625,1287079.0
2022-07-28,1515.6848188420754,1526.4485077904787,1498.1998977753522,1510.4246826171875,966093.0
2022-07-29,1516.12326376679,1546.563578925328,1514.808169950712,1532.244384765625,804695.0
2022-08-01,1535.55646282846,1548.1709066431008,1519.630050029003,1527.763671875,556560.0
2022-08-02,1519.6299111347128,1553.1873656505477,1511.7885330964623,1548.6578369140625,907650.0
2022-08-03,1550.8494883258627,1562.9768588055351,1526.9842853921828,1545.7354736328125,539764.0
2022-08-04,1558.3986806325604,1560.200846201893,1520.7501812328433,1538.429931640625,720561.0
2022-08-05,1546.125226412645,1574.0328878943862,1541.1086257616414,1556.888916015625,951109.0
2022-08-08,1556.1097126730908,1565.4121868664404,1543.9335149477631,1557.2298583984375,461663.0
2022-08-10,1553.7718432776437,1574.325078219893,1545.3945669536165,1569.1624755859375,567647.0
2022-08-11,1587.8839450639202,1587.9329564934171,1561.4192146482892,1568.329345703125,451982.0
2022-08-12,1576.2197777353142,1620.2296375694552,1558.478601803223,1590.4322509765625,1803740.0
2022-08-16,1599.1558957481798,1602.4395414860005,1512.0673882514798,1559.9979248046875,1431538.0
2022-08-17,1568.2801349757387,1606.457991559175,1564.408472789611,1584.5020751953125,1052538.0
2022-08-18,1576.1217366515896,1589.4521241604994,1554.5579098360142,1581.7576904296875,1010974.0
2022-08-19,1587.8347832796528,1589.8441315726996,1562.497198015654,1574.0142822265625,815549.0
2022-08-22,1567.3000919209976,1567.3000919209976,1522.947154536372,1533.0919189453125,962565.0
2022-08-23,1527.1129183643914,1575.6315876944711,1516.2819937675674,1563.8204345703125,1878454.0
2022-08-24,1563.3794940415685,1585.0903552473771,1543.8248954019855,1580.2874755859375,907999.0
2022-08-25,1584.9432598956505,1614.7405250178715,1584.012042805437,1592.6375732421875,872154.0
2022-08-26,1597.6365027729375,1653.9966394461608,1597.6365027729375,1642.0384521484375,1352886.0
2022-08-29,1601.606240560897,1648.654688354185,1582.100773533623,1631.060546875,1007459.0
2022-08-30,1637.0886427433024,1658.4565446783893,1637.0886427433024,1645.37109375,830049.0
2022-09-01,1627.580937302309,1672.61991550184,1627.4829144495418,1651.59521484375,1368943.0
2022-09-02,1651.9870490102603,1663.8472125804335,1636.9413832416508,1654.4375,601416.0
2022-09-05,1659.387609400079,1680.2653966381383,1646.6943702773178,1676.834716796875,790436.0
2022-09-06,1670.2183559655195,1696.4380256879908,1670.2183559655195,1688.8907470703125,833826.0
2022-09-07,1676.0996003128453,1720.2074813703923,1676.0996003128453,1715.45361328125,800842.0
2022-09-08,1722.4619141092614,1737.3605470270088,1715.355617576182,1734.7630615234375,608734.0
2022-09-09,1737.360529043556,1762.1589894491608,1707.7101776698478,1713.59130859375,695716.0
2022-09-12,1712.3660480129104,1736.8704402186283,1712.3660480129104,1733.390869140625,420084.0
2022-09-13,1735.890109896625,1772.793790386051,1735.890109896625,1754.17041015625,812176.0
2022-09-14,1729.0290834364323,1763.1881259906977,1729.0290834364323,1747.456298828125,710550.0
2022-09-15,1750.5929105072237,1780.2431420440723,1741.6733113074872,1772.4508056640625,1078073.0
2022-09-16,1764.217303032141,1770.196336526348,1691.68423779456,1710.0135498046875,1031783.0
2022-09-19,1705.5046559642497,1727.9996977684311,1692.37031541045,1714.6693115234375,517380.0
2022-09-20,1725.108303130936,1732.9007596968363,1696.8792826326433,1707.1220703125,1023132.0
2022-09-21,1704.5246879294457,1714.620441226726,1676.0996220051502,1685.7542724609375,1131988.0
2022-09-22,1685.7542713731195,1701.5841213475042,1663.1612048783416,1698.3494873046875,477972.0
2022-09-23,1698.643479882798,1700.1138226210562,1656.495937114174,1663.749267578125,638948.0
2022-09-26,1643.802666844791,1659.4364701078114,1619.739379217618,1632.4326171875,784059.0
2022-09-27,1631.991737042635,1663.3082368339817,1611.3590075226869,1649.144775390625,571532.0
2022-09-28,1631.9916183011344,1654.2904944554575,1621.503654247664,1636.059326171875,550298.0
2022-09-29,1644.2438791146676,1656.349100932595,1618.5633329234363,1622.97412109375,543934.0
2022-09-30,1649.6347416971132,1663.357099069077,1621.1605468320497,1641.646240234375,815263.0
2022-10-03,1637.8726605349975,1648.1154475456667,1595.7741296115444,1604.007568359375,474878.0
2022-10-04,1634.7361293190418,1655.123801613431,1618.6613424316224,1650.5169677734375,515663.0
2022-10-06,1658.799421503628,1671.198711804394,1641.7934174801555,1649.7327880859375,616095.0
2022-10-07,1641.7934691225823,1669.140404515663,1622.1899789984795,1664.239501953125,691354.0
2022-10-10,1648.6545186742385,1654.4865175733585,1624.3461745017678,1640.76416015625,771385.0
2022-10-11,1647.8704149858747,1648.6545977834662,1604.7427636391633,1611.8980712890625,409456.0
2022-10-12,1619.249358100384,1643.7537499496248,1598.9598288016452,1638.5098876953125,412162.0
2022-10-13,1637.0885170228694,1651.3501210273917,1607.487297909425,1646.44921875,751063.0
2022-10-14,1665.3175833449222,1681.245456132866,1654.3396243993382,1661.93603515625,568187.0
2022-10-17,1656.4960281876506,1675.1194095544995,1642.038498015529,1657.623291015625,711250.0
2022-10-18,1665.9547666038686,1666.9840065855465,1646.9884252188106,1654.78076171875,471745.0
2022-10-19,1657.4761669124584,1678.696912524298,1644.2438030139529,1650.9580078125,1082577.0
2022-10-20,1650.0759021595168,1661.1518841707634,1635.0792461909905,1655.4669189453125,430634.0
2022-10-21,1656.4469614406755,1680.9513528874072,1636.108421049546,1643.802734375,471477.0
2022-10-24,1661.3968918816404,1674.1391419267368,1656.4959895178204,1665.3665771484375,56288.0
2022-10-25,1662.867220987364,1694.722845838055,1659.338518458982,1680.706298828125,708672.0
2022-10-27,1695.5070438743196,1705.994888450039,1686.7344790894151,1690.2630615234375,568780.0
2022-10-28,1695.604951052328,1703.5443210502758,1638.7547036944222,1650.8109130859375,443761.0
2022-10-31,1659.093428716916,1695.7030410202408,1655.0257207112222,1687.5675048828125,594266.0
2022-11-01,1693.938685836678,1734.910076051562,1693.938685836678,1726.382568359375,862642.0
2022-11-02,1726.3825121830268,1747.603257870141,1717.2668676704716,1725.1572265625,682110.0
2022-11-03,1715.4046234140624,1736.8214156714223,1701.1430189673963,1711.0428466796875,370943.0
2022-11-04,1716.286676391384,1736.870394128219,1708.4943401800222,1730.107177734375,445790.0
2022-11-07,1735.8902402529009,1759.5125472842396,1727.4117437145942,1740.007080078125,772139.0
2022-11-09,1758.385305543924,1758.385305543924,1698.986697508856,1710.8958740234375,616980.0
2022-11-10,1705.5047469609065,1705.6027698117334,1662.132037990759,1670.757568359375,613431.0
2022-11-11,1679.1379000521583,1704.426472047298,1661.9358521904464,1674.580078125,1083107.0
2022-11-14,1677.079774757452,1722.069863258366,1673.4041578999183,1713.8363037109375,1571362.0
2022-11-15,1713.8362541229685,1721.6287105917752,1677.1777490864138,1699.1336669921875,1013411.0
2022-11-16,1701.5841477280192,1715.2576152611948,1671.1987444049944,1693.252685546875,903821.0
2022-11-17,1689.72375599875,1689.72375599875,1663.3570530240372,1676.7364501953125,638353.0
2022-11-18,1680.0202265423286,1689.2829053271043,1647.9684364816828,1674.9722900390625,753543.0
2022-11-21,1665.7586884410634,1674.1391619101234,1642.7736506845786,1649.0467529296875,417544.0
2022-11-22,1654.339543758868,1682.8137397581145,1648.6545789195004,1666.003662109375,792650.0
2022-11-23,1671.100658092779,1679.6771770860491,1660.0246765148686,1668.7972412109375,515987.0
2022-11-24,1676.0015831954656,1699.3297007591748,1664.3374643505886,1689.282958984375,861243.0
2022-11-25,1695.703159833312,1704.5247364098964,1672.1298641168266,1700.7509765625,584168.0
2022-11-28,1689.0868202235683,1709.3763483608393,1679.5790845365502,1682.91162109375,410415.0
2022-11-29,1685.9011873612171,1697.6633283379172,1680.6572053135546,1685.0679931640625,494662.0
2022-11-30,1690.998186622088,1733.537821000759,1690.998186622088,1724.8631591796875,1137756.0
2022-12-01,1734.9100746608665,1771.5685794478109,1725.1082698897233,1764.266357421875,898588.0
2022-12-02,1761.1786641890944,1788.5255971429183,1750.5927972839506,1783.57568359375,1357654.0
2022-12-05,1791.5640807398354,1800.581702288622,1776.8614943618763,1780.14501953125,837283.0
2022-12-06,1778.0377238498454,1793.720539377163,1764.3153653737315,1789.848876953125,631065.0
2022-12-07,1800.5816794763064,1803.0321305292605,1764.315268169871,1772.3526611328125,657577.0
2022-12-08,1772.352701769465,1789.1136480097623,1770.2453306332518,1776.5184326171875,334379.0
2022-12-09,1783.379671074285,1799.1605089410364,1752.8472352591975,1764.21728515625,523232.0
2022-12-12,1767.2558015465042,1783.134662696712,1740.840084430866,1779.31201171875,457733.0
2022-12-13,1780.9783016398892,1788.8196493948535,1766.961754382938,1774.9012451171875,452455.0
2022-12-14,1779.0179726356716,1797.5923423990034,1775.3423558748946,1785.732177734375,535865.0
2022-12-15,1786.6632577039743,1789.113708896506,1742.7514221959857,1751.4749755859375,319014.0
2022-12-16,1743.731614067592,1754.611549863134,1717.266885895835,1721.5306396484375,711870.0
2022-12-19,1717.2669021946303,1734.8120316249758,1709.425434443736,1730.7933349609375,313190.0
2022-12-20,1727.0685582352885,1728.9800038102064,1695.3599681522735,1724.0791015625,443027.0
2022-12-21,1725.647409722405,1737.2625172386297,1693.5957385000931,1698.5455322265625,411544.0
2022-12-22,1711.3860519617567,1720.9426802599642,1691.83145223961,1710.2587890625,421636.0
2022-12-23,1690.8020767864311,1711.2877704640478,1671.1495772997312,1675.21728515625,358698.0
2022-12-26,1677.6678240728666,1706.48498066523,1670.218447765451,1694.7718505859375,385645.0
2022-12-27,1703.250357622789,1714.1302935372598,1693.7917530587506,1704.9166259765625,236578.0
2022-12-28,1696.6830662865325,1733.0476196847596,1696.6830662865325,1717.805908203125,362774.0
2022-12-29,1711.2877486384157,1725.1081288645094,1686.8813816845422,1718.001953125,384501.0
2022-12-30,1720.5505090787472,1736.331348054604,1684.0880486920748,1689.33203125,296853.0
2023-01-02,1691.1943069121414,1713.346270662851,1685.90131304652,1696.977294921875,312125.0
2023-01-03,1690.311985301105,1707.7590911138288,1678.4518214068885,1683.0096435546875,548701.0
2023-01-04,1688.253568142439,1693.7426071527534,1652.0850607336422,1656.7899169921875,435968.0
2023-01-05,1665.1217060778731,1673.992294059741,1643.3127017079028,1664.631591796875,487184.0
2023-01-06,1665.2194484556444,1665.954619806348,1631.9916254204386,1647.2823486328125,587219.0
2023-01-09,1666.1997102797582,1666.1997102797582,1629.5412070000873,1640.421142578125,656429.0
2023-01-10,1640.764331119388,1651.301187424128,1600.8221798905358,1618.269287109375,594512.0
2023-01-11,1618.7592937035436,1625.9634925779894,1595.8231483708305,1602.6353759765625,646333.0
2023-01-12,1607.0953238591271,1631.9918083403732,1599.743969906235,1609.83984375,908677.0
2023-01-13,1615.7698044544984,1638.3138596134409,1608.6144964908258,1622.2879638671875,637882.0
2023-01-16,1626.6007611777582,1635.32431485089,1607.4873854068185,1615.81884765625,360571.0
2023-01-17,1609.4476632191827,1632.9718263896573,1609.4476632191827,1627.77685546875,514997.0
2023-01-18,1634.9322096955436,1653.3595454462877,1630.962524316019,1643.263671875,716978.0
2023-01-19,1640.813339175622,1659.4366004926574,1635.5693566848047,1643.65576171875,624177.0
2023-01-20,1643.6558056124527,1653.996736587729,1619.4944925943507,1622.5330810546875,317042.0
2023-01-23,1630.031157112604,1634.736013472207,1583.325913729915,1598.959716796875,675068.0
2023-01-24,1601.6061030561748,1605.4778853735336,1561.6149438841987,1571.416748046875,450813.0
2023-01-25,1571.4169767289618,1579.0133880731155,1550.882268497964,1562.154296875,503547.0
2023-01-27,1562.350171602584,1570.7306447909311,1518.781417207365,1547.157470703125,915505.0
2023-01-30,1548.5296359886515,1574.5043693279265,1534.9543124199438,1566.907958984375,467299.0
2023-01-31,1570.6815159729958,1588.8637923187164,1551.7151770102791,1558.6744384765625,1534280.0
2023-02-01,1561.4190915684776,1590.8242651839298,1535.003254538535,1556.3221435546875,741968.0
2023-02-02,1543.7759477941834,1571.6618874935955,1531.7197376526212,1567.0550537109375,721339.0
2023-02-03,1568.2801357391363,1586.952527005181,1544.608939675395,1584.3060302734375,754417.0
2023-02-06,1585.7274138812706,1589.0109390981393,1565.437765103018,1586.0213623046875,499057.0
2023-02-07,1587.4917140143868,1600.2829752317912,1575.4845154739237,1584.257080078125,595073.0
2023-02-08,1584.8943143130168,1608.4674897160075,1583.7180400449324,1604.105712890625,513921.0
2023-02-09,1604.1055584020762,1629.0510513820425,1595.382005591461,1610.8687744140625,1022882.0
2023-02-10,1607.4873269729776,1609.7907438774353,1590.3341686919755,1602.8804931640625,333259.0
2023-02-13,1602.5863646214898,1610.6237577101356,1585.5313499572703,1590.13818359375,242604.0
2023-02-14,1590.8244296592686,1595.4802753237257,1547.1086359953388,1572.88720703125,1051049.0
2023-02-15,1572.8870447672537,1607.487309381655,1566.4669083859476,1593.911865234375,644537.0
2023-02-16,1599.8418697809284,1610.1336684229857,1584.8942260058818,1597.3424072265625,312420.0
2023-02-17,1592.882665788165,1635.7163704955435,1589.795186146159,1610.3787841796875,877096.0
2023-02-20,1611.4081387537956,1617.583218603049,1589.9913449398866,1599.64599609375,447737.0
2023-02-21,1602.5863738743078,1626.012513460691,1592.9806151511173,1600.7730712890625,539466.0
2023-02-22,1601.8512393809488,1601.8512393809488,1539.4630579206885,1542.9427490234375,1056328.0
2023-02-23,1550.6370322832115,1557.0082772560254,1537.0617084939895,1549.019775390625,485537.0
2023-02-24,1549.2650402351676,1562.889497401961,1539.9533487775404,1543.9720458984375,390716.0
2023-02-27,1549.656904549088,1553.5285668083714,1523.241188420748,1540.4432373046875,397502.0
2023-02-28,1546.7163674880717,1553.038480946568,1527.21090143659,1547.2554931640625,742087.0
2023-03-01,1536.914731985353,1566.3199062101232,1536.914731985353,1562.05615234375,288099.0
2023-03-02,1562.3992703401248,1570.2407384165963,1556.5182593773077,1566.81005859375,286119.0
2023-03-03,1570.2405655165685,1579.9932379528836,1559.017550406912,1564.6044921875,611252.0
2023-03-06,1568.2312085889466,1579.0622532144175,1564.35954619288,1566.8590087890625,330663.0
2023-03-08,1567.3001606805356,1577.1018455423196,1563.1344295985214,1569.3585205078125,435573.0
2023-03-09,1569.3583368285788,1576.8567239742142,1554.0676141329986,1569.50537109375,302901.0
2023-03-10,1553.577705957136,1574.896475974015,1551.7644032389032,1564.2615966796875,458587.0
2023-03-13,1570.240730096499,1586.0704601969935,1518.3894026141986,1531.0826416015625,804792.0
2023-03-14,1538.7280078773538,1538.7280078773538,1510.7439252601296,1530.24951171875,507817.0
2023-03-15,1531.0335009858336,1548.1376468862568,1515.791789176362,1519.8594970703125,551661.0
2023-03-16,1527.3578996994838,1535.640349840257,1496.776452928906,1529.5142822265625,583369.0
2023-03-17,1538.8751092687492,1560.7820162947187,1525.1526302035472,1553.82275390625,698627.0
2023-03-20,1520.2516335143898,1567.300078770249,1520.2516335143898,1561.2230224609375,530519.0
2023-03-21,1568.280245214613,1577.1018215188662,1556.2731664260712,1574.357421875,570821.0
2023-03-22,1578.0821398321325,1583.9631509941971,1566.6140659589614,1580.9246826171875,296273.0
2023-03-23,1577.98396699807,1587.883794312333,1568.2801853831818,1574.1123046875,313930.0
2023-03-24,1573.1812044401754,1576.562872879473,1555.8321197654884,1562.693359375,374535.0
2023-03-27,1553.7736479095236,1615.2796226937176,1553.7736479095236,1598.61669921875,630210.0
2023-03-28,1590.8243979644153,1609.1537116728548,1569.8487073029733,1579.1602783203125,582767.0
2023-03-29,1587.0996707288248,1605.3799718692262,1579.1601799860496,1599.351806640625,577758.0
2023-03-31,1603.2724744224686,1618.9061572917235,1596.3132127610431,1600.3319091796875,783128.0
2023-04-03,1597.4894500735486,1609.055545830423,1588.030725481499,1595.6761474609375,766128.0
2023-04-05,1597.685469096729,1631.5505615705968,1582.247711245569,1626.3555908203125,1443735.0
2023-04-06,1631.1585462035057,1640.8133167858296,1617.5831017264682,1635.96142578125,641403.0
2023-04-10,1641.7443386756777,1680.118241989516,1636.9414593176182,1676.344482421875,828993.0
2023-04-11,1675.9034354401797,1687.420399021572,1661.9849121458392,1677.1776123046875,437571.0
2023-04-12,1681.490408003702,1706.7789811998268,1677.5697343670115,1683.4017333984375,661394.0
2023-04-13,1682.9606484272572,1684.970116816553,1657.7702179373423,1667.3759765625,258855.0
2023-04-17,1655.5648968621606,1694.2327499336716,1655.5648968621606,1689.4788818359375,723262.0
2023-04-18,1695.6540495005677,1701.2409916143715,1664.8765561341716,1671.149658203125,332721.0
2023-04-19,1675.658354223238,1678.059793775607,1647.6252623469445,1656.5938720703125,313266.0
2023-04-20,1664.6315833147844,1664.6315833147844,1646.694361730048,1653.9967041015625,199463.0
2023-04-21,1652.3303155354515,1658.456503764542,1623.8072261656753,1629.002197265625,326151.0
2023-04-24,1629.0510194680985,1659.6814765514182,1622.8759406544848,1655.809814453125,374750.0
2023-04-25,1652.771420772974,1669.67940239708,1650.8110837822114,1653.4085693359375,361117.0
2023-04-26,1653.4085095333392,1671.198696216552,1639.9310880990236,1665.464599609375,683412.0
2023-04-27,1661.397063198537,1671.8358974166129,1648.801846133147,1667.670166015625,531392.0
2023-04-28,1671.1987783147508,1690.7532571738525,1661.396973107897,1686.1954345703125,601644.0
2023-05-02,1686.1952814864742,1709.2294495557574,1681.539436448512,1705.0635986328125,396437.0
2023-05-03,1690.80231496692,1704.1817145730924,1688.8909893269029,1701.4862060546875,348145.0
2023-05-04,1695.016882826029,1728.0487812797032,1685.9992611590512,1724.961181640625,591510.0
2023-05-05,1717.022030681867,1732.165722010829,1711.3860764829935,1717.7572021484375,336879.0
2023-05-08,1718.9821823069012,1749.612641677267,1717.46294823265,1743.094482421875,758983.0
2023-05-09,1745.691971071933,1752.7982674501752,1722.7068135824456,1729.9111328125,735967.0
2023-05-10,1729.9110881427894,1744.074669107636,1716.5807013968304,1739.2227783203125,285798.0
2023-05-11,1739.2228403350653,1748.6325536973875,1730.0091726782948,1738.977783203125,272209.0
2023-05-12,1737.8506152202845,1737.8506152202845,1716.3846919092605,1719.0802001953125,305342.0
2023-05-15,1719.2273331670426,1726.823744204537,1695.8992145932918,1698.9866943359375,448927.0
2023-05-16,1701.2411304570614,1710.454798673993,1688.6949252952263,1692.90966796875,209886.0
2023-05-17,1695.016928042502,1704.2796070807876,1669.8753878137334,1690.6551513671875,377699.0
2023-05-18,1695.016834156041,1698.64343923822,1663.1120792638176,1671.8846435546875,232671.0
2023-05-19,1676.0995797365956,1689.772926595742,1651.5951883247758,1682.07861328125,242657.0
2023-05-22,1679.1380980279205,1692.6645311403593,1671.1007044941728,1684.2840576171875,263864.0
2023-05-23,1682.9606010109003,1686.342269054497,1654.5355374553587,1664.288330078125,948278.0
2023-05-24,1661.3967651234746,1675.6093568689776,1647.6742876021683,1666.6407470703125,442899.0
2023-05-25,1661.3478695506333,1678.0109134530385,1657.4762071615671,1667.6209716796875,691665.0
2023-05-26,1668.1600989986323,1683.7939029737734,1633.952045747314,1654.8297119140625,1946520.0
2023-05-29,1654.829714845676,1681.3434547841302,1642.8716476647137,1679.3341064453125,670545.0
2023-05-30,1680.0202713562269,1698.104526584886,1679.0400428338955,1690.94921875,455969.0
2023-05-31,1689.3319943523336,1699.1336791342153,1662.5241852627587,1684.2840576171875,1217298.0
2023-06-01,1681.000488817415,1685.9013914949587,1666.2979009108374,1668.6993408203125,380199.0
2023-06-02,1674.188098702767,1684.9211201770745,1666.297739852895,1676.6385498046875,581154.0
2023-06-05,1684.9211902387517,1709.9155762907735,1678.059950893281,1700.1138916015625,770437.0
2023-06-06,1705.406855709787,1739.8110771143076,1703.005415805255,1731.381591796875,1032105.0
2023-06-07,1733.7339467536842,1737.2626496245755,1714.8656271406196,1733.97900390625,757211.0
2023-06-08,1736.8703415597151,1740.9380495328753,1675.0702989198232,1678.0108642578125,746173.0
2023-06-09,1688.8417697140517,1703.3483102936368,1676.393468684409,1681.7354736328125,488829.0
2023-06-12,1690.213956403534,1700.7998232448388,1677.1286270908313,1697.0751953125,248563.0
2023-06-13,1700.60380741811,1712.3659486294891,1694.575762602421,1703.495361328125,356101.0
2023-06-14,1710.405779175528,1749.4167144992914,1702.564431017887,1744.0748291015625,814345.0
2023-06-15,1753.5332828426208,1764.2172929674075,1725.598332286191,1737.3604736328125,966649.0
2023-06-16,1743.1436044509155,1754.268598186807,1735.9392847769827,1745.447021484375,969546.0
2023-06-19,1753.7783940872791,1758.9733650352748,1719.32528333362,1726.382568359375,541464.0
2023-06-20,1731.969472293344,1737.6055459544514,1710.1605892809807,1734.02783203125,463433.0
2023-06-21,1734.9099958011443,1744.7116800007109,1722.1677462786886,1742.6533203125,332971.0
2023-06-22,1750.6909683854376,1754.5136195115017,1712.0229938953255,1715.6007080078125,412543.0
2023-06-23,1715.2575465194936,1715.2575465194936,1677.2757338248707,1682.07861328125,343509.0
2023-06-26,1681.9804179664727,1696.7320146761738,1662.376930872289,1692.5662841796875,387107.0
2023-06-27,1691.831386943668,1702.0742949982416,1679.432216286716,1698.7906494140625,338798.0
2023-06-28,1701.5351830755426,1719.913507907678,1699.623857474177,1708.54345703125,1030697.0
2023-06-30,1710.4056285655213,1723.0988668378725,1696.438093247828,1700.2608642578125,453149.0
2023-07-03,1715.30667247845,1762.355001419707,1701.6822160091335,1758.1402587890625,1087245.0
2023-07-04,1764.3152673785546,1769.2160493562264,1723.8339937884473,1734.4688720703125,671213.0
2023-07-05,1734.9099958011443,1748.9265423514698,1728.685905312363,1742.6533203125,400602.0
2023-07-06,1742.653429830748,1748.436537991673,1730.0092023619543,1732.998779296875,360764.0
2023-07-07,1732.998837864812,1735.5963234696846,1702.564422291724,1708.739501953125,554892.0
2023-07-10,1720.0604196937545,1724.3731848784166,1698.8885650477416,1708.4453125,453912.0
2023-07-11,1709.2293792062237,1738.7815849610784,1709.2293792062237,1732.655517578125,578931.0
2023-07-12,1732.6065184997751,1749.0245041341338,1722.2166975731743,1742.604248046875,791286.0
2023-07-13,1743.7316582447943,1748.534537797831,1718.7371520739994,1724.9122314453125,335559.0
2023-07-14,1727.6076489490397,1733.880750843698,1709.0824118091004,1718.4429931640625,409283.0
2023-07-17,1718.4431084182413,1759.414499366513,1713.9342973593607,1757.503173828125,923312.0
2023-07-18,1754.562449253996,1763.3350134400007,1732.802578768959,1739.85986328125,747998.0
2023-07-19,1736.968448631451,1753.0923671587552,1735.596248807742,1748.82861328125,435757.0
2023-07-20,1749.6126893260348,1786.9573546720972,1741.8203529132556,1783.3797607421875,856488.0
2023-07-21,1783.9187744118492,1788.7706651429824,1754.5134816066522,1768.8240966796875,782735.0
2023-07-24,1760.39463338545,1806.2669274780087,1754.562633830893,1777.106689453125,782832.0
2023-07-25,1778.037831335441,1806.2669730667424,1776.1265057210192,1792.78955078125,472389.0
2023-07-26,1796.6609814310473,1812.34379588125,1792.8383306958335,1802.6400146484373,463896.0
2023-07-27,1805.6297950091955,1812.098943185495,1779.018030877355,1786.369384765625,540277.0
2023-07-28,1782.4484618297008,1798.5233683151357,1774.1170001005946,1787.6434326171875,493242.0
2023-07-31,1793.7204294629937,1817.9307511753284,1784.7028080842092,1812.784912109375,599614.0
2023-08-01,1815.2842483938127,1818.224813654584,1788.476561589236,1801.267822265625,512567.0
2023-08-02,1796.3671215150878,1803.424406856184,1770.2454715807555,1784.8990478515625,650377.0
2023-08-03,1772.1566918278058,1798.2293287836928,1758.6302590929372,1794.2596435546875,664460.0
2023-08-04,1794.2596674225451,1809.3543458543247,1784.0658913731218,1789.2607421875,325948.0
2023-08-07,1790.6821126541367,1827.9777667739231,1789.8489183880863,1818.8131103515625,970459.0
2023-08-08,1820.8713397816985,1831.359183867159,1795.484743585372,1807.884033203125,481950.0
2023-08-09,1808.3742628819507,1813.2750452071743,1791.2211043025045,1809.060302734375,529863.0
2023-08-10,1798.7193828240738,1818.2248484623035,1787.8884587388409,1794.0145263671875,703299.0
2023-08-11,1802.3919290106344,1813.430196516067,1782.385061607915,1801.159912109375,749144.0
2023-08-14,1798.597506869114,1808.502318540912,1767.897216789088,1785.5880126953125,530231.0
2023-08-16,1785.8345534455843,1793.719099635808,1759.7665239899711,1790.663818359375,399331.0
2023-08-17,1783.86333944824,1786.2779717594256,1767.7986847526263,1774.845458984375,497072.0
2023-08-18,1769.0799941429357,1774.845470851478,1759.864990915648,1765.0885009765625,441358.0
2023-08-21,1765.088509381511,1786.820079644997,1764.1521765372008,1782.2864990234375,267446.0
2023-08-22,1783.863334177248,1798.6466912674234,1772.0858567088326,1779.7239990234375,366115.0
2023-08-23,1783.8633748231705,1788.791200894167,1767.1089111249464,1771.6917724609375,418171.0
2023-08-24,1778.935591663867,1787.2636638234117,1745.4265426731386,1752.374755859375,924665.0
2023-08-25,1734.585333871463,1756.9082721535387,1732.6635083008564,1750.6007080078125,659271.0
2023-08-28,1752.2760246580733,1764.1520628830458,1742.76545872949,1758.8792724609375,773224.0
2023-08-29,1759.2243982624177,1780.8574077611083,1753.409640692561,1775.7818603515625,643399.0
2023-08-30,1778.9356272545022,1798.5483710511185,1773.8600797162107,1780.5618896484375,475187.0
2023-08-31,1780.5617876702088,1792.7333898724548,1756.1199011281833,1765.0885009765625,1249751.0
2023-09-01,1764.152191794128,1798.6467327283333,1762.0825241695145,1785.3416748046875,421915.0
2023-09-04,1788.8404637637595,1823.975653132628,1788.7911830878206,1814.4649658203125,947843.0
2023-09-05,1825.7003055754665,1844.9680830475809,1817.8651614614928,1827.0308837890625,884678.0
2023-09-06,1828.213559875171,1832.1557724002969,1790.762299314532,1811.9517822265625,598389.0
2023-09-07,1805.545665043656,1824.3699171566188,1799.1888201405886,1820.723388671875,409810.0
2023-09-08,1820.72335646078,1829.44555289277,1813.5287401854864,1823.039306640625,365560.0
2023-09-11,1823.0392713873136,1842.109926176318,1819.1463396645129,1835.4573974609373,433848.0
2023-09-12,1838.0691894992883,1892.274913021907,1809.4879678626403,1843.9332275390625,1858204.0
2023-09-13,1851.8670496021448,1918.3923379412604,1828.8541820056928,1905.0872802734373,2896732.0
2023-09-14,1914.942787402896,1925.7839319458428,1890.8458660340293,1903.7073974609373,1225975.0
2023-09-15,1913.9573304431788,1959.243734995106,1904.8408885646431,1944.36181640625,1672773.0
2023-09-18,1951.408580914942,1959.3915672101723,1924.7984655495468,1929.1842041015625,682473.0
2023-09-20,1929.184254798449,1931.697448531576,1902.1306126421628,1916.6182861328125,582031.0
2023-09-21,1904.2002566121653,1911.9861203130124,1868.72010230032,1883.897705078125,1002208.0
2023-09-22,1879.1669572135493,1901.095649757791,1862.018248578676,1884.3411865234373,678725.0
2023-09-25,1884.3412100243213,1917.8502576969104,1874.4362773565983,1911.8382568359373,762935.0
2023-09-26,1916.8646645160763,1931.598861984752,1908.2903100007525,1929.7261962890625,659819.0
2023-09-27,1938.448349735158,1938.448349735158,1895.2808940610728,1903.214599609375,510599.0
2023-09-28,1902.1305582277207,1909.96570247806,1869.2128788264647,1878.9698486328125,726738.0
2023-09-29,1882.1236904944624,1922.827354244041,1882.074409819042,1914.3514404296875,804258.0
2023-10-03,1900.25806923023,1911.0006528612032,1879.117745920503,1893.7041015625,596037.0
2023-10-04,1878.477249313741,1882.419461958472,1849.9451863522108,1868.4737548828125,693152.0
2023-10-05,1869.7056100088328,1881.4338071162088,1853.838198422702,1862.8560791015625,549055.0
2023-10-06,1862.806788266611,1878.378636494036,1862.7082269138944,1875.816162109375,402950.0
2023-10-09,1862.7575504773515,1869.5086409359585,1848.0233526228144,1861.72265625,347299.0
2023-10-10,1865.6154547547048,1894.7387628521967,1859.2586101707388,1891.1907958984373,358738.0
2023-10-11,1907.9945398874447,1953.7738702952229,1895.8229381302665,1951.507080078125,914364.0
2023-10-12,1962.151093803464,1992.801981891496,1938.4482975746373,1972.8936767578125,2108772.0
2023-10-13,1967.128283793792,1971.8095856437903,1945.840118890506,1953.970947265625,307670.0
2023-10-16,1953.9709400195616,1971.119769657885,1929.726176225761,1945.199462890625,668313.0
2023-10-17,1971.1196943020504,1990.978718772173,1929.775383126208,1945.9385986328125,1316588.0
2023-10-18,1941.65158317772,1962.2005387913148,1922.8274512908831,1927.45947265625,585260.0
2023-10-19,1923.8621029816184,1950.275095236612,1899.962304354868,1947.170654296875,712810.0
2023-10-20,1943.918289483348,1948.5997121100831,1911.3455745852727,1918.2445068359373,491975.0
2023-10-23,1911.1978522362392,1911.1978522362392,1857.7804952138763,1875.274169921875,878203.0
2023-10-25,1873.647907203919,1892.32419621149,1841.9621237476665,1850.33935546875,738333.0
2023-10-26,1840.1388358078432,1846.939206605576,1812.9866332919523,1822.84228515625,1141085.0
2023-10-27,1830.233992190164,1842.9969629300224,1823.3843403846008,1829.19921875,289530.0
2023-10-30,1829.1991417699744,1855.119327578348,1801.652693674681,1851.669921875,514528.0
2023-10-31,1852.9510020259763,1864.629917547741,1838.069084344692,1859.4556884765625,291175.0
2023-11-01,1866.650406268568,1869.607126011536,1834.521096857692,1841.56787109375,349005.0
2023-11-02,1851.522060686804,1873.5000338107589,1851.522060686804,1870.34619140625,322032.0
2023-11-03,1876.013219656136,1887.3471708950324,1863.0530061539,1868.818603515625,234555.0
2023-11-06,1874.633435282817,1908.586009674476,1868.8186778012755,1890.9937744140625,292296.0
2023-11-07,1892.2750333339336,1902.081405260096,1884.4398885575345,1893.802734375,223028.0
2023-11-08,1901.1449428173064,1914.9428072095784,1892.2749043916983,1905.9249267578125,427257.0
2023-11-09,1909.4238234231168,1916.4704771897336,1902.130645482045,1907.0584716796875,289965.0
2023-11-10,1902.1797792020784,1919.6734521448136,1893.457583067656,1914.9427490234373,193655.0
2023-11-13,1917.8009348479347,1917.8009348479347,1894.2459802507624,1900.9970703125,214186.0
2023-11-15,1918.885030033471,1935.9352983073493,1907.0583925927567,1915.879150390625,972167.0
2023-11-16,1921.5460776123407,1926.62174566396,1886.2137655267825,1914.548583984375,954513.0
2023-11-17,1913.0209430299976,1954.9565020033776,1912.331013588524,1942.094970703125,849407.0
2023-11-20,1943.1297726968023,1949.5851787791964,1924.897009977307,1943.8197021484373,287305.0
2023-11-21,1944.164682464976,1959.2930043453684,1940.5674347245404,1948.8953857421875,317975.0
2023-11-22,1951.2113831543527,1956.237649509202,1930.4653066195567,1945.5936279296875,315125.0
2023-11-23,1955.4493275384657,1955.4493275384657,1923.2214571805823,1928.64208984375,437448.0
2023-11-24,1935.5410373192085,1941.0108299146584,1917.3574344376937,1921.2503662109373,168686.0
2023-11-28,1934.6539862738643,1958.30750255036,1925.044858523384,1947.36767578125,699089.0
2023-11-29,1959.391554810857,1979.989789986705,1952.443341960177,1974.32275390625,824220.0
2023-11-30,1977.0330542200977,2001.6720629936617,1961.51048714777,1976.490966796875,1707069.0
2023-12-01,1990.7817616561863,2009.5566128641376,1979.004283566816,1986.9381103515625,932202.0
2023-12-04,2045.0366232651395,2046.0222367532965,1999.158851896717,2023.3050537109373,1055783.0
2023-12-05,2028.1837794426767,2047.9936460302663,2009.0639631441893,2042.4251708984373,561391.0
2023-12-06,2049.8166169345573,2054.892284850959,2016.0120067042192,2028.0357666015625,360631.0
2023-12-07,2028.035693863272,2058.8344234076194,2016.0612150700545,2051.689208984375,424799.0
2023-12-08,2049.9645747893937,2068.9859499890376,2013.1539621117945,2040.158203125,594786.0
2023-12-11,2042.0801362205416,2058.0953899925453,2038.2364849781388,2053.9560546875,254812.0
2023-12-12,2059.8202999244395,2098.257055529548,2045.6281890393057,2050.703857421875,774496.0
2023-12-13,2050.851542247998,2062.7274603017663,2007.881088239185,2053.857421875,805574.0
2023-12-14,2064.698773132011,2081.4532371740565,2051.8865217132734,2073.51953125,607109.0
2023-12-15,2085.44439242945,2101.952450408377,2071.646529698498,2096.9755859375,727207.0
2023-12-18,2096.975953395787,2096.975953395787,2071.646892718311,2079.28515625,314105.0
2023-12-19,2076.623722102418,2106.929644072638,2059.0314886639244,2087.662109375,317963.0
2023-12-20,2103.184680341521,2104.761661923856,2023.896423449592,2033.7520751953125,678958.0
2023-12-21,2020.3979749573136,2060.6581165729103,2020.3979749573136,2055.48388671875,445236.0
2023-12-22,2058.834551565366,2066.3247311649925,2005.515759057103,2016.652587890625,1006017.0
2023-12-26,2021.3832399650548,2052.921059980226,2019.4121337632296,2039.665283203125,643808.0
2023-12-27,2048.929709657068,2100.080396262829,2041.685933116104,2094.11767578125,1137913.0
2023-12-28,2098.256843620564,2117.228936897199,2075.884625396533,2109.048828125,1063989.0
2023-12-29,2109.3937770800544,2114.0259188476607,2084.4589639843266,2103.97314453125,651373.0
2024-01-01,2114.025935351212,2143.592648873434,2081.502381376415,2096.58154296875,807664.0
2024-01-02,2099.144239241154,2099.637046063724,2057.8492016575315,2071.10498046875,799936.0
2024-01-03,2059.8201761220416,2089.386890843373,2036.265220754228,2042.2772216796875,975031.0
2024-01-04,2059.820212105013,2064.7480382399763,2029.6621287423525,2040.3060302734373,962508.0
2024-01-05,2067.7045632624904,2068.6901767685845,2023.896458635984,2049.4716796875,1089092.0
2024-01-08,2049.4718004978736,2053.6111358955327,2028.183755371061,2037.84228515625,559523.0
2024-01-09,2052.083757112847,2062.5305365881136,2029.1201680241795,2034.2451171875,1216816.0
2024-01-10,2037.1387158664,2052.6239602844416,2019.377501427381,2046.7861328125,325322.0
2024-01-11,2048.1712799128136,2074.2441389265664,2029.4207078402808,2061.776611328125,887806.0
2024-01-12,2061.084075806556,2098.5852208835245,2053.168246422757,2089.333740234375,485644.0
2024-01-15,2089.5316715521903,2100.6137848200824,2071.671532473497,2078.894775390625,202260.0
2024-01-16,2070.5337164177145,2097.4970111804755,2068.109541900223,2092.9453125,457403.0
2024-01-17,2090.372799787277,2092.945299466001,2034.3682086972783,2046.0936279296875,733818.0
2024-01-18,2045.2523611614704,2047.2313184533537,2014.77637055208,2032.042724609375,877519.0
2024-01-19,2034.8133812092424,2071.968353921799,2030.756663568321,2059.302978515625,456698.0
2024-01-23,2056.23566377447,2064.4481432503376,2011.1153410440445,2028.0355224609373,938057.0
2024-01-24,2047.231474844841,2058.8578498228144,1995.3333642150017,2049.50732421875,604130.0
2024-01-25,2058.06599665687,2065.3882833499665,2030.558442849468,2054.65234375,467209.0
2024-01-29,2058.1156821691616,2102.6422233699363,2055.889355109123,2082.35791015625,795647.0
2024-01-30,2092.7474384840007,2116.494927147649,2083.842130235133,2103.780029296875,852171.0
2024-01-31,2104.126493130388,2159.092084211481,2093.192704985717,2152.1162109375,910709.0
2024-02-01,2152.1163077809583,2155.9751783247457,2089.234884128874,2106.20458984375,638710.0
2024-02-02,2125.3507546126725,2147.0697640623125,2108.0843993743374,2116.940185546875,330557.0
2024-02-05,2107.688747124319,2124.707733028285,2059.1052446745275,2067.76318359375,949717.0
2024-02-06,2060.0945982291414,2075.8767347570947,2039.31554608562,2044.262939453125,581483.0
2024-02-07,2057.1263637881466,2097.6949933770425,2041.294703460773,2089.284423828125,1133609.0
2024-02-08,2100.6631161471137,2102.64207339266,2026.4522194391373,2035.6544189453125,1387156.0
2024-02-09,2035.605064457178,2159.042532820786,2025.363984024687,2145.6845703125,2010089.0
2024-02-12,2152.116315462394,2175.86380583991,2115.604645635749,2124.75732421875,1229133.0
2024-02-13,2151.027789521238,2151.027789521238,2032.339860033664,2042.4324951171875,985312.0
2024-02-14,2032.389127372779,2063.062965225046,2006.1679434022928,2057.917724609375,605147.0
2024-02-15,2063.7556685728973,2081.5167628572167,2050.991490019317,2062.865234375,506068.0
2024-02-16,2069.3955348231584,2096.7052419654988,2064.893600260534,2083.49560546875,403756.0
2024-02-19,2085.276921534254,2166.958439805705,2080.082158151158,2145.78369140625,1167037.0
2024-02-20,2146.1791917015908,2198.6215601479644,2138.362406995906,2169.1845703125,1710394.0
2024-02-21,2176.8531319436534,2198.62166326309,2157.113080266099,2170.916259765625,765529.0
2024-02-22,2210.495230151789,2220.390016320777,2090.966164916036,2178.040283203125,3428899.0
2024-02-23,2210.495465753001,2213.167009988983,2159.636356052461,2171.31201171875,1646510.0
2024-02-26,2180.910096012539,2188.034294327414,2151.9183218318344,2163.890869140625,905237.0
2024-02-27,2167.156296911163,2190.705939334024,2167.156296911163,2181.602783203125,674507.0
2024-02-28,2178.8321478478097,2195.554241636208,2150.384634564148,2163.00048828125,1197381.0
2024-02-29,2163.000661098172,2182.790237137496,2135.097407197118,2168.34375,1499473.0
2024-03-01,2185.7583199347773,2235.6279468572548,2173.6372065716264,2231.17529296875,826009.0
2024-03-04,2221.3797396328605,2236.2219205212764,2202.8765357730267,2210.643798828125,423656.0
2024-03-05,2206.636310971,2228.206751080871,2197.0876975876854,2208.021484375,401260.0
2024-03-06,2214.354167617729,2229.245869570308,2173.488892751867,2212.968994140625,678808.0
2024-03-07,2215.442691330044,2226.6733706058017,2184.7688532633933,2204.657470703125,519779.0
2024-03-11,2206.5373660776604,2246.660773223639,2202.084712199925,2213.265869140625,599546.0
2024-03-12,2212.474126906622,2223.308869151105,2149.988650586306,2161.021240234375,891725.0
2024-03-13,2170.916266505989,2179.871097050041,2114.81287256382,2126.48876953125,881145.0
2024-03-14,2127.2800900562734,2181.701416754109,2106.2043877017545,2173.389892578125,1097271.0
2024-03-15,2162.1098987560904,2185.659297412243,2142.270803472387,2173.983642578125,2630480.0
2024-03-18,2158.053078060058,2190.705875664818,2147.1688121918046,2179.920654296875,508214.0
2024-03-19,2175.863771263892,2182.8891670177213,2141.0836898299544,2150.928955078125,660181.0
2024-03-20,2152.6108979081064,2173.04353630199,2108.5790960432887,2144.695068359375,655682.0
2024-03-21,2164.979085410529,2188.033984131706,2152.412756035372,2182.344482421875,880687.0
2024-03-22,2176.8530032024687,2210.495276888325,2171.3613484481853,2200.1552734375,551648.0
2024-03-26,2191.695201054577,2218.5101689919643,2178.485564500711,2216.481689453125,731877.0
2024-03-27,2216.4321127943244,2228.2563340102474,2175.566597400293,2184.125732421875,1033992.0
2024-03-28,2186.747869333268,2284.9041054704,2186.747869333268,2263.234619140625,1786120.0
2024-04-01,2275.801011364405,2294.798954101405,2264.966267907299,2268.429443359375,288891.0
2024-04-02,2272.832468172428,2291.6325625978857,2251.063937785056,2282.03466796875,446163.0
2024-04-03,2279.3632128775025,2291.7809772119413,2263.9767708933496,2281.193603515625,303529.0
2024-04-04,2285.200935758923,2299.301006481835,2225.8322169256107,2253.884033203125,814966.0
2024-04-05,2251.113506937706,2253.1419865350017,2210.000619694152,2214.008056640625,454995.0
2024-04-08,2223.358551456585,2264.3723936441447,2211.4848075235727,2256.802978515625,278448.0
2024-04-09,2272.783073328915,2288.0211903974287,2257.940892687347,2277.08740234375,388155.0
2024-04-10,2285.64620678654,2290.544077891512,2267.439895876687,2282.084228515625,513499.0
2024-04-12,2272.832533756241,2282.727320581475,2225.634448914264,2230.33447265625,635489.0
2024-04-15,2215.442881741174,2229.691278858293,2201.392332056135,2213.859619140625,415064.0
2024-04-16,2205.5478954619416,2225.5848379846443,2197.731110810253,2219.35107421875,558075.0
2024-04-18,2221.428999824168,2276.641954530057,2196.098250800729,2202.62890625,987066.0
2024-04-19,2196.642702438088,2266.648320094617,2178.189021408997,2249.2333984375,1061064.0
2024-04-22,2251.064009044728,2262.7894280942432,2242.208223125732,2256.5556640625,445671.0
2024-04-23,2254.477740352309,2351.001437763426,2254.4282181019385,2345.212890625,1823447.0
2024-04-24,2352.980325884264,2359.2140899484725,2308.4537848141244,2313.15380859375,1021874.0
2024-04-25,2324.285426378573,2351.050873068245,2309.641093555711,2342.541259765625,1621547.0
2024-04-26,2342.046672668862,2354.2668318271217,2305.535003521317,2317.804443359375,405679.0
2024-04-29,2330.222125404352,2367.6244651583484,2285.2998931612083,2361.48974609375,616995.0
2024-04-30,2379.696430028473,2412.79444640616,2349.1216328161445,2386.2763671875,1041175.0
2024-05-02,2384.6434736671504,2426.2015756978644,2375.787688334515,2411.705810546875,1466226.0
2024-05-03,2416.3070790791853,2460.8336223054603,2413.14079543082,2455.2431640625,1192695.0
2024-05-06,2462.8123768437304,2463.554485836351,2415.515248732987,2427.488037109375,606833.0
2024-05-07,2434.1174997095727,2442.725915723426,2377.816260674333,2395.52783203125,438590.0
2024-05-08,2378.706667518346,2398.644565627714,2345.954827672077,2352.337158203125,462790.0
2024-05-09,2350.457197502975,2368.218292366685,2320.377140782772,2328.93603515625,557056.0
2024-05-10,2335.1201750833043,2357.6308151741105,2297.569507290173,2352.13916015625,890719.0
2024-05-13,2352.88124953064,2367.822474182886,2322.355977286784,2360.1044921875,511264.0
2024-05-14,2358.372978220316,2371.6321378504167,2337.247752748115,2347.093017578125,421260.0
2024-05-15,2361.836085343669,2378.657222892502,2341.3044027473,2344.767578125,404095.0
2024-05-16,2356.9382099716304,2360.8961246819104,2285.89359260772,2347.63720703125,1181205.0
2024-05-17,2349.022143449307,2408.044443980081,2349.022143449307,2398.149658203125,1184234.0
2024-05-21,2404.532279795773,2424.17328700102,2381.0814414038346,2420.907958984375,555489.0
2024-05-22,2430.109924790217,2437.1353194946983,2392.856152045674,2411.012939453125,722345.0
2024-05-23,2416.3070130482606,2435.9975427747872,2370.4445781497066,2427.98291015625,1091448.0
2024-05-24,2423.9753209934133,2448.7618094714435,2406.01638013835,2415.3173828125,483000.0
2024-05-27,2415.3669398970123,2429.862705688787,2360.8465689083496,2365.4970703125,888793.0
2024-05-28,2373.6602331698964,2443.962739457603,2367.525513863812,2414.67431640625,874384.0
2024-05-29,2414.3278912397595,2434.117464118774,2368.069764635064,2375.342529296875,1084966.0
2024-05-30,2378.7067862912727,2381.279527530849,2303.506405360268,2320.525390625,826458.0
2024-05-31,2318.298913989142,2337.148530254992,2271.7934182558715,2291.8798828125,1644820.0
2024-06-03,2374.748884449073,2379.894125384323,2337.4455857035755,2343.877197265625,807692.0
2024-06-04,2311.471792281799,2340.315000092842,2148.7520664922786,2232.65966796875,1543389.0
2024-06-05,2234.638379173679,2289.406116448776,2159.190635735875,2280.599853515625,1996915.0
2024-06-06,2281.78731349079,2328.243288289532,2268.973613150971,2310.185302734375,834320.0
2024-06-07,2286.882938792741,2358.372769105345,2286.882938792741,2354.810791015625,471524.0
2024-06-10,2356.0476978334327,2445.9912100197034,2350.308673379032,2421.056396484375,980297.0
2024-06-11,2424.1239415799337,2455.8863067202915,2400.821909807988,2431.05029296875,531924.0
2024-06-12,2404.433194955586,2450.7903677916347,2404.433194955586,2424.37109375,463980.0
2024-06-13,2415.3670940683724,2449.504110138716,2404.4333058242046,2432.188232421875,512510.0
2024-06-14,2432.187915956613,2497.1470892819584,2424.2225649288903,2445.199462890625,1542911.0
2024-06-18,2445.001553725987,2461.278427936408,2419.275110829639,2431.693115234375,467553.0
2024-06-19,2432.138773122352,2434.958884195156,2386.622750517133,2421.40283203125,668976.0
2024-06-20,2421.3535189892227,2477.6547626131096,2406.907032770124,2472.509521484375,1008266.0
2024-06-21,2472.707106475867,2489.13254842977,2424.816437216912,2440.20263671875,2867672.0
2024-06-24,2437.976437479173,2495.217876085363,2417.3954740706936,2488.637939453125,724085.0
2024-06-25,2493.485975505719,2503.232435967315,2468.749011463004,2490.468017578125,792404.0
2024-06-26,2492.298958972264,2537.0233471997744,2482.65154179785,2525.39697265625,1387150.0
2024-06-27,2528.019039178604,2626.719539705742,2525.3970172470126,2609.84912109375,4849907.0
2024-06-28,2608.216016311824,2650.763595279152,2559.978935505843,2642.35302734375,1495266.0
2024-07-01,2638.1480308780124,2715.0304766575587,2634.04179094965,2697.714599609375,1098168.0
2024-07-02,2688.413651991171,2733.632780671995,2688.413651991171,2714.090576171875,942834.0
2024-07-03,2721.8085949497654,2732.346446711864,2701.9199760058004,2713.4970703125,537119.0
2024-07-04,2719.0872307365166,2723.787254152091,2688.462915953633,2706.07568359375,446631.0
2024-07-05,2701.2767861711927,2726.706339836511,2691.777694250385,2719.08740234375,372709.0
2024-07-08,2722.7483977024112,2725.964203367838,2685.296775126683,2713.298828125,333988.0
2024-07-09,2706.323155824433,2756.638000300341,2690.2934084156755,2732.7421875,451862.0
2024-07-10,2751.7403461139893,2782.661556403836,2712.1611969429864,2772.667724609375,1128000.0
2024-07-11,2795.2769931977696,2807.150736177725,2761.882091066646,2772.123291015625,1679101.0
2024-07-12,2777.4664945913464,2820.014075377748,2772.123406656244,2813.829833984375,1457604.0
2024-07-15,2820.0141194480047,2822.9330331169062,2756.687486590225,2774.250732421875,1333353.0
2024-07-16,2788.350817117881,2814.819370828989,2780.731879878042,2797.6025390625,756629.0
2024-07-18,2780.43497659379,2815.858360197165,2747.7821814950016,2762.426513671875,1181529.0
2024-07-19,2756.68747383254,2760.5958661217564,2705.7293241906245,2714.139892578125,424329.0
2024-07-22,2673.5715500782426,2792.308998638342,2673.5715500782426,2781.968994140625,1248824.0
2024-07-23,2781.424633706912,2820.9542595713165,2744.8634439510524,2793.347900390625,1046046.0
2024-07-24,2800.224976607067,2800.224976607067,2745.8036431394385,2777.367919921875,2880833.0
2024-07-25,2775.4877790058526,2795.277353187713,2742.389764501082,2768.1162109375,550900.0
2024-07-26,2795.2277353055647,2847.4722576726385,2778.950859412251,2813.384765625,701236.0
2024-07-29,2829.81002990706,2834.856467892296,2790.3299265117885,2798.443603515625,501949.0
2024-07-30,2798.4434909121337,2800.224600810076,2753.570778736308,2761.535888671875,721728.0
2024-07-31,2761.5359387384888,2769.3034429696995,2732.49488455663,2747.534912109375,662086.0
2024-08-01,2752.6801088188245,2759.3095675238987,2724.6285337617264,2737.887451171875,383675.0
2024-08-02,2720.571489917113,2728.091624124853,2672.5817764197573,2678.32080078125,401105.0
2024-08-05,2627.214162809927,2650.763803190541,2560.523397873002,2584.765625,1049292.0
2024-08-06,2609.3493934169887,2661.3972249342223,2592.4636150812107,2602.89306640625,813893.0
2024-08-07,2632.194727940202,2641.531472616569,2614.56398966815,2619.331787109375,551368.0
2024-08-08,2605.6244766324794,2616.103640058089,2514.093726202224,2527.552490234375,1199236.0
2024-08-09,2538.9258344087016,2621.2190253759377,2522.983624770428,2555.4638671875,2677777.0
2024-08-12,2552.7322450396564,2603.38957752877,2537.882742153192,2553.824951171875,1827230.0
2024-08-13,2554.7188166741093,2562.0689993176275,2495.2708498536563,2502.3232421875,784848.0
2024-08-14,2507.041444631559,2517.470895966199,2488.2188166752853,2495.519287109375,286936.0
2024-08-16,2495.5191575624144,2590.476920832288,2495.5191575624144,2582.87841796875,725887.0
2024-08-19,2602.197766409004,2617.444485161808,2539.869379967753,2580.94140625,682028.0
2024-08-20,2590.477012845369,2631.1021113304555,2571.6543851976376,2618.984130859375,685479.0
2024-08-21,2622.31175035888,2673.962366255041,2607.511716842323,2666.810791015625,857604.0
2024-08-22,2676.346072453837,2754.318634755932,2672.969013889263,2736.63818359375,2065301.0
2024-08-23,2752.7790908724774,2762.21526114194,2688.762173702332,2730.082763671875,1101735.0
2024-08-26,2733.509321075689,2744.634019812576,2694.572754246462,2718.212890625,597542.0
2024-08-27,2723.03039932923,2729.486726422881,2678.928815874241,2681.759521484375,1450595.0
2024-08-28,2680.368952708616,2704.257410811278,2664.973096207974,2697.304443359375,981745.0
2024-08-29,2696.658678893996,2700.7312282795165,2622.311736333571,2658.21875,941802.0
2024-08-30,2658.2188344334872,2690.6990779414773,2658.2188344334872,2680.716796875,994826.0
2024-09-02,2688.5634874037755,2711.3095264936505,2657.573167082548,2672.720703125,720118.0
2024-09-03,2662.0925743556377,2691.791580028173,2662.0925743556377,2688.662841796875,522391.0
2024-09-04,2676.8926168982694,2745.379301583794,2669.194688222588,2739.12158203125,1119041.0
2024-09-05,2755.36165261184,2755.36165261184,2716.921724199102,2723.179443359375,472385.0
2024-09-06,2721.5901864692687,2726.159376483156,2656.083347086969,2674.757080078125,555331.0
2024-09-09,2671.8763252756426,2697.155279624191,2655.934115843566,2692.139404296875,267477.0
2024-09-10,2681.8589304354387,2696.907041878332,2659.01346547247,2684.391845703125,431289.0
2024-09-11,2691.791507732205,2711.160487215888,2656.132816862345,2663.13525390625,347845.0
2024-09-12,2672.522245781105,2746.422263205031,2660.751767652976,2738.575439453125,939815.0
2024-09-13,2741.555025241075,2780.1935597067104,2729.734835667861,2765.64208984375,634726.0
2024-09-16,2783.9682552870613,2800.1090728124964,2738.773966215844,2746.72021484375,431468.0
2024-09-17,2750.395161551901,2758.639442569423,2711.657201530043,2736.34033203125,253234.0
2024-09-18,2736.3406280882505,2758.341708198909,2696.758277911429,2704.406494140625,332947.0
2024-09-19,2724.569955946029,2756.354949963628,2704.009086440947,2720.547119140625,452713.0
2024-09-20,2726.55664089847,2737.1847002518275,2646.299478888545,2660.255126953125,2755774.0
2024-09-23,2686.825307118829,2686.825307118829,2647.0940641300112,2648.981201171875,678018.0
2024-09-24,2658.367905782811,2676.892500857284,2592.463609364568,2601.701171875,1457923.0
2024-09-25,2601.701203829986,2648.087382166839,2566.58862034841,2644.1142578125,883336.0
2024-09-26,2656.0335381819973,2731.522898279915,2638.3530869221704,2727.40087890625,1117471.0
2024-09-27,2727.4007634295094,2788.139800304953,2727.4007634295094,2764.449951171875,1416974.0
2024-09-30,2765.2944012496146,2805.025642646879,2746.422061585913,2776.766845703125,890000.0
2024-10-01,2775.276951644773,2794.745114622148,2736.489278346382,2782.3291015625,442630.0
2024-10-03,2770.261023552204,2813.965392514662,2733.609047490614,2747.564453125,972732.0
2024-10-04,2747.5643787170143,2770.0623408124384,2712.650645548309,2726.656005859375,708378.0
2024-10-07,2741.4555465734697,2751.338643975018,2681.858686865351,2702.220947265625,689611.0
2024-10-08,2697.006251366949,2726.7052564443293,2687.0237287572463,2719.802001953125,553985.0
2024-10-09,2735.4961762764087,2735.4961762764087,2691.7918074470103,2697.503173828125,600020.0
2024-10-10,2699.688194238033,2721.043736915002,2692.884364513199,2704.157958984375,387246.0
2024-10-11,2704.157792466686,2713.345641657283,2667.456108254023,2707.237060546875,209760.0
2024-10-14,2719.1564690835694,2719.1564690835694,2684.143313588485,2708.577880859375,232099.0
2024-10-15,2706.690972749291,2729.486725285787,2682.5541937399507,2717.41845703125,491010.0
2024-10-16,2706.790358332404,2765.294516733008,2706.6909332246573,2745.5283203125,756373.0
2024-10-17,2765.294496281837,2771.0555749824766,2668.002664066801,2687.669677734375,529505.0
2024-10-18,2681.858979307447,2747.415532134962,2656.6792063349526,2742.3994140625,345996.0
2024-10-21,2741.455813712867,2746.819434609155,2693.778321300469,2699.986328125,322456.0
2024-10-22,2699.8374214558,2727.698761965348,2628.5695034138967,2637.509033203125,377094.0
2024-10-23,2632.1947382186986,2658.715293307493,2608.306280868022,2615.507568359375,944905.0
2024-10-24,2627.128895777669,2677.835940792259,2598.522596151646,2648.782470703125,844303.0
2024-10-25,2647.193534077648,2657.076632438472,2582.5308380179385,2597.628662109375,656546.0
2024-10-28,2582.5307854051875,2648.037623558009,2576.8691317987746,2629.165283203125,763794.0
2024-10-29,2642.1275737475567,2671.926005030424,2632.1947633199343,2667.952880859375,611947.0
2024-10-30,2673.56478386653,2690.401091302984,2648.1369350322816,2654.59326171875,469403.0
2024-10-31,2657.0268095077413,2685.831959965956,2626.682024921536,2677.73681640625,321800.0
2024-11-01,2700.731159270442,2700.731159270442,2655.0402312357087,2680.76611328125,62294.0
2024-11-04,2678.531357515722,2681.858946171264,2560.728365602581,2573.194091796875,477329.0
2024-11-05,2573.194060120084,2643.518166509318,2570.214216883244,2633.138427734375,896947.0
2024-11-06,2633.13828011631,2649.626842102559,2601.949352985984,2628.171875,455842.0
2024-11-07,2613.471237949089,2645.0576226334624,2534.604822589586,2545.481201171875,481689.0
2024-11-08,2547.765981695953,2564.353727306748,2522.933954583907,2527.75146484375,558297.0
2024-11-11,2511.064134435418,2536.690833285395,2489.2119519664884,2502.571533203125,354984.0
2024-11-12,2506.296284316541,2529.1417473262622,2493.13531106094,2504.260009765625,520250.0
2024-11-13,2504.260099269948,2517.619680703067,2455.440433354416,2486.0830078125,1449201.0
2024-11-14,2486.083084269489,2521.9406277691864,2473.319568065496,2506.99169921875,581846.0
2024-11-18,2480.222788476628,2535.6479197147632,2462.393442081543,2500.2373046875,1436348.0
2024-11-19,2500.237381310348,2534.8533240562847,2483.2027077353887,2491.2978515625,424096.0
2024-11-21,2474.3625569408555,2538.478655658393,2463.4859352836484,2517.818603515625,686930.0
2024-11-22,2523.3310762447186,2592.3641090507786,2517.8185604309137,2581.189697265625,828921.0
2024-11-25,2597.430006848526,2636.1679687097467,2582.878536123839,2612.130615234375,967944.0
2024-11-26,2612.1306731771188,2621.96405902145,2584.964338217883,2599.615234375,256368.0
2024-11-27,2602.1977025933984,2631.648388265207,2577.564284438597,2604.283447265625,348482.0
2024-11-28,2604.382885299732,2618.2391072992737,2536.889487172736,2553.17919921875,1057792.0
2024-11-29,2547.765685420414,2612.7758763397683,2541.8059996065645,2588.738525390625,650252.0
2024-12-02,2588.3414512062604,2690.7982917453,2574.3360917795794,2675.4521484375,1103892.0
2024-12-03,2674.9557021321534,2710.614396452442,2664.97317862458,2695.764892578125,522667.0
2024-12-04,2690.1031948979025,2706.1445873244948,2676.9919331544625,2699.042724609375,572817.0
2024-12-05,2714.6371970982727,2715.3821579097707,2651.464423283147,2688.61328125,714805.0
2024-12-06,2696.6585026705256,2701.724332794614,2675.253491019353,2683.745849609375,342192.0
2024-12-09,2683.746051188361,2695.814561802139,2651.067200679158,2663.3837890625,387874.0
2024-12-10,2684.739261137996,2689.805091508369,2623.354686063158,2637.459228515625,637387.0
2024-12-11,2648.087334835428,2681.7594661364938,2643.2203545884604,2652.805419921875,319450.0
2024-12-12,2664.973243425192,2664.973243425192,2621.268874170362,2642.177490234375,376376.0
2024-12-13,2623.255326925129,2681.858910525501,2602.8930648266946,2674.60791015625,412267.0
2024-12-16,2662.092523353303,2699.737776511328,2654.295170449741,2667.1083984375,329525.0
2024-12-17,2666.959587057964,2666.959587057964,2577.912039000432,2582.232666015625,887083.0
2024-12-18,2589.483729353475,2600.31039593218,2558.9403366884885,2576.719970703125,369646.0
2024-12-19,2552.7322335907606,2576.5709781846044,2510.269469782977,2521.990234375,510040.0
2024-12-20,2513.001071738812,2545.977954298732,2463.088698673644,2471.978515625,734974.0
2024-12-23,2478.931490203467,2536.541791619825,2478.236241962287,2509.2265625,347378.0
2024-12-24,2498.101831964587,2525.317635638771,2478.236211034451,2485.040283203125,364336.0
2024-12-26,2483.4509577162275,2501.3300167058856,2455.887408440505,2465.373291015625,559646.0
2024-12-27,2465.37325158404,2503.664284141176,2458.271146654364,2463.635009765625,428996.0
2024-12-30,2472.2765637189545,2473.269844781116,2419.632667424417,2427.082275390625,763318.0
2024-12-31,2413.672976689652,2430.558754715876,2396.8866237695684,2426.28759765625,530535.0
2025-01-01,2423.605753687427,2457.2284141147093,2409.650106482741,2425.7412109375,487637.0
2025-01-02,2428.57207026206,2542.302745945089,2428.57207026206,2526.857177734375,970593.0
2025-01-03,2524.1255719089413,2536.7401918250725,2484.295150205244,2493.13525390625,595091.0
2025-01-06,2500.088491015401,2510.9648703964044,2429.3172137071583,2444.017822265625,393162.0
2025-01-07,2444.0673856097933,2480.222717897425,2440.0942615122403,2450.672607421875,495162.0
2025-01-08,2452.2619765526483,2459.7115843038864,2416.8016496565533,2419.38427734375,543301.0
2025-01-09,2418.6891136755944,2422.4139176814297,2380.298654888633,2394.20458984375,766796.0
2025-01-10,2383.87476074922,2408.6073643918808,2336.395873264242,2348.216064453125,413994.0
2025-01-13,2314.295074224859,2332.4224529195644,2261.651179933385,2272.77587890625,422845.0
2025-01-14,2292.492811556116,2314.791924069681,2278.735771124442,2295.075439453125,865382.0
2025-01-15,2311.265792945673,2333.962364046632,2281.318463506373,2301.978759765625,583299.0
2025-01-16,2314.344650088119,2343.894758817785,2297.607768815928,2334.905517578125,1395232.0
2025-01-17,2347.2226290563744,2371.210270259967,2332.8695233773456,2359.886962890625,443089.0
2025-01-20,2364.0586134197065,2394.4528680735584,2357.0559335116245,2385.861083984375,681711.0
2025-01-21,2388.7413859311982,2410.196352585467,2345.7819825727306,2351.5927734375,316019.0
2025-01-22,2364.9524289628293,2380.348284986969,2354.374082952796,2372.10400390625,336546.0
2025-01-23,2371.955351472641,2459.1157711090414,2349.507100811189,2444.61376953125,596720.0
2025-01-24,2449.7786890602515,2497.1581442159163,2436.965218672082,2474.0146484375,1510105.0
2025-01-27,2458.8673747461435,2467.707479578086,2414.070299922949,2441.53466796875,458264.0
2025-01-28,2441.484809123709,2443.4216586618154,2383.6759007925966,2395.0986328125,740041.0
2025-01-29,2386.8544720228056,2447.444618836535,2380.894785450964,2437.1640625,200039.0
2025-01-30,2442.179978519343,2491.695134024716,2430.0619986590245,2474.958251953125,397046.0
2025-01-31,2474.95849167754,2501.379866186467,2459.165419038918,2491.993408203125,431982.0
2025-02-01,2483.20273489514,2497.158382765304,2413.0769926615944,2424.350830078125,432668.0
2025-02-03,2401.753548287764,2463.0886523434992,2401.753548287764,2457.029541015625,427217.0
2025-02-04,2448.437782951149,2475.05776353359,2430.0620835659174,2468.00537109375,337002.0
2025-02-05,2482.209304699266,2483.103160630029,2457.6753116522686,2473.269775390625,464164.0
2025-02-06,2482.20947265625,2491.4470354002824,2459.264582211421,2482.20947265625,595946.0
2025-02-07,2487.175698214091,2505.7997175198075,2449.877947051126,2470.885986328125,738201.0
2025-02-10,2468.3033764009274,2474.2630626216137,2421.718592775997,2456.63232421875,717668.0
2025-02-11,2443.4713212050706,2524.92036524524,2439.547909656844,2474.7099609375,1710410.0
2025-02-12,2462.343688444744,2482.109884062654,2417.39772156208,2468.253662109375,454023.0
2025-02-13,2464.330429680032,2515.931334755906,2457.5263570881025,2473.369384765625,708830.0
2025-02-14,2482.209436562652,2490.900646074425,2389.337654922552,2414.96435546875,677910.0
2025-02-17,2414.9643070611005,2454.546412086859,2389.387319581996,2447.295654296875,646841.0
2025-02-18,2463.3370729508893,2466.2672036303547,2396.588633022596,2446.64990234375,596040.0
2025-02-19,2431.5520784612004,2464.8269945675934,2429.8635491289883,2446.64990234375,289053.0
2025-02-20,2434.531812756863,2461.300688105771,2426.8338847483496,2437.213623046875,427274.0
2025-02-21,2423.6058817899648,2436.86628146298,2384.9176314802976,2414.716064453125,504415.0
2025-02-24,2395.793790156554,2403.740038216775,2365.002078923199,2377.61669921875,543080.0
2025-02-25,2375.928341911381,2387.3510743244165,2351.195740034566,2363.313720703125,497013.0
2025-02-27,2357.05601571715,2363.3137350553898,2301.5317000419127,2324.22802734375,1045684.0
2025-02-28,2331.379493402689,2345.881493570412,2286.1852061337345,2291.151611328125,1153007.0
2025-03-03,2312.854774346159,2366.8891629481377,2302.325898901541,2361.475830078125,790068.0
2025-03-04,2340.170088227684,2388.046184996129,2335.7997487302446,2378.560302734375,521061.0
2025-03-05,2387.847684581304,2392.7643773619,2360.383560084456,2375.58056640625,755361.0
2025-03-06,2385.5133872401184,2398.77378653848,2337.687000670108,2377.567138671875,754593.0
2025-03-07,2364.0090177620987,2398.7738562586005,2364.0090177620987,2391.075927734375,317388.0
2025-03-10,2391.0758706218007,2408.7066097239035,2357.3540265857187,2367.932373046875,650796.0
2025-03-11,2356.0626204935693,2408.706515470871,2348.066659643193,2397.33349609375,445250.0
2025-03-12,2397.333450702434,2422.512979021278,2351.6922364023767,2382.78173828125,561893.0
2025-03-13,2385.8610435832534,2395.595246216158,2347.421116068869,2354.274658203125,479648.0
2025-03-17,2365.7471602824576,2388.344304355692,2354.920493748572,2383.22900390625,646714.0
2025-03-18,2383.22900390625,2383.22900390625,2383.22900390625,2383.22900390625,0.0
2025-03-19,2409.699749334254,2448.040493623844,2409.699749334254,2441.683349609375,415476.0
2025-03-20,2448.239304205208,2460.55589284724,2431.651558332381,2451.566650390625,317002.0
2025-03-21,2463.2375563984992,2497.85349767496,2442.9250076115623,2452.80810546875,1372022.0
2025-03-24,2461.996054987248,2526.9070706456446,2458.370676040869,2496.31396484375,594207.0
2025-03-25,2512.752824584846,2578.45827135242,2503.0683340068435,2552.18603515625,993289.0
2025-03-26,2565.595178416623,2585.411086391529,2542.7994273627764,2564.25439453125,555486.0
2025-03-27,2566.6384181902345,2611.28635610568,2557.6988880959184,2601.105224609375,1246219.0
2025-03-28,2597.3802293751214,2619.927660676889,2581.885190518078,2593.605712890625,435022.0
2025-04-01,2593.8540431737174,2614.3157298527585,2578.7562196776585,2601.403076171875,317974.0
2025-04-02,2601.4031245521214,2615.7062749722345,2583.573777830444,2598.919921875,413523.0
2025-04-03,2577.663859216575,2646.100829465019,2577.663859216575,2634.08203125,298330.0
2025-04-04,2617.3948023324538,2634.081728763967,2592.5627778805133,2599.31689453125,290533.0
2025-04-07,2532.86679911424,2542.7996100911587,2448.9345463592776,2492.24169921875,974267.0
2025-04-08,2532.866749396376,2582.530803306109,2517.1231473068856,2572.647705078125,1296141.0
2025-04-09,2545.282782423288,2569.369848754513,2512.4547940367606,2540.564697265625,494024.0
2025-04-11,2632.194678033652,2642.127488139439,2595.244672940172,2633.436279296875,669041.0
2025-04-15,2657.0268331964426,2707.8827749243,2652.060427900748,2700.333984375,815058.0
2025-04-16,2671.9260904648127,2703.7110848495245,2664.178449583487,2684.64013671875,462016.0
2025-04-17,2682.85205017728,2753.3750029957127,2668.846690716054,2742.15087890625,1061496.0
2025-04-21,2736.489327824664,2768.572354650936,2716.623706570039,2738.37646484375,322964.0
2025-04-22,2731.8208562366817,2753.4744311188206,2719.305418300145,2730.9267578125,211167.0
2025-04-23,2731.622291287524,2745.329375670349,2657.1262131188914,2667.5556640625,603774.0
2025-04-24,2671.925980804922,2717.9149411678973,2655.0402032310617,2710.862548828125,562050.0
2025-04-25,2707.684127137022,2721.490636654604,2657.22540157954,2716.425048828125,649356.0
2025-04-28,2716.6236283160574,2755.0635558364206,2705.002288716913,2734.89990234375,416635.0
2025-04-29,2734.602134196581,2737.0853368020043,2700.731153658504,2727.251708984375,890929.0
2025-04-30,2716.623730914669,2732.41680295352,2700.6318086612823,2719.10693359375,662477.0
2025-05-02,2707.286856404354,2753.176391219712,2677.687033384841,2705.697509765625,798849.0
2025-05-05,2711.657414471917,2754.368501952611,2700.0360740528063,2736.5888671875,661587.0
2025-05-06,2735.496025993233,2745.9254770727284,2699.737908006394,2710.365966796875,288396.0
2025-05-07,2680.865665502284,2708.975568887004,2664.377102386083,2681.759521484375,417883.0
2025-05-08,2666.9597245309906,2691.3945363256826,2658.5168352726987,2680.567626953125,966461.0
2025-05-09,2658.9141580119394,2665.96655103005,2608.952311208579,2617.09716796875,444671.0
2025-05-12,2653.1531344403693,2743.3428606227,2653.1531344403693,2724.371337890625,498304.0
2025-05-13,2722.5832695123454,2729.5362366362365,2684.5405580344323,2690.500244140625,313964.0
2025-05-14,2701.625027248765,2728.543040667539,2687.1232694384908,2718.808837890625,330652.0
2025-05-15,2715.928378950016,2810.4886848583465,2701.724411668034,2805.8203125,1353535.0
2025-05-16,2825.884805184188,2825.884805184188,2756.454551434781,2785.35888671875,700214.0
2025-05-19,2801.0526301653604,2801.152055272918,2702.717803787215,2708.677490234375,575525.0
2025-05-20,2735.4961713944685,2735.4961713944685,2691.990410364612,2702.519287109375,520661.0
2025-05-21,2698.744638042502,2731.423487892453,2674.111219272501,2688.71240234375,304264.0
2025-05-22,2681.85888077237,2684.1434757264133,2630.506298110966,2656.629638671875,541069.0
2025-05-23,2657.026775325804,2728.44358492231,2633.1880304256847,2641.531494140625,990691.0
2025-05-26,2654.543680163638,2678.481851136407,2622.3614702461373,2638.5517578125,435977.0
2025-05-27,2638.1544500004343,2640.538227503345,2577.5643063822013,2596.63525390625,874537.0
2025-05-28,2603.1911897267246,2603.1911897267246,2552.8318857923346,2560.281494140625,849149.0
2025-05-29,2560.2812295105105,2576.471515980487,2535.051746345184,2556.30810546875,616258.0
2025-05-30,2557.6988279274697,2587.397835764268,2518.960865096724,2528.695068359375,1203864.0
2025-06-02,2528.893627776143,2532.4695366615565,2494.128790002316,2507.140869140625,1209305.0
2025-06-03,2525.9137432888588,2545.7793645494867,2495.221455441292,2535.25048828125,1493898.0
2025-06-04,2539.124355339158,2555.811525207943,2524.7217803482854,2532.568603515625,529006.0
2025-06-05,2537.932551293984,2581.5374931352176,2521.8412040083617,2537.237060546875,950620.0
2025-06-06,2542.600781794425,2560.777872805329,2519.0600703213995,2557.1025390625,414844.0
2025-06-09,2568.525383962076,2597.3305345664703,2557.400684642499,2590.9736328125,552351.0
2025-06-10,2691.7917379494784,2723.576732641133,2648.683435899028,2689.80517578125,2885229.0
2025-06-11,2689.904550445539,2715.5310079348965,2660.2053010873205,2703.90966796875,812149.0
2025-06-12,2699.837130864563,2710.6637965549944,2658.0199045735308,2671.031982421875,545570.0
2025-06-13,2634.280759867824,2669.641419615622,2618.090230313234,2645.902099609375,538879.0
2025-06-16,2647.094012962948,2695.7647846834675,2634.2807843468327,2686.725830078125,494993.0
2025-06-17,2686.725843257548,2688.116582242254,2647.094025947962,2653.450927734375,241142.0
2025-06-18,2653.450947993717,2678.1837920865014,2649.378641115168,2657.424072265625,342289.0
2025-06-19,2661.993230745076,2693.778224545017,2652.0604201825945,2675.1044921875,609547.0
2025-06-20,2664.9732930362416,2714.5379248182803,2664.9732930362416,2694.37451171875,1232377.0
2025-06-23,2681.858944853905,2719.1069857546536,2660.1061859679744,2705.399658203125,728851.0
2025-06-24,2727.5499184149407,2782.975052657003,2718.9084212885527,2762.21533203125,1562447.0
2025-06-25,2773.1413765322586,2823.898137201373,2767.7777556495344,2812.7734375,948185.0
2025-06-26,2820.9181289377125,2875.449160556865,2812.971880687184,2863.92724609375,1392932.0
2025-06-27,2876.5418759481345,2876.5418759481345,2825.2884775671896,2841.87646484375,678859.0
2025-06-30,2844.0616716451145,2870.582227111806,2817.6402987830143,2825.387939453125,447868.0
2025-07-01,2823.401396284427,2850.716625272227,2823.401396284427,2828.9638671875,535639.0
2025-07-02,2850.716818040192,2859.55692301937,2815.951978795799,2830.652587890625,917118.0
2025-07-03,2829.2618094213203,2830.751731082474,2791.914585281879,2798.6689453125,393434.0
2025-07-04,2798.6687010836754,2801.0524785333914,2766.982891021393,2787.047119140625,286779.0
2025-07-07,2791.11977798147,2800.9531634731875,2756.354940889174,2760.427490234375,278677.0
2025-07-08,2761.3212535886933,2822.2094290114005,2759.533299240996,2801.84716796875,846061.0
2025-07-09,2794.0994702709327,2810.985247375307,2774.829915751921,2779.100830078125,659109.0
2025-07-10,2779.100959699182,2790.921149723701,2750.3952342829693,2756.454345703125,780215.0
2025-07-11,2756.454216851047,2788.6364244465203,2737.879668037974,2743.442138671875,476850.0
2025-07-14,2755.3618677302093,2790.126707445623,2736.5889512839967,2765.69189453125,2913912.0
2025-07-15,2770.260934443684,2793.205824411036,2744.237018625908,2759.930908203125,450965.0
2025-07-16,2765.294322210134,2765.294322210134,2739.469016040068,2743.83935546875,372782.0
2025-07-17,2743.4422219505923,2759.0366857186896,2723.874634037744,2747.71337890625,720281.0
2025-07-18,2752.381927205024,2755.3617705040547,2698.248107272626,2710.16748046875,797380.0
2025-07-21,2709.670784916723,2733.0128902853235,2694.970176439849,2723.477294921875,616378.0
2025-07-22,2734.4035358773745,2740.4626477928664,2699.2414807456016,2704.406494140625,664321.0
2025-07-23,2717.219898605555,2717.617114049021,2683.348915790728,2690.89794921875,373864.0
2025-07-24,2690.8978394912115,2724.8680035315588,2649.378642330671,2717.517578125,997645.0
2025-07-25,2716.6236455135218,2717.517501449787,2676.09773056486,2690.401123046875,360857.0
2025-07-28,2685.931572341968,2735.9928437665585,2678.8791793931414,2708.876220703125,547126.0
2025-07-29,2708.875935681276,2731.5227913239382,2686.8251456477283,2724.56982421875,743512.0
2025-07-30,2721.5903036190266,2775.227484785241,2714.736760803454,2740.0654296875,772901.0
2025-07-31,2716.6237143369685,2753.176506050037,2709.372714058248,2727.947021484375,581498.0
2025-08-01,2729.5363679583675,2747.9120676698776,2697.7513738627827,2703.90966796875,329586.0
2025-08-04,2711.657156789019,2773.5386122004074,2702.5190199987906,2769.06884765625,570201.0
2025-08-05,2780.193716145584,2805.9195988697275,2765.989748338321,2778.40576171875,782631.0
2025-08-06,2781.186960535778,2781.186960535778,2739.4691561277414,2747.216796875,393906.0
2025-08-07,2745.4287902995097,2754.0702868340486,2700.5325358612326,2725.26513671875,591589.0
2025-08-08,2725.2651782515777,2730.4301912302262,2654.643040841049,2673.515380859375,1162918.0
2025-08-11,2707.6841870246985,2776.2205806067614,2701.7245006262583,2740.363037109375,1236332.0
2025-08-12,2748.4379492222406,2753.322634586421,2696.6992255506807,2731.889404296875,553341.0
2025-08-13,2751.4286232509653,2757.4099898232503,2717.0357654603285,2737.372314453125,479944.0
2025-08-14,2737.372238799783,2761.3974912207736,2722.618396368512,2756.313232421875,618912.0
2025-08-18,2786.319938326159,2856.501209008308,2767.877391328293,2837.061767578125,1279195.0
2025-08-19,2837.0617977282795,2845.1367400688337,2794.4944536924536,2819.5166015625,372899.0
2025-08-20,2819.5164963275824,2874.6448056394684,2798.681257218926,2856.002685546875,930944.0
2025-08-21,2871.055972620186,2889.398732870065,2846.1336117467467,2872.252197265625,1138327.0
2025-08-22,2872.15256552198,2872.15256552198,2792.699886794984,2805.0615234375,671902.0
2025-08-25,2816.9245845524483,2823.9028456674296,2782.930630007499,2802.6689453125,591824.0
2025-08-26,2794.8932779783568,2809.7469074021446,2771.7651328549146,2787.51611328125,425619.0
2025-08-28,2766.3819097438177,2797.2856355823974,2763.590556798043,2775.653076171875,528080.0
2025-08-29,2775.653157308856,2789.1112318577684,2754.120140677626,2766.980224609375,542362.0
2025-09-01,2769.3726708074537,2808.0522225895284,2764.7868591687698,2795.192138671875,499161.0
2025-09-02,2806.257872235183,2811.242344477164,2765.086082839935,2771.167236328125,468533.0
2025-09-03,2780.3384576182425,2800.475675648065,2761.8959113773185,2772.761962890625,500510.0
2025-09-04,2792.301255085068,2856.3018278211007,2792.301255085068,2801.073974609375,1177036.0
2025-09-05,2801.2733587898983,2828.687955717557,2777.44767917665,2795.2919921875,495200.0
2025-09-08,2786.419795585386,2815.130161256201,2786.419795585386,2795.391845703125,229922.0
2025-09-09,2795.391770052061,2814.93075486134,2777.8463307214474,2787.217041015625,388718.0
2025-09-10,2787.2169247992574,2809.248388148707,2766.9801634088767,2777.1484375,421783.0
2025-09-11,2773.758828965584,2797.684294114968,2762.394330372594,2790.307373046875,217951.0
2025-09-12,2790.3074125171474,2809.248406028339,2780.4382553563896,2793.298095703125,168095.0
2025-09-15,2786.319856115233,2811.0428859837243,2776.3509120861986,2793.69677734375,291664.0
2025-09-16,2803.1673839401706,2839.653817868174,2795.2920152018114,2834.1708984375,546549.0
2025-09-17,2846.133615917553,2872.052871263913,2841.149143735561,2856.501220703125,785107.0
2025-09-18,2869.062054951993,2874.046526902918,2843.142800807187,2869.859619140625,513800.0
2025-09-19,2867.168187063436,2882.3209338264683,2839.45447304362,2868.96240234375,790137.0
2025-09-22,2851.118152219677,2901.9597696193987,2839.952982957402,2845.236572265625,751168.0
2025-09-23,2850.0213604950027,2864.8752333851166,2799.3793186558823,2804.762451171875,702680.0
2025-09-24,2804.76255001474,2829.8842416120656,2789.21089915893,2798.681396484375,316532.0
2025-09-25,2801.2733348645206,2824.401236853109,2762.59378248955,2769.970947265625,723479.0
2025-09-26,2766.3819040853023,2801.273207380072,2727.7023534706173,2738.26953125,523045.0
2025-09-29,2731.5904533846533,2757.1108040941544,2692.113337638613,2738.369140625,541455.0
2025-09-30,2738.4689773404125,2760.4006546252645,2737.5718697135485,2748.338134765625,440278.0
2025-10-01,2759.304029434926,2787.5161908279474,2723.515616310033,2781.036376953125,353196.0
2025-10-03,2791.304346305013,2798.083276965382,2757.409936385596,2782.73095703125,708063.0
2025-10-06,2756.5129557307096,2805.3607840409004,2756.5129557307096,2798.681396484375,298274.0
2025-10-07,2791.304385628116,2816.226746214081,2781.634558397247,2799.279541015625,245369.0
2025-10-08,2810.2453623869646,2814.6316004701425,2756.1139468507376,2769.572021484375,339604.0
2025-10-09,2772.762069972213,2808.5507260350973,2769.5720564730173,2801.87158203125,404859.0
2025-10-10,2801.871603249868,2824.0026110847707,2779.640808618247,2802.270263671875,582587.0
2025-10-13,2782.432072829314,2803.267068553431,2769.8711059657567,2789.310546875,280622.0
2025-10-14,2789.310695809564,2799.279640397876,2749.3351306574605,2767.1796875,316183.0
2025-10-15,2771.3664828244805,2816.12694485238,2765.5844465219584,2808.05224609375,459912.0
2025-10-16,2816.9245042140046,2866.071447627193,2808.351358260993,2850.918701171875,517682.0
2025-10-17,2853.111769873225,2877.037235448682,2817.522688506217,2827.391845703125,334522.0
2025-10-20,2840.1522465727926,2865.0746074588296,2829.186407782936,2845.13671875,374581.0
2025-10-21,2866.9684701044566,2866.9684701044566,2852.6132882852044,2861.78466796875,48792.0
2025-10-23,2875.04351184763,2905.448791705935,2847.130468043284,2855.703857421875,511585.0
2025-10-24,2855.703762143161,2868.0651552053987,2814.2328582359546,2832.47607421875,456226.0
2025-10-27,2850.121227735391,2924.8883113590896,2838.7567283775625,2914.819580078125,764132.0
2025-10-28,2923.592173701677,2950.4087792332875,2905.050083792838,2923.79150390625,1056504.0
2025-10-29,2936.7511773446386,2968.552255402627,2930.869597613962,2949.511474609375,711559.0
2025-10-30,2950.807588815009,2956.689168750552,2913.5238335255235,2941.2373046875,446894.0
2025-10-31,2941.2371349161463,2945.224712508702,2871.055866640134,2882.719482421875,576935.0
2025-11-03,2887.0062520679003,2910.831931449882,2863.5792331025705,2890.89404296875,297012.0
2025-11-04,2899.866168037543,2900.863062487469,2863.080860188237,2873.0498046875,229856.0
2025-11-06,2788.413353995832,2791.304250330708,2683.639657817952,2691.714599609375,1986853.0
2025-11-07,2691.6149714488274,2729.496959935885,2667.390388029302,2716.138671875,1101889.0
2025-11-10,2729.497005612345,2780.338622590515,2720.225838545721,2754.319580078125,489522.0
2025-11-11,2766.382123256448,2771.466382349461,2728.9985810502794,2767.1796875,399693.0
2025-11-12,2779.740201978236,2785.023790887991,2746.444026917753,2758.805419921875,531304.0
2025-11-13,2758.008171131988,2776.3509309168526,2737.671379145368,2769.17333984375,687031.0
2025-11-14,2768.5751625848934,2781.3354599666027,2752.425521493831,2774.755859375,510972.0
2025-11-17,2781.335404484827,2790.3074541767137,2762.4941974848352,2781.634521484375,459047.0
2025-11-18,2779.3416179681844,2781.634523790052,2741.459630348819,2753.42236328125,437943.0
2025-11-19,2761.3975025197265,2765.385080140694,2730.5935627507247,2736.176025390625,468941.0
2025-11-20,2751.428708470736,2755.715403323464,2736.4752915768736,2740.064208984375,519341.0
2025-11-21,2741.4596311412665,2748.3381052264326,2714.543482035516,2726.306884765625,471626.0
2025-11-24,2726.406573233332,2731.789949370355,2671.0789304611867,2680.35009765625,917195.0
2025-11-25,2679.7520661478984,2703.5777461299194,2671.677123756705,2678.4560546875,558631.0
2025-11-26,2678.455959691142,2738.070294313241,2678.455959691142,2735.478271484375,444974.0
2025-11-27,2739.465878050866,2739.9643252630303,2703.577678775091,2731.49072265625,399328.0
2025-11-28,2738.668403566008,2739.465967808087,2719.029631439795,2730.892578125,297155.0
2025-12-01,2741.459636489223,2744.550106523326,2691.614915825782,2723.01708984375,288096.0
2025-12-02,2708.662034178129,2732.587501214235,2708.662034178129,2726.50634765625,388195.0
2025-12-03,2735.478400829125,2735.478400829125,2698.7926359899147,2711.85205078125,435124.0
2025-12-04,2711.8519226060675,2733.982929916509,2701.58386146718,2721.92041015625,276879.0
2025-12-05,2722.0202360760745,2741.858337843379,2708.462374500201,2738.468994140625,173909.0
2025-12-08,2738.469087545527,2761.2978733759496,2721.5218816888564,2735.677734375,715725.0
2025-12-09,2731.4908012506826,2770.9679189429003,2718.032726135032,2737.47216796875,419760.0
2025-12-10,2762.294539774948,2771.167045785068,2732.3877083794314,2738.26953125,344470.0
2025-12-11,2748.4379860746126,2793.9960135546767,2734.1823468283524,2789.111328125,453706.0
2025-12-12,2805.260925975222,2836.3639835142394,2787.9150602464706,2827.890380859375,927504.0
2025-12-15,2827.890452080946,2841.049410211664,2808.251679992135,2812.2392578125,736238.0
2025-12-16,2813.2360110854547,2823.9027325431352,2777.547142707744,2790.4072265625,545921.0
2025-12-17,2776.550346153502,2806.158062350795,2771.366543740976,2797.884033203125,420053.0
2025-12-18,2801.2733086201392,2811.24225277893,2778.244950260363,2798.880859375,252763.0
2025-12-19,2791.3044444444445,2822.30795901964,2781.4352867974176,2803.765625,546550.0
2025-12-22,2803.9648042660856,2849.124168844833,2789.410292190172,2800.97412109375,796031.0
2025-12-23,2802.2702985567685,2833.871803940847,2802.2702985567685,2821.011962890625,399009.0
2025-12-24,2822.0088840300614,2854.009050143757,2811.24237519326,2818.120849609375,444617.0
2025-12-26,2819.217524474498,2831.578918388668,2800.575646804566,2808.949462890625,506240.0
2025-12-29,2812.239067225425,2841.149004463829,2803.7654649314104,2833.572509765625,607462.0
2025-12-30,2838.1583448335823,2848.2270755840987,2818.419787120321,2832.874755859375,729640.0
2025-12-31,2835.66621920497,2855.1056606795687,2794.7935473865823,2820.21435546875,327956.0
2026-01-01,2824.201873146012,2846.0337634463767,2813.535151599178,2842.84375,449775.0
2026-01-02,2848.027499931912,2873.04964660122,2836.264340775984,2847.529052734375,698682.0
2026-01-05,2862.0839548468803,2884.015632661799,2833.6724631320994,2840.052490234375,861522.0
2026-01-06,2851.118022260737,2871.0559105282946,2836.6630532667577,2856.401611328125,720656.0
2026-01-07,2871.055980666328,2871.055980666328,2820.314151138774,2828.289306640625,287536.0
2026-01-08,2812.239038505664,2823.105089865817,2778.444416466449,2783.3291015625,437229.0
2026-01-09,2791.105152164369,2799.179851244648,2758.107848251837,2768.276123046875,556140.0
2026-01-12,2754.4191628517246,2812.83727067994,2729.795920423453,2797.9833984375,476367.0
2026-01-13,2790.307503139762,2806.05848377395,2750.531512827397,2765.58447265625,875758.0
2026-01-14,2765.3850848925263,2812.338908813065,2746.5438779540505,2787.117431640625,452326.0
2026-01-15,2787.117431640625,2787.117431640625,2787.117431640625,2787.117431640625,0.0
2026-01-16,2802.070980527922,2818.51973902214,2782.332421658373,2800.874755859375,678922.0
2026-01-19,2787.316765610949,2812.837359816436,2760.201286381633,2771.366455078125,586951.0
2026-01-20,2774.357228392215,2782.1330537059484,2697.5963564604144,2705.1728515625,411054.0
2026-01-21,2710.4561605486224,2743.4534634393267,2699.889225650588,2727.1044921875,939481.0
2026-01-22,2733.982837201929,2790.307369673,2733.982837201929,2778.94287109375,870158.0
2026-01-23,2781.235580131514,2796.2887828753624,2743.9518270461444,2750.431640625,606097.0
2026-01-27,2789.310626596558,2857.9965557527007,2764.3882657441945,2847.329833984375,1521231.0
2026-01-28,2861.186685063264,2882.2210106552493,2822.307803867242,2830.282958984375,508906.0
2026-01-29,2817.821746420017,2844.0398738574586,2799.977191023023,2822.90576171875,680590.0
2026-01-30,2828.687908041346,2830.7814836698712,2799.179735947222,2810.245361328125,1083570.0
2026-02-02,2731.4907536119103,2773.2605331116165,2704.574603850041,2765.9833984375,929579.0
2026-02-03,2860.0902123499404,2860.0902123499404,2792.401175712479,2800.1767578125,1232908.0
2026-02-04,2800.176740979053,2854.9063926599897,2800.176740979053,2836.06494140625,566105.0
2026-02-05,2821.3110223628646,2868.3643907601454,2816.226763419296,2855.005859375,762775.0
2026-02-06,2855.1055349501744,2870.0589508105977,2811.9399591566016,2828.089599609375,361882.0
2026-02-09,2851.018223405408,2930.670232726793,2837.659935675625,2917.212158203125,681768.0
2026-02-10,2933.860266576876,2952.8012604827404,2910.134130797254,2944.726318359375,624992.0
2026-02-11,2969.748479553244,2969.748479553244,2885.9095614112744,2923.49267578125,1015218.0
2026-02-12,2931.2681799046586,2931.3679666970656,2898.5702384746783,2916.41455078125,420088.0
2026-02-13,2920.202792950676,2924.888147919462,2868.4638279447345,2879.031005859375,419620.0
2026-02-16,2861.0869542804826,2908.937885920017,2852.414021597302,2903.654296875,285131.0
2026-02-17,2893.0874934033905,2907.9411234206486,2871.255358823051,2891.392578125,458126.0
2026-02-18,2890.993884001999,2929.772980472363,2890.993884001999,2924.68896484375,350421.0
2026-02-19,2919.00669892627,2950.8075341200647,2838.058675919464,2855.40478515625,388104.0
2026-02-20,2856.0026048962245,2881.0247511257508,2813.933710840007,2824.00244140625,597887.0
2026-02-23,2835.167719873986,2874.744379523449,2830.8810252075364,2864.476318359375,593878.0
2026-02-24,2841.348429300535,2877.7350756573383,2838.5570762459934,2870.358154296875,593814.0
2026-02-25,2883.0185543149296,2901.660430592004,2858.1959815425707,2869.460693359375,595400.0
2026-02-26,2872.551277332496,2880.9250931253146,2837.7597593535547,2854.607177734375,662746.0
2026-02-27,2836.164558521679,2855.7037860493483,2775.3540003249045,2791.10498046875,1153378.0
2026-03-02,2721.322321732643,2777.6468540894725,2688.0259034780943,2768.6748046875,900872.0
2026-03-04,2718.5309657430626,2733.6837115951066,2636.785626839164,2674.866943359375,928520.0
2026-03-05,2676.6614682636914,2723.4157183451985,2648.549094815395,2715.64013671875,1101224.0
2026-03-06,2693.1103448935505,2750.830435943071,2678.854705644427,2709.957763671875,1457401.0
2026-03-09,2650.742283395988,2684.4373637305343,2622.829239418896,2672.873291015625,1019315.0
2026-03-10,2692.611746012595,2744.450254266077,2685.832815487579,2735.37841796875,1035360.0
2026-03-11,2718.132442343403,2754.219971928728,2706.36903942688,2727.1044921875,1492588.0
2026-03-12,2702.7801155355014,2718.929756538949,2652.337403675785,2664.798583984375,952036.0
2026-03-13,2646.754625469514,2655.726675047377,2555.1401276885285,2560.623046875,1309585.0
2026-03-16,2562.018701076908,2653.134755194142,2557.034228895825,2646.156494140625,1531881.0
2026-03-17,2646.854423422316,2690.6179903058896,2641.7701646204546,2674.966796875,603520.0
2026-03-18,2690.6180575117864,2724.412681222042,2678.356207387581,2714.643310546875,933801.0
2026-03-19,2691.6148518838963,2691.6148518838963,2592.02519971716,2599.80078125,1270396.0
2026-03-20,2613.9568407449656,2654.4306063823915,2600.1996496792485,2608.1748046875,1510096.0
2026-03-23,2582.953378894159,2589.9316396630743,2494.7282248871606,2523.239501953125,1936926.0
2026-03-24,2557.532518662959,2592.623151980994,2515.1645077320777,2541.482421875,2303237.0
2026-03-25,2553.844226547838,2660.113027883937,2553.844226547838,2639.5771484375,1656810.0
2026-03-27,2642.7670830396764,2646.7546606828896,2596.511279731371,2620.037841796875,2406056.0
2026-03-30,2611.9631944234275,2611.9631944234275,2532.1118531960446,2549.7568359375,1978678.0
2026-04-01,2593.91918237374,2605.184137568603,2567.999928437646,2584.747802734375,651446.0
2026-04-02,2566.9032274287965,2566.9032274287965,2506.391787575918,2556.136962890625,522088.0
2026-04-06,2537.0963840030363,2617.1470572907,2525.1336505617646,2606.28076171875,720478.0
2026-04-07,2583.950412533384,2624.623754740489,2568.5983353674483,2612.8603515625,632051.0
2026-04-08,2689.621173676712,2786.220146645932,2682.14446544744,2747.640380859375,816578.0
2026-04-09,2731.590597382907,2763.889880417864,2714.543604825192,2731.9892578125,788928.0
2026-04-10,2741.459685107921,2770.4694104014893,2718.730443405813,2734.082763671875,611392.0
2026-04-13,2685.7332563922714,2730.4937168659867,2674.567844589258,2704.574462890625,1259991.0
2026-04-15,2730.4937812445064,2784.525409436752,2723.5155203943013,2732.88623046875,665607.0
2026-04-16,2737.372363265167,2746.743317091637,2687.6274277382668,2708.861328125,803379.0
2026-04-17,2711.552822321265,2728.1013670457546,2683.938895564552,2712.05126953125,427517.0
2026-04-20,2722.0201488319267,2763.291479481757,2688.923303554476,2751.5283203125,702964.0
2026-04-21,2763.3912370064354,2783.3291247193247,2746.4440324504794,2769.073486328125,686149.0
2026-04-22,2765.7836884251165,2801.273225935848,2747.042268665716,2767.97705078125,924150.0
2026-04-23,2753.721615086308,2759.8025252618563,2718.531191977548,2726.50634765625,859207.0
2026-04-24,2752.1264122613265,2760.3008979347123,2723.615377509526,2730.79296875,1109759.0
2026-04-27,2757.4099582697213,2802.170420253812,2743.6527666344064,2769.572021484375,986204.0
2026-04-28,2771.3664944669645,2839.354645402942,2763.3913390872035,2774.357177734375,1561588.0
2026-04-29,2789.3105824668323,2829.784593203703,2768.3757996820564,2794.494384765625,976666.0
2026-04-30,2774.357247058256,2792.700007537073,2718.531158004981,2785.821533203125,1130223.0
2026-05-01,2785.821533203125,2785.821533203125,2785.821533203125,2785.821533203125,0.0
2026-05-04,2796.2887573242188,2856.8999847690848,2796.2887573242188,2847.13037109375,977675.0
2026-05-05,2822.2080521089533,2870.956091014596,2814.831130887,2862.582275390625,947423.0
2026-05-06,2876.5387485707583,2914.2214050088,2863.3797913622534,2905.747802734375,362970.0
2026-05-07,2893.2867674797008,2965.760944230288,2890.9938616026334,2951.40576171875,603383.0
2026-05-08,2951.405704050545,2971.14401877263,2922.994213207175,2959.380859375,505248.0
2026-05-11,2944.9259960906534,2997.9607322260704,2918.9069535574035,2974.932373046875,567800.0
2026-05-12,2970.745492607324,2974.932400665384,2884.713451980497,2893.984619140625,467500.0
2026-05-13,2901.261969777029,2960.078742393231,2900.9628527652058,2936.452392578125,1332833.0
2026-05-14,2945.822913512308,2974.035073340195,2923.9910237905137,2929.573486328125,1652596.0
2026-05-15,2929.772980472363,2959.1813665337627,2915.2184676375364,2924.68896484375,1586864.0
2026-05-18,2896.9752997332434,2946.321575485754,2876.239846296105,2934.657958984375,800447.0
2026-05-19,2945.823030981955,2960.7764473828784,2910.8319392508224,2926.08447265625,637116.0
2026-05-20,2899.16824313462,2978.720464868846,2871.6541037456054,2961.873046875,1306216.0
2026-05-21,3051.1946262097767,3170.1241762140394,3011.6179674033374,3144.703369140625,4417489.0
2026-05-22,3168.130430964332,3177.700714641171,3132.242232249821,3145.5009765625,906466.0
2026-05-25,3170.124304184614,3182.3861544150222,3118.385580346649,3161.75048828125,620009.0
2026-05-26,3158.560242176056,3186.2739562479805,3145.201954050652,3155.1708984375,984415.0
2026-05-27,3148.1925405412067,3187.569869658172,3148.1925405412067,3160.1552734375,317539.0
2026-05-28,3160.1552734375,3160.1552734375,3160.1552734375,3160.1552734375,0.0
2026-05-29,3165.139870282696,3180.3924040033794,3101.737286079336,3112.703125,1635193.0
2026-06-01,3141.6130986102776,3148.1926993881925,3074.7216264861777,3092.96484375,644142.0
2026-06-02,3066.4472079805987,3094.6593684860336,3051.493791816844,3087.980224609375,461140.0
2026-06-03,3089.375750640302,3105.2262742731937,3050.496868976872,3091.9677734375,460368.0
2026-06-04,3090.4724727488183,3129.052237926022,3076.21683394035,3093.86181640625,957529.0
2026-06-05,3099.34473958267,3114.8963898264383,3056.6776098980995,3078.11083984375,697168.0
2026-06-08,3050.4968426849464,3090.272831614047,3025.4746960668176,3040.627685546875,687274.0
2026-06-09,3060.665240907184,3099.843240818325,3058.2727916198714,3085.88671875,923351.0
2026-06-10,3080.4037732414336,3122.273339091317,3055.9798598290013,3061.662109375,792811.0
2026-06-11,3048.5030995863003,3099.344714393005,3036.341036485496,3079.9052734375,613443.0
2026-06-12,3110.3106824082274,3110.3106824082274,3065.450432181185,3095.855712890625,536817.0
2026-06-15,3158.161493719387,3165.139754595661,3121.276400516225,3154.67236328125,1033542.0
2026-06-16,3170.1242673662828,3173.114950637383,3124.0677936678244,3130.547607421875,308307.0
2026-06-17,3140.217306396649,3190.062025545802,3106.223110583959,3140.615966796875,395269.0
2026-06-18,3148.691051657581,3159.058656358508,3099.5441076679026,3135.332763671875,667101.0
2026-06-19,3125.3638117616943,3157.164646592589,3120.279552837008,3139.718994140625,534084.0
2026-06-22,3147.2954683691446,3170.224040011909,3118.485073623345,3165.339111328125,368611.0
2026-06-23,3175.1087102444567,3176.105604658976,3116.391726582231,3134.53515625,705875.0
2026-06-24,3125.264083064169,3132.940121609244,3087.382094178543,3118.18603515625,706788.0
2026-06-25,3122.173482346925,3146.1987348040698,3105.425851088127,3116.89013671875,785517.0
2026-06-26,3116.89013671875,3116.89013671875,3116.89013671875,3116.89013671875,0.0
2026-06-29,3135.232837968758,3135.232837968758,3062.758664921767,3070.634033203125,1286143.0
2026-06-30,3075.4193859469506,3119.1829550585053,3070.9333609107234,3090.372802734375,868872.0
2026-07-01,3105.326195254356,3135.2330285954886,3073.924020246165,3130.647216796875,490262.0
2026-07-02,3143.2080255030355,3164.043020992761,3124.665692414464,3159.357666015625,449711.0
2026-07-03,3170.124132644141,3209.302130507076,3155.1707169241213,3171.021240234375,425942.0
2026-07-06,3172.317332114808,3208.006200548796,3162.149057843624,3203.021728515625,386276.0
2026-07-07,3191.0589651387468,3211.993747477989,3163.0461352270786,3180.990234375,571660.0
2026-07-08,3164.142910112903,3178.896996303463,3111.7061659193714,3125.064697265625,477890.0
2026-07-09,3129.2516855180447,3211.9939250522907,3126.560119173538,3181.9873046875,936756.0
2026-07-10,3194.8473973090763,3235.9194001689293,3192.0560441592456,3203.6201171875,515666.0
2026-07-13,3192.4545757041246,3206.3115540954004,3115.494375579708,3134.53515625,654390.0
2026-07-14,3128.254590369867,3143.706453387946,3083.4941296898173,3103.63134765625,1058130.0
2026-07-15,3110.310491551632,3140.217323201167,3070.4347160189186,3076.515869140625,726262.0
2026-07-16,3077.113880782453,3095.3570968898825,3050.49684910887,3063.356689453125,536911.0
2026-07-17,3069.836531341064,3108.316752701174,3055.880009680443,3100.04248046875,622540.0
2026-07-20,3125.2639018156783,3146.098897141482,3075.4191824884747,3134.03662109375,349776.0
2026-07-21,3140.3170902173933,3185.1773374091968,3125.8621216778124,3169.9248046875,659160.0
2026-07-22,3153.276783461905,3167.233305103815,3136.8280258125114,3156.466796875,396629.0
2026-07-23,3156.167678730073,3170.124200366909,3086.3850705458963,3103.332275390625,327446.0
2026-07-24,3090.372597770445,3090.372597770445,3056.876849035192,3079.805419921875,341560.0
2026-07-27,3090.372737263294,3110.3106258907987,3076.516002020149,3102.734130859375,266078.0
2026-07-28,3099.0457525034763,3116.890309328808,3092.067491298388,3106.5224609375,388153.0
2026-07-29,3122.073938836574,3139.2204738853447,3095.4569069628083,3103.332275390625,304356.0
2026-07-30,3105.326233769992,3105.824680998526,3075.917847286456,3095.157958984375,301353.0
2026-07-31,3106.02379503919,3126.161012993979,3082.995680713077,3091.170166015625,309447.0
2026-08-03,3110.310516919096,3249.875732421875,3093.463098972085,3249.875732421875,393816.0
2026-08-04,3209.003085367994,3209.102872161329,3105.326067387792,3128.254638671875,770936.0
2026-08-05,3140.2173631540304,3218.6729038363464,3126.0615113362965,3213.987548828125,692531.0
2026-08-06,3213.090470023777,3222.76029712369,3173.7131408312307,3210.0,365593.0
2026-08-07,3220.0,3349.60009765625,3183.0,3323.0,1071215.0
2026-08-10,3324.0,3411.10009765625,3290.199951171875,3380.5,2568033.0
2026-08-11,3360.0,3402.800048828125,3301.89990234375,3322.199951171875,755928.0
2026-08-12,3325.10009765625,3393.89990234375,3270.60009765625,3307.800048828125,2309486.0
2026-08-13,3299.300048828125,3299.300048828125,3201.0,3257.0,1041544.0
2026-08-14,3264.800048828125,3264.800048828125,3221.0,3248.699951171875,476082.0
2026-08-17,3240.0,3272.199951171875,3223.5,3250.5,1324345.0
2026-08-18,3257.0,3297.699951171875,3250.5,3278.699951171875,1498859.0
2026-08-19,3278.699951171875,3278.699951171875,3223.0,3270.0,978120.0
2026-08-20,3280.0,3310.0,3250.0,3300.0,1182213.0
2026-08-21,3280.0,3343.10009765625,3258.0,3308.0,1465361.0
2026-08-24,3316.0,3316.0,3263.0,3288.0,1615909.0
2026-08-25,3287.89990234375,3300.199951171875,3222.10009765625,3289.60009765625,1752045.0
2026-08-26,3291.0,3310.0,3262.39990234375,3299.89990234375,1112414.0
2026-08-27,3289.0,3299.800048828125,3258.0,3258.0,733124.0
2026-08-28,3261.0,3292.5,3229.0,3290.0,676185.0
2026-08-31,3290.0,3371.0,3250.0,3371.0,1019104.0
2026-09-01,3337.0,3337.0,3287.10009765625,3305.0,818556.0
2026-09-02,3292.0,3298.300048828125,3235.5,3294.89990234375,1085964.0
2026-09-03,3275.10009765625,3325.199951171875,3275.10009765625,3310.0,2310916.0
2026-09-04,3318.89990234375,3332.60009765625,3268.10009765625,3322.0,892704.0
2026-09-07,3322.0,3327.699951171875,3293.0,3302.39990234375,1179298.0
2026-09-08,3302.39990234375,3318.199951171875,3277.0,3306.800048828125,875447.0
2026-09-09,3305.0,3320.0,3279.0,3300.0,850901.0
2026-09-10,3290.0,3324.39990234375,3279.89990234375,3319.0,1056285.0
2026-09-11,3302.39990234375,3302.39990234375,3267.0,3281.89990234375,515990.0
2026-09-14,3281.89990234375,3281.89990234375,3281.89990234375,3281.89990234375,0.0
2026-09-15,3263.300048828125,3272.0,3171.0,3171.0,1332882.0
2026-09-16,3190.0,3201.800048828125,3159.10009765625,3187.0,859973.0
2026-09-17,3190.0,3205.0,3159.0,3173.10009765625,738188.0
2026-09-18,3175.0,3209.199951171875,3174.5,3209.199951171875,682793.0
2026-09-21,3204.89990234375,3217.300048828125,3166.0,3166.0,187000.0
2026-09-22,3171.0,3180.800048828125,3125.0,3128.199951171875,692941.0
2026-09-23,3138.0,3190.0,3127.1,3188.5,411551.0
