Date,Open,High,Low,Close,Volume
2021-09-23,721.4997886706309,735.5367495397094,721.4997886706309,734.6009521484375,13664304.0
2021-09-24,738.812081199107,752.3577263390091,736.940486313232,749.3632202148438,20806702.0
2021-09-27,755.9840034178407,765.2484217091811,752.3812058137348,760.3822631835938,16415462.0
2021-09-28,763.6107312729913,763.6107312729913,740.215794653108,755.6798706054688,12773790.0
2021-09-29,747.2342683926307,751.7260847567792,741.6896798907969,745.7603759765625,16263036.0
2021-09-30,742.0874145002653,751.6091426009663,740.7304967074409,746.2750854492188,15975348.0
2021-10-01,740.6836663870009,743.4910586790553,732.3784641896735,740.5432739257812,11128596.0
2021-10-04,743.4910687947713,749.2696065845623,740.9644042742369,741.9703979492188,7051028.0
2021-10-05,744.8948053722721,747.4682484812844,737.5254001055553,746.509033203125,10257178.0
2021-10-06,746.7663826422353,761.2010472242603,742.5552940183129,755.6096801757812,18600830.0
2021-10-07,761.084061436561,761.5987386153337,751.9132577682348,753.5509033203125,11265724.0
2021-10-08,754.2527101071383,758.9316971425425,748.7081218934927,749.8778686523438,7245562.0
2021-10-11,748.5912238329689,769.6934460990624,748.1701035333743,764.4530029296875,13080848.0
2021-10-12,760.3354092752614,768.079155828651,760.3354092752614,762.4877319335938,8176946.0
2021-10-13,765.9502737348906,771.0971601191812,762.6749823994329,767.0732421875,6225644.0
2021-10-14,766.4181393559124,790.7488739386398,766.4181393559124,789.5323486328125,14757288.0
2021-10-18,797.7674372426478,807.1254130460806,780.0107010022547,781.5313720703125,28856456.0
2021-10-19,783.9409663371423,791.8952453762804,781.8588396705757,790.140625,8987540.0
2021-10-20,790.327716219395,794.8429502889365,778.7940013526002,783.1922607421875,10908568.0
2021-10-21,782.2332006142838,786.9823275220377,777.1096747206212,784.3387451171875,9738190.0
2021-10-22,786.1166307748242,799.1710165314034,781.7417891509615,786.4207763671875,12175554.0
2021-10-25,790.748761763541,790.748761763541,755.0949055294567,775.30810546875,16426766.0
2021-10-26,772.0329195806469,783.1922930858217,770.3250777594776,773.3196411132812,12090656.0
2021-10-27,773.3196934581074,779.0748711857041,766.090680295695,768.6641235351562,13249642.0
2021-10-28,772.0328702050767,772.0328702050767,742.6254477542099,745.6433715820312,17797750.0
2021-10-29,743.9589515672715,749.5737361074018,729.9219902169456,740.6134643554688,12406874.0
2021-11-01,741.6194917607675,753.7848588180418,740.9410614445757,751.1178588867188,8122320.0
2021-11-02,751.44534061017,758.9317200932103,748.6613660865314,751.7962646484375,13237722.0
2021-11-03,751.0242516160887,753.2701884011461,737.197878202498,739.9584350585938,10207338.0
2021-11-04,746.2985064756734,747.6320064902674,744.0057911766709,745.8071899414062,1096808.0
2021-11-08,744.9415577689133,750.8370703527786,734.8115388253409,748.7549438476562,18943580.0
2021-11-09,746.1113342173927,746.1113342173927,734.1565554425947,735.65380859375,12695476.0
2021-11-10,733.6651098597492,734.1330085267516,725.2429338537062,727.6994018554688,13714126.0
2021-11-11,725.2664546194623,727.5357520533504,718.5052836512886,724.4476318359375,7999404.0
2021-11-12,725.2430323240301,729.4775386819591,722.9269564545162,726.646728515625,14914092.0
2021-11-15,730.9046736388112,735.466686748955,727.301875875369,728.6353759765625,9533594.0
2021-11-16,727.582542163149,728.6118965466009,721.3126876112315,724.3072509765625,8245406.0
2021-11-17,719.1135089681062,722.4355782478812,715.1831485439678,716.2593383789062,7598878.0
2021-11-18,714.0368884967193,722.2016985884679,713.6625466615229,720.2833251953125,9152874.0
2021-11-22,723.3714420794946,726.5063407477103,701.4036193856,709.0303344726562,15261272.0
2021-11-23,702.7838511021728,714.8556604723817,700.1402120099383,709.1239013671875,11235214.0
2021-11-24,713.0777370872281,718.8562755674793,708.4221670965661,710.2937622070312,30802286.0
2021-11-25,708.7730260715878,717.4291526623336,705.1233930948175,713.9900512695312,10251652.0
2021-11-26,701.8480801025066,704.9829786803473,694.8295993014816,697.122314453125,18624936.0
2021-11-29,699.4149985992442,705.4274854622762,684.0678984147324,702.4329223632812,12990996.0
2021-11-30,699.5085694410911,715.4171255354036,695.5548481995625,698.8301391601562,25221542.0
2021-12-01,699.508569747121,705.1467720355122,696.7479559415331,704.0238037109375,8677634.0
2021-12-02,703.9536364032033,715.3235983422754,701.8480921268228,713.896484375,11203110.0
2021-12-03,713.9199310376165,718.6690576265519,705.1468295311404,708.1881713867188,8124694.0
2021-12-06,707.9308053003743,710.6446408837688,700.6081784752469,703.6261596679688,7029532.0
2021-12-07,708.3751764067534,716.8207703399455,706.4802210422916,713.8729858398438,12427534.0
2021-12-08,718.6924370302457,727.6059305314374,717.7566395861959,727.0210571289062,15295534.0
2021-12-09,722.9970627041388,727.4421004421224,712.1418354958904,714.4111328125,11747744.0
2021-12-10,713.4987204148438,714.9491949236455,705.8017527309845,712.399169921875,7779384.0
2021-12-13,714.0134087105283,719.4644399316592,705.216890396181,707.0651245117188,10322142.0
2021-12-14,703.0178025474343,709.3344350495244,700.4677774580217,702.994384765625,9191100.0
2021-12-15,703.2518408203125,712.7735692244768,699.812796335419,701.84814453125,10115148.0
2021-12-16,707.8372458051468,709.8023976917555,699.0407265336075,701.8948974609375,13210432.0
2021-12-17,700.4444955700673,704.6555847217911,686.735038040612,689.2383422851562,14994768.0
2021-12-20,679.3888720066274,682.1962640397126,661.6555009076649,667.0597534179688,21156668.0
2021-12-21,673.5402041456153,678.8040647198691,669.0951663273568,674.6163940429688,9118750.0
2021-12-22,679.5292796603638,681.2604819395565,671.76211583513,676.2071533203125,8577484.0
2021-12-23,679.9738508560433,682.1028129914248,672.3003000182912,675.6925659179688,9779166.0
2021-12-24,676.3475804899253,679.3889220832733,668.1593531232193,673.2594604492188,5561024.0
2021-12-27,668.580460708177,680.3247065996217,665.4221444980343,678.8274536132812,4705098.0
2021-12-28,683.459695192528,686.3607017715158,680.0440685179192,683.5065307617188,5450678.0
2021-12-29,681.2839280160719,683.6000037447715,677.2365928197368,680.2545166015625,7668702.0
2021-12-30,682.4303491144119,686.3372923809242,676.1137157835619,683.8340454101562,7215918.0
2021-12-31,683.8340127004611,694.7360762558859,683.8340127004611,692.2094116210938,6325736.0
2022-01-03,694.8295953810808,712.6097466433577,692.7240511526534,711.0422973632812,9069184.0
2022-01-04,711.205986448363,717.2418907829757,705.4976454563792,715.20654296875,8857352.0
2022-01-05,719.066759647386,735.5367713761124,714.9960066045779,732.1912841796875,14332638.0
2022-01-06,721.96769225549,727.4655019664439,715.9084269525865,720.447021484375,9628930.0
2022-01-07,722.4357283744915,733.080425797108,718.6457596165626,725.50048828125,11179384.0
2022-01-10,728.9861970473102,735.536779049019,723.137463117213,729.5242919921875,8856496.0
2022-01-11,730.6472691784858,733.992699333782,724.2136617774655,732.6826171875,8389198.0
2022-01-12,733.6651307861456,737.7124657944661,726.1787519005727,728.3544921875,21085530.0
2022-01-13,727.5824837410013,727.5824837410013,711.393200027693,714.94921875,41963896.0
2022-01-14,715.885077496062,724.6347611521733,710.7381913179858,722.9737548828125,11208968.0
2022-01-17,715.8851597961767,728.0505285247392,710.8084692692986,711.9080200195312,22989372.0
2022-01-18,717.2887388550224,725.664137379117,712.6097516478794,715.5341186523438,12341152.0
2022-01-19,717.7566833789662,720.4471011947609,708.0945627563246,710.4808349609375,14317626.0
2022-01-20,715.1598118180823,715.183229601881,701.8948938601593,706.0592041015625,15197846.0
2022-01-21,701.8481707142437,715.7915772190535,695.1104168520769,711.9547729492188,11537694.0
2022-01-24,706.5036291281489,711.790907358927,686.6647696631117,695.6016235351562,11868508.0
2022-01-25,682.5004800615633,699.5085871279545,675.6457523831212,696.2567138671875,13594248.0
2022-01-27,678.4531469966787,694.8296022690124,671.4346661656787,690.127197265625,28617838.0
2022-01-28,691.3203274537698,695.6249726359689,683.1321002250448,684.6527709960938,24925208.0
2022-01-31,689.0978994263672,697.8944189691098,686.3139246484154,695.1571655273438,12842546.0
2022-02-01,705.8252323535418,709.8023715481092,689.4253590634428,700.4443969726562,14739484.0
2022-02-02,707.439482390718,718.2245712750496,704.4683367927917,716.446533203125,13969290.0
2022-02-03,715.3001889256323,720.5406318948554,706.0591889378767,709.0303344726562,10564762.0
2022-02-04,715.1363412624181,717.2184675049056,708.4453674103733,713.0775756835938,11579958.0
2022-02-07,707.5096837189468,710.7381964956596,683.1321704303245,686.945556640625,12268042.0
2022-02-08,690.8057526569561,691.7649108616467,675.9031883160477,683.997802734375,13981130.0
2022-02-09,689.6826995080589,701.7076735253208,686.4074085334615,700.72509765625,11308342.0
2022-02-10,708.3986816790235,718.4585044373451,702.6201437504593,713.5923461914062,14314530.0
2022-02-11,701.965063867404,713.5455573389709,701.614139822811,710.66796875,10711104.0
2022-02-14,697.1691307967247,701.5907510950923,687.4836496114692,689.5423583984375,14656620.0
2022-02-15,690.6185075252026,713.4987662506672,689.238229154205,710.1766967773438,13135066.0
2022-02-16,717.9204346111028,718.1076055341441,705.1234152402379,709.217529296875,10032264.0
2022-02-17,707.9775856519622,712.1418959411561,702.7839209616402,704.8894653320312,7351208.0
2022-02-18,701.0526444546318,709.8023272905024,697.3795939695534,707.6265869140625,7796128.0
2022-02-21,703.7196436005554,716.2125160226459,699.7659224389105,712.1885986328125,7468066.0
2022-02-22,697.0755159478297,712.1886099012698,696.209857647376,706.8545532226562,9536196.0
2022-02-23,713.5924146869023,713.8731425303067,699.812818525624,702.269287109375,9029562.0
2022-02-24,678.4064099406461,690.127239373635,658.4037383518357,664.135498046875,23630766.0
2022-02-25,673.7507362909885,685.8927422957805,670.4286668157401,681.3073120117188,18318654.0
2022-02-28,667.2236014871822,673.0957535053741,661.6322344054892,667.340576171875,24880832.0
2022-03-02,648.7416476547578,654.3096544672429,633.7221084904602,643.0098876953125,38505560.0
2022-03-03,646.1681228737863,651.3150087185448,637.699167588901,641.4891357421875,17527922.0
2022-03-04,636.3423249977131,648.5076929756106,625.5338748714294,639.3836669921875,21219364.0
2022-03-07,616.9244686053191,623.4048545200336,606.8880638056838,619.8722534179688,27054458.0
2022-03-08,609.2976870802052,624.1768891432812,604.5251430083352,621.2759399414062,39212492.0
2022-03-09,622.3052828761213,643.2203323186494,617.0882008482499,641.559326171875,23134694.0
2022-03-10,667.6914658500247,667.6914658500247,645.8172009386801,651.6425170898438,22273206.0
2022-03-11,649.443321116398,659.2457749105542,642.2844489808213,653.5608520507812,15150780.0
2022-03-14,662.0767131349869,678.4531689369124,662.0767131349869,674.9673461914062,25018126.0
2022-03-15,675.4117439784361,678.2191360559357,660.5559609016676,666.2877197265625,18867928.0
2022-03-16,677.0494904640341,680.7926804596888,671.9961611232817,677.5875854492188,13364108.0
2022-03-17,688.7469421183597,697.075562498746,688.0685117950921,692.5135498046875,14823954.0
2022-03-21,695.765382460701,698.8769203085982,689.1212436187219,695.5314331054688,12257876.0
2022-03-22,693.098353094048,700.9122383788925,681.8219489596073,699.11083984375,10461814.0
2022-03-23,705.123411414872,710.6446394736307,689.4955818487248,692.1392211914062,31188256.0
2022-03-24,685.9394607752508,687.6473023703385,671.2240702239247,675.0140380859375,20160044.0
2022-03-25,678.9209874344103,679.3888861163086,663.9482296136653,669.5162353515625,16366462.0
2022-03-28,669.5162544931684,672.8383238063171,655.8067998749772,670.4052734375,15754886.0
2022-03-29,674.2420809430911,683.2491316427125,669.0951948290217,679.29541015625,12377448.0
2022-03-30,688.746973305781,693.7768849654531,680.3482134276455,691.0630493164062,20109742.0
2022-03-31,688.2790601611094,694.6892501793495,685.8927879631939,687.9749145507812,14295714.0
2022-04-01,690.8056661643701,706.5270513810643,687.9514954595828,704.6554565429688,14568556.0
2022-04-04,739.2799561112737,805.7683508673401,731.1151465312183,775.214599609375,97450970.0
2022-04-05,779.8468281909389,779.8468281909389,749.5738017412657,752.4981689453125,30922582.0
2022-04-06,742.882804158136,743.8654372020744,724.0031014858087,725.6407470703125,27027860.0
2022-04-07,721.1723618948894,721.1957225623213,708.258310779131,709.6854248046875,40781732.0
2022-04-08,707.5096552211411,713.8964842819717,700.5847883163185,708.7028198242188,41256322.0
2022-04-11,704.6554829326345,706.5270778408221,698.6897741627865,700.0466918945312,20799066.0
2022-04-12,694.3617247002636,705.0531994018879,692.5603259887371,698.8067626953125,27435402.0
2022-04-13,697.1691285715119,702.9243059694253,684.3721093462098,685.4482421875,28892520.0
2022-04-18,663.8781640232578,669.8672911766866,650.402713602867,652.9293212890625,45620376.0
2022-04-19,646.1213875528598,650.1687231151512,620.901633806875,628.013671875,74096022.0
2022-04-20,633.7454320872375,636.2955145164841,624.8085774843098,633.67529296875,49325736.0
2022-04-21,638.6817380819679,645.6066618250044,633.2073460307391,643.0565795898438,52446270.0
2022-04-22,636.3422741404268,643.524508237747,631.2655843325418,634.2835083007812,20659148.0
2022-04-25,631.663309565486,641.3254301314081,618.6791193133066,639.03271484375,20935488.0
2022-04-26,641.956989934193,646.6125589606428,635.0087059489563,641.9804077148438,17016842.0
2022-04-27,636.3422646708045,645.2323404272349,634.5174482238076,642.2144165039062,18054334.0
2022-04-28,641.9569775911713,645.2322682931671,637.3247693178985,641.65283203125,20773722.0
2022-04-29,645.8640304031856,657.2807713665148,641.7465556586802,647.8526000976562,28401476.0
2022-05-02,637.3014329492237,658.0760890720459,637.3014329492237,656.7893676757812,19494316.0
2022-05-04,655.0582480641592,656.7426721358721,631.6633106332964,634.470703125,29055916.0
2022-05-05,643.360707162427,643.360707162427,630.0255943230603,633.0435180664062,17862912.0
2022-05-06,622.3052510154229,624.6447444402929,614.3509733708648,616.5032958984375,26731268.0
2022-05-09,608.2683134837084,620.6676291047224,606.1627693216494,617.5560913085938,32762434.0
2022-05-10,615.310279367215,633.0670142369999,615.310279367215,627.4756469726562,20113812.0
2022-05-11,633.0669444250589,634.002741829974,621.6736224435258,631.0081787109375,17102924.0
2022-05-12,625.328158341983,628.0262253837076,612.0273436365588,616.784423828125,22382290.0
2022-05-13,620.0977504004504,623.8607721581939,609.1872638600877,611.2462768554688,16768238.0
2022-05-16,614.867343445593,621.0207502699137,608.382622442987,617.7546997070312,9804356.0
2022-05-17,621.3047820818717,623.3874853125446,614.4886886817793,621.9674682617188,16641444.0
2022-05-18,626.7245072423251,631.1028928608465,620.0740713797754,621.9201049804688,15732384.0
2022-05-19,608.8086141504247,613.6367067414336,605.0692821799639,609.2109985351562,20537506.0
2022-05-20,616.7607290100877,626.7954928932373,611.7196570057959,625.2571411132812,13919350.0
2022-05-23,621.9674599302327,629.5171940370686,614.9146971161438,617.2340698242188,19486320.0
2022-05-24,615.3406742424088,627.1741487470705,613.8733349599582,624.3104248046875,12870796.0
2022-05-25,629.5408840910824,632.3572280918651,626.3221557067814,628.972900390625,12887112.0
2022-05-26,635.2919762956078,648.9477954459832,634.2742858480068,646.9124145507812,26992428.0
2022-05-27,649.326445570491,660.1658621498103,648.8294165218157,658.9115600585938,24031718.0
2022-05-30,667.5262287203291,672.3779527723648,661.9408062115866,663.408203125,12624674.0
2022-05-31,660.7338934097787,664.9466218858126,653.2077920753914,657.4441528320312,13485388.0
2022-06-01,653.2078050088518,662.887564224445,652.8054784242131,660.2368774414062,12091896.0
2022-06-02,656.6395165606611,656.9945208046117,652.5451227243029,655.621826171875,11475020.0
2022-06-03,661.8698937980286,663.0295511428869,651.4564366321221,653.3497924804688,6957244.0
2022-06-06,651.4565494087609,656.5212540676084,644.0487818135849,652.4741821289062,6173266.0
2022-06-07,644.6876878569063,650.5097803969437,640.9482983756177,644.9716796875,10253966.0
2022-06-08,650.036424833201,653.6811117575384,642.3209765785515,647.2437133789062,5986588.0
2022-06-09,644.806015573734,654.1781503456399,642.3919983690421,652.1190795898438,7311816.0
2022-06-10,643.7883713722422,647.5040710182226,635.9782777627149,639.5283203125,9155430.0
2022-06-13,626.511501525943,629.5408827433928,619.2694493477306,627.9315185546875,10892572.0
2022-06-14,620.6657477122982,627.6474977818931,617.707379038741,621.020751953125,11870356.0
2022-06-15,616.1216730760376,622.8194309622124,614.5833214454613,618.8670043945312,11810470.0
2022-06-16,620.0740010155853,625.0677498612076,604.9271551892505,606.4891967773438,12169192.0
2022-06-17,603.5072026453316,614.8673382245379,601.8978385488166,610.4889526367188,14723922.0
2022-06-20,617.5653345357969,627.174138793338,612.5716430424657,625.8251342773438,15936840.0
2022-06-21,632.8069534891858,640.9010392530179,626.72455857973,632.6412963867188,13220684.0
2022-06-22,630.6057965228979,632.8304664064475,626.3220560463876,629.6591186523438,8159698.0
2022-06-23,629.7774779340417,638.0609096242678,624.0974104893153,631.978515625,15372244.0
2022-06-24,633.5879159905552,644.5220348931247,633.5879159905552,640.8063354492188,8013432.0
2022-06-27,648.4744145125288,651.3144484447005,639.9543127160139,641.9660034179688,9804164.0
2022-06-28,636.1675999329924,639.48097284931,633.5169131560658,637.0669555664062,9770574.0
2022-06-29,630.1324782999224,639.362587841217,630.1324782999224,636.1438598632812,9994046.0
2022-06-30,632.3809665940282,640.9010694373609,632.3809665940282,638.06103515625,12475822.0
2022-07-01,636.1439086225995,643.7410224780701,629.5645429261943,640.7826538085938,11472452.0
2022-07-04,640.7589611464242,643.8356645501927,635.3392528781949,641.6820068359375,8487480.0
2022-07-05,645.6343570808499,652.9000987367396,638.202958341074,640.23828125,14325718.0
2022-07-06,638.0609693695875,650.0837914761512,637.6349527152158,649.0661010742188,15049078.0
2022-07-07,653.2078053283803,661.7279071370114,650.5807508251304,660.6865844726562,17743142.0
2022-07-08,667.4080259025676,667.4080259025676,660.1896057642597,661.3019409179688,12474030.0
2022-07-11,659.8345520397675,667.3606535366644,659.4795477972783,665.5856323242188,7462880.0
2022-07-12,665.1596606593656,665.1596606593656,657.6572487168633,658.7932739257812,9876974.0
2022-07-13,657.9412500032589,659.9292508118748,641.019379724398,642.723388671875,15945610.0
2022-07-14,644.6877388120965,649.7288108809627,638.6526663672696,639.5046997070312,10372410.0
2022-07-15,640.4276239716492,646.0603692493304,637.4929454810771,644.7113647460938,13595646.0
2022-07-18,638.0609408531288,646.6283647787831,635.2445970528642,637.8479614257812,20332220.0
2022-07-19,632.8542367511087,643.0547152126437,632.8542367511087,638.0846557617188,15792538.0
2022-07-20,643.6937013470418,648.9950749004665,641.492663496681,646.1314086914062,20347862.0
2022-07-21,644.0013636183196,648.2377243196178,642.8416484646634,644.0960083007812,12640278.0
2022-07-22,646.581029089991,661.2545370708034,644.8770203644754,659.12451171875,12729592.0
2022-07-25,660.3079157258574,664.8519586435416,654.7698724481547,661.0652465820312,10143126.0
2022-07-26,660.7811992012332,663.6212330086884,656.1898343247683,659.7161865234375,8527964.0
2022-07-27,657.4205091247603,665.5145939819267,655.219471350983,664.7572631835938,9212778.0
2022-07-28,669.7983540849104,674.0347148899765,667.8813080826944,670.6503295898438,17420406.0
2022-07-29,680.6615043400415,680.9454961932345,669.9167317996424,678.86279296875,20019736.0
2022-08-01,681.1347798374608,685.6078100048894,676.8984191557296,684.5191650390625,13193036.0
2022-08-02,682.5548362631915,683.7855061039321,673.5850853482716,676.9931030273438,15036510.0
2022-08-03,674.4843417078575,679.5964256924633,670.7213200112976,678.5787353515625,10975498.0
2022-08-04,681.6081431357295,684.7794912450086,668.8043003902649,677.7741088867188,12012206.0
2022-08-05,678.2947985756512,680.1644645453026,672.6857428860559,675.4784545898438,9268982.0
2022-08-08,675.9281321026083,693.2050066276399,675.502115421205,692.0453491210938,15357736.0
2022-08-10,691.7138832613585,696.5182853005304,685.8918486744243,694.0569458007812,17353102.0
2022-08-11,703.6184404151097,705.748465966316,697.9620623413853,703.23974609375,18301766.0
2022-08-12,702.9084187458374,704.9437995689399,698.6246776607533,702.9794311523438,8850370.0
2022-08-16,707.5472147556159,714.0319364423374,704.3521762597685,711.0262451171875,12563756.0
2022-08-17,710.0085123405493,716.0435846954439,703.2634314733141,714.694580078125,12384350.0
2022-08-18,710.008526430319,716.5879503313682,709.8428693302802,715.5465698242188,8342138.0
2022-08-19,714.7418839044774,715.6885618964038,705.2751039852128,706.7188110351562,8063702.0
2022-08-22,702.8138439940487,704.4941629518266,694.7197000209609,695.9740600585938,8234066.0
2022-08-23,687.9036356580337,698.6247184668651,686.5309409144127,693.8203735351562,14966884.0
2022-08-24,691.9741884279186,698.4115862742526,690.6961386575812,697.1572265625,13455520.0
2022-08-25,700.4944420172992,703.7604928802608,689.654966674725,693.3706665039062,11823040.0
2022-08-26,696.778632008081,701.3936868205767,691.6428581204374,693.4888916015625,7706176.0
2022-08-29,680.1881325761254,684.4481835108402,676.2120734809305,681.3241577148438,8653178.0
2022-08-30,684.661114814141,705.2513595511165,683.075440856041,703.4290161132812,10135400.0
2022-09-01,693.3232687724303,705.014718429371,690.6015696459982,696.8259887695312,22403136.0
2022-09-02,696.8260165078848,705.5117755531663,693.5362758079048,703.1450805664062,12038086.0
2022-09-05,703.4290477623429,709.5351321703702,702.482369800808,707.6654663085938,12131932.0
2022-09-06,709.48787908154,713.1562565405578,703.594773527377,704.9674682617188,12238696.0
2022-09-07,696.4237030597683,705.2751193650466,696.4237030597683,701.6304321289062,9776206.0
2022-09-08,705.3224549448381,710.0085227511238,701.5594328865137,708.8724975585938,11164690.0
2022-09-09,708.2097390835974,714.2685009714878,707.1921065293857,709.3457641601562,15128888.0
2022-09-12,710.0084575913257,711.9018134782359,705.2750678740501,706.9554443359375,11080492.0
2022-09-13,709.4877773732925,717.534539678244,709.3221202937293,716.2091674804688,13001966.0
2022-09-14,707.1921240116534,728.4213656433966,706.3874130797399,723.5696411132812,20219760.0
2022-09-15,724.2086553128241,729.3916941454547,715.6885534856144,719.8065795898438,13539372.0
2022-09-16,711.4758907092803,716.9666119495581,701.9617876785321,706.5768432617188,20560046.0
2022-09-19,704.8017976896979,716.6352731378123,700.5417465283766,711.2391967773438,12076038.0
2022-09-20,716.6352314664156,721.3686213704209,714.694553161901,719.8065795898438,10781668.0
2022-09-21,713.7951670816074,720.1852431794865,712.3751501709676,718.6942138671875,9072304.0
2022-09-22,710.955137435071,714.812861621089,701.8433622049612,703.3817138671875,12048144.0
2022-09-23,696.920622977358,698.1749828076821,680.1881018946707,684.5191650390625,15806252.0
2022-09-26,674.6737596977232,679.9278112565614,671.1947294615087,675.2891235351562,8923486.0
2022-09-27,678.0108084136324,681.6081733278456,665.9879860224158,669.2303466796875,12639700.0
2022-09-28,665.5146136488581,667.6919614261478,656.0005115959231,657.7282104492188,11816132.0
2022-09-29,660.923181202472,663.7158347077755,652.6397498004962,654.320068359375,14410388.0
2022-09-30,652.6397959370244,677.561046520772,646.1076950288735,672.7803344726562,15781756.0
2022-10-03,667.3843166684661,671.1237064183372,663.1952779695787,668.9226684570312,11541112.0
2022-10-04,676.6381897476731,690.1283530270076,675.0525154446527,687.7616577148438,11538526.0
2022-10-06,691.051216767887,692.3055766138067,678.8627381029233,680.1881103515625,12549198.0
2022-10-07,676.9930584243101,679.2177284598232,672.3069910888432,677.25341796875,13297994.0
2022-10-10,666.4612853356891,674.9813869948101,661.8225402090238,669.774658203125,13109302.0
2022-10-11,663.195218193418,670.721319359864,662.4141973381068,662.9822387695312,14521620.0
2022-10-12,664.1892708246992,669.7036818066864,661.3966169107936,667.3133544921875,9225050.0
2022-10-13,663.6450131620727,665.6330139849169,655.1012205192,659.645263671875,14714234.0
2022-10-14,670.7213685736215,684.9215386916234,669.8930253167381,681.1348266601562,12849920.0
2022-10-17,679.2414685381723,689.9389184377674,675.4547565184473,684.7085571289062,18410500.0
2022-10-18,690.1519292027847,692.4476117206183,681.6081374235195,683.4304809570312,10561108.0
2022-10-19,692.968326325787,699.3110807594875,687.9509442623435,690.4359741210938,12967040.0
2022-10-20,683.5015092803935,687.7142378951055,682.7915007873737,685.7735595703125,7898078.0
2022-10-21,687.2881883606218,689.9625651125049,678.768086852019,680.9454345703125,10492606.0
2022-10-24,688.3769829921866,692.4950094920829,688.3769829921866,691.572021484375,2167794.0
2022-10-25,691.5955514291327,694.7669571686256,683.9748056352751,686.7675170898438,13773394.0
2022-10-27,693.204906271337,694.5539107499477,686.9331650572058,688.4241943359375,15937276.0
2022-10-28,686.3415077571179,694.3882702618566,685.1108379889911,690.4595336914062,10474278.0
2022-10-31,696.7550817774064,709.06189708054,694.506721289334,708.446533203125,12830528.0
2022-11-01,711.6651573414332,723.7353013468916,709.4878095867721,716.2802124023438,19073756.0
2022-11-02,718.0552306509842,723.3802941610854,715.4991886100082,716.7298583984375,12720406.0
2022-11-03,708.9198397362794,719.5936579391653,708.5885255286502,713.582275390625,10332352.0
2022-11-04,711.5231511022943,717.6292356675809,705.0857523541924,708.6594848632812,10818060.0
2022-11-07,714.7419339179569,715.6886119761264,706.2691537412114,714.1739501953125,9835834.0
2022-11-09,717.1322824659693,718.5049193556288,711.9018633497144,713.9608764648438,9269790.0
2022-11-10,708.6357980412447,722.7886455515248,707.6654877696277,721.7236328125,12774182.0
2022-11-11,731.3087317757319,774.8559183927981,727.9953588809551,762.6201171875,56722338.0
2022-11-14,763.0224185196467,770.5958420285266,756.3956729493768,764.4661254882812,19195390.0
2022-11-15,768.3001837702703,768.3001837702703,759.8274043968535,766.3358154296875,11030202.0
2022-11-16,766.170202291269,777.2226566503574,763.022486309608,772.915283203125,13578150.0
2022-11-17,765.9097816187531,772.2762254819945,763.9217810419066,765.9334716796875,12100930.0
2022-11-18,767.2825092660813,768.2291872540715,759.8274201106582,763.9218139648438,10459232.0
2022-11-21,760.9634887596205,763.0225019450933,752.7036881737774,756.0880737304688,8344816.0
2022-11-22,757.3423417907524,759.4013547263689,753.0822911181793,754.9756469726562,8546314.0
2022-11-23,759.7090850341104,759.7090850341104,754.5023561024125,756.9400634765625,10185738.0
2022-11-24,760.1588040550658,772.4893090924824,756.9401332689004,769.2469482421875,17197960.0
2022-11-25,771.400538611901,772.3472166038309,764.0164618309748,765.6968383789062,8410496.0
2022-11-28,758.7151143331906,760.8687721706614,754.526075630677,757.4607543945312,16105980.0
2022-11-29,756.0407151883402,763.188122507995,753.958012039269,756.32470703125,12638236.0
2022-11-30,755.969655277555,763.4484340945068,755.969655277555,761.342041015625,15184806.0
2022-12-01,767.7558572644913,774.8559422576894,764.4424842676656,766.572509765625,20446366.0
2022-12-02,762.075758564348,766.1464622403034,759.7800760651729,760.7030639648438,7811078.0
2022-12-05,762.052089952201,764.2531278294877,755.5436787874839,763.4721069335938,11592622.0
2022-12-06,757.8157149339461,763.827096930786,757.342375948978,762.6201171875,12353092.0
2022-12-07,764.0402074401583,766.1465430130813,759.4487841771094,762.288818359375,11674720.0
2022-12-08,762.0757892699328,769.6492132626774,759.7090942722001,766.572509765625,14803634.0
2022-12-09,769.6491658684815,773.8382042003839,766.8091320460886,772.03955078125,11963384.0
2022-12-12,769.1759186371198,782.7134032490045,767.4719096965754,778.051025390625,14434808.0
2022-12-13,781.0093651173817,784.322738181516,778.6426700715715,780.2047119140625,17031702.0
2022-12-14,782.4294142784042,788.346152135924,781.0093971925995,786.8078002929688,14227640.0
2022-12-15,784.3464018645261,790.1921268749417,770.146232067255,772.3945922851562,18182648.0
2022-12-16,766.8329181370016,778.6900261619706,761.6024987468371,776.1103515625,14647958.0
2022-12-19,778.169287755073,779.4236476156718,769.7438307486328,778.5242919921875,9604542.0
2022-12-20,766.903867720086,774.5719946187421,766.903867720086,773.1519775390625,7174698.0
2022-12-21,776.7492390037293,778.5479501770524,760.442734825503,765.673095703125,9269198.0
2022-12-22,767.850425686671,770.359145247349,761.6023746254898,763.0460815429688,9747096.0
2022-12-23,751.1890303820713,759.3068061921712,750.4553317833038,756.2301025390625,10693152.0
2022-12-26,757.1057463283763,775.8026372192614,752.6090257343659,771.2822265625,9907322.0
2022-12-27,772.9625880792587,774.3589150189524,763.732477566371,772.063232421875,7926772.0
2022-12-28,768.2765309952387,772.9625987224337,768.2765309952387,771.4479370117188,8691870.0
2022-12-29,766.8564752725806,777.9326190377025,762.5491020807658,776.8912963867188,11012896.0
2022-12-30,778.6426820230166,778.6426820230166,766.8092066123324,770.6669311523438,7122640.0
2023-01-02,770.1225318929031,776.1576039774972,766.1228405647803,770.9271850585938,4381378.0
2023-01-03,767.8504260872918,777.6958994173672,767.8504260872918,775.9682006835938,8378030.0
2023-01-04,773.9092723546631,778.9976666530196,760.6557802287117,762.0994873046875,10351600.0
2023-01-05,764.4424882611195,765.8861953295342,752.3250213655542,757.2003784179688,10941436.0
2023-01-06,758.2890149353148,761.6497099996876,747.0235245599769,754.691650390625,9092462.0
2023-01-09,755.4490491123827,762.8094937244492,752.6090150931632,756.1590576171875,10729340.0
2023-01-10,757.3424088115413,757.3424088115413,740.7755436187888,742.3375854492188,16371766.0
2023-01-11,742.1718091980973,756.3956682495882,738.4087875277582,753.0349731445312,15195798.0
2023-01-12,751.5676897826115,759.1884361515325,749.8399908708047,757.0584106445312,9250070.0
2023-01-13,756.750729788885,762.0284712196939,750.7156575106625,757.6500854492188,9244546.0
2023-01-16,764.4424835397972,767.4245423463568,748.017643383427,750.3843383789062,14748094.0
2023-01-17,752.5143515673539,762.5491150718101,746.6922588614403,761.5551147460938,10786354.0
2023-01-18,759.709052840869,777.033247723356,757.2003331678316,774.9979248046875,19090642.0
2023-01-19,774.8558577602039,781.0092640832843,772.9625019684869,778.216552734375,11172162.0
2023-01-20,778.2165718647993,790.0027235140965,777.8852577053577,786.1923217773438,18843404.0
2023-01-23,788.701120801895,796.4402020140254,786.4054381729433,791.9434814453125,15444400.0
2023-01-24,792.866505329516,805.8123152644733,792.842815267551,802.5462646484375,24983940.0
2023-01-25,800.6056037705797,801.3392445591735,778.7846872191718,780.370361328125,14704142.0
2023-01-27,772.4891739093187,774.8558686823252,752.5852477560804,764.8211059570312,35179948.0
2023-01-30,754.9757076943356,769.3179025577755,748.8223006723755,764.0401611328125,18512822.0
2023-01-31,766.6671531399184,768.0871701361255,754.975702983403,758.9990844726562,18596244.0
2023-02-01,768.7024970580272,788.1093950748863,760.18239548965,770.3828735351562,17302790.0
2023-02-02,761.1764609144216,768.9392323415261,752.0173625008308,758.9281005859375,17497106.0
2023-02-03,762.5491167048964,785.9793968271139,760.6557607354243,785.1747436523438,14411100.0
2023-02-06,785.7426930007946,790.1920908907817,779.2105920792565,781.837646484375,11167672.0
2023-02-07,785.4586505805794,788.06201475717,772.773143844212,782.9972534179688,10264588.0
2023-02-08,783.0209836671545,789.6240391235308,781.0092930638084,782.9026489257812,8444826.0
2023-02-09,785.7427448206556,786.5237657315753,774.1696293119086,781.2697143554688,11777336.0
2023-02-10,780.441316337142,785.0326812308807,777.3172329126792,784.3699951171875,8172116.0
2023-02-13,783.3759959273335,786.5710339771882,778.4296267994425,784.961669921875,5736944.0
2023-02-14,788.1095124699602,794.0262505515665,784.7724490796761,792.2275390625,10908592.0
2023-02-15,794.2629126094105,794.2629126094105,784.204457965221,790.6182250976562,11438712.0
2023-02-16,791.9907552742181,796.1088390532639,786.2160428519792,787.75439453125,8062500.0
2023-02-17,786.2160803362563,789.6004657481362,777.6722882594793,783.8020629882812,8956270.0
2023-02-20,785.7427119293137,790.2157422072587,773.8145926677021,776.4415893554688,8086706.0
2023-02-21,776.2759576421577,786.8550727038969,773.4359236507838,779.3526611328125,12389296.0
2023-02-22,775.8026119130404,777.1989388344294,761.6261321413451,764.0637817382812,10359102.0
2023-02-23,763.4957924668398,766.2648140080034,753.6029959990215,758.8807373046875,27882010.0
2023-02-24,765.8151985685134,765.8151985685134,750.3369782178833,752.1119995117188,17061740.0
2023-02-27,750.6683772868718,756.8691070076666,746.5976731955545,753.9817504882812,14312972.0
2023-02-28,753.5556504719998,759.8510819707354,751.9936087375356,757.1530151367188,18993992.0
2023-03-01,763.0224897194503,763.4958287329239,755.3307307505042,756.41943359375,14137256.0
2023-03-02,754.5022826213072,760.1586599339753,748.8222152490013,749.9818725585938,17391814.0
2023-03-03,755.4490119813835,766.8091474999005,751.6623001418777,764.8684692382812,14986234.0
2023-03-06,766.8091895470669,776.0156100994345,765.8862015978312,770.2645874023438,27004710.0
2023-03-08,766.8091679963849,776.039278351897,766.8091679963849,771.8029174804688,20099774.0
2023-03-09,771.5188971092862,779.0923212778464,770.1225701404643,771.8739013671875,20700166.0
2023-03-10,762.2887875145955,763.8508293638935,750.2423327911828,751.9700317382812,27387000.0
2023-03-13,751.6150309707979,759.1411328403547,740.751865944351,742.4559326171875,26443550.0
2023-03-14,743.2605460585534,749.5796099935142,738.0775072511518,740.4678344726562,33185612.0
2023-03-15,746.9288948951588,749.2482674050162,727.3326499748621,729.8413696289062,37264754.0
2023-03-16,728.4686837227395,737.982785579755,725.1790009533352,734.5747680664062,21753342.0
2023-03-17,737.2255088798554,747.4969422958127,728.9420761958121,744.3966064453125,22950876.0
2023-03-20,742.1718613024195,742.2428737084866,731.4981015299404,739.2371826171875,26503114.0
2023-03-21,744.0651919987587,749.0589413869266,736.6101030086518,747.615234375,33050494.0
2023-03-22,749.768929690198,750.7392976925187,740.9175140491653,745.8875732421875,14177324.0
2023-03-23,742.0771890697815,752.7746385074203,737.722493547406,739.8998413085938,28364178.0
2023-03-24,738.4088708154069,744.9882947461084,736.018485653395,738.716552734375,31477748.0
2023-03-27,739.4501509534972,747.6152485739262,737.8881669466679,741.9351806640625,31872006.0
2023-03-28,741.1069207513099,749.2483870058587,740.3495898343076,747.9703369140625,39276302.0
2023-03-29,749.7689157853254,758.2890171010677,748.7749155212824,751.567626953125,39763612.0
2023-03-31,755.2596794028502,763.4720993070749,753.7450177500838,761.86279296875,34711228.0
2023-04-03,760.9161645808721,764.7738313686872,758.6441141730105,762.336181640625,40025398.0
2023-04-05,766.1464855665928,783.8493755314626,764.9158157360166,782.7843627929688,43365392.0
2023-04-06,780.3230741298614,790.0974787885557,779.6366978740349,788.7484741210938,44637344.0
2023-04-10,787.2810834915474,790.9494607030667,782.902697787476,785.009033203125,31813286.0
2023-04-11,785.26936780893,790.1921047569881,781.5299783108553,787.3047485351562,42361542.0
2023-04-12,789.5294292037479,799.0908536154229,789.4347845187364,797.5288696289062,26955504.0
2023-04-13,799.138228506588,803.2799446098875,794.3338262706332,801.1025390625,35330086.0
2023-04-17,814.1430655398879,814.1430655398879,782.571377912893,788.8904418945312,32405148.0
2023-04-18,790.4760815811592,793.9077891209577,784.0386831315956,785.5533447265625,29637226.0
2023-04-19,788.1093596720481,790.618079244519,784.3936604333247,788.440673828125,24741168.0
2023-04-20,791.280785812552,794.0024850715804,788.7721237726142,791.37548828125,32922716.0
2023-04-21,790.0027556575246,793.7657774269219,787.2810565292857,792.6534423828125,20128618.0
2023-04-24,798.5229093249309,800.6292448057368,792.4168245439707,799.0672607421875,35675852.0
2023-04-25,798.8541908386393,798.8541908386393,786.6420795569525,787.7070922851562,50353068.0
2023-04-26,785.7427019581631,792.8427866144116,783.376007072747,791.328125,27392750.0
2023-04-27,790.7127411596693,797.6944908945422,788.5117034159383,795.6828002929688,47790392.0
2023-04-28,797.4341901096315,800.4162489215953,790.4761299225689,798.806884765625,27916272.0
2023-05-02,799.3275537958391,804.2029686544997,796.1562055779098,798.6412353515625,32221184.0
2023-05-03,797.552545393005,802.7829645894082,795.0438832970477,801.4339599609375,29407270.0
2023-05-04,798.5702121515963,820.9828021558743,798.5702121515963,817.8351440429688,56854638.0
2023-05-05,775.8026458391606,786.1924141095578,767.8032049269116,769.4835815429688,62770416.0
2023-05-08,773.9092329312004,781.174974723999,771.5425380292702,778.3822631835938,37244524.0
2023-05-09,780.9619868467801,783.8493430397727,776.2522293745058,778.4059448242188,43688938.0
2023-05-10,778.4059920594077,783.210394506021,773.0099158578086,782.0033569335938,46340550.0
2023-05-11,788.1804223550088,798.9962066051175,780.6543209380866,782.5239868164062,35734618.0
2023-05-12,779.5893400518114,791.8015094745331,778.287657790037,789.434814453125,22478760.0
2023-05-15,791.4227853213184,795.5645014526352,788.1567347587811,793.2214965820312,18512260.0
2023-05-16,800.4029520198595,800.4029520198595,787.0932017516233,788.6731567382812,32722086.0
2023-05-17,789.9658192684319,789.9658192684319,778.1641970070733,784.43603515625,30466868.0
2023-05-18,789.0083230433131,791.8569644245696,785.1781855528116,787.572021484375,49646942.0
2023-05-19,789.0083827444214,789.9659171894996,781.1326853109591,788.4817504882812,30460332.0
2023-05-22,787.5720763787239,791.3543491028732,781.6832161993159,785.6809692382812,28334032.0
2023-05-23,789.4871228939105,789.7743715289307,782.0422694614203,783.837646484375,22470074.0
2023-05-24,779.2176169192138,782.6647175463944,772.5387790945629,773.5921020507812,33588112.0
2023-05-25,773.5441253964981,775.6268094273125,764.7587591498904,770.6236572265625,29776930.0
2023-05-26,775.1241337865805,775.1241337865805,767.1047828039214,773.5921020507812,26635066.0
2023-05-29,779.6723723310973,785.6569622323185,777.9248603912886,783.0237426757812,21816292.0
2023-05-30,782.1140640569184,786.4469304713781,779.696324831423,783.6221923828125,37125928.0
2023-05-31,780.3426451693598,782.7603843834687,768.2537737690359,771.2221069335938,43334270.0
2023-06-01,775.5550374999791,775.5550374999791,766.0275580579801,767.942626953125,50366938.0
2023-06-02,771.9881066411427,773.1132562550899,766.5062458740007,769.1394653320312,17859710.0
2023-06-05,772.9696311869709,773.9271655706029,767.2004631482836,768.1340942382812,18697242.0
2023-06-06,769.6900635841799,770.7433279959911,762.3170373717256,765.740234375,32182852.0
2023-06-07,767.6792895707576,772.0361181070452,764.112497093835,769.7140502929688,24949026.0
2023-06-08,767.5834304077028,778.4753830300483,767.5834304077028,770.1926879882812,37395522.0
2023-06-09,773.639906451702,774.8846894448892,769.3788668136775,771.1024169921875,18212578.0
2023-06-12,772.0360982895694,773.5920917430839,765.7642009992537,766.4105834960938,13408292.0
2023-06-13,761.2876940266594,770.3364055694209,761.2876940266594,767.7031860351562,27926108.0
2023-06-14,771.0306076745784,771.772720205927,766.1232439139638,766.8653564453125,20113968.0
2023-06-15,767.9425712071014,768.8761438484094,755.9733914813049,757.4336547851562,35377476.0
2023-06-16,759.8753597118556,770.4321412189463,758.3672313699111,767.3441162109375,15779272.0
2023-06-19,771.2939478800904,772.8499412572538,765.2375312003252,768.014404296875,24829146.0
2023-06-20,768.0144276761805,771.2939713592292,761.5510703742875,769.6182861328125,20005626.0
2023-06-21,773.6877691232111,783.8615717803077,771.2939332038942,783.0715942382812,24308946.0
2023-06-22,785.1782441229523,793.5806322468177,784.7234386393332,786.9017944335938,56596140.0
2023-06-23,784.0052404143834,794.7056754911911,782.3295552385844,786.8538818359375,21339218.0
2023-06-26,787.571994837304,790.3249060654587,779.7680665871447,783.0476684570312,16130314.0
2023-06-27,786.5905337191974,800.9296461673263,784.4840048316838,794.083251953125,33831864.0
2023-06-28,799.5412267594668,804.2810337444777,794.9929383437692,802.4856567382812,59562950.0
2023-06-30,815.8192458258862,818.1173515857972,805.8848271927366,814.574462890625,40699016.0
2023-07-03,819.8888261766497,841.4333500761821,818.6919081822313,823.3838500976562,44104116.0
2023-07-04,825.1312514621555,836.406241634242,820.5111950503219,827.4053955078125,38795188.0
2023-07-05,821.6842446245804,823.4796217067899,798.8470715161803,801.1212158203125,37165754.0
2023-07-06,800.977524195429,808.0872054143094,794.9450691746598,801.93505859375,52156544.0
2023-07-07,797.1473857846021,801.9350577712964,792.9821345334826,794.945068359375,19926336.0
2023-07-10,795.2323081500037,802.772891445225,789.8222154878739,793.0538940429688,38398442.0
2023-07-11,796.1898182223189,802.4137915457645,787.8113925946035,789.1998291015625,50670426.0
2023-07-12,792.5273150200137,797.7698512050471,779.0261026386073,781.8029174804688,70958358.0
2023-07-13,793.1735289409957,793.532604310247,784.2445681802172,785.7047729492188,41913546.0
2023-07-14,791.6894113288874,791.6894113288874,782.7843533101579,787.3326416015625,24727214.0
2023-07-17,789.9658626293475,805.2864126924621,781.8268204083179,803.80224609375,49252928.0
2023-07-18,812.9466235824563,815.8192264926416,799.5411433349245,803.1318969726562,81076818.0
2023-07-19,804.8555001145571,808.518080755261,801.935031985233,806.7705688476562,32935134.0
2023-07-20,804.8795083270657,810.0741208768967,804.3289143458549,808.5181274414062,56210948.0
2023-07-21,804.3288890002611,809.0208308967337,801.0972104283851,802.2941284179688,42154248.0
2023-07-24,803.6107312414538,806.555161158962,799.5890751426567,803.5628662109375,32179444.0
2023-07-25,806.555183500857,813.4254812031791,803.5628884699448,812.2764282226562,55992596.0
2023-07-26,813.7126998116902,813.7126998116902,808.1590121278992,809.45166015625,24794358.0
2023-07-27,813.8564004422645,815.3405671200665,798.3203692500316,801.0493774414062,59741302.0
2023-07-28,795.4716913114755,799.0145802289601,785.7048288838802,786.8538818359375,41015684.0
2023-07-31,789.98986972854,793.2215484430462,784.5558150613891,790.5404052734375,34565006.0
2023-08-01,792.0963421090329,798.3203154846697,789.9658515231379,795.8307495117188,35394188.0
2023-08-02,786.1356922581007,790.6839803679983,781.8986144970055,785.4175415039062,28116322.0
2023-08-03,785.1782590801716,790.6122554650307,777.039216150682,779.7442626953125,57673946.0
2023-08-04,782.856158727379,793.0778262359121,780.0314207032054,791.0191040039062,37388304.0
2023-08-07,796.2376491558498,796.2376491558498,788.7928549114002,790.5642700195312,28300918.0
2023-08-08,790.779775695363,792.6469794990385,786.1597188833139,789.9180297851562,43773828.0
2023-08-09,791.4021792268796,792.1203300247262,780.917165889668,790.2052612304688,33361236.0
2023-08-10,788.5534502391737,792.0005503088863,780.8692141779015,783.1912231445312,50781118.0
2023-08-11,784.4122069559019,784.4122069559019,773.7835398495799,775.0283813476562,28225822.0
2023-08-14,771.2939587813216,773.2090275802822,766.1472113841155,771.24609375,31304410.0
2023-08-16,757.936278873205,770.6475703412267,757.0745330516527,768.9957885742188,34137542.0
2023-08-17,764.8784583736676,770.7673182443161,763.1549081618289,764.73486328125,52884040.0
2023-08-18,760.0668453838622,764.2560581283789,759.085349306415,761.598876953125,25633366.0
2023-08-21,766.2669276465182,766.2669276465182,759.803570243689,761.00048828125,21837270.0
2023-08-22,764.2799958764373,765.069973432526,756.4521639695814,757.7448120117188,32273570.0
2023-08-23,756.4521477981758,761.5031649471699,753.2204693186583,759.6119995117188,36498588.0
2023-08-24,762.8198062571005,764.2081843881693,754.6089370548672,756.1170654296875,43145792.0
2023-08-25,753.8428443940812,755.2551841186172,746.1107431818068,747.5949096679688,30069756.0
2023-08-28,747.5949720764402,757.7209098998453,747.5949720764402,755.3749389648438,28867238.0
2023-08-29,761.0962378308944,762.5086362173317,757.1464082058284,761.383544921875,35538932.0
2023-08-30,767.918583020737,767.918583020737,753.4358760513546,755.8297119140625,28084204.0
2023-08-31,755.9734194012763,757.9603149977916,748.3610091258726,752.3587036132812,100075772.0
2023-09-01,752.1432576208482,755.9733951516992,746.5656081528945,753.9146728515625,43226776.0
2023-09-04,761.2398119383075,761.9340009681175,754.010439249432,758.6305541992188,25073638.0
2023-09-05,760.4738554447009,760.4738554447009,751.9517756465584,754.010498046875,38712082.0
2023-09-06,754.9201238552107,766.0274992165465,754.010454511239,763.873046875,56320910.0
2023-09-07,763.8730423452171,772.7302352523851,759.8753480460392,771.2221069335938,34208342.0
2023-09-08,770.0012791246807,781.7789400663747,769.6661070326583,777.2306518554688,34502210.0
2023-09-11,779.8639437312936,783.5025629490954,777.5179726424265,781.2523803710938,31573022.0
2023-09-12,785.1782585237241,786.5666951817179,778.0207118004635,783.694091796875,39033340.0
2023-09-13,781.0129551372609,790.7318942113928,779.7202486339522,787.04541015625,46420094.0
2023-09-14,787.2129744267565,789.965885847133,782.8322428256791,786.566650390625,23538848.0
2023-09-15,789.9658552054733,799.5411989049336,789.9658552054733,795.5913696289062,173411202.0
2023-09-18,791.7612564347212,792.3597154342939,778.5233316755201,779.9357299804688,37056288.0
2023-09-20,765.5486976798287,765.5486976798287,747.0682967790859,748.648193359375,115474648.0
2023-09-21,743.5254363384076,751.161749541656,735.8891231351594,743.6929931640625,72841442.0
2023-09-22,746.3980579436757,748.9834124885792,729.5215142987016,732.3462524414062,61704250.0
2023-09-25,730.1199506265053,737.636571986799,730.1199506265053,732.9925537109375,40208754.0
2023-09-26,730.1199748754191,737.3014828250133,730.1199748754191,736.1763916015625,27575308.0
2023-09-27,729.1624342668326,733.7107225961398,725.3322967263633,731.0056762695312,39338538.0
2023-09-28,734.4288226787853,736.1523727643475,726.9361049439,729.4974975585938,55354188.0
2023-09-29,729.4975291821899,735.1230435502242,728.8273018844358,730.7423706054688,32053782.0
2023-10-03,731.0774976675469,731.0774976675469,721.0233866976592,722.0048828125,38971694.0
2023-10-04,715.7569109328484,734.9075975129915,713.0039997369529,732.29833984375,54649430.0
2023-10-05,734.9316099718342,742.8312687313597,733.7585952718871,735.2667236328125,48512674.0
2023-10-06,739.2165299136511,739.6952970962377,732.4419625913994,734.4528198242188,17759356.0
2023-10-09,731.556239372939,732.513773717668,723.8959646151071,725.9307250976562,16454972.0
2023-10-10,727.989492834349,732.035052316478,725.4280415474352,730.0481567382812,33266292.0
2023-10-11,732.5616968533279,738.330865115236,731.7956810054357,737.1099853515625,31333360.0
2023-10-12,735.4342849776942,743.046695154072,733.2798325755078,742.017333984375,22025336.0
2023-10-13,737.3014842223872,741.5146589381054,732.4898505097352,735.2667236328125,39745300.0
2023-10-16,733.2319960651158,734.6443359841811,727.965556654919,732.3223266601562,17856084.0
2023-10-17,744.8420626176685,744.8420626176685,734.9076433348039,737.8759765625,32902558.0
2023-10-18,737.8759782779842,737.8759782779842,726.8164677513256,727.6064453125,31216200.0
2023-10-19,720.7361578942352,730.7184423716426,719.682834983418,725.308349609375,30252364.0
2023-10-20,720.5445716148215,731.0774490736428,720.5445716148215,729.066650390625,21094010.0
2023-10-23,729.4017657824131,731.9152933638753,718.1986025878159,721.0473022460938,22376136.0
2023-10-25,728.2048937755804,729.066698092264,714.0572999767982,716.47509765625,28311996.0
2023-10-26,713.9615844716288,714.3206598703572,699.1198013241884,700.6279296875,55561798.0
2023-10-27,703.5483551604171,707.6178760987387,702.3035722091115,703.3807983398438,31940532.0
2023-10-30,700.5560993380782,713.3391600901615,699.9097753123232,711.0171508789062,23310982.0
2023-10-31,720.0658162779376,720.0658162779376,705.7028013255851,706.8997192382812,32634824.0
2023-11-01,700.0773018118728,707.354539496317,700.0773018118728,705.9421997070312,33877466.0
2023-11-02,710.9693610335196,713.6025808891993,702.4233773723762,707.01953125,45225154.0
2023-11-03,712.4055490469672,714.0333691138175,709.3653892057476,710.3707885742188,18095340.0
2023-11-06,717.193263319672,717.193263319672,710.0117553425058,715.517578125,25593730.0
2023-11-07,715.2781873463503,715.2781873463503,707.234875115352,712.0465087890625,41952848.0
2023-11-08,710.466607940081,715.0148966273784,709.0542679881736,714.1052856445312,31399546.0
2023-11-09,711.4480744130556,714.607926311971,710.2511563874616,711.280517578125,22116740.0
2023-11-10,708.6233409063911,716.2357512885518,708.5994376116778,714.081298828125,14015186.0
2023-11-13,714.3685319579603,716.2117740009877,711.4001986764561,712.7886352539062,20605914.0
2023-11-15,720.1137317170233,723.3932753387419,718.4141432279705,720.2573852539062,41245460.0
2023-11-16,722.7948225701767,727.2473809327844,719.9461810912933,722.1484985351562,29713838.0
2023-11-17,713.3630955591337,721.7415211781168,712.8843283809061,720.5924682617188,23701874.0
2023-11-20,724.3747884733571,724.3747884733571,718.8929272981045,720.640380859375,19331452.0
2023-11-21,727.2473578304415,728.6836593929769,723.9438525479579,726.74462890625,24959972.0
2023-11-22,727.7261551101178,727.7261551101178,719.8504579271851,724.1593627929688,29123650.0
2023-11-23,722.220328180805,729.5693930831869,722.220328180805,728.3485717773438,13046220.0
2023-11-24,728.3006518298484,734.0219550188177,727.654327789123,733.5192260742188,16469192.0
2023-11-28,735.0033214761758,735.9848175325754,730.5029569217514,731.867431640625,28489338.0
2023-11-29,734.3810375748553,748.3131517440087,733.9501353957551,746.4699096679688,34042488.0
2023-11-30,751.2575357769422,752.8374324125391,738.3308218551477,746.3023071289062,69491440.0
2023-12-01,745.871478620776,749.6297896841719,743.0946053120196,744.674560546875,22153536.0
2023-12-04,760.2823241901957,771.7727371502491,753.4120264631497,770.5279541015625,50662456.0
2023-12-05,783.5025110233172,784.6994290053266,773.9271671672425,777.374267578125,52230820.0
2023-12-06,784.4361042559843,784.4361042559843,773.9990142449448,779.3372802734375,38613060.0
2023-12-07,777.996699171334,782.3056039667443,773.7835244385168,780.60595703125,20450386.0
2023-12-08,780.6059106285983,792.3596680546885,780.6059106285983,791.4978637695312,33728038.0
2023-12-11,789.9898356540881,796.5249611291558,788.5295723280279,790.4446411132812,23187620.0
2023-12-12,791.9766596766761,792.9581557902037,781.2762247045517,782.5928344726562,36581476.0
2023-12-13,781.563526294323,783.2631733056354,773.256926701281,780.8214721679688,29346914.0
2023-12-14,788.0507632436652,794.2507747290626,787.5719960728002,790.0376586914062,35172366.0
2023-12-15,789.9658581899005,798.5836675519721,788.3380380661904,793.101806640625,138837130.0
2023-12-18,795.0886602023099,797.0037289891579,790.4206800343679,792.69482421875,18014754.0
2023-12-19,789.9658725265142,794.1072204559873,787.1172310907685,791.3543090820312,24008446.0
2023-12-20,793.795966876438,799.038444004139,787.308648353673,793.3171997070312,34232520.0
2023-12-21,793.3172584861196,808.9968844459388,790.0855798531799,807.53662109375,36589240.0
2023-12-22,806.0524630799391,807.1536510402615,798.1528041148157,799.9481811523438,48578850.0
2023-12-26,801.0971963079616,807.1775162105685,798.8470139045111,805.5018310546875,18045856.0
2023-12-27,805.0470435987298,817.0162235511344,803.6586070355986,815.4841918945312,27009078.0
2023-12-28,818.3567550440999,824.1498261689791,814.8617312916912,816.417724609375,44076470.0
2023-12-29,812.4679265922668,821.0378710363707,811.9891593992248,818.3328247070312,25011426.0
2024-01-01,816.7768404269046,818.2849687904367,810.0740996496615,812.9945678710938,14239686.0
2024-01-02,813.3297325444754,815.2448013204753,808.4941371304667,813.4733276367188,29242092.0
2024-01-03,814.8618017998165,816.1544499059772,799.0385219304522,800.9296875,28389762.0
2024-01-04,803.3713517790169,811.4864323425077,799.8763278844378,809.5234985351562,26734056.0
2024-01-05,807.7521349770598,816.2502532169135,798.6315959676855,805.3822021484375,31889470.0
2024-01-08,803.6107431564817,805.4539851831421,794.7535499790049,796.4052734375,17998470.0
2024-01-09,798.1767467752176,803.2756291285802,788.4098842358525,790.2052612304688,25326888.0
2024-01-10,786.6145629124144,794.7296441251053,785.8485470291504,792.8145751953125,16115824.0
2024-01-11,794.7535608406137,796.1419974247106,786.6145183500772,789.4871215820312,18314010.0
2024-01-12,790.9233945544381,792.8384633063858,782.1140666068262,785.752685546875,19773552.0
2024-01-15,788.8647318566922,804.7598387644721,786.901797926325,800.8818359375,28320356.0
2024-01-16,800.977566949657,806.076449581534,793.8439236127375,803.9219970703125,25322500.0
2024-01-17,751.6644245426829,764.4954075236436,731.7477228166999,736.1044921875,170145236.0
2024-01-18,715.2782083529884,725.3323197153799,708.5994291824192,711.5198974609375,161070930.0
2024-01-19,720.999446229209,723.0581685801238,703.0217728163159,704.0989990234375,109600538.0
2024-01-23,701.3939438294391,706.0379622645205,682.243255943311,683.3683471679688,115469402.0
2024-01-24,660.8184204446432,698.2579916906107,660.8184204446432,697.0371704101562,86004404.0
2024-01-25,695.4093846155678,697.7313939357863,679.5622013776972,686.9830932617188,98941852.0
2024-01-29,693.2788688648152,700.3406850803747,692.2016426624417,696.438720703125,65645498.0
2024-01-30,696.3908845219285,700.53217422801,689.8557002681358,691.4835205078125,41728768.0
2024-01-31,689.1853406292018,706.1576134139724,687.8926926486038,700.220947265625,65761040.0
2024-02-01,701.4179208991782,705.5113454583611,697.1090160306093,702.040283203125,32690740.0
2024-02-02,706.1815615123702,708.982337711751,690.4062069562272,692.369140625,44867754.0
2024-02-05,692.2972980120073,695.1220358820352,686.576053954148,691.7467041015625,38605046.0
2024-02-06,692.0819428119112,694.0687799185687,685.8818725644124,691.3876953125,41075740.0
2024-02-07,695.6487048996299,696.0317420167268,683.0332015338389,684.6130981445312,54837086.0
2024-02-08,684.5652392978377,688.9220089386799,670.5134342809237,671.7343139648438,69106124.0
2024-02-09,666.5156981154427,677.072478684091,664.0500356096397,671.99755859375,56642124.0
2024-02-12,670.1065656569043,676.809306881893,662.3026364247897,665.4864501953125,34447812.0
2024-02-13,666.4199643535106,672.3566891768745,662.7813454112104,667.6168823242188,57580994.0
2024-02-14,658.7837177497752,666.2046099191948,652.8230890297091,662.6378173828125,91320810.0
2024-02-15,663.0925826953933,677.6949825309235,662.7813723217212,677.0007934570312,41584944.0
2024-02-16,681.7166435513678,683.5359238875297,674.31965507416,679.8015747070312,32175742.0
2024-02-19,684.1583399970523,684.1583399970523,677.5513291516161,678.4609985351562,34451756.0
2024-02-20,677.4555450204665,697.6834579371554,675.9235134549672,696.2711181640625,56133508.0
2024-02-21,700.9151133163471,700.9151133163471,687.0308658531135,689.0177612304688,45893136.0
2024-02-22,678.7722288264276,684.0626300055545,676.1150473676641,679.634033203125,50560882.0
2024-02-23,681.0702888003248,686.5042847124961,678.8918747107963,680.1366577148438,29833452.0
2024-02-26,676.7614094932516,686.9591159463556,676.7614094932516,680.9506225585938,23506870.0
2024-02-27,676.7614735040879,683.0572161231547,676.5220898777122,679.9213256835938,32087150.0
2024-02-28,679.9212837827165,681.8602559709077,672.1891814386264,674.7745361328125,25321986.0
2024-02-29,671.2794347728534,675.253225645792,668.9813874316935,671.90185546875,53295700.0
2024-03-01,670.2740637422462,685.9536891619308,670.2740637422462,684.9961547851562,34738898.0
2024-03-04,685.0918449690896,687.9884096675396,681.9080901062357,685.9296875,35616474.0
2024-03-05,680.8069758120575,690.8610872691976,680.6394189764245,689.8317260742188,37991672.0
2024-03-06,686.3367475409569,695.576919496979,686.3367475409569,690.6695556640625,42409530.0
2024-03-07,692.0580272311091,694.7152087205789,690.0950932873528,692.3452758789062,49348046.0
2024-03-11,684.6370656855901,692.2733788101641,681.2856954339823,683.5838012695312,50531094.0
2024-03-12,686.5521430195154,700.9151585638567,684.2779988916614,698.78466796875,65418454.0
2024-03-13,701.6333514911945,704.553819805337,694.260324713518,699.191650390625,63067454.0
2024-03-14,700.0055299615263,701.8727337796063,691.4835086418929,696.8217163085938,52432158.0
2024-03-15,694.2124563732988,698.665014815619,690.5020104857863,695.481201171875,143613804.0
2024-03-18,692.7760944963727,697.0849990233024,687.4139255734966,692.3212890625,21437856.0
2024-03-19,687.2703309378574,695.361508487081,687.2703309378574,693.9012451171875,36183594.0
2024-03-20,693.757641226056,695.002424269405,682.0757097447741,685.1398315429688,43606094.0
2024-03-21,690.6695449843953,694.8108929167894,688.6108811083764,692.1776733398438,28922860.0
2024-03-22,689.9035379705642,694.5715181893103,688.3475445643155,690.7892456054688,45980326.0
2024-03-26,683.2965603924812,688.4433080631126,680.8788209713061,682.434814453125,56844290.0
2024-03-27,681.5490768981103,693.2309499256703,680.4478889511747,689.7598876953125,62168668.0
2024-03-28,689.7598723903825,699.2394862002545,689.7598723903825,693.20703125,55592142.0
2024-04-01,698.0425707036562,705.6071157662267,696.8935177463561,704.0271606445312,25199570.0
2024-04-02,701.4657698820595,715.685132245699,700.5561005197442,708.6472778320312,41225446.0
2024-04-03,704.7932359077813,716.0682276845824,704.4581222201347,709.6766967773438,45584386.0
2024-04-04,720.065912216293,732.5138601668406,720.065912216293,731.3648071289062,88935066.0
2024-04-05,736.8227616793371,744.2436536910523,732.5856834129139,741.873779296875,59055902.0
2024-04-08,744.4589979472738,745.5601858308615,738.0435645348342,740.4613037109375,20482940.0
2024-04-09,744.4112180229864,744.4112180229864,737.4451898723626,741.39501953125,21884494.0
2024-04-10,742.041335404094,742.041335404094,733.9261958559255,735.5540161132812,27807400.0
2024-04-12,728.2048236560291,732.4419011780001,724.5901083532815,727.2233276367188,41084208.0
2024-04-15,716.9778756204448,722.9385041482021,714.3446559033487,715.6133422851562,23415248.0
2024-04-16,711.9268363888184,724.3269187314523,709.6526921569106,722.5794067382812,20744886.0
2024-04-18,722.8427740812498,727.1755823679675,713.8658886820585,715.6133422851562,34234884.0
2024-04-19,711.7113984519393,734.8836839791993,708.6951417404246,733.13623046875,34576434.0
2024-04-22,745.6320734709891,745.6320734709891,722.124614867159,723.9917602539062,42298438.0
2024-04-23,730.7424105369589,730.838140600938,719.7068030516607,721.7894287109375,26827060.0
2024-04-24,725.332274400053,728.5639528503503,722.4836330693169,723.7523193359375,22441580.0
2024-04-25,721.1430939897369,727.5824894434112,721.1430939897369,723.2975463867188,35445204.0
2024-04-26,727.6304456461381,731.5563134799157,720.8080127488288,722.8427734375,24854694.0
2024-04-29,725.332350292873,734.6443494985349,721.286790594288,732.2744750976562,36093350.0
2024-04-30,732.1308179153048,737.0621437156515,725.2844816560712,727.7740478515625,52307382.0
2024-05-02,728.6836398774014,735.8651474977438,727.893662350512,733.5910034179688,33475006.0
2024-05-03,734.0697907360874,737.5887178779653,721.5978821158841,727.5346069335938,31865242.0
2024-05-06,728.6836626849343,734.6682525558684,726.361653503664,728.994873046875,28793396.0
2024-05-07,728.6597013791286,729.6651592326485,720.1376804638342,721.09521484375,28480602.0
2024-05-08,716.211807311795,716.6905745370962,708.7430502857517,709.84423828125,41687862.0
2024-05-09,706.1576388307392,711.8071150125822,691.9622384959757,693.0155029296875,46281278.0
2024-05-10,698.353892008822,704.6385680353703,692.4331947307146,697.820068359375,27276608.0
2024-05-13,694.956710818051,708.4482125597933,694.1317160729689,706.2400512695312,27047202.0
2024-05-14,704.7841569928967,711.2144479759614,703.8378359787137,709.0062866210938,25665142.0
2024-05-15,708.3995858863757,708.3995858863757,696.8008453990276,698.1111450195312,38931996.0
2024-05-16,701.7752582341244,709.782790041372,696.655267230535,708.6665649414062,34945236.0
2024-05-17,701.848002597153,712.4276743183018,701.848002597153,710.5349731445312,20920190.0
2024-05-21,703.7407626513565,713.2527287219871,703.7407626513565,707.9629516601562,43769978.0
2024-05-22,707.5018935449791,711.2630073542172,702.7944586673697,708.1570434570312,39996278.0
2024-05-23,707.8900706969359,725.8463536828482,707.1135946322969,724.3661499023438,40861920.0
2024-05-24,721.8911533778286,737.6150464828621,721.1631959122375,736.3046875,31060206.0
2024-05-27,739.2893258205864,749.7961904344879,737.2025499615863,741.400390625,29385440.0
2024-05-28,742.5651435020584,745.4527436990592,739.9930626339711,742.75927734375,27908904.0
2024-05-29,736.6929693394153,739.5319916615282,728.5641108173895,731.9855346679688,35147706.0
2024-05-30,727.569210732381,739.4106642295702,726.8170235494816,735.1642456054688,33755350.0
2024-05-31,737.1782587165238,745.4284433104547,734.751733835956,743.2688598632812,74079588.0
2024-06-03,776.0026570209221,776.0026570209221,752.2227131847588,762.9964599609375,72637256.0
2024-06-04,755.6198511271432,756.5904610836327,705.6334383679294,719.7800903320312,89531240.0
2024-06-05,725.06989130594,756.8815955434779,719.3917877908412,753.0962524414062,81631650.0
2024-06-06,759.4537972959696,759.7206794979887,750.5726922052945,756.93017578125,46422870.0
2024-06-07,757.585349822155,768.8929201187634,753.2176050765474,763.5545654296875,36712216.0
2024-06-10,763.8700143938665,767.0973042572016,755.9110011249785,757.7066650390625,22454058.0
2024-06-11,755.1345658211561,762.4141406844706,753.2903831592504,759.4052734375,29545326.0
2024-06-12,764.3553684919713,770.8099486335476,760.1817573757736,763.94287109375,39280436.0
2024-06-13,767.6311179466796,769.5480488358222,763.8700045190919,767.1458129882812,24120192.0
2024-06-14,768.7230745298527,776.0026490992642,765.6656295141681,774.9835205078125,25540554.0
2024-06-18,774.983540294414,781.5836762242601,771.3679826211641,780.2733764648438,32415714.0
2024-06-19,782.9910236928816,810.4107535609992,778.4291452824868,804.5628051757812,90131196.0
2024-06-20,810.3622215983705,816.0159768197282,801.7237698729426,810.143798828125,41408742.0
2024-06-21,811.8423818466847,811.8423818466847,797.4288483846301,808.396728515625,51630776.0
2024-06-24,799.2973257667842,812.9343842609869,798.6906945237919,811.6240844726562,28544994.0
2024-06-25,810.9931467609703,833.2443684249017,810.9931467609703,830.5266723632812,74521548.0
2024-06-26,828.8765922572081,830.3082774504516,820.699215435536,825.7463989257812,47596666.0
2024-06-27,823.1257354693937,831.3274011881083,818.5153383232833,823.1500244140625,55074650.0
2024-06-28,823.8536668700472,828.2214113967111,814.8270066965403,817.156494140625,26476046.0
2024-07-01,815.3123910533884,828.5612411045389,815.3123910533884,827.5420532226562,21187024.0
2024-07-02,832.2980286836319,841.9556094944659,826.353042764463,839.8687744140625,45921690.0
2024-07-03,869.1812101031826,870.6371250279785,856.3934358619908,858.3346557617188,123217802.0
2024-07-04,854.0154497500956,854.0154497500956,837.0782938778042,838.1945190429688,45848658.0
2024-07-05,817.7388811097651,817.7388811097651,796.9678045280713,799.8311157226562,82242548.0
2024-07-08,798.472252380916,803.1553977227993,789.6639557513818,793.6434326171875,39087800.0
2024-07-09,788.6205918556537,799.1516862165171,786.3639118522315,794.2015991210938,48550878.0
2024-07-10,791.0228924563764,795.9002315965357,786.5581099756618,789.1544799804688,45507182.0
2024-07-11,788.1109895551602,789.0330808548738,776.973264088155,787.1161499023438,44177074.0
2024-07-12,787.1647047300575,795.1237185250396,781.899157363576,787.50439453125,56049960.0
2024-07-15,787.892573532859,790.9500183647494,783.8645188167274,787.213134765625,33375694.0
2024-07-16,786.5580588939988,789.5912150674294,784.6411278889234,786.07275390625,28950324.0
2024-07-18,780.3703737749313,788.1109641715035,776.0754367376819,783.6704711914062,33717064.0
2024-07-19,784.2528302190582,787.649965003423,778.1865181041212,780.0307006835938,26002152.0
2024-07-22,784.7381898248855,801.2385599263364,782.6271249101725,797.1377563476562,53744822.0
2024-07-23,799.5641926190166,799.6855188562965,778.9144433374342,785.4175415039062,52002152.0
2024-07-24,780.4431686261755,786.6793253968798,770.6885509614999,778.4534301757812,61728206.0
2024-07-25,773.0908809941293,788.6206413154175,773.0908809941293,784.5440673828125,25535732.0
2024-07-26,778.9144923179402,787.0433507268658,774.7651110455088,785.2962646484375,43810540.0
2024-07-29,783.7675425920842,791.9449196556922,775.6629731237323,778.9387817382812,51001148.0
2024-07-30,777.4585181584071,793.3522550308714,776.0026033303951,784.034423828125,54595834.0
2024-07-31,783.2822470366172,790.0279981871195,780.9527594083772,784.1315307617188,37820484.0
2024-08-01,787.6014491725216,800.7774909815698,785.1991540216145,795.3178100585938,26215174.0
2024-08-02,791.5323792943032,810.7019249608421,791.5323792943032,805.1937255859375,44119238.0
2024-08-05,795.9486953170099,798.8120065813332,776.9732822215763,784.1315307617188,41333634.0
2024-08-06,791.0471196604719,792.4787456590307,773.2364505401089,777.0703125,45116050.0
2024-08-07,784.7380959828303,791.0470602671697,777.5555591010518,787.892578125,42346264.0
2024-08-08,788.1353303314752,802.3547907144078,785.8301315512568,797.2105102539062,33976950.0
2024-08-09,801.7237923493824,806.8437833638833,798.7149252998082,800.8502197265625,26644618.0
2024-08-12,801.7238266679481,813.3468572381819,799.4671466635041,805.65478515625,39316196.0
2024-08-13,790.0764803424304,792.2118340294594,777.0460539246062,778.0408935546875,54055042.0
2024-08-14,779.6424562895212,783.1366284755188,778.0409261468292,780.2733764648438,32334428.0
2024-08-16,790.319198015761,793.0611831331643,781.8263604564881,792.0662841796875,27849246.0
2024-08-19,794.759726022084,794.759726022084,787.9896858897818,791.7993774414062,19502164.0
2024-08-20,789.8095595425733,798.8119905444514,789.8095595425733,794.783935546875,31134494.0
2024-08-21,790.1250771140934,793.255329982036,785.126471042094,789.0089111328125,47630904.0
2024-08-22,792.0177293410987,795.0751744192786,790.0765094162431,791.6780395507812,21300638.0
2024-08-23,792.988292052303,792.988292052303,787.6499375770427,788.6448364257812,20333422.0
2024-08-26,792.1147410094821,799.7582942162704,792.1147410094821,795.8758544921875,22364266.0
2024-08-27,797.5502737581256,799.4914938187558,792.1148220435606,794.8082885742188,35773244.0
2024-08-28,794.8081968881353,795.7788068064845,791.1441207498361,794.4927368164062,26921188.0
2024-08-29,796.8707505966252,798.035494358065,791.6052035874162,795.1964721679688,49052604.0
2024-08-30,803.6650654368904,806.5768953841255,786.7521983416328,794.395751953125,445342100.0
2024-09-02,799.200245545704,799.200245545704,787.747000900005,789.56689453125,34049680.0
2024-09-03,792.9883758285047,795.875916903195,788.4264969467081,794.6141357421875,37282860.0
2024-09-04,795.4148040993854,798.2295964742419,792.0176694876126,796.773681640625,24682744.0
2024-09-05,798.8119853769339,800.7046866194709,796.8707654853739,798.5450439453125,22876318.0
2024-09-06,795.0751920423825,799.6613005199742,793.0368755313057,794.4199829101562,26029602.0
2024-09-09,794.9295342541234,800.0252363967779,791.0956131747174,799.0546264648438,23792914.0
2024-09-10,802.6943484628727,802.6943484628727,794.9294696385643,800.9229736328125,26606646.0
2024-09-11,800.9473902400173,801.9665188998836,795.5119386518413,797.7929077148438,22226684.0
2024-09-12,802.6944342572692,810.4593139115112,799.32158835399,808.8092651367188,32424046.0
2024-09-13,812.400503038587,812.400503038587,804.1746076631325,808.4937744140625,23860532.0
2024-09-16,809.0033572167779,814.2446744093743,807.5717313009576,810.9202880859375,15172820.0
2024-09-17,814.3417351276187,814.3417351276187,807.6202731787942,809.876953125,20127122.0
2024-09-18,811.3570886275262,824.4846115422112,810.9931099061356,822.494873046875,40917342.0
2024-09-19,824.6301946967953,834.2392569551141,824.6059649927001,829.1435546875,30651776.0
2024-09-20,833.0259912779876,846.8328941482245,828.6825354394553,845.0130004882812,60623386.0
2024-09-23,848.7984163669939,857.2184459846895,844.5519977602407,854.0397338867188,26965350.0
2024-09-24,856.5633141386422,864.6436541344489,851.3462854547951,858.0435180664062,33039036.0
2024-09-25,854.2095009540504,867.7252316684056,854.2095009540504,863.406005859375,31965312.0
2024-09-26,860.4700264333525,867.7253122548344,858.0435015109396,865.5171508789062,31899644.0
2024-09-27,862.3869272945984,862.9692695590985,849.2836931713828,850.5697631835938,35613502.0
2024-09-30,848.7013681367213,849.987378933711,836.8599148404105,840.572509765625,26383534.0
2024-10-01,836.6658121791694,845.4013020975134,834.773110848595,837.7334594726562,24572284.0
2024-10-03,832.613483062025,837.7091852435565,812.0850591484665,816.282958984375,48473398.0
2024-10-04,812.6431974622866,820.4808848190723,802.2091402837622,804.4658203125,48683232.0
2024-10-07,801.8208473760044,805.1209448670484,782.7969162571121,785.1264038085938,94458296.0
2024-10-08,791.0470635179641,804.0532597925816,787.1646239424159,801.2627563476562,29734406.0
2024-10-09,800.5105298956967,804.0289908485573,790.4161630516477,792.5758056640625,41125642.0
2024-10-10,795.4147877416559,808.2510795642027,792.2603056670246,806.7709350585938,21754766.0
2024-10-11,807.7658537028776,807.7658537028776,797.4774117796152,801.238525390625,23672594.0
2024-10-14,803.689297804442,821.1602762579215,802.6943989459767,819.2432861328125,18527508.0
2024-10-15,822.1065938917583,824.0478137120458,813.1284522229286,817.3020629882812,19651130.0
2024-10-16,815.3609038822862,828.8766360391955,815.3609038822862,824.9214477539062,20470682.0
2024-10-17,822.5676501021808,823.8780090897097,808.1298269832027,811.988037109375,14695732.0
2024-10-18,807.1106759435778,820.6506963237373,802.7429312558701,816.2101440429688,24809724.0
2024-10-21,832.2980010606213,848.3858722296796,830.3810701774502,838.9466552734375,46548354.0
2024-10-22,839.601939418289,844.4307004744691,830.2112402699462,832.0797119140625,38875280.0
2024-10-23,827.4692671141377,847.5851345291038,827.4692671141377,842.3923950195312,38036090.0
2024-10-24,843.5085346118838,858.3346247570413,843.5085346118838,849.1138305664062,30832258.0
2024-10-25,851.7102142266036,853.0933215296461,838.9466699408074,846.0806884765625,26130478.0
2024-10-28,845.4012471416386,849.7689918168825,839.043763962605,841.6158447265625,22012142.0
2024-10-29,837.7091441080032,856.0779244597386,837.1995502183419,850.1814575195312,35794926.0
2024-10-30,845.4012662208864,851.5889046504595,836.7628139716957,841.8099975585938,32715724.0
2024-10-31,838.6070472346083,843.8968836285101,834.4334360468695,842.3438720703125,22895912.0
2024-11-01,841.0335262277963,846.4203996311912,837.6849100339031,843.120361328125,1759692.0
2024-11-04,846.8572030494149,846.8572030494149,830.3083148266296,831.8612670898438,28089248.0
2024-11-05,826.4743572133567,855.447039991069,823.999313734677,853.0933227539062,44232406.0
2024-11-06,859.7177486791857,859.7177486791857,847.0270119492034,851.83154296875,27787910.0
2024-11-07,846.5174998307751,854.5977803501312,843.4600547619757,847.6094360351562,18895456.0
2024-11-08,850.2543248355499,855.0103373353861,847.2696873607207,851.4432983398438,19902986.0
2024-11-11,851.4918196964699,865.2016844692026,849.8660007285889,857.1941528320312,24565362.0
2024-11-12,859.9603824917264,861.4162973605047,829.2163253609564,833.8509521484375,31395406.0
2024-11-13,833.1473377113161,839.2864576545572,811.9152444974701,815.967529296875,35728500.0
2024-11-14,811.9637453515568,827.3721783747438,811.4784403744485,821.5,27146470.0
2024-11-18,825.0184258091194,834.190701332557,822.5919010273279,827.4934692382812,27081968.0
2024-11-19,831.8127776666084,851.1036515944076,826.3288074195308,845.5226440429688,50981272.0
2024-11-21,848.9925368361551,853.6514527573436,841.6158656563873,845.0130004882812,35716512.0
2024-11-22,846.1534758192824,851.3705040721685,839.3592064666866,847.1483154296875,24773612.0
2024-11-25,866.293664684976,875.2718066744363,856.5147576427843,866.560546875,427737274.0
2024-11-26,878.4019987795361,878.4019987795361,858.8927626136716,866.5363159179688,30935566.0
2024-11-27,868.6473457001546,881.9689429401197,866.3421471774458,879.5181884765625,32714976.0
2024-11-28,882.769668950273,891.0683714170436,867.7252160984541,870.2245483398438,35722392.0
2024-11-29,874.1799313606635,875.7814023363161,865.2503073983569,871.632080078125,27669536.0
2024-12-02,875.2475527258944,877.5042327860683,861.4163604593637,875.8298950195312,15110876.0
2024-12-03,884.5653546960274,891.6993733770357,881.3623537076274,886.3125,43410242.0
2024-12-04,891.9905313310416,905.0937654692016,888.6662041479593,902.7157592773438,44669084.0
2024-12-05,902.6672600453908,912.349070670313,890.6316728815866,905.457763671875,39682714.0
2024-12-06,901.2113107944992,904.7054828102569,894.9023463139778,900.6531982421875,17783156.0
2024-12-09,899.585600026442,912.3733745717748,897.3289199910699,907.5203247070312,26947912.0
2024-12-10,911.2570600965298,911.2570600965298,901.963517909446,906.59814453125,13325480.0
2024-12-11,903.492253077643,908.4423993938312,901.0900171351184,904.1716918945312,14045426.0
2024-12-12,898.2994568437374,906.8651010060448,897.183231769173,902.30322265625,17293790.0
2024-12-13,903.8804969466609,909.9468090067054,887.7441068669418,908.3695678710938,19009002.0
2024-12-16,905.1422772502634,907.4959944793276,900.3620351992098,905.1907958984376,13107082.0
2024-12-17,900.8958970749952,903.8077269850552,886.4095551207139,889.6853637695312,21079532.0
2024-12-18,888.0353013877913,891.0199388482123,877.0189020931173,878.74169921875,23422312.0
2024-12-19,873.3548187057529,874.0827761662058,863.3575480971324,870.3944702148438,25380770.0
2024-12-20,864.9105130352275,872.3599918831414,857.5581899695972,859.7177734375,25692348.0
2024-12-23,864.8135067920166,876.4608267488114,864.4738169898098,874.0343017578125,11044592.0
2024-12-24,874.5438211790217,877.7710517489787,868.4775092184595,872.6268310546875,14485834.0
2024-12-26,872.8452166518102,879.372544346817,864.2067650913875,869.059814453125,10481678.0
2024-12-27,871.0253675774094,876.4364704987394,868.2590937552997,872.6996459960938,7259330.0
2024-12-30,869.7635560951499,880.8285332674382,859.4751142791366,862.82373046875,22222218.0
2024-12-31,859.1353716990042,864.7163785916373,856.8544029024364,860.3728637695312,14117236.0
2025-01-01,860.6640693133434,870.637110073425,854.6705648241472,865.1774291992188,7313806.0
2025-01-02,862.4354683380634,875.2232427161829,860.4457297678027,870.5158081054688,18558576.0
2025-01-03,869.181218624921,871.2437647886038,847.4881097293069,848.8954467773438,24426194.0
2025-01-06,844.4791507386858,852.7778537230372,827.8332261221516,830.1141357421875,18816348.0
2025-01-07,832.2980215119891,835.209851324859,825.0184469798143,831.5215454101562,13527906.0
2025-01-08,829.022239132803,830.6722879270967,816.9381331798057,822.2522583007812,19738190.0
2025-01-09,817.3263871062876,819.6801043914131,804.6841687860751,809.3916625976562,40420222.0
2025-01-10,810.9446489326335,812.8373502667392,802.6944639943603,804.029052734375,17453280.0
2025-01-13,795.9001470292906,799.1759555612708,788.2808827329198,791.4595947265625,21669066.0
2025-01-14,795.8516298211142,803.7620652641559,794.4442335639691,799.1031494140625,26661432.0
2025-01-15,803.9076993782851,806.9165665577839,794.1045624787163,797.38037109375,14022892.0
2025-01-16,802.1363163454865,805.873200199019,797.2832665938832,801.7481079101562,21212454.0
2025-01-17,797.5987456720695,800.9958805790999,790.31917087129,794.3229370117188,23112076.0
2025-01-20,789.1059123060181,806.0672979791628,789.1059123060181,801.35986328125,17557618.0
2025-01-21,804.756952160241,806.115829748555,792.5272908307279,797.0648803710938,31158144.0
2025-01-22,797.0648841596673,811.3813805875693,788.8389294808721,808.5423583984375,30619306.0
2025-01-23,818.70954271768,818.70954271768,801.3598888041311,807.9843139648438,34909158.0
2025-01-24,805.6062761215885,810.6049411699597,798.0840488445496,800.6561889648438,24236200.0
2025-01-27,796.433983923838,797.6472463633178,789.1058906376462,790.9500732421875,22804166.0
2025-01-28,799.2973542955573,817.3992549290822,799.2973542955573,810.6535034179688,30179312.0
2025-01-29,812.8857890816031,815.8704263644069,809.9011517987993,814.0020141601562,12619890.0
2025-01-30,815.7976693049923,823.9993352943973,811.696865930955,820.8933715820312,25744846.0
2025-01-31,818.830797136207,827.2993450265934,817.2292670650723,824.4118041992188,15821686.0
2025-02-01,823.8051750140157,831.3274019434516,813.3954072501344,820.6264038085938,5587528.0
2025-02-03,810.4592960980566,818.6124432523412,807.2805248629369,814.3417358398438,20276540.0
2025-02-04,819.534460691003,837.5393220656948,815.3366201880791,835.1613159179688,28616502.0
2025-02-05,841.0334885893271,846.4688803989707,834.1907005592836,843.3629760742188,23675506.0
2025-02-06,842.2467875560731,848.7984047453597,836.6657803207547,846.299072265625,26760716.0
2025-02-07,849.2837426225924,857.5339275509261,837.1511177279839,840.9122314453125,23509600.0
2025-02-10,833.4142336911924,836.3988118099606,829.1435263354559,832.6619873046875,17195950.0
2025-02-11,826.4743520691721,830.3567917735487,819.5344674010676,825.6978759765625,22724704.0
2025-02-12,821.6213102303759,830.8421046157138,815.8946879155817,828.3185424804688,22809570.0
2025-02-13,824.5332029174352,831.934104238501,821.8883143385714,823.9022827148438,12602434.0
2025-02-14,825.9405276867242,825.9405276867242,815.3123371576534,822.5191040039062,19959892.0
2025-02-17,817.8359099627821,834.7245465784594,815.918979031997,833.4384765625,12938946.0
2025-02-18,831.3517231291166,840.3298652963055,828.0031069049801,836.2047729492188,16350910.0
2025-02-19,833.268662828246,843.4115489066289,831.0605014404679,838.21875,11884112.0
2025-02-20,830.3567961314325,832.152400807599,817.8844822121968,818.7579956054688,26390510.0
2025-02-21,815.74907568617,822.567574466393,813.977700828203,821.3786010742188,15680940.0
2025-02-24,815.8461881773111,817.3506217636291,806.1400885993494,813.9049682617188,20693646.0
2025-02-25,810.9931388087847,819.1948048046805,810.9931388087847,816.4528198242188,24138708.0
2025-02-27,816.5499163188684,830.235493033587,816.5499163188684,825.358154296875,35786800.0
2025-02-28,817.7388430279666,843.0960267361039,817.7388430279666,840.7423095703125,54516728.0
2025-03-03,844.3336059197142,845.9108470636534,822.1551333662954,825.7706909179688,21205364.0
2025-03-04,824.04786119963,831.9583561196923,821.7426625301964,829.8715209960938,19920958.0
2025-03-05,825.9647760106438,830.2597724194886,819.316121569752,820.1654052734375,21583872.0
2025-03-06,818.7094845214233,824.9699304836942,811.5512362127743,820.7477416992188,32966088.0
2025-03-07,816.2829306934012,825.5765323887408,814.1475770525966,819.8013916015625,13372914.0
2025-03-10,819.6801059027778,824.969941998729,816.7925649870414,818.9521484375,15604050.0
2025-03-11,816.4771337496867,822.1066598317914,810.4836289220838,817.9815673828125,19898430.0
2025-03-12,820.9176607269924,833.9966062113717,820.9176607269924,830.4296264648438,18784106.0
2025-03-13,832.8076643515269,835.112863088808,825.0427843943695,828.2214965820312,15736264.0
2025-03-17,827.4449541690359,836.6657483797172,827.4449541690359,830.0656127929688,18950652.0
2025-03-18,830.0656127929688,830.0656127929688,830.0656127929688,830.0656127929688,0.0
2025-03-19,842.004146653194,849.7690263917825,840.6452690024086,846.42041015625,15221406.0
2025-03-20,851.2249908210027,860.9310910584144,848.9440809617447,858.3832397460938,17833978.0
2025-03-21,851.9771897387066,860.9795616616999,851.9771897387066,859.15966796875,33508264.0
2025-03-24,863.3575457763671,875.6843039218336,860.7611760226637,873.5489501953125,17393736.0
2025-03-25,875.9269782864857,894.7567761384419,874.2769294910811,883.958740234375,39101416.0
2025-03-26,885.681575218163,886.8948376499686,874.5195608455505,876.7277221679688,24478442.0
2025-03-27,873.548970937254,893.4464752752693,872.6268796196651,885.8514404296875,41658100.0
2025-03-28,887.6227647317345,891.0198994245295,876.3879431494396,887.2344970703125,28773648.0
2025-04-01,874.5195261060333,878.3534470865061,856.7330877140463,857.9463500976562,28511006.0
2025-04-02,859.3294691298255,873.16066049231,859.3294691298255,872.0444946289062,11573564.0
2025-04-03,864.3766781830471,875.490173946712,862.3869396359797,871.0496215820312,11250038.0
2025-04-04,879.8579280746396,893.9074835384829,878.9358367650708,881.9447631835938,33540454.0
2025-04-07,855.4956105111871,863.7700245665659,843.5570610557007,853.0205078125,37995450.0
2025-04-08,856.5633039940931,864.8134887917699,849.4293443655757,858.5773315429688,35563872.0
2025-04-09,856.5632934570312,861.4163432783175,850.982286162552,856.5632934570312,22454608.0
2025-04-11,861.2950087869681,882.9638878798253,861.2950087869681,876.8247680664062,32775766.0
2025-04-15,905.0937456982635,910.8203678930464,900.240696123474,905.0452270507812,49298344.0
2025-04-16,914.2175024102768,914.2175024102768,902.9098732067754,911.4027099609376,19136820.0
2025-04-17,913.3439239431574,931.639897022746,910.7717839889756,925.3309326171876,35703084.0
2025-04-21,933.7267676045618,946.6843866809209,926.9324979858176,935.231201171875,34247298.0
2025-04-22,939.0651467003056,956.3419923313836,939.0651467003056,952.0227661132812,45961750.0
2025-04-23,960.3699954066212,960.3699954066212,932.0281739470524,933.67822265625,30570642.0
2025-04-24,926.9324466168476,933.6781972127432,924.554440533806,930.2325439453124,25931754.0
2025-04-25,934.1150265036636,938.094503546439,918.099962552793,927.5148315429688,18500878.0
2025-04-28,927.5148236825167,936.4929655182808,926.156005327847,931.882568359375,13920492.0
2025-04-29,931.2032084346736,936.0562581779408,922.1764885191324,926.3501586914062,18918308.0
2025-04-30,928.3883766867898,939.9871769317172,927.0780770079656,934.2120361328124,31936870.0
2025-05-02,936.5415014593008,942.4136794135692,931.7854893276606,932.7075805664062,17840404.0
2025-05-05,941.0063068714468,947.31527128059,937.754787372496,939.9386596679688,15068024.0
2025-05-06,936.638567281111,941.5401354999644,933.8723527219416,937.4635620117188,17490156.0
2025-05-07,938.5797640346196,945.7137230326643,932.950238518458,944.2092895507812,21420778.0
2025-05-08,948.6741890736062,948.6741890736062,931.348765916796,935.91064453125,34803430.0
2025-05-09,926.9810441332826,931.3002703673066,915.6734734771652,917.080810546875,17188796.0
2025-05-12,930.6208021509264,951.149226156264,928.0487213449755,949.8388671875,18618972.0
2025-05-13,946.3446699698328,952.0227142931208,931.7855212010662,933.0473022460938,24242102.0
2025-05-14,932.8047011833116,936.7356597192896,923.5353878045328,927.2236938476562,15445308.0
2025-05-15,928.6310129632632,943.8210814498384,920.6234813646776,938.4827270507812,32241458.0
2025-05-16,938.4828285590544,943.3358785376588,935.8621697223412,938.9195556640624,15868010.0
2025-05-19,940.0357840059994,943.918224001894,937.1239540090784,940.8607788085938,10202964.0
2025-05-20,935.7165491131648,938.8710315810084,928.388455536133,929.310546875,23879090.0
2025-05-21,935.1827306623918,944.840311965864,932.319419327406,935.085693359375,15132040.0
2025-05-22,929.4560306672616,933.8237752836328,924.6029810935156,931.7369995117188,21306670.0
2025-05-23,931.8340640363384,940.0357299039,929.1163680438908,938.3856811523438,9566072.0
2025-05-26,939.0651219212036,946.2961778607493,935.13416349166,941.5886840820312,10802860.0
2025-05-27,937.415037254252,945.3740503477449,929.989907003196,934.8429565429688,26162148.0
2025-05-28,931.8826007257044,938.8224856498368,930.6693382733266,933.484130859375,18157594.0
2025-05-29,935.6679454442282,941.8798725130029,925.6221566559584,935.42529296875,28917794.0
2025-05-30,937.560664423884,945.7623300992254,934.406182182701,943.86962890625,28748078.0
2025-06-02,936.6871049098004,939.5504160632177,925.9618769879232,937.65771484375,14668822.0
2025-06-03,940.5209813981356,947.315250613602,931.7854924068216,934.0178833007812,24377584.0
2025-06-04,932.2708380103268,943.0931624292062,932.2223193620798,942.073974609375,12961542.0
2025-06-05,945.3740366284826,950.6638723983344,941.5886343458624,946.1505126953124,22255418.0
2025-06-06,943.432829986841,968.8143027617216,942.801909850504,960.2728881835938,30127008.0
2025-06-09,968.1833931080394,968.1833931080394,958.9140802403332,960.3699951171876,13202588.0
2025-06-10,962.2627345803988,962.2627345803988,951.7315810074684,953.7698974609376,15533126.0
2025-06-11,954.8860400853164,954.8860400853164,944.8887696252716,946.538818359375,11096394.0
2025-06-12,946.3447246989118,951.6830795561876,939.2107650861756,943.1417236328124,16349130.0
2025-06-13,931.7855323379068,938.094496879778,928.3883975845916,930.6207885742188,12117762.0
2025-06-16,933.7267280054108,940.957783641244,931.8340268436208,939.2592163085938,16513746.0
2025-06-17,940.0357879023232,942.2681790609493,931.348816527236,936.4445190429688,16978736.0
2025-06-18,930.329645039179,939.6960548333932,930.329645039179,938.5313110351562,18433816.0
2025-06-19,938.5313155721644,944.7917616817876,934.5032605291776,939.2107543945312,16876220.0
2025-06-20,937.415115265286,956.0023202459612,937.415115265286,953.4786987304688,32900408.0
2025-06-23,945.5681762695312,950.1785732937572,942.3651754483344,945.5681762695312,11739518.0
2025-06-24,953.6242600004869,960.418529537386,949.06238146316,951.634521484375,22625322.0
2025-06-25,954.1096083800328,961.874488204082,953.0904797513926,961.0009155273438,18405932.0
2025-06-26,961.5833031108746,983.7617170900772,960.9038642878594,981.1896362304688,50084830.0
2025-06-27,987.666031344486,991.0024333509556,978.0494242399598,988.5982666015624,28213384.0
2025-06-30,986.9301202198938,988.0586250503452,979.0798184930638,982.023681640625,13649020.0
2025-07-01,983.740927917604,989.138010315157,983.250284063281,987.2244873046876,14389386.0
2025-07-02,991.051539922754,991.051539922754,970.4444979040134,974.418701171875,18878250.0
2025-07-03,978.7854199779472,985.2128423794024,973.584607191008,974.9583740234376,16860506.0
2025-07-04,974.9583893832662,983.0049605598704,971.4748300017684,976.037841796875,7863944.0
2025-07-07,975.8906089947404,980.5026731224452,973.3392849545876,975.1055908203124,11349426.0
2025-07-08,970.0028875050784,983.740915249207,970.0028875050784,981.974609375,15224316.0
2025-07-09,984.7221568062153,988.058558773539,980.3554147849676,986.7828369140624,13861428.0
2025-07-10,989.1379844829172,989.6286283244264,981.2876830187668,984.3296508789062,17030310.0
2025-07-11,980.306453474884,983.642855752239,971.9164552660966,973.2902221679688,12516922.0
2025-07-14,972.94677734375,975.7434233970494,966.8627814826074,972.94677734375,13088850.0
2025-07-15,968.0403470063502,983.0540373178538,968.0403470063502,979.079833984375,14498168.0
2025-07-16,990.1192370651518,992.4252390812768,977.656871954008,979.4722900390624,17994612.0
2025-07-17,983.25022693503,983.6427659529008,972.7994894879338,974.8602294921876,22529158.0
2025-07-18,974.8602232374528,979.8157138677898,958.2273856704024,960.38623046875,16129446.0
2025-07-21,970.5916382285528,982.2689857931024,969.7575676423912,981.5330200195312,22309078.0
2025-07-22,987.715103277212,990.119270074138,982.759612467046,984.771240234375,14836814.0
2025-07-23,986.6848008987,995.9089294093236,982.7596500249108,993.2103881835938,13634916.0
2025-07-24,999.7849522880986,999.7849522880986,985.4091233743482,988.2548217773438,19107176.0
2025-07-25,991.1076548914018,991.1076548914018,983.237817433207,985.9922485351562,9306598.0
2025-07-28,985.205265864704,994.2555908496132,983.9756037755068,987.9105224609376,12059580.0
2025-07-29,983.6804999207344,996.7640925817828,981.9097985152404,994.3539428710938,19895696.0
2025-07-30,997.5018784172968,999.764444634085,992.091365270063,996.4197998046876,15154036.0
2025-07-31,990.9108782036614,999.1742313953042,987.664582321978,992.6815795898438,22183032.0
2025-08-01,990.6157884442932,997.6494796779898,988.3040477115344,989.7304077148438,11317258.0
2025-08-04,988.6974801605749,992.8291567300696,977.8764539291844,979.7947387695312,13933946.0
2025-08-05,977.089461920278,980.975205994727,966.7603007320948,972.7118530273438,23978058.0
2025-08-06,969.5147509914576,977.8272785976123,968.9737116887808,976.499267578125,14080204.0
2025-08-07,973.9415460716062,984.5166400056098,972.3184281442016,981.4671020507812,13081186.0
2025-08-08,977.3846207407717,980.1882863803764,968.9737439061472,970.8920288085938,13895264.0
2025-08-11,971.8757166821836,982.5491593344192,970.4984711596596,981.5654296875,9105854.0
2025-08-12,979.7455870293594,981.7622208654036,967.7440729221852,968.924560546875,12937802.0
2025-08-13,980.7784409396806,980.7784409396806,968.5309950398891,974.0399169921876,13577396.0
2025-08-14,972.908633518138,981.7622004561192,969.5639286580632,979.35205078125,17511716.0
2025-08-18,988.6483131467888,996.8132573563984,981.5654475516468,985.5003662109376,19284796.0
2025-08-19,982.8935135816984,986.7300232295676,977.1878335213248,979.35205078125,12352438.0
2025-08-20,977.3354453835108,979.7947696044056,973.4005266300796,977.9256591796876,9950228.0
2025-08-21,982.5000176251586,982.5000176251586,975.4663263982884,979.4012451171876,12439850.0
2025-08-22,978.7618310909676,981.762194526744,962.628640751246,966.317626953125,19833502.0
2025-08-25,964.1534314319724,972.6135426708398,962.5794879672084,966.0717163085938,17518044.0
2025-08-26,963.563227065448,969.6623631247152,952.2503356808104,957.5625,16917731.0
2025-08-28,951.266572354668,956.3819785474136,939.4618165446824,942.2162475585938,25438255.0
2025-08-29,938.4781016808784,947.6267755693488,934.6415319653456,936.1171264648438,14823813.0
2025-09-01,934.149632186874,941.8719458039564,930.9525108908948,935.1333618164062,20178344.0
2025-09-02,935.5269334024698,939.2650942089082,928.6408255856272,929.1326904296876,14196320.0
2025-09-03,929.624519167098,940.740652202688,924.7058709175366,938.9207763671876,16083481.0
2025-09-04,944.5772033181552,949.9877162864988,940.6914592688354,945.610107421875,17597657.0
2025-09-05,951.7584261964354,951.7584261964354,938.5272505370174,947.7251586914062,11602111.0
2025-09-08,953.2340258485784,957.3165278914954,944.823149393627,950.2828369140624,11711307.0
2025-09-09,958.1526998830964,958.5462157684692,947.0365666053972,949.4467163085938,13985539.0
2025-09-10,958.0543466125588,958.0543466125588,946.0528326679372,950.1845092773438,18091100.0
2025-09-11,944.6755555766032,953.4799478098324,944.2820997482356,952.0535278320312,15113633.0
2025-09-12,954.1194397337724,954.9555859441328,946.5938836721522,951.5617065429688,14363519.0
2025-09-15,953.824233432933,956.5294899386952,949.2991011128588,951.3157348632812,14486377.0
2025-09-16,945.560981879392,953.5783427584718,945.560981879392,951.1190185546876,18661794.0
2025-09-17,949.4467082101404,958.5462075924,948.6596764461076,950.7747192382812,17361476.0
2025-09-18,957.4640913046234,963.7108108355188,953.4799980850368,961.0055541992188,17791598.0
2025-09-19,959.0380500102756,960.8087513537788,946.4462625851606,951.168212890625,31243267.0
2025-09-22,948.315388056543,955.398253585716,946.298754270858,948.5121459960938,10854415.0
2025-09-23,951.266576206428,952.447063800625,939.9536851760516,941.6260375976562,21022298.0
2025-09-24,936.7074240016012,940.8882751893464,927.6570988338276,935.5761108398438,15117220.0
2025-09-25,937.0024763946196,942.4129893816752,931.9854792780052,934.3955688476562,31413279.0
2025-09-26,929.7228805294212,935.9695999150294,925.9847198182592,929.6737060546876,14874656.0
2025-09-29,930.6574059019288,941.232499440892,923.8204729543668,934.8382568359376,32398179.0
2025-09-30,942.4621986714628,944.3804835370664,930.9033750448372,935.5269165039062,28296687.0
2025-10-01,937.1992488555558,953.8242439027432,930.6082481971154,949.5450439453124,25350832.0
2025-10-03,936.5106471136628,951.0206597658968,936.5106471136628,949.4467163085938,26658296.0
2025-10-06,956.0868643620496,961.497377400324,946.3479168763192,957.6116333007812,18542683.0
2025-10-07,958.152702071406,973.7447933808842,955.201513050652,966.514404296875,25535736.0
2025-10-08,960.1201629857547,969.8591107869768,958.69374294831,962.7762451171876,15939710.0
2025-10-09,958.644536419518,963.0713198098596,954.3653364923584,961.2022094726562,15370950.0
2025-10-10,963.0713193511868,970.1541847807785,962.1859386567032,964.9404296875,13757080.0
2025-10-13,958.4477997344204,965.0388004923792,956.1852335153852,961.1038818359376,18634254.0
2025-10-14,954.2177737318784,964.4977607253468,951.2665847409552,961.25146484375,22934382.0
2025-10-15,959.1364356766506,968.8753835018975,957.5132576917448,962.3335571289062,23310447.0
2025-10-16,966.6619807603524,980.384961573746,965.5306676270898,978.1715698242188,22936566.0
2025-10-17,977.7781081157632,992.5832274986776,969.9574453059424,986.2381591796876,25210511.0
2025-10-20,980.77844947519,1003.4042311581684,980.77844947519,986.6316528320312,22195202.0
2025-10-21,989.632029907408,993.5669485153896,987.664570603417,991.3043823242188,3471600.0
2025-10-23,999.469340209832,1003.8961237048558,989.6320435542232,992.386474609375,43526526.0
2025-10-24,994.5506701933195,995.4852253636408,975.1711841959708,978.5650634765624,17707768.0
2025-10-27,980.286584655995,992.6323796093756,979.9914777728962,986.6316528320312,15700796.0
2025-10-28,981.4178939740924,991.5994716753509,978.8109864255694,987.2218627929688,33904289.0
2025-10-29,988.5499498614066,996.0262711888014,983.729650556841,991.451904296875,17769445.0
2025-10-30,983.7296659041476,993.0750977302372,980.876825856188,981.9097900390624,19962917.0
2025-10-31,977.8272677237644,988.1072545286754,965.1863657946756,971.2362670898438,23221330.0
2025-11-03,968.9737116887808,978.3683179002892,967.3013592642496,976.499267578125,16607180.0
2025-11-04,970.9411924643372,980.7784892471572,967.6948965344257,969.2196655273438,20024544.0
2025-11-06,965.0388182096444,974.9252895070432,958.1527104344484,968.6294555664062,22279516.0
2025-11-07,964.0550607577244,968.8753600783504,958.8904800750938,966.317626953125,15004568.0
2025-11-10,966.3176552483678,974.8269410200376,964.2518469316628,968.4818725585938,15988262.0
2025-11-11,967.498102198712,977.3353986115102,962.0875891716728,975.564697265625,10200530.0
2025-11-12,982.549186657653,982.7459446009268,971.629811290036,973.4005126953124,13137263.0
2025-11-13,967.990016129637,973.9907432290496,966.6127705451346,970.596923828125,14124839.0
2025-11-14,960.169315545859,975.5155341538172,960.169315545859,973.4988403320312,21386965.0
2025-11-17,975.121999344663,981.7129998984626,969.5639028977658,980.3357543945312,18396408.0
2025-11-18,981.4178963551165,982.7459073482096,973.8923406153428,976.302490234375,20002640.0
2025-11-19,973.8923481205824,980.3357652840727,967.9899702531848,978.41748046875,19813847.0
2025-11-20,979.106143718625,995.1409255797436,976.3025381325072,992.4356689453124,19850865.0
2025-11-21,986.7792242744008,991.8946306513916,980.3358068377918,981.8114013671876,17499897.0
2025-11-24,983.7296398293618,994.9933562138264,977.4337461176168,982.8934936523438,32204053.0
2025-11-25,987.6645910314578,989.7303993265384,972.3184321597588,973.6956176757812,24989383.0
2025-11-26,965.3338969506472,990.566586579224,965.3338969506472,987.5662231445312,19494356.0
2025-11-27,985.795449877166,1000.2562876177888,984.713371288192,993.0750732421876,25536848.0
2025-11-28,990.615779865885,995.583602701878,987.8613487922536,991.2059936523438,15988807.0
2025-12-01,1000.944932017152,1000.944932017152,983.04104014366,985.7954711914062,16746566.0
2025-12-02,971.9249162739844,978.2208101938114,968.973727256958,973.6956176757812,27316662.0
2025-12-03,969.957416921422,985.992197910792,969.957416921422,984.2214965820312,15448777.0
2025-12-04,983.7296507402166,988.3531921071142,976.8435431850352,980.9752197265624,14528169.0
2025-12-05,975.8598190407668,991.5994935414244,974.0891176678616,986.9759521484376,12843366.0
2025-12-08,983.7296369469886,990.123879587144,981.2703128546212,986.7791748046876,12901022.0
2025-12-09,978.7126738119038,986.4841021884776,977.82729309106,980.8768310546876,15294322.0
2025-12-10,981.2703481612342,982.2540778335764,969.268834150242,973.6956176757812,15322830.0
2025-12-11,973.892376646044,986.3857555063868,972.4167821359742,984.0247802734376,11844809.0
2025-12-12,986.6808557305644,988.3532081724248,981.9589653386772,985.2052612304688,11988618.0
2025-12-15,975.8597989154724,985.5003373398883,975.8597989154724,979.89306640625,9790060.0
2025-12-16,973.9906989646398,982.4508099496376,973.9906989646398,978.1223754882812,20049088.0
2025-12-17,979.7947462128428,979.7947462128428,964.8420432983648,967.989990234375,19080922.0
2025-12-18,957.464054962666,971.334679033018,957.464054962666,963.7599487304688,14912404.0
2025-12-19,970.9411706561548,971.9249003123414,962.7762265182248,969.465576171875,25952384.0
2025-12-22,971.9249286743926,976.745228147207,967.8916609831688,971.6298217773438,13540411.0
2025-12-23,974.3842218605324,982.647574967353,971.6297908389564,980.3849487304688,17927849.0
2025-12-24,976.8435431850352,983.1394369666097,976.8435431850352,980.9752197265624,13699996.0
2025-12-26,979.7947606844748,980.9752483081762,971.6298163538564,975.9581909179688,9360853.0
2025-12-29,976.9418827381612,981.1719682293384,971.1379138798658,975.564697265625,13545749.0
2025-12-30,974.0891482066822,978.8110386964976,966.219310709625,974.7777709960938,33155849.0
2025-12-31,974.8761180311038,981.368709936572,971.531413084593,975.0728759765624,10963454.0
2026-01-01,977.3354223369146,981.3195154723956,973.4005036762728,975.023681640625,7132074.0
2026-01-02,975.0236621058956,986.8775923251652,972.7118614138294,985.3035888671876,11751459.0
2026-01-05,989.3861276768052,990.0255759869466,960.4152765333308,961.5957641601562,27647379.0
2026-01-06,947.036542557554,950.9714611429872,940.445541918535,946.544677734375,31988783.0
2026-01-07,940.4455758755976,940.888266240862,930.6082790568151,933.608642578125,52884712.0
2026-01-08,929.3294156929512,937.4943598087852,926.083119844739,931.296875,21928849.0
2026-01-09,929.6245460388378,935.1334082207486,918.1148967937476,923.72216796875,38183839.0
2026-01-12,922.246544668881,926.6733280832916,914.475056435634,921.7055053710938,21071666.0
2026-01-13,932.2806373194226,932.2806373194226,917.4262830054704,922.0989990234376,32042827.0
2026-01-14,914.8685971701506,924.7550683892156,905.2280583696796,910.3926391601562,36688248.0
2026-01-15,910.3926391601562,910.3926391601562,910.3926391601562,910.3926391601562,0.0
2026-01-16,906.9987674975428,920.7218085803552,904.2443363942556,915.95068359375,37780235.0
2026-01-19,920.6726328615482,920.9185652819042,904.5394420693568,912.8027954101562,38191942.0
2026-01-20,914.1799618930222,919.2953681382724,904.637772173591,916.049072265625,36022727.0
2026-01-21,909.9499161549952,916.9836070913004,900.6044845836736,905.3755493164062,32766854.0
2026-01-22,912.9011151422528,913.1962220288154,898.3419283315923,903.75244140625,44444755.0
2026-01-23,905.0312717738811,911.0319985807624,894.4561781091321,901.1947021484376,30985247.0
2026-01-27,891.2590997657288,916.0490999795524,890.2753700750383,911.3272094726562,44753093.0
2026-01-28,917.3279002643548,926.1322926560076,913.294632708984,917.524658203125,35347138.0
2026-01-29,914.9669494914904,924.0172745375144,909.310503842987,920.2791137695312,37175628.0
2026-01-30,914.8685955943554,923.6238136980638,912.6552038308206,914.1307983398438,29691233.0
2026-02-02,900.1126164754811,914.6718030723492,894.5053455447564,912.9994506835938,28032106.0
2026-02-03,967.7440559401642,977.8272849855384,929.6245315003356,933.2643432617188,50336968.0
2026-02-04,937.0024986247718,941.62604002273,932.5265406922532,937.5927124023438,24366770.0
2026-02-05,940.4455315704454,940.4947060438036,931.2968579683982,934.248046875,28103169.0
2026-02-06,929.6245335781572,932.674071523322,922.3449100391202,925.7879638671876,18120272.0
2026-02-09,929.6245151050696,934.5431633331388,920.1315000080592,922.0006103515624,23947829.0
2026-02-10,914.868578036692,925.5912552799808,914.8194035624206,917.2295532226562,31525385.0
2026-02-11,916.098249190927,920.7709650928404,910.245045684322,912.0157470703124,24869804.0
2026-02-12,911.9174149760892,913.4913584500406,903.5557126812706,905.6215209960938,33872203.0
2026-02-13,898.1451529282086,913.097855324917,886.3403973585059,889.1932373046875,50188359.0
2026-02-16,889.1932346170704,914.3766890728148,887.4224732532938,910.7368774414062,18806989.0
2026-02-17,907.9824677389612,912.9994649414832,903.6540332583628,910.6385498046876,22599629.0
2026-02-18,908.1792516728872,910.4418179261976,904.5886143276532,909.6548461914062,12738702.0
2026-02-19,913.8848827326366,914.0816406792112,897.6041683586819,900.702880859375,21209234.0
2026-02-20,896.1777087970013,902.9162328649714,893.6200357305538,897.0138549804688,22654907.0
2026-02-23,901.5882362795462,910.589386714232,900.3585742006053,908.5726928710938,23270122.0
2026-02-24,912.8519465614362,912.8519465614362,894.3578410316289,895.6858520507812,31313985.0
2026-02-25,895.7350222932594,901.0963609031212,888.4062243801156,892.8330078125,27884303.0
2026-02-26,897.1614323550999,897.1614323550999,880.4380284625158,883.9794311523438,41165937.0
2026-02-27,883.9794733683615,884.3238147843207,870.6007736322075,873.3060302734375,34620755.0
2026-03-02,861.9439110956672,873.3059762779105,857.3695443137591,865.0918579101562,38378924.0
2026-03-04,834.202743374385,864.993469417403,834.202743374385,854.5167846679688,39862322.0
2026-03-05,859.6321193633155,867.0593261570968,849.4505416361635,863.4686889648438,31324582.0
2026-03-06,853.9264946975441,857.5171318697022,841.1871839599715,843.10546875,34439647.0
2026-03-09,811.5769775858611,828.7430723323081,808.1339237415574,827.0215454101562,35592613.0
2026-03-10,836.2193641547399,842.8595391904452,826.923107096334,835.629150390625,52866024.0
2026-03-11,831.2515482012323,835.0388833093358,814.1346283989498,820.38134765625,42261076.0
2026-03-12,806.7566625998296,822.7915039414563,806.7566625998296,819.2008666992188,46107561.0
2026-03-13,806.6583423777922,810.3965031755142,798.7885048911796,803.7071533203125,41700464.0
2026-03-16,803.7071599773169,830.7597265616207,802.3791489072894,826.9231567382812,52182605.0
2026-03-17,833.907625869114,835.0881134427475,821.5125964091002,831.5958251953125,38826979.0
2026-03-18,831.5958180920426,833.0222380629118,818.0695356894909,829.333251953125,23507063.0
2026-03-19,757.4718247668609,802.3791069663046,757.4718247668609,785.2130126953125,171637393.0
2026-03-20,772.2277890336613,780.8354236248008,765.5384393026802,767.7518310546875,103129469.0
2026-03-23,750.7333447737776,756.1930326018271,728.9928823726722,732.04248046875,72341738.0
2026-03-24,742.7158864237038,760.1770877270425,735.5346719806084,752.454833984375,61269986.0
2026-03-25,755.7011518436857,781.8683373030494,755.7011518436857,769.5717163085938,59230640.0
2026-03-27,760.6197661066401,762.2921184952538,742.2731843894259,743.8963623046875,65485199.0
2026-03-30,733.0753333889118,738.7809532430898,714.8271607333363,719.6473999023438,103500135.0
2026-04-01,730.9111370884557,743.6012737142313,727.0745673991486,730.17333984375,78862761.0
2026-04-02,718.1226435138951,742.7158847301245,714.8271732077576,738.6826171875,49310300.0
2026-04-06,746.6508105088765,760.1770933079504,732.8785952952741,758.45556640625,42976659.0
2026-04-07,753.5368922732654,761.4067292682865,748.6182441513773,759.4392700195312,51309793.0
2026-04-08,786.9837533249241,804.4941298279846,783.0488345582994,802.82177734375,70269512.0
2026-04-09,801.7397031581198,805.674621946626,780.1959987742106,784.72119140625,48879392.0
2026-04-10,790.9186649096054,799.0344347920734,787.9674758614352,797.1161499023438,38156026.0
2026-04-13,778.6220116333144,785.5081191272287,774.5395096022282,781.7699584960938,47549328.0
2026-04-15,791.8531825431569,801.5428954413671,790.9186273804953,796.72265625,39769515.0
2026-04-16,804.6908427624061,806.7074765090769,779.3106301457999,782.5077514648438,62861293.0
2026-04-17,777.2447773125524,790.8694690755784,775.3757269911107,786.8853759765625,37282544.0
2026-04-20,784.130869340026,796.7718311959621,777.146412936798,782.5077514648438,52148044.0
2026-04-21,782.2618278432276,801.6413139109341,782.2618278432276,798.5425415039062,49135752.0
2026-04-22,796.8210214869076,799.8213849297669,785.0162656130275,786.8853759765625,23876412.0
2026-04-23,779.1138736217773,783.6882404572269,769.7684420568696,771.5883178710938,37677616.0
2026-04-24,764.6530532653331,774.7854567622786,764.3579463755373,772.0802001953125,27720358.0
2026-04-27,774.6870798664892,780.0975928052393,772.227755803421,776.9496459960938,18115375.0
2026-04-28,772.2277766082829,781.5732082997206,765.6367759332712,769.817626953125,35366803.0
2026-04-29,772.7196209849993,777.1464043006358,764.7022005187322,766.3253784179688,25799963.0
2026-04-30,757.4718126650201,766.1286213727735,749.847908057028,759.1441650390625,47998755.0
2026-05-01,759.1441650390625,759.1441650390625,759.1441650390625,759.1441650390625,0.0
2026-05-04,760.0295232783589,773.8017387354295,760.0295232783589,766.7189331054688,29028060.0
2026-05-05,761.8002432312857,764.2595672860843,751.2743242683289,759.734375,38887657.0
2026-05-06,762.5380651832903,785.9508189360297,760.9148872376333,783.58984375,35530831.0
2026-05-07,781.0813276889071,788.5084744009563,775.7199891869062,783.0979614257812,46137553.0
2026-05-08,771.2440360478325,775.9167518274592,764.5546865191014,768.145263671875,38016841.0
2026-05-11,759.3901026416063,762.2428825536997,749.5036318326614,751.2251586914062,41123422.0
2026-05-12,744.2898305325124,747.3394284783378,735.6330216051203,738.2399291992188,43937132.0
2026-05-13,739.7647228184694,747.5853858194506,735.1903557682459,737.4037475585938,28960919.0
2026-05-14,738.7810009702333,765.6368096362314,734.846082190099,757.0291748046875,50992358.0
2026-05-15,760.4230253238243,769.1782432932904,752.9467039429112,755.0125122070312,24347873.0
2026-05-18,746.6507839481793,761.5050772404568,739.1252283144738,756.143798828125,29812079.0
2026-05-19,754.2255287138954,758.2587962302428,747.8804605130283,750.044677734375,40307830.0
2026-05-20,747.2410491475586,749.8479568451309,742.8635000569833,747.1427001953125,24013451.0
2026-05-21,754.5206547496631,755.7503168336749,742.8634822100684,746.7984008789062,34664725.0
2026-05-22,746.7984174780529,762.390509033052,746.7984174780529,754.3239135742188,25604071.0
2026-05-25,763.3742255318324,775.0313981291084,762.5872538025895,774.0476684570312,26043952.0
2026-05-26,771.2932224692265,777.9825721015808,764.1120080103449,766.22705078125,31528062.0
2026-05-27,756.9799611769273,761.3083956280444,744.584991677417,746.3065185546875,63680153.0
2026-05-28,746.3065185546875,746.3065185546875,746.3065185546875,746.3065185546875,0.0
2026-05-29,733.9115075895189,748.1264133157719,725.7465633447872,732.4359130859375,101299431.0
2026-06-01,736.8135126590627,740.1089829912345,727.1729740345589,730.6160278320312,47996441.0
2026-06-02,725.0087855549667,741.3386744827858,721.2214502442791,736.0757446289062,47314447.0
2026-06-03,732.3375535846441,744.5849997963322,730.5176176978582,741.3878784179688,36109480.0
2026-06-04,736.9610714527732,744.9784318589446,732.8785694984622,741.9288940429688,42673538.0
2026-06-05,741.6829610502508,746.355676758121,732.5342875674706,734.8952026367188,22116568.0
2026-06-08,725.9925096938186,729.4355636015806,722.5494557860566,726.6319580078125,21550700.0
2026-06-09,727.4189306755471,731.8457142768752,720.3852393810432,726.3367919921875,38539563.0
2026-06-10,724.5169081730804,743.6504624272108,724.418559222074,734.698486328125,44458159.0
2026-06-11,730.9111639255492,743.699649970007,728.0583237911012,732.485107421875,32632007.0
2026-06-12,742.4207572291352,761.8494172504803,740.8467538097462,759.8819580078125,36088159.0
2026-06-15,777.1464134002696,780.5894671305239,762.980682607529,764.7022094726562,39990334.0
2026-06-16,767.8010209255166,774.8838866823837,766.7681167622869,772.1294555664062,27820970.0
2026-06-17,774.8346784396643,781.376444549763,770.3586605239058,774.2935791015625,32405604.0
2026-06-18,773.7033792240301,789.8857441736253,773.4082723338255,786.0,41492071.0
2026-06-19,788.7000122070312,789.0499877929688,776.2000122070312,779.7999877929688,33798761.0
2026-06-22,789.9000244140625,789.9000244140625,783.0999755859375,786.4000244140625,25194765.0
2026-06-23,783.0499877929688,790.9000244140625,772.5499877929688,774.6500244140625,28289062.0
2026-06-24,773.0,794.9000244140625,772.6500244140625,793.2000122070312,34701292.0
2026-06-25,798.5,804.4500122070312,794.75,796.2999877929688,46707966.0
2026-06-26,796.2999877929688,796.2999877929688,796.2999877929688,796.2999877929688,0.0
2026-06-29,800.0,805.9000244140625,793.2999877929688,798.9000244140625,46695977.0
2026-06-30,806.0999755859375,806.0999755859375,792.75,797.9500122070312,45778356.0
2026-07-01,793.5,802.25,793.5,796.1500244140625,26094378.0
2026-07-02,795.0,805.4500122070312,794.0,795.9000244140625,34143823.0
2026-07-03,803.0,807.0,798.5499877929688,801.0499877929688,25871958.0
2026-07-06,805.0,831.5,805.0,829.8499755859375,63203327.0
2026-07-07,843.0,843.0,826.0999755859375,829.2999877929688,57611729.0
2026-07-08,825.9000244140625,834.3499755859375,806.9500122070312,810.2999877929688,38754632.0
2026-07-09,813.0,822.8499755859375,812.2999877929688,817.5499877929688,39891798.0
2026-07-10,824.0,827.7000122070312,820.2999877929688,824.9500122070312,23595785.0
2026-07-13,817.0,821.9500122070312,811.0,817.9500122070312,21741736.0
2026-07-14,811.4000244140625,818.4000244140625,807.0,809.4000244140625,25605395.0
2026-07-15,811.0,819.7000122070312,809.7000122070312,815.4500122070312,21488739.0
2026-07-16,814.5,818.0,806.5,808.2999877929688,18698186.0
2026-07-17,810.0,823.7000122070312,808.5,819.5999755859375,17415322.0
2026-07-20,790.0,790.0,774.5499877929688,777.5999755859375,56061789.0
2026-07-21,769.1500244140625,772.5,760.0999755859375,761.4500122070312,42246009.0
2026-07-22,760.25,761.3499755859375,750.3499755859375,753.1500244140625,23385446.0
2026-07-23,749.4000244140625,751.0,743.25,747.25,32532090.0
2026-07-24,738.5,748.25,737.25,742.7999877929688,23837859.0
2026-07-27,746.0999755859375,747.9500122070312,738.0999755859375,739.5499877929688,29678752.0
2026-07-28,732.0,740.25,732.0,735.4000244140625,33886037.0
2026-07-29,743.0,751.25,740.7999877929688,748.2000122070312,20460659.0
2026-07-30,752.7999877929688,757.9000244140625,745.5,753.9500122070312,35844392.0
2026-07-31,753.9500122070312,757.5499877929688,747.2000122070312,748.1500244140625,25522483.0
2026-08-03,753.0499877929688,756.8499755859375,750.0499877929688,753.0,14827841.0
2026-08-04,753.2000122070312,753.2000122070312,738.0,742.0,31559802.0
2026-08-05,733.7999877929688,741.9500122070312,732.5999755859375,735.0,60050538.0
2026-08-06,739.0,740.5,733.5499877929688,734.2999877929688,44772122.0
2026-08-07,733.0,736.0,728.2000122070312,731.0,19382042.0
2026-08-10,731.5,737.5499877929688,728.5,731.0,23660590.0
2026-08-11,730.5,730.8499755859375,726.5499877929688,729.0,29154365.0
2026-08-12,729.0,730.6500244140625,722.0,729.0,26993177.0
2026-08-13,726.9000244140625,729.0,724.5,725.0,22129893.0
2026-08-14,725.0,729.5999755859375,723.5,727.0,20364131.0
2026-08-17,727.0499877929688,732.0999755859375,724.5,729.0,14823722.0
2026-08-18,726.2999877929688,729.0,723.0,723.0,17916507.0
2026-08-19,724.0,725.4000244140625,715.0999755859375,720.0,21342651.0
2026-08-20,725.5,728.2999877929688,724.2999877929688,725.0499877929688,17603805.0
2026-08-21,728.2999877929688,732.7999877929688,726.5999755859375,726.9500122070312,26029811.0
2026-08-24,732.5,734.4000244140625,724.0999755859375,729.0,11408345.0
2026-08-25,726.5999755859375,728.7000122070312,722.0,727.5,17511874.0
2026-08-26,728.0,731.0,724.1500244140625,727.2000122070312,21156463.0
2026-08-27,728.1500244140625,728.1500244140625,710.0,711.0,46515020.0
2026-08-28,710.8499755859375,720.2999877929688,707.0,720.2999877929688,16494301.0
2026-08-31,723.0499877929688,739.75,704.1500244140625,709.0,78157067.0
2026-09-01,705.0499877929688,715.4500122070312,698.5,711.9000244140625,44417092.0
2026-09-02,702.2999877929688,705.6500244140625,700.0,700.7999877929688,36950338.0
2026-09-03,705.0,712.5999755859375,705.0,706.6500244140625,27770641.0
2026-09-04,708.3499755859375,716.5,708.3499755859375,712.0999755859375,14488024.0
2026-09-07,712.0999755859375,713.0,707.0499877929688,710.5,12180390.0
2026-09-08,707.0999755859375,708.9000244140625,703.0,703.0,19883515.0
2026-09-09,698.0,700.0,687.0999755859375,687.0999755859375,39173990.0
2026-09-10,687.0999755859375,694.5,686.2000122070312,693.7999877929688,27108053.0
2026-09-11,683.9000244140625,709.0,681.9000244140625,708.25,31411934.0
2026-09-14,708.25,708.25,708.25,708.25,0.0
2026-09-15,722.4000244140625,730.75,715.0499877929688,716.5499877929688,50387632.0
2026-09-16,714.9000244140625,725.4000244140625,710.8499755859375,721.5,27476943.0
2026-09-17,717.5,719.4000244140625,713.0,713.0,21543303.0
2026-09-18,715.25,733.7999877929688,715.25,731.0,39400710.0
2026-09-21,731.0,742.6500244140625,729.0499877929688,739.5,35482683.0
2026-09-22,738.8499755859375,749.2999877929688,738.5999755859375,738.5999755859375,35483669.0
2026-09-23,735.6500244140625,742.7999877929688,734.0,737.25,23197231.0
2026-09-24,725.0,734.8499755859375,722.7000122070312,728.9000244140625,29575194.0
2026-09-25,723.0,739.65,723.0,735.6,19853034.0
