Date,Open,High,Low,Close,Volume
2021-09-23,2394.6806387729416,2421.5682810328485,2392.369982016231,2397.243408203125,448036.0
2021-09-24,2394.680651787281,2405.0156303643867,2367.246936199449,2380.774658203125,603710.0
2021-09-27,2387.118347797496,2460.2191208557088,2387.118347797496,2447.573486328125,1187306.0
2021-09-28,2460.176668214121,2469.4613461501967,2429.129891704736,2453.958984375,788979.0
2021-09-29,2449.295901086733,2453.9592670714874,2407.704083898468,2425.054931640625,613787.0
2021-09-30,2400.814527181304,2418.921715577303,2375.523255530523,2379.9765625,920513.0
2021-10-01,2375.522810653912,2395.520532733121,2354.558896124654,2392.957763671875,329726.0
2021-10-04,2404.385182387399,2411.485158639037,2394.6803840143743,2399.34375,386779.0
2021-10-05,2397.2010503226384,2402.7885557145,2386.2779470439164,2390.10107421875,316991.0
2021-10-06,2386.2778401814394,2394.6802269426416,2336.7037582903463,2351.11376953125,468624.0
2021-10-07,2369.473462459141,2402.536941941999,2361.071074294392,2387.66455078125,552458.0
2021-10-08,2409.594767315205,2413.1657821390536,2386.2781411124342,2388.042724609375,300133.0
2021-10-11,2390.479277819434,2418.669329310985,2388.966807020596,2401.234375,658779.0
2021-10-12,2414.762405508828,2459.799290978068,2399.0920326439373,2450.6826171875,956819.0
2021-10-13,2458.538687134017,2476.057747871685,2442.6162031711483,2457.866455078125,754779.0
2021-10-14,2465.2607092119097,2473.789051219539,2436.6925892005925,2460.05126953125,572466.0
2021-10-18,2469.461701675484,2478.7043279832174,2433.4994419235627,2440.137451171875,440831.0
2021-10-19,2440.13758708097,2461.899689999432,2407.704287267363,2416.56884765625,447221.0
2021-10-20,2405.60402211276,2416.5271280462093,2354.349448117343,2366.11279296875,424722.0
2021-10-21,2382.07708030508,2382.07708030508,2289.6508091115847,2316.454345703125,737326.0
2021-10-22,2330.822421062989,2352.6686297679776,2291.709264065812,2305.7412109375,387942.0
2021-10-25,2305.5730282895543,2314.731753552764,2251.041616622052,2257.553466796875,326076.0
2021-10-26,2266.039999589017,2275.3667325784577,2256.041239650354,2269.06494140625,282346.0
2021-10-27,2280.366379700309,2293.3061821717088,2253.52078718894,2260.36865234375,444512.0
2021-10-28,2280.2399095963005,2280.2399095963005,2235.0350248336613,2241.546875,366561.0
2021-10-29,2252.6797657220363,2271.03906183143,2217.3897432825265,2232.59814453125,614962.0
2021-11-01,2247.638415041256,2262.5947042134817,2219.910539266916,2252.427734375,502481.0
2021-11-02,2264.443394310432,2269.9469990604343,2248.941030653102,2255.452880859375,813089.0
2021-11-03,2266.124285968724,2266.124285968724,2218.230669246359,2219.448974609375,504184.0
2021-11-04,2226.633175405579,2256.041538099615,2226.633175405579,2249.73974609375,93301.0
2021-11-08,2275.114821148684,2276.795298943252,2243.857975197008,2254.27685546875,644351.0
2021-11-09,2264.401393496153,2310.656578021651,2254.86480670144,2280.7021484375,723569.0
2021-11-10,2280.4082187783,2295.4904649754308,2270.199398895455,2284.44140625,390217.0
2021-11-11,2289.6509622353515,2289.6509622353515,2256.5456322121054,2269.401123046875,264937.0
2021-11-12,2285.4493682444577,2285.4493682444577,2251.839818711451,2254.402587890625,352693.0
2021-11-15,2298.053114375928,2339.897047577225,2256.8814132408565,2262.97314453125,2023708.0
2021-11-16,2278.895641138512,2326.6212461902114,2269.485007569433,2311.412841796875,1246961.0
2021-11-17,2311.4130459946823,2330.5284804572657,2295.4066594879164,2310.11083984375,570038.0
2021-11-18,2319.058897644898,2321.5796138379906,2241.0426494141284,2255.9150390625,559569.0
2021-11-22,2256.040817797857,2267.131927159752,2200.332953224955,2213.69287109375,636253.0
2021-11-23,2205.584782412256,2224.027982922714,2184.620865518508,2211.676513671875,626376.0
2021-11-24,2223.6918969215303,2233.2705368110046,2195.5438982263213,2202.307861328125,564230.0
2021-11-25,2218.2303375147526,2218.2303375147526,2168.7403563573425,2180.16748046875,625134.0
2021-11-26,2167.815967341871,2175.966242160796,2104.92401507198,2125.2998046875,685448.0
2021-11-29,2121.602823162621,2124.921725165633,2055.3499163134534,2092.86669921875,594113.0
2021-11-30,2080.431159930597,2111.2258282845346,2036.7807975821145,2057.996826171875,1527406.0
2021-12-01,2083.7921436019988,2083.7921436019988,2047.703929561659,2057.072509765625,769987.0
2021-12-02,2040.100053523936,2086.4811998749487,2024.0514084453407,2077.65869140625,921229.0
2021-12-03,2087.9930771713216,2098.454007496471,2059.467015594992,2069.045654296875,499760.0
2021-12-06,2079.3808799176177,2079.9269530593115,2026.361731887578,2033.3778076171875,347297.0
2021-12-07,2045.9813167666528,2079.590866118056,2041.8642290256705,2068.499755859375,347226.0
2021-12-08,2067.113438797145,2100.597037631564,2067.113438797145,2092.74072265625,308181.0
2021-12-09,2108.9993773854662,2124.8798085709705,2084.968465771843,2118.199951171875,402958.0
2021-12-10,2117.9896355111628,2138.239470096598,2111.435732668911,2123.1572265625,327197.0
2021-12-13,2142.608385716746,2144.288862882014,2092.194070758705,2096.395263671875,332491.0
2021-12-14,2083.791915286999,2090.5138246911506,2066.98714177662,2086.98486328125,365318.0
2021-12-15,2087.237395077116,2120.762842908456,2080.5573321561114,2106.604736328125,470021.0
2021-12-16,2111.519884848541,2121.602749400145,2066.399107007391,2076.31396484375,496003.0
2021-12-17,2074.5497420127617,2074.5497420127617,2034.218276797447,2054.08984375,492339.0
2021-12-20,2045.9812212739923,2045.9812212739923,1940.9513844529447,1980.1484375,687713.0
2021-12-21,2008.1705952709065,2008.1705952709065,1960.3190398962315,1972.3763427734373,401977.0
2021-12-22,1978.7625405571432,1988.0051681351167,1963.890353572601,1973.5531005859373,367785.0
2021-12-23,1987.164636719008,2019.0937091060364,1976.6616523811697,2010.439208984375,472868.0
2021-12-24,2027.496319292615,2027.496319292615,1996.9117075957383,2010.2293701171875,343453.0
2021-12-27,2008.170674726628,2025.143456975276,1992.206137981939,2018.2535400390625,223494.0
2021-12-28,2019.9335969421936,2037.578607564401,2013.127582219077,2031.5289306640625,265463.0
2021-12-29,2034.2181828552827,2052.5354301552848,2024.97555583694,2044.5111083984373,270407.0
2021-12-30,2037.5790214436968,2048.376171714988,2026.9500830358888,2043.3765869140625,366389.0
2021-12-31,2043.4611664608444,2086.8175791854064,2043.4611664608444,2068.75244140625,253608.0
2022-01-03,2069.5079740508672,2097.655971261872,2069.5079740508672,2080.935302734375,234912.0
2022-01-04,2093.874956843827,2097.7401371333367,2074.0452403665035,2087.9091796875,181575.0
2022-01-05,2087.95136000964,2111.478046353041,2082.06968842379,2105.638427734375,294097.0
2022-01-06,2092.1946510901817,2108.15918858846,2070.3484418820112,2097.236083984375,406402.0
2022-01-07,2108.15934730021,2113.6209000134227,2085.472897568402,2099.841064453125,308537.0
2022-01-10,2091.606716025476,2171.177298114053,2091.606716025476,2166.219970703125,783876.0
2022-01-11,2171.722948332092,2178.024738798074,2151.683377732115,2157.943115234375,372092.0
2022-01-12,2163.61472743332,2180.4195020153265,2152.691623955016,2176.638427734375,410716.0
2022-01-13,2183.7808602643263,2184.621099148614,2159.4139326199765,2179.24365234375,243121.0
2022-01-14,2176.218509901343,2180.251697201805,2146.8101516594334,2159.16162109375,267065.0
2022-01-17,2183.780790547497,2289.1887141889983,2177.43694614636,2269.9052734375,2357848.0
2022-01-18,2271.165058947876,2291.3307864413086,2231.0016106628445,2262.63671875,1082632.0
2022-01-19,2264.443375571885,2302.254118392195,2247.68065394883,2268.4765625,763040.0
2022-01-20,2268.644745356039,2318.428893934685,2265.325843144747,2276.5849609375,1022978.0
2022-01-21,2271.7532806380364,2333.34281697843,2232.724234935518,2310.740478515625,1170753.0
2022-01-24,2302.254361120095,2326.957300312578,2241.379099788567,2273.854248046875,593277.0
2022-01-25,2272.0896141738785,2343.42579974142,2229.0273795963426,2337.586181640625,971148.0
2022-01-27,2296.372589077607,2327.4614239827924,2259.402082703873,2281.248291015625,559824.0
2022-01-28,2285.617409498184,2314.857759060974,2237.5978469319384,2245.243896484375,466238.0
2022-01-31,2251.966075765493,2297.2550729426493,2251.966075765493,2289.062744140625,442531.0
2022-02-01,2308.9764138712526,2327.2936622574907,2250.159692993892,2291.121337890625,414159.0
2022-02-02,2271.165846510489,2305.1114175077087,2266.96465182586,2270.66162109375,283071.0
2022-02-03,2272.257397256844,2367.7504367256,2255.200511821971,2337.123779296875,1436881.0
2022-02-04,2323.2600014459617,2335.863581923969,2279.357529447571,2286.919677734375,585251.0
2022-02-07,2286.919943003277,2297.212868254233,2205.6268394906224,2224.994384765625,688838.0
2022-02-08,2235.497287865297,2261.628590382162,2226.632727864816,2245.075927734375,625615.0
2022-02-09,2252.176008027443,2299.3975929180383,2246.0003759003366,2292.8857421875,359950.0
2022-02-10,2306.791163726045,2311.496582334974,2269.5267017746005,2297.296630859375,448648.0
2022-02-11,2243.437747016583,2308.136138971743,2230.8341641681754,2284.2734375,1235994.0
2022-02-14,2252.679826508519,2271.2910305998653,2210.457834236213,2225.3720703125,576694.0
2022-02-15,2226.6326182746334,2342.459608415671,2209.827843797089,2334.729248046875,1131545.0
2022-02-16,2324.268392251008,2390.1432334186843,2324.268392251008,2341.577392578125,1127829.0
2022-02-17,2352.66839952662,2413.4176995845346,2336.325797564332,2347.164794921875,1166885.0
2022-02-18,2335.8636371597154,2367.792708459021,2309.774183926028,2330.8642578125,662754.0
2022-02-21,2335.931230513997,2360.0210065213937,2305.915721437388,2330.26318359375,522214.0
2022-02-22,2297.2848128454016,2363.4564834309776,2272.465168381427,2345.42138671875,644900.0
2022-02-23,2357.444458268603,2372.430720814029,2288.7393374447456,2293.591552734375,631227.0
2022-02-24,2248.890661494874,2254.043546038431,2095.506381046436,2138.79052734375,1934361.0
2022-02-25,2219.7765478474284,2226.0459321059247,2151.0714264861344,2197.189697265625,715496.0
2022-02-28,2170.2232872096965,2187.356587016542,2137.631333200328,2177.480224609375,1008620.0
2022-03-02,2145.317401220049,2145.746808225897,2079.1887223193507,2083.740478515625,855090.0
2022-03-03,2096.365265051249,2119.5532462705787,2065.4479567588096,2076.09716796875,831912.0
2022-03-04,2061.15394548586,2064.245760272657,1976.217310517532,1984.9771728515625,1266961.0
2022-03-07,1966.5128394470228,1966.5128394470228,1863.7128194273084,1888.2747802734373,1284637.0
2022-03-08,1873.073644022753,1940.2758506457608,1843.745224937,1933.748779296875,1081826.0
2022-03-09,1946.0727025306635,1984.3758943131124,1919.5782043315312,1967.1136474609373,670764.0
2022-03-10,2018.213456069731,2070.1287347394486,1985.6214977240847,1993.0931396484373,716132.0
2022-03-11,1990.7308358978469,2013.9188137102888,1964.19356738105,2002.067138671875,467988.0
2022-03-14,2001.0370311064296,2019.0721288116808,1960.0716368245023,2011.2568359375,382149.0
2022-03-15,2013.9191245709053,2043.9776189674865,1975.2724889181595,1991.0745849609373,612285.0
2022-03-16,2018.3845651203835,2040.9714146308395,2005.3306346151944,2034.959716796875,493507.0
2022-03-17,2046.5537440311707,2086.2738911824263,2039.683232091494,2078.243896484375,781757.0
2022-03-21,2090.997452553337,2102.3337557771665,2043.9773845680013,2053.896728515625,516893.0
2022-03-22,2065.448043621257,2091.212468281814,2013.9621769421976,2081.46484375,470208.0
2022-03-23,2080.9065454138386,2095.334664097172,1998.6321134462733,2056.55908203125,1137046.0
2022-03-24,2027.659881929109,2084.556310212804,2003.613089597888,2071.588134765625,692836.0
2022-03-25,2078.3300201623374,2093.788673204868,2032.598171578187,2042.603271484375,467568.0
2022-03-28,2035.3893888789244,2059.307445102035,2017.3542930280985,2042.2169189453125,493636.0
2022-03-29,2048.2716794432845,2062.0127053850424,1849.9286000495065,1898.537353515625,2475877.0
2022-03-30,1932.3318066460763,1958.9550448709776,1912.063709161132,1950.925048828125,3115035.0
2022-03-31,1958.0962766411424,1989.786435144528,1958.0962766411424,1970.2484130859373,1338490.0
2022-04-01,1876.5092771588816,1928.8969503427224,1846.45077615176,1923.872802734375,3541517.0
2022-04-04,1932.33175392188,1991.5899277088176,1932.33175392188,1985.363525390625,1417392.0
2022-04-05,2000.9508192764115,2020.488839383089,1988.154573492688,2002.9691162109373,715666.0
2022-04-06,1999.319157107812,2017.4829908392635,1980.897637220803,2015.5506591796875,812337.0
2022-04-07,2018.2132653334656,2033.843641028572,2006.919943057723,2018.7286376953125,853476.0
2022-04-08,2022.5070288154045,2043.977379439772,2001.509067839052,2028.9051513671875,694946.0
2022-04-11,2025.0402460767216,2028.303780915612,2002.023991025675,2005.6739501953125,408871.0
2022-04-12,1996.6997123207832,1997.5585263831308,1962.8195394954505,1973.46875,502227.0
2022-04-13,1968.015408077608,1984.8480379102136,1948.5631437470684,1953.28662109375,426929.0
2022-04-18,1949.422024148124,1970.935359093472,1931.6016317337685,1962.733642578125,422209.0
2022-04-19,1982.143115973296,1998.8899923864155,1925.804822222641,1943.711181640625,484466.0
2022-04-20,1949.50812939898,1988.154766325391,1942.336947345176,1953.6734619140625,424461.0
2022-04-21,1959.81366085704,1993.9515193228888,1955.519590609763,1990.4302978515625,341987.0
2022-04-22,1970.9783390839527,1979.5664799949943,1952.6425743703169,1970.334228515625,598737.0
2022-04-25,1948.0477243372688,2003.5699623253315,1946.072410318381,1965.481689453125,596296.0
2022-04-26,1984.719508816141,2072.318552476568,1976.3890534611503,2067.38037109375,1311255.0
2022-04-27,2052.565842773437,2171.597569239664,2035.3895595703125,2147.035400390625,2082863.0
2022-04-28,2181.215893607577,2183.062259885133,2145.3604082121283,2161.892578125,1182758.0
2022-04-29,2154.421437498442,2191.693890801012,2139.692647813432,2152.74658203125,839920.0
2022-05-02,2112.854712761465,2151.845004348896,2102.463186449942,2136.128662109375,667551.0
2022-05-04,2095.5065763449365,2164.2117099955904,2060.123474449136,2069.312744140625,1263034.0
2022-05-05,2087.0039319051707,2179.79861449536,2087.0039319051707,2148.451904296875,1675043.0
2022-05-06,2069.741938697547,2232.057800280052,2067.3801999708176,2201.441162109375,2491483.0
2022-05-09,2194.2700153687883,2198.564085848962,2135.0118427423904,2140.808837890625,996952.0
2022-05-10,2134.1533131951296,2163.6536651957986,2111.4807019054147,2121.056396484375,644415.0
2022-05-11,2117.406214739184,2163.696211979699,2067.9384375147147,2121.528564453125,575504.0
2022-05-12,2111.8240719285554,2111.8240719285554,2036.2484239701523,2062.1845703125,966472.0
2022-05-13,2073.9931012092943,2147.0352834878336,2073.9931012092943,2103.364501953125,691344.0
2022-05-16,2104.1374173965373,2157.297923532717,2095.5062942094683,2143.513916015625,473407.0
2022-05-17,2159.91760894854,2180.40041050038,2148.796007528597,2167.217529296875,517525.0
2022-05-18,2168.806081025795,2193.582739834196,2157.169109057469,2180.52880859375,332168.0
2022-05-19,2155.7091678214865,2189.1169495223367,2147.5074519492173,2160.3466796875,556405.0
2022-05-20,2185.681662442996,2244.424457046385,2185.681662442996,2224.45703125,751633.0
2022-05-23,2245.8416788410645,2318.754906371289,2241.977015692719,2254.129150390625,744827.0
2022-05-24,2258.6381895154727,2279.2927113700466,2244.424773665148,2264.69287109375,616849.0
2022-05-25,2267.441033308208,2292.3896258204004,2218.8750521250176,2228.364990234375,525893.0
2022-05-26,2239.787239050944,2273.5816587541176,2211.446372912646,2264.220458984375,362813.0
2022-05-27,2271.6918957332487,2341.899944173771,2265.5514591571628,2335.802490234375,654718.0
2022-05-30,2339.409852845916,2393.9015712504965,2339.409852845916,2379.3876953125,924244.0
2022-05-31,2383.1232184171263,2413.224695266222,2363.5851971814063,2382.264404296875,1859231.0
2022-06-01,2404.5935381880204,2404.5935381880204,2345.85073704331,2368.265869140625,430807.0
2022-06-02,2345.077611490796,2347.138681239136,2267.612420318716,2287.107666015625,1093645.0
2022-06-03,2297.327724358974,2309.09343562982,2211.575052349384,2218.9609375,753558.0
2022-06-06,2202.85822489899,2228.1502588802136,2168.591625269128,2182.031982421875,965347.0
2022-06-07,2168.505613662492,2214.0657438362973,2147.035261051972,2207.88232421875,550257.0
2022-06-08,2219.175452233,2247.559297842318,2192.852886097324,2220.85009765625,539786.0
2022-06-09,2215.6970685500414,2235.9651621891044,2198.563771716449,2231.28466796875,327503.0
2022-06-10,2215.7403810074456,2245.28350221898,2211.8327349128595,2234.59130859375,324452.0
2022-06-13,2198.5641998800343,2243.480221366555,2178.425050217761,2231.88623046875,625967.0
2022-06-14,2229.4385709764542,2245.713057332259,2172.799819204596,2196.503173828125,509259.0
2022-06-15,2204.575882583852,2256.9635447722485,2196.503113590601,2237.468505859375,673444.0
2022-06-16,2250.5224025344373,2253.742955485975,2156.5252389898446,2163.395751953125,493824.0
2022-06-17,2162.493919439725,2162.493919439725,2108.9467760488938,2119.037841796875,725864.0
2022-06-20,2108.474685967289,2148.280595685301,2090.267658401838,2106.28466796875,377385.0
2022-06-21,2116.9767444132267,2168.376851873325,2116.9767444132267,2146.34814453125,381831.0
2022-06-22,2142.7414112197825,2192.982041502892,2129.859198326678,2168.033447265625,873408.0
2022-06-23,2209.342080591048,2307.332635867583,2209.342080591048,2296.5546875,1846048.0
2022-06-24,2331.680043486126,2376.9395000018367,2310.381414045972,2370.28369140625,1354569.0
2022-06-27,2393.9871909450303,2412.408710721313,2345.077771834249,2366.462158203125,1005184.0
2022-06-28,2360.0212720991303,2398.4102224730086,2344.562617478394,2376.0810546875,714029.0
2022-06-29,2353.1933334909177,2391.58227720748,2344.5622108901766,2363.799560546875,653929.0
2022-06-30,2357.445083170024,2381.491881832596,2330.821841793605,2335.717041015625,643735.0
2022-07-01,2331.680164126664,2378.914937248935,2304.4987830984987,2373.59033203125,393346.0
2022-07-04,2361.7388133498034,2403.820704933127,2352.205892816444,2370.71337890625,499627.0
2022-07-05,2373.160966867137,2379.645055044404,2344.5624163379644,2350.788818359375,401190.0
2022-07-06,2351.003772678683,2440.749852768153,2348.083888391233,2431.989990234375,739745.0
2022-07-07,2453.6317991826068,2463.722864510012,2426.2784871712497,2438.5595703125,382303.0
2022-07-08,2446.246472607349,2473.342104647249,2421.04039969074,2447.01953125,532145.0
2022-07-11,2417.5619221334355,2469.4342148534456,2411.5932055033068,2463.1650390625,428940.0
2022-07-12,2451.484680526009,2477.292084397513,2433.878992681979,2469.519775390625,422887.0
2022-07-13,2477.678455727205,2483.518433016404,2434.7377545880854,2441.908935546875,539917.0
2022-07-14,2437.31420158333,2461.3609942698463,2380.6754586006173,2398.495849609375,620757.0
2022-07-15,2404.6366909645144,2418.807124755414,2389.865129189498,2404.72265625,816619.0
2022-07-18,2430.4004939543847,2435.467622058219,2409.187831340364,2420.0947265625,369313.0
2022-07-19,2417.5613918421363,2444.914701405245,2390.465768411369,2405.709716796875,661056.0
2022-07-20,2421.8558366775005,2437.9586015490268,2413.267695412687,2427.65283203125,201509.0
2022-07-21,2421.855881934632,2451.055562780652,2417.604793863392,2445.73095703125,314132.0
2022-07-22,2448.5219826013786,2476.304492943314,2439.2897310231283,2466.170654296875,576270.0
2022-07-25,2469.090478700852,2469.777571898772,2431.6890836022503,2438.04443359375,421977.0
2022-07-26,2439.0319382921984,2445.644764641316,2392.355310111602,2405.323486328125,347002.0
2022-07-27,2404.671360604352,2424.6305252735297,2374.536956331747,2419.934326171875,498259.0
2022-07-28,2433.3709851500653,2445.546536898493,2395.452753346481,2418.325439453125,294368.0
2022-07-29,2435.1102984016,2475.8114701398376,2426.065687937444,2450.80810546875,400652.0
2022-08-01,2465.5057795042108,2529.0361136127044,2452.504071660188,2470.593505859375,961562.0
2022-08-02,2457.8092716983538,2460.2877388975494,2384.712430766291,2410.281005859375,1137765.0
2022-08-03,2422.934589235715,2441.8937035044487,2391.1041360480863,2436.762451171875,600314.0
2022-08-04,2452.4168137848737,2459.4177981394864,2416.977263225412,2441.197998046875,396416.0
2022-08-05,2442.0676063441847,2443.7199175866667,2401.192543132583,2409.62841796875,512072.0
2022-08-08,2409.0197023589635,2429.2833401542266,2374.2324142382563,2381.2333984375,675310.0
2022-08-10,2422.065274290847,2422.065274290847,2376.754740244037,2413.759765625,895054.0
2022-08-11,2426.717865406526,2450.7644938388084,2406.7584886149925,2422.325927734375,422152.0
2022-08-12,2426.369724961904,2430.7616623803497,2393.234961717508,2401.97509765625,435760.0
2022-08-16,2439.458588913988,2474.811085673694,2419.021057063906,2449.894775390625,1213957.0
2022-08-17,2448.1552263289927,2547.298990379261,2442.110977915438,2533.775390625,2510869.0
2022-08-18,2546.3856943478954,2555.64793622456,2524.817535530908,2529.20947265625,805655.0
2022-08-19,2532.5144150180054,2554.169415573668,2463.679157932561,2468.72314453125,510610.0
2022-08-22,2465.549225300995,2466.11443384426,2405.1498343630733,2418.195068359375,570304.0
2022-08-23,2413.367764327042,2443.8066370302663,2396.9741722412728,2438.066650390625,396875.0
2022-08-24,2418.890756737442,2455.98261893846,2417.716600796359,2440.6328125,324008.0
2022-08-25,2442.154439196788,2453.416780153997,2428.0654190328346,2434.93603515625,363945.0
2022-08-26,2465.5493908986136,2470.680431685208,2449.9386356328373,2458.37451171875,475372.0
2022-08-29,2425.4562668930616,2462.896122885196,2401.2792749396986,2458.634765625,339203.0
2022-08-30,2471.63689284354,2490.769901866256,2462.5487560227025,2467.897216796875,918526.0
2022-09-01,2452.5035887183626,2506.597774345005,2428.9351182373093,2501.77099609375,838699.0
2022-09-02,2511.9029766116605,2512.511711646938,2452.5906969117345,2456.982421875,776170.0
2022-09-05,2459.461342146752,2476.8549867163897,2442.111224153491,2471.680419921875,930716.0
2022-09-06,2471.680092908723,2495.7702449854955,2459.287122792496,2492.9873046875,481401.0
2022-09-07,2469.8972860473773,2500.336161051482,2462.070146760608,2482.72509765625,551689.0
2022-09-08,2495.1618815889897,2499.031925105146,2475.1156634241324,2484.943115234375,519141.0
2022-09-09,2497.379160784779,2503.162461721455,2463.548400275736,2468.549072265625,522672.0
2022-09-12,2475.9851488447166,2495.9007856951275,2471.071529492575,2485.464599609375,313906.0
2022-09-13,2466.4188408509367,2524.687551124918,2462.940111879356,2495.988037109375,766550.0
2022-09-14,2461.2005151825247,2495.726854502998,2461.2005151825247,2479.898681640625,519643.0
2022-09-15,2482.9429628082567,2482.9429628082567,2406.0196059525856,2426.674560546875,1010823.0
2022-09-16,2438.849738630245,2438.849738630245,2322.051381364811,2335.2705078125,1906557.0
2022-09-19,2346.968076726502,2369.840763903283,2317.5729845612464,2351.96875,534862.0
2022-09-20,2363.752626248239,2455.3302017860924,2360.882632604366,2410.36767578125,1009201.0
2022-09-21,2422.0653995134858,2442.024567432309,2406.933011211256,2414.803466796875,447919.0
2022-09-22,2414.80301771642,2434.5449736962164,2376.841474270218,2415.06396484375,328914.0
2022-09-23,2427.195916442636,2445.7637159553965,2385.016330622088,2402.105712890625,408930.0
2022-09-26,2382.929450552408,2395.8443173584874,2322.225584858052,2366.7099609375,610918.0
2022-09-27,2378.581220239505,2378.581220239505,2287.2645737586467,2294.439453125,740040.0
2022-09-28,2261.174034333349,2282.9160923557847,2239.5190294729164,2253.6513671875,923391.0
2022-09-29,2261.217139980178,2264.9568157288395,2195.947451482069,2205.77490234375,1057406.0
2022-09-30,2216.820246624942,2254.3469540221618,2182.9026359468826,2216.994140625,706844.0
2022-10-03,2207.6883679423563,2238.5185609091764,2191.9905610332985,2196.426025390625,658511.0
2022-10-04,2243.7798141763774,2285.437501765496,2227.34290744428,2280.132568359375,391128.0
2022-10-06,2308.1362727392334,2316.528619999219,2287.481323049122,2301.265869140625,463669.0
2022-10-07,2335.009721386157,2378.4938326438582,2269.783554499604,2282.872314453125,1065099.0
2022-10-10,2260.999550080652,2260.999550080652,2201.51316746583,2235.517822265625,1076512.0
2022-10-11,2239.4318646283464,2239.866705767109,2203.600997259248,2216.080810546875,407068.0
2022-10-12,2217.6893835857427,2230.2562476277817,2188.207244945614,2217.73291015625,401910.0
2022-10-13,2220.298756051983,2238.823030206677,2202.035429033929,2214.602294921875,239037.0
2022-10-14,2239.86650193905,2248.1284828237017,2199.469806289045,2205.427001953125,250851.0
2022-10-17,2195.077709607737,2235.083087833552,2192.947030841093,2220.9072265625,257635.0
2022-10-18,2232.0393022095013,2258.3471880041,2204.383366578659,2228.125732421875,454003.0
2022-10-19,2238.5619957430067,2238.5619957430067,2202.2092371078697,2210.036376953125,375698.0
2022-10-20,2205.905057305308,2235.0829333949214,2176.5968138342955,2231.212890625,364460.0
2022-10-21,2235.953174706772,2241.1712684633803,2215.9069553935115,2234.953125,360297.0
2022-10-24,2248.9981549742224,2252.4768837522183,2239.4316508347342,2245.432373046875,35097.0
2022-10-25,2249.085231726813,2262.913093834562,2231.6480610791627,2248.650390625,410336.0
2022-10-27,2259.4345004578427,2278.5675100845065,2241.214699664678,2270.52294921875,473043.0
2022-10-28,2281.915849461288,2325.8348029490385,2277.697805632062,2304.527587890625,717856.0
2022-10-31,2320.311773636407,2343.05387494362,2310.3104297845257,2328.008544921875,511816.0
2022-11-01,2339.6626669913167,2340.18456126987,2295.352398933751,2324.791015625,368266.0
2022-11-02,2304.6143335024763,2310.919529534765,2287.568689554868,2299.396240234375,565598.0
2022-11-03,2295.0916367527875,2320.660211967069,2285.52513125666,2301.48388671875,311401.0
2022-11-04,2279.437148474359,2293.5259582815484,2238.083715543952,2251.520263671875,855256.0
2022-11-07,2260.3039346501773,2282.9156708182823,2252.476795207372,2279.48046875,314060.0
2022-11-09,2287.264476807055,2310.3545846177253,2280.350544902956,2305.962646484375,459177.0
2022-11-10,2305.919037955192,2367.275165250576,2284.090140130443,2359.01318359375,706321.0
2022-11-11,2370.840603133813,2375.9281163359706,2313.398054441151,2320.746826171875,474615.0
2022-11-14,2322.485998329412,2355.099076381219,2309.78855501135,2338.05322265625,352558.0
2022-11-15,2343.358784574408,2395.14840418592,2341.184578984711,2374.884765625,1012827.0
2022-11-16,2374.7103541703527,2395.974037739064,2356.012190173478,2382.450439453125,647740.0
2022-11-17,2383.798912381987,2404.758338351074,2371.79725554605,2386.407958984375,517393.0
2022-11-18,2378.5812113334546,2382.146993874511,2350.403588311925,2368.275390625,469583.0
2022-11-21,2361.187126003081,2367.709742373256,2317.703016868586,2328.530517578125,467604.0
2022-11-22,2321.8775955184574,2340.184448415567,2319.442442877257,2335.488037109375,361527.0
2022-11-23,2340.3144415622573,2345.967374995983,2303.570374243044,2312.354248046875,264132.0
2022-11-24,2317.703047889774,2331.313489301139,2301.0051922235866,2324.74755859375,498023.0
2022-11-25,2324.6604923001696,2362.709088086976,2316.398511500749,2355.229736328125,423634.0
2022-11-28,2365.4923881845457,2438.5892297804025,2358.6219827737805,2420.7607421875,1223958.0
2022-11-29,2420.455958328544,2468.1145859112803,2411.715821976056,2459.6787109375,731879.0
2022-11-30,2462.8964646007366,2488.160774983645,2452.5908579223446,2480.24658203125,1379225.0
2022-12-01,2482.942762890048,2508.1635475218554,2458.2438725253546,2497.553466796875,782249.0
2022-12-02,2491.6394024425576,2491.6394024425576,2446.415929867684,2452.89501953125,526214.0
2022-12-05,2443.806932690868,2463.7225697391245,2422.630086618255,2459.15673828125,397713.0
2022-12-06,2454.2429893530857,2456.8520357627453,2416.0205019165214,2434.06640625,339117.0
2022-12-07,2429.0662424388224,2436.8498567253614,2392.496058476613,2399.931884765625,340800.0
2022-12-08,2391.6259728736763,2416.672861890904,2387.4949825568947,2398.75732421875,190468.0
2022-12-09,2402.0620824365687,2419.673145857764,2375.232303356357,2392.930419921875,254995.0
2022-12-12,2392.496045009016,2413.2813673767087,2379.494336884047,2410.281005859375,166357.0
2022-12-13,2421.1076769452134,2448.1983991108323,2389.79912440112,2399.843994140625,440848.0
2022-12-14,2402.4536073366235,2420.2385662792776,2372.145309349813,2389.321533203125,438317.0
2022-12-15,2381.624728818312,2421.0213753422254,2378.233053133866,2409.759033203125,299314.0
2022-12-16,2387.3647269158355,2406.975890951618,2363.0569392120497,2369.753662109375,271086.0
2022-12-19,2369.7537404320965,2422.0650423229167,2356.012718552888,2418.238525390625,276490.0
2022-12-20,2409.019816640272,2426.9353558022326,2385.886184012664,2411.237548828125,234062.0
2022-12-21,2411.237265745452,2433.414160370852,2380.32002312627,2398.10498046875,328455.0
2022-12-22,2397.8878035348225,2432.109884235833,2363.1875674668345,2372.232177734375,483991.0
2022-12-23,2361.1872612271723,2365.535672389653,2286.09011552122,2293.2216796875,328855.0
2022-12-26,2300.309378233468,2346.4025340165963,2271.2620781981527,2336.227294921875,175951.0
2022-12-27,2343.750015305403,2364.013653141715,2335.5315609351887,2350.185791015625,181947.0
2022-12-28,2337.3579189501343,2371.4058914699626,2335.0966603454112,2345.18505859375,225857.0
2022-12-29,2340.8365838015256,2387.27752615642,2323.3123609050203,2367.44873046875,243791.0
2022-12-30,2379.3203964691515,2404.541183074645,2368.05784086653,2381.929443359375,211762.0
2023-01-02,2381.929102274411,2391.278185625618,2356.838686676388,2361.9697265625,131296.0
2023-01-03,2350.0556126968963,2382.8425949523885,2349.881718691189,2365.8837890625,136701.0
2023-01-04,2354.2299129166004,2372.493240648868,2346.185351891673,2356.230224609375,178937.0
2023-01-05,2355.012345257337,2409.9764301759824,2349.8813052054807,2406.541015625,258988.0
2023-01-06,2406.4104137763125,2413.6723443711985,2377.493483433681,2385.146728515625,162618.0
2023-01-09,2397.713859232158,2411.1068803712337,2383.146682176613,2393.669921875,110658.0
2023-01-10,2391.626225620484,2398.6272103095266,2337.444978116927,2358.621826171875,206381.0
2023-01-11,2358.665297063752,2365.5357018561485,2334.2706676734074,2342.70654296875,150551.0
2023-01-12,2339.445451685302,2348.403222087939,2315.964028936044,2343.1416015625,163626.0
2023-01-13,2333.618452347941,2387.190752206383,2333.618452347941,2372.884521484375,196440.0
2023-01-16,2375.972078441479,2404.671594762332,2356.8390675609107,2399.105712890625,362194.0
2023-01-17,2404.671032464609,2408.1497609021712,2373.9712115381794,2406.280029296875,254062.0
2023-01-18,2406.323745018227,2423.239234727871,2389.4084676333523,2408.976318359375,159791.0
2023-01-19,2402.062031313786,2417.498889045799,2393.0174221359102,2408.628173828125,140565.0
2023-01-20,2406.845426522289,2406.845426522289,2373.667136376552,2388.53857421875,300399.0
2023-01-23,2392.886993792386,2445.5462923024697,2391.66952366922,2413.020263671875,434312.0
2023-01-24,2415.107338910252,2423.804160440357,2402.2795271533464,2410.671875,129633.0
2023-01-25,2416.8468481752134,2429.0223990476325,2405.5409795079668,2422.06494140625,356744.0
2023-01-27,2424.673916484568,2443.8939775817234,2360.8393294381526,2379.580810546875,464092.0
2023-01-30,2368.187994252258,2404.6275909954443,2331.7048709371147,2350.14208984375,459196.0
2023-01-31,2369.4054604731327,2410.758888636004,2334.748754638488,2403.149169921875,579601.0
2023-02-01,2413.8465137522776,2454.982524977256,2326.443451164907,2371.8408203125,408279.0
2023-02-02,2338.5755374383066,2359.6218051280603,2291.264908632012,2314.180908203125,453723.0
2023-02-03,2325.7911746666978,2334.357417032972,2279.480597024046,2308.35400390625,328028.0
2023-02-06,2306.44089040294,2352.316629822909,2300.396641133889,2343.793701171875,252416.0
2023-02-07,2335.9664912724747,2343.619737431842,2274.262578951209,2306.919189453125,421543.0
2023-02-08,2312.528072497047,2336.792116499634,2254.2593757774853,2273.9140625,793670.0
2023-02-09,2273.3493014966016,2273.3493014966016,2216.9070108843744,2225.690673828125,1266011.0
2023-02-10,2225.69096168136,2252.172745988932,2217.950873925708,2246.650390625,283858.0
2023-02-13,2255.9124864555856,2262.9134718291625,2222.081928013421,2227.73486328125,327921.0
2023-02-14,2238.90976942113,2241.258081219541,2205.557584465781,2211.1669921875,409279.0
2023-02-15,2213.3413330837507,2239.4318006643057,2206.383875062269,2236.82275390625,643367.0
2023-02-16,2252.476816093744,2252.476816093744,2214.64564176939,2223.516357421875,433077.0
2023-02-17,2224.6321942017826,2265.8151716570687,2224.6321942017826,2262.647216796875,705628.0
2023-02-20,2266.6179792483604,2270.6336410226195,2243.1932855651835,2255.418701171875,182493.0
2023-02-21,2266.61776783477,2271.0796138344444,2245.6470916362987,2249.26123046875,203273.0
2023-02-22,2237.1700496212693,2261.843975986802,2226.4616169944425,2230.4326171875,310260.0
2023-02-23,2231.413979003172,2242.1670720737748,2215.5744247635484,2226.907470703125,294710.0
2023-02-24,2227.3535400760343,2238.552817193603,2214.32486251189,2218.117431640625,255112.0
2023-02-27,2218.1174077427468,2220.2145625014714,2168.4571490669514,2175.194580078125,293892.0
2023-02-28,2184.4754370989845,2205.93696285482,2150.9224813271217,2158.730712890625,542868.0
2023-03-01,2155.071732812896,2180.905778956508,2154.4471179123343,2169.43896484375,293122.0
2023-03-02,2180.504399704575,2216.0207416641347,2178.18415236301,2198.218017578125,525446.0
2023-03-03,2209.238755559518,2212.005187689132,2192.551492292246,2196.61181640625,197868.0
2023-03-06,2205.936662061893,2223.560953759192,2196.299031130656,2212.807861328125,203422.0
2023-03-08,2192.551276820813,2213.968139109661,2177.916508068869,2211.335693359375,286894.0
2023-03-09,2218.430159029072,2222.936667727737,2177.381169763047,2180.772216796875,244591.0
2023-03-10,2156.85667676024,2180.772218445156,2146.41599914219,2177.64892578125,224485.0
2023-03-13,2179.076451094907,2179.076451094907,2123.838879975437,2130.130126953125,249618.0
2023-03-14,2137.1795903084026,2151.9483442678616,2113.4871442723606,2117.99365234375,302570.0
2023-03-15,2141.68637771314,2148.691564052352,2114.9599600306487,2123.34814453125,217071.0
2023-03-16,2114.379723471164,2136.3320953052034,2110.453385712952,2115.762939453125,577586.0
2023-03-17,2119.376946651361,2119.86779330646,2078.149531303954,2101.663330078125,628419.0
2023-03-20,2101.663223843179,2102.823347370157,2056.018626634292,2087.56396484375,352432.0
2023-03-21,2092.5614134511816,2102.7345545150124,2080.112904890389,2096.22021484375,291142.0
2023-03-22,2096.2198507781823,2114.245664511848,2093.49808122604,2099.923095703125,166790.0
2023-03-23,2110.4533352967924,2127.274583275356,2103.314381097057,2108.222412109375,371585.0
2023-03-24,2108.6688455531867,2122.679001250537,2056.108376201349,2064.36279296875,272040.0
2023-03-27,2070.25203977075,2080.0234396828528,2049.370686044513,2060.123779296875,238881.0
2023-03-28,2053.341660288658,2060.1237537870675,2004.2613511552915,2007.3846435546875,456838.0
2023-03-29,2007.8311169618169,2066.2813117000387,2007.8311169618169,2056.15283203125,712847.0
2023-03-31,2065.6115584592667,2103.2248322336177,2065.6115584592667,2094.702880859375,302919.0
2023-04-03,2128.3006553866494,2172.472933139957,2116.744517203703,2169.43896484375,787785.0
2023-04-05,2178.094872723963,2178.7641496503247,2158.7305038939503,2170.42041015625,289012.0
2023-04-06,2170.4206745083143,2175.7748905713383,2150.877873023722,2165.28955078125,211340.0
2023-04-10,2168.4575598219712,2202.233827477401,2156.9905263210885,2195.80859375,261131.0
2023-04-11,2207.721555841513,2212.04963391089,2184.5646170479868,2204.018310546875,575155.0
2023-04-12,2208.6137670356648,2217.537459023688,2185.590598133851,2210.666259765625,464883.0
2023-04-13,2210.666534904708,2210.666534904708,2175.596377454239,2183.67236328125,458472.0
2023-04-17,2168.457452385424,2203.259855942227,2159.087574504746,2200.5380859375,656224.0
2023-04-18,2205.0000684205484,2208.569545928379,2163.9957391220723,2177.113525390625,397381.0
2023-04-19,2172.919030392537,2188.178631057356,2160.515185495891,2182.6904296875,247426.0
2023-04-20,2186.3051225808163,2197.2366481937206,2170.1087044304154,2185.01123046875,315314.0
2023-04-21,2187.152648267788,2209.863404999984,2185.011048940471,2194.648681640625,699932.0
2023-04-24,2195.183885033048,2252.340184069172,2180.415129080633,2231.8603515625,686216.0
2023-04-25,2235.295391324261,2261.263420672355,2225.434886531278,2228.9150390625,538138.0
2023-04-26,2239.846632337644,2252.3398008048657,2223.828649197026,2235.5185546875,560280.0
2023-04-27,2230.9231827767794,2254.8833849052385,2228.290736993821,2238.64208984375,685268.0
2023-04-28,2248.770524042593,2290.7118790544982,2244.442446007632,2283.216064453125,721370.0
2023-05-02,2266.5735631999464,2266.5735631999464,2200.5828911204567,2227.2646484375,997629.0
2023-05-03,2221.999457801272,2246.9857970857843,2212.094071868048,2233.287841796875,863935.0
2023-05-04,2238.017486486337,2260.148288146524,2234.7604257680946,2243.862548828125,684323.0
2023-05-05,2263.9408613724054,2286.250093352819,2242.122476068279,2273.087646484375,1527593.0
2023-05-08,2289.819554939812,2313.0211560420857,2289.819554939812,2299.0556640625,855245.0
2023-05-09,2308.960827748015,2323.729582762639,2298.07396620948,2312.61962890625,556418.0
2023-05-10,2320.159932616226,2323.863177670933,2295.262918946274,2307.71142578125,549062.0
2023-05-11,2320.16028701786,2323.729764382503,2297.895715528622,2307.17626953125,506829.0
2023-05-12,2315.698310699336,2332.653327232394,2307.845417363936,2325.425048828125,718178.0
2023-05-15,2344.2540238900306,2427.244364286594,2325.514269606935,2402.168701171875,1383562.0
2023-05-16,2409.3523160746004,2425.058102040307,2392.04043974769,2396.90380859375,602177.0
2023-05-17,2399.536155692196,2468.6501077806365,2393.6910937646626,2429.876708984375,1169727.0
2023-05-18,2449.598258185826,2462.180533917846,2431.036934175975,2440.763671875,610410.0
2023-05-19,2445.671725631551,2448.7059118341485,2380.1272470476747,2420.997802734375,458137.0
2023-05-22,2418.811571007174,2429.0291555870904,2392.5313395497524,2402.391845703125,241924.0
2023-05-23,2402.3917672703865,2425.5933675581905,2386.240014711258,2418.72216796875,224454.0
2023-05-24,2419.213055778293,2449.330518202682,2414.751209493199,2443.931640625,402069.0
2023-05-25,2444.1547318296143,2462.0467789974387,2417.4729782022973,2438.666748046875,208718.0
2023-05-26,2440.1391920500505,2453.9262541806243,2421.533422838522,2449.6875,167210.0
2023-05-29,2462.939309393854,2493.9938051284967,2441.5671078723776,2478.020263671875,462628.0
2023-05-30,2477.9755571149435,2494.1719713217444,2463.1174788753265,2480.02783203125,399817.0
2023-05-31,2479.9388557014627,2487.033147803318,2444.2440850117846,2462.849853515625,773286.0
2023-06-01,2461.913195690207,2509.9224910115563,2451.2047638064378,2498.990966796875,552629.0
2023-06-02,2530.759137813427,2599.159152188939,2530.759137813427,2581.311767578125,2090599.0
2023-06-05,2596.839177214573,2605.5397773942977,2556.637898965281,2561.63525390625,620625.0
2023-06-06,2561.0998027325627,2598.5793120408443,2553.0238172731792,2592.154296875,729992.0
2023-06-07,2603.888742709156,2658.367927597696,2594.206667313026,2639.628173828125,996180.0
2023-06-08,2657.0744869213204,2700.309739743364,2630.8833585129955,2645.69677734375,1150017.0
2023-06-09,2666.310126627703,2699.4171145834043,2576.5379063616992,2587.246337890625,826404.0
2023-06-12,2593.4925688236567,2622.0037203036795,2568.327801739495,2614.99853515625,617327.0
2023-06-13,2603.041090907437,2637.7541674357426,2591.484952743009,2634.675537109375,973087.0
2023-06-14,2634.6755926744186,2648.150455720321,2608.975314271672,2616.06982421875,304861.0
2023-06-15,2623.476371569117,2642.6623111801114,2507.5576886927784,2537.050537109375,951322.0
2023-06-16,2537.006019787628,2538.70143437894,2503.095985052513,2527.234619140625,1029235.0
2023-06-19,2516.481706124046,2523.352906926199,2478.154483995342,2483.107177734375,671364.0
2023-06-20,2476.3246984941247,2507.200762060424,2449.5982827083203,2499.258544921875,872568.0
2023-06-21,2499.5264425074365,2525.405152551248,2498.634073195581,2519.6494140625,407191.0
2023-06-22,2525.4052217513777,2553.9610405132307,2513.6259900848345,2520.988037109375,578572.0
2023-06-23,2521.166549391697,2534.105905188947,2467.401295130712,2477.57421875,381689.0
2023-06-26,2477.573991897471,2551.283781869931,2476.3247620458405,2544.367919921875,583691.0
2023-06-27,2550.391394637714,2558.3333940606026,2523.1294696422583,2537.987548828125,415101.0
2023-06-28,2543.252151630855,2553.380628924005,2494.17184695026,2524.289306640625,781032.0
2023-06-30,2534.284194978023,2605.718402284608,2529.867010437282,2596.884033203125,962194.0
2023-07-03,2565.561601343521,2598.445495448785,2554.317661614806,2586.75537109375,818522.0
2023-07-04,2633.470784154895,2712.71299334628,2601.8807843458594,2703.7001953125,2177103.0
2023-07-05,2721.7264442210712,2830.595501989914,2704.0574879940623,2818.28076171875,3069147.0
2023-07-06,2801.1473027391376,2861.6946484034866,2783.0321619234714,2830.684814453125,1676341.0
2023-07-07,2810.962997595895,2830.595120118787,2789.546136661831,2809.356689453125,931135.0
2023-07-10,2816.718743915048,2843.400713960883,2753.7620526979026,2787.49365234375,570281.0
2023-07-11,2765.452422481459,2791.331131823815,2752.2453134512616,2768.6650390625,663715.0
2023-07-12,2766.2558817134072,2778.213762676014,2728.374843355084,2747.4716796875,739038.0
2023-07-13,2747.4714557851444,2793.9637681240056,2726.634544352146,2742.34033203125,665215.0
2023-07-14,2747.5156660081016,2804.270438885639,2742.340098518375,2798.73779296875,811153.0
2023-07-17,2806.189139987933,2817.566849000367,2736.896748324317,2758.84912109375,909246.0
2023-07-18,2765.4521113338947,2784.1918642664573,2753.761987835296,2780.979248046875,578275.0
2023-07-19,2788.653980667427,2805.296580478613,2750.7282865303496,2763.355224609375,486164.0
2023-07-20,2762.7308234774546,2766.523393184641,2722.618865088289,2754.8779296875,735511.0
2023-07-21,2747.649579539868,2788.297042402074,2721.280024660796,2768.174072265625,749722.0
2023-07-24,2793.0265172453314,2815.42507327802,2757.465732220182,2796.72998046875,784541.0
2023-07-25,2836.841774440437,2836.841774440437,2791.464712073144,2802.30712890625,748386.0
2023-07-26,2824.304330690508,2846.568902400133,2789.6359121614105,2807.126220703125,509747.0
2023-07-27,2804.2836924273165,2850.667469251536,2795.485196643965,2830.814453125,524436.0
2023-07-28,2839.8384056498253,2865.151043975325,2825.85105409656,2862.89501953125,445865.0
2023-07-31,2878.4617200571083,2914.78371527062,2863.346355589374,2891.05029296875,933273.0
2023-08-01,2910.2258806508034,2927.416828097019,2736.3315897032016,2799.364990234375,3043469.0
2023-08-02,2762.2761806356016,2773.105097384255,2681.8264414163496,2701.318359375,2692656.0
2023-08-03,2681.9617329982643,2726.676179440131,2646.812917875411,2664.2744140625,1250490.0
2023-08-04,2686.4738065136394,2693.693084461946,2636.344901197109,2657.325927734375,642027.0
2023-08-07,2662.108624373532,2675.599605373062,2643.7444987879235,2665.763427734375,444210.0
2023-08-08,2711.7412670507983,2787.3180827298347,2689.1810235645185,2767.600341796875,2020469.0
2023-08-09,2779.286961475804,2780.6405762005543,2710.929417875871,2761.103271484375,548711.0
2023-08-10,2753.6130838558784,2763.99079621014,2718.9606368163013,2739.625732421875,476401.0
2023-08-11,2747.7474734765588,2773.4212081795167,2689.181166401357,2705.60498046875,816082.0
2023-08-14,2716.1627923532005,2729.789266570124,2664.0937981744883,2716.839599609375,526850.0
2023-08-16,2711.7412804521778,2722.434924043473,2667.523203000545,2690.76025390625,753515.0
2023-08-17,2704.882757319298,2704.882757319298,2671.8095298098388,2699.152587890625,565973.0
2023-08-18,2697.9343188138714,2697.9343188138714,2635.0364048568053,2641.3984375,560922.0
2023-08-21,2643.158282159437,2657.010360599886,2628.178191478395,2645.414306640625,328451.0
2023-08-22,2653.0848310539445,2676.186610225814,2635.036634924326,2668.2001953125,255764.0
2023-08-23,2679.2545565197024,2684.6690150374247,2648.39218703166,2663.68798828125,325912.0
2023-08-24,2666.620693902234,2681.4652895735044,2635.03635404214,2642.030029296875,273751.0
2023-08-25,2645.6849589244976,2657.5967236056963,2607.964187171634,2626.824462890625,429528.0
2023-08-28,2639.548626516932,2663.191718869251,2627.6820259458973,2645.639892578125,303029.0
2023-08-29,2660.303980681504,2700.9124200066967,2651.3250476047992,2696.53564453125,590653.0
2023-08-30,2714.4487886552874,2714.4487886552874,2655.02501278566,2663.778564453125,415898.0
2023-08-31,2675.644832841597,2675.644832841597,2608.009268060903,2631.381591796875,920121.0
2023-09-01,2646.7225293089,2659.5367031977767,2624.207450984644,2641.714111328125,331811.0
2023-09-04,2662.1088801529527,2675.599862448716,2637.5182133786584,2655.65673828125,643279.0
2023-09-05,2675.64478748326,2683.6761457683065,2642.436066125384,2648.888427734375,306742.0
2023-09-06,2666.6209961103696,2666.6209961103696,2632.194149887221,2651.280029296875,275916.0
2023-09-07,2653.084791808867,2678.7583063605016,2644.60222787938,2671.945068359375,242002.0
2023-09-08,2679.976429621372,2731.594221525109,2671.268043637365,2715.125244140625,569352.0
2023-09-11,2733.3086434411107,2760.471263449975,2724.420040113529,2756.275146484375,486566.0
2023-09-12,2769.7661883258656,2769.7661883258656,2716.2532480472105,2725.322509765625,429664.0
2023-09-13,2725.3227245027506,2738.723377666553,2693.783546472925,2702.17578125,290774.0
2023-09-14,2713.365774743225,2733.3540632750346,2685.571509413468,2705.785400390625,311245.0
2023-09-15,2720.4044003461786,2800.1773305975503,2711.6960144543023,2765.75048828125,949607.0
2023-09-18,2767.465090942611,2822.737687932987,2741.520810722639,2810.6904296875,897322.0
2023-09-20,2810.645572650812,2827.1145510405177,2750.770595968309,2763.04345703125,575906.0
2023-09-21,2758.6665350351705,2764.03582884706,2698.2050833350213,2708.08642578125,585566.0
2023-09-22,2716.2533075938504,2743.3255996961148,2698.340386193568,2727.7138671875,323540.0
2023-09-25,2720.946035073974,2727.714108698784,2678.7132115921804,2684.3984375,408884.0
2023-09-26,2684.668705845134,2742.4229233826422,2680.201822145438,2738.226806640625,372568.0
2023-09-27,2737.911258964383,2737.911258964383,2707.229326596292,2712.959716796875,222370.0
2023-09-28,2713.094938603154,2723.6530887133545,2671.178049388859,2680.156982421875,331995.0
2023-09-29,2693.738152751529,2770.3978136627074,2682.096935286956,2758.89208984375,375842.0
2023-10-03,2759.5689694004923,2765.7955084455234,2699.558722027983,2721.306884765625,387906.0
2023-10-04,2721.622634477488,2725.277438018601,2685.616573670677,2697.347900390625,307263.0
2023-10-05,2725.277555442216,2751.312165910724,2701.2733669934914,2722.25439453125,537209.0
2023-10-06,2743.326060010698,2747.838109451505,2727.533886967873,2741.521240234375,180660.0
2023-10-09,2726.2702260628,2752.3046155644715,2638.600985303956,2666.711181640625,976306.0
2023-10-10,2684.6690753764483,2710.0268781303284,2676.5473874173263,2686.29345703125,467743.0
2023-10-11,2707.229195118967,2807.396675338369,2695.9942380221983,2798.2373046875,1048795.0
2023-10-12,2812.766059427351,2826.437699490285,2765.840751873012,2786.866943359375,927642.0
2023-10-13,2783.0315129690525,2814.615852448273,2779.467038719371,2796.0712890625,374642.0
2023-10-16,2801.0797364362543,2864.51918303514,2797.334824270253,2852.51708984375,966651.0
2023-10-17,2871.558451790123,2876.476541375353,2857.4807701023124,2863.30126953125,416816.0
2023-10-18,2860.638797296416,2873.272533309713,2841.688193276472,2845.43310546875,344063.0
2023-10-19,2842.1395458162947,2955.391970963126,2831.806998102927,2947.135009765625,1129769.0
2023-10-20,2941.855508283865,2946.367556609454,2890.91452675094,2897.863037109375,458086.0
2023-10-23,2892.719747668355,2917.265249904161,2833.070372397193,2842.45556640625,313646.0
2023-10-25,2842.590701288356,2861.541305963612,2788.446116501911,2834.333740234375,391029.0
2023-10-26,2823.640036160381,2824.587610436833,2783.9340081670744,2808.25390625,461475.0
2023-10-27,2820.210818571169,2845.207523802629,2801.1249410806104,2808.4794921875,314423.0
2023-10-30,2808.524793163168,2823.234116406339,2756.8618340793564,2806.810302734375,265215.0
2023-10-31,2811.0515719626046,2833.2057756730783,2779.557339093526,2786.957275390625,207132.0
2023-11-01,2793.815416541326,2837.762727226143,2775.4063457996194,2790.656982421875,473455.0
2023-11-02,2832.663940732408,2842.5452825092,2744.678998323548,2754.24462890625,1268028.0
2023-11-03,2783.9340263163594,2806.674707525077,2772.247864336937,2787.904541015625,411691.0
2023-11-06,2806.4940429192275,2865.376273240925,2793.589540716788,2857.841064453125,850503.0
2023-11-07,2865.1057374038483,2870.7457982344654,2816.691543359782,2824.76806640625,355269.0
2023-11-08,2851.885655730281,2857.390223168338,2821.700092822316,2826.437744140625,459324.0
2023-11-09,2838.078649605924,2884.101546626561,2829.054552150897,2864.158203125,604807.0
2023-11-10,2864.113406200893,2868.8058930558823,2793.0935793251338,2802.162841796875,820659.0
2023-11-13,2799.365348249454,2830.81419556322,2799.365348249454,2814.435546875,386501.0
2023-11-15,2838.033729161628,2871.107181367954,2824.633075477219,2867.72314453125,570652.0
2023-11-16,2875.077298431681,2977.049594327092,2867.948349941931,2959.948974609375,963718.0
2023-11-17,2968.6576710589707,3040.038379079193,2959.9495040398056,3009.311279296875,947293.0
2023-11-20,3029.3891389216183,3039.3156448877003,2992.029468229759,3019.778564453125,677714.0
2023-11-21,3027.539355179724,3063.680907443914,3005.069441952106,3046.986328125,742294.0
2023-11-22,3056.461634320324,3093.18966481207,3040.037821948508,3080.4658203125,775145.0
2023-11-23,3086.196283683632,3227.017373944612,3086.196283683632,3219.798095703125,1726414.0
2023-11-24,3219.798165897561,3230.4466455988777,3187.9882204525247,3202.29150390625,514405.0
2023-11-28,3212.5786723279607,3273.942534608382,3208.1117881808177,3268.528076171875,659645.0
2023-11-29,3280.259687337879,3418.4636627926066,3271.8672319702937,3381.2392578125,1561256.0
2023-11-30,3429.157194008833,3505.4108210861345,3413.094255721287,3446.34814453125,2909100.0
2023-12-01,3483.301518866356,3487.813567465924,3375.328284004648,3393.060546875,1060628.0
2023-12-04,3501.349966263574,3501.349966263574,3414.718626892105,3426.540283203125,1018705.0
2023-12-05,3427.3522057601217,3451.717268834246,3410.2967497341865,3435.248291015625,713163.0
2023-12-06,3415.8014085446744,3451.717361361161,3365.582393099452,3394.00830078125,672675.0
2023-12-07,3411.1088740442333,3439.940821654726,3394.233855687996,3404.47607421875,500651.0
2023-12-08,3418.3282571969826,3431.0523232602336,3332.057793836594,3353.129150390625,779332.0
2023-12-11,3353.128896503325,3364.769893693905,3323.5749783547726,3343.112060546875,451738.0
2023-12-12,3364.1835410584845,3423.69741988521,3352.677816769725,3381.464599609375,598126.0
2023-12-13,3375.0123776571613,3492.3256421211804,3370.319891141576,3486.279541015625,1355603.0
2023-12-14,3499.545027700892,3524.7221717236903,3463.899842400689,3504.6435546875,1067427.0
2023-12-15,3554.5919168404994,3555.494326568055,3506.89947461325,3516.28466796875,924599.0
2023-12-18,3519.3978929498203,3563.2550932802205,3505.275269018163,3510.148193359375,725829.0
2023-12-19,3530.948627768227,3532.753447121992,3429.111607606109,3448.87451171875,560186.0
2023-12-20,3478.293101644988,3524.722037682073,3419.0048270962247,3443.144287109375,595832.0
2023-12-21,3406.641761778408,3490.430369735944,3385.8863388019035,3474.41259765625,410786.0
2023-12-22,3492.3257370820625,3559.104058669678,3474.412815395108,3551.614013671875,573168.0
2023-12-26,3564.47344333444,3680.929468751266,3551.072790377268,3670.506591796875,1149831.0
2023-12-27,3667.3930513841433,3697.1276274990087,3629.491843668067,3667.663818359375,683058.0
2023-12-28,3667.6639482584096,3780.194398709414,3658.5043572136938,3765.9814453125,1714818.0
2023-12-29,3768.463325972145,3784.165168371072,3710.302838092141,3735.5703125,383687.0
2024-01-01,3735.570234315513,3773.336171792786,3686.343956992409,3716.61962890625,392408.0
2024-01-02,3712.558604841287,3716.980765059474,3632.379631841864,3689.2314453125,507848.0
2024-01-03,3609.639107437292,3665.5433490507503,3584.100866689196,3600.479736328125,896596.0
2024-01-04,3607.382970137333,3615.188726337006,3546.335038768653,3561.76611328125,630734.0
2024-01-05,3573.5426821474853,3643.028234300353,3567.902621096116,3600.8857421875,593042.0
2024-01-08,3623.0848386154194,3654.7595091540406,3603.818522527697,3618.2119140625,508360.0
2024-01-09,3652.9095618925694,3743.872510210866,3637.7040895507257,3711.16015625,1043602.0
2024-01-10,3694.6462582717504,3769.365835780413,3687.3368708844814,3734.216796875,511944.0
2024-01-11,3767.560524348503,3966.0906597632734,3755.829198164903,3918.443603515625,2133475.0
2024-01-12,3828.6088829414434,3966.091105285901,3828.6088829414434,3955.3974609375,905401.0
2024-01-15,3955.397193841288,3982.830362020005,3913.886345485541,3945.6962890625,490217.0
2024-01-16,3916.548796883637,4015.723544151444,3916.548796883637,3956.7509765625,972808.0
2024-01-17,3921.8728805370174,3997.6753016058415,3917.360831663874,3944.2978515625,443836.0
2024-01-18,3911.044131890611,3981.116165786181,3877.564639682248,3965.188720703125,570816.0
2024-01-19,3966.091238815504,4007.466818022168,3947.140632213656,3970.377685546875,383901.0
2024-01-23,3972.0917035289694,4114.988372529945,3972.0917035289694,4010.489501953125,1399043.0
2024-01-24,3996.772632945728,4018.972000089618,3890.197957339334,4000.96875,596736.0
2024-01-25,4014.685725906149,4042.84064587902,3951.20111152783,4008.639404296875,664356.0
2024-01-29,4013.9186180200286,4173.645145760484,3994.381534815017,4145.21923828125,418127.0
2024-01-30,4175.449825320814,4207.034165905692,4133.081512198628,4140.57177734375,709726.0
2024-01-31,4121.7571485443,4184.384306419205,4077.2231326064775,4170.5322265625,645505.0
2024-02-01,4170.666857293645,4257.433457049254,4128.524150370222,4139.08251953125,660378.0
2024-02-02,4149.279713032668,4303.862315128427,4142.105379817182,4256.93701171875,994506.0
2024-02-05,4259.374692615753,4308.420758399275,4241.326494765685,4283.423828125,425966.0
2024-02-06,4283.332565656293,4324.347262585252,4271.105090529215,4316.6318359375,261001.0
2024-02-07,4322.543245082069,4347.133913856284,4268.533926639162,4325.56640625,265821.0
2024-02-08,4327.912268517657,4353.856549140399,4299.44097618684,4338.69580078125,444060.0
2024-02-09,4367.663430755497,4443.465853933898,4324.43808947377,4429.79443359375,718094.0
2024-02-12,4466.071003196004,4466.071003196004,4175.946255175171,4230.0458984375,1321957.0
2024-02-13,4266.593111084812,4358.503628221756,4247.010644115797,4281.75341796875,938269.0
2024-02-14,4247.642815209469,4354.127168766876,4206.222294621143,4344.24560546875,735284.0
2024-02-15,4358.820211702096,4381.019141396104,4319.880874367462,4346.86328125,530347.0
2024-02-16,4358.638807341848,4439.855679528342,4358.638807341848,4416.66357421875,848705.0
2024-02-19,4447.93226877437,4461.5133579020185,4371.137118602014,4379.033203125,524294.0
2024-02-20,4379.0329722316665,4405.563726704068,4198.911925512911,4208.251953125,1153742.0
2024-02-21,4237.116690839914,4260.448238596435,4157.209460630041,4181.97021484375,1112050.0
2024-02-22,4205.11722686178,4222.500052047878,4095.100297806666,4145.359375,1441798.0
2024-02-23,4182.108886097492,4246.615905590472,4136.091945632841,4167.58447265625,819122.0
2024-02-26,4171.918289428364,4177.497327599343,4122.304474836529,4146.2353515625,605090.0
2024-02-27,4151.491468276086,4167.353227392557,4064.990711738524,4085.32470703125,830187.0
2024-02-28,4094.501071527981,4112.207202221804,4010.628172392235,4034.60498046875,569688.0
2024-02-29,4038.247730344322,4107.411598756248,4011.5043678917104,4082.051513671875,1548190.0
2024-03-01,4112.851606674432,4172.885922937779,4103.722067861461,4156.37890625,510674.0
2024-03-04,4232.782324248715,4269.715645561,4207.929263648994,4252.83984375,570306.0
2024-03-05,4252.7933353581975,4283.317741523692,4216.090561360212,4232.828125,442519.0
2024-03-06,4223.606387970034,4287.237139229845,4183.12256526909,4274.60302734375,353334.0
2024-03-07,4288.159250274343,4337.957228664625,4261.231274437974,4290.83349609375,684934.0
2024-03-11,4334.268548091578,4357.323168028235,4242.557089869337,4308.1708984375,644170.0
2024-03-12,4303.191265777449,4331.502522631049,4272.48268838613,4296.3671875,312738.0
2024-03-13,4284.471195021287,4322.050231008613,4128.20677814502,4160.99072265625,700123.0
2024-03-14,4108.333576849079,4317.80777904365,4108.333576849079,4311.49072265625,708629.0
2024-03-15,4292.770606730451,4316.609175881871,4150.431280765955,4228.494140625,1278695.0
2024-03-18,4205.624037606081,4225.912104446852,4175.237866473516,4199.814453125,232124.0
2024-03-19,4199.629772131474,4239.837121315714,4158.684855187569,4188.3330078125,388757.0
2024-03-20,4188.563501296144,4231.860259214387,4131.388041789239,4159.46875,418716.0
2024-03-21,4175.468275537892,4191.330034661174,4099.296169129813,4168.18310546875,633619.0
2024-03-22,4185.612256671911,4367.790136979646,4166.062208772418,4319.513671875,902115.0
2024-03-26,4319.513739329317,4356.908154033582,4272.989334588883,4307.66357421875,551123.0
2024-03-27,4326.89199411143,4332.425104078324,4205.163574839753,4216.73681640625,693528.0
2024-03-28,4245.739680517657,4380.378688631379,4226.558412900642,4354.833984375,1086607.0
2024-04-01,4371.156546677215,4407.813397464223,4299.318431041055,4316.51708984375,664163.0
2024-04-02,4288.159955368643,4320.851591486719,4170.120283478925,4205.90087890625,1342779.0
2024-04-03,4228.125796573169,4245.047980900546,4174.270284157132,4202.58154296875,681469.0
2024-04-04,4228.217482841956,4232.828407032623,4115.480386380139,4170.99609375,1378250.0
2024-04-05,4131.8490299174655,4210.327047091187,4120.644574563685,4172.7939453125,605460.0
2024-04-08,4186.719744887902,4250.212269842722,4172.979278954096,4237.5322265625,711580.0
2024-04-09,4255.882924918703,4309.600190439074,4154.442595180663,4169.84326171875,945922.0
2024-04-10,4197.509279869771,4197.509279869771,4127.60739277254,4145.12890625,515061.0
2024-04-12,4158.131467819155,4170.857438571174,4086.201049879502,4095.23828125,438331.0
2024-04-15,4085.2790537472674,4095.00792420121,4028.9798464503815,4040.276611328125,645166.0
2024-04-16,4005.971130535634,4100.449151884532,3954.374706233216,3986.512939453125,719918.0
2024-04-18,4018.8811806407552,4056.36790104557,3902.317117133613,3920.48388671875,1103254.0
2024-04-19,3920.438162135162,3920.438162135162,3843.804514589447,3885.810302734375,674079.0
2024-04-22,3909.925655953345,3997.671457282722,3879.53948402424,3976.368896484375,619635.0
2024-04-23,4000.437498244118,4028.932917337714,3953.313766840706,4006.938720703125,547228.0
2024-04-24,4020.725759512474,4062.5469305773568,3997.763447869616,4051.480712890625,658601.0
2024-04-25,4058.535749400978,4163.664828117568,4027.089154218984,4148.26416015625,1103462.0
2024-04-26,4159.28459645321,4187.457166058303,4118.893076478846,4142.0859375,497777.0
2024-04-29,4177.497517353333,4177.497517353333,4099.665203334375,4110.82373046875,590104.0
2024-04-30,4117.555390241318,4231.168744841041,4117.555390241318,4189.53173828125,828084.0
2024-05-02,4265.104632308108,4265.104632308108,4197.139433512572,4206.5458984375,808478.0
2024-05-03,4221.3011256825375,4223.560658665781,4165.370704920941,4198.47705078125,347594.0
2024-05-06,4216.183321556474,4226.096808967864,4118.016561447593,4158.8232421875,241049.0
2024-05-07,4176.529343568774,4181.601360349485,4087.307957471725,4128.39111328125,456294.0
2024-05-08,4143.05326217646,4299.225340970892,4071.122851066265,4254.8681640625,1313834.0
2024-05-09,4292.770146892227,4538.99348292235,4273.266028870544,4394.1181640625,3589872.0
2024-05-10,4415.974423966252,4568.82656151072,4403.248002976729,4497.8642578125,1520297.0
2024-05-13,4526.083112207297,4527.881552726737,4362.487614630836,4505.3798828125,624906.0
2024-05-14,4532.446512300556,4657.955968281882,4523.362900903587,4650.99365234375,1335266.0
2024-05-15,4664.411334559515,4705.909656041362,4630.059946221765,4663.765625,882851.0
2024-05-16,4670.821035868359,4753.817684802281,4649.3802348937625,4741.27587890625,1296732.0
2024-05-17,4735.419974916245,4766.405480972826,4678.106267224388,4693.18408203125,609690.0
2024-05-21,4680.088594178807,4724.168854419585,4637.898632960349,4660.58447265625,480490.0
2024-05-22,4657.033362764723,4673.586760475309,4578.647652698387,4607.189453125,422368.0
2024-05-23,4610.924262885331,4754.278078332665,4576.849352468379,4744.82568359375,644911.0
2024-05-24,4707.846471816891,4793.6556011819375,4684.745468679841,4720.01904296875,458258.0
2024-05-27,4727.11997423699,4729.70191193934,4657.033919215139,4688.2958984375,380940.0
2024-05-28,4689.263763689387,4818.415564396947,4652.422300934469,4780.56005859375,727224.0
2024-05-29,4768.6637473235005,4797.343785968099,4708.721732590815,4743.48828125,409279.0
2024-05-30,4729.886502369914,4783.327299136982,4698.255739409233,4736.341796875,457454.0
2024-05-31,4772.306725426495,4786.093569414183,4614.152019453424,4721.2177734375,1905070.0
2024-06-03,4869.136127484871,4900.490413154281,4753.494234514222,4759.02734375,962485.0
2024-06-04,4763.085227679157,4932.767257087282,4537.3804630180775,4897.44775390625,1945233.0
2024-06-05,4901.412601496228,5325.802260295045,4901.412601496228,5218.18310546875,2058534.0
2024-06-06,5215.047692910935,5289.145336484222,5046.518409711427,5103.6015625,1498100.0
2024-06-07,5149.388345869201,5198.725239674975,5107.060147595763,5147.498046875,637134.0
2024-06-10,5150.402805991535,5334.839790986756,5146.759995423637,5276.9267578125,1018162.0
2024-06-11,5284.119188855381,5391.461415304858,5261.064567612557,5336.31494140625,1015127.0
2024-06-12,5348.672485923397,5403.081395693997,5327.093449054552,5339.63525390625,668529.0
2024-06-13,5367.30060269244,5385.559683147782,5285.041531527387,5363.42724609375,547596.0
2024-06-14,5369.882304974795,5408.383521913263,5313.260246049347,5352.54541015625,573273.0
2024-06-18,5370.804637698178,5435.86459961513,5290.298079338671,5307.03564453125,527069.0
2024-06-19,5325.4334679847,5330.044392733695,5187.290342619066,5208.22412109375,447054.0
2024-06-20,5227.866390423989,5227.866390423989,5068.328396854868,5076.25927734375,840321.0
2024-06-21,5054.495314577793,5178.068088187248,5009.30825557135,5027.751953125,669719.0
2024-06-24,4970.576991983613,5103.371627762024,4970.576991983613,5094.56494140625,464982.0
2024-06-25,5132.7883218502175,5145.652980008618,5047.532606703659,5081.23828125,1118588.0
2024-06-26,5098.759874510018,5112.59264682285,5005.619207603612,5028.673828125,384494.0
2024-06-27,5035.0371048539055,5081.238657110887,4999.164203302744,5058.36865234375,874237.0
2024-06-28,5072.016844985233,5169.076803700632,5027.844279246933,5145.4228515625,539635.0
2024-07-01,5159.624450628048,5282.551516138248,5150.402601743995,5167.09423828125,1018344.0
2024-07-02,5228.788241395525,5232.476980895627,5072.016812641162,5133.8955078125,689851.0
2024-07-03,5164.142970254095,5190.010526062997,5120.938518980604,5145.56103515625,329072.0
2024-07-04,5158.702462625514,5167.878382729589,5100.236028526315,5125.82666015625,676316.0
2024-07-05,5125.826242032105,5161.4685963647535,4963.752254929889,5125.54931640625,613329.0
2024-07-08,5132.558330711239,5191.901019454306,5060.535599513909,5073.76904296875,478557.0
2024-07-09,5095.117834460235,5163.728755730598,5076.674135255434,5154.22998046875,570084.0
2024-07-10,5159.623887157505,5210.344050480769,5044.904189625267,5080.08544921875,354244.0
2024-07-11,5099.682314344887,5127.808952787477,5074.783322936694,5096.22412109375,491353.0
2024-07-12,5103.278686710701,5164.23519577509,5076.765872089534,5115.26708984375,265681.0
2024-07-15,5115.359545733445,5200.200554965008,5098.39143394425,5170.09130859375,249438.0
2024-07-16,5179.91245242779,5218.64421724922,5129.192284209253,5144.03955078125,336316.0
2024-07-18,5113.976324190625,5143.947333213471,4995.567873985175,5074.0458984375,841644.0
2024-07-19,5090.414323861081,5097.607185408688,4953.054713550733,5005.3427734375,370397.0
2024-07-22,5000.086362365176,5062.794933490375,4970.576446541552,5038.0341796875,415035.0
2024-07-23,5058.183523368832,5219.427622370522,4914.968407005529,5084.51171875,908996.0
2024-07-24,5084.005099520961,5084.005099520961,4984.409135300344,4996.1669921875,723617.0
2024-07-25,4980.720524873406,5026.1840592335775,4936.455650740112,4982.74951171875,438831.0
2024-07-26,4989.019664128728,5114.621411387922,4977.354116708714,5052.55810546875,517306.0
2024-07-29,5076.858081334269,5102.125855847985,4977.308047920004,5002.25341796875,418301.0
2024-07-30,5030.51892631395,5116.282127074206,4989.574004395211,5020.6513671875,412385.0
2024-07-31,5028.581295284589,5105.353178196378,4984.593351463211,5061.365234375,870466.0
2024-08-01,5097.595318057775,5097.595318057775,4947.057857976036,4990.2080078125,868140.0
2024-08-02,4946.685854323661,4992.297639961611,4864.427062539477,4899.4951171875,402666.0
2024-08-05,4812.034271554013,4874.228004525355,4759.037558068113,4815.61083984375,439371.0
2024-08-06,4830.798581994881,4881.751858083548,4791.55023045615,4806.2275390625,552856.0
2024-08-07,4858.43569726683,4937.164650487359,4852.118983341746,4868.79345703125,515480.0
2024-08-08,4863.080297653848,4878.872535487681,4781.239256749647,4792.38671875,243559.0
2024-08-09,4835.165222035383,4873.902379095626,4821.973877652694,4837.25537109375,333635.0
2024-08-12,4844.315330029042,4946.686373121564,4816.632646879871,4934.470703125,569618.0
2024-08-13,4969.909792470928,5023.1387383444,4845.429808883805,4872.833984375,1042924.0
2024-08-14,4904.883068367362,4921.232769313528,4636.415036784376,4712.07861328125,2185163.0
2024-08-16,4756.250762567498,4773.8546455569285,4663.401506185887,4763.775390625,679493.0
2024-08-19,4783.190150681287,4852.8617881450855,4744.684777606406,4820.25537109375,714915.0
2024-08-20,4829.637541104811,4969.909760513703,4821.276945246003,4871.81201171875,962948.0
2024-08-21,4871.811862086972,4928.292602308774,4844.500673838634,4909.2490234375,612911.0
2024-08-22,4909.527952667974,5000.565557088307,4889.509150683524,4951.28466796875,761731.0
2024-08-23,4951.331018676991,5057.045934787423,4937.396691232309,5002.33056640625,757678.0
2024-08-26,5025.647281615497,5039.581608644006,4948.544005391082,4964.10400390625,553070.0
2024-08-27,4973.625974661934,5013.524780605725,4947.615229930792,4975.99462890625,672259.0
2024-08-28,4983.844825587505,5000.751992266513,4891.878257510493,4934.052734375,688591.0
2024-08-29,4923.461793684297,5004.559388585241,4915.008211961779,4992.6689453125,516725.0
2024-08-30,5016.357753333383,5125.974459795112,5003.213128827646,5067.82177734375,1569946.0
2024-09-02,5141.766904140122,5229.134957090986,5125.045710955928,5181.89794921875,1054947.0
2024-09-03,5204.007195414195,5294.115852671456,5155.608537241237,5245.345703125,805935.0
2024-09-04,5206.793513838107,5285.104250013789,5206.793513838107,5279.94873046875,532554.0
2024-09-05,5285.754941269497,5387.011055258667,5248.596734300994,5326.81494140625,817503.0
2024-09-06,5313.623350788901,5360.349612454569,5248.317986498097,5335.68603515625,683920.0
2024-09-09,5335.732543802331,5360.396575812158,5282.178368771451,5337.1259765625,469914.0
2024-09-10,5385.152776813699,5447.532021779925,5256.260255202021,5266.89697265625,775935.0
2024-09-11,5293.1862828589965,5303.126284096631,5204.331816196529,5252.73046875,592210.0
2024-09-12,5295.044094368537,5404.660796673008,5253.241114676153,5390.86572265625,855863.0
2024-09-13,5412.928681869092,5431.693757367027,5360.071224463972,5384.0380859375,332581.0
2024-09-16,5369.360353231588,5408.8409440641735,5320.125734075659,5368.849609375,333195.0
2024-09-17,5387.94022674951,5559.750674554578,5354.126347768881,5537.68798828125,1250736.0
2024-09-18,5560.075198873939,5709.3122098427,5506.93923529226,5540.9853515625,1446956.0
2024-09-19,5573.730101240692,5629.467402253099,5555.243987123175,5579.35009765625,532623.0
2024-09-20,5619.01745857699,5659.194768778842,5560.493284178916,5586.03955078125,993542.0
2024-09-23,5620.178698220558,5768.811523297465,5577.7252661214125,5750.7431640625,887240.0
2024-09-24,5751.161195384079,5802.48596618766,5676.1943351448335,5691.0576171875,631130.0
2024-09-25,5707.500306283553,5730.166720687889,5605.1759896552885,5655.75732421875,341785.0
2024-09-26,5578.932709562054,5634.112550500791,5484.643769104374,5621.525390625,1255943.0
2024-09-27,5636.992618732962,5656.686194997568,5518.457855452491,5534.11083984375,718197.0
2024-09-30,5471.546007157025,5471.546007157025,5286.219448850094,5306.5634765625,1346723.0
2024-10-01,5306.563171249397,5382.366000252204,5262.530788993568,5341.5849609375,742940.0
2024-10-03,5326.024749682348,5326.024749682348,5222.585509814688,5260.4404296875,1219791.0
2024-10-04,5245.855936709671,5248.550269486106,5094.389982719097,5128.6220703125,943922.0
2024-10-07,5174.234258677228,5209.99903429887,5049.893512973055,5110.693359375,682783.0
2024-10-08,5073.952727972378,5151.056000843434,5026.5760181359465,5136.982421875,473756.0
2024-10-09,5147.386507256078,5191.001130907387,5137.121734774132,5159.97412109375,439340.0
2024-10-10,5191.001258715137,5197.457678295578,5058.160675322821,5068.47216796875,579335.0
2024-10-11,5072.559506732759,5098.430997920314,5053.515926495048,5087.23681640625,303034.0
2024-10-14,5112.969446243095,5178.925265771303,5109.114372862193,5160.67138671875,407147.0
2024-10-15,5169.635533313568,5190.676277245703,5075.811060920994,5114.501953125,302887.0
2024-10-16,5114.501997113187,5126.903639487047,5004.281555701527,5014.68603515625,504211.0
2024-10-17,4982.032352017246,4982.032352017246,4737.670900068861,4846.77685546875,1947589.0
2024-10-18,4846.776916518932,4912.918246782518,4780.449160209424,4845.61572265625,427617.0
2024-10-21,4845.615842147745,4880.590911435947,4723.783016197648,4869.81494140625,740720.0
2024-10-22,4889.091008919025,4899.681007028731,4788.763851601287,4808.0859375,531833.0
2024-10-23,4808.085697778067,4904.883002096904,4756.760927727716,4780.12451171875,411524.0
2024-10-24,4793.454870616636,4859.55039282998,4731.726072663826,4750.30517578125,349453.0
2024-10-25,4756.250563801739,4779.195938387889,4528.65654268232,4619.97265625,709797.0
2024-10-28,4619.973030898894,4659.500349518854,4548.211236787757,4577.70556640625,419927.0
2024-10-29,4577.751876775331,4607.571428786553,4407.89233130893,4447.32666015625,953917.0
2024-10-30,4407.891903082538,4679.611266971188,4403.340113858742,4560.51904296875,1039340.0
2024-10-31,4586.251460621114,4670.321899589357,4570.412957147071,4635.06787109375,897452.0
2024-11-01,4681.6554562745605,4684.720826836532,4654.204559405668,4663.8193359375,49631.0
2024-11-04,4763.217291540305,4763.217291540305,4390.706295166309,4464.6044921875,1676556.0
2024-11-05,4475.705507073277,4531.721316105092,4422.662082097249,4478.2138671875,673746.0
2024-11-06,4512.864434485703,4570.459657815904,4497.0721958306485,4545.19189453125,602657.0
2024-11-07,4567.625852823257,4567.625852823257,4447.883180379868,4473.84765625,373373.0
2024-11-08,4486.8529955900185,4488.71090573312,4399.48495254721,4430.09375,333494.0
2024-11-11,4424.613648166546,4446.11887047683,4382.392452598308,4419.50439453125,424955.0
2024-11-12,4419.503847325761,4455.4545907994025,4368.689822389752,4388.56982421875,310558.0
2024-11-13,4358.3324142640895,4363.070176329423,4172.86660607266,4198.505859375,1304908.0
2024-11-14,4198.505941142164,4301.062502757452,4149.64280773597,4276.90966796875,889483.0
2024-11-18,4490.708349557903,4496.09656146503,4379.1874676730495,4396.74462890625,1783519.0
2024-11-19,4421.780329722419,4509.10211544262,4398.138239279702,4436.50390625,704072.0
2024-11-21,4458.938201691839,4477.563569960214,4404.36208971359,4429.11865234375,572418.0
2024-11-22,4438.919129184688,4466.787783252386,4405.105252967489,4453.50390625,394712.0
2024-11-25,4505.431944447516,4559.915066830662,4472.918518044286,4513.14208984375,1174601.0
2024-11-26,4514.721620059946,4534.461915209385,4459.9595374912005,4494.93505859375,384827.0
2024-11-27,4498.000912961894,4545.7491177674165,4468.831811473025,4525.1728515625,296689.0
2024-11-28,4546.30677679458,4561.123793762381,4421.91976546693,4443.6572265625,778790.0
2024-11-29,4457.869141598161,4463.118100302494,4395.9081142934165,4423.4052734375,462448.0
2024-12-02,4397.208620596399,4439.476074327705,4361.072360761965,4411.0966796875,510429.0
2024-12-03,4412.536867989208,4444.12134241271,4356.799560183029,4363.30224609375,664696.0
2024-12-04,4370.780498231627,4389.313335975643,4287.592741205413,4306.4970703125,586762.0
2024-12-05,4325.215303498486,4345.698583711873,4262.417842823915,4314.39306640625,796988.0
2024-12-06,4326.097441256556,4384.66787626032,4287.127595114698,4300.6904296875,733835.0
2024-12-09,4309.376219576642,4328.559050680683,4263.903688348247,4269.43115234375,329145.0
2024-12-10,4273.193663655796,4287.081724499229,4237.614863066691,4262.32470703125,384707.0
2024-12-11,4260.420469466897,4323.682404605056,4260.420469466897,4320.0595703125,571443.0
2024-12-12,4320.059885114913,4329.070478387218,4219.314512382043,4233.0166015625,821540.0
2024-12-13,4233.016053908203,4257.401124718559,4180.297853203909,4250.3876953125,552194.0
2024-12-16,4263.904549245084,4263.904549245084,4194.883356387774,4216.52783203125,835965.0
2024-12-17,4192.653303855889,4234.688526466724,4083.315549462769,4101.43017578125,778939.0
2024-12-18,4085.962646487797,4115.178011551978,4061.5775756770354,4077.60205078125,738092.0
2024-12-19,4021.957638478256,4141.37509665705,4017.73107392952,4093.859130859375,691740.0
2024-12-20,4093.859136538692,4144.579725559425,4017.7310795032254,4031.619140625,800108.0
2024-12-23,4054.889072755916,4064.6431014532673,3955.816100562524,3969.0537109375,931177.0
2024-12-24,3969.053588966563,4008.441193872908,3948.0591133163057,3956.5126953125,561434.0
2024-12-26,3966.638427448832,4001.799470035709,3953.261564219737,3971.283203125,375676.0
2024-12-27,3976.3923368956703,4039.7005367414536,3928.132937633701,3936.865478515625,744900.0
2024-12-30,3950.613864305366,3970.3541604940647,3872.117157107952,3890.092529296875,1819173.0
2024-12-31,3866.682679957954,3917.821931193526,3855.163727250226,3865.0107421875,492605.0
2025-01-01,3878.201936271151,3898.824922875171,3836.5849252977023,3887.07373046875,329310.0
2025-01-02,3887.677120441878,4015.08322257154,3851.447871290807,4005.18994140625,1062633.0
2025-01-03,3962.411650942007,3994.3208952563305,3866.7292771340703,3941.6494140625,1269643.0
2025-01-06,3956.420109002393,3994.5072713571935,3890.232052471183,3904.212646484375,813031.0
2025-01-07,3901.704682225805,3924.6963225771806,3860.087218647068,3866.357666015625,396158.0
2025-01-08,3898.824742304535,3898.824742304535,3808.7160932686666,3844.109375,438731.0
2025-01-09,3854.560027599853,3868.540620754523,3820.188688073272,3847.035400390625,340998.0
2025-01-10,3850.519107369988,3868.169255268668,3796.082244711571,3829.339111328125,355269.0
2025-01-13,3808.716097952096,3829.10684483988,3713.498195503294,3756.369384765625,801718.0
2025-01-14,3778.060574178727,3840.532807671109,3769.467739088696,3811.177734375,242769.0
2025-01-15,3830.2679729349047,3861.852447350636,3793.063047828609,3819.7705078125,281045.0
2025-01-16,3873.7427078712863,3878.387483300389,3769.65324514597,3784.656005859375,349664.0
2025-01-17,3786.4208984375,3831.939697265625,3762.26806640625,3806.85791015625,211342.0
2025-01-20,3824.972811382355,3824.972811382355,3758.134534026505,3801.37744140625,254936.0
2025-01-21,3802.120598955927,3826.366420085528,3725.110304574646,3738.85888671875,287082.0
2025-01-22,3740.902508266993,3782.705491349192,3740.902508266993,3767.5634765625,272889.0
2025-01-23,3767.563277114637,3822.65036170811,3739.044399969658,3809.041259765625,282745.0
2025-01-24,3813.4073249433673,3831.940162438266,3754.000912640529,3764.033447265625,216273.0
2025-01-27,3757.623644086194,3785.306553374571,3715.820661642713,3730.637451171875,328160.0
2025-01-28,3734.399628181784,3773.694475598655,3715.820525554013,3740.298583984375,444089.0
2025-01-29,3749.262679776785,3822.464158193173,3746.522307666806,3783.123046875,479893.0
2025-01-30,3789.3939248615234,3889.535338623729,3771.604523882968,3880.98876953125,807120.0
2025-01-31,3890.464013654748,4062.134737118728,3879.316552297571,4030.87548828125,1056018.0
2025-02-01,4022.376117825951,4201.618209640005,3935.10059314002,4089.400146484375,1141242.0
2025-02-03,4105.98172765441,4115.271279074443,3927.808312854736,3982.10546875,846135.0
2025-02-04,4016.802038955327,4040.9548726770745,3920.190704068335,3936.075927734375,554233.0
2025-02-05,3936.911468835424,3985.217131029723,3913.3161014818575,3967.009521484375,408928.0
2025-02-06,3984.288699700409,4026.695412232615,3917.3109416358034,3929.526611328125,576470.0
2025-02-07,4013.040194636085,4013.040194636085,3916.103628871248,3970.958251953125,1344288.0
2025-02-10,4000.3593237372097,4013.968879362974,3873.8359062734144,3898.31396484375,779450.0
2025-02-11,3901.6115952199816,3937.840845747025,3781.776381938225,3795.292724609375,593081.0
2025-02-12,3815.718722216332,3872.473703117973,3766.248694438756,3824.051025390625,619474.0
2025-02-13,3813.814107391762,3832.954690663012,3756.7736348349617,3767.677001953125,557075.0
2025-02-14,3771.010130243584,3791.055318156416,3666.2135130676297,3678.021484375,475952.0
2025-02-17,3661.4999054461778,3700.6377860589873,3578.2719567785,3691.40087890625,913565.0
2025-02-18,3694.781143710943,3706.11298257478,3628.1227210151264,3657.166748046875,482022.0
2025-02-19,3657.547854214044,3712.779123171344,3632.884328829295,3693.971923828125,453662.0
2025-02-20,3680.021155564371,3750.012501128864,3671.4507867197394,3722.4921875,438563.0
2025-02-21,3713.8268848719126,3729.87261453563,3645.8828051503697,3668.689697265625,426337.0
2025-02-24,3656.548056990463,3705.351547531706,3618.695593595059,3699.39990234375,272543.0
2025-02-25,3691.9247886803696,3697.924093926296,3634.8843103975673,3645.501953125,661184.0
2025-02-27,3626.361399946983,3628.408905537656,3547.418865218051,3580.08154296875,877741.0
2025-02-28,3566.797198192792,3568.082614043916,3487.3306467540733,3505.376220703125,995134.0
2025-03-03,3470.094834828667,3537.6578638194587,3444.336068219376,3457.4296875,691809.0
2025-03-04,3451.95420157193,3466.14283067497,3328.1599819293506,3347.0625,946922.0
2025-03-05,3347.2051590800243,3437.289351092677,3345.776764275296,3417.4345703125,611959.0
2025-03-06,3456.2392461031177,3483.378747002398,3411.673282339704,3474.5703125,654829.0
2025-03-07,3489.0926291923342,3555.46533276462,3451.9543615781145,3478.1416015625,621576.0
2025-03-10,3478.617578833192,3490.7589350144467,3405.0075846645145,3411.81640625,675889.0
2025-03-11,3408.150071804691,3488.616314069988,3383.153162225235,3476.379638671875,618870.0
2025-03-12,3476.3795432463285,3494.2821378271365,3425.2907157788586,3437.908203125,385877.0
2025-03-13,3451.9542111535084,3452.478002427601,3356.1090099817297,3360.6796875,359751.0
2025-03-17,3319.589424407968,3379.5820043671474,3296.35429595791,3326.3505859375,673556.0
2025-03-18,3326.3505859375,3326.3505859375,3326.3505859375,3326.3505859375,0.0
2025-03-19,3413.86366413042,3417.5299705438165,3346.3957215952005,3368.155029296875,674188.0
2025-03-20,3408.150109074798,3460.5245868616416,3391.2474366981346,3425.43359375,771668.0
2025-03-21,3455.76318359375,3534.705710582741,3439.336643247376,3455.76318359375,1195882.0
2025-03-24,3483.379275902765,3511.3282977511803,3411.816779344445,3453.240234375,663262.0
2025-03-25,3478.1412913373365,3500.2337507837183,3442.4314218164195,3454.76318359375,544164.0
2025-03-26,3475.7610096980607,3494.1397376986265,3433.28997395496,3471.904296875,755658.0
2025-03-27,3460.52463169526,3608.1254346431856,3438.003698949597,3591.984619140625,1525094.0
2025-03-28,3598.602670906801,3626.932501406795,3530.3731048987484,3545.228271484375,509889.0
2025-04-01,3530.3731621238167,3634.407919511811,3530.3731621238167,3582.4619140625,506307.0
2025-04-02,3590.032623916072,3608.8874836635778,3554.703562659729,3603.316650390625,321687.0
2025-04-03,3599.554967886111,3625.36139411594,3557.32200112823,3574.17724609375,339509.0
2025-04-04,3566.178054464717,3566.178054464717,3459.1437628750987,3484.521484375,330498.0
2025-04-07,3312.8763745910533,3375.773412310602,3184.368488227547,3358.537353515625,605866.0
2025-04-08,3428.1475913675386,3449.9543261070603,3342.681967388306,3403.531494140625,450859.0
2025-04-09,3418.6248917022745,3503.1382507938,3369.1072052486484,3438.527099609375,584571.0
2025-04-11,3447.6214328298006,3527.278393088438,3447.6214328298006,3490.9970703125,436704.0
2025-04-15,3570.0350477453817,3633.836687702421,3510.5185925615765,3622.314208984375,604277.0
2025-04-16,3627.170438745613,3634.4077318803807,3563.3688059296624,3601.364013671875,491227.0
2025-04-17,3601.3640565947885,3616.3147746306927,3489.378045212118,3591.746337890625,970749.0
2025-04-21,3612.8867573936527,3744.7752170402055,3576.700754024924,3730.01513671875,1031160.0
2025-04-22,3714.778884676801,3716.5880918312514,3638.788231925482,3650.596435546875,927543.0
2025-04-23,3677.735725976961,3765.439025494551,3640.121330310663,3752.39306640625,800615.0
2025-04-24,3752.488731210218,3797.625917171103,3737.538011896428,3765.72509765625,1227984.0
2025-04-25,3770.962483755295,3803.4347536932014,3656.595574018662,3709.54150390625,652719.0
2025-04-28,3709.0655112869713,3747.156042853461,3662.8807417626017,3724.96826171875,521342.0
2025-04-29,3747.632113525804,3765.15366476686,3662.785362847402,3668.78466796875,428581.0
2025-04-30,3668.784444525626,3682.877986614812,3624.789930458767,3644.692138671875,892342.0
2025-05-02,3622.028537605549,3727.15830587018,3547.180554258155,3558.988525390625,881303.0
2025-05-05,3589.0801458519227,3613.3628584333032,3563.654763881588,3587.7470703125,640182.0
2025-05-06,3604.316507136162,3721.444890327112,3600.5074540242604,3687.73486328125,1210118.0
2025-05-07,3637.645612083522,3708.874949623643,3631.551220282866,3683.354248046875,448141.0
2025-05-08,3684.306447458085,3690.020026854505,3595.460241346528,3619.076416015625,739365.0
2025-05-09,3556.7032386658857,3710.112941231716,3556.7032386658857,3669.92724609375,859973.0
2025-05-12,3742.299107276344,3808.57671988678,3723.349162334619,3794.673583984375,547435.0
2025-05-13,3808.100645882792,3902.7555176797214,3768.581721950775,3869.616943359375,1197629.0
2025-05-14,3875.711305388219,3911.7066691152,3745.251244248616,3873.044921875,1199813.0
2025-05-15,3888.090405753252,4139.487875045159,3873.044601624164,4118.5380859375,2629014.0
2025-05-16,4123.300186062212,4154.724875701947,4089.304199463023,4137.86962890625,765257.0
2025-05-19,4116.728826058398,4241.951427524455,4116.728826058398,4178.2451171875,753807.0
2025-05-20,4198.528647267802,4225.382656766118,4029.406601958816,4039.119873046875,842529.0
2025-05-21,4038.548350015151,4084.1616656426536,4010.932716402692,4060.259765625,396931.0
2025-05-22,4047.118506206195,4079.495454255845,4002.2668175312,4072.162841796875,394809.0
2025-05-23,4084.161870214008,4128.06130021887,4072.258579267587,4103.11181640625,461297.0
2025-05-26,4104.159837812376,4207.385094941914,4094.732523369322,4151.296875,765160.0
2025-05-27,4161.866805711974,4166.05667129093,4094.732242206038,4131.10888671875,411809.0
2025-05-28,4159.4858314269,4174.150592325294,4104.730695138657,4153.962890625,424160.0
2025-05-29,4174.721801074766,4174.721801074766,4125.299434790983,4148.6298828125,369150.0
2025-05-30,4134.34627298355,4170.913089264837,4084.5426253772152,4103.587890625,914311.0
2025-06-02,4104.350033636495,4112.539590794089,3995.696700989299,4030.263671875,771163.0
2025-06-03,4047.1186725516586,4076.1627006723234,4000.457774915181,4007.695068359375,417447.0
2025-06-04,4011.884875021926,4038.26275173908,3991.2205775238863,4000.076904296875,353642.0
2025-06-05,4025.978422188067,4025.978422188067,3973.603942919952,3979.412841796875,394746.0
2025-06-06,3989.030485659084,4091.779590421284,3959.605646209786,4064.25927734375,551467.0
2025-06-09,4099.3982087086615,4151.868009808735,4070.925628883565,4141.77392578125,495256.0
2025-06-10,4161.485887232587,4182.340360242065,4123.014543397864,4169.9609375,469185.0
2025-06-11,4166.15189341711,4272.519888890534,4157.48620448434,4199.7666015625,1241569.0
2025-06-12,4199.766193280338,4213.764648270277,4132.8222764955935,4154.53369140625,813687.0
2025-06-13,4062.45051133134,4139.488518438483,4048.452054990209,4126.91845703125,521000.0
2025-06-16,4109.968065768559,4203.385180832499,4106.63514449187,4156.15283203125,360242.0
2025-06-17,4160.438246888227,4180.435775655599,4126.91839363209,4162.3427734375,331648.0
2025-06-18,4144.249415937001,4220.430471377019,4142.344889551,4149.86767578125,370443.0
2025-06-19,4166.056143213715,4193.767095078921,4142.630375709966,4175.00732421875,425692.0
2025-06-20,4171.389098818626,4173.198305969759,4004.1715818423054,4131.39404296875,1159015.0
2025-06-23,4113.777365292711,4118.253188692946,4042.3576193674894,4050.071044921875,580717.0
2025-06-24,4078.638906143985,4123.299960527992,4058.5460581455663,4087.590087890625,469217.0
2025-06-25,4096.160422616251,4149.867977613319,4085.209395100248,4095.49365234375,412213.0
2025-06-26,4100.350278523883,4118.443280465138,4045.309648080985,4073.7822265625,795726.0
2025-06-27,4093.779479912576,4142.249583598177,4080.447795167572,4114.0625,543489.0
2025-06-30,4136.631315109591,4136.631315109591,4009.9803102961528,4034.83447265625,871009.0
2025-07-01,4055.0223205935263,4060.4504069857726,3990.078247382609,4024.264404296875,480538.0
2025-07-02,4079.876709614369,4118.157879513495,4028.168999426077,4041.119873046875,808159.0
2025-07-03,4041.405344678005,4142.345251967324,4035.69176502012,4104.826171875,650625.0
2025-07-04,4118.538232590442,4165.865898385065,4101.492814749431,4137.58349609375,437195.0
2025-07-07,4132.8221454536215,4151.486596524314,4088.065776597327,4101.3974609375,353771.0
2025-07-08,4099.588860646318,4122.34786071517,4037.596426295293,4095.113037109375,467771.0
2025-07-09,4094.731462221506,4136.63103997447,4085.399469529056,4126.25146484375,276485.0
2025-07-10,4123.394843312585,4141.297204910572,4104.254260610877,4115.0146484375,368728.0
2025-07-11,4094.827618249972,4132.822831936211,3989.983333136572,4017.3134765625,556464.0
2025-07-14,4017.5988413757273,4055.6893731735536,3996.8396875348367,4048.738037109375,293675.0
2025-07-15,4071.6868797323873,4251.855266487111,4056.7366261997727,4241.38037109375,1756329.0
2025-07-16,4241.380338924243,4256.616550289934,4162.342492464721,4213.28857421875,791606.0
2025-07-17,4225.192507922373,4250.808299188241,4201.385924037302,4231.4775390625,414759.0
2025-07-18,4237.57136200111,4269.948311733254,4177.769417308298,4186.81591796875,370997.0
2025-07-21,4199.48097772329,4210.908136846348,4138.726767707958,4197.76708984375,269975.0
2025-07-22,4207.099106005857,4220.145298729109,4112.634404101189,4135.10791015625,463290.0
2025-07-23,4151.867553451112,4168.05602785677,4119.3952853253095,4155.39111328125,376802.0
2025-07-24,4166.314433881923,4175.981056698354,4113.244769020328,4158.484375,584473.0
2025-07-25,4135.381385990656,4147.754474828665,4055.148413798691,4089.658447265625,630896.0
2025-07-28,4074.964673829248,4163.414268813324,4074.964673829248,4148.04443359375,462891.0
2025-07-29,4146.981112010485,4189.900822125786,4123.394647172622,4181.0078125,422393.0
2025-07-30,4167.280722623665,4181.587134308381,4075.158004241846,4109.57080078125,547169.0
2025-07-31,4069.648236276452,4159.547829144317,4060.948275676336,4118.658203125,446590.0
2025-08-01,4113.244907375063,4177.914521791628,4098.648212030658,4167.861328125,473918.0
2025-08-04,4172.017879913024,4398.313627082897,4166.411427167651,4384.68359375,1454995.0
2025-08-05,4384.779963070695,4428.763095416311,4365.349957458065,4395.2197265625,803505.0
2025-08-06,4397.926655563433,4398.216465436459,4313.343708908398,4325.716796875,574216.0
2025-08-07,4282.314057223413,4519.049563864334,4274.870568593597,4505.3232421875,2121194.0
2025-08-08,4504.646385128429,4554.912825477501,4435.143459123308,4446.453125,972461.0
2025-08-11,4449.546566630128,4470.523327340085,4387.68017943388,4410.10693359375,455558.0
2025-08-12,4436.013234426917,4513.92630914891,4418.613313263333,4490.33984375,723767.0
2025-08-13,4512.669384623625,4633.695692267428,4495.173174757627,4609.72265625,1342794.0
2025-08-14,4610.9788762696935,4614.362194103434,4534.129228331865,4551.142578125,373862.0
2025-08-18,4736.645096339536,4948.344132277977,4736.645096339536,4817.8447265625,3698091.0
2025-08-19,4817.844541070784,4967.67718630874,4817.844541070784,4947.57080078125,1509894.0
2025-08-20,4949.311234423676,4992.811040194978,4940.708033905084,4964.77783203125,916240.0
2025-08-21,4964.777384046018,4986.913855473805,4871.97780677413,4927.17431640625,819430.0
2025-08-22,4927.1743356908255,4952.500603885235,4815.911414354799,4831.28125,1357460.0
2025-08-25,4842.97813196496,4910.547732459425,4810.111613704121,4894.984375,693190.0
2025-08-26,4894.984595521635,4971.5444420736485,4872.944882849167,4904.2646484375,1662083.0
2025-08-28,5055.643796266941,5071.110392966802,4909.097698135147,4921.95458984375,1584393.0
2025-08-29,4929.494316773853,4976.667247427192,4892.664389356456,4918.087890625,783364.0
2025-09-01,4943.027812337984,5084.16051217202,4939.161163027463,5069.17724609375,659443.0
2025-09-02,5113.643099313758,5169.709507586008,5034.376797963338,5134.90966796875,962257.0
2025-09-03,5147.476376005591,5184.692871869669,5081.26001323444,5170.67626953125,659989.0
2025-09-04,5321.475854487625,5335.009126415477,5162.943240475641,5172.60986328125,1187848.0
2025-09-05,5181.309486003635,5238.825887947146,5170.192870501949,5184.20947265625,517415.0
2025-09-08,5190.976619913191,5340.325947245889,5157.143438964036,5261.54296875,726543.0
2025-09-09,5283.292686819008,5305.042588100397,5211.276347020634,5242.69287109375,608443.0
2025-09-10,5268.309360508071,5276.042658651936,5140.226610000306,5172.12646484375,536616.0
2025-09-11,5172.12677515376,5184.210054228504,5109.777055128076,5125.24365234375,765635.0
2025-09-12,5129.109745620343,5209.826041089491,5109.776501196595,5124.759765625,537933.0
2025-09-15,5146.509869587312,5177.443061891368,5092.376783055214,5112.193359375,588879.0
2025-09-16,5130.076894652493,5170.676711795023,5107.843661455394,5138.77685546875,925160.0
2025-09-17,5165.843092873832,5208.3762321115655,5133.459907317831,5171.64306640625,616629.0
2025-09-18,5181.309939478585,5207.409821636406,5161.976693435754,5190.9765625,420977.0
2025-09-19,5210.3095520741845,5253.809353529349,5192.909631492118,5227.70947265625,579031.0
2025-09-22,5228.6760996962485,5315.675702020645,5219.976139463809,5248.49267578125,672445.0
2025-09-23,5268.309614953799,5330.176003092705,5172.610045801427,5191.4599609375,507377.0
2025-09-24,5190.976745709565,5196.776719727118,5089.477200402394,5101.0771484375,410267.0
2025-09-25,5094.310201626553,5194.843078470796,5056.6103728099615,5175.9931640625,640474.0
2025-09-26,5175.993505162877,5272.176408097551,5131.527037474486,5150.376953125,689941.0
2025-09-29,5150.376179134044,5248.009060908169,5093.343109582822,5123.79296875,8318930.0
2025-09-30,5145.543552813785,5300.692855880968,5145.543552813785,5290.0595703125,1141788.0
2025-10-01,5290.059067425506,5335.008861237345,5229.642677893465,5251.392578125,701001.0
2025-10-03,5282.809359446784,5397.842170750383,5191.459773999809,5365.458984375,1634394.0
2025-10-06,5342.742684398235,5408.475722671997,5342.742684398235,5395.42578125,844413.0
2025-10-07,5395.42540801703,5460.675110613312,5386.72544767086,5427.80859375,858678.0
2025-10-08,5424.908975694445,5470.342105034722,5309.392827690973,5328.72607421875,789561.0
2025-10-09,5331.142174176796,5352.408743139968,5283.77572512246,5328.2421875,872880.0
2025-10-10,5328.242525568182,5381.892282492898,5293.926014382102,5316.642578125,835407.0
2025-10-13,5316.642704960424,5394.942352069842,5301.659439155536,5373.67578125,417645.0
2025-10-14,5396.3920739372525,5404.608703158653,5355.308927830252,5385.7587890625,375269.0
2025-10-15,5393.975726580135,5422.008933761286,5265.409638473476,5352.892578125,484777.0
2025-10-16,5391.0755318016845,5424.9087115780985,5366.425643678869,5393.4921875,294066.0
2025-10-17,5395.908640198927,5437.475116646178,5365.458779545709,5406.05859375,435204.0
2025-10-20,5432.641986751573,5504.174995118053,5419.592046036067,5452.94189453125,368799.0
2025-10-21,5478.075366619531,5479.042028939387,5443.275523104744,5458.2587890625,40575.0
2025-10-23,5524.475166462098,5526.408491104779,5376.092500136301,5402.1923828125,489097.0
2025-10-24,5427.808327070266,5437.474949202181,5301.658908248776,5355.7919921875,546761.0
2025-10-27,5384.309121593576,5473.242055020256,5364.975875196471,5458.2587890625,424721.0
2025-10-28,5451.974896798957,5476.14145219257,5389.141852775565,5422.49169921875,539756.0
2025-10-29,5449.558243557836,5450.524905773988,5342.742068673022,5366.42529296875,432099.0
2025-10-30,5384.792335710846,5401.225594791194,5309.876007550431,5331.142578125,402078.0
2025-10-31,5330.659243452945,5437.475427404626,5317.609302427173,5359.17578125,424188.0
2025-11-03,5393.492106883788,5393.492106883788,5299.242536058235,5354.34228515625,223771.0
2025-11-04,5292.476198933267,5292.476198933267,5077.393832857898,5132.01025390625,2003141.0
2025-11-06,5174.059910074106,5228.192998343914,5128.1434512738215,5148.443359375,815323.0
2025-11-07,5128.143319766688,5146.509902815805,5082.7101932767655,5119.443359375,436406.0
2025-11-10,5132.976391950042,5229.642614020664,5123.793100853332,5180.826171875,347961.0
2025-11-11,5196.292764875116,5248.975855877942,5153.276296074642,5236.892578125,348232.0
2025-11-12,5258.643019289844,5371.742510697365,5240.75976637498,5349.50927734375,534031.0
2025-11-13,5368.842018123979,5407.991838385776,5302.625655458964,5324.85888671875,585663.0
2025-11-14,5337.426115204929,5441.825648020674,5280.393037092625,5353.859375,938647.0
2025-11-17,5402.675181603406,5616.307533568757,5385.2752615338295,5605.19091796875,1770568.0
2025-11-18,5625.9742909545,5685.907350411404,5596.491092350701,5606.15771484375,1182455.0
2025-11-19,5655.94093246804,5719.257311048908,5640.474336173476,5680.5908203125,935374.0
2025-11-20,5751.64045245958,5840.573380463997,5724.090578023429,5799.490234375,1276202.0
2025-11-21,5770.973613696116,5836.706646481935,5758.890335610487,5802.39013671875,703572.0
2025-11-24,5802.8736382487305,5847.34010290964,5772.907107716378,5782.57373046875,1349305.0
2025-11-25,5799.973375966045,5884.556321032216,5770.49017797155,5878.75634765625,707293.0
2025-11-26,5880.690236770057,5941.106631904129,5850.240373622484,5931.92333984375,452071.0
2025-11-27,5932.406181731121,5993.3059030035765,5893.739692034324,5945.939453125,352120.0
2025-11-28,5946.906348692201,6031.005967082355,5923.706453963883,5968.65625,504441.0
2025-12-01,6022.306177434526,6122.355726289177,6003.4562624329255,6085.62255859375,912454.0
2025-12-02,6118.972462510465,6128.639085673989,6023.272893191582,6061.4560546875,809216.0
2025-12-03,6084.172490981949,6084.172490981949,5984.606274494638,6004.4228515625,543787.0
2025-12-04,6039.706225971017,6139.272445765354,6031.489596182165,6128.63916015625,883433.0
2025-12-05,6123.805309452135,6175.521739453033,6094.805442161912,6138.78857421875,651633.0
2025-12-08,6099.638955326739,6139.2721086022375,5939.6563488122265,5961.40625,707514.0
2025-12-09,5958.506383701675,5958.506383701675,5767.107249377708,5800.9404296875,1186776.0
2025-12-10,5827.040164633441,5842.99009209138,5718.290659238408,5747.29052734375,820197.0
2025-12-11,5747.29070834139,5818.823718587335,5708.624216316555,5780.1572265625,695094.0
2025-12-12,5803.356937649106,5836.223454827431,5752.123837341718,5761.30712890625,679186.0
2025-12-15,5741.490485295602,5777.256988865925,5680.590763000186,5760.82373046875,652031.0
2025-12-16,5761.7905963181465,5786.440484784905,5734.7240521193535,5748.25732421875,388048.0
2025-12-17,5770.974041770081,5771.940704088636,5589.241525881845,5623.07470703125,538205.0
2025-12-18,5592.141082065566,5592.141082065566,5329.208951672855,5556.85791015625,1016539.0
2025-12-19,5534.141328577723,5604.224341035693,5534.141328577723,5588.2744140625,769295.0
2025-12-22,5600.357954105418,5600.357954105418,5491.608446927225,5509.49169921875,1213460.0
2025-12-23,5519.641296896762,5560.724441400809,5505.141363542392,5552.5078125,351302.0
2025-12-24,5552.508035283408,5558.308008857868,5500.3082731132645,5508.52490234375,313655.0
2025-12-26,5508.524924691907,5529.308163418042,5423.941976387872,5449.0751953125,249826.0
2025-12-29,5449.075406380536,5462.608678633388,5365.459117103986,5380.4423828125,572147.0
2025-12-30,5384.308537834059,5551.057769930356,5380.925220081381,5520.60791015625,2980473.0
2025-12-31,5519.158181084233,5592.624512945587,5494.991624550893,5578.60791015625,473265.0
2026-01-01,5578.607638118018,5660.773926324574,5538.974487336033,5646.75732421875,384697.0
2026-01-02,5703.307663110462,5828.490433004158,5679.141105215927,5735.20751953125,1069537.0
2026-01-05,5761.307143304653,5843.47343645581,5727.473963771824,5785.95703125,653817.0
2026-01-06,5809.640255533855,5835.740136881511,5761.307141927084,5799.9736328125,453152.0
2026-01-07,5832.3567018622125,5847.339966779568,5745.840430242643,5781.60693359375,609748.0
2026-01-08,5781.607374131945,5785.4740234375,5635.641362847223,5654.974609375,562060.0
2026-01-09,5654.974501619879,5694.607656246617,5559.274933130928,5580.54150390625,500234.0
2026-01-12,5580.541102682567,5598.907685213481,5439.408415866067,5535.59130859375,314329.0
2026-01-13,5587.307839679244,5587.307839679244,5491.124945207257,5543.32470703125,336437.0
2026-01-14,5529.308108952479,5549.608016345487,5451.975128407689,5487.25830078125,368182.0
2026-01-15,5487.25830078125,5487.25830078125,5487.25830078125,5487.25830078125,0.0
2026-01-16,5434.575260024993,5540.908109296204,5430.225279827535,5463.091796875,588398.0
2026-01-19,5437.475532978579,5594.558159486849,5403.64235188449,5570.3916015625,581040.0
2026-01-20,5586.341451608839,5650.141163636211,5369.809095637152,5394.458984375,394664.0
2026-01-21,5394.459193317234,5453.908927281755,5320.509524239415,5353.859375,406596.0
2026-01-22,5406.542086311863,5476.141769883193,5283.292646654297,5305.52587890625,401574.0
2026-01-23,5330.1758632348165,5340.325817272532,5189.0431689961,5204.509765625,460330.0
2026-01-27,5237.376233046294,5243.659537866301,5121.860090586156,5200.64306640625,400942.0
2026-01-28,5226.743198784722,5339.842690972222,5150.860206163195,5328.72607421875,547414.0
2026-01-29,5337.909173037075,5408.4755203083,5289.576058467742,5393.9755859375,337842.0
2026-01-30,5355.792582421946,5408.475678846817,5282.809577282905,5349.50927734375,466102.0
2026-02-02,5364.975645854637,5462.125204847141,5237.376225088365,5435.5419921875,449861.0
2026-02-03,5542.84130664503,5597.941054548548,5487.258227619553,5570.87451171875,592655.0
2026-02-04,5555.408108414375,5682.040866758256,5525.924908952632,5656.42431640625,490202.0
2026-02-05,5684.457737293171,5693.641029275874,5553.474993750407,5573.77490234375,331312.0
2026-02-06,5579.5746583601285,5646.274355419527,5524.95823975352,5561.69140625,770475.0
2026-02-09,5606.641116971033,5622.10771315578,5478.075036185317,5564.59130859375,543956.0
2026-02-10,5592.1412679510295,5650.141004524419,5527.374895444077,5561.69140625,816528.0
2026-02-11,5612.44477545507,5666.64749058238,5465.604692655631,5600.1259765625,684908.0
2026-02-12,5621.314428936639,5720.8503260829575,5601.111598327733,5649.89404296875,560676.0
2026-02-13,5619.343169728801,5641.517007210193,5479.401617624015,5503.0537109375,394003.0
2026-02-16,5497.1410350424485,5541.981464783293,5379.866064951008,5412.3876953125,285719.0
2026-02-17,5410.41643377656,5506.995816383136,5367.54701394609,5496.1552734375,288723.0
2026-02-18,5513.894500077538,5546.416129836709,5466.097559370879,5510.93798828125,197770.0
2026-02-19,5518.821711376858,5562.676633904764,5309.402137507647,5336.0107421875,307768.0
2026-02-20,5321.721055152105,5392.677335887466,5297.083457674548,5385.77880859375,560735.0
2026-02-23,5424.706050194797,5468.560972391848,5358.184538997022,5408.93798828125,310190.0
2026-02-24,5400.561196499048,5442.937862821941,5357.691778242166,5431.11181640625,396015.0
2026-02-25,5431.111980443219,5755.342762799564,5420.764189516953,5654.32861328125,898486.0
2026-02-26,5676.5027216174185,5744.50249380346,5635.604307911321,5703.111328125,489797.0
2026-02-27,5691.285295636766,5715.9228943191765,5606.531956169275,5627.2275390625,584546.0
2026-03-02,5484.329457938388,5642.0100892537785,5423.228213303675,5510.4453125,432301.0
2026-03-04,5439.9815625,5448.851097656249,5348.8224511718745,5420.271484375,455955.0
2026-03-05,5433.57597401996,5540.995903496368,5400.561592024917,5507.48876953125,545405.0
2026-03-06,5490.242311065051,5490.735063022605,5410.416493941327,5432.59033203125,431008.0
2026-03-09,5368.039893825559,5430.126641266537,5260.127213749573,5400.5615234375,306358.0
2026-03-10,5466.097421705728,5650.38665236632,5447.372847467486,5628.70556640625,493375.0
2026-03-11,5646.444430134179,5682.4153214335765,5473.488500735706,5494.18408203125,511965.0
2026-03-12,5507.981289536797,5507.981289536797,5298.068959125035,5316.30078125,476478.0
2026-03-13,5260.619715382491,5299.547118671665,5093.084055656935,5130.533203125,496250.0
2026-03-16,5123.142108575767,5251.75036964514,5050.214818773977,5201.982421875,466610.0
2026-03-17,5200.01147679775,5305.953149072129,5156.156551995799,5277.37353515625,403766.0
2026-03-18,5292.156019087784,5408.445480959731,5287.2284995169375,5347.34423828125,390261.0
2026-03-19,5271.460485420946,5288.706804077679,5076.330708619049,5097.51904296875,397483.0
2026-03-20,5142.359404062708,5289.692238655918,5140.388396242062,5199.02587890625,1043098.0
2026-03-23,5115.750637223902,5124.620172137216,4977.7800941279,4991.5771484375,340775.0
2026-03-24,5109.837784751719,5239.924301161985,5050.214798063681,5176.85205078125,435050.0
2026-03-25,5228.098063989537,5286.242792693662,5201.489459328327,5212.82275390625,531702.0
2026-03-27,5136.446549390555,5167.982675557189,5051.200458346372,5068.44677734375,535331.0
2026-03-30,4994.533965009629,5065.4902486482815,4964.476094857144,4989.6064453125,704213.0
2026-04-01,5077.316093566967,5167.982452380662,5003.896053005876,5047.7509765625,546972.0
2026-04-02,5002.418031886037,5003.403535832429,4832.911353106605,4938.85302734375,753867.0
2026-04-06,4946.736717190485,5048.243616656691,4913.229585327854,5029.51904296875,348536.0
2026-04-07,5001.432367391668,5010.30190262448,4860.505307581419,4977.7802734375,429282.0
2026-04-08,5173.895653257979,5271.953294686392,5166.9971257203015,5210.85205078125,790692.0
2026-04-09,5210.852095829909,5302.011210508729,5128.562516633351,5207.40283203125,760419.0
2026-04-10,5220.214405266023,5404.996395257977,5218.736149346088,5387.25732421875,855903.0
2026-04-13,5247.808269066699,5297.08346408141,5127.084041280657,5170.93896484375,743470.0
2026-04-15,5283.779341893838,5283.779341893838,5198.5332516068265,5210.85205078125,651858.0
2026-04-16,5237.9533804261255,5271.460513997995,5055.142401673717,5084.70751953125,920301.0
2026-04-17,5062.040854731637,5173.895548981037,5056.127831247088,5154.67822265625,545014.0
2026-04-20,5154.678113954167,5240.909704618729,5134.475284141327,5205.92431640625,654258.0
2026-04-21,5183.7506406428265,5233.025836846656,5175.866609250214,5182.76513671875,321063.0
2026-04-22,5179.315795122118,5214.3011839008905,5102.939242154377,5113.77978515625,293830.0
2026-04-23,5075.345125183202,5085.200164261228,4922.5920194738055,4959.0556640625,628266.0
2026-04-24,4962.504925868642,4987.142523554416,4869.867558570131,4889.57763671875,520325.0
2026-04-27,4939.838128181622,5024.0987087221765,4932.939601119822,4969.89599609375,448144.0
2026-04-28,4969.403342327549,5031.490087110223,4946.244001019725,4994.53369140625,667998.0
2026-04-29,5020.157032662955,5132.997232945623,5007.838233505459,5040.35986328125,474261.0
2026-04-30,5006.359898233723,5040.359783369365,4947.229663215214,5025.08447265625,478138.0
2026-05-01,5025.08447265625,5025.08447265625,5025.08447265625,5025.08447265625,0.0
2026-05-04,5110.823383761595,5161.08408421895,4933.43267626505,4993.0556640625,617748.0
2026-05-05,4986.649761756215,5060.562554667621,4945.258597725827,5034.939453125,573411.0
2026-05-06,5164.040448954303,5204.446108955664,4878.244317237367,5095.05517578125,2717300.0
2026-05-07,5159.112941564167,5379.373064284242,5114.2725138963215,5265.54736328125,1775531.0
2026-05-08,5263.576625934359,5320.243103371397,5188.678325321925,5244.85205078125,558660.0
2026-05-11,5186.21416313534,5206.909744593932,5071.402961234101,5152.70703125,447686.0
2026-05-12,5154.185560324951,5193.605717574091,4996.504931328394,5008.82373046875,391060.0
2026-05-13,5043.316020121684,5053.663810685685,4904.852727336712,4922.591796875,494571.0
2026-05-14,4947.2295977878175,5017.200374967685,4809.259051235966,5003.4033203125,594448.0
2026-05-15,5008.33079080641,5064.997264728364,4970.881642823206,4991.08447265625,425856.0
2026-05-18,4961.519622316374,4961.519622316374,4852.621436147745,4885.14306640625,434446.0
2026-05-19,4872.823900526164,4966.93952040689,4860.997854049005,4934.91064453125,560327.0
2026-05-20,4894.997894532822,4942.302081957339,4830.940140728789,4895.9833984375,416572.0
2026-05-21,4947.2298638884695,4966.447191048993,4883.664858665202,4897.4619140625,335986.0
2026-05-22,4897.954222502077,4941.809144615023,4878.244145147944,4894.01220703125,284550.0
2026-05-25,4953.14290488803,4992.070311323183,4876.2735959781085,4906.82421875,445788.0
2026-05-26,4906.824097537095,4956.099294339034,4881.200995200086,4910.76611328125,413024.0
2026-05-27,4920.620811749538,5028.040733335899,4907.809261468596,5001.43212890625,460843.0
2026-05-28,5001.43212890625,5001.43212890625,5001.43212890625,5001.43212890625,0.0
2026-05-29,5040.852614948755,5065.490213262288,4804.824423105114,4831.92578125,1648645.0
2026-06-01,4844.24454493927,4896.969004944203,4691.984188476425,4750.0302734375,856536.0
2026-06-02,4768.262003759384,4821.18375600624,4678.28568959999,4804.33154296875,703263.0
2026-06-03,4785.606790608546,4803.148567005582,4745.2011319563735,4770.7255859375,571637.0
2026-06-04,4780.087913160374,4907.809311977758,4780.087913160374,4811.525390625,783946.0
2026-06-05,4826.998370241404,4833.404145947114,4721.648093721958,4764.91162109375,654540.0
2026-06-08,4725.491252040853,4766.488310968623,4691.590013751708,4706.27392578125,296366.0
2026-06-09,4722.14066754196,4801.572379536581,4699.47407743846,4785.015625,481952.0
2026-06-10,4780.285205105803,4912.7368300195785,4772.105234199577,4786.296875,632203.0
2026-06-11,4770.4303592776205,4804.331597798908,4740.471136426322,4766.09423828125,365084.0
2026-06-12,4841.780532705329,4896.968749646403,4797.826963686646,4890.66162109375,435472.0
2026-06-15,4957.084898736067,4999.855674186329,4932.841405177572,4951.171875,575605.0
2026-06-16,4976.794887323594,4978.765895199761,4923.5776746670645,4958.0703125,456693.0
2026-06-17,4974.823659934938,4974.823659934938,4899.531258628202,4943.681640625,354200.0
2026-06-18,4951.763152420674,4974.823848186307,4907.809580817711,4948.806640625,357138.0
2026-06-19,4937.079027197889,4945.652622313809,4860.702475769553,4902.783203125,461353.0
2026-06-22,4934.418103430539,4955.113685649841,4889.57767528872,4911.4560546875,569422.0
2026-06-23,4906.823913884409,4939.444189186999,4881.200812506423,4902.48779296875,332377.0
2026-06-24,4910.766004291754,4927.519570832585,4812.215612875102,4826.2099609375,554117.0
2026-06-25,4883.073416229894,4970.88191424676,4806.500048183916,4825.1259765625,1282928.0
2026-06-26,4825.1259765625,4825.1259765625,4825.1259765625,4825.1259765625,0.0
2026-06-29,4788.563559182342,4854.000923392374,4716.621772843525,4743.82177734375,3355142.0
2026-06-30,4745.694145197656,4769.838991331462,4603.781580166306,4724.80126953125,1121686.0
2026-07-01,4749.04492495991,4822.957721778694,4704.795893505018,4764.81298828125,820162.0
2026-07-02,4808.667892861511,4822.070842865256,4722.534943594995,4796.54638671875,775927.0
2026-07-03,4828.969136532293,4842.5688979457855,4756.534599484309,4782.25634765625,507590.0
2026-07-06,4792.407014807026,4877.061707033986,4754.071007771872,4872.7255859375,629194.0
2026-07-07,4893.027104331045,4951.171837292884,4872.725626751207,4922.986328125,676040.0
2026-07-08,4902.882152345592,4902.882152345592,4805.317261273791,4821.87353515625,888966.0
2026-07-09,4809.258901002858,4843.751536563329,4758.012699598729,4827.49072265625,534195.0
2026-07-10,4852.029779298036,4895.983349245646,4817.241684293683,4877.357421875,686707.0
2026-07-13,4846.314080256038,4894.9978767294215,4800.389502224484,4880.31396484375,508201.0
2026-07-14,4850.650209123271,4886.12834962072,4794.673779930752,4807.58349609375,680383.0
2026-07-15,4843.652871177866,4886.128184187026,4797.432835946439,4805.51416015625,596432.0
2026-07-16,4828.969054652409,4857.05591548049,4803.740058860958,4826.998046875,289732.0
2026-07-17,4828.969193399616,4853.606791325124,4800.290933173707,4838.7255859375,434144.0
2026-07-20,4836.853154253394,4912.736954758185,4828.969123032117,4905.54296875,352274.0
2026-07-21,4937.374747049832,4983.693432301597,4899.925597271809,4961.12548828125,554172.0
2026-07-22,4976.794740258093,5038.8814865227,4898.64447275864,4914.806640625,877166.0
2026-07-23,4914.806518189695,5122.944649855584,4907.907990998814,5098.7998046875,1603396.0
2026-07-24,5101.2001953125,5102.0,4982.0,5011.10009765625,694927.0
2026-07-27,5050.0,5125.5,5034.2001953125,5113.7998046875,564495.0
2026-07-28,5108.0,5172.7998046875,5096.60009765625,5154.2998046875,633759.0
2026-07-29,5185.0,5227.89990234375,5127.7001953125,5149.10009765625,682570.0
2026-07-30,5168.7998046875,5353.60009765625,5161.0,5325.0,1368741.0
2026-07-31,5375.0,5394.7001953125,5297.5,5386.0,769470.0
2026-08-03,5425.0,5460.5,5388.0,5460.0,602971.0
2026-08-04,5460.0,5606.0,5425.0,5548.0,1013842.0
2026-08-05,5578.0,5705.0,5555.0,5690.0,893125.0
2026-08-06,5680.0,5755.0,5550.5,5550.5,533656.0
2026-08-07,5541.0,5800.0,5541.0,5725.0,1914675.0
2026-08-10,5765.0,5933.0,5756.5,5860.0,990018.0
2026-08-11,5848.0,5937.0,5803.5,5865.5,801380.0
2026-08-12,5875.0,5916.0,5844.0,5895.0,996651.0
2026-08-13,5919.0,5934.0,5802.0,5850.0,528775.0
2026-08-14,5830.0,5849.0,5765.0,5790.0,508239.0
2026-08-17,5765.0,5811.5,5740.0,5745.0,377125.0
2026-08-18,5745.0,5778.0,5694.5,5745.5,485939.0
2026-08-19,5699.5,5767.5,5664.5,5709.5,348863.0
2026-08-20,5740.0,5740.5,5670.0,5740.5,298317.0
2026-08-21,5724.5,5735.0,5642.0,5735.0,463679.0
2026-08-24,5720.0,5728.0,5650.0,5685.0,281646.0
2026-08-25,5665.0,5682.0,5590.0,5624.5,432456.0
2026-08-26,5630.5,5720.0,5595.0,5595.0,451708.0
2026-08-27,5594.5,5610.0,5511.5,5550.0,533073.0
2026-08-28,5549.0,5654.0,5529.0,5600.0,408239.0
2026-08-31,5614.0,5614.0,5450.0,5450.0,485204.0
2026-09-01,5610.0,5659.0,5495.5,5555.0,1231011.0
2026-09-02,5477.0,5485.0,5167.0,5300.0,1746768.0
2026-09-03,5315.0,5315.0,5271.0,5308.5,524520.0
2026-09-04,5319.0,5322.5,5260.0,5300.0,607423.0
2026-09-07,5300.0,5347.5,5270.0,5270.0,354258.0
2026-09-08,5305.0,5339.5,5285.0,5333.5,393029.0
2026-09-09,5266.5,5297.0,5205.5,5218.0,532099.0
2026-09-10,5235.0,5280.0,5169.0,5280.0,501164.0
2026-09-11,5218.0,5243.0,5186.0,5221.5,251663.0
2026-09-14,5221.5,5221.5,5221.5,5221.5,0.0
2026-09-15,5287.5,5327.5,5166.0,5166.0,666103.0
2026-09-16,5200.0,5315.0,5186.5,5235.0,525693.0
2026-09-17,5253.5,5341.0,5243.5,5325.0,536484.0
2026-09-18,5325.0,5362.5,5285.5,5285.5,688654.0
2026-09-21,5308.0,5425.0,5308.0,5419.0,355000.0
2026-09-22,5424.0,5443.0,5368.0,5373.0,542248.0
2026-09-23,5395.0,5448.5,5365.0,5394.0,304703.0
