Date,Open,High,Low,Close,Volume
2021-09-23,151.37117027823322,154.46093239952475,151.37117027823322,153.12112426757812,4833658.0
2021-09-24,153.23049039728966,154.433579036435,149.8946383546702,150.27743530273438,3539590.0
2021-09-27,151.09771552628573,152.4648724132135,149.07433534962323,151.8906707763672,3441163.0
2021-09-28,151.48052831059326,160.3396680844215,151.48052831059326,159.46469116210938,15925833.0
2021-09-29,159.9021820365328,164.55050542974274,158.0428576859116,163.83958435058594,17890582.0
2021-09-30,163.23802749633788,165.58953173887448,161.3240179458191,164.05831909179688,7993638.0
2021-10-01,163.83957612231256,167.33948355163048,162.41773403540606,163.48411560058594,6220234.0
2021-10-04,163.56614587967985,166.02702076763887,163.51146060550232,165.58953857421875,4617247.0
2021-10-05,165.671572602875,172.75343504612152,164.79659563401674,171.96047973632812,15918579.0
2021-10-06,171.68703921227507,173.87447519602884,169.28084961682043,170.40191650390625,7275597.0
2021-10-07,171.71438195738403,177.01894132547332,171.38627030265283,174.7221221923828,9860400.0
2021-10-08,176.63612097728958,178.6868499844433,172.808101841707,173.92916870117188,5578962.0
2021-10-11,175.81582106942489,178.19467411534737,173.92916048528878,174.47601318359375,4285191.0
2021-10-12,176.0345815099948,179.91728588555162,174.36664942367204,179.2610626220703,9469552.0
2021-10-13,180.90165697277564,180.90165697277564,176.854884015072,178.16734313964844,6504114.0
2021-10-14,176.0892660875098,183.635946237691,175.9525466498288,181.2024078369141,6229890.0
2021-10-18,182.84299257534605,185.768698446641,180.73757830379088,181.3938140869141,5493433.0
2021-10-19,183.471907547568,184.2375139400609,176.11661890361657,176.85488891601562,8242282.0
2021-10-20,178.00328275547466,179.67121490197044,172.5346677459139,173.51902770996094,8428744.0
2021-10-21,175.24164114114885,180.4641664138307,174.91352948160488,176.52676391601562,9782943.0
2021-10-22,177.72985728222991,180.13604689724002,176.2533298453692,179.2884063720703,6206494.0
2021-10-25,181.2844417033258,181.2844417033258,175.70645637835372,176.66346740722656,5090094.0
2021-10-26,176.66348702042765,183.69065159928604,174.12057779805596,181.77664184570312,8590482.0
2021-10-27,182.1321079537981,185.71403756192967,181.25711845029488,182.5969390869141,5786244.0
2021-10-28,183.1984596111261,183.4445496031217,172.28859096033904,173.38230895996094,6752701.0
2021-10-29,173.35495992009976,174.99554317649392,167.55823324861743,169.7456817626953,6117633.0
2021-11-01,172.2886039300922,172.2886039300922,168.70666187877993,170.59332275390625,5097780.0
2021-11-02,171.1675326248068,172.20656540223885,165.316120381737,165.94500732421875,6215608.0
2021-11-03,166.5738843590936,173.35495842249986,165.8082780116132,171.82374572753906,11383116.0
2021-11-04,174.44870878449282,176.60880863039654,172.2612600403327,176.03460693359375,1480930.0
2021-11-08,178.5228134125759,189.7608070799415,176.36271362772868,189.1045837402344,21544762.0
2021-11-09,189.8701685712168,190.6904602233437,186.9444625130744,188.4209899902344,5967880.0
2021-11-10,188.0928687250216,191.2646646200636,187.16320656900183,189.24127197265625,4990221.0
2021-11-11,188.1202184261192,190.19829649360304,185.7140286979757,187.2999267578125,4163100.0
2021-11-12,188.22959042781568,191.12796018590484,188.0928834931512,189.76080322265625,5107333.0
2021-11-15,191.40137845167072,194.02632171240973,190.4170309872221,192.1396484375,7384495.0
2021-11-16,192.82323013162969,192.82323013162969,183.8547069266708,184.5656280517578,6042552.0
2021-11-17,184.811715096263,184.811715096263,177.92125758280363,178.27671813964844,5446368.0
2021-11-18,178.82357523887464,180.30010267537105,175.81583509168988,177.01893615722656,4781655.0
2021-11-22,177.0189337425205,178.63216808416223,171.79640877015976,173.32762145996094,4814799.0
2021-11-23,171.71437456444238,175.2416310258994,171.60500401757412,174.2299346923828,3950010.0
2021-11-24,174.94085191476648,181.1203878101201,174.72211082584252,177.2376708984375,6129450.0
2021-11-25,177.7571938571506,178.35874439073115,171.96046716837918,172.86279296875,6165405.0
2021-11-26,172.8627918129053,172.8627918129053,164.46847084433844,165.26141357421875,5677950.0
2021-11-29,164.0583170386759,165.07001333152274,159.71076913381975,162.11695861816406,5018829.0
2021-11-30,162.0075947893434,173.02684637485982,160.28497738238892,161.3787078857422,9013564.0
2021-12-01,161.4333876576134,164.44111514768989,158.9451639897727,162.827880859375,3856671.0
2021-12-02,162.85523653414393,166.21842468822695,159.98421584529757,164.35910034179688,5694348.0
2021-12-03,165.6989120406721,166.62857423471894,162.69117184131215,163.238037109375,3964327.0
2021-12-06,163.4020891718126,165.53485240315092,160.8318437494245,162.991943359375,2514339.0
2021-12-07,163.78490570434863,168.87071149567092,163.34741097768023,166.2731170654297,4767390.0
2021-12-08,166.13640196603663,167.8316704798064,164.22237984135762,165.0153350830078,3460876.0
2021-12-09,165.86297456862047,167.96838903825514,164.33176176949385,167.03872680664062,6068997.0
2021-12-10,165.78095211801556,169.19882574437034,165.78095211801556,168.0777587890625,2463430.0
2021-12-13,169.52694046718338,170.6753437386478,163.37475326293062,163.83958435058594,4572826.0
2021-12-14,164.1676959474413,166.21842501493376,162.77320268487782,164.7418975830078,5185479.0
2021-12-15,164.9606560364979,168.26915902025618,163.81224021500793,164.33175659179688,6506979.0
2021-12-16,165.15204645293656,166.2457769869452,162.28102570531382,162.85523986816406,2777901.0
2021-12-17,162.8552227021663,163.32005374929375,156.73037241061962,157.14051818847656,4096492.0
2021-12-20,155.69135632488096,156.07415325045883,150.25009009589567,151.42584228515625,6207490.0
2021-12-21,151.53520877362195,155.03511635172347,151.48052350000518,153.96873474121094,2739589.0
2021-12-22,154.81638317999156,158.64440259569284,153.44922623629398,157.57803344726562,5725254.0
2021-12-23,159.13656752879598,162.74584549701336,158.89047754990472,161.2146453857422,5706339.0
2021-12-24,161.26932216656868,161.870860118498,158.64437921880014,159.4920196533203,2248639.0
2021-12-27,159.13658211985285,159.49204267380838,156.4022807573666,158.99986267089844,1362517.0
2021-12-28,159.2459472342129,161.54276630826212,158.99985724116178,160.91387939453125,1460920.0
2021-12-29,161.05057913073654,162.11696070856956,158.7537726759041,159.9021759033203,2696715.0
2021-12-30,159.68344369197504,160.50373533334366,157.35927569699257,157.85145568847656,1979664.0
2021-12-31,158.94516998375408,161.1326184817467,157.27725036090197,159.8748321533203,1815294.0
2022-01-03,160.1755888647425,162.71849760558598,159.8748136358982,162.363037109375,1524540.0
2022-01-04,163.48412902219945,164.605195950708,161.3240293371833,162.90992736816406,3415416.0
2022-01-05,163.48414183010158,172.5073507242033,162.96462541114713,171.8784637451172,11267937.0
2022-01-06,172.78078006973936,173.35498177854743,168.70667031042643,171.7964324951172,6556890.0
2022-01-07,172.0971873353604,177.72985822499757,172.0971873353604,174.99554443359375,7223049.0
2022-01-10,174.9955423687121,179.28840520756947,174.4486896302096,178.57748413085938,3889624.0
2022-01-11,178.2767045249319,179.06965975143564,173.73776432260982,174.3119659423828,4569924.0
2022-01-12,175.43304175998807,178.19469197145693,173.16357154296884,174.5307159423828,4749156.0
2022-01-13,175.43304404426402,176.88222263384142,173.98386545468662,175.9525604248047,3579709.0
2022-01-14,175.8158362392556,178.49546475877884,174.72211823162093,177.7298583984375,5679802.0
2022-01-17,179.01498222276555,180.68290188171707,177.94860058753943,179.3430938720703,5838015.0
2022-01-18,179.42513549462942,180.7102582827659,176.6361362930775,177.10096740722656,4403488.0
2022-01-19,175.29632684178208,179.9173015664873,174.0112040638066,177.37440490722656,3850218.0
2022-01-20,176.63613519871265,181.6672557657772,176.19865298418054,177.7572021484375,4637305.0
2022-01-21,176.99158929305034,178.08531982275537,169.14413344820372,169.8003692626953,4298454.0
2022-01-24,169.30818761335706,171.5229850301422,164.46847199764525,165.9723358154297,3988360.0
2022-01-25,164.38645165770177,171.41361638592286,164.22239582104896,170.2652130126953,6066979.0
2022-01-27,168.9800716905696,171.05814961071863,167.09339848389695,168.59727478027344,5430097.0
2022-01-28,169.60896562247808,176.41738877244873,169.52694396805504,171.41360473632812,6363381.0
2022-01-31,173.27294991690394,176.28067774474005,171.2222207085349,171.76907348632812,4224096.0
2022-02-01,169.52694217785128,169.52694217785128,158.58971202659825,159.41000366210938,18025339.0
2022-02-02,160.25763143107085,161.05057410781205,158.5896993972513,158.94515991210938,5586453.0
2022-02-03,159.13657034700032,159.38266033024965,155.25385343718503,155.60931396484375,5771946.0
2022-02-04,156.40226939951103,156.53897632188043,153.28515881297844,153.72264099121094,5787009.0
2022-02-07,154.02341467634758,156.53897472550037,152.32814621967194,155.88275146484375,5484352.0
2022-02-08,156.4843005451643,157.46864802257474,153.9687403177122,157.05850219726562,6645834.0
2022-02-09,157.93348590745595,162.39039203182443,157.05849649634345,161.76150512695312,6927784.0
2022-02-10,162.2263352700298,164.52315429840002,161.4333925489205,163.78489685058594,4981834.0
2022-02-11,161.87087334343892,166.24577026938093,161.6247958740546,164.9606475830078,5854885.0
2022-02-14,160.77715835960572,163.4020890539822,157.57802603156202,158.4530029296875,2885365.0
2022-02-15,159.1365828925583,162.0076037179395,154.5156081853562,161.5974578857422,3352287.0
2022-02-16,162.25369374027906,167.8863648386934,160.7771662408581,166.6012420654297,5684815.0
2022-02-17,167.5035424987266,167.5035424987266,163.10130923575952,164.7692413330078,3892938.0
2022-02-18,164.76923375547176,167.1480742834149,162.74584122290116,163.37474060058594,3601977.0
2022-02-21,161.3240349348754,165.1520544390423,159.19127155541787,160.09359741210938,2693274.0
2022-02-22,155.8554147936634,159.7107830773331,146.01191491195837,159.13658142089844,4817394.0
2022-02-23,159.13657804424105,161.2966776924488,157.49599476543443,158.3709716796875,3165232.0
2022-02-24,154.16014271903458,156.4842981885662,148.17201125636913,148.8282470703125,8020863.0
2022-02-25,152.02735897210388,152.49219000338925,144.5080283121004,146.4493865966797,8465395.0
2022-02-28,144.6447662863191,150.16806709718057,143.8518234803,149.4298095703125,5540665.0
2022-03-02,147.652480511158,153.9413866310741,145.02755002762413,145.90252685546875,8259096.0
2022-03-03,147.65247954765962,155.30852987050488,146.64078329446562,152.60157775878906,18683166.0
2022-03-04,154.10546751573418,157.03117371564315,150.250099067255,155.6640167236328,13900755.0
2022-03-07,154.59760932554514,154.59760932554514,148.80088316753572,151.0977020263672,7171623.0
2022-03-08,151.15241539048478,152.2461460122626,144.12525059302507,147.92593383789062,13078812.0
2022-03-09,148.74620677433813,150.11336362069815,146.28533196088406,147.16030883789062,8320303.0
2022-03-10,150.41414667794098,158.04286149858305,150.41414667794098,152.65628051757812,16704669.0
2022-03-11,152.90236227550628,161.81620009138737,152.24613895285736,160.94122314453125,13948977.0
2022-03-14,161.3240197521422,161.3240197521422,151.75394685908043,152.68360900878906,13325281.0
2022-03-15,154.24218037219953,154.87106730462725,147.78921766992457,149.59385681152344,12053587.0
2022-03-16,151.48052306753084,152.71096049538085,148.41809768710678,152.21878051757812,7346892.0
2022-03-17,153.12110452690914,154.8983946687312,151.37115076317167,153.91404724121094,8709237.0
2022-03-21,151.6445803155435,152.9297030289527,149.4297954278941,151.04302978515625,11472684.0
2022-03-22,150.19541242696093,156.34760006023362,150.19541242696093,153.20314025878906,12790992.0
2022-03-23,154.76170337256545,157.71474595331938,153.88672640234304,155.6640167236328,9883227.0
2022-03-24,153.77733212102214,154.1054562838516,149.07433594259842,150.3867950439453,9849969.0
2022-03-25,152.2461223687327,152.27345874586987,148.08997919472912,148.4180908203125,7122979.0
2022-03-28,149.26572421673083,150.38679108663896,145.35567087777562,145.6017608642578,8935230.0
2022-03-29,147.54312053111747,148.08998578140245,145.76581785518377,146.31268310546875,4862826.0
2022-03-30,148.1993425195166,149.64852090358804,143.4416490803128,144.61740112304688,16343247.0
2022-03-31,146.12127545919023,149.37510548396216,145.05489387502155,147.29702758789062,7539246.0
2022-04-01,147.62512643959957,151.72658408770215,147.32436372650673,151.50784301757812,6241929.0
2022-04-04,151.781291663904,153.9687275395753,150.9336511875056,152.95703125,4426702.0
2022-04-05,153.6679806407147,155.30856410846843,151.6172513060225,154.26953125,5759011.0
2022-04-06,153.66794716064027,159.79279744803353,153.25780138306146,159.02719116210938,6962419.0
2022-04-07,159.65607459763078,161.07791660056384,155.88274103470417,156.37490844726562,7751625.0
2022-04-08,158.39831781399104,162.6911681398134,157.63271146278475,162.08963012695312,8715123.0
2022-04-11,163.18333491781536,167.7222748672387,161.54275180035518,164.93328857421875,7524382.0
2022-04-12,164.49582226578497,164.49582226578497,156.7577369818425,157.98817443847656,5833906.0
2022-04-13,158.75376978209323,160.9958909241147,157.495983517066,159.9842071533203,2802085.0
2022-04-18,158.58969055775052,159.51935261659054,154.21480659948705,154.95306396484375,4030407.0
2022-04-19,156.4022665872034,162.964599275944,155.9647719001811,160.23028564453125,11036149.0
2022-04-20,161.32402638589966,165.78094512217905,160.0115547578374,163.89427185058594,7423839.0
2022-04-21,164.9606597965716,166.30046785496813,162.22634588624717,164.57785034179688,5202382.0
2022-04-22,164.5778421817695,165.80827962541125,162.6911689315208,163.320068359375,3427597.0
2022-04-25,162.69115166051176,162.69115166051176,157.5506613350003,159.4920196533203,5720188.0
2022-04-26,160.23030505170567,161.13263091236018,158.04286890161964,159.95687866210938,3335395.0
2022-04-27,157.90614386756636,160.1209288366631,153.72265141298348,154.13279724121094,4318218.0
2022-04-28,155.19917301913813,155.3085435669683,152.1914454038383,154.29685974121094,5927101.0
2022-04-29,155.28121816311713,156.51165568815503,147.65250300455045,147.81655883789062,7115863.0
2022-05-02,147.65249419855147,149.4297969120493,146.17596675323455,148.9649658203125,4683937.0
2022-05-04,148.96496428748668,151.3711538915179,147.89858267036087,148.7735595703125,3205818.0
2022-05-05,150.33212368248047,151.86333653964292,147.13299102792692,147.92593383789062,3895654.0
2022-05-06,146.8322035469104,147.57046101618172,144.61741862243926,146.9415740966797,2549289.0
2022-05-09,146.9142463090042,148.03530076802653,142.7307536940667,146.77752685546875,4567230.0
2022-05-10,147.65250744077522,150.14073146282877,146.64081099646108,147.92593383789062,5354988.0
2022-05-11,149.81260214284336,149.81260214284336,143.05886397362107,144.316650390625,4438941.0
2022-05-12,143.27761426801527,146.06660090825525,141.0901656668527,143.55104064941406,4457722.0
2022-05-13,144.91819306780488,146.06659635050332,140.10581380540347,141.1721954345703,3480811.0
2022-05-16,142.26591217454973,142.26591217454973,138.57459984879262,139.0941162109375,2635593.0
2022-05-17,140.10580289779344,140.9260944691896,137.3168040450529,139.91439819335938,7191000.0
2022-05-18,137.80897981452915,139.44956290755928,130.31698535857907,133.24269104003906,12287911.0
2022-05-19,131.90289967821124,133.70753880289433,129.60608055740676,130.69979858398438,7930873.0
2022-05-20,133.16067879104702,134.74657687638808,130.72715264370822,133.40676879882812,9490221.0
2022-05-23,133.40675778535405,134.71922937406296,128.75843446838806,129.87950134277344,7662762.0
2022-05-24,131.19198456462232,133.37943323421848,130.2076370441343,132.36773681640625,6859215.0
2022-05-25,132.88725853210312,133.2153702131734,127.19990177694372,127.82878875732422,5339415.0
2022-05-26,128.48501211428916,129.19593320398175,123.4812406240022,128.23892211914062,8213086.0
2022-05-27,128.78579160152557,128.78579160152557,124.35622161042907,125.69602966308594,7390122.0
2022-05-30,126.35226692744648,127.63738971798811,125.01244634298952,126.7897491455078,8166267.0
2022-05-31,126.5983390066502,127.14520427251448,123.72731826501278,124.57495880126952,12859684.0
2022-06-01,125.77804463656024,128.94984057975617,124.82104608788786,125.53196716308594,9236527.0
2022-06-02,126.8717823591766,127.2545792970821,125.03979429327062,126.95380401611328,7759270.0
2022-06-03,127.30925973256016,128.23892192020614,126.18819282491148,127.36394500732422,4933131.0
2022-06-06,127.30927342291348,127.30927342291348,123.0984442299796,124.5202865600586,6324724.0
2022-06-07,124.46558493276969,127.00848144042378,123.80934913456136,126.07881927490234,4612384.0
2022-06-08,126.4069407469303,128.5123550221557,125.80539023496404,127.03582763671876,5238553.0
2022-06-09,126.76240003721546,133.9262707719192,125.77804011210004,130.48104858398438,13659256.0
2022-06-10,129.05919678482104,131.10992561358754,128.2389052533144,129.93417358398438,4169347.0
2022-06-13,127.80143261875187,128.23891479254857,123.59060411267689,124.05543518066406,4277716.0
2022-06-14,124.11013189857115,125.06713050033976,116.53610215795788,117.02828216552734,15084033.0
2022-06-15,117.62980994900988,118.0946410193189,115.00487934314904,117.49310302734376,9391041.0
2022-06-16,119.2156985504368,120.11802424284386,115.63375718965312,115.90719604492188,6372418.0
2022-06-17,114.977549296588,117.02827840106546,114.129908758964,114.5127182006836,12099436.0
2022-06-20,115.9345397956524,117.87589821494532,112.9268123296027,115.0322265625,8808268.0
2022-06-21,114.8408254753018,120.03600150315611,114.8408254753018,119.43446350097656,5265469.0
2022-06-22,120.2000863447268,123.23516321716896,117.137660573738,122.79766845703124,12630306.0
2022-06-23,123.2077954717793,124.27417705212554,120.63755013452824,123.4265365600586,10109100.0
2022-06-24,123.34452789493592,123.94607846768652,119.78993476957454,120.2274169921875,7090887.0
2022-06-27,121.32113770287214,123.59062059031712,119.87195903397524,122.90703582763672,4016829.0
2022-06-28,121.75860688902948,125.77803037776908,120.50082070242372,121.59455108642578,8989018.0
2022-06-29,121.12972011316111,122.8796737084318,119.87193392594162,122.49686431884766,4839736.0
2022-06-30,121.95000901786734,122.824985796666,118.17666305409776,118.77821350097656,10057864.0
2022-07-01,119.21570751101396,125.23118754588992,118.23136010136442,124.93041229248048,12294897.0
2022-07-04,123.28982860457674,124.68432180565075,122.16876176155948,124.08277130126952,3629557.0
2022-07-05,124.57494297987336,125.23117871223512,122.03203421071738,123.72730255126952,6522736.0
2022-07-06,124.68432118744116,129.44201489397742,124.68432118744116,127.88345336914062,14709478.0
2022-07-07,130.15293141223788,134.4731302811695,128.758425749913,133.81689453125,13166997.0
2022-07-08,133.48880869854915,134.41847097523006,131.10995521018725,131.9575958251953,6363082.0
2022-07-11,131.79352963068038,133.92628041648683,128.81313829646174,132.9145965576172,5926287.0
2022-07-12,132.88724195040191,133.32473665389654,127.41862699833104,127.96549224853516,8388492.0
2022-07-13,129.63343037702305,132.88724810051744,126.37960013687132,126.89911651611328,9092482.0
2022-07-14,126.92644565180528,130.72712805910277,126.8444114924197,130.07089233398438,7985319.0
2022-07-15,130.48105045508152,132.14898255952846,128.84046724523836,131.0552520751953,6890718.0
2022-07-18,131.41070642986287,132.5044368627995,130.3169885135822,131.73883056640625,3022740.0
2022-07-19,131.1646215785829,132.3403737040764,130.34432998017613,131.71148681640625,2934315.0
2022-07-20,133.13334145900924,133.95363313464495,126.3249180479012,128.1569061279297,9731476.0
2022-07-21,128.43030994844074,130.69977984783424,127.41861372180782,129.93417358398438,4037872.0
2022-07-22,130.67246643210206,130.69980281240584,127.52800666439336,128.1569061279297,3123231.0
2022-07-25,128.45768857593703,128.45768857593703,125.55931865259416,126.43429565429688,3964276.0
2022-07-26,126.7077055887025,126.84442503005154,123.09842749032964,125.72335815429688,4931847.0
2022-07-27,126.21553347989568,127.69206083543544,125.25852245902324,127.50065612792967,2957772.0
2022-07-28,127.91080887816578,129.05921215235728,126.2975619985582,127.63738250732422,4870542.0
2022-07-29,128.56706125334463,132.53180046644147,127.85614008088284,131.8755645751953,9223986.0
2022-08-01,132.23102222520197,132.34039278520464,129.41468649682943,131.9575958251953,4478349.0
2022-08-02,131.7935185814876,136.16840285438985,131.6294502514706,134.44578552246094,10210140.0
2022-08-03,135.457469284158,136.11370499355948,132.34035905199227,133.46142578125,7627753.0
2022-08-04,134.47313252175385,135.59419933890888,132.66849356689832,133.87158203125,5138175.0
2022-08-05,135.34812955059002,137.69963407631627,132.4497597231471,137.09808349609375,10041072.0
2022-08-08,132.91459081768787,133.98095990621118,128.51235747193758,130.72714233398438,23981202.0
2022-08-10,131.43805788834075,132.4497416610657,130.42636159895957,131.2740020751953,7867899.0
2022-08-11,131.79351049293834,132.5591167582908,131.13727476311405,131.30133056640625,4176942.0
2022-08-12,131.7935185814876,135.04733602144006,131.52007970923006,134.44578552246094,6468919.0
2022-08-16,137.26213006043892,139.99644386767892,134.58251404466822,139.66831970214844,10912749.0
2022-08-17,140.95343609562906,145.0548941053627,139.72299869270893,144.50804138183594,11612857.0
2022-08-18,145.41034252124703,145.79315191248418,142.40261524242484,143.90647888183594,10155850.0
2022-08-19,144.5900723216878,144.86351121767566,142.89480373652367,144.207275390625,8187570.0
2022-08-22,143.6875047338694,145.4778224186027,141.86830477463175,142.44583129882812,8059681.0
2022-08-23,141.29078884020427,142.35919504520672,139.29833492630624,140.02023315429688,6158176.0
2022-08-24,138.6919264515813,139.6159608560604,135.9198100197132,137.3925018310547,8698671.0
2022-08-25,137.42138537914911,140.4533764801932,137.42138537914911,139.24058532714844,5040508.0
2022-08-26,139.78922443408047,140.33786866021222,138.92294129420262,139.4427032470703,4202298.0
2022-08-29,136.41068949154678,139.44267997510212,135.91979667543788,138.48977661132812,3857488.0
2022-08-30,138.865199842936,141.05977690355294,137.7390290373092,140.655517578125,6854526.0
2022-09-01,140.62663688712342,142.79234491525384,140.1068748914318,142.0126953125,8217954.0
2022-09-02,142.61909900285036,143.34099731367948,137.24814543225335,137.65240478515625,7568620.0
2022-09-05,137.65238587315648,138.89405925698708,137.42138056037825,137.82565307617188,2567584.0
2022-09-06,138.74968182117271,140.19347818490016,137.7678960639401,137.9989013671875,4189113.0
2022-09-07,138.14329461264782,141.43517357093782,137.91228927338065,140.77102661132812,5158473.0
2022-09-08,142.27257360469858,147.26813627093472,142.15707094655153,144.75592041015625,11332659.0
2022-09-09,145.79546441525153,145.88208480372353,141.60842015893925,141.9838104248047,2230506.0
2022-09-12,141.98381237364322,145.73771508382313,141.20416277453117,144.3805389404297,5403568.0
2022-09-13,145.50668473440413,146.25746521555155,141.4929079623275,141.810546875,5263969.0
2022-09-14,140.8865132168906,141.29078573294566,139.38495224599757,140.2223663330078,3153294.0
2022-09-15,140.94427087010573,140.94427087010573,137.19038149284623,137.6812744140625,5375470.0
2022-09-16,138.2587874419927,138.2587874419927,131.58839702645477,132.13705444335938,11474275.0
2022-09-19,133.46535479029183,136.555097106132,133.11884682191845,134.90916442871094,5301673.0
2022-09-20,135.28455786637468,136.69948526497393,134.41827470654397,134.9669189453125,2775472.0
2022-09-21,135.6599594341216,137.103756008665,133.52312041177902,134.10064697265625,4102788.0
2022-09-22,133.98514923074907,134.50491125806022,131.8194410708686,133.11886596679688,4205958.0
2022-09-23,133.7829826906809,134.15837290139868,130.5777379825757,131.01087951660156,4047730.0
2022-09-26,130.75098965280046,133.98511657489192,126.44844344065552,126.99710083007812,6163803.0
2022-09-27,128.06551178978182,129.33606736556897,126.59283318747202,128.1521453857422,4879449.0
2022-09-28,127.0548595437989,128.20989927527023,125.7843039425924,126.47733306884766,3985905.0
2022-09-29,127.11261035450065,127.54575190435158,123.7918496600228,125.00465393066406,6215614.0
2022-09-30,125.63993356166604,125.7554362141872,123.38759218220916,124.91802215576172,5702887.0
2022-10-03,125.55330831805712,128.0655242236475,124.19613223297247,124.7736587524414,4434508.0
2022-10-04,126.99712218180372,127.89227443704972,126.01532310090596,126.3329620361328,3795037.0
2022-10-06,126.96824418180246,128.84519558114604,125.5821857302206,127.97891235351562,6451819.0
2022-10-07,127.05486710234868,127.05486710234868,124.54263802252363,126.21745300292967,5737368.0
2022-10-10,124.16724839969106,124.9180289000444,123.35871656995914,124.1094970703125,3370389.0
2022-10-11,124.16726059815628,124.68703583205922,121.2796541902472,121.39515686035156,5545425.0
2022-10-12,121.366269474948,124.54263207846664,120.35560143650228,121.59727478027344,10589019.0
2022-10-13,122.46356635272218,122.81007433464502,118.73854606410669,119.74921417236328,6399058.0
2022-10-14,121.68389918878589,121.79941506370392,118.13214623732031,118.36315155029295,2677647.0
2022-10-17,118.68079187346665,118.76742547607552,115.99530881377456,116.80384063720705,6140814.0
2022-10-18,117.46799053554751,117.81449847899582,115.85092702926076,116.6017074584961,3915964.0
2022-10-19,117.20811954923109,117.87226647734047,116.34183634963354,116.91934967041016,2959792.0
2022-10-20,116.4284478866429,118.94067690553403,115.53329569828,118.73854064941406,3070246.0
2022-10-21,119.48930970503832,120.00908482296352,117.95887983999128,119.08503723144533,2746161.0
2022-10-24,120.84649554750877,120.84649554750877,119.37381688344765,119.778076171875,461056.0
2022-10-25,119.54708267303434,121.56840575169986,118.24765786137093,121.16414642333984,4127676.0
2022-10-27,121.2796516648709,122.11705261490722,120.15348082715336,121.62615966796876,3068619.0
2022-10-28,121.79940175868164,122.78118744999962,120.81760284893332,122.37691497802734,2434869.0
2022-10-31,123.01220464101942,123.84960549931698,122.00153658172164,123.50309753417967,2192442.0
2022-11-01,123.47422297219045,123.73409732523618,121.3951356188076,122.49242401123048,2448070.0
2022-11-02,122.49241957659396,124.34050156328225,122.26141428516937,123.99398040771484,2408175.0
2022-11-03,123.96512727906244,126.2463378709825,121.59728308251462,121.88603973388672,5486374.0
2022-11-04,119.20056737437932,120.93313368378352,116.08194273007906,117.58350372314452,11812473.0
2022-11-07,118.68079511302936,121.45289863256694,117.9588968725005,121.22189331054688,6315400.0
2022-11-09,122.4058105064996,122.4058105064996,117.95889214372168,118.10326385498048,4372315.0
2022-11-10,118.33427251348336,119.22942463495907,118.01663362572404,118.85403442382812,2417076.0
2022-11-11,119.46043919632686,120.09571702113112,118.73854098896037,119.95133209228516,2413882.0
2022-11-14,119.9802215193354,121.4817825698838,119.6625825879938,120.18235778808594,3239206.0
2022-11-15,120.67325856298262,121.56841086550811,119.54708770181507,121.39515686035156,2248626.0
2022-11-16,121.56838514536533,121.56838514536533,120.12458885609044,120.67323303222656,5421211.0
2022-11-17,120.78875047102628,121.7416672421341,119.77808237001184,121.33739471435548,2779476.0
2022-11-18,121.85715878269802,122.31916937979352,119.57594841346167,120.75985717773438,2705637.0
2022-11-21,121.36627542044212,124.9469107021198,120.990885171683,124.34051513671876,6876124.0
2022-11-22,123.84961940558706,124.31164329607934,121.56840866621198,122.66571044921876,4476531.0
2022-11-23,123.21433716210775,124.51376181963616,122.49242576230456,123.84960174560548,3439513.0
2022-11-24,124.860276893332,128.12327325003204,124.5715202480056,127.92115020751952,6908919.0
2022-11-25,128.18102966052743,131.90605001585115,126.5928482206247,130.5488739013672,6084678.0
2022-11-28,131.67504652491155,138.31655547068945,131.67504652491155,137.73902893066406,16911787.0
2022-11-29,138.02778559146046,138.43205813500802,136.06421386117978,137.73902893066406,4872988.0
2022-11-30,137.7390175483739,139.47158380684402,135.63106105267318,138.0855255126953,6961306.0
2022-12-01,138.0855295352881,138.60530471534338,135.74656766190304,136.5550994873047,3620271.0
2022-12-02,136.55508978865964,137.82564537480778,135.2845474209425,136.1219482421875,6310473.0
2022-12-05,136.00645733278347,136.381847586693,132.4835733319317,132.88783264160156,3903663.0
2022-12-06,133.40762194380693,133.81188129624647,128.9607029748045,129.3938446044922,6235984.0
2022-12-07,131.38627664740255,134.8514091021171,130.37560860863374,134.30276489257812,10704454.0
2022-12-08,135.45781591501668,137.16150001181694,133.55199554994834,135.8332061767578,6315195.0
2022-12-09,138.6053009033203,141.40628655065666,135.77544620145926,138.6053009033203,10454263.0
2022-12-12,138.5764323076913,146.11310686291532,137.45027470144666,145.4778289794922,15173061.0
2022-12-13,145.39118486680067,145.99759364904008,141.49291067576837,142.0993194580078,6903222.0
2022-12-14,142.82122805793406,143.05223339075496,139.90473946655538,140.1646270751953,7269261.0
2022-12-15,140.4533742051263,143.74525284805296,140.19348661413147,142.38807678222656,6735624.0
2022-12-16,142.59020790238526,143.8318812648707,139.21169577813956,140.453369140625,5686497.0
2022-12-19,141.43516454469835,141.63730081287363,138.2876707335366,140.6266326904297,5578116.0
2022-12-20,140.10687548062566,140.7710224204632,138.25880638464037,139.3849639892578,2778513.0
2022-12-21,139.00956987220624,139.96248666962217,133.46536273751127,133.98513793945312,6025281.0
2022-12-22,135.42893081482293,135.42893081482293,130.37561674257267,132.88783264160156,4272900.0
2022-12-23,132.59906731318137,132.59906731318137,129.68257907693567,131.3862762451172,4616977.0
2022-12-26,130.80875539926697,134.41827292349222,129.6537156076249,133.349853515625,2985336.0
2022-12-27,133.95625809692118,134.53378464085105,131.87718368826594,133.49424743652344,3946639.0
2022-12-28,133.6386107338375,134.44714255699478,131.90604442970502,133.37872314453125,3091666.0
2022-12-29,133.34985259386272,134.93803394869647,131.9637942787277,134.6781463623047,3053521.0
2022-12-30,135.08240787658715,136.5262174023904,134.50488142257973,135.80430603027344,3626511.0
2023-01-02,136.26633410609634,137.7678950024979,135.14016343379518,136.93048095703125,2686105.0
2023-01-03,136.29522217003267,137.88341688522164,135.68882655988455,137.27700805664062,2534371.0
2023-01-04,138.0277777957328,140.91539711433612,137.0171229308103,139.18283081054688,7819117.0
2023-01-05,140.74212500009943,143.7163645990911,139.44270031758168,142.0415496826172,8444502.0
2023-01-06,141.9549401847893,144.9580490682466,141.1464083280061,144.32278442382812,5949651.0
2023-01-09,144.3227784557182,144.78478908709906,141.2907874227698,141.5795440673828,4839738.0
2023-01-10,142.3014391960577,144.38052664739058,140.3378676184918,143.9185028076172,6141445.0
2023-01-11,144.35165558040126,150.73327692132898,143.19661571894906,148.1055450439453,17905368.0
2023-01-12,148.82746142547606,148.91408181733925,143.16773815923509,144.207275390625,7784146.0
2023-01-13,143.51424824640233,146.05534640287112,142.1859412293798,145.07354736328125,6520690.0
2023-01-16,145.42006538618003,145.42006538618003,142.4458257136003,142.87896728515625,3636102.0
2023-01-17,143.60088425943806,144.2072798951544,139.78924321913507,140.54002380371094,6607452.0
2023-01-18,139.8469767701152,141.63729439087092,139.55822012755195,140.51112365722656,2664922.0
2023-01-19,140.54001391156754,143.51425376337892,139.8469847116288,141.9838104248047,4791037.0
2023-01-20,141.7816899810815,143.2254865208799,140.48226516420326,142.0126953125,9128767.0
2023-01-23,143.19659918725975,145.07353709312767,141.23302768395067,144.6115264892578,4969476.0
2023-01-24,144.66928328572922,145.93982571285076,143.08110194721937,143.9185028076172,4747996.0
2023-01-25,143.36985140443295,144.322768090868,142.15706036572553,143.2543487548828,3690420.0
2023-01-27,143.6586237016986,144.32278383671925,131.81942899153145,135.3134307861328,9358624.0
2023-01-30,136.06419859525187,136.7860967754647,133.40759795868857,135.34230041503906,6202143.0
2023-01-31,136.7572240472157,138.77854682855795,135.77543831860854,137.3925018310547,7010272.0
2023-02-01,136.87275034516975,138.95182480987506,132.88784219964603,135.9775848388672,7549489.0
2023-02-02,136.29520428770127,136.29520428770127,130.808749021847,132.97445678710938,6896490.0
2023-02-03,133.9273619556571,134.24498761123056,128.26763998132463,131.4440155029297,7097305.0
2023-02-06,132.19482650572445,134.4760372544615,130.26012376245387,134.10064697265625,4750209.0
2023-02-07,134.53375461719278,134.53375461719278,132.51241877375247,133.78297424316406,1990761.0
2023-02-08,133.78298063152883,134.7070150086661,131.64614204672793,133.8984832763672,5676672.0
2023-02-09,132.4835774493966,134.9669243698452,132.4546951743065,134.01400756835938,3127240.0
2023-02-10,135.71769923697676,136.26634347489912,132.8878312257107,134.4471435546875,8468109.0
2023-02-13,134.56263889662384,135.6021892050383,132.8589549461557,133.52310180664062,4487080.0
2023-02-14,133.4075921013194,135.40004579586935,131.5883923762019,134.9957733154297,4850151.0
2023-02-15,134.96691722591834,136.00645436078577,133.8696287623601,135.74656677246094,1779787.0
2023-02-16,135.4866798032601,135.8332009954206,132.83007901604512,133.63861083984375,4559559.0
2023-02-17,133.8118628673792,136.69948214656344,133.29210091439683,135.16905212402344,4276801.0
2023-02-20,135.94870365333014,135.94870365333014,132.65682502918082,133.63861083984375,4974309.0
2023-02-21,134.04288330056363,135.400059358037,130.23122949910692,131.2418975830078,3905512.0
2023-02-22,128.75854572890617,130.17347305976034,127.25698479884404,129.30718994140625,8681488.0
2023-02-23,129.42269418479762,130.08685427721187,127.7767615270757,128.2676544189453,9838302.0
2023-02-24,128.4408996336368,129.3938162978598,125.0912700010373,125.3222885131836,6737139.0
2023-02-27,125.78431588548874,125.78431588548874,122.23256275615137,123.76299285888672,9315732.0
2023-02-28,123.76300881148676,125.00468241859257,122.7523405586981,124.31165313720705,8388481.0
2023-03-01,124.88916945289404,125.40893145728892,123.82074994954397,124.2827606201172,4679160.0
2023-03-02,124.6581324563492,126.65058622450074,123.61859538292308,125.9286880493164,4907434.0
2023-03-03,126.85272774845336,127.14148438685132,125.177912808882,126.41958618164062,3269901.0
2023-03-06,126.99712437747854,128.52755452963805,126.50623143775884,127.28588104248048,4621503.0
2023-03-08,127.17037572976132,129.6537226523921,126.88160585233656,129.2205810546875,5055750.0
2023-03-09,129.30718243293688,131.38626972731933,129.10505941057392,131.01087951660156,6104592.0
2023-03-10,130.4911068639798,133.55197993109877,129.27831583307147,132.6568145751953,4435129.0
2023-03-13,132.25256907758626,133.58086289563485,131.03976470194166,131.81942749023438,5203860.0
2023-03-14,131.73279194934176,132.94558308873,129.94247429582805,132.0792999267578,5196925.0
2023-03-15,133.4076168417685,135.1113010181154,132.5990849493774,133.0322265625,6112384.0
2023-03-16,134.56265361125415,142.59022101482228,134.56265361125415,141.20416259765625,25118346.0
2023-03-17,142.070426154301,142.3303137238792,138.60529380907414,140.07797241210938,14024505.0
2023-03-20,142.90782746326772,143.74524149942292,139.06731810456398,142.9944610595703,8810155.0
2023-03-21,143.05222532086032,143.05222532086032,139.81809797008083,141.34854125976562,5039412.0
2023-03-22,141.37740212626906,142.21481618964663,140.59775260792497,141.75279235839844,2836470.0
2023-03-23,141.20416429132217,141.8105598991934,139.76035452432592,140.1646270751953,3179514.0
2023-03-24,139.7603333992254,140.1646058889881,137.7390106057046,137.94114685058594,1483273.0
2023-03-27,138.51866729489964,139.99135919165778,135.7465639206793,136.46847534179688,2168923.0
2023-03-28,135.65995141684687,136.0642107326667,133.00335054330523,135.28456115722656,2860261.0
2023-03-29,134.96691586642558,136.46847683412685,133.72524248443133,135.16905212402344,6468888.0
2023-03-31,135.86206725796947,137.9700237675681,135.5155592913635,136.75723266601562,2138277.0
2023-04-03,132.830065626964,134.3605087360786,127.1126053261625,130.23121643066406,12769617.0
2023-04-05,130.80876402896538,130.80876402896538,128.52755335029985,130.31787109375,4276867.0
2023-04-06,130.9820164435922,132.54132883831772,130.14461552367308,131.61729431152344,2259390.0
2023-04-10,131.64616421477436,133.4076128912477,131.1552712823341,132.4258270263672,2927700.0
2023-04-11,132.59908568264845,133.8407591950286,132.4258316801279,133.58087158203125,1825852.0
2023-04-12,133.40760142581738,134.1583818975977,131.41514759200524,132.77232360839844,4430575.0
2023-04-13,131.1552655052704,132.19481587493792,128.93180626958298,129.94247436523438,8359146.0
2023-04-17,130.26011483620726,131.29965199980415,128.23879183930046,131.03976440429688,2938273.0
2023-04-18,131.6461551678015,132.16593033981013,131.0686418860494,132.02154541015625,1956853.0
2023-04-19,132.1081795021587,138.02777658190385,131.6750379300205,137.59463500976562,5825329.0
2023-04-20,138.5186729978716,140.62662958367054,137.3636331823334,138.4320526123047,5250109.0
2023-04-21,139.35609501890266,139.99137290180437,137.73903125429806,139.6448516845703,2342361.0
2023-04-24,139.41385300085017,141.0309168425745,138.4031847951641,140.79991149902344,1495483.0
2023-04-25,140.59774420088874,143.2254624502387,139.7603301875843,142.64794921875,2885665.0
2023-04-26,141.66618555377048,143.57200595114006,141.66618555377048,142.79234313964844,2271381.0
2023-04-27,143.9762550396331,146.40185047220808,143.65861612624963,144.72703552246094,4603572.0
2023-04-28,145.24680191275124,145.42005588636914,142.8212066268076,145.1024169921875,2437161.0
2023-05-02,145.13132172093506,148.7985776611514,144.78480050164848,146.02647399902344,3955167.0
2023-05-03,147.67239401484886,150.15574079407935,146.57510555560853,148.19216918945312,6784113.0
2023-05-04,149.6070885535821,153.59199609635368,148.0477763316962,149.11619567871094,10417746.0
2023-05-05,149.86698883137709,150.41563307812874,146.4884897462507,146.69061279296875,3263119.0
2023-05-08,147.09488474858813,147.3258900687532,144.6404069573215,146.6617431640625,5558658.0
2023-05-09,146.95047346264866,148.07664402415327,146.1419417686271,147.5279998779297,3145602.0
2023-05-10,148.62532278552288,149.86699627558608,146.6039996889136,147.87454223632812,7782618.0
2023-05-11,149.02956643556348,149.66483097686157,148.0188984740347,149.231689453125,1895304.0
2023-05-12,149.00068598719088,150.877637019142,147.29700214159712,150.5888671875,4794613.0
2023-05-15,152.17706975246665,155.3534323231195,149.26058153840032,149.9247283935547,6639102.0
2023-05-16,151.4263113893651,153.62088852425413,149.6648626514483,150.81991577148438,6203130.0
2023-05-17,150.81989282324048,152.5813280747102,148.6253028038398,149.11619567871094,2786406.0
2023-05-18,149.52046483961684,149.9247241081984,146.22858649315822,146.92161560058594,2160511.0
2023-05-19,146.97936914764335,148.42316548998764,145.3623056119985,148.0477752685547,3027514.0
2023-05-22,147.90340593935716,148.01890859112413,145.67994684676472,147.556884765625,1903704.0
2023-05-23,147.78789323294654,153.27434812919842,147.41250303102763,152.1193084716797,6071472.0
2023-05-24,152.1193174717402,152.98560057074002,148.94294170259718,149.11619567871094,2200050.0
2023-05-25,149.0007050908517,149.78035465569843,147.12375381825314,149.05845642089844,3132070.0
2023-05-26,150.12687595584336,151.2530467201634,148.74081759692146,149.31834411621094,1595074.0
2023-05-29,150.155732050238,150.18461432200382,147.96115525955153,148.8274383544922,1161715.0
2023-05-30,148.82745661518294,149.78036020547754,147.58578314552292,148.3654327392578,1894573.0
2023-05-31,149.2028279799754,152.5813267493559,147.96115466763237,150.67550659179688,15045517.0
2023-06-01,151.88830647610197,154.40053551871148,149.9247348793455,150.3001251220703,3952573.0
2023-06-02,150.6755202008739,150.6755202008739,148.5964458809232,149.31834411621094,3811750.0
2023-06-05,149.08733139964016,149.49159069018498,146.28634576492652,148.13441467285156,4093459.0
2023-06-06,148.39431265064323,152.0326993941676,148.192176381994,151.51292419433594,4288522.0
2023-06-07,152.06158441385443,160.78216777684628,151.8016968092474,159.77149963378906,20442456.0
2023-06-08,157.3747638320183,157.3747638320183,153.04334843497588,153.5631103515625,11899332.0
2023-06-09,154.77594564921608,155.23795633443888,151.05092501665698,151.4263153076172,3135649.0
2023-06-12,151.8883033244262,158.78969926163393,151.85943427012504,157.9234161376953,7368526.0
2023-06-13,159.10735167322463,160.08913753455656,157.6057906060428,158.4431915283203,3645700.0
2023-06-14,157.95227493422215,161.41740720494315,157.95227493422215,159.3383331298828,6189216.0
2023-06-15,159.54048306264878,160.40676620467505,157.66353184878128,158.24105834960938,2832462.0
2023-06-16,158.24105242489543,158.81856568566909,156.50848620571202,157.89453125,5489853.0
2023-06-19,157.92342230372617,158.4720665411846,156.53736396393393,157.51914978027344,1322178.0
2023-06-20,157.66351056533523,157.95226716755332,155.1801641309697,157.63462829589844,3240381.0
2023-06-21,158.35656100608864,158.99183883515636,156.2486044792626,158.24105834960938,4206816.0
2023-06-22,157.54803054741487,159.39609950384244,156.27747487835103,158.81857299804688,4437796.0
2023-06-23,157.66354768973324,158.67421586311946,153.04337487420042,155.61334228515625,9021867.0
2023-06-26,155.5844380470109,157.49025807632714,153.88074103192193,156.5950927734375,2874286.0
2023-06-27,157.08601630283286,158.6164596539927,153.53426310389167,154.1984100341797,4469017.0
2023-06-28,155.78658409877642,158.81857516328367,153.7363788546044,155.41119384765625,3750532.0
2023-06-30,155.78655988873024,158.8185504820503,154.86252554151852,158.15440368652344,4707262.0
2023-07-03,159.3960929749504,169.47385143862653,157.43252144147834,163.72750854492188,23464449.0
2023-07-04,165.1713243884468,165.1713243884468,159.7714892487256,161.18641662597656,5445697.0
2023-07-05,161.61956575814727,168.78083658137655,159.68486311498322,167.9434356689453,11353588.0
2023-07-06,167.51028350781942,177.29928555017452,167.51028350781942,174.38279724121094,21507127.0
2023-07-07,174.3828066860413,177.8768084603745,172.96787925524254,176.69288635253906,8855568.0
2023-07-10,177.8768052996335,177.8768052996335,169.993636436914,172.10159301757812,6227746.0
2023-07-11,171.98608594443712,173.11224345418762,169.8203780896373,170.4556427001953,8844828.0
2023-07-12,170.42677101793367,171.9283187472632,167.85679068669407,168.28993225097656,5229450.0
2023-07-13,169.21398205125462,169.6182545977413,164.59380935275996,165.6333465576172,6452353.0
2023-07-14,165.74885510028528,167.77019146753054,163.72753195147322,165.97987365722656,3793560.0
2023-07-17,167.65466012768007,170.3690120462687,166.6439921168916,169.99362182617188,5026647.0
2023-07-18,170.80215985452705,172.101584536721,167.19264244228893,167.71241760253906,4502047.0
2023-07-19,167.77017408909765,172.39034647284572,166.78838828370317,172.04383850097656,5510272.0
2023-07-20,172.1015800945645,176.49074691545655,172.1015800945645,173.4876251220703,6611902.0
2023-07-21,173.25661383472433,176.0287170123938,172.33257944216783,174.1517791748047,2548011.0
2023-07-24,174.15180380050063,175.85548790884823,173.1122533957516,173.80528259277344,3929002.0
2023-07-25,173.17001350868082,175.45123748506447,171.9861045426722,173.42990112304688,4224957.0
2023-07-26,173.5453894043914,178.9741069242611,172.79460889999137,174.23841857910156,6802075.0
2023-07-27,175.277957160342,176.51963058644048,167.1349006418254,167.88568115234375,7411893.0
2023-07-28,168.89634135562406,168.89634135562406,160.2623916497613,161.35968017578125,11168121.0
2023-07-31,161.70620938420558,164.8825724554144,159.56937034002155,163.09225463867188,9361326.0
2023-08-01,162.5724754479691,165.71996912841723,161.76394362727834,164.6226806640625,4767051.0
2023-08-02,165.28682518802566,165.28682518802566,158.24105743601453,159.56935119628906,14082816.0
2023-08-03,159.6848709876577,160.60890555174558,155.06469816721827,156.13311767578125,13926198.0
2023-08-04,158.18330824187075,158.18330824187075,153.736376622517,154.025146484375,4999947.0
2023-08-07,155.1801928885165,155.3534468819543,151.88831413946883,154.66043090820312,5979615.0
2023-08-08,155.41119704736866,156.07535717821364,151.59955634659852,153.07223510742188,5992815.0
2023-08-09,153.56314355096148,154.4871781542057,151.97496196816786,153.85191345214844,3792138.0
2023-08-10,154.1406507662234,155.7577144233156,152.4947180537002,152.98561096191406,3616729.0
2023-08-11,153.90964121433817,155.69995881005272,153.12997846267484,153.9962615966797,3500497.0
2023-08-14,153.90962588912737,153.96737721108178,151.3685280678419,152.1193084716797,1766820.0
2023-08-16,151.59955073903072,153.93851259246082,150.58888266129324,151.10865783691406,5202744.0
2023-08-17,151.8883259168207,152.46585249149356,150.27126208248342,151.1664276123047,2863150.0
2023-08-18,151.6861990022949,152.37921501219682,149.95363254067385,150.81991577148438,3741703.0
2023-08-21,150.76214268543916,151.4551585953531,149.78034370953205,150.4445037841797,3168927.0
2023-08-22,151.2819236499159,151.6861961999898,149.6937421622483,150.27125549316406,2347453.0
2023-08-23,150.44450104347322,150.93539391326843,149.63596927820512,150.15573120117188,1840953.0
2023-08-24,150.73326688832097,153.93851187386903,150.27124304343343,152.95672607421875,4411828.0
2023-08-25,153.04335451043306,154.74703846563426,150.50225649539723,151.0220184326172,3785394.0
2023-08-28,151.3107927132074,153.5342518891626,150.8198998155774,152.66796875,4166005.0
2023-08-29,153.27436419322552,154.02514467574937,152.00380854020617,152.4080810546875,4076848.0
2023-08-30,150.50225321927286,151.3107849891129,148.42316586035668,148.8274383544922,14803555.0
2023-08-31,149.11619473852556,149.14507701024462,142.53245115869646,143.28321838378906,13543468.0
2023-09-01,144.09174555202057,144.90027729473798,142.18592545076902,144.52488708496094,8588032.0
2023-09-04,145.24680038449233,146.5173427294196,143.514234229681,146.14195251464844,7089276.0
2023-09-05,146.6039988590155,149.40497154631507,145.82433603845007,147.06600952148438,4983171.0
2023-09-06,145.44893326077607,147.26813313392068,144.23614215763408,147.09487915039062,4225831.0
2023-09-07,147.93227668780986,148.85631113096275,145.53556359010997,146.77723693847656,6149200.0
2023-09-08,147.12375487240354,152.06157954658636,146.69061328473362,150.3867645263672,8627001.0
2023-09-11,151.59955081293094,155.15131700506376,150.3867596938002,153.50537109375,8315091.0
2023-09-12,155.29569762340245,155.29569762340245,144.95805058912455,145.42007446289062,11343910.0
2023-09-13,145.6799517905811,147.75902602980497,144.12063950194738,147.09487915039062,6439729.0
2023-09-14,147.44139026125984,149.75148307954555,147.06600001305802,149.28945922851562,4605396.0
2023-09-15,148.7985737389815,148.88520734612783,144.95805068113742,145.67996215820312,16292865.0
2023-09-18,145.27568150471026,150.87765292042985,145.07354524494343,148.48092651367188,7400761.0
2023-09-20,146.40184618324005,149.75147598460404,145.73769932113052,148.88519287109375,7330284.0
2023-09-21,149.0006847776245,153.62085664365546,148.16328399689374,152.14817810058594,12707769.0
2023-09-22,151.88829821269908,153.7652493242087,150.44450186701266,150.70437622070312,6728026.0
2023-09-25,150.18461040909486,151.22414745225333,147.9900204571552,150.3578643798828,5094865.0
2023-09-26,150.15573120117188,152.32143892627738,149.72258965615077,150.15573120117188,4370337.0
2023-09-27,149.953623522477,150.04024390928885,146.05534921827152,148.0189208984375,6081648.0
2023-09-28,146.69062241021,148.39431981086082,143.86076738630604,144.207275390625,5850073.0
2023-09-29,145.3623197413264,148.8563215053247,144.55378789491402,147.2392578125,4398093.0
2023-10-03,148.1344066247614,149.635967487783,146.48847406074745,146.92161560058594,5772862.0
2023-10-04,147.26814256000787,147.3547761665338,142.67683900121526,144.35165405273438,7628286.0
2023-10-05,147.8456677943829,151.13753331851578,145.70882889089418,146.4307403564453,8985072.0
2023-10-06,146.71948250955032,149.75147335356618,146.11308698443335,148.85630798339844,5602408.0
2023-10-09,145.5933252688948,146.11310046319002,143.80300758183571,145.36231994628906,7985133.0
2023-10-10,145.3911895751953,147.0082532766708,145.0157993152659,145.3911895751953,1638906.0
2023-10-11,146.48847769517522,147.58576609840858,145.88206894961152,146.74835205078125,3530580.0
2023-10-12,147.5568746801149,151.1952740542463,147.52800562836194,149.231689453125,4740789.0
2023-10-13,149.0295927952262,150.06912999237642,147.73016799418028,148.1055450439453,2186107.0
2023-10-16,146.69061136714043,149.28946085918682,145.0446786428839,148.2499237060547,3632274.0
2023-10-17,148.50980895953057,153.9096441217474,147.78791074036684,151.1375274658203,8071116.0
2023-10-18,151.7150499504061,151.88830393220078,147.87452720434845,148.39430236816406,6627409.0
2023-10-19,147.8456522607583,151.8882978819956,146.8349842462335,151.19528198242188,2734614.0
2023-10-20,150.15574786320835,150.15574786320835,144.81367702745234,145.93983459472656,6209217.0
2023-10-23,146.40184955262418,147.1526300307362,143.10997100183744,143.9185028076172,7104466.0
2023-10-25,145.36231581151225,146.0264627043285,140.9442664409696,142.0993194580078,5532331.0
2023-10-26,141.49291764879217,141.52179992393584,138.14328752748295,139.84698486328125,4802959.0
2023-10-27,140.04912198076678,142.15707865229408,139.4715954402942,140.655517578125,2395591.0
2023-10-30,141.49290546801166,143.08110000337652,139.5293339171221,142.0415496826172,4989558.0
2023-10-31,142.85009456313765,144.00514764347142,141.60842109376003,143.05223083496094,3108583.0
2023-11-01,144.0917711122586,147.03714198978673,144.03401977885085,145.50669860839844,4750212.0
2023-11-02,146.51735333450122,149.28945673916098,145.7665728506166,147.38363647460938,4700620.0
2023-11-03,147.84566200382872,150.09799026273433,147.2681354976938,148.74081420898438,3553620.0
2023-11-06,150.04023853715876,153.04336049899982,149.2605889916056,151.36854553222656,7518147.0
2023-11-07,153.10111155999158,161.8505634053618,150.1846232053909,160.92652893066406,30501136.0
2023-11-08,163.1788488297831,174.64266447392063,162.8900922253667,172.9678497314453,37025106.0
2023-11-09,173.34326721524005,176.02873710515223,171.58181860492593,172.65023803710938,9674457.0
2023-11-10,172.10158245429068,174.84480349344176,170.80215778781977,172.99673461914062,4987359.0
2023-11-13,172.736864160167,175.99987389507038,170.5134048362035,175.1335906982422,7103496.0
2023-11-15,176.0576173797011,181.74620923742472,174.26729973394995,181.1109313964844,13297720.0
2023-11-16,181.9194706150743,188.7342334989856,180.96655381495563,184.9514617919922,14447925.0
2023-11-17,186.53963904666287,193.29665044699897,178.1366949032337,179.0318603515625,27496918.0
2023-11-20,179.92699533936718,180.648906727417,176.43299392250637,177.41477966308594,7316140.0
2023-11-21,178.85859293948346,178.85859293948346,173.42988858058857,176.11537170410156,8143939.0
2023-11-22,177.29929710509845,181.5440794442314,174.58494487509657,176.43301391601562,14970243.0
2023-11-23,177.29928457850136,190.43790320569624,176.60625543251268,188.6764678955078,24344445.0
2023-11-24,188.1855710521712,188.27219143208097,181.65956545727568,184.9225616455078,15421744.0
2023-11-28,190.03364319422568,199.2451186566176,187.7524327285857,197.94569396972656,39726289.0
2023-11-29,197.51255809016908,202.7102569872788,194.6538210530724,197.7724456787109,23548495.0
2023-11-30,197.51255522910648,202.0172248976629,194.36506159390723,200.6311798095703,18231517.0
2023-12-01,201.03543808107645,205.79999531014573,198.696476266856,199.5627593994141,11196495.0
2023-12-04,205.0203375024693,219.14074141844324,205.0203375024693,217.4370574951172,44928232.0
2023-12-05,220.03591929702765,226.0999013248985,216.07989380769308,220.2958068847656,29843163.0
2023-12-06,223.5010516353869,225.1758533802061,216.3686502094458,221.9128570556641,10174219.0
2023-12-07,225.3779978831778,228.69875887611667,220.70007401172103,221.24871826171875,20068596.0
2023-12-08,221.76849199977664,223.385555683066,215.4735044757399,218.0146026611328,8463868.0
2023-12-11,219.4583942083572,220.81557026592856,206.8684194429345,208.3988494873047,23689200.0
2023-12-12,208.4854804937177,213.59654574201,205.5978612093029,206.233139038086,12651369.0
2023-12-13,209.9292918178141,218.1589822475016,209.4383988839388,216.57080078125,21529429.0
2023-12-14,218.2456075794516,219.45839873046523,213.3655474826872,216.9750518798828,9775294.0
2023-12-15,212.5281176632144,226.82180213495155,211.69071682909663,221.71072387695312,18928414.0
2023-12-18,222.92354337215767,223.3566849548517,218.2167240738881,219.0541381835937,6407295.0
2023-12-19,220.55569687974807,222.34600130309428,217.23493596833427,219.804916381836,7063870.0
2023-12-20,222.2016246940192,222.2016246940192,209.69827053241207,210.7089385986328,11112139.0
2023-12-21,208.0812148566302,218.30335890957448,207.1571803562312,216.9750518798828,8472187.0
2023-12-22,216.9173021027959,216.9173021027959,210.21805523154728,213.27891540527344,12698515.0
2023-12-26,214.2029265041152,226.38865419211945,211.83509577401549,221.8551025390625,21655452.0
2023-12-27,221.7684677252634,223.760908227738,217.7258089595447,220.5267944335937,19716265.0
2023-12-28,222.7502531979828,252.03061059444465,220.8155508031756,241.2020721435547,57375486.0
2023-12-29,231.0088129409864,236.89955375781184,229.391749426256,230.37353515625,29294128.0
2024-01-01,234.4739855481452,234.76275543723247,229.91156405964333,230.77784729003903,8701509.0
2024-01-02,231.7596319235718,237.361603832715,227.02396967696143,236.03330993652344,12324552.0
2024-01-03,236.2354244373656,244.60948603458263,234.18521922982228,243.5988311767578,19759921.0
2024-01-04,240.82671186706648,241.49085874658093,237.96798809231063,239.9026641845703,11684829.0
2024-01-05,240.53795937822267,246.6019417695801,240.3647186005888,242.55929565429688,14570676.0
2024-01-08,244.8693365074756,252.9546538916416,243.8298126960649,247.9879608154297,21847068.0
2024-01-09,252.9547101001933,254.8894128918569,248.9120637282326,253.7343597412109,11090032.0
2024-01-10,251.2221163518988,252.0883995117329,245.82228113068416,248.73876953125,8980549.0
2024-01-11,251.22212008595065,258.4122598446993,250.326967857314,257.2861022949219,13717158.0
2024-01-12,258.06574382441545,261.73301266623747,253.27231746789496,260.3469543457031,11439837.0
2024-01-15,261.32873235867373,261.9640101715182,257.083950358518,259.6539306640625,6912682.0
2024-01-16,259.53844250364,265.3136548132092,258.7587929395621,261.50201416015625,11116167.0
2024-01-17,260.4624311731208,264.9382446067567,257.6037076504644,259.3651428222656,12987159.0
2024-01-18,259.30740744162097,266.8151852266197,253.76317465105933,262.5415344238281,9661435.0
2024-01-19,264.8516168449548,270.597959505817,261.61748982550824,268.9808959960937,5983177.0
2024-01-23,275.3625295228356,275.4780321763849,252.37715778729847,254.36959838867188,13018228.0
2024-01-24,256.99729427145513,263.7831869292116,254.6872149661353,261.35760498046875,9089022.0
2024-01-25,263.3500793751112,264.18749347558605,240.5379474590581,248.6810302734375,26530120.0
2024-01-29,250.06707777302583,264.88052594934425,248.42114496162725,261.2132568359375,20708088.0
2024-01-30,263.4944431930801,280.2714615708931,262.62816006319946,272.41717529296875,25892997.0
2024-01-31,273.9764994097622,275.79569943626734,265.717939866073,267.5371398925781,9025434.0
2024-02-01,270.251482798838,271.63754117264665,263.350086422796,269.0097961425781,7832593.0
2024-02-02,273.16794467249616,289.2230509776638,271.9840226806234,282.3216552734375,28635609.0
2024-02-05,287.02848257225656,298.7810428005952,282.9858103876818,293.6122131347656,27456336.0
2024-02-06,297.4239086658804,312.4394665678926,291.73530329264185,309.4363708496094,28853269.0
2024-02-07,311.3376342688136,316.536479152885,306.6735078220666,311.0999755859375,17541222.0
2024-02-08,311.2188301393352,319.89348156021765,309.02044634720096,312.0209350585937,19069318.0
2024-02-09,312.52592915578447,312.79331557399945,290.720432118798,303.1382751464844,14684275.0
2024-02-12,301.29643520733526,303.1383037814354,289.2944801437704,298.2068176269531,14235303.0
2024-02-13,298.8603901820892,301.6826212955155,292.56232572050664,298.0582580566406,7641726.0
2024-02-14,294.107105573797,326.1915170909385,292.05727905063003,322.8048400878906,21203626.0
2024-02-15,326.07269849310086,344.43211779465526,319.38844587347864,341.6395874023437,26550160.0
2024-02-16,343.4220802558889,353.4038819230508,332.0439996897946,336.11395263671875,22269525.0
2024-02-19,336.886343886738,338.4311526174198,328.30079425522507,329.5782165527344,15202254.0
2024-02-20,329.5782082029163,337.1834223150031,320.1905539063097,334.5691223144531,13374787.0
2024-02-21,335.1038890574635,338.0746772818729,316.0908933781756,322.775146484375,9993580.0
2024-02-22,322.6265695346086,326.8153784161702,314.0707213669607,320.3093566894531,9478065.0
2024-02-23,318.4675380105115,320.517364770854,310.2087754945491,313.47662353515625,8613265.0
2024-02-26,313.4766026335545,322.9236852608803,303.6136036947737,321.8244934082031,24162310.0
2024-02-27,321.9136149226012,325.3002920149463,310.4761070048364,314.8134460449219,12715461.0
2024-02-28,314.81346994108293,315.021428107883,299.7218973634334,301.3558349609375,16233910.0
2024-02-29,300.0783916288726,305.9902399066501,298.2959242647529,302.6629638671875,14603767.0
2024-03-01,306.584363681491,312.52591205108166,306.1684474081151,307.26763916015625,10267491.0
2024-03-04,307.1785273891413,313.6548217266522,306.3170214586179,311.9912109375,12281475.0
2024-03-05,312.5259363373439,315.7640835782094,309.8819630184145,313.74395751953125,7153845.0
2024-03-06,312.8230540662108,314.78377924451974,299.57337683860067,307.2973937988281,11296345.0
2024-03-07,306.40614589353186,308.0697840049171,299.0980456169959,302.12823486328125,6370131.0
2024-03-11,300.64284632498106,310.1493301366342,295.562803314115,304.11865234375,13126309.0
2024-03-12,304.2077593025968,309.8225203758871,301.38550130004376,305.5743103027344,9137031.0
2024-03-13,305.75258348942265,307.17853563267755,284.36297496107466,287.5119934082031,11735005.0
2024-03-14,288.16556085867285,300.0486582643157,285.5512609345922,297.1372985839844,11317566.0
2024-03-15,291.0472493808033,291.0472493808033,268.05340217515464,278.5699768066406,47569515.0
2024-03-18,278.5996596575817,282.1051661799853,272.9254699625511,273.99493408203125,12216913.0
2024-03-19,271.4697927496073,272.09364002589325,263.2407312237529,264.6964111328125,9912508.0
2024-03-20,266.77595470155075,271.0241649087274,264.87465801580936,269.53875732421875,10448274.0
2024-03-21,273.5790467694284,281.5704223750987,272.3907260972208,280.7386169433594,7801534.0
2024-03-22,281.7486563656994,287.3634173543514,279.66910216331735,281.30303955078125,7611103.0
2024-03-26,278.5996510263705,283.8876247823765,275.39120437074206,280.79803466796875,9326937.0
2024-03-27,283.412305709161,287.6902164254538,278.6887781599922,279.90679931640625,6988608.0
2024-03-28,282.25371095033233,284.8085825884237,279.312623553888,282.6101989746094,7216713.0
2024-04-01,282.84786063530606,284.3035404818158,277.26279993462066,278.54022216796875,9094608.0
2024-04-02,279.4314841275826,287.98733365798955,277.7678459633842,286.501953125,7687869.0
2024-04-03,284.5115062549348,286.97724917941605,280.7683138645814,281.9566345214844,7073593.0
2024-04-04,282.2240115034955,285.19479973348444,273.3116740118241,274.2326354980469,10008145.0
2024-04-05,271.52918756066435,275.03472123512535,266.9244892441421,274.024658203125,11510322.0
2024-04-08,276.2824507612336,280.23357419248583,270.6973897916393,275.03472900390625,9532318.0
2024-04-09,275.65857663664804,276.2230228418359,271.17270753270896,272.6283874511719,5474667.0
2024-04-10,273.01462263136693,290.5422111717435,273.01462263136693,289.62127685546875,21499953.0
2024-04-12,289.35387457716,289.5618327400985,283.263795569021,284.155029296875,10106094.0
2024-04-15,280.44149950178894,283.56081712886817,272.30156769767774,277.73809814453125,15292357.0
2024-04-16,274.7970578915846,285.16507446107795,272.4204166344119,278.3916931152344,10663104.0
2024-04-18,284.7491384682785,293.5129447016309,281.6595213666057,283.5905456542969,19510576.0
2024-04-19,277.4113575440424,285.49188964527303,271.974826178682,284.244140625,15891541.0
2024-04-22,289.353851145591,297.6720409980616,288.8191327108155,292.3543395996094,16166055.0
2024-04-23,294.1071235168756,294.7012702558621,286.1454484212793,287.03668212890625,7308573.0
2024-04-24,288.40322875724337,291.3442890675056,284.7491651729551,289.5915222167969,6410241.0
2024-04-25,289.35386405061274,293.0376281785094,287.57139665975006,291.8493347167969,5505240.0
2024-04-26,291.1363419654732,295.5925106037116,288.43294024448727,291.7899169921875,5441872.0
2024-04-29,293.7506229656925,303.554193332156,292.3840719250636,300.43487548828125,13011373.0
2024-04-30,303.2571248369809,306.3170417949063,291.58195761380665,294.34478759765625,9751020.0
2024-05-02,301.2370257458824,318.91317192428914,299.7516451386783,316.9821472167969,32543125.0
2024-05-03,320.8441295475425,321.3788752031138,314.36783500348497,317.338623046875,8668201.0
2024-05-06,319.7152494616332,319.7152494616332,304.5939766326429,305.2772521972656,6891571.0
2024-05-07,313.62514580801746,317.69512588910607,303.01946980451834,305.4258117675781,19101259.0
2024-05-08,308.3965617359532,314.90258408600124,305.6931600900758,310.8623046875,9974296.0
2024-05-09,313.65483655671807,313.7142648297156,295.265716217514,297.67205810546875,16768836.0
2024-05-10,303.01945497875374,305.633727780151,291.1957583030808,297.99884033203125,11140683.0
2024-05-13,301.17757451740226,301.8311495502944,282.43196552156604,297.1670227050781,17016712.0
2024-05-14,297.07792777965614,300.04868883459454,291.1660790104761,293.0970764160156,5985654.0
2024-05-15,295.29545476760376,302.9006420921481,294.9686672498854,301.0587463378906,5723607.0
2024-05-16,304.2077605491499,304.80190724766777,291.3145732041191,296.42431640625,9257388.0
2024-05-17,297.1373257715604,303.9701359632035,295.0874990330447,301.2073059082031,7424826.0
2024-05-21,302.5441589791972,315.4373206764769,298.0879902086799,313.031005859375,15917613.0
2024-05-22,313.71425587447527,318.4675112417016,307.23796141562696,315.11053466796875,10313953.0
2024-05-23,316.68506709708583,323.6366794428381,314.7243419747991,318.1407470703125,9477853.0
2024-05-24,319.6557739800555,326.9936008790222,313.7736540060546,322.8939208984375,10199689.0
2024-05-27,322.77514269265,335.10388512090947,316.3879766434119,331.0339050292969,16476420.0
2024-05-28,330.94479443152187,332.4301748868125,321.468011098281,324.9438171386719,9185272.0
2024-05-29,320.84412061872416,324.61701344132786,317.24948540911475,319.4775695800781,5454598.0
2024-05-30,320.0123400700753,322.41865484259284,315.1402550517012,317.54656982421875,6371389.0
2024-05-31,322.6266302852387,323.63669342871304,316.3879937880103,319.2696533203125,11794999.0
2024-06-03,341.63960605380794,353.4038749876251,338.7282461580911,346.0363464355469,29299819.0
2024-06-04,347.1355220527353,347.2840519348842,278.1243393898163,293.9585876464844,23688403.0
2024-06-05,303.61361291730867,304.14835859138066,274.49998699869667,300.1972351074219,16559896.0
2024-06-06,303.31655838319546,318.2298732493197,301.86087842202363,306.3170471191406,14369308.0
2024-06-07,304.8019407746356,312.97157437062526,300.2863437743253,311.24853515625,12447922.0
2024-06-10,314.9026159261487,316.09090951795093,307.0597422287693,310.1196594238281,11322130.0
2024-06-11,312.31797483552504,316.3879546441415,306.7329140982929,311.3673400878906,10079643.0
2024-06-12,314.60550127581115,319.56671497996905,311.6941414343534,312.4962463378906,9350832.0
2024-06-13,315.6155492304978,316.2691242164024,311.6346982426932,313.9222106933594,7163401.0
2024-06-14,317.2792008502813,323.0722199669297,314.9025866890365,318.645751953125,11446402.0
2024-06-18,321.97307045109136,322.15132809590835,313.38751972616706,314.9917297363281,10276386.0
2024-06-19,316.71476875171186,317.1009573508164,304.95047237313065,306.2873229980469,9794068.0
2024-06-20,308.9609991069381,312.28827512908686,305.3960643972493,311.21881103515625,6873147.0
2024-06-21,312.1991500909884,314.20442588939886,299.4545192292971,303.7770080566406,13108523.0
2024-06-24,304.17805502420026,307.3419510207553,298.83065275223686,301.19244384765625,8084076.0
2024-06-25,301.2369810130778,303.1531279674373,295.22115372953266,298.2513427734375,3115862.0
2024-06-26,299.1425825643572,300.74681952509485,296.201522267112,297.181884765625,2687005.0
2024-06-27,297.6720866741407,299.63281189682203,291.43345012707783,296.5580444335937,8129031.0
2024-06-28,297.89484562617685,302.52927145614785,295.44395310419634,295.97869873046875,4752345.0
2024-07-01,295.2657165527344,298.028546486928,293.66150675780614,295.2657165527344,4841697.0
2024-07-02,294.8201254802529,296.82540149841816,288.9825550622464,292.592041015625,4430500.0
2024-07-03,292.8594249735747,294.55276371259595,289.91833718636207,293.88433837890625,4393135.0
2024-07-04,294.99838060172243,298.16224963520176,292.8594249735747,293.88433837890625,3575516.0
2024-07-05,292.7702654795119,297.85030836258346,291.8790317946428,296.2906494140625,7702282.0
2024-07-08,296.3797660733859,299.6327909469741,290.6758756402519,292.23553466796875,9973397.0
2024-07-09,292.68116890073657,297.09278700595337,291.2551894082617,294.77557373046875,4313809.0
2024-07-10,295.8896100460792,300.4349076882534,287.86850615928785,298.6969909667969,6833051.0
2024-07-11,302.66297293924345,314.7391788138108,301.23699356554647,311.9763488769531,17148192.0
2024-07-12,315.407603984569,315.407603984569,304.0889522060952,304.93560791015625,8624668.0
2024-07-15,307.25284807357394,312.19918471219097,304.2672094474129,310.19390869140625,7249546.0
2024-07-16,310.1938555349735,321.735341978333,309.7928167185187,319.2398986816406,14079381.0
2024-07-18,319.73011845667145,325.30032957961,316.1206325283259,318.749755859375,10408667.0
2024-07-19,319.596412431342,319.8637716638411,303.5542057223339,304.489990234375,10763075.0
2024-07-22,304.66826403030865,316.209724817515,301.05875101016954,308.9907531738281,13506968.0
2024-07-23,310.4612572266765,310.77319445369113,293.66149695370274,308.8124694824219,9389682.0
2024-07-24,309.2581110046376,317.5911520001854,306.6735385713473,315.3630676269531,8207636.0
2024-07-25,311.9318014801944,335.9059830685847,309.3917799427681,333.0986022949219,20611250.0
2024-07-26,338.13407678396254,338.2232055979557,329.93474266420145,335.59405517578125,9301896.0
2024-07-29,344.0162013466657,346.9572616187577,337.5993079551825,339.6045837402344,14114983.0
2024-07-30,334.3463002600303,358.0531209245635,329.84558118124147,352.7057189941406,35730279.0
2024-07-31,356.3152294708256,362.3756350703951,348.5169344406511,349.58642578125,17127806.0
2024-08-01,349.7646997056664,350.7004842735837,342.90218887995263,348.8288879394531,8840248.0
2024-08-02,347.7593720337052,355.15660025633986,342.1000330642407,346.9126892089844,12474802.0
2024-08-05,344.90744307048834,349.942908052918,336.0396568460767,346.46710205078125,14077705.0
2024-08-06,351.1460698307278,356.53802271403964,342.50109225760826,344.1944580078125,10419295.0
2024-08-07,351.1460666086156,359.6127864887726,345.9769221926791,353.6415100097656,17004585.0
2024-08-08,355.6022349862179,355.6022349862179,341.5653046578146,346.8235778808594,14723158.0
2024-08-09,348.7954693748512,353.83984261476314,343.0632270567695,345.4478454589844,9753610.0
2024-08-12,343.93455116978686,351.730400996302,339.80733655574943,348.2452087402344,10370149.0
2024-08-13,345.7688555033173,346.31915636195816,333.7999447778344,340.5869140625,14426819.0
2024-08-14,341.0455070607492,346.13572723008025,337.9271727232551,342.19195556640625,5776570.0
2024-08-16,345.4019855728664,350.3546371493361,342.69635610590166,348.3827514648437,7276293.0
2024-08-19,353.1061154515376,362.1401346525411,351.776224080675,355.2614440917969,13213008.0
2024-08-20,358.70082085979175,371.2658799267309,358.70082085979175,363.6534729003906,16300789.0
2024-08-21,363.56171986223,377.68595889623913,361.3605444785276,373.7421875,14427485.0
2024-08-22,378.7865747730964,380.29988115674246,369.9359981759279,372.8250427246094,9217776.0
2024-08-23,372.7333046961117,379.47442700330777,370.5321293277011,371.9078674316406,8131913.0
2024-08-26,374.2924987405729,374.9344930843603,367.1386435579874,371.4951477050781,6084146.0
2024-08-27,368.6060992610625,377.3191074625059,364.3871633761551,370.8531494140625,7476660.0
2024-08-28,373.5129261943717,377.3191296663538,369.5691544984802,372.9167785644531,6224089.0
2024-08-29,373.3294681641384,382.913788558576,369.1105601907532,381.4004821777344,9653177.0
2024-08-30,386.4906862965422,390.02175303300527,381.3087450287406,384.3353576660156,16999644.0
2024-09-02,389.7924943806215,401.715558914617,386.215580618316,392.4064025878906,18305095.0
2024-09-03,393.3235495264032,395.0202988721514,389.5631929197498,390.617919921875,5140913.0
2024-09-04,397.5883388228635,410.5202834689742,392.68153365702966,408.2273864746094,26837682.0
2024-09-05,409.3279426608197,419.2791207869316,407.264335454507,411.345703125,12007469.0
2024-09-06,411.6208377900424,414.4181887847162,396.8546042353751,398.4137573242188,8950512.0
2024-09-09,398.41375590368216,398.4596306349182,385.2983969579564,386.4906921386719,8907889.0
2024-09-10,389.2421777991687,389.2421777991687,382.5927766925978,386.4448547363281,5944511.0
2024-09-11,393.6445559021544,399.8353776094424,373.78804610868895,375.5306701660156,12529867.0
2024-09-12,380.6209020609405,383.05136728343655,376.0351080602063,379.1534423828125,8007169.0
2024-09-13,379.1993370424972,383.280677123936,373.0085148161935,376.8605651855469,9258252.0
2024-09-16,376.9522521927348,379.52028553743486,372.1830154217612,376.2185363769531,4415935.0
2024-09-17,376.4936785605321,378.32799611746526,372.4123108005699,374.8428039550781,3296568.0
2024-09-18,372.87088481735816,376.8146843016197,371.4492999270035,373.69635009765625,2255708.0
2024-09-19,374.2007838199253,374.8428061644219,359.52624327796747,365.0750427246094,4541604.0
2024-09-20,365.0750491773587,369.8901328777959,361.7274251549478,365.7170715332031,9159103.0
2024-09-23,366.40492169210114,375.0720831006285,363.79101364909576,370.0277099609375,4899097.0
2024-09-24,369.5232905039698,384.6564113420952,369.2940007943012,382.5928039550781,9274367.0
2024-09-25,382.59279281653806,384.3353889613932,373.8339373579846,382.8220825195313,4872324.0
2024-09-26,383.5558326216353,388.921189367655,374.75110228512864,386.99517822265625,6065915.0
2024-09-27,388.8753317771773,403.3664296428992,386.30729832915193,401.6697082519531,12190119.0
2024-09-30,399.8811993010224,409.9240984150327,394.83682637406,404.0542602539063,7949959.0
2024-10-01,403.5498426002212,409.0986417401888,402.1282577595738,408.0439147949219,5525180.0
2024-10-03,393.46112447922326,396.8087484951977,378.7865837061054,380.666748046875,14169317.0
2024-10-04,373.2836160053112,379.47443764667696,362.36943233916674,373.19189453125,12354340.0
2024-10-07,373.46706913453113,375.4389549280141,358.5632388508754,361.03955078125,5679436.0
2024-10-08,355.8576267591888,362.2777385821639,349.8960943521405,357.9212341308594,12815777.0
2024-10-09,366.8634986661844,378.78656237283536,360.6726771261925,362.14013671875,11902837.0
2024-10-10,364.5705959052797,370.5321276622213,359.5262228801752,359.9848022460937,3363159.0
2024-10-11,359.5262418763828,364.1578825210962,355.3073058891241,362.7362976074219,2978692.0
2024-10-14,364.57063061564594,374.1090767370049,363.2407391320792,372.2289123535156,6151692.0
2024-10-15,379.703717393223,391.5350595112061,378.0986896023096,387.8664245605469,16856309.0
2024-10-16,391.6267772110044,402.03653438113327,389.93002796477367,398.6430358886719,16355809.0
2024-10-17,396.1667279938615,402.6326858996537,392.7732294681702,397.4507446289063,11762175.0
2024-10-18,394.7451623474216,399.2392351020656,387.637181279633,395.84576416015625,4941502.0
2024-10-21,397.1297428224148,400.156355532666,379.5661581776996,380.7584533691406,9263679.0
2024-10-22,379.79545613365065,382.0883530820674,367.3220911363703,368.78955078125,5951071.0
2024-10-23,368.7895569576684,369.89013071766186,361.5440080772172,364.8916320800781,3779746.0
2024-10-24,363.1948920774784,371.8161793723335,360.85614828640223,371.2200317382813,7703516.0
2024-10-25,372.3664343348,372.3664343348,339.94486850603266,341.5498962402344,8522829.0
2024-10-28,348.52035362493586,361.17713421868655,347.6031947996071,351.5469665527344,12990859.0
2024-10-29,353.0602900934582,357.55436260076993,344.3931282662057,356.3161926269531,5115112.0
2024-10-30,356.3161994887205,357.18751155841744,345.493736671722,346.3650207519531,5110158.0
2024-10-31,345.76888081888063,350.7674076657624,343.0174043136906,349.3457946777344,6864561.0
2024-11-01,349.3457785228419,351.5469540273111,348.5203412073491,349.4375,505687.0
2024-11-04,350.354666431691,350.354666431691,333.5247966216996,337.9730224609375,8846874.0
2024-11-05,334.7629471749157,345.31027290782407,332.2407605866116,343.7969665527344,8163853.0
2024-11-06,348.3827773615589,361.3147220982376,345.90643739451593,359.1593933105469,8284664.0
2024-11-07,358.471531154306,366.8635287771911,353.42715763361963,363.6534729003906,5850910.0
2024-11-08,363.0573381184869,363.0573381184869,348.7955011386371,351.31768798828125,5067482.0
2024-11-11,351.2717962952727,355.6741470373915,344.0720946114325,349.3916320800781,6123412.0
2024-11-12,352.2806891201554,357.69192026472894,343.06322668888566,344.43896484375,6589595.0
2024-11-13,343.9345593500758,346.5943143444899,337.2851578693077,340.6327819824219,4346895.0
2024-11-14,341.6416177086527,347.87828570862297,335.1756600323679,341.5498962402344,5809877.0
2024-11-18,341.54995228568714,344.62244005036354,336.0469991511504,336.8724365234375,5010823.0
2024-11-19,335.6801147659829,343.7511008651168,330.36060501738984,332.1490478515625,2933169.0
2024-11-21,332.14905473021366,333.47894618963574,325.499653412034,330.2688903808594,4403773.0
2024-11-22,332.0114785685725,335.03809134868794,328.8931443125065,330.8191833496094,2571975.0
2024-11-25,338.38573796641055,352.7851138012692,337.4685792002617,345.6312866210937,9614696.0
2024-11-26,350.44636981360514,357.41678202767025,346.68601327804043,348.1534729003906,3574299.0
2024-11-27,353.93156083333264,354.02328230747094,344.6682517346485,348.65789794921875,6106128.0
2024-11-28,350.26292073267365,354.2525668897127,345.9981381466514,348.52032470703125,5435933.0
2024-11-29,349.850219039528,353.10612143096296,345.2185505231837,351.363525390625,4384830.0
2024-12-02,351.3635177668717,352.188955032336,347.7866042902172,349.3916320800781,2355565.0
2024-12-03,353.1061225302823,355.4907409037043,350.8590723729403,352.6933898925781,5317630.0
2024-12-04,352.1889666731352,359.2052256456837,350.9966714713296,355.5365905761719,3476461.0
2024-12-05,358.1505087197868,360.5351271798346,352.6475559609681,359.3428039550781,3583458.0
2024-12-06,361.2229862547027,368.9271143054507,359.57208367917247,366.1297912597656,8107943.0
2024-12-09,365.9922033022392,370.94488315099534,364.70818659641776,366.58837890625,4763280.0
2024-12-10,366.8635021593316,372.6874658540038,364.3413155819862,371.3575744628906,6662197.0
2024-12-11,371.3575940789078,378.1904383633385,370.9448894108569,376.1268310546875,8783167.0
2024-12-12,376.0350877271009,379.70372272931655,372.4122994666275,377.5942687988281,4832913.0
2024-12-13,377.5942884640757,383.4182244418346,375.530681167856,380.666748046875,7106881.0
2024-12-16,380.5291939067789,384.28955071693815,367.13866935788974,373.3753662109375,7360302.0
2024-12-17,374.2008035620782,375.8516782643597,371.0824691302875,373.3753662109375,3735357.0
2024-12-18,372.3664662521806,375.1179426037977,364.0661904539217,365.0750427246094,4286929.0
2024-12-19,359.5262425332497,376.9522593907286,356.637197967929,373.6504821777344,7226543.0
2024-12-20,375.1179462762291,379.2451608440605,364.983352811007,366.4049377441406,8035990.0
2024-12-23,366.9093527932458,377.3649851072643,366.2214837194006,370.165283203125,3951645.0
2024-12-24,370.53215633130895,383.3265328261589,368.33098080248135,378.6490173339844,6334203.0
2024-12-26,378.649009387808,386.5824272676497,374.9344995207389,384.5646667480469,6201557.0
2024-12-27,385.57354744019983,385.57354744019983,375.209664370214,376.6771240234375,3440755.0
2024-12-30,375.11793314619695,376.40194981335225,367.6889415862401,372.1830139160156,6858610.0
2024-12-31,372.1830118325735,376.5853906532015,369.2939673502807,374.8886413574219,3103194.0
2025-01-01,376.0351312936722,379.7037667209276,371.1742005483457,378.1904602050781,2185656.0
2025-01-02,378.09871144022406,381.35461395120046,370.99073081278505,378.5114440917969,2391474.0
2025-01-03,379.2451606308528,382.5469378811547,373.9256508310912,378.8324279785156,4037493.0
2025-01-06,378.8324485766406,379.7037606725213,355.8576307752131,356.7289428710937,5016149.0
2025-01-07,359.4345142386113,364.66233039246816,353.24369257773765,354.20672607421875,3195402.0
2025-01-08,354.48188880996423,362.00260243328427,350.07953760914575,358.9301147460937,3631344.0
2025-01-09,360.44338124624977,360.44338124624977,351.6845265618781,352.92266845703125,2525567.0
2025-01-10,355.44488989411025,360.2599737045139,348.107619325876,356.2703552246094,3504508.0
2025-01-13,345.3561513535333,345.3561513535333,330.3147519167464,334.2126770019531,13439614.0
2025-01-14,334.76293871726915,344.8058380745726,333.7082117685184,342.3294982910156,3392260.0
2025-01-15,346.2274094310532,348.0158800927734,330.7274329908402,333.15789794921875,4162695.0
2025-01-16,333.84578519204007,335.2673700595724,327.7925318406653,328.5262756347656,5072603.0
2025-01-17,328.66384780270926,333.11207339416524,325.77480330169,329.16827392578125,3122954.0
2025-01-20,330.1771577773583,333.2954920029182,324.0780575440861,330.4981689453125,6963879.0
2025-01-21,332.9286524701708,341.5499398012572,328.3428583590114,339.30291748046875,12344913.0
2025-01-22,342.8339307987183,343.65939606828584,333.1120704049985,339.4404602050781,6676035.0
2025-01-23,342.1002358728099,342.833951724472,330.03960312827013,332.10321044921875,5143368.0
2025-01-24,343.20085394277874,348.4745173468279,322.1520470734391,323.6195068359375,18088473.0
2025-01-27,321.3724162512634,321.8309956203404,314.9064583430632,317.29107666015625,4454025.0
2025-01-28,321.0055764652629,322.6106043475892,313.16388000739744,320.5469970703125,5097372.0
2025-01-29,321.7851732903276,323.0691900232579,315.2274934129438,316.6490783691406,3747258.0
2025-01-30,320.042557368594,324.76591933851887,317.3369278572624,322.4730224609375,4412278.0
2025-01-31,321.92274218477405,329.6727453220456,320.4552824914518,328.5721435546875,2019592.0
2025-02-01,328.57211752254085,329.1682651036842,305.5055808854247,316.2821960449219,7985220.0
2025-02-03,302.6623783629334,305.6889909507775,292.2984959965939,297.98486328125,26282943.0
2025-02-04,301.2866711624536,307.11063524400447,300.0485011625229,306.055908203125,7377189.0
2025-02-05,313.76002805932933,320.68456573692487,311.9257104769766,314.4937438964844,7113783.0
2025-02-06,319.72155838133887,320.22598451782744,312.3842880937096,314.6771850585937,3123836.0
2025-02-07,316.4197891123974,317.9789702835201,311.42126240744426,314.1268920898437,1712683.0
2025-02-10,314.58546834606267,315.5026271459054,307.29404469152666,310.2748107910156,1957224.0
2025-02-11,310.2747903752225,310.2747903752225,301.05735623908765,302.6623840332031,1562978.0
2025-02-12,302.66238563327244,302.93752206078995,292.25262828708384,297.11358642578125,3179345.0
2025-02-13,300.8280897082409,306.147599610954,292.7571033752694,293.6283874511719,9771116.0
2025-02-14,296.242283674244,296.6550163178732,279.183124898825,286.4745483398437,9525190.0
2025-02-17,286.749673156875,293.857653359496,278.12838663804035,291.7481994628906,4591304.0
2025-02-18,292.5736647284341,294.1328459243407,286.5204108947802,293.4449768066406,1673581.0
2025-02-19,292.5278057752587,299.3606219322525,290.4183237753318,297.7097473144531,2325236.0
2025-02-20,296.9760111522437,304.6801675392561,294.6372673851285,304.2215881347656,1771611.0
2025-02-21,303.57954912215195,303.57954912215195,295.23339882029666,296.2422790527344,2193356.0
2025-02-24,294.31624503697407,298.5351809961022,291.33547902088395,292.8487854003906,3307496.0
2025-02-25,292.8488053555056,293.72011744613627,283.7230917242391,284.1816711425781,4356438.0
2025-02-27,285.23635327466536,286.8872277248432,277.2570614567275,281.5677185058594,4865436.0
2025-02-28,279.7334103848072,280.6505691073804,268.2230796122995,269.4153747558594,6517549.0
2025-03-03,270.5618493366167,274.1387631028348,263.72900499656674,273.1298828125,3792065.0
2025-03-04,269.7363853380168,290.18901361249607,266.06775045545817,289.08843994140625,7276713.0
2025-03-05,288.0336907984446,306.7895982075145,288.0336907984446,299.1313171386719,12406494.0
2025-03-06,306.97304270848105,314.0351482412079,304.3132599602121,311.05438232421875,12790937.0
2025-03-07,310.82511181376844,310.9626800359159,302.79997231140186,304.9094543457031,3825464.0
2025-03-10,308.6239123311815,315.502602799187,297.3887179001058,298.810302734375,7154245.0
2025-03-11,297.1594217118167,306.2392873328964,293.94936623036193,302.3872375488281,6272107.0
2025-03-12,306.8354600460469,314.5854629680127,298.810320684618,300.23193359375,8497676.0
2025-03-13,300.23193180569416,301.19493732754444,296.2422855204515,296.8843078613281,4696394.0
2025-03-17,298.8561979426406,303.0292592500573,296.88431213792137,298.5351867675781,5417463.0
2025-03-18,298.5351867675781,298.5351867675781,298.5351867675781,298.5351867675781,0.0
2025-03-19,298.9937768331388,303.0292700636683,297.2511806642131,300.8280944824219,5942282.0
2025-03-20,303.3961064204428,311.37539882318487,299.9567610726167,308.6697692871094,4833173.0
2025-03-21,308.16536380252006,330.3606184626546,306.42276764081566,327.3798522949219,15733590.0
2025-03-24,340.26592009487683,341.1830789091488,324.9493567007497,331.9197692871094,9399628.0
2025-03-25,329.3058461146789,334.7629520075745,323.48191030009133,331.5070495605469,6724910.0
2025-03-26,330.31476011009573,334.3044067765155,321.96860882861847,322.7481994628906,4094188.0
2025-03-27,321.6934485832051,333.8458026636826,320.22598890766955,329.7644348144531,4545137.0
2025-03-28,333.6165031708724,338.7525978897465,328.3886869769452,330.4981689453125,5348515.0
2025-04-01,325.40791041462467,333.3872026645549,320.63870175065307,331.736328125,5111753.0
2025-04-02,330.2688835411456,333.2954963309545,323.8028973236957,332.1490478515625,2536402.0
2025-04-03,331.0943333713347,343.29253445765016,329.5810269191927,332.4242248535156,5566330.0
2025-04-04,342.1002191798227,346.5484447858178,321.5558684516351,328.6638488769531,12874209.0
2025-04-07,321.0055749942693,336.5514276076349,313.20972531583703,323.5736083984375,15489620.0
2025-04-08,330.2688771964725,340.9079244787406,323.7570443607293,338.56915283203125,10576907.0
2025-04-09,341.18307827996387,351.31767196319265,334.900534815894,347.8783264160156,11180400.0
2025-04-11,352.64757057089906,354.7111779409498,345.81472608316665,350.5381164550781,7217670.0
2025-04-15,354.52773221651023,354.894618137678,344.9434392995224,347.6949157714844,4572204.0
2025-04-16,347.14458998942035,358.74664268311585,346.0439882837608,357.7377624511719,3731014.0
2025-04-17,357.60019095199164,358.8842076038292,353.15196541753323,355.5824584960937,2358710.0
2025-04-21,355.5824572779847,365.9463399195189,352.6475380928697,362.14013671875,2836553.0
2025-04-22,363.1031837014622,368.9271480062284,360.4434286300752,365.4419555664063,5630844.0
2025-04-23,365.4877596093876,366.1297819261933,352.0513896030707,356.59130859375,4742867.0
2025-04-24,357.6919121425176,361.36054713885113,355.21557232420696,358.1046447753906,4385172.0
2025-04-25,358.05877675478706,360.5351166195079,346.9153033424723,349.162353515625,2552932.0
2025-04-28,345.7688615667609,360.4434021107083,345.7688615667609,359.7096862792969,6104973.0
2025-04-29,360.5351232302408,363.9285939339918,357.00405631745457,358.7008056640625,4419920.0
2025-04-30,362.2777100325709,369.3856904192859,343.47595546126024,347.3280334472656,9150558.0
2025-05-02,348.47447486228106,357.9670454407016,348.47447486228106,351.7303771972656,3503397.0
2025-05-05,359.52623257022634,379.70372521447376,358.8383635028088,375.89752197265625,28073682.0
2025-05-06,376.0350958311972,377.73184515418205,362.36943575132216,363.9285888671875,5485163.0
2025-05-07,361.3605327118137,371.5410000180847,360.07651611225305,364.066162109375,8825404.0
2025-05-08,365.9463662812299,369.24814360496873,353.10614290294114,355.9493408203125,5347464.0
2025-05-09,350.53808177375873,355.8575912722492,348.5203213491101,354.2525634765625,3757854.0
2025-05-12,362.2777040042863,364.1120214929156,354.02327530545443,356.59130859375,4957935.0
2025-05-13,357.6919246908712,360.9937019012953,354.2067325178743,356.6830444335937,3665291.0
2025-05-14,360.2599580604093,365.0291949184463,359.0218160973583,363.74517822265625,4370060.0
2025-05-15,366.86350390287,373.5587516533117,364.7540499512141,369.33984375,5828155.0
2025-05-16,370.9448961317497,377.13571816987,369.2939934612381,376.0809631347656,5353067.0
2025-05-19,376.1268111867476,377.4108278464124,370.6238586543576,371.3575744628906,2489091.0
2025-05-20,372.3664526878085,376.4936670648901,359.70967312721035,364.4788818359375,3231580.0
2025-05-21,362.7362877600392,372.274733218289,358.1963407250318,371.3575744628906,3723167.0
2025-05-22,371.4492940457068,373.2377648054161,364.84573984466425,368.0099487304688,1971376.0
2025-05-23,370.5321543173922,377.640135000461,370.5321543173922,374.2925109863281,5540517.0
2025-05-26,374.9344907070729,382.8679363898862,374.6135075319466,380.2540283203125,2976520.0
2025-05-27,380.5750499230856,381.1253228038028,372.6416040226785,378.0069885253906,4849935.0
2025-05-28,378.0069750261096,385.6652562232027,375.1637772895915,383.4640808105469,5630546.0
2025-05-29,384.1519889535069,384.4271254120277,378.4197461554346,380.3916320800781,3108847.0
2025-05-30,380.39160661522817,384.1978099804532,375.0262221175182,376.99810791015625,6164496.0
2025-06-02,375.6682329722344,378.5114307206654,373.2836146029224,374.38421630859375,2200493.0
2025-06-03,373.7422189665078,376.0351160153821,367.8724081192828,368.6978454589844,2570008.0
2025-06-04,370.53216005531294,373.87978412128587,367.7806836192586,372.9167785644531,2415724.0
2025-06-05,374.6593610045321,375.48479830726114,366.7717899118069,367.7806701660156,2588378.0
2025-06-06,368.9271168538757,373.9714901110449,368.9271168538757,373.3294677734375,1443804.0
2025-06-09,373.3294502580752,375.6682218158051,371.3117178435515,374.6134948730469,1139355.0
2025-06-10,375.2096506289705,375.943366433979,370.62385687400734,371.541015625,2079819.0
2025-06-11,372.962623974916,387.9581760956553,372.4123230917808,380.48333740234375,8990781.0
2025-06-12,376.03510217383433,376.03510217383433,358.05878437446046,360.0306701660156,12405231.0
2025-06-13,344.8516863875405,356.2244491705135,339.48630215835226,354.2525634765625,17736231.0
2025-06-16,352.2806882298288,363.6534513500719,351.317654730179,362.5987243652344,5792606.0
2025-06-17,361.31472133195234,367.78067969184576,359.5262504718293,360.6726989746094,3815275.0
2025-06-18,357.7836305143654,362.2318560067592,356.13272798664565,361.314697265625,3440848.0
2025-06-19,361.08542373866703,363.60761038965234,356.7289195233287,357.6919250488281,3390334.0
2025-06-20,357.2333370911384,361.7732841498281,356.08688864091005,359.7555236816406,6244473.0
2025-06-23,358.01294404605267,364.2954874391805,351.7762473972499,360.6726989746094,4641365.0
2025-06-24,378.3280066856971,380.43746073931,370.4404353726598,372.59576416015625,15143931.0
2025-06-25,376.0350977201802,377.6859723192635,371.4951505885044,374.3383483886719,4125652.0
2025-06-26,374.2007997159535,389.1963520671698,373.9256632648899,385.4818420410156,11364641.0
2025-06-27,386.0779862217011,403.82498560647286,384.702248099504,402.6326904296875,15352970.0
2025-06-30,403.5498538319085,406.4847730555626,400.11050848675023,401.7613830566406,3398554.0
2025-07-01,402.99955196132737,404.9255909476461,397.817610585598,403.9625854492188,4624750.0
2025-07-02,407.2185257188636,409.832434015628,397.404914916789,400.38568115234375,3566248.0
2025-07-03,401.4403987844,405.017312335686,399.1933486359251,400.4315185546875,2130326.0
2025-07-04,402.4492912345752,409.5572723053029,400.0188258857037,407.7688293457031,4318402.0
2025-07-07,410.8871316317393,417.4906860144638,404.6963098939843,410.79541015625,8516084.0
2025-07-08,409.9699682636072,417.3072383891304,407.86051429830496,415.1977844238281,3860453.0
2025-07-09,415.4729386608,416.98624509114165,405.9803394312529,408.5484008789063,5207942.0
2025-07-10,408.548397727108,413.1800384607936,403.59571782679376,404.6963195800781,4470700.0
2025-07-11,407.6770916390586,407.6770916390586,397.1756120534698,399.7895202636719,2627116.0
2025-07-14,399.7895128242112,401.25697249293546,392.5439639473746,394.28656005859375,4575393.0
2025-07-15,397.58829669041467,404.4669869445741,393.55280400586696,397.5424499511719,6427673.0
2025-07-16,398.4596372203496,411.3915534337877,397.7717681456151,409.14453125,6690619.0
2025-07-17,409.0986651805568,409.41967635345645,402.0365593240893,403.54986572265625,2643122.0
2025-07-18,403.5498760763807,405.2466254714132,393.9197085791034,394.9285888671875,3796647.0
2025-07-21,397.1297647396646,398.5972244335935,392.5898174342679,395.9374694824219,3426999.0
2025-07-22,397.12974453250126,401.34868044182485,392.956683355024,393.6903991699219,4216517.0
2025-07-23,394.8368882507395,399.8812619682286,392.8650023045235,398.5055236816406,2793895.0
2025-07-24,399.2391723365395,400.7983533278791,396.5794176949564,398.872314453125,2805754.0
2025-07-25,398.597192568782,398.8723289940074,385.3901123581593,386.8575439453125,3196808.0
2025-07-28,387.4995806455043,395.2037087219836,384.7481043332285,386.94927978515625,2551271.0
2025-07-29,386.5824428669782,391.2599584497388,384.702278480612,390.5262145996094,4743610.0
2025-07-30,388.8752966917155,399.78947984531214,381.5380269428152,390.93890380859375,6890461.0
2025-07-31,384.0602316477013,386.4906967694894,376.5853933341224,383.78509521484375,9826520.0
2025-08-01,386.0321459564249,386.1238674373199,368.7895711478845,370.3487243652344,3787580.0
2025-08-04,375.11794721134754,375.6223733528872,366.5883816123524,374.79693603515625,3277835.0
2025-08-05,372.2747462084033,372.2747462084033,361.8191416299184,369.1105651855469,7973897.0
2025-08-06,370.0735609733845,371.3575776440487,366.49664739458296,368.14752197265625,2150509.0
2025-08-07,367.78068053745216,369.7984411027705,359.6638195212138,369.064697265625,6318838.0
2025-08-08,373.2836410280258,380.9419227993441,366.4049498542907,375.5765380859375,12286666.0
2025-08-11,379.74958029927353,383.3723686630475,367.4138115462585,376.3561096191406,8713932.0
2025-08-12,380.52918654371615,380.52918654371615,373.1001945482645,374.2466430664063,4526566.0
2025-08-13,377.4108337400736,379.06170832978506,373.0084828411999,377.0439758300781,3543374.0
2025-08-14,378.3616591811476,382.2205773701501,370.64382280314265,371.1614990234375,6536476.0
2025-08-18,373.7027226863688,373.7027226863688,360.8553733837709,364.2907409667969,6525577.0
2025-08-19,365.1849006493162,374.45570863979947,363.4436782392312,372.3380126953125,4227710.0
2025-08-20,371.3497447761994,373.514517907685,367.1614299472448,367.82025146484375,5553949.0
2025-08-21,367.7261555724159,372.1968471116918,367.2555564630184,370.0320739746094,2094370.0
2025-08-22,369.890889290427,370.3144399658732,364.9025503642957,367.773193359375,2627075.0
2025-08-25,367.53788132701146,368.4790794866197,364.80841240876526,367.3025817871094,1235196.0
2025-08-26,365.3731137533607,368.3849304382239,359.4906256308703,360.4318237304688,4825204.0
2025-08-28,362.0318676093916,363.773089955348,358.40824893766376,359.3023986816406,3975225.0
2025-08-29,359.30240176347604,361.278923667107,352.9963625288174,353.79638671875,3112442.0
2025-09-01,354.83170337912173,363.02013879249057,354.45522986285965,362.5965881347656,2360108.0
2025-09-02,362.5966058478693,364.57312780865993,359.5377117037925,361.9848327636719,1630216.0
2025-09-03,360.47888136310223,368.6202393881736,360.47888136310223,364.4789733886719,2725471.0
2025-09-04,366.2202246554705,368.90264526489415,360.94950900105874,361.9848327636719,2609930.0
2025-09-05,362.07896391530784,363.8201576303327,357.84357195815335,361.0436401367188,2017875.0
2025-09-08,361.5612635937382,372.0556172220808,361.5612635937382,370.7379455566406,2956578.0
2025-09-09,370.8320934409278,373.6556880610364,366.4084503801884,366.9731750488281,1921681.0
2025-09-10,368.0084811570193,370.7379500808297,365.9378337124248,369.3732299804688,1897568.0
2025-09-11,368.0084641403103,381.9381847975629,368.0084641403103,374.4085998535156,3642055.0
2025-09-12,375.4910160131075,377.4675091632248,373.2321174591079,375.3027648925781,1389746.0
2025-09-15,375.302750054666,377.0910207366414,372.9027063397896,376.3380737304688,1227975.0
2025-09-16,378.1734126953834,379.3499104062614,376.6204414616422,378.3616638183594,1344352.0
2025-09-17,380.2440563696126,384.4794480866009,378.69108515133456,381.7970275878906,2545562.0
2025-09-18,381.8441089333697,385.1853509465416,381.0911331637627,384.5735778808594,1832949.0
2025-09-19,384.57358713342376,391.538448012098,384.1971136011069,388.7619018554688,4587363.0
2025-09-22,388.7618706508803,392.8090397869296,385.7029767713128,388.4795227050781,2571485.0
2025-09-23,388.71481477059456,400.2444914798919,388.71481477059456,399.350341796875,4865287.0
2025-09-24,400.9504238381001,405.6564147282187,397.8915297595231,399.91510009765625,7158456.0
2025-09-25,399.0680111791618,402.5504557848188,396.0091172255479,398.597412109375,2368804.0
2025-09-26,398.12682758554894,400.24452347696143,395.3032330636656,397.4209289550781,5579737.0
2025-09-29,397.46797607907416,418.2684614004375,396.7150290315949,415.7742919921875,11650349.0
2025-09-30,416.0566167856665,419.2567133669744,413.2330224302209,417.3272399902344,4266200.0
2025-10-01,417.4213536920615,423.4450157346577,407.9152472207479,408.8564453125,6469324.0
2025-10-03,413.1859970194931,420.7155823865909,406.4093586998696,420.0567321777344,6294835.0
2025-10-06,419.7743896852055,432.1511400490192,414.22132614923424,429.4687194824219,4323430.0
2025-10-07,429.9393200088553,437.84540775217766,426.3627783901821,427.5392761230469,8444885.0
2025-10-08,425.4215732923069,435.7747531733144,425.4215732923069,430.409912109375,4192443.0
2025-10-09,433.42175149709374,437.4688920848128,429.23340820728936,431.0687561035156,3613774.0
2025-10-10,429.6569433728634,434.221760016404,424.3391797197664,425.8921508789063,1709268.0
2025-10-13,427.7745830464528,430.1275785527589,417.8920019199671,424.809814453125,5914037.0
2025-10-14,425.5157026936528,428.10399768726006,414.6448464866489,416.6213684082031,1703812.0
2025-10-15,418.83318709972673,425.2804003311605,413.5154231654378,422.2685546875,6539175.0
2025-10-16,423.06856478187177,429.3746038218044,417.1390279771674,425.37451171875,5317330.0
2025-10-17,426.36276270474445,432.00995161474106,419.7743756430817,422.2214965820313,3262100.0
2025-10-20,423.5391583737955,430.6922699042816,423.5391583737955,426.3157043457031,2128923.0
2025-10-21,428.1981211215925,429.6569668033212,425.13922705344186,428.6216430664063,327276.0
2025-10-23,427.8216128179907,427.8216128179907,411.3506449918408,414.7860412597656,6169707.0
2025-10-24,410.5976875687768,417.8919731359012,406.6917210419665,412.6683349609375,4341566.0
2025-10-27,412.3389191103417,427.8216115885776,412.244793549845,427.0686645507813,5526263.0
2025-10-28,427.30396648877627,429.84521302100654,422.7862267904651,425.562744140625,4477594.0
2025-10-29,424.5744944295512,443.2102064516475,424.5744944295512,441.28076171875,8351676.0
2025-10-30,442.3631376760827,450.645670041208,437.2335961861352,442.1278381347656,9564962.0
2025-10-31,442.31607767981046,455.6340256251528,441.75135305081295,448.0103149414063,7891214.0
2025-11-03,453.1869122521613,458.7399756296366,451.82216343631,455.634033203125,6195012.0
2025-11-04,455.3045811299592,462.5047408543738,454.36338302943216,456.33990478515625,6047242.0
2025-11-06,460.2865838945745,460.2865838945745,448.6367684964164,449.9681701660156,5156374.0
2025-11-07,448.8745172902401,457.3384589516183,445.40335362838255,456.0545959472656,5059893.0
2025-11-10,456.0546077836645,461.42781127384126,454.3428097483528,458.3845825195313,2222672.0
2025-11-11,456.95807998708,465.5171283114997,446.97252360859017,463.9955139160156,6815234.0
2025-11-12,465.9926196424075,470.2246050419895,459.5733335554968,461.1424865722656,3568821.0
2025-11-13,463.1396117232208,466.3730241525412,458.2894785680497,462.2361450195313,2807895.0
2025-11-14,459.4306913893989,464.8038658241173,453.9624106149975,457.67132568359375,2456049.0
2025-11-17,459.3355743627754,468.0848350072087,458.76496536033335,462.6640930175781,3478922.0
2025-11-18,462.56898303399817,464.5661000156138,458.7649617442081,459.8586120605469,1780519.0
2025-11-19,458.9551769238906,461.2375839057525,452.0128206186857,453.7721862792969,3937809.0
2025-11-20,454.5805494530687,457.7664231250504,451.2044921277979,454.4854431152344,2859788.0
2025-11-21,454.2001610502887,454.58055738588456,447.1151595824981,448.7794189453125,2763162.0
2025-11-24,448.7794095695297,451.2520292328156,439.3644626039216,440.3630065917969,8097325.0
2025-11-25,439.1267252738237,439.36447661398273,430.5676770280967,432.9451904296875,6235243.0
2025-11-26,434.7045567428139,444.7852193837511,434.6569890612892,443.40625,3690761.0
2025-11-27,444.2145931279848,446.3067874296326,436.6540891850106,440.6958618164063,2236914.0
2025-11-28,439.3644543256916,439.8399569818882,433.3731324665656,435.0849304199219,1539822.0
2025-12-01,435.56045559410586,438.5085780194154,427.0014073400732,429.806884765625,2140607.0
2025-12-02,432.7074338230283,437.890424584366,425.09939103053546,428.38037109375,5323687.0
2025-12-03,428.8558543538461,432.99270421708354,424.76651412457886,428.61810302734375,4191593.0
2025-12-04,429.7593224640998,431.5186882094851,423.1973911916714,426.00286865234375,3132109.0
2025-12-05,426.0028408598008,429.8068621054831,423.5777599022509,428.2852478027344,2114565.0
2025-12-08,429.6641879299487,430.75786725557583,421.0100628171657,424.100830078125,3238893.0
2025-12-09,423.34001636879736,431.6613129969365,420.6296453768704,426.7636413574219,6794529.0
2025-12-10,428.427903528606,434.5143318697085,426.5258928581128,427.4768981933594,2723651.0
2025-12-11,429.66420093261854,429.80687495149897,421.7708682208643,426.0979309082031,2284129.0
2025-12-12,427.0013879227496,438.888954401668,426.5258852635928,437.3673400878906,2617358.0
2025-12-15,438.4609937441124,445.2131373601201,434.1339311217303,443.3111267089844,3139768.0
2025-12-16,443.2636080302296,445.3558024273497,437.652682160962,442.5503540039063,1508242.0
2025-12-17,443.16848810499647,448.63676880586286,441.69444143806265,442.64544677734375,2284665.0
2025-12-18,443.7390991903697,445.35579086128814,435.4178024327045,441.2664794921875,1217678.0
2025-12-19,443.1685015976333,447.3529194133924,439.8875214682694,446.7347717285156,3305705.0
2025-12-22,446.97251178252566,454.6280931945297,445.3557910884029,452.2505798339844,2896134.0
2025-12-23,453.6295361334608,454.0099324557216,448.2087942185119,451.8226318359375,1881359.0
2025-12-24,451.8226316996937,454.1050386549496,446.259244793372,447.6382141113281,1548951.0
2025-12-26,447.63823335748594,447.9235233557668,442.2650298700274,444.78521728515625,1095275.0
2025-12-29,445.546014928158,452.6310165290308,444.024400534813,450.919189453125,1617182.0
2025-12-30,451.9652871419271,457.1958165039063,444.49988942989904,445.7837524414063,5380500.0
2025-12-31,446.782305904732,476.35857836454136,446.0690518857127,474.5992126464844,11948717.0
2026-01-01,475.2649149764737,477.547321970284,468.84562898129377,474.1712646484375,3287789.0
2026-01-02,474.17126441929855,477.1193867534695,468.1799134132648,471.5559997558594,6513192.0
2026-01-05,470.89028910354455,483.5386775606495,464.1857130540061,468.2750244140625,8489981.0
2026-01-06,467.8946335945164,468.2274912724845,451.2520399199147,458.7174377441406,4341976.0
2026-01-07,459.3355797225191,461.2851290627,451.72753699419576,453.10650634765625,2548077.0
2026-01-08,451.7275263553226,451.7275263553226,426.9538494136297,430.0446166992188,6527619.0
2026-01-09,429.854408676445,432.8976373379734,424.4336666925912,426.7636413574219,7018633.0
2026-01-12,428.90341959265777,429.7593186166371,420.0590813075707,428.9509582519531,2794252.0
2026-01-13,428.9034203823696,431.28093379912326,423.2924945233069,426.8587646484375,1842284.0
2026-01-14,425.432241460642,426.2406017980513,415.827081794252,418.5849914550781,8097390.0
2026-01-15,418.5849914550781,418.5849914550781,418.5849914550781,418.5849914550781,0.0
2026-01-16,423.1973691567984,436.2736923610816,423.1973691567984,435.46533203125,8060832.0
2026-01-19,435.465343715384,437.4624607537357,429.4740216227087,430.9956359863281,2624525.0
2026-01-20,431.4235811520078,431.4235811520078,415.3040575119536,417.1109619140625,3948024.0
2026-01-21,418.4423594381152,420.4870151627117,407.03029508980296,408.0288391113281,5200234.0
2026-01-22,408.6470057952714,413.2118198137208,403.5115537465412,406.7449951171875,4751687.0
2026-01-23,408.93229158429153,410.5490122529952,393.4784549837224,394.5245666503906,6140298.0
2026-01-27,396.52170058276624,401.2291597502717,392.33725373736496,398.8041076660156,4221203.0
2026-01-28,400.37325565538447,415.9697377196693,397.52023958183065,412.0230712890625,5268771.0
2026-01-29,411.7853035500775,415.4942184935123,407.0302769501921,411.4049072265625,5427396.0
2026-01-30,409.8833060700106,414.4005814849353,402.7032272826086,406.0792846679688,6429392.0
2026-02-02,417.4438172408308,432.7074417644486,412.2608263843703,431.0431823730469,12394412.0
2026-02-03,446.9724938243718,452.4407743339253,422.3414622032066,428.61810302734375,9971651.0
2026-02-04,429.8544125650614,442.02726927653606,428.2376918823029,436.3688049316406,8077255.0
2026-02-05,443.59645130136977,450.39613366025714,432.80253491589065,436.3688049316406,5986826.0
2026-02-06,438.0806164655217,444.975405375665,437.12961109860544,440.4581298828125,4702809.0
2026-02-09,441.2664819442103,444.7852133445278,437.9379632226484,440.9336242675781,2723273.0
2026-02-10,440.6007639444335,442.50277463104425,434.8947318846012,438.6512145996094,2618235.0
2026-02-11,439.36446031571467,444.9753859308551,436.79673432829446,439.126708984375,2997852.0
2026-02-12,439.1742697403786,441.8371021988009,426.2881585423075,430.1872863769531,3949831.0
2026-02-13,430.18726428550855,432.9451739217202,426.7636393132827,428.1426086425781,1912866.0
2026-02-16,426.0503870510682,430.42501736544347,423.19737106635125,429.9019470214844,879388.0
2026-02-17,429.4740128226119,432.6123188025881,422.5316565003437,431.9941711425781,1420593.0
2026-02-18,433.7059770744714,436.226164462995,431.7564277212459,434.656982421875,1151972.0
2026-02-19,430.6152148039324,431.0907174832752,409.7882032531916,413.0691833496094,5262959.0
2026-02-20,408.9323089795408,414.162838513,405.8415415279512,409.7882080078125,4738497.0
2026-02-23,413.6873199567284,420.34435728936535,411.404912961443,417.0158386230469,2826172.0
2026-02-24,415.5893198781564,426.9538449254236,414.78095956133177,425.14691162109375,3515127.0
2026-02-25,427.6671161414726,432.4221428763239,411.2622739062358,415.3040466308594,5442008.0
2026-02-26,417.3011290611372,423.5302314139202,414.68586439194223,422.2463684082031,4463697.0
2026-02-27,422.2463792067308,422.2939178657073,414.7334426784744,417.2536010742188,5341791.0
2026-03-02,400.4683394785707,414.2579163920696,395.5706679654934,403.7017517089844,12250296.0
2026-03-04,393.5259898989488,395.9986095360021,380.4972344253337,381.7810974121094,6582702.0
2026-03-05,384.0159507768194,405.6037839463386,380.4972483764106,397.900634765625,10165454.0
2026-03-06,399.42223771651504,399.42223771651504,382.3992481516442,385.109619140625,7196619.0
2026-03-09,366.3272831588232,370.3690560147083,352.014634808672,365.7091064453125,24836194.0
2026-03-10,376.598107965336,386.7263088523521,362.4281344549544,368.3719177246094,11411957.0
2026-03-11,369.70332158720953,374.2681355566979,364.1875022888794,365.4237976074219,7883718.0
2026-03-12,357.9584165745197,369.7984450767199,349.49447455972626,365.5189208984375,8573492.0
2026-03-13,360.9540738485425,360.9540738485425,348.3532527912067,350.6832275390625,5816666.0
2026-03-16,343.312917578902,347.0694001696725,331.23513850941833,336.4656677246094,14657696.0
2026-03-17,336.79854283438885,337.65444185491623,323.3418227790882,329.2380676269531,14666300.0
2026-03-18,332.851881821194,338.03487273279063,329.28561165882405,332.2337341308594,9319269.0
2026-03-19,323.5320417063512,323.5320417063512,305.7482295012161,308.88653564453125,25818465.0
2026-03-20,313.879306124874,328.4297054844544,313.879306124874,319.8230895996094,24169602.0
2026-03-23,308.12571769857965,313.4988918477983,300.70788795552824,303.5133361816406,13182560.0
2026-03-24,314.782764671589,321.86776599897985,303.94130969885606,320.298583984375,11512642.0
2026-03-25,328.09684886488805,331.8533316420034,321.0118473311724,327.1458435058594,13128269.0
2026-03-27,335.2293914361533,340.1746309471424,321.6775649738408,324.1977233886719,15593599.0
2026-03-30,315.7337811671236,324.8634384752274,309.0767436123951,318.9671936035156,10584452.0
2026-04-01,332.85187164481704,332.85187164481704,316.8749934148178,319.1098327636719,10224051.0
2026-04-02,312.8807564951891,313.4989041609924,302.6574491021092,310.0277404785156,7595679.0
2026-04-06,310.0277455541827,314.40237598917787,302.18195137988204,311.977294921875,5089386.0
2026-04-07,309.07674885570594,316.4470405591881,303.8937579197886,315.1631774902344,10264622.0
2026-04-08,336.65588202964136,349.6370987949526,333.80286608023766,346.4036865234375,25974676.0
2026-04-09,344.0737084599534,345.119820102118,336.94116865753006,340.4598999023437,13372048.0
2026-04-10,343.3129219598852,348.92384756694213,339.5564393211785,342.9325256347656,6347879.0
2026-04-13,329.1429440813192,333.80286430272184,324.10259851745184,332.28125,9327976.0
2026-04-15,344.5492172281084,351.7768634939744,344.2639272399,348.68609619140625,11204269.0
2026-04-16,352.4901375576683,353.67889428019004,347.83021700985927,352.1097412109375,6336442.0
2026-04-17,349.0189520863745,354.5347713278342,346.9267287755427,352.6803283691406,6278506.0
2026-04-20,350.92096863999194,364.5679010026898,350.1126083007085,360.9065246582031,10194682.0
2026-04-21,359.4800085646108,368.9900617012407,359.0520445645108,365.5664367675781,7474015.0
2026-04-22,357.86328471398934,367.9915144315982,357.86328471398934,363.80706787109375,4754747.0
2026-04-23,358.8618629282819,360.3359095637768,352.9180796845459,358.43389892578125,6774817.0
2026-04-24,356.6270085223707,357.9584102163782,350.635686388147,355.20050048828125,5655425.0
2026-04-27,357.57799484686365,366.08950393953705,354.4872276041714,362.2379150390625,4117585.0
2026-04-28,360.9065241051536,363.4742501148536,356.6270001039067,361.4295654296875,4591112.0
2026-04-29,361.42956637047496,365.6615517250089,359.0045143724079,361.95263671875,4777651.0
2026-04-30,356.6269996530667,358.33879764244966,351.2062576493883,356.19903564453125,5370044.0
2026-05-01,356.19903564453125,356.19903564453125,356.19903564453125,356.19903564453125,0.0
2026-05-04,360.4310274583098,361.3820328078041,354.2494926865974,355.5333557128906,7346729.0
2026-05-05,351.87198696044834,357.5780191814286,347.4973564532207,355.5809020996094,6212198.0
2026-05-06,360.4310372322087,382.6845572093517,358.9094228272799,379.641357421875,12641387.0
2026-05-07,379.83151801478255,384.44389960925184,368.0390578819554,377.0736083984375,11241091.0
2026-05-08,374.22059714147287,375.7422114730805,366.1370518410853,368.0390625,7720086.0
2026-05-11,364.2350341485087,364.61543046847,356.722097995352,359.289794921875,5392032.0
2026-05-12,352.34746445452856,356.6745269704573,345.88064000871407,351.77685546875,8973439.0
2026-05-13,354.1543767770515,372.7940869279235,352.3950111235536,370.9871826171875,16477697.0
2026-05-14,369.75087331597,369.75087331597,352.7754508139415,359.05206298828125,10745610.0
2026-05-15,352.06220210310977,353.9642128567249,345.4051644654569,348.4483642578125,13799583.0
2026-05-18,342.3619075314816,344.5016694535534,338.36767366799626,341.3157958984375,7102917.0
2026-05-19,345.3575700938104,354.15436914946,344.7869611073466,352.8229675292969,5849675.0
2026-05-20,349.01895023996263,364.7105379210509,345.9281829694453,363.9972839355469,9746627.0
2026-05-21,367.8013052073445,372.2234741131833,365.7090819074914,369.7508544921875,7148227.0
2026-05-22,369.7508742545206,371.8430976661982,366.4699231591295,370.5592346191406,3800324.0
2026-05-25,383.2551550192317,392.3372444783533,382.4943623502299,383.5880126953125,10214359.0
2026-05-26,383.4453614048061,383.540438720086,377.26382674787885,378.5001220703125,4241199.0
2026-05-27,378.5001139580466,384.3963584980029,373.93530007202673,383.1600341796875,8615664.0
2026-05-28,383.1600341796875,383.1600341796875,383.1600341796875,383.1600341796875,0.0
2026-05-29,387.0591814749432,388.9611921947218,370.8920903568251,374.553466796875,12624474.0
2026-06-01,374.7436304668249,376.6456410851514,365.6140027167608,369.5606689453125,4888011.0
2026-06-02,365.9944149125913,371.8906306717509,364.2350492098432,364.94830322265625,4707348.0
2026-06-03,360.33591904934593,367.4684591295879,360.0981677133379,365.2811584472656,4660225.0
2026-06-04,364.0448285073273,371.7479774804078,363.6168935224992,368.0390625,4806376.0
2026-06-05,368.0390728837936,370.7018762724503,364.9483054758547,366.1846008300781,3003625.0
2026-06-08,362.1428250987945,362.5232504560974,353.15584196892365,354.4872436523437,4236128.0
2026-06-09,357.5779952603485,364.4727837327888,353.9641867044348,363.2840270996094,6667087.0
2026-06-10,362.85607891805415,366.0419526383091,355.43824881265505,356.056396484375,4575738.0
2026-06-11,351.9195036931474,354.0117269861001,343.4080235739338,347.7826538085937,10518376.0
2026-06-12,359.1947351910206,371.9382011789716,353.7739930434987,369.8459777832031,14100531.0
2026-06-15,386.7738772633754,389.864644569441,380.4496686345993,381.9712829589844,9648829.0
2026-06-16,385.91794336083393,385.91794336083393,377.2638182538848,382.1139221191406,5228607.0
2026-06-17,386.5836786851028,390.3877001235786,381.5433618880745,382.92230224609375,6771647.0
2026-06-18,385.15714880715865,385.91794144276446,379.07072065517553,381.9237365722656,4369524.0
2026-06-19,380.5923395475255,380.687416861341,370.8920737032578,372.8891906738281,5929061.0
2026-06-22,379.54623615216445,379.68888114837046,372.7940924487445,373.98284912109375,3777496.0
2026-06-23,376.5981168404419,380.4972445617002,373.74510080377183,377.3113708496094,4766451.0
2026-06-24,377.1211616334065,393.7162166746601,376.1226176203576,392.6701049804688,7705798.0
2026-06-25,397.9957436833647,399.4222517252405,387.5346847096084,389.1989440917969,5756207.0
2026-06-26,389.1989440917969,389.1989440917969,389.1989440917969,389.1989440917969,0.0
2026-06-29,385.4424547361365,386.91653043437793,369.46557654840086,370.5116882324219,10317020.0
2026-06-30,373.8877296458467,376.5505619117753,370.5116724239483,375.1240539550781,5216033.0
2026-07-01,376.5981056063849,376.8358569356819,371.55778903424095,372.8891906738281,3826057.0
2026-07-02,375.59958066605947,386.393468345226,375.31426164301695,379.9741821289063,5739322.0
2026-07-03,382.3516765730216,382.7321019182046,378.0246139841671,379.6888732910156,2558215.0
2026-07-06,380.402127685362,384.0159362894212,378.0246143873285,380.7349853515625,3075355.0
2026-07-07,383.35026734075177,387.1542887898837,381.5433629568901,386.0606384277344,5627837.0
2026-07-08,375.6471110933703,377.3589091045906,364.3301532978181,367.89642333984375,18852390.0
2026-07-09,367.896412758592,374.6960949720092,364.0923914898406,372.8891906738281,4266757.0
2026-07-10,375.7422199077201,379.26092229227226,375.0765045532042,375.9324035644531,3011646.0
2026-07-13,369.2278226012276,374.8387482928167,366.6600965788222,372.4136962890625,7267088.0
2026-07-14,365.85177835535467,368.7998717917621,362.9511945562321,367.0880737304688,8994389.0
2026-07-15,367.89642872101103,376.503015606035,367.84886103966033,375.0765075683594,4460216.0
2026-07-16,377.5491055270208,385.917940589701,375.5044499287683,379.8315124511719,5278606.0
2026-07-17,381.35314074586825,383.58800909586233,377.1687230608633,380.7825317382813,5951111.0
2026-07-20,376.88341255821496,387.7248968800953,373.4598164801268,385.5375671386719,8657829.0
2026-07-21,385.1571552113703,389.8646431617943,384.72919120773935,387.0116271972656,4144207.0
2026-07-22,382.30413530159353,383.255140613289,373.8877324886125,375.8373107910156,4699577.0
2026-07-23,366.1370486098318,368.4670232553915,358.1010420378851,366.2796936035156,16608337.0
2026-07-24,362.3330247676048,364.56789306080464,353.8215155952147,362.4281311035156,8650504.0
2026-07-27,371.0822895998718,376.7407538728767,367.8488482754355,374.6485595703125,7119104.0
2026-07-28,376.9785128102174,381.97129086956943,371.7004447564258,380.4496765136719,5800724.0
2026-07-29,380.35460492988005,380.449682247873,373.0793907158385,373.5073547363281,5674023.0
2026-07-30,373.5548797274189,374.0303823895069,367.3258064630171,369.41802978515625,6084665.0
2026-07-31,371.6528713801939,372.69898304774057,366.707661077287,370.6543273925781,7761816.0
2026-08-03,377.4539989979867,379.3084709479933,372.88918515203306,375.6470947265625,4909326.0
2026-08-04,375.64712232100095,375.6946609806969,371.4151368023564,372.318603515625,4974075.0
2026-08-05,378.9280976202264,381.4006883404055,374.2206094753079,375.5995788574219,6047719.0
2026-08-06,377.4539989979867,379.35600960419714,373.2695814687994,375.6470947265625,4603878.0
2026-08-07,373.6975557416182,376.07506906476783,372.79408906986953,373.7926330566406,5095295.0
2026-08-10,375.6471220910398,376.97852380789897,371.9857456028915,373.88775634765625,6272362.0
2026-08-11,372.60387710421367,375.07649676947113,366.75520012261,371.700439453125,10390810.0
2026-08-12,372.7941005608975,373.7451059194712,366.8978557287883,370.89208984375,10513694.0
2026-08-13,373.5073488993438,374.22060290742655,370.4165815309851,373.6499938964844,9450914.0
2026-08-14,374.0,374.9500122070313,371.0,373.5,8013809.0
2026-08-17,372.0,373.6499938964844,367.0,371.0,3669991.0
2026-08-18,368.8999938964844,373.75,365.9500122070313,366.0,5320731.0
2026-08-19,367.0,368.0,364.6000061035156,366.4500122070313,2352028.0
2026-08-20,367.5,368.8500061035156,363.2000122070313,363.2000122070313,3121502.0
2026-08-21,364.0,367.0,362.25,363.25,3747655.0
2026-08-24,365.0,372.6000061035156,364.2999877929688,371.9500122070313,4491188.0
2026-08-25,372.5,374.1499938964844,369.5,373.2000122070313,5703835.0
2026-08-26,376.0499877929688,381.7000122070313,373.3999938964844,375.5,3071299.0
2026-08-27,375.4500122070313,376.25,368.8999938964844,371.0,3872498.0
2026-08-28,370.0,370.8999938964844,363.8500061035156,364.0,3150636.0
2026-08-31,362.0,365.75,355.3999938964844,365.75,7728957.0
2026-09-01,361.0,364.5499877929688,358.1000061035156,363.1000061035156,1725511.0
2026-09-02,358.29998779296875,362.8999938964844,355.3999938964844,359.0,7705518.0
2026-09-03,358.0,361.6000061035156,357.3500061035156,361.3500061035156,2429261.0
2026-09-04,359.8999938964844,360.04998779296875,355.54998779296875,356.5,3155139.0
2026-09-07,355.0,356.8999938964844,349.54998779296875,356.8999938964844,3859485.0
2026-09-08,353.3999938964844,355.95001220703125,346.0,347.0,3433819.0
2026-09-09,345.54998779296875,350.8999938964844,343.54998779296875,348.8999938964844,5786455.0
2026-09-10,347.0,353.8500061035156,346.95001220703125,352.6499938964844,2991765.0
2026-09-11,346.5,354.8999938964844,340.1000061035156,352.0,5835890.0
2026-09-14,352.0,352.0,352.0,352.0,0.0
2026-09-15,352.6499938964844,355.20001220703125,344.20001220703125,345.29998779296875,2494296.0
2026-09-16,347.0,352.25,343.04998779296875,350.04998779296875,3786470.0
2026-09-17,352.25,353.6499938964844,350.3500061035156,350.6000061035156,2170850.0
2026-09-18,352.3999938964844,359.0,350.5,359.0,6539998.0
2026-09-21,356.8500061035156,359.8500061035156,355.5,357.6000061035156,1629936.0
2026-09-22,359.20001220703125,365.2000122070313,354.70001220703125,360.7000122070313,5830757.0
2026-09-23,362.5,364.65,358.0,360.0,1968247.0
