Date,Open,High,Low,Close,Volume
2021-09-23,1508.524089928035,1519.846730325878,1499.0304701766397,1517.712890625,3826090.0
2021-09-24,1531.1697244858783,1557.2989006716446,1526.3357843635558,1536.264892578125,8280446.0
2021-09-27,1540.5327360352849,1540.750479178187,1496.4179540192567,1499.074462890625,5045337.0
2021-09-28,1489.3630166815442,1489.3630166815442,1458.878978328413,1469.417724609375,6557197.0
2021-09-29,1445.1613454121327,1481.8728632613904,1441.4597117113633,1473.9034423828125,7792548.0
2021-09-30,1483.2661787983272,1483.2661787983272,1454.6111620660795,1459.0531005859375,6914031.0
2021-10-01,1450.2563356034425,1462.319283856379,1446.9031126334762,1450.2999267578125,5733906.0
2021-10-04,1456.7015632635075,1470.201637541884,1450.517679535455,1462.1451416015625,2947154.0
2021-10-05,1455.394839760365,1483.2223646353757,1448.4270607549292,1474.382080078125,4373310.0
2021-10-06,1482.4822902737767,1488.492021865943,1454.524093924005,1457.6160888671875,4271698.0
2021-10-07,1469.3305632299673,1484.3112472506546,1460.3160193905471,1472.814453125,5476108.0
2021-10-08,1485.2259570483295,1508.0889867346034,1479.2598162798895,1501.426025390625,4738376.0
2021-10-11,1464.9757128474755,1506.7823919299244,1449.0368739193389,1472.7708740234375,8840633.0
2021-10-12,1460.6209130640475,1471.072583282753,1447.5563252906663,1467.7193603515625,7439300.0
2021-10-13,1477.1257522003684,1492.5420290685638,1463.277374662343,1488.6661376953125,7104171.0
2021-10-14,1527.6859172658185,1553.4666845714337,1479.0856043938277,1494.3712158203125,19655776.0
2021-10-18,1515.4922131177411,1566.8795927579404,1515.4922131177411,1560.9134521484375,13438109.0
2021-10-19,1579.944155219386,1597.799091923905,1552.3343687944996,1587.0426025390625,10324260.0
2021-10-20,1593.3570895202022,1609.5571565198998,1562.5682333583247,1569.7972412109375,5876115.0
2021-10-21,1579.9441517799685,1579.9441517799685,1521.4583257794832,1527.3809814453125,8779629.0
2021-10-22,1524.11481075835,1535.6986813056806,1486.7500689564513,1497.8985595703125,7369809.0
2021-10-25,1499.858350257659,1506.564796489911,1469.5048712675496,1487.229248046875,5905209.0
2021-10-26,1502.606510485687,1517.1487911115623,1490.173003745535,1497.0267333984375,5871709.0
2021-10-27,1501.7713769207796,1523.782638320306,1494.785823536902,1519.21337890625,5090259.0
2021-10-28,1510.7782558388171,1515.5232115381268,1486.790041503548,1497.2025146484375,5329972.0
2021-10-29,1492.8966047069405,1504.8467856229756,1459.5503108556832,1465.4375,5875091.0
2021-11-01,1474.0049226994552,1500.102016130917,1472.6868855107523,1493.8194580078125,3636806.0
2021-11-02,1489.3820710857717,1499.4430457112571,1481.7813682676249,1491.9302978515625,3471772.0
2021-11-03,1501.6836622957965,1509.108562016102,1492.896747946494,1495.97216796875,3530713.0
2021-11-04,1506.955843008158,1508.713225915456,1498.1689284716672,1501.4200439453125,483407.0
2021-11-08,1520.1361328125,1529.80173828125,1496.41146484375,1526.726318359375,5245903.0
2021-11-09,1524.3101357414869,1537.7101816098009,1516.621584833438,1531.1199951171875,4016134.0
2021-11-10,1516.6211841497086,1538.5444891849152,1513.0624414790395,1529.0546875,4780368.0
2021-11-11,1522.7282608636551,1528.703405453859,1501.6836441561402,1523.035888671875,4731349.0
2021-11-12,1531.559300788472,1566.575135983444,1527.209820722073,1564.24658203125,5069009.0
2021-11-15,1565.915958976433,1581.6445568553663,1560.116617053724,1570.3533935546875,4354074.0
2021-11-16,1572.8576289550256,1589.508788323187,1561.4346405883132,1574.878662109375,6034233.0
2021-11-17,1575.0981105955,1583.4017003590163,1564.6855330270612,1570.61669921875,4732492.0
2021-11-18,1565.476535154988,1572.3742410091222,1545.618131495533,1563.54345703125,4326924.0
2021-11-22,1567.5855143323686,1568.815703789317,1538.7205222501443,1545.9697265625,6621839.0
2021-11-23,1524.6175312167047,1535.2936539110958,1502.5623970170118,1526.19921875,8436160.0
2021-11-24,1528.923167102742,1529.362512840415,1483.231210384729,1490.2607421875,7333061.0
2021-11-25,1493.7754205362603,1516.7970929361409,1491.0953687886788,1513.4581298828125,4476260.0
2021-11-26,1496.01598951676,1509.8992483843338,1479.7162221928609,1486.438232421875,4494181.0
2021-11-29,1485.867137758942,1504.319656915026,1466.6677523751573,1490.568115234375,3942776.0
2021-11-30,1497.773611644452,1520.048419306774,1493.8194999672771,1504.8909912109375,14808963.0
2021-12-01,1506.9557676104166,1530.59258798338,1505.1983847910458,1506.867919921875,5193264.0
2021-12-02,1506.9556323902027,1538.1491746350146,1503.7483875802125,1536.172119140625,5559574.0
2021-12-03,1556.2502305587047,1569.913923973845,1522.3767433293804,1525.0128173828125,6754012.0
2021-12-06,1520.1360551467185,1523.6068431192248,1486.3064377344938,1489.6455078125,3991449.0
2021-12-07,1494.7419695434742,1515.654868474255,1488.5032818453103,1504.01220703125,4202122.0
2021-12-08,1522.7722156867264,1546.3211884129332,1522.4207176698017,1540.653564453125,3029169.0
2021-12-09,1545.6180646900336,1554.7564760644466,1530.6803119329384,1549.5281982421875,2082171.0
2021-12-10,1546.496909194259,1549.7920020405534,1534.1952292347592,1545.837890625,1823469.0
2021-12-13,1552.691619157812,1556.4699276693766,1527.8685881008832,1533.0089111328125,4040584.0
2021-12-14,1520.9269292908916,1549.1329011030184,1502.8697785484514,1539.59912109375,4768144.0
2021-12-15,1533.316447831235,1535.9085444800232,1512.4035502224383,1523.8265380859375,3053149.0
2021-12-16,1548.825573419924,1561.9619682661307,1544.7396365465954,1556.6898193359375,4481031.0
2021-12-17,1599.2183437253605,1618.549554473689,1587.5756827064808,1599.9652099609375,18887243.0
2021-12-20,1583.1382500746142,1607.6977390246543,1570.4851797435072,1580.677978515625,5773891.0
2021-12-21,1582.523173111217,1615.0347541246067,1582.523173111217,1591.8372802734375,5353584.0
2021-12-22,1603.6117948544356,1607.2583855937914,1592.496327262333,1603.34814453125,4156428.0
2021-12-23,1609.1039447683086,1635.772212584802,1605.3695055790852,1632.2574462890625,4112933.0
2021-12-24,1645.7451196749826,1648.2054986567352,1629.0939594879846,1637.4415283203125,3780347.0
2021-12-27,1634.3659241624905,1647.1069488401015,1621.2295312790468,1639.7698974609375,2647733.0
2021-12-28,1652.5548702377228,1665.9110438520706,1650.5339443784728,1658.9693603515625,3340933.0
2021-12-29,1655.0151681366292,1664.065732003417,1648.7764809648074,1656.8165283203125,3236635.0
2021-12-30,1655.8940269931556,1678.124963441618,1646.9752873799528,1663.2310791015625,4584738.0
2021-12-31,1660.7266893716478,1668.0637408590385,1644.602724183878,1658.7496337890625,4619420.0
2022-01-03,1658.7495350628487,1681.8591596242486,1658.7495350628487,1668.1514892578125,3329616.0
2022-01-04,1668.151697346698,1675.3570314082458,1650.1825005622568,1668.766845703125,3921999.0
2022-01-05,1669.5135974739028,1672.0618238908942,1616.792115448411,1620.8780517578125,6995719.0
2022-01-06,1606.2478877431283,1606.2478877431283,1581.6445284122708,1597.2852783203125,6449205.0
2022-01-07,1595.2202481604722,1613.2773992100788,1587.619653412898,1594.2098388671875,4834389.0
2022-01-10,1594.824820939357,1643.0649981325937,1593.0674382165591,1626.238037109375,7857560.0
2022-01-11,1629.972440435956,1643.152810574252,1625.710808876999,1630.4996337890625,5142287.0
2022-01-12,1642.1863497006073,1659.848025074008,1634.3659749272922,1649.6990966796875,5362535.0
2022-01-13,1673.907008333963,1680.497193406144,1639.9455664762318,1666.7017822265625,14277630.0
2022-01-14,1653.6970874523536,1698.510345401381,1652.8183961200198,1695.3031005859375,7688506.0
2022-01-17,1703.3870879152166,1716.87497811888,1696.3135799399108,1704.2218017578125,5262464.0
2022-01-18,1688.9327940218743,1709.0548494342218,1679.574708740925,1687.74658203125,3690315.0
2022-01-19,1683.5728166181689,1683.5728166181689,1636.8703446421212,1640.5609130859375,5747770.0
2022-01-20,1620.3069609598556,1623.8217266018507,1595.264255760639,1602.469482421875,5533463.0
2022-01-21,1577.2510967324367,1588.6740851767383,1560.5559597753802,1569.0792236328125,8252758.0
2022-01-24,1550.89025964962,1554.097504585174,1518.3786791357186,1526.1112060546875,7116712.0
2022-01-25,1517.1485371127924,1528.923023226851,1494.214713216816,1513.2384033203125,9137653.0
2022-01-27,1495.532836776369,1502.298717986189,1463.0212533681874,1474.971435546875,11231734.0
2022-01-28,1477.0801399370898,1517.983264646861,1475.7621029294123,1481.6492919921875,10998502.0
2022-01-31,1509.591964395572,1537.270746047761,1507.2634105184352,1525.5841064453125,8788872.0
2022-02-01,1551.856926666537,1564.0707591029711,1524.265994070383,1557.085205078125,5119935.0
2022-02-02,1571.9789834277135,1575.3180537987653,1557.0412289736769,1570.3094482421875,4253717.0
2022-02-03,1563.1920737397209,1563.1920737397209,1523.6509588896436,1527.6490478515625,3832922.0
2022-02-04,1521.8933349019508,1541.1805660739485,1502.6939514077194,1529.889404296875,4700077.0
2022-02-07,1513.282100806431,1521.8933183764575,1489.7332385283169,1506.95556640625,4310209.0
2022-02-08,1502.5623164200597,1515.7426876167267,1490.2606366365032,1508.976806640625,6053401.0
2022-02-09,1524.529382175135,1531.5589124675853,1515.7424693095722,1526.5504150390625,3867244.0
2022-02-10,1542.6744279720942,1558.7105444639826,1536.611436448764,1554.93212890625,4334630.0
2022-02-11,1528.923139634157,1534.1513109136818,1505.1984702260409,1512.5355224609375,7551371.0
2022-02-14,1484.9886020779093,1510.0752867515978,1474.6639771818056,1478.134765625,7459637.0
2022-02-15,1492.896618085269,1534.8541304534688,1485.383764065274,1527.38525390625,4669915.0
2022-02-16,1527.3853683173847,1542.4988179107663,1517.3682646277543,1523.035888671875,5350642.0
2022-02-17,1532.4378490996394,1536.8313062358195,1511.6129051790003,1515.5670166015625,3937950.0
2022-02-18,1502.5622537515017,1513.5458959572877,1496.850759804493,1499.8822021484375,5602215.0
2022-02-21,1494.6541280390445,1526.5506699725988,1486.3065594227182,1520.751220703125,5120890.0
2022-02-22,1493.6873792303204,1538.5884837161573,1485.9109825897194,1523.958251953125,8878515.0
2022-02-23,1537.7097883253057,1544.958991613125,1523.12353407133,1531.4271240234375,5478811.0
2022-02-24,1485.0763695246333,1506.9118301831932,1467.8540388895212,1474.5760498046875,13592379.0
2022-02-25,1506.9555976255283,1518.5104098119332,1473.565327823913,1489.0302734375,9737281.0
2022-02-28,1478.134716304049,1518.4228051512885,1463.0212662482625,1507.4830322265625,15076542.0
2022-03-02,1502.5622527750063,1506.4285162813565,1485.867116633062,1496.2357177734375,6771489.0
2022-03-03,1511.5248984753623,1523.5630349736196,1498.6521553167977,1512.0960693359375,7344147.0
2022-03-04,1489.6015651994855,1525.408239012716,1477.0802130071288,1514.2489013671875,9074499.0
2022-03-07,1491.1392344591268,1538.5885677889987,1490.260543101166,1528.7911376953125,9742588.0
2022-03-08,1509.9872022162124,1581.644529208251,1509.9872022162124,1562.489013671875,10984500.0
2022-03-09,1573.7363895823908,1609.411241059636,1573.7363895823908,1593.3751220703125,10193515.0
2022-03-10,1620.9657753697693,1620.9657753697693,1590.6069480556373,1604.4024658203125,6547182.0
2022-03-11,1593.9461769078878,1609.2354285026502,1591.310102745416,1600.9757080078125,4758657.0
2022-03-14,1609.3674043195065,1665.1203351700804,1609.3674043195065,1661.3419189453125,10289724.0
2022-03-15,1659.2767472197927,1659.2767472197927,1608.0051297006162,1616.177001953125,7140443.0
2022-03-16,1638.7594929307566,1664.1975665515567,1624.7004302568198,1660.1995849609375,5233979.0
2022-03-17,1689.9871323532464,1689.9871323532464,1610.6852372652634,1629.6209716796875,17731459.0
2022-03-21,1635.2445864629065,1658.002713659227,1617.7586073153643,1628.259033203125,8362085.0
2022-03-22,1625.579059476518,1660.7267148165508,1615.9134542580089,1658.442138671875,5709382.0
2022-03-23,1666.8775046856963,1669.5135787574188,1631.7298503960667,1645.26171875,6192824.0
2022-03-24,1630.9831884689734,1664.7688324815458,1630.9831884689734,1657.8271484375,3784303.0
2022-03-25,1662.484063890411,1664.2414466217965,1632.6085574568626,1648.9083251953125,3438588.0
2022-03-28,1639.6381504800763,1652.7306737771728,1627.9076417562392,1646.579833984375,4008555.0
2022-03-29,1646.5797700005269,1660.1994861553353,1634.849261732521,1657.2119140625,3917785.0
2022-03-30,1678.3005006424887,1686.208722896825,1665.1201302185948,1672.984375,7795839.0
2022-03-31,1669.5137000617442,1680.9366885358509,1664.417246914596,1675.53271484375,5399145.0
2022-04-01,1657.958724910411,1678.564101084847,1650.4459783492766,1672.6329345703125,6171518.0
2022-04-04,1660.5071270406477,1663.362874183329,1645.7890456129824,1654.531982421875,7364074.0
2022-04-05,1655.27912549965,1660.375471949798,1631.861975078566,1635.332763671875,5472024.0
2022-04-06,1629.9725526181892,1632.169281125761,1601.107561481124,1606.9947509765625,5407453.0
2022-04-07,1600.1409496978658,1606.379636923527,1588.2786162958694,1591.31005859375,5797544.0
2022-04-08,1601.8546631351082,1615.0350361175692,1588.674290152647,1594.4736328125,5131446.0
2022-04-11,1593.946182924903,1593.946182924903,1548.737553772707,1552.2523193359375,8248407.0
2022-04-12,1544.3002774245751,1544.3002774245751,1518.1592058721535,1531.075927734375,6456184.0
2022-04-13,1542.0594523193558,1544.3001583273306,1521.8935272961232,1536.4359130859375,6257693.0
2022-04-18,1410.7392326254023,1449.841005189607,1397.119514091803,1424.71044921875,30523965.0
2022-04-19,1438.110326839995,1438.110326839995,1361.9716942234015,1372.5159912109375,17044923.0
2022-04-20,1383.9389289365774,1402.6550983089537,1373.3946323351558,1395.0982666015625,10678747.0
2022-04-21,1401.5126410033474,1429.806458311857,1396.4601659652476,1422.425537109375,7766514.0
2022-04-22,1409.728504477574,1415.3081733294175,1390.4412714487692,1393.1212158203125,8134245.0
2022-04-25,1382.0058512029284,1382.0058512029284,1365.5742579702844,1371.72509765625,7000570.0
2022-04-26,1385.8721112277144,1398.8767875849935,1376.5141331003783,1389.211181640625,5345435.0
2022-04-27,1381.961856821622,1381.961856821622,1362.2791486149092,1364.4320068359375,8819356.0
2022-04-28,1379.545574627146,1407.4880056040677,1368.517954039761,1390.6170654296875,9245177.0
2022-04-29,1397.1192785504973,1403.5337684574995,1371.4615334467492,1377.3927001953125,9831395.0
2022-05-02,1362.7625430622788,1364.3881007348616,1345.276562373256,1354.0634765625,7072627.0
2022-05-04,1359.5554279531984,1379.545659645514,1344.52982470503,1349.2747802734375,6220959.0
2022-05-05,1370.8025337737408,1396.5921043901596,1368.5178503702025,1392.857666015625,6144870.0
2022-05-06,1361.9717522559292,1372.384224522361,1348.8353579374136,1355.6890869140625,6171472.0
2022-05-09,1353.1848843470543,1394.3076886723288,1337.500262821824,1379.8531494140625,6832202.0
2022-05-10,1369.0012452272315,1378.7986761047448,1358.5009255643938,1364.6077880859375,6212545.0
2022-05-11,1361.9277121263535,1361.9277121263535,1328.2299179037932,1341.5421142578125,7846080.0
2022-05-12,1330.3388057853947,1342.201139918884,1321.8155419424827,1325.7696533203125,7034979.0
2022-05-13,1334.9959664754049,1343.7389035215306,1316.3676433280884,1321.9034423828125,6723761.0
2022-05-16,1326.8242699820564,1328.4498279332458,1299.2773107298929,1308.4595947265625,6145331.0
2022-05-17,1313.556023795679,1340.0046180837876,1301.2543420558934,1334.2491455078125,6516378.0
2022-05-18,1337.3682641118933,1361.70797213733,1322.694161149026,1326.1209716796875,6594126.0
2022-05-19,1301.3420497086145,1304.593165199384,1245.6769672791786,1254.0245361328125,16561140.0
2022-05-20,1276.7387215514266,1288.8207294119445,1271.20292231775,1278.6279296875,10488908.0
2022-05-23,1278.5837480095963,1307.4927145622214,1274.1464210976928,1290.2703857421875,5887569.0
2022-05-24,1290.44632208003,1291.281143366608,1261.1419818568445,1266.1944580078125,5693167.0
2022-05-25,1260.9221361098096,1267.5123214901744,1229.5089191300704,1239.3502197265625,9630092.0
2022-05-26,1245.98435370499,1256.528650069207,1236.3627261774936,1251.2125244140625,13040065.0
2022-05-27,1268.7864314520264,1289.040311563104,1263.0310670153488,1284.07568359375,8284860.0
2022-05-30,1306.614218168776,1344.397951444672,1304.856835225711,1341.586181640625,10904213.0
2022-05-31,1341.4971403772934,1347.9795623962705,1321.4728713370666,1335.1923828125,16033857.0
2022-06-01,1343.5395760270444,1345.0935709100895,1307.2204739379729,1312.9481201171875,8738508.0
2022-06-02,1317.78779937987,1344.2944932066457,1310.3286014773466,1339.0997314453125,7205840.0
2022-06-03,1354.107037116939,1380.8357328382388,1347.9798343719913,1351.265380859375,9395707.0
2022-06-06,1346.2036506605543,1364.496369880414,1325.779716646575,1358.6800537109375,6624883.0
2022-06-07,1349.6224971381034,1349.6224971381034,1334.3045457286844,1337.9453125,4904592.0
2022-06-08,1349.9331029298305,1349.9331029298305,1324.89162890625,1331.99560546875,4697608.0
2022-06-09,1318.675639841816,1347.047102673121,1315.5676501182832,1345.3155517578125,4361061.0
2022-06-10,1319.6525958969517,1326.6233521245908,1308.5526310764772,1311.394287109375,6516436.0
2022-06-13,1281.912751408251,1281.912751408251,1253.585618713459,1264.9520263671875,6987685.0
2022-06-14,1252.0759892436106,1286.6191002718645,1245.9932304081092,1279.204345703125,6090247.0
2022-06-15,1278.8932479061086,1284.3988943960317,1259.9345334598274,1262.9093017578125,4651958.0
2022-06-16,1276.93979675799,1282.045779950868,1236.0919312149667,1240.70947265625,6641772.0
2022-06-17,1235.2484462558373,1240.487542584052,1214.0252932515164,1231.91845703125,9692047.0
2022-06-20,1234.360400176754,1263.0426411881947,1227.2119802322318,1255.7611083984375,4595194.0
2022-06-21,1264.507932381181,1292.9238409740165,1263.3979359517734,1287.507080078125,6270787.0
2022-06-22,1275.2082505737685,1296.1205167768,1274.2758102801847,1276.2738037109375,6253366.0
2022-06-23,1278.5384065605574,1294.699912173582,1272.4999822666275,1289.771484375,6254281.0
2022-06-24,1294.699676447172,1303.1356482758742,1268.8589844199196,1279.6925048828125,6114340.0
2022-06-27,1303.6242355705597,1317.7877464947417,1301.049022203048,1309.4405517578125,4511097.0
2022-06-28,1304.4678285372947,1321.5617738738115,1290.2598739718785,1314.3690185546875,4412178.0
2022-06-29,1300.649368901304,1311.5717770934775,1293.8118342756918,1299.36181640625,5060038.0
2022-06-30,1300.960176372367,1316.0116836459267,1292.0357622839565,1298.1629638671875,9165177.0
2022-07-01,1291.1479736567749,1318.6758878131434,1280.8027842377455,1313.703125,4651635.0
2022-07-04,1314.4576225280762,1325.113587041055,1298.251676497921,1321.339599609375,4800224.0
2022-07-05,1330.9301027704544,1340.831183761111,1307.1317370251647,1310.6392822265625,7379669.0
2022-07-06,1316.1891734537298,1331.9955641744978,1305.3556528910078,1324.580810546875,5209162.0
2022-07-07,1334.7040605575694,1344.3831420553722,1328.1771952712536,1330.8411865234375,3323472.0
2022-07-08,1345.3158344251108,1347.047385704239,1331.9514324466636,1344.827392578125,3652582.0
2022-07-11,1327.5557930054122,1331.9070008962192,1302.1590951666665,1308.153076171875,4702638.0
2022-07-12,1298.0743788520106,1304.1126949058803,1275.164007229183,1277.4727783203125,4710356.0
2022-07-13,1287.5959081661404,1296.4758799465965,1277.4727186568018,1282.66748046875,5264025.0
2022-07-14,1288.4838556808252,1290.215406752036,1255.627961359536,1268.814697265625,6157606.0
2022-07-15,1284.0439058847987,1284.0439058847987,1252.6532276522264,1270.146728515625,5620018.0
2022-07-18,1287.5958695188904,1326.3125236399785,1285.8643184329112,1323.0269775390625,5835171.0
2022-07-19,1306.7321568201792,1320.3184472133253,1305.4444960050953,1317.9208984375,3418540.0
2022-07-20,1333.105507861785,1354.9058777609025,1331.995511602117,1345.5819091796875,5079392.0
2022-07-21,1347.0915186497457,1363.4750207876066,1334.7483380319422,1361.210693359375,5008061.0
2022-07-22,1362.1875644368015,1367.5155470877928,1325.024907125753,1337.590087890625,7020642.0
2022-07-25,1314.3244515105814,1347.2247865607108,1314.3244515105814,1335.1923828125,7859626.0
2022-07-26,1329.021061010545,1329.021061010545,1283.1559829173068,1288.6171875,7268273.0
2022-07-27,1288.4837019687088,1308.019636802142,1283.1557197414088,1306.2880859375,4517285.0
2022-07-28,1328.7989592318934,1353.7072142935083,1322.9825345301238,1347.4468994140625,6636841.0
2022-07-29,1361.1219644216355,1381.4570107879367,1356.8595350883038,1376.1290283203125,7009465.0
2022-08-01,1388.8275224964943,1388.8275224964943,1365.6508188965988,1377.3280029296875,2983249.0
2022-08-02,1373.3319367159932,1373.7314920454614,1357.1703247119033,1370.7122802734375,4374635.0
2022-08-03,1375.5074110110838,1394.1553487975475,1367.4266596498978,1390.692138671875,6011955.0
2022-08-04,1409.6954786756162,1424.214210429917,1398.5510710597634,1420.7066650390625,7402209.0
2022-08-05,1428.254468715417,1443.6167525535411,1422.8377084210715,1435.5804443359375,5361971.0
2022-08-08,1435.8914900922462,1440.3314761469533,1417.2435486624768,1438.022705078125,3763409.0
2022-08-10,1439.6208933320956,1439.6208933320956,1410.22821022237,1422.970947265625,4423829.0
2022-08-11,1447.4354013336217,1448.6341758452916,1435.0034408313695,1438.510986328125,3462090.0
2022-08-12,1432.6058852060069,1433.227439869018,1412.0487289334717,1415.5562744140625,3562286.0
2022-08-16,1428.7873514369574,1428.7873514369574,1412.8921814722432,1417.6429443359375,3004430.0
2022-08-17,1417.643043330634,1431.4514427285992,1407.475519060068,1426.345458984375,4067324.0
2022-08-18,1415.5562190867397,1419.1969856808453,1397.707498253715,1405.655029296875,4635706.0
2022-08-19,1407.7417924309402,1425.1465132491517,1407.5641279788497,1418.2200927734375,4739884.0
2022-08-22,1408.3633554325029,1419.9073173622771,1397.707390574249,1399.172607421875,3950555.0
2022-08-23,1374.6197355496777,1380.391717643394,1361.2997768718708,1369.64697265625,5551574.0
2022-08-24,1363.0756613630588,1372.8436302718494,1359.5236726689532,1365.295654296875,2888426.0
2022-08-25,1374.6194842114278,1375.241038810172,1344.2055841247086,1348.11279296875,4331088.0
2022-08-26,1363.208696236988,1371.9110023088876,1347.4910833756708,1351.1319580078125,3079136.0
2022-08-29,1304.0680862700244,1304.0680862700244,1287.595697947398,1298.0296630859375,8079050.0
2022-08-30,1308.1085087048089,1328.5324420418815,1301.8037509629814,1325.7352294921875,6725875.0
2022-09-01,1296.5202209856338,1303.668532666685,1288.5282470130728,1300.205322265625,8140604.0
2022-09-02,1312.4596927692703,1312.4596927692703,1285.819780196146,1290.259765625,5175653.0
2022-09-05,1288.4838352280558,1302.6917893036236,1284.3546268952266,1297.6302490234375,3669352.0
2022-09-06,1297.630281168584,1305.3558130293177,1283.5554395953404,1292.1246337890625,3428442.0
2022-09-07,1278.7158670634933,1301.5817931585525,1276.984316019413,1294.3890380859375,3600574.0
2022-09-08,1309.795751615742,1315.212512366536,1299.6725627710948,1310.594970703125,4061475.0
2022-09-09,1321.3396674929586,1349.755574320764,1314.2356907860071,1342.3408203125,4816910.0
2022-09-12,1354.9060300810474,1372.7547502634757,1350.7768218512558,1364.14111328125,5494819.0
2022-09-13,1378.0829005700948,1379.0596758276358,1368.6701517643487,1371.9112548828125,4947158.0
2022-09-14,1329.3315936480085,1331.06314454904,1307.1316672343812,1310.15087890625,14332197.0
2022-09-15,1309.7959505509607,1309.973506642642,1268.9925200608343,1272.322509765625,12784100.0
2022-09-16,1265.395822315344,1265.395822315344,1215.0907667170163,1222.81640625,20464045.0
2022-09-19,1236.0918269349809,1248.523784964499,1225.96863943133,1234.582275390625,6595241.0
2022-09-20,1250.255623540864,1255.2284946157747,1229.9649090518217,1233.028564453125,7219797.0
2022-09-21,1225.3472325735097,1233.250428524418,1215.1352658184694,1222.9940185546875,7917054.0
2022-09-22,1213.3149439431238,1228.9436728727633,1207.676183442698,1214.7357177734375,9168498.0
2022-09-23,1214.336184710104,1238.5785519030435,1209.4522000549628,1212.5157470703125,10426200.0
2022-09-26,1207.6761385505345,1242.7075831808704,1203.2361527470398,1225.6580810546875,9414587.0
2022-09-27,1237.3796194234526,1248.9680259096867,1223.6601064369345,1237.468505859375,8561254.0
2022-09-28,1224.547990955576,1248.3906912173352,1222.7719967699986,1238.489501953125,7022098.0
2022-09-29,1247.547174377518,1251.942716758091,1236.9799869799815,1241.9971923828125,6119965.0
2022-09-30,1233.3835962258331,1260.3343964051253,1221.884076510353,1255.1395263671875,8120130.0
2022-10-03,1253.8519436659194,1253.8519436659194,1230.7640183576234,1237.64599609375,4943169.0
2022-10-04,1260.689463513092,1271.8338706895042,1255.6279233059583,1269.3031005859375,6631341.0
2022-10-06,1283.1558746803537,1296.2982757871805,1282.3566555701389,1292.1690673828125,6180672.0
2022-10-07,1284.3547342638644,1294.566702109372,1278.8491949585682,1288.6614990234375,3994466.0
2022-10-10,1266.5947604561948,1300.915873263201,1266.5947604561948,1298.8291015625,5274677.0
2022-10-11,1298.828988137289,1313.9249389319289,1261.0446679361762,1264.330322265625,12824774.0
2022-10-12,1276.0518156752744,1279.6925820570834,1255.2283273173289,1268.681396484375,5481467.0
2022-10-13,1270.7240573079655,1276.8955948000812,1256.516101391175,1260.8673095703125,4821514.0
2022-10-14,1318.6757298301836,1326.6677039503666,1302.913780870934,1309.1297607421875,14990688.0
2022-10-17,1311.4828704785757,1327.5555954732513,1310.2396529236005,1323.0711669921875,4286396.0
2022-10-18,1340.875675315851,1341.719229235788,1329.5537118322238,1335.28125,4692004.0
2022-10-19,1335.547831397756,1336.391385405423,1315.390337674064,1319.075439453125,3553171.0
2022-10-20,1309.7957743941563,1335.5476913144482,1309.085333326775,1332.794921875,4583939.0
2022-10-21,1332.2621411983666,1337.3236814941895,1324.314501823941,1332.439697265625,3594485.0
2022-10-24,1348.423655366755,1351.3540892842454,1341.7636768252662,1347.846435546875,982837.0
2022-10-25,1356.9483052781436,1361.2107345868535,1350.6879909536958,1355.3499755859375,3914341.0
2022-10-27,1374.201712053986,1377.8822668553055,1357.7737282362873,1368.0523681640625,6760137.0
2022-10-28,1369.892717518689,1371.6431919026134,1352.8363861734367,1358.447021484375,3053981.0
2022-10-31,1373.7079380791174,1388.205841518274,1373.7079380791174,1380.3509521484375,4542336.0
2022-11-01,1394.1757329638529,1413.8802423495365,1388.8343418542263,1412.0848388671875,4542692.0
2022-11-02,1411.1871250678016,1411.8604013679294,1386.949178263202,1394.400146484375,2938906.0
2022-11-03,1381.338473863117,1385.9616594777258,1365.987796898714,1374.1568603515625,3174027.0
2022-11-04,1364.9102482261872,1364.9102482261872,1347.5846744370272,1359.1201171875,4509682.0
2022-11-07,1365.7634838564727,1371.598545314741,1338.56307661022,1353.240478515625,4898592.0
2022-11-09,1372.5858226539308,1372.5858226539308,1347.5399247059645,1356.606689453125,3334755.0
2022-11-10,1333.0870997451718,1357.3250470132657,1333.0870997451718,1348.3031005859375,3435763.0
2022-11-11,1388.430263614367,1412.5335307351531,1388.430263614367,1409.4813232421875,7214098.0
2022-11-14,1414.014771210018,1428.602422973989,1408.0001044253945,1423.12646484375,4908813.0
2022-11-15,1416.4386189277827,1434.392653098893,1411.8603621306952,1430.9365234375,3497614.0
2022-11-16,1433.7641456371011,1444.4018877790927,1430.4875128502076,1438.836181640625,4497697.0
2022-11-17,1433.8090069491304,1438.8362237690626,1421.0167586560883,1425.0115966796875,3469515.0
2022-11-18,1428.8716685979427,1434.5272328106976,1414.3289457404594,1430.3978271484375,3126064.0
2022-11-21,1420.2539554880675,1425.4157406913268,1404.0505042083475,1407.77587890625,3071764.0
2022-11-22,1408.4941854008516,1425.550520341971,1402.2102725278075,1422.90234375,3399329.0
2022-11-23,1426.3581957002846,1429.1410489418556,1417.7402816433105,1421.1964111328125,3245067.0
2022-11-24,1426.4480659668009,1468.6400477795382,1422.6328335688406,1463.0743408203125,5282215.0
2022-11-25,1464.510573443889,1475.8215929330347,1448.7110454604212,1468.3258056640625,4563255.0
2022-11-28,1461.4583854460668,1484.3497790755966,1454.276771758371,1457.3289794921875,3825766.0
2022-11-29,1455.3539549520883,1471.1086636498967,1449.8331771528565,1462.4010009765625,3131710.0
2022-11-30,1454.231982805179,1477.3927330102415,1448.127676332754,1467.697509765625,11868134.0
2022-12-01,1486.7734674759286,1501.49579683449,1483.272518616262,1487.5814208984375,5407928.0
2022-12-02,1486.5940827164045,1491.800796645968,1466.799715499316,1470.345703125,4283343.0
2022-12-05,1470.4354916372065,1476.5847268132811,1457.23931951971,1472.0064697265625,3824966.0
2022-12-06,1458.765244692734,1459.6629463817758,1443.100394052047,1447.903076171875,4822398.0
2022-12-07,1443.5042639072717,1457.6879939155688,1433.3601913539392,1441.260009765625,4898087.0
2022-12-08,1441.2600256218434,1457.777758202631,1434.976113956099,1454.411376953125,4206837.0
2022-12-09,1461.4583510232733,1461.4583510232733,1401.4020860579217,1408.7633056640625,8880658.0
2022-12-12,1391.4374363592497,1405.7557325970877,1373.528333834033,1388.923828125,8037679.0
2022-12-13,1388.9238134722627,1416.1242146452848,1383.492784769525,1411.321533203125,6135067.0
2022-12-14,1420.1642028852773,1425.9992644015567,1412.084886939659,1417.8302001953125,4976020.0
2022-12-15,1408.7631514270713,1409.391498708059,1378.19636840226,1382.9093017578125,6443866.0
2022-12-16,1368.9950538345977,1390.9887448634156,1357.369860981026,1366.4814453125,9630453.0
2022-12-19,1353.6893559876569,1361.7238526722738,1342.1090906861166,1353.1507568359375,6222740.0
2022-12-20,1347.4501487795155,1360.9156732509964,1330.7977396833635,1353.105712890625,7396259.0
2022-12-21,1360.018163169159,1365.4043737163634,1348.662214015589,1355.125732421875,6236361.0
2022-12-22,1365.853266083518,1373.4388023348172,1357.1006736784475,1366.3470458984375,6302640.0
2022-12-23,1354.362536751784,1355.4398445619386,1340.2686636264464,1343.94921875,6283822.0
2022-12-26,1347.0012542188151,1355.439671196776,1343.2757706528168,1348.7069091796875,4115459.0
2022-12-27,1355.484662525693,1365.8082322618604,1344.3083199922382,1359.8834228515625,4860076.0
2022-12-28,1351.1307473515324,1368.9501033965662,1345.2059383085596,1355.6641845703125,5029860.0
2022-12-29,1350.1433491771486,1365.673632332556,1347.4502440923538,1362.3072509765625,4624745.0
2022-12-30,1371.6881105842783,1373.8426164441485,1350.188200066258,1353.91357421875,5060544.0
2023-01-02,1359.1203949695496,1370.3416663943312,1350.188306748515,1368.097412109375,3801140.0
2023-01-03,1364.3719160112378,1375.862541681665,1360.1078329075388,1366.7957763671875,4551130.0
2023-01-04,1365.4042617792377,1365.4042617792377,1338.5629595029295,1341.884521484375,7059590.0
2023-01-05,1351.8489350836053,1351.8489350836053,1318.948147732721,1324.2894287109375,9868404.0
2023-01-06,1319.6216334381472,1324.11014239542,1298.525641338966,1300.321044921875,6443714.0
2023-01-09,1300.051455589557,1336.9918995481128,1300.051455589557,1332.5931396484375,11498717.0
2023-01-10,1330.3939407278556,1332.0995959017448,1305.3032216437111,1319.3970947265625,7158624.0
2023-01-11,1319.621525196474,1341.1663664241717,1314.2353148895495,1320.74365234375,6173092.0
2023-01-12,1330.348960311909,1333.0869942679058,1306.1559438786553,1329.1370849609375,6591385.0
2023-01-13,1331.740632352866,1363.9681491810877,1317.8262543269343,1349.829345703125,11610426.0
2023-01-16,1355.529593108561,1371.6882240197883,1348.617333718516,1369.4439697265625,6073063.0
2023-01-17,1370.7904478929847,1384.435469422026,1368.097342887301,1382.01171875,5922644.0
2023-01-18,1386.7246995181722,1393.0983596644714,1382.1015138518171,1387.3082275390625,5843098.0
2023-01-19,1382.370846215969,1391.033689390057,1370.0274480510775,1381.47314453125,6165284.0
2023-01-20,1380.6652340912512,1386.9491460799632,1368.0974101138277,1369.4888916015625,6496429.0
2023-01-23,1377.9719689342094,1394.3999522014951,1371.7778059195257,1389.64208984375,4855020.0
2023-01-24,1400.4145497993616,1408.3143680159328,1391.213108045872,1393.1431884765625,5200802.0
2023-01-25,1388.744493228618,1396.8238083152746,1381.338454399183,1385.1536865234375,4158617.0
2023-01-27,1387.8467984858346,1392.2903779726057,1353.1955355242728,1363.7435302734375,6209955.0
2023-01-30,1372.406405831687,1386.051427868807,1364.5065870211054,1381.3834228515625,6964719.0
2023-01-31,1390.450178190422,1390.450178190422,1358.2226654027863,1376.8499755859375,9448126.0
2023-02-01,1384.4354819888624,1395.9710362007636,1371.7330909295972,1392.425048828125,6194199.0
2023-02-02,1393.233077644041,1424.6077091096986,1393.233077644041,1421.735107421875,6916834.0
2023-02-03,1434.0784025458154,1440.4969913344742,1412.084711865144,1435.7840576171875,7040194.0
2023-02-06,1434.5272821728977,1434.5272821728977,1401.8509191605494,1409.2569580078125,4570612.0
2023-02-07,1408.494023406654,1414.822864476851,1396.0159473630506,1402.5692138671875,4336238.0
2023-02-08,1405.3518929839772,1439.0157038986365,1405.3518929839772,1427.79443359375,7983338.0
2023-02-09,1432.9113793663391,1454.0522977867906,1423.79979497045,1451.5836181640625,6904911.0
2023-02-10,1447.9478465069385,1450.955234729636,1433.1357691390035,1443.998046875,4786762.0
2023-02-13,1433.6296691341104,1433.6296691341104,1405.8009153813505,1407.1025390625,4001199.0
2023-02-14,1422.5877904936112,1432.731863182567,1416.7079103135172,1430.26318359375,5043736.0
2023-02-15,1421.9593883192538,1435.424912829853,1414.7777752469344,1433.6744384765625,3465747.0
2023-02-16,1436.3226917714796,1449.2944372484508,1434.3926112378667,1437.9385986328125,4290289.0
2023-02-17,1430.9364201598676,1431.8341218036317,1414.328939750233,1421.7799072265625,2857734.0
2023-02-20,1422.8121596263827,1439.0157179378093,1420.6128344582553,1429.544921875,2417716.0
2023-02-21,1435.1556281819492,1437.80391388057,1414.7778439330089,1417.9197998046875,2723288.0
2023-02-22,1403.1075935891906,1413.8800127338295,1396.1953351378,1402.0303955078125,3656244.0
2023-02-23,1409.256926645148,1409.256926645148,1389.7768444892642,1392.06591796875,4766854.0
2023-02-24,1400.4146068720393,1408.4939219116857,1386.949081805962,1392.0211181640625,2790986.0
2023-02-27,1382.4607685455396,1382.4607685455396,1348.3481002307794,1354.9013671875,4920268.0
2023-02-28,1360.5566878842833,1368.0974041544362,1329.7655850233575,1335.376220703125,9679811.0
2023-03-01,1339.7300806437838,1347.3156164114991,1329.94510989306,1343.0067138671875,5125043.0
2023-03-02,1333.0870811609395,1336.318785501753,1317.1978042286796,1321.5516357421875,4644499.0
2023-03-03,1334.6579262232572,1337.3959600849184,1322.3145285534606,1327.9700927734375,4615015.0
2023-03-06,1341.660213441557,1364.865782093662,1340.4034090570754,1353.240478515625,6561742.0
2023-03-08,1338.0692966126087,1342.961726985448,1329.585949900398,1339.999267578125,4137080.0
2023-03-09,1342.064064731897,1345.071343562409,1323.7509278183406,1328.9576416015625,5104656.0
2023-03-10,1310.6443201947616,1323.4814967530424,1308.5347433767442,1321.0128173828125,3699580.0
2023-03-13,1314.414597731777,1327.0722775616289,1281.9178446623562,1288.29150390625,8798403.0
2023-03-14,1293.58793867944,1300.1860231815615,1266.6568920726509,1274.7362060546875,7402784.0
2023-03-15,1290.894921852731,1295.2487527671929,1271.9085107865455,1274.422119140625,7556182.0
2023-03-16,1272.7613459697632,1272.7613459697632,1255.6151580984792,1260.4627685546875,7323117.0
2023-03-17,1283.713538506324,1295.2939133226837,1267.0163074045372,1275.3648681640625,9090018.0
2023-03-20,1274.4670058884406,1274.4670058884406,1243.1821248798633,1260.0589599609375,8221829.0
2023-03-21,1255.8846837960104,1261.2708940195814,1247.8053684606537,1248.4337158203125,8536755.0
2023-03-22,1259.4753551088436,1263.2905869400715,1240.758298512187,1247.1319580078125,8356487.0
2023-03-23,1242.3740984776875,1242.3740984776875,1229.851204859829,1233.935791015625,7607718.0
2023-03-24,1246.009950766051,1255.8397404782686,1236.584082982878,1239.411865234375,7559127.0
2023-03-27,1244.4389202610448,1252.9670859905164,1233.531823227334,1246.8626708984375,4170193.0
2023-03-28,1249.6906260051426,1254.987088423621,1235.1029720803328,1236.6739501953125,6633366.0
2023-03-29,1237.930550460286,1247.7155201650944,1224.958805711683,1242.01513671875,8813966.0
2023-03-31,1260.37313586201,1283.6684502024389,1251.3063709749888,1281.873046875,8711975.0
2023-04-03,1288.201979583624,1288.201979583624,1261.405604921375,1266.5224609375,5242764.0
2023-04-05,1256.7824202977913,1281.469217839355,1256.7824202977913,1277.92333984375,7506334.0
2023-04-06,1271.1455548730469,1282.277077411361,1266.073518560293,1276.4420166015625,6948465.0
2023-04-10,1278.2823267500144,1287.3042729141996,1270.2479401489488,1281.5589599609375,4993788.0
2023-04-11,1282.7259356078043,1286.720664198206,1246.907617130072,1262.30322265625,6942255.0
2023-04-12,1268.4974270475386,1285.059979527605,1256.7823760661174,1282.1873779296875,5831169.0
2023-04-13,1265.5350958531417,1266.70215201084,1241.5215730199643,1247.0872802734375,11267238.0
2023-04-17,1122.3963899019734,1132.136430654267,1064.0457840517952,1129.5780029296875,53171705.0
2023-04-18,1140.0361230223534,1140.0361230223534,1124.9098727143887,1130.5205078125,12430884.0
2023-04-19,1126.0319387762609,1126.0319387762609,1103.634328510182,1106.1478271484375,11307230.0
2023-04-20,1104.801447731595,1111.2200368576048,1096.4528876003903,1098.248291015625,8621249.0
2023-04-21,1102.4674657463806,1107.0906515432816,1095.1961036957662,1101.794189453125,8691352.0
2023-04-24,1102.3776114514949,1104.1730147274743,1093.4005950715969,1100.8515625,8313774.0
2023-04-25,1100.537247505562,1109.110341734084,1090.7074586862907,1099.5947265625,6808576.0
2023-04-26,1102.3777989258251,1106.8663078791062,1095.6899644185316,1101.973876953125,5680192.0
2023-04-27,1104.172848623997,1120.151979209523,1100.0434436269843,1118.760498046875,8020704.0
2023-04-28,1127.2440014255426,1130.2064609226888,1117.5937079744554,1124.5958251953125,10118277.0
2023-05-02,1126.2116409241175,1148.833678512012,1126.2116409241175,1146.7689208984375,8886401.0
2023-05-03,1136.4904547779106,1142.3255163545746,1132.989395915365,1139.3182373046875,5549783.0
2023-05-04,1139.138429209269,1145.2877729850925,1133.3482975814445,1143.2679443359375,4505401.0
2023-05-05,1148.160427598032,1148.160427598032,1125.9423114267645,1130.296142578125,5373791.0
2023-05-08,1133.303443374171,1140.3504892363796,1126.7951061867552,1136.1312255859375,5260842.0
2023-05-09,1136.4904402427994,1141.876650860064,1131.7325770311218,1140.7095947265625,4969897.0
2023-05-10,1145.8265283700148,1145.8265283700148,1130.3411732804484,1134.021728515625,6515734.0
2023-05-11,1140.3056511286572,1145.377687946898,1124.8652248185404,1127.6031494140625,6888461.0
2023-05-12,1125.134283151218,1127.513214317715,1112.2972159671344,1117.8179931640625,8292212.0
2023-05-15,1122.0373891886634,1139.0937216777986,1118.2221569213568,1129.6229248046875,5534710.0
2023-05-16,1135.5927028546282,1143.6270896069495,1133.5728739365072,1134.96435546875,5236469.0
2023-05-17,1131.6427073715677,1131.9568810406574,1115.3494000856915,1119.34423828125,10465667.0
2023-05-18,1129.8473970507112,1130.7900277183155,1115.3494919176374,1118.536376953125,6948732.0
2023-05-19,1127.5583046568154,1143.0436595385552,1124.6407740269224,1139.09375,11094136.0
2023-05-22,1142.7292411104354,1163.0622048581356,1140.3054905530537,1160.5487060546875,7625947.0
2023-05-23,1166.2941167921065,1179.7148242453716,1164.364145617976,1167.0572509765625,7436031.0
2023-05-24,1163.6907159656682,1171.500676643536,1159.202207626038,1165.80029296875,4824077.0
2023-05-25,1162.0747750049484,1173.2960455245018,1157.361841386736,1170.9171142578125,4334121.0
2023-05-26,1172.398361832931,1188.063211884976,1172.398361832931,1182.677001953125,5521606.0
2023-05-29,1196.3669615854992,1196.3669615854992,1175.8545005172648,1179.9390869140625,4419365.0
2023-05-30,1180.477603967698,1190.7114241239608,1175.2260715243845,1188.4222412109375,6274719.0
2023-05-31,1184.831435207361,1194.9305782104627,1179.7145799188752,1183.4400634765625,17800782.0
2023-06-01,1187.255245513223,1193.4942275405426,1183.2604078098132,1184.5172119140625,4277841.0
2023-06-02,1190.8858847438232,1194.4340008819925,1179.104437792939,1181.7882080078125,10909311.0
2023-06-05,1186.3367422563722,1191.2949303842083,1180.2413448280602,1186.7916259765625,5002553.0
2023-06-06,1172.3265202842344,1172.3265202842344,1158.134167776339,1163.5927734375,10008100.0
2023-06-07,1174.054837221583,1177.239023141983,1166.7766979749558,1172.6446533203125,5397578.0
2023-06-08,1170.1429253728747,1175.4196213460507,1165.5031332892086,1167.0498046875,5034942.0
2023-06-09,1166.777036268273,1166.777036268273,1149.9463343805824,1151.7203369140625,5339073.0
2023-06-12,1158.5890989066725,1178.7858962557063,1158.1342150829948,1175.374267578125,4785588.0
2023-06-13,1182.6069242988217,1188.611368241848,1180.0141088524708,1187.1102294921875,4846587.0
2023-06-14,1188.4749628140476,1188.7933592845616,1176.5114958499232,1183.0618896484375,3457981.0
2023-06-15,1177.1938369363772,1177.1938369363772,1166.9135288571645,1170.6890869140625,6161155.0
2023-06-16,1170.8708768960637,1184.0625068222432,1165.4578042106698,1175.101318359375,8536287.0
2023-06-19,1177.2392578125,1182.2429795419966,1170.916417503836,1177.2392578125,4451787.0
2023-06-20,1177.239178669295,1187.24662145551,1174.6008306327171,1185.791015625,4009180.0
2023-06-21,1182.6522836320391,1186.154977548267,1178.148978676331,1182.1064453125,4041529.0
2023-06-22,1173.0544960395678,1173.0544960395678,1158.589167380581,1165.912841796875,6676607.0
2023-06-23,1161.2728742885731,1163.9112226889422,1149.354940265523,1150.8560791015625,7239467.0
2023-06-26,1155.6324341119628,1159.044063025893,1148.3542924289115,1155.723388671875,3403244.0
2023-06-27,1164.5025282959484,1166.322063496411,1159.2258317923613,1163.729248046875,3240024.0
2023-06-28,1173.6001280966725,1179.6955262002027,1165.7761494538163,1176.6478271484375,5662358.0
2023-06-30,1190.1579290222735,1218.0878609550978,1186.7463005247837,1214.99462890625,12821692.0
2023-07-03,1209.9908380904787,1224.547118849462,1208.5806539697087,1213.35693359375,7732412.0
2023-07-04,1223.0004015356342,1224.5469617456158,1211.2643794682608,1223.773681640625,5797775.0
2023-07-05,1235.327962395677,1235.418916948158,1219.9983999394044,1225.72998046875,5414936.0
2023-07-06,1221.4085546821386,1225.8663271465523,1216.4957873550766,1222.63671875,5963897.0
2023-07-07,1213.6300129632032,1224.365315371182,1205.7605007879629,1210.1728515625,6295647.0
2023-07-10,1215.9499539497926,1220.817188493727,1200.2564625432983,1209.2176513671875,3940315.0
2023-07-11,1213.129595917475,1229.0051076173486,1207.2616391546826,1226.91259765625,6126128.0
2023-07-12,1229.0960058756348,1229.9148189122857,1207.26158386156,1212.9931640625,8102770.0
2023-07-13,1214.4486500848052,1252.5679302987028,1210.7640473114604,1241.923583984375,9977644.0
2023-07-14,1256.070793083955,1300.9678067201296,1256.070793083955,1297.283203125,12833381.0
2023-07-17,1297.2830136298498,1327.3053432456984,1286.68431035238,1294.5537109375,11569884.0
2023-07-18,1304.60684950845,1344.5910945115115,1300.058011121043,1342.0892333984375,16743977.0
2023-07-19,1351.9146708665796,1363.559740717556,1328.8975058703595,1341.8616943359375,13687062.0
2023-07-20,1338.2682570700565,1338.2682570700565,1310.7022519481309,1318.708251953125,8347221.0
2023-07-21,1201.0749181366623,1228.1860320061471,1187.2464976059423,1211.4462890625,45548305.0
2023-07-24,1219.998361010124,1228.0953149237007,1213.8574296627578,1215.995361328125,8859789.0
2023-07-25,1216.359245637285,1221.681363730559,1204.759709076421,1214.17578125,6801982.0
2023-07-26,1221.817896357927,1228.186269607745,1218.5427551834298,1227.1400146484375,5528885.0
2023-07-27,1236.0101907567564,1240.7410487249035,1225.5024420215238,1231.052001953125,9191861.0
2023-07-28,1231.6887088868766,1240.78638389591,1215.4493812068724,1219.5433349609375,6122735.0
2023-07-31,1227.0491075504592,1235.0095744205737,1212.9477090948285,1233.3719482421875,7902180.0
2023-08-01,1239.1034366209878,1245.471809643269,1234.55459874793,1242.0146484375,6064652.0
2023-08-02,1245.7446403783597,1248.1554353279969,1226.7758997952656,1234.41796875,7419145.0
2023-08-03,1228.186202359877,1243.2428998554956,1227.2764348025732,1241.1959228515625,6503741.0
2023-08-04,1245.380890015176,1260.8469392172133,1239.1034713632262,1253.9781494140625,5712345.0
2023-08-07,1262.6664818373094,1269.1258096249944,1252.7499927266074,1267.3062744140625,3729093.0
2023-08-08,1267.1696952534337,1267.8065991644844,1259.482203966465,1264.7587890625,4161877.0
2023-08-09,1259.118350860222,1270.0355619948482,1257.7536994683935,1268.5799560546875,4090828.0
2023-08-10,1266.032475470896,1269.8535657391153,1260.5738702782455,1263.758056640625,3873025.0
2023-08-11,1266.3965371663332,1270.8088879474917,1243.6978792880775,1248.064697265625,5783517.0
2023-08-14,1248.0646177377491,1269.1257591782453,1242.378570429603,1267.806640625,4304135.0
2023-08-16,1283.5000834227826,1291.8243675275844,1278.5873165202784,1290.5052490234375,7735313.0
2023-08-17,1291.8699868845008,1291.8699868845008,1279.133240534935,1284.1824951171875,5618346.0
2023-08-18,1277.0408006474313,1281.589638878783,1261.0744450887594,1263.4853515625,5134103.0
2023-08-21,1264.3495172472738,1280.04300828704,1261.9841437074754,1278.58740234375,3032722.0
2023-08-22,1277.9504163795991,1279.1786914005518,1270.626854331071,1277.086181640625,2890714.0
2023-08-23,1288.2311455787042,1288.7769840224837,1278.8150714926985,1280.907470703125,2559125.0
2023-08-24,1293.2345299499725,1296.4642490688886,1286.820624510391,1295.14501953125,5171963.0
2023-08-25,1285.5016097963642,1294.14440193583,1284.0460038576823,1291.9609375,4307172.0
2023-08-28,1291.9608968278883,1296.236871016697,1284.04596343474,1287.9124755859375,3133464.0
2023-08-29,1295.509057691945,1295.8729869417457,1287.594124022955,1289.7320556640625,3074444.0
2023-08-30,1298.238447550424,1307.0177276584382,1295.5091445772975,1305.653076171875,3070887.0
2023-08-31,1305.6529176191962,1314.523151204695,1299.739428562197,1305.92578125,9792735.0
2023-09-01,1301.831847342556,1315.5238935615507,1299.32998654913,1313.56787109375,3582133.0
2023-09-04,1312.794670582204,1337.3583962271932,1305.243554943164,1332.9005126953125,4609014.0
2023-09-05,1332.8094095252152,1346.5014550487228,1325.076385647424,1345.4552001953125,5496840.0
2023-09-06,1348.184640888555,1349.094408496813,1331.2629855860807,1344.1361083984375,5075786.0
2023-09-07,1337.90412243496,1340.451515969817,1330.1256765994524,1333.901123046875,4411743.0
2023-09-08,1331.444824857423,1341.679709913553,1328.442547485381,1336.994384765625,3125838.0
2023-09-11,1336.994189550062,1344.6817909475596,1332.3543978798648,1343.22607421875,4182226.0
2023-09-12,1348.730324182031,1368.290325510809,1343.817557451124,1365.6519775390625,6793161.0
2023-09-13,1369.200367950324,1369.200367950324,1354.3256884896966,1363.150390625,4804686.0
2023-09-14,1369.200118850372,1376.068908054887,1363.878001064633,1370.97412109375,6444213.0
2023-09-15,1381.0272468920564,1381.3911761511094,1372.839338313645,1375.2047119140625,8657816.0
2023-09-18,1369.1092169496771,1369.1092169496771,1353.734123045365,1357.1912841796875,3991916.0
2023-09-20,1342.998970004861,1360.193600922578,1342.998970004861,1355.78125,4169337.0
2023-09-21,1352.4149859666784,1368.790801746706,1342.8168939622524,1366.243408203125,6779195.0
2023-09-22,1357.282291448548,1370.9742270619945,1351.1867819544711,1361.1488037109375,5455613.0
2023-09-25,1355.417217832278,1355.417217832278,1338.7685376167728,1341.1339111328125,4217863.0
2023-09-26,1345.6826275575102,1346.3649531864253,1327.3507901162034,1328.8519287109375,3996528.0
2023-09-27,1324.6215850268404,1336.994401796738,1319.2085123948889,1334.6290283203125,3863586.0
2023-09-28,1335.4480210194674,1339.7238847615324,1305.5166416581312,1309.5650634765625,5814602.0
2023-09-29,1302.8780821778992,1316.251731755555,1288.2308468786073,1305.92578125,6068968.0
2023-10-03,1306.4717573853966,1307.3359921507258,1292.142918222993,1304.606689453125,4181867.0
2023-10-04,1296.41896651613,1319.117626104109,1290.232501762434,1314.02294921875,4510406.0
2023-10-05,1320.982497846701,1342.4985228636597,1319.3448718155562,1331.3992919921875,7384621.0
2023-10-06,1336.9036191822188,1350.5501345192267,1331.2631039318392,1345.2734375,3598672.0
2023-10-09,1332.718425809864,1356.46333522133,1330.261986939683,1342.31640625,3567552.0
2023-10-10,1350.0042495921527,1361.9221836979575,1336.539643834747,1360.2391357421875,5688951.0
2023-10-11,1361.9220140294271,1381.254574348816,1347.7750842911132,1359.556640625,7220129.0
2023-10-12,1357.2822909047482,1368.654385789573,1320.982541821264,1333.264404296875,11081662.0
2023-10-13,1278.223351351388,1308.2456791767231,1273.6745138020951,1302.0137939453125,17973439.0
2023-10-16,1302.8782180442538,1313.3405459284356,1300.967728206962,1304.7432861328125,4850745.0
2023-10-17,1310.292745217513,1322.2106781963569,1308.2913009819003,1312.294189453125,3923764.0
2023-10-18,1311.8847923385383,1322.8020028156968,1308.5641186072812,1310.565673828125,4264837.0
2023-10-19,1297.4194189109537,1309.7468130472434,1297.4194189109537,1304.2882080078125,6795691.0
2023-10-20,1300.967803543473,1308.700828949151,1296.6464069932413,1298.4659423828125,3928622.0
2023-10-23,1296.964582762976,1303.1055136577395,1278.4508355358098,1281.5440673828125,2636516.0
2023-10-25,1289.2389333048216,1292.5104566531788,1254.4967997562355,1262.560302734375,6940777.0
2023-10-26,1248.737169993209,1266.2003688015045,1246.9400932403355,1252.7918701171875,6357656.0
2023-10-27,1256.6623976967833,1276.337322369718,1256.6623976967833,1272.0521240234375,4634358.0
2023-10-30,1272.052011099379,1272.052011099379,1256.1553924305151,1269.010986328125,2667696.0
2023-10-31,1271.683428771085,1272.7893480503349,1256.0633173275878,1261.0396728515625,3451595.0
2023-11-01,1265.324779602583,1269.3794791877367,1245.603735057758,1247.9075927734375,3090672.0
2023-11-02,1262.514211838651,1268.319979123895,1254.819348447591,1262.6524658203125,3758060.0
2023-11-03,1271.775812861255,1282.788209750896,1269.6562183795236,1280.0697021484375,3349045.0
2023-11-06,1284.5391312922866,1296.8417109189295,1281.682369776796,1293.20166015625,2736381.0
2023-11-07,1290.1604881630135,1295.597615576028,1285.4145181543718,1294.1231689453125,2272209.0
2023-11-08,1294.7681818070128,1294.7681818070128,1277.6735106371746,1281.8665771484375,3550635.0
2023-11-09,1286.3821608724284,1287.8566074771882,1262.5602919196745,1266.9376220703125,5498051.0
2023-11-10,1262.4681428598751,1265.4171487849635,1254.2203756878132,1261.4544677734375,2943649.0
2023-11-13,1271.5914215374528,1273.9874114709824,1263.2975323492624,1265.7857666015625,3462092.0
2023-11-15,1289.2389232333946,1303.062071087934,1283.7096640915788,1299.836669921875,8551860.0
2023-11-16,1304.9973516506468,1339.3709592887674,1299.9288638617754,1331.537841796875,6673907.0
2023-11-17,1327.9898053316556,1337.159114704736,1322.4605464148888,1324.764404296875,4901251.0
2023-11-20,1328.8653942384274,1338.080826930788,1321.170530438921,1323.8890380859375,3584210.0
2023-11-21,1328.8653376978914,1336.2376835381017,1324.0272357402534,1326.1007080078125,3793135.0
2023-11-22,1323.5201167337966,1344.4852216491154,1323.5201167337966,1343.425537109375,3108786.0
2023-11-23,1352.733312304696,1352.733312304696,1334.1180718038254,1335.5465087890625,3186928.0
2023-11-24,1332.1368202960523,1338.679754529909,1321.3546973396635,1324.626220703125,2973195.0
2023-11-28,1330.708304995229,1331.6298481427325,1315.0881936422663,1329.51025390625,3755373.0
2023-11-29,1337.251355220777,1346.0981477081089,1336.0534165206054,1345.08447265625,3875778.0
2023-11-30,1339.232809867868,1346.0522528330398,1335.823144631822,1340.9837646484375,10120867.0
2023-12-01,1345.3608832594507,1345.3608832594507,1332.6896647955414,1338.357177734375,3489187.0
2023-12-04,1345.867750934818,1356.4194883018783,1335.592634024112,1349.4617919921875,5511948.0
2023-12-05,1350.798062419795,1351.8117374373269,1328.8652893459846,1339.877685546875,5123039.0
2023-12-06,1342.4580969426866,1361.1193473034823,1337.2053455420607,1358.6312255859375,5269178.0
2023-12-07,1357.2949393135057,1357.2949393135057,1347.1119540015106,1350.8902587890625,4424453.0
2023-12-08,1355.0371580856024,1377.4305905862009,1351.2127312666094,1374.1591796875,6323433.0
2023-12-11,1373.0993558033465,1380.471701337861,1365.727010268832,1371.717041015625,3862018.0
2023-12-12,1361.5799669478545,1373.0992560083268,1352.5027896668134,1360.2437744140625,6103494.0
2023-12-13,1360.19782972632,1360.2439518858023,1320.7097241735976,1335.316162109375,8549258.0
2023-12-14,1348.5863495012063,1392.4517835867966,1346.697140932601,1383.6510009765625,12489858.0
2023-12-15,1403.5564479809898,1463.917528966799,1401.6672393803897,1454.5638427734375,18395389.0
2023-12-18,1444.9337442546357,1468.0184484698,1437.884028140626,1441.6162109375,6467243.0
2023-12-19,1446.915036424613,1450.4629554436433,1422.171622624846,1436.0408935546875,4221721.0
2023-12-20,1442.2611198785871,1459.2635456213156,1409.9609881911038,1415.85888671875,6592367.0
2023-12-21,1401.897594233354,1425.3048140325604,1401.897594233354,1415.4903564453125,5319038.0
2023-12-22,1414.522706978693,1443.1366686825568,1403.5103106025122,1440.2799072265625,6741060.0
2023-12-26,1414.5688833319446,1426.548945536059,1403.5103643743007,1422.816650390625,6878067.0
2023-12-27,1422.8627642542665,1446.8228885227966,1422.8627642542665,1444.150390625,4225849.0
2023-12-28,1445.855092876647,1445.855092876647,1432.9996108186176,1440.0494384765625,5702253.0
2023-12-29,1420.1442885580782,1437.1005945803086,1419.1766231359832,1421.84912109375,4388990.0
2024-01-01,1418.255071679868,1434.8428502960069,1414.7992844681723,1429.6361083984375,2808451.0
2024-01-02,1424.7057474638627,1427.6086309615123,1403.5102544550214,1414.015869140625,5396313.0
2024-01-03,1400.6996635455614,1400.6996635455614,1371.2564007445471,1373.0994873046875,7550363.0
2024-01-04,1386.8764724125788,1400.5153575424802,1375.771943719321,1394.0184326171875,7056038.0
2024-01-05,1388.5352963045564,1418.9001014903272,1388.0745246781073,1412.3111572265625,8895403.0
2024-01-08,1408.993450570389,1415.4903752195028,1394.52526712299,1403.3260498046875,4440136.0
2024-01-09,1420.9274616897512,1431.1565685607611,1406.1366485499625,1409.3160400390625,4412074.0
2024-01-10,1405.3071677486228,1414.983370728282,1386.9224270844938,1400.6534423828125,4096845.0
2024-01-11,1405.261293276588,1405.3534251009314,1369.9661425866611,1376.9698486328125,11296088.0
2024-01-12,1439.450552270239,1491.056974118596,1433.3683893367258,1486.2188720703125,26754401.0
2024-01-15,1515.892389162868,1534.3232525223632,1507.6446228067189,1522.4814453125,13228305.0
2024-01-16,1515.7542704008683,1519.1639351762556,1497.5076704042556,1503.5438232421875,6500917.0
2024-01-17,1493.1303945709744,1518.2424471875822,1493.1303945709744,1511.51513671875,9209876.0
2024-01-18,1513.7729287969016,1519.6247054977496,1500.5026844916376,1513.726806640625,6375464.0
2024-01-19,1522.0207083253042,1534.830181149936,1515.1552565650595,1529.0244140625,4522736.0
2024-01-23,1520.638356967558,1543.3082963711745,1509.2111992011553,1513.3121337890625,9401255.0
2024-01-24,1529.6695716902016,1548.1925674088009,1515.938555587784,1543.9534912109375,8999681.0
2024-01-25,1541.695746187862,1548.6995649327357,1527.9187194984197,1538.1478271484375,8865304.0
2024-01-29,1534.5077798990817,1547.5936491768944,1518.3346507098104,1526.6285400390625,4253785.0
2024-01-30,1532.0194213135253,1557.4079810311105,1518.9335530973535,1521.8824462890625,4995943.0
2024-01-31,1518.93352092331,1536.442841049227,1509.5798353047996,1530.591064453125,6763779.0
2024-02-01,1529.3470709031976,1545.427954833728,1520.86880592109,1527.043212890625,5760011.0
2024-02-02,1535.3370559365164,1583.6719506012253,1534.3693906028748,1560.4951171875,7858483.0
2024-02-05,1561.785455468717,1567.3147150838886,1549.897524797483,1554.8277587890625,3634135.0
2024-02-06,1554.4129683538292,1597.034340689009,1542.6171705805966,1593.7628173828125,7694265.0
2024-02-07,1593.348166801199,1593.348166801199,1554.5050990563916,1560.86376953125,4613877.0
2024-02-08,1564.7805117170838,1572.4753757160167,1550.7730986588967,1559.3433837890625,5919715.0
2024-02-09,1552.523963151758,1560.080685759389,1529.5776248189763,1538.3782958984375,4600004.0
2024-02-12,1539.2997433619348,1560.126598289278,1539.2997433619348,1548.2847900390625,3555808.0
2024-02-13,1550.9571831806093,1556.5785741207376,1532.9870910403704,1552.3856201171875,2696481.0
2024-02-14,1529.9460822117326,1538.470357405494,1507.1840085834583,1535.475341796875,3768579.0
2024-02-15,1545.428005093551,1555.3345948697918,1531.2362167759502,1544.8289794921875,4834391.0
2024-02-16,1556.486498735968,1574.917363137815,1555.5188333576436,1568.14404296875,4880654.0
2024-02-19,1571.2310457966014,1577.2210761764711,1555.2883045575709,1566.3929443359375,3690993.0
2024-02-20,1552.800375906301,1561.324650966914,1537.8252980971156,1553.03076171875,3706389.0
2024-02-21,1542.663439133254,1542.663439133254,1516.2151921931338,1525.6610107421875,4300508.0
2024-02-22,1534.3693157186938,1552.4315386183323,1515.3855496864917,1549.4365234375,5841277.0
2024-02-23,1563.8587905950133,1565.194983220865,1540.728079066558,1545.2896728515625,5373072.0
2024-02-26,1543.5389199577105,1543.5389199577105,1515.9387428585212,1529.900146484375,2782438.0
2024-02-27,1530.683233844853,1539.9907975363865,1523.1266247075048,1533.0792236328125,5159088.0
2024-02-28,1538.9772213327412,1555.380736114235,1531.6509975218291,1540.129150390625,3188916.0
2024-02-29,1534.369410109207,1550.2660301238518,1523.5873997921522,1542.5711669921875,7814722.0
2024-03-01,1538.055676885694,1540.7741844629486,1521.4678984651173,1524.8775634765625,6387291.0
2024-03-04,1527.7805015485362,1533.862664687169,1505.4791992091916,1508.7506103515625,4445156.0
2024-03-05,1505.8015436860508,1508.8886908149464,1476.3121621695554,1480.4591064453125,4596579.0
2024-03-06,1477.049450044554,1493.0382016771937,1452.352047887815,1490.6422119140625,6420684.0
2024-03-07,1489.7667940250446,1500.6870590284748,1478.3396352373709,1489.6285400390625,6348359.0
2024-03-11,1481.9796685740168,1487.186409973432,1463.410551234488,1475.02197265625,6752895.0
2024-03-12,1474.46925768503,1497.5078398363585,1472.3036534614205,1486.4031982421875,4614222.0
2024-03-13,1486.3570462420234,1497.046924837975,1473.1329238521018,1484.9747314453125,5688997.0
2024-03-14,1487.7393497230903,1527.6882245455754,1481.8414508033693,1523.58740234375,8803799.0
2024-03-15,1512.3444475668186,1516.6757678865583,1491.3793408128192,1505.801513671875,11809997.0
2024-03-18,1502.11556344857,1504.5576756669025,1473.4094674521489,1476.911376953125,4958904.0
2024-03-19,1467.4193112677192,1473.5475961267095,1435.764324431153,1438.943603515625,6870411.0
2024-03-20,1440.371958643916,1451.3843544053573,1430.5575014942751,1432.9534912109375,4759059.0
2024-03-21,1441.2935411478331,1453.2274803947662,1422.3097740379771,1432.72314453125,11062497.0
2024-03-22,1401.6672315575609,1408.9474454626866,1380.6560012352104,1390.470458984375,14673890.0
2024-03-26,1374.942478317217,1389.1802760076575,1371.164173630106,1375.54150390625,8351081.0
2024-03-27,1378.628657389427,1381.3932870499673,1365.312402855052,1367.431884765625,6857402.0
2024-03-28,1370.4729789851783,1393.189041141791,1370.4729789851783,1380.517822265625,12499530.0
2024-04-01,1405.353474561426,1409.9150687111337,1375.6798265220143,1378.121826171875,6580002.0
2024-04-02,1368.353462463362,1376.0023163808078,1364.667289489763,1366.5103759765625,7279400.0
2024-04-03,1362.9623414349414,1377.7991638971826,1359.2761687738598,1364.48291015625,8736248.0
2024-04-04,1373.606258845996,1378.3061066574217,1352.8254147328123,1370.0582275390625,11186915.0
2024-04-05,1363.93009899174,1370.0582714607572,1360.24392608138,1363.0545654296875,5072482.0
2024-04-08,1366.6485404880466,1373.9747637962018,1358.446783660139,1360.8427734375,6610887.0
2024-04-09,1373.0993855776476,1395.0321590156452,1370.6112639030227,1377.56884765625,9423230.0
2024-04-10,1382.6372778632074,1391.3919380114644,1368.076963217734,1388.581298828125,6744595.0
2024-04-12,1386.001183911433,1388.5815502616929,1363.42337207245,1368.261474609375,12275616.0
2024-04-15,1363.884010132131,1374.8964069734686,1346.420810540168,1352.9637451171875,8531224.0
2024-04-16,1337.1591322439797,1340.9835588768526,1302.1866141339272,1303.4766845703125,16173541.0
2024-04-18,1309.6051010829012,1331.3534994670702,1297.072135276183,1307.9002685546875,22107945.0
2024-04-19,1276.3374429978132,1314.9040067731753,1270.5777974969203,1300.5279541015625,20603621.0
2024-04-22,1308.4991354557612,1324.119246782661,1302.186587404506,1320.3409423828125,5859087.0
2024-04-23,1329.786912241484,1333.334831262017,1320.571479724218,1329.2340087890625,4856174.0
2024-04-24,1330.9848800805114,1330.9848800805114,1315.0882599841418,1318.4979248046875,4268213.0
2024-04-25,1308.5914437317322,1331.5378936591642,1308.5914437317322,1325.5938720703125,9089398.0
2024-04-26,1326.7457701482465,1331.9986341616486,1315.0422158870554,1318.0372314453125,8062444.0
2024-04-29,1317.7606297548816,1326.8379201034072,1316.1940513407444,1322.18408203125,5055957.0
2024-04-30,1322.1381364606618,1323.843081571663,1306.3337587531646,1309.098388671875,6936588.0
2024-05-02,1302.1404919784582,1312.2774667921617,1301.0806948402314,1303.4766845703125,10076354.0
2024-05-03,1310.526523531366,1313.0147575937467,1293.1093350669514,1305.181640625,8842345.0
2024-05-06,1308.5913151241766,1332.274929844339,1305.9188174045355,1314.0284423828125,6445422.0
2024-05-07,1313.153013033845,1330.1094313833817,1304.536606119083,1327.897705078125,6080661.0
2024-05-08,1322.6448266752147,1326.791770914921,1313.751912640343,1315.318603515625,6234983.0
2024-05-09,1315.5489046143746,1336.1913801730982,1313.060670734901,1326.607421875,6088406.0
2024-05-10,1322.460619610937,1323.289918499904,1302.1405469699123,1313.10693359375,8777481.0
2024-05-13,1313.1990668474873,1313.1990668474873,1300.481725623948,1311.7706298828125,3735954.0
2024-05-14,1314.489298423798,1321.2626187308836,1306.7944348778417,1312.922607421875,3463230.0
2024-05-15,1314.1206697254097,1319.4656655532183,1307.2552175350827,1308.5452880859375,4327544.0
2024-05-16,1321.4468679639122,1341.5365553493357,1315.0421875208667,1339.3248291015625,9249145.0
2024-05-17,1342.6885398437046,1342.6885398437046,1326.33114685659,1330.9849853515625,7542860.0
2024-05-21,1317.8067987413262,1331.3534390178734,1316.332352094495,1321.6312255859375,6752663.0
2024-05-22,1316.6550066153582,1345.40711294369,1315.963849131571,1340.6612548828125,7173285.0
2024-05-23,1340.5688666610597,1362.17912249703,1336.2376585581328,1356.8802490234375,8641428.0
2024-05-24,1353.0558377538796,1359.737026123514,1345.4531061608477,1350.1529541015625,5277938.0
2024-05-27,1356.373369267408,1363.515329240358,1345.6834903871545,1355.91259765625,5821844.0
2024-05-28,1359.7369459532367,1360.1977175377683,1345.7295347806962,1351.949951171875,6186922.0
2024-05-29,1350.4294036068611,1350.5215354265988,1336.237616082271,1337.113037109375,7401634.0
2024-05-30,1329.6025651299135,1336.0993771509409,1310.0197722599248,1315.456787109375,9663150.0
2024-05-31,1325.1858078435043,1350.5182603744363,1315.973944335626,1322.4598388671875,37113815.0
2024-06-03,1353.5731158092904,1353.5731158092904,1319.7337879140582,1321.519775390625,10589244.0
2024-06-04,1324.4336953647442,1330.0735833506835,1276.8236180013437,1310.0050048828125,13736134.0
2024-06-05,1316.1148183429186,1351.6930870098186,1316.1148183429186,1344.2672119140625,9233424.0
2024-06-06,1358.2259161135482,1385.814458709679,1351.223101415908,1383.887451171875,12660930.0
2024-06-07,1392.1124223339962,1447.289283385155,1388.5874921626576,1441.555419921875,24075302.0
2024-06-10,1433.753506313127,1437.9834221145236,1407.434030215548,1409.7369384765625,6810606.0
2024-06-11,1410.0190163300265,1416.034804946141,1404.2850385180848,1405.97705078125,4853054.0
2024-06-12,1416.5519427607585,1418.1969101793593,1393.7573942458623,1396.060302734375,9564320.0
2024-06-13,1405.2721826102318,1414.6719965407349,1399.961264790733,1404.28515625,7307565.0
2024-06-14,1413.4498626747718,1413.4498626747718,1396.8592841989566,1399.5382080078125,4237727.0
2024-06-18,1407.151975588544,1416.5517883847267,1405.6480284899164,1408.2799072265625,5420939.0
2024-06-19,1414.6718886285164,1424.6827126496337,1406.8699977638037,1420.6407470703125,5493456.0
2024-06-20,1425.2936379231433,1426.4215695435462,1409.125891319924,1424.4476318359375,7927010.0
2024-06-21,1452.2712899886412,1464.256053061363,1432.2496398990345,1440.70947265625,17301941.0
2024-06-24,1433.0485032665963,1437.3253492351942,1424.4476516241698,1435.492431640625,5564989.0
2024-06-25,1434.4115183965616,1451.237207255743,1429.1006009006553,1449.4041748046875,4551525.0
2024-06-26,1448.5112883548547,1455.89011914625,1442.8714001458156,1448.229248046875,4851004.0
2024-06-27,1446.1141853395814,1483.6665071274144,1440.0983968135813,1478.9195556640625,14757754.0
2024-06-28,1478.1676356666335,1493.160291468144,1470.3657449978248,1472.7156982421875,8197544.0
2024-07-01,1465.900805673246,1503.876072321398,1465.900805673246,1495.322265625,6801771.0
2024-07-02,1500.3983274471718,1535.7417213583608,1491.280553383894,1523.7569580078125,10493173.0
2024-07-03,1527.469729765856,1537.8095248596555,1509.6100836947476,1529.7257080078125,7269965.0
2024-07-04,1530.4776709701966,1560.369125414829,1530.2897205875556,1551.580322265625,8008311.0
2024-07-05,1552.332191113537,1565.8679458210338,1535.3185512266714,1548.572265625,7065022.0
2024-07-08,1544.483343885064,1566.008939897241,1541.569424628737,1561.9200439453125,5880533.0
2024-07-09,1560.2750121000736,1566.7138611771477,1551.9091554243114,1557.6900634765625,5191182.0
2024-07-10,1557.5490553427878,1573.5287378659184,1539.2664644712022,1549.32421875,9852770.0
2024-07-11,1556.6091866425368,1565.0690191786375,1543.4964921091096,1553.5072021484375,8857679.0
2024-07-12,1579.1686539269024,1616.5329122564228,1566.6199259649964,1609.0130615234375,17078316.0
2024-07-15,1622.5957659620965,1624.2877782953476,1600.4592739409936,1604.59521484375,6942230.0
2024-07-16,1615.451904171574,1633.593589888385,1597.9682742375037,1622.454833984375,6886281.0
2024-07-18,1615.827863817848,1659.4430193327232,1615.827863817848,1652.5341796875,11248896.0
2024-07-19,1733.3255702708211,1733.3255702708211,1679.2295989019908,1685.3394775390625,29819116.0
2024-07-22,1692.1072854937383,1713.5858343024156,1685.33935158603,1702.1650390625,8462126.0
2024-07-23,1701.36633287668,1729.5187298905632,1676.2218304432815,1726.65185546875,7113056.0
2024-07-24,1727.2156416274588,1731.7745279912915,1710.3899533806657,1723.878662109375,6002845.0
2024-07-25,1710.7660645530111,1721.0118842620095,1703.246213719811,1715.324951171875,5815599.0
2024-07-26,1715.7949342558115,1769.9848820315087,1715.7949342558115,1766.1309814453125,11369047.0
2024-07-29,1779.9486525351583,1788.78450012986,1752.1252276626687,1758.799072265625,4635931.0
2024-07-30,1758.7990290172347,1767.1178407699306,1748.365259289592,1764.4859619140625,2721265.0
2024-07-31,1764.344953812893,1772.0058245898792,1753.1122228334534,1756.1201171875,5004209.0
2024-08-01,1744.699358548906,1755.7911843622094,1734.3595637121657,1741.409423828125,7475014.0
2024-08-02,1732.385682945613,1747.8953757120823,1707.1472058471231,1711.89404296875,7400938.0
2024-08-05,1677.819609648751,1689.6164211011132,1615.4049418548652,1646.7532958984375,10736703.0
2024-08-06,1654.5551502330295,1689.0994653436978,1640.126459251215,1646.0013427734375,7690163.0
2024-08-07,1688.206571867912,1689.9925594528395,1656.341179884447,1684.11767578125,5094329.0
2024-08-08,1673.1198103688212,1673.1198103688212,1623.4418174161967,1638.528564453125,6227910.0
2024-08-09,1664.9419144885312,1673.8717370362467,1650.6071993461458,1664.471923828125,4258524.0
2024-08-12,1666.634058979033,1695.2564465708765,1661.9810822256,1689.5225830078125,4315329.0
2024-08-13,1701.366147109179,1701.366147109179,1681.673584839887,1689.5693359375,4176918.0
2024-08-14,1693.8464406687062,1715.4660123309595,1689.5694795075583,1713.821044921875,7450718.0
2024-08-16,1738.9653871768742,1750.1041425189478,1719.6957707243737,1747.378173828125,7335657.0
2024-08-19,1748.3653628246682,1755.46226812506,1738.2135180462226,1752.8773193359375,2585989.0
2024-08-20,1767.165030694927,1772.5228787734409,1756.073204285589,1759.8331298828125,3870333.0
2024-08-21,1762.5588344138969,1766.2247842698705,1755.0389843478197,1760.3028564453125,1966902.0
2024-08-22,1770.9248323444356,1779.9956751616294,1757.4830533776285,1767.39990234375,4300287.0
2024-08-23,1765.4730331765138,1769.6089743171249,1745.545473240602,1750.33935546875,5015935.0
2024-08-26,1757.7651122966831,1775.3897624868237,1752.125224235838,1763.5460205078125,3728589.0
2024-08-27,1763.54596510821,1788.5494451104064,1761.431007151832,1786.0584716796875,3830679.0
2024-08-28,1792.450420519267,1833.903574209478,1783.520597887289,1822.7177734375,6514531.0
2024-08-29,1816.9838956969515,1833.433568834404,1805.610144647818,1817.3128662109373,7228284.0
2024-08-30,1821.6839001205192,1832.9636765918533,1812.284086394407,1827.041748046875,13466759.0
2024-09-02,1826.712755054023,1857.1681741009115,1826.195834151735,1846.5933837890625,5573739.0
2024-09-03,1848.943412636329,1848.943412636329,1820.226934986873,1824.7388916015625,4694322.0
2024-09-04,1805.7980647866773,1811.5319278069885,1786.0115271331308,1807.0670166015625,4778310.0
2024-09-05,1810.638983993486,1823.563726903238,1794.9882723576418,1817.1248779296875,4081810.0
2024-09-06,1806.6441381891027,1820.2738676395409,1783.00358450389,1787.7034912109375,5848106.0
2024-09-09,1776.5648545358597,1805.563257916424,1775.624873131343,1780.935791015625,4772612.0
2024-09-10,1790.5704823041317,1818.8638977650469,1782.2046254069917,1797.5263671875,6909600.0
2024-09-11,1799.7822173243185,1810.4040523138208,1790.6644442667855,1795.50537109375,5312946.0
2024-09-12,1809.4642374562256,1838.979677057524,1796.1165471605727,1833.38671875,8555092.0
2024-09-13,1833.38646078049,1841.0473312410704,1819.47480653783,1827.4176025390625,3843127.0
2024-09-16,1828.9686923682912,1834.8435757434945,1817.0309752474045,1833.1986083984373,1570181.0
2024-09-17,1830.848761182198,1840.906516206065,1825.5848883216336,1835.3607177734373,2793127.0
2024-09-18,1822.388800311061,1822.388800311061,1768.3869188956942,1778.585693359375,6385468.0
2024-09-19,1795.9282898631557,1809.370068657787,1766.036952686509,1780.5125732421875,7976570.0
2024-09-20,1790.6643987818527,1800.0642118988178,1755.3211244108263,1791.369384765625,15242974.0
2024-09-23,1794.4243751721033,1803.73021337189,1765.7078993837924,1782.6275634765625,3636672.0
2024-09-24,1774.6847802570394,1796.210376017183,1759.0811128709156,1784.6485595703125,7277616.0
2024-09-25,1773.1338507441149,1787.4685667691454,1764.1570974239128,1781.5467529296875,4268341.0
2024-09-26,1783.896554606288,1802.8370859804247,1779.3845984749128,1786.199462890625,8952803.0
2024-09-27,1816.137952637302,1856.087160215796,1789.0665584656958,1792.3094482421875,14908931.0
2024-09-30,1767.1649937536265,1787.1395980713205,1758.2351706468926,1763.029052734375,6986955.0
2024-10-01,1762.4650370326212,1794.3773580722982,1762.4650370326212,1790.053466796875,4029072.0
2024-10-03,1776.0946700907043,1797.1032292411892,1768.1048290238766,1779.7606201171875,7503887.0
2024-10-04,1776.1418246086153,1836.8175525476968,1772.8048448832324,1803.0252685546875,10001483.0
2024-10-07,1807.7721694283628,1825.4438655173053,1801.0513942623245,1818.2060546875,6112575.0
2024-10-08,1821.5897622643915,1840.4363182559605,1791.933306709296,1831.6005859375,5637391.0
2024-10-09,1835.3605115538048,1858.3430081700687,1828.3575821051584,1835.5484619140625,4857163.0
2024-10-10,1840.3893918331603,1846.1232547571165,1799.2181654069389,1803.8240966796875,4782119.0
2024-10-11,1802.884227620921,1830.1436867455327,1795.4583520140732,1818.9578857421875,4709431.0
2024-10-14,1816.1849669571325,1851.293247017304,1815.1979406537323,1841.3294677734373,3751378.0
2024-10-15,1842.363385361756,1871.925751948734,1834.6085394794927,1841.7054443359373,5353705.0
2024-10-16,1837.66352612636,1841.9404871358424,1801.3332242595482,1804.858154296875,3111512.0
2024-10-17,1819.0518851747047,1859.2831333510103,1814.3050481446448,1849.977294921875,8162822.0
2024-10-18,1780.1367445813487,1820.6028732629584,1757.0601563072833,1766.7889404296875,10526196.0
2024-10-21,1777.5988008145812,1784.8367264336412,1727.6858114732324,1741.550537109375,4654601.0
2024-10-22,1746.6732140121014,1765.0969393741664,1736.098424337156,1740.4693603515625,4125240.0
2024-10-23,1734.500561986716,1772.804801466981,1733.3255853155424,1760.9610595703125,4311910.0
2024-10-24,1749.6811205471658,1770.924673834423,1748.3651238492712,1751.5140380859375,2906475.0
2024-10-25,1751.60811836117,1763.733900154515,1735.581505943881,1750.292236328125,4689120.0
2024-10-28,1748.0832475331754,1768.9509020729429,1745.5453438193326,1753.3941650390625,7018940.0
2024-10-29,1754.9627985871089,1760.28660618533,1738.8011693476826,1748.59326171875,4621252.0
2024-10-30,1741.6532608340028,1748.308049494395,1707.7613496606602,1713.227783203125,5919715.0
2024-10-31,1699.7282140714156,1699.7282140714156,1660.369867072741,1670.5897216796875,7395236.0
2024-11-01,1677.4819828348002,1678.908008889916,1665.6460129974564,1674.011962890625,371966.0
2024-11-04,1639.4546463788554,1679.8587185569368,1633.275200045737,1676.6739501953125,7336722.0
2024-11-05,1673.2039554066878,1681.2371893406507,1658.943694423108,1667.68994140625,3160880.0
2024-11-06,1677.0067780250674,1737.089967643031,1675.7233776805178,1733.7625732421875,10421494.0
2024-11-07,1723.542661022224,1735.6638830746192,1698.8724555004114,1714.1309814453125,4550965.0
2024-11-08,1728.3437169759088,1749.829154713953,1723.7329222391422,1739.704345703125,4210960.0
2024-11-11,1738.8011800020988,1775.8778590726738,1732.669314114394,1768.367431640625,3804234.0
2024-11-12,1778.8248092339409,1788.2366040442323,1769.222924043762,1776.6383056640625,5012450.0
2024-11-13,1769.3181384269983,1780.8213927172376,1764.7549244206982,1776.2581787109375,4257495.0
2024-11-14,1773.5961711004963,1783.4833086013102,1764.469627272938,1772.5980224609375,4311431.0
2024-11-18,1758.005024675079,1758.005024675079,1706.477991896976,1722.11669921875,4839244.0
2024-11-19,1735.4737552340218,1767.987103735295,1730.7679155470985,1734.7607421875,4669769.0
2024-11-21,1751.16006482196,1774.9271666789357,1730.8154024223286,1743.6021728515625,5436504.0
2024-11-22,1762.6632608249854,1819.656838830064,1743.5545347717343,1808.438720703125,6301486.0
2024-11-25,1821.5107285834968,1824.6480325215343,1789.1874693080074,1796.5076904296875,12764638.0
2024-11-26,1811.0054643107328,1842.9960045611824,1803.7328244508496,1829.2586669921875,6850495.0
2024-11-27,1834.915360490961,1845.6581372544963,1817.4703304442407,1829.591552734375,4447143.0
2024-11-28,1820.464869064445,1820.464869064445,1760.3341042723987,1765.0875244140625,8468790.0
2024-11-29,1759.811276019277,1784.4340168837268,1754.0121263454853,1766.2283935546875,5244346.0
2024-12-02,1767.321793063357,1789.9481217185034,1744.6954644082105,1787.0960693359375,2868263.0
2024-12-03,1793.9408410909798,1806.0620629902432,1778.8725217831325,1798.789306640625,4715792.0
2024-12-04,1791.0887427426558,1819.5616835014869,1782.53258632828,1796.079833984375,4705573.0
2024-12-05,1806.2997139926329,1853.7388717965,1795.7946087095554,1839.4310302734373,9050038.0
2024-12-06,1837.482230383965,1842.378160540109,1818.088252003757,1827.5950927734373,3573331.0
2024-12-09,1829.3062538776032,1835.010358337528,1803.637783807944,1828.783447265625,4274645.0
2024-12-10,1843.3763652761136,1868.6645376907804,1836.7215769538168,1852.4554443359373,6174921.0
2024-12-11,1858.5873457085745,1880.4530791874988,1855.735293515672,1876.79296875,5025612.0
2024-12-12,1877.791158717964,1900.2273959695365,1873.3705705619063,1889.00927734375,6462130.0
2024-12-13,1872.6099443049989,1907.500003205855,1857.4465798294907,1901.0828857421875,5362693.0
2024-12-16,1897.042541916786,1900.9879041439096,1880.0728539329737,1882.402099609375,3119221.0
2024-12-17,1870.9463322304848,1884.2559097971648,1861.439491111427,1879.1221923828125,5811050.0
2024-12-18,1869.8054617493733,1887.060284654621,1864.861834991009,1881.54638671875,3064095.0
2024-12-19,1838.623014099366,1863.10312920436,1825.3134369549032,1850.2213134765625,5323592.0
2024-12-20,1877.7436779576376,1882.3068918972044,1816.9949422253023,1827.357421875,11056720.0
2024-12-23,1834.8678004850167,1844.327060379732,1814.8558547757257,1829.4013671875,2781793.0
2024-12-24,1832.015755380025,1846.2284355881447,1749.2586619372746,1814.9034423828125,2360544.0
2024-12-26,1814.903490810516,1825.0757640546133,1808.4863732653307,1813.3348388671875,3623321.0
2024-12-27,1815.236249934069,1829.25884045684,1810.007487366256,1822.2237548828125,3937500.0
2024-12-30,1821.225372967618,1821.5106246003568,1793.4654453593812,1812.0037841796875,7789055.0
2024-12-31,1798.9794709559926,1803.447639562729,1754.0596496753712,1787.2860107421875,3613063.0
2025-01-01,1781.5820268405544,1799.597444352464,1781.5820268405544,1789.662841796875,1838368.0
2025-01-02,1793.940928529962,1865.8602051810888,1792.3248119514092,1861.296875,7083645.0
2025-01-03,1856.638461709084,1856.638461709084,1827.214835312903,1843.1387939453125,6218003.0
2025-01-06,1855.7354066651392,1875.6997732327457,1832.918987730732,1842.283203125,7164403.0
2025-01-07,1849.08049857111,1861.9623140172653,1828.7834170796311,1835.6282958984373,4294832.0
2025-01-08,1834.8202633622047,1842.9961231909604,1795.604545298116,1837.81494140625,5482050.0
2025-01-09,1838.670663062687,1855.592770716564,1816.3295863112587,1822.7467041015625,6833503.0
2025-01-10,1841.475056372847,1880.2630131182195,1836.959307009,1869.947998046875,8036913.0
2025-01-13,1859.538056114521,1885.0164358188283,1852.883267570144,1865.4322509765625,5804152.0
2025-01-14,1871.7543886244127,1874.5589763818853,1835.866063436232,1844.374755859375,5792162.0
2025-01-15,1850.981884706997,1861.4869901029845,1841.5700892018165,1853.501220703125,2985439.0
2025-01-16,1868.9973329214629,1869.948017007702,1822.318767497188,1833.3466796875,7533579.0
2025-01-17,1759.7161759087412,1766.3709642563165,1722.6394979722525,1725.9193115234375,16409953.0
2025-01-20,1733.0496195308024,1737.8030402662885,1704.7193015774908,1723.8756103515625,4333011.0
2025-01-21,1729.341873735534,1741.3204695981628,1704.6240883474466,1711.896728515625,7169109.0
2025-01-22,1718.266475200778,1773.7864501626696,1716.127435963764,1764.8974609375,8373913.0
2025-01-23,1766.370941552174,1786.858228978993,1761.3322697336553,1773.4534912109375,5907471.0
2025-01-24,1773.501188842313,1801.4513245969808,1772.312833717117,1782.96044921875,4887027.0
2025-01-27,1757.5772848453794,1771.1245336940865,1722.639643077662,1732.146484375,7652371.0
2025-01-28,1739.7518311714375,1771.599747206543,1734.9033656716754,1739.51416015625,6999495.0
2025-01-29,1754.0120684956396,1795.5094503993766,1749.7339902797964,1788.474365234375,5145155.0
2025-01-30,1780.7738303869369,1794.1308715011382,1753.0613674474346,1768.2247314453125,7336056.0
2025-01-31,1778.7300025936208,1803.8755513464537,1778.7300025936208,1787.0960693359375,5820470.0
2025-02-01,1787.571323971164,1797.3633003755383,1754.96281357189,1760.0489501953125,1701402.0
2025-02-03,1745.4559465267448,1784.006231852998,1742.0335070965566,1771.40966796875,4823228.0
2025-02-04,1795.8423067996916,1816.947447891984,1782.5327290891591,1805.1590576171875,7334787.0
2025-02-05,1812.0038151596648,1825.028140338541,1800.88085809743,1803.4952392578125,4996744.0
2025-02-06,1822.46137881177,1829.116167362465,1806.299749474368,1821.177978515625,4765255.0
2025-02-07,1824.647881405861,1828.8307982430788,1796.2698706401704,1809.7696533203125,4126260.0
2025-02-10,1811.0531389851265,1811.0531389851265,1785.9550565261386,1787.5712890625,3828734.0
2025-02-11,1790.2331848086435,1809.1518213900456,1777.7792464526458,1783.150634765625,4411601.0
2025-02-12,1792.0396375530902,1801.1661822584174,1755.9136395546725,1771.2672119140625,5633947.0
2025-02-13,1776.3532848619434,1781.106705479717,1745.1233346132335,1752.3485107421875,5237744.0
2025-02-14,1762.568310549922,1767.6069826690268,1738.1832403249714,1764.8499755859375,5292961.0
2025-02-17,1747.8801254076848,1761.379791870885,1732.2888845014002,1751.4451904296875,4428956.0
2025-02-18,1751.445375977347,1769.8410902296605,1746.977091046225,1760.619384765625,4365260.0
2025-02-19,1756.2937934312415,1758.004955145868,1716.840404092615,1721.498779296875,4611411.0
2025-02-20,1716.5077280780874,1740.7025920720746,1716.5077280780874,1735.14111328125,2218020.0
2025-02-21,1731.956275207461,1739.6092122968646,1717.1255109603246,1725.4915771484375,3379879.0
2025-02-24,1711.278845292098,1718.8367369576058,1663.9347338827708,1677.1016845703125,7594720.0
2025-02-25,1659.0864344677666,1690.744146400703,1659.0864344677666,1680.5242919921875,5092963.0
2025-02-27,1668.640674098442,1688.272323834659,1664.74289252607,1677.2919921875,5757079.0
2025-02-28,1668.4981483304996,1668.5456129045258,1599.478390980019,1604.469482421875,12182167.0
2025-03-03,1608.8427856333933,1643.3525496222132,1608.8427856333933,1624.3388671875,7504969.0
2025-03-04,1611.4095762179882,1615.2123126810395,1587.6424733239176,1605.0400390625,6759673.0
2025-03-05,1608.9852468032536,1647.4879525703643,1608.9852468032536,1627.0958251953125,8180782.0
2025-03-06,1630.42326495067,1637.3633054431778,1607.7018912844446,1631.2313232421875,10610547.0
2025-03-07,1619.109945155919,1620.9162680194895,1592.8710891886535,1602.853271484375,8019331.0
2025-03-10,1602.8533592169706,1634.225933863566,1593.5366088108908,1617.5413818359375,7558981.0
2025-03-11,1597.149102761885,1597.149102761885,1556.3172718227022,1579.656494140625,12671234.0
2025-03-12,1556.174800445261,1556.174800445261,1486.6798171088662,1512.395751953125,14870008.0
2025-03-13,1520.381526929375,1526.8462251444753,1492.859269016462,1501.938232421875,7822888.0
2025-03-17,1468.9496345204805,1515.3905319411103,1468.9496345204805,1511.6353759765625,7526032.0
2025-03-18,1511.6353759765625,1511.6353759765625,1511.6353759765625,1511.6353759765625,0.0
2025-03-19,1523.9465678973438,1523.9465678973438,1495.235955333996,1508.307861328125,7387068.0
2025-03-20,1513.4891497172634,1551.4214700841842,1513.4891497172634,1535.8778076171875,7186750.0
2025-03-21,1500.131882621123,1524.8022038807094,1486.5371700431922,1514.011962890625,10074677.0
2025-03-24,1519.1456594946171,1527.844442496362,1495.140885206093,1514.2021484375,8857726.0
2025-03-25,1525.8478634077803,1555.461694060302,1525.8478634077803,1548.141357421875,9890140.0
2025-03-26,1545.8123648464964,1556.9829031533511,1516.3411573986234,1520.5716552734375,6651302.0
2025-03-27,1516.8640098840594,1540.0606082841557,1507.7849306219216,1524.469482421875,9426573.0
2025-03-28,1511.5877308709687,1519.620965158934,1483.0672076469882,1493.1920166015625,6799047.0
2025-04-01,1463.3404602190724,1471.0885586286036,1442.9957978349414,1451.21923828125,12680733.0
2025-04-02,1459.4902057913214,1478.9317655581158,1459.4902057913214,1473.7030029296875,6193478.0
2025-04-03,1458.967226269639,1458.967226269639,1411.8133230002038,1422.6986083984375,10459504.0
2025-04-04,1388.4740776445042,1399.4069443976105,1376.5905268259105,1380.060546875,9590254.0
2025-04-07,1285.3249277060586,1336.5668248830998,1242.5441423903983,1327.8680419921875,21715252.0
2025-04-08,1360.4289830692378,1384.671428260199,1345.218037067066,1358.3375244140625,12805001.0
2025-04-09,1335.758736096975,1339.9416532809853,1313.7503760547593,1334.4752197265625,8546854.0
2025-04-11,1341.653050406826,1367.8444460129276,1328.1533814570482,1339.9417724609375,12567440.0
2025-04-15,1374.3089224037624,1376.3053358191778,1339.513907284088,1355.675537109375,10178530.0
2025-04-16,1354.7249077086744,1357.1016180730755,1327.9156612183533,1343.4117431640625,12022740.0
2025-04-17,1329.0562651695689,1359.2880635441882,1310.3278363222762,1349.4959716796875,14264227.0
2025-04-21,1340.4645789137878,1399.2169026224717,1340.4645789137878,1379.442626953125,15648970.0
2025-04-22,1368.985143422317,1368.985143422317,1349.3060284057444,1352.6334228515625,9399738.0
2025-04-23,1374.6891479419496,1414.4277879886072,1368.6047467603623,1402.1639404296875,11136642.0
2025-04-24,1397.4105217628291,1409.7694145318517,1389.4247524558623,1398.8365478515625,7114292.0
2025-04-25,1402.7343459374797,1427.642222162945,1391.3261370921732,1407.2025146484375,8329979.0
2025-04-28,1407.202466180814,1416.138919345237,1393.037366859348,1409.0087890625,5886253.0
2025-04-29,1408.9139315851942,1435.342997774596,1401.403503476668,1423.6495361328125,8056743.0
2025-04-30,1422.9840278751349,1434.3922372400868,1409.4842438297574,1426.1212158203125,7704183.0
2025-05-02,1425.740942139582,1448.082019175758,1422.4135476873855,1432.5859375,7402310.0
2025-05-05,1440.2864278864722,1447.8919007730017,1428.6881281546378,1434.2020263671875,4282493.0
2025-05-06,1431.730100318134,1440.8566434846057,1425.1703575249446,1436.9588623046875,4270530.0
2025-05-07,1426.026145690909,1443.899053137024,1422.7937965506155,1433.9168701171875,5691799.0
2025-05-08,1433.631664427957,1441.7124795125974,1427.1669659401214,1436.864013671875,8424409.0
2025-05-09,1426.6915991963783,1436.8639888159648,1420.4171072727893,1433.2513427734375,4478653.0
2025-05-12,1461.2014458755218,1551.516434397431,1456.4480254270004,1546.66796875,11372857.0
2025-05-13,1529.6507024801845,1532.6928451513843,1487.4403056280353,1491.2430419921875,12846210.0
2025-05-14,1496.3767741072957,1516.3411402167324,1492.0986956552736,1513.869384765625,4870057.0
2025-05-15,1511.3975456512203,1538.7771765983814,1493.5246391320036,1533.453369140625,11151167.0
2025-05-16,1533.0731584594146,1533.0731584594146,1503.5069061207216,1511.49267578125,4576751.0
2025-05-19,1498.7534529196623,1506.8342676039738,1478.9791776249906,1482.8770751953125,8855798.0
2025-05-20,1492.5740269319683,1505.4082621953962,1481.1658178089217,1483.6375732421875,7143998.0
2025-05-21,1490.577561992386,1493.5246593705174,1475.556707413097,1491.14794921875,4157309.0
2025-05-22,1478.788943584978,1483.82761514235,1464.0533417684774,1471.1834716796875,6158990.0
2025-05-23,1473.560322375453,1508.9257236923431,1473.560322375453,1487.6304931640625,5038421.0
2025-05-26,1489.3416207391451,1505.693456152503,1485.6339297061554,1502.55615234375,3170102.0
2025-05-27,1501.985940722686,1504.8379932276157,1479.6448627674065,1492.669189453125,7775714.0
2025-05-28,1503.0315254066693,1509.4010623010483,1492.5740005619675,1494.2852783203125,3623370.0
2025-05-29,1510.637134519469,1529.5557725671265,1498.8486276920114,1507.40478515625,8609500.0
2025-05-30,1514.5387348868949,1515.5027951891782,1499.2101525439637,1506.5369873046875,13148092.0
2025-06-02,1503.9340358386107,1503.9340358386107,1483.6887699715526,1497.9569091796875,4374509.0
2025-06-03,1502.970008756152,1510.9717563250315,1480.410974183671,1487.5450439453125,6853403.0
2025-06-04,1487.545069852834,1501.3311794658816,1486.0025968815146,1495.4503173828125,4548307.0
2025-06-05,1492.2689554139663,1511.3572786610305,1486.195328477135,1498.43896484375,6948539.0
2025-06-06,1498.8244913615613,1512.5142181403369,1487.641415492617,1507.5975341796875,3960020.0
2025-06-09,1521.2871674371763,1530.9277705261318,1514.5387452749071,1516.3704833984375,2903202.0
2025-06-10,1527.0715350387688,1549.726952383094,1520.8051430073597,1538.6402587890625,8591925.0
2025-06-11,1532.9522867625028,1575.8529708756475,1532.9522867625028,1572.478759765625,10597410.0
2025-06-12,1558.885483459837,1569.4901466126246,1540.6647205061456,1550.787353515625,10483574.0
2025-06-13,1519.3589933969258,1551.1729824718614,1513.7673967286814,1544.424560546875,6968315.0
2025-06-16,1542.4964798976407,1576.0458254086714,1539.700681491198,1565.441162109375,5591842.0
2025-06-17,1562.45249586964,1588.192976732241,1557.5358118299073,1580.9625244140625,7622083.0
2025-06-18,1562.741770047165,1585.589952431105,1562.741770047165,1574.214111328125,5629707.0
2025-06-19,1565.5375611980423,1571.4183055533615,1553.5831898154863,1560.2352294921875,5147760.0
2025-06-20,1560.8136276168789,1572.0930860674746,1551.076642111549,1564.573486328125,9202821.0
2025-06-23,1543.4605584963404,1543.4605584963404,1518.7806380620095,1527.071533203125,7943676.0
2025-06-24,1543.4604830931148,1551.172965207259,1519.9373891083474,1524.7576904296875,8083992.0
2025-06-25,1532.8558375256184,1561.6812632899291,1528.1319186406413,1556.8609619140625,7813533.0
2025-06-26,1550.9801998907828,1565.6338688312192,1548.859196699971,1557.92138671875,6519233.0
2025-06-27,1560.8136478253264,1571.0326636135578,1544.8102701550988,1550.208984375,8912268.0
2025-06-30,1556.9573602116636,1556.9573602116636,1536.8084767193552,1544.2318115234375,6294505.0
2025-07-01,1551.1731318297038,1559.560409956517,1542.9786187031953,1549.05224609375,4178937.0
2025-07-02,1559.8495930029494,1589.735462831807,1545.7743359105034,1552.619140625,8653641.0
2025-07-03,1560.331649069145,1573.7321112354073,1556.9574379034102,1560.5244140625,5259695.0
2025-07-04,1566.5979433677658,1584.3366759246808,1554.3544249759318,1581.733642578125,4411273.0
2025-07-07,1581.0590301119776,1584.915271648836,1564.670003580329,1568.5262451171875,3294523.0
2025-07-08,1569.490144015709,1587.035994129852,1563.2237521630664,1579.8055419921875,4590681.0
2025-07-09,1578.9380931561673,1579.1308581535004,1565.2483655342028,1574.9853515625,4580828.0
2025-07-10,1579.9985303020203,1579.9985303020203,1549.3413641152465,1557.728759765625,5330179.0
2025-07-11,1522.3475129338776,1549.341199857552,1506.826166489392,1537.5797119140625,11391755.0
2025-07-14,1534.5911874414394,1534.5911874414394,1503.7412587495296,1513.8638916015625,9173426.0
2025-07-15,1508.8507771918205,1545.967099361679,1507.790334380739,1528.614013671875,7614807.0
2025-07-16,1522.2513030563432,1554.0652948238287,1521.769272878048,1550.1126708984375,6223491.0
2025-07-17,1540.5684750083872,1552.1371994765352,1523.3117708067696,1526.589599609375,7374814.0
2025-07-18,1534.8803087969368,1541.821613244393,1523.2152032454187,1529.095947265625,5161833.0
2025-07-21,1523.2153333190531,1531.8918763569468,1510.4897839367352,1527.36083984375,3682661.0
2025-07-22,1508.7544033781517,1528.806905141675,1508.7544033781517,1514.4423828125,8473741.0
2025-07-23,1519.648319505044,1534.6876368616054,1494.2934861823694,1517.9129638671875,8035026.0
2025-07-24,1523.21527148752,1525.14339208434,1492.558106924831,1496.70361328125,14169664.0
2025-07-25,1487.930738061539,1493.8114825426642,1456.9844249801497,1461.2261962890625,10851259.0
2025-07-28,1459.4908778130184,1464.6968268487494,1429.2193615593824,1461.515380859375,6439855.0
2025-07-29,1458.5267960319763,1462.6721845547067,1442.3305365336291,1459.2979736328125,7070448.0
2025-07-30,1465.2753927209724,1467.0106307922656,1451.8749299240865,1464.40771484375,5719051.0
2025-07-31,1455.4418850255531,1472.21655890233,1443.198365471235,1454.76708984375,6851407.0
2025-08-01,1440.2096707795008,1444.837089497394,1412.83033538686,1416.782958984375,8702978.0
2025-08-04,1408.9741142502269,1429.5086455065348,1398.8514812022438,1427.291259765625,8610216.0
2025-08-05,1425.5558755811649,1425.5558755811649,1402.7076942328947,1407.8172607421875,10213323.0
2025-08-06,1399.8155998166778,1403.768223634903,1378.895537719122,1385.0654296875,10566934.0
2025-08-07,1378.60613953599,1390.1748623852432,1363.3739407112198,1385.2581787109375,9892020.0
2025-08-08,1373.785961785155,1381.6912093691872,1366.169861688454,1371.9542236328125,10048009.0
2025-08-11,1368.8692198674414,1381.884033692687,1363.1812406590395,1376.870849609375,6625368.0
2025-08-12,1376.8709588997938,1389.2109785794498,1369.9297713819558,1372.9183349609375,9899184.0
2025-08-13,1373.7860181657672,1382.462561438393,1371.279484756972,1375.3284912109375,10318063.0
2025-08-14,1374.9427475738962,1417.1686356270611,1374.9427475738962,1395.6700439453125,12902347.0
2025-08-18,1412.059000982386,1412.059000982386,1378.2205097468736,1384.19775390625,7254561.0
2025-08-19,1381.2092603896435,1397.309139357621,1381.2092603896435,1388.2469482421875,3986094.0
2025-08-20,1388.921654258322,1445.1264179190937,1388.921654258322,1442.427001953125,10413061.0
2025-08-21,1453.802949118853,1453.802949118853,1430.9547668193538,1442.619873046875,6565539.0
2025-08-22,1444.258688328196,1450.2359327005538,1432.6899649169563,1434.0396728515625,5543397.0
2025-08-25,1452.549588321255,1483.6887826854402,1452.549588321255,1477.0367431640625,10694531.0
2025-08-26,1468.263812576099,1483.1103644867733,1464.021923789744,1474.6265869140625,15994798.0
2025-08-28,1474.6266696224122,1474.6266696224122,1444.162386475055,1446.1868896484375,5443364.0
2025-08-29,1447.922152992462,1447.922152992462,1414.951220922169,1416.782958984375,8169075.0
2025-09-01,1423.6278448203498,1449.368326287933,1423.145814654475,1445.5120849609375,4546057.0
2025-09-02,1445.5120710387366,1458.4305028963795,1432.8829043510907,1444.837158203125,5218763.0
2025-09-03,1446.0904115917858,1447.9221496497632,1420.0607841831338,1425.9415283203125,4623483.0
2025-09-04,1430.665555379037,1430.665555379037,1407.6244895421655,1410.4202880859375,5787724.0
2025-09-05,1417.1685500698277,1419.771465639559,1381.4983212585462,1392.681396484375,5466487.0
2025-09-08,1398.8515684147906,1405.599990867515,1376.967445534214,1381.402099609375,3811567.0
2025-09-09,1427.7733097648295,1453.031642648249,1419.5787971834648,1450.2359619140625,13072640.0
2025-09-10,1455.8274419814547,1479.736184601264,1455.056264347903,1477.518798828125,7281071.0
2025-09-11,1469.1314991861996,1472.6020926929066,1452.3568266067848,1455.4417724609375,8003662.0
2025-09-12,1481.7606968153775,1487.4486761823323,1466.4321143461764,1470.7703857421875,12856963.0
2025-09-15,1470.7703889313757,1472.6021270614033,1447.2472937742573,1454.1885986328125,6167414.0
2025-09-16,1454.18869843609,1459.5874130189484,1449.464779044907,1456.9844970703125,8923112.0
2025-09-17,1462.3832147820146,1471.830935901443,1459.58741614181,1467.685546875,4795698.0
2025-09-18,1494.2935138953433,1499.1138155530705,1483.2068200825713,1485.2313232421875,9331945.0
2025-09-19,1489.0875921991392,1495.546867150236,1465.468113638006,1484.845703125,12988129.0
2025-09-22,1429.4121385641438,1460.2620677071914,1428.7373434373958,1445.6083984375,15655204.0
2025-09-23,1439.3420265057648,1458.6232324870878,1439.3420265057648,1443.6802978515625,9832164.0
2025-09-24,1433.7504516255494,1442.909024606748,1429.4121802134027,1440.884521484375,4937004.0
2025-09-25,1435.4857737282794,1448.6933526456728,1423.4350200871756,1431.436767578125,9491867.0
2025-09-26,1421.9889772759154,1425.555953399892,1389.4036912657584,1396.8270263671875,8597058.0
2025-09-29,1407.5280279964163,1412.3483294621576,1384.872611107433,1389.982177734375,10513117.0
2025-09-30,1391.1390030128964,1400.0083106366037,1386.4150840398418,1389.982177734375,7556305.0
2025-10-01,1394.031143886091,1397.405354815276,1376.099646484765,1393.83837890625,6250692.0
2025-10-03,1387.282784330546,1396.2485922754322,1381.6911874663804,1394.609619140625,6877533.0
2025-10-06,1394.6096065704758,1425.6524188431904,1390.4642178899833,1422.9530029296875,4630590.0
2025-10-07,1424.5918193613172,1429.6050033943986,1401.743637948074,1406.0819091796875,5570320.0
2025-10-08,1404.6358503769077,1444.1623224877194,1402.707729786136,1441.2701416015625,4657192.0
2025-10-09,1448.0185870707542,1459.5873108023447,1433.557682406266,1455.0562744140625,7028753.0
2025-10-10,1455.7310370996563,1467.010495413199,1444.933608930849,1460.4549560546875,3738353.0
2025-10-13,1443.1982662450723,1450.6214834671307,1430.087069727637,1439.5347900390625,5859355.0
2025-10-14,1445.1264411305913,1459.9729938155936,1433.075686951717,1436.353515625,5600789.0
2025-10-15,1430.569218120133,1435.1002548224249,1414.7586043879571,1421.41064453125,6986098.0
2025-10-16,1420.9285143742625,1421.5069270236047,1408.010082684283,1418.61474609375,8005748.0
2025-10-17,1402.6114532010124,1405.9856644896408,1382.4625679694304,1389.307373046875,16959378.0
2025-10-20,1401.4544470050912,1414.276496397426,1397.8874708768014,1408.395751953125,6994246.0
2025-10-21,1424.881136066363,1432.5936185349226,1417.1686535978035,1419.482421875,1698704.0
2025-10-23,1455.7310466373283,1490.4372172856354,1451.8748054541832,1473.566162109375,20358624.0
2025-10-24,1484.1708637038648,1487.545074826283,1463.4435668090073,1470.57763671875,8652257.0
2025-10-27,1478.016560669554,1483.2043487095048,1466.3685916918344,1472.633056640625,7273211.0
2025-10-28,1467.9347848431598,1474.5908017388306,1458.9296979699484,1468.4241943359375,8211019.0
2025-10-29,1468.4241778932897,1488.0005573851863,1465.1941469679696,1478.408203125,4884976.0
2025-10-30,1475.0801523386458,1476.2546872805226,1457.5592692997866,1462.1597900390625,5608867.0
2025-10-31,1458.4403008415875,1465.3898918009988,1449.3372364048548,1450.9034423828125,4819814.0
2025-11-03,1450.9033496746388,1459.8105780526128,1442.974820743242,1454.0355224609375,5470600.0
2025-11-04,1448.3583414401685,1450.511814804534,1431.9142548968182,1436.808349609375,8691330.0
2025-11-06,1447.2816360762577,1451.58846323567,1430.9354078512456,1435.6336669921875,7944752.0
2025-11-07,1438.8638806951196,1449.533031326473,1418.4065403991735,1445.5198974609375,8765759.0
2025-11-10,1458.5381171839108,1487.8048281611332,1458.4402591842686,1481.4425048828125,9787975.0
2025-11-11,1492.6989304110698,1500.9210336624128,1479.0933228205397,1497.88671875,13692989.0
2025-11-12,1507.3812396717751,1526.1745164244364,1505.5214596999074,1518.8333740234375,14635417.0
2025-11-13,1524.1189242683809,1524.5104757353397,1497.8866487683968,1509.14306640625,19655689.0
2025-11-14,1487.8047537888665,1497.59294295853,1457.2656513734084,1470.9691162109375,9739549.0
2025-11-17,1464.3132041198487,1478.212385937251,1460.8873376663598,1475.66748046875,7910354.0
2025-11-18,1474.1013313334302,1474.1013313334302,1451.784211591062,1454.91650390625,7525119.0
2025-11-19,1458.9296699222182,1510.317665675936,1458.9296699222182,1508.4578857421875,10981126.0
2025-11-20,1522.063472907938,1522.063472907938,1501.508274881529,1503.955322265625,7387584.0
2025-11-21,1498.5718033380108,1518.6375916910015,1493.9714020948772,1512.2752685546875,9186302.0
2025-11-24,1530.4813442936104,1551.4280945139649,1508.3600590826622,1515.2117919921875,19270381.0
2025-11-25,1516.1905908718425,1517.7566773334454,1493.5798964672151,1498.1802978515625,8107952.0
2025-11-26,1499.6485223505715,1527.251289037942,1499.6485223505715,1524.902099609375,7575038.0
2025-11-27,1530.8728564928056,1540.954739594805,1519.3227449478784,1533.2220458984375,7552252.0
2025-11-28,1531.8516566735827,1535.179665000364,1524.0211050739736,1527.055419921875,4453221.0
2025-12-01,1529.4045743430058,1540.6609920101705,1523.042251313739,1530.872802734375,5341800.0
2025-12-02,1533.8093151456649,1546.4361036663386,1523.1401645511503,1527.9364013671875,6335969.0
2025-12-03,1522.1613705980965,1552.406900951154,1521.182551618934,1545.261474609375,12895312.0
2025-12-04,1534.788091787157,1565.1314788059085,1534.788091787157,1563.7611083984375,12609619.0
2025-12-05,1575.8985332981872,1597.2368345243185,1566.1103436503722,1581.9671630859375,10344725.0
2025-12-08,1582.8481284293375,1595.4749170068917,1566.306063981828,1576.681640625,7550413.0
2025-12-09,1567.2848235795727,1572.8641631737528,1548.883099378693,1565.1314697265625,6957599.0
2025-12-10,1573.9408513587562,1573.9408513587562,1549.2746619298632,1551.2322998046875,5116140.0
2025-12-11,1564.1527099609375,1573.353632151773,1547.023378030827,1564.1527099609375,5159319.0
2025-12-12,1567.4806809838458,1567.8722324584342,1549.0788370408115,1564.348388671875,4633912.0
2025-12-15,1551.4280562362142,1576.6816332735752,1551.4280562362142,1572.766357421875,4190558.0
2025-12-16,1566.1103574156468,1569.0468143358012,1552.0153403019583,1559.1607666015625,5499258.0
2025-12-17,1553.581424584382,1572.8642300238714,1552.4068896118622,1568.0679931640625,4817628.0
2025-12-18,1576.3879761796316,1595.4749463972676,1572.6684162407605,1592.3427734375,6577293.0
2025-12-19,1615.0513027562847,1619.847539612933,1595.2792073285575,1603.9906005859375,13149023.0
2025-12-22,1628.7547583833573,1657.3362243784013,1628.7547583833573,1653.8125,23098923.0
2025-12-23,1643.4370603643276,1643.4370603643276,1621.3157754082474,1632.9637451171875,6593060.0
2025-12-24,1625.8182910699556,1632.2784723030877,1617.4983299175808,1628.16748046875,4271167.0
2025-12-26,1628.167521100225,1633.453167508233,1616.7152673020842,1621.0220947265625,2006491.0
2025-12-29,1622.8818655924697,1637.6620082639456,1602.4245250544589,1609.863525390625,4062817.0
2025-12-30,1612.1148331917736,1612.9957941560388,1582.554548282334,1587.2528076171875,9395937.0
2025-12-31,1586.6655664923117,1594.1045668429529,1575.1154547350543,1581.1842041015625,6538656.0
2026-01-01,1581.184158007412,1604.8715288376811,1579.9116455766828,1595.2791748046875,3658165.0
2026-01-02,1601.2499777187402,1608.6889779975038,1593.0278744696911,1605.6546630859375,2524526.0
2026-01-05,1602.3265912739637,1602.3265912739637,1549.568226955718,1572.374755859375,5917885.0
2026-01-06,1566.2081943610224,1585.5888575673962,1565.1315174017209,1578.0518798828125,4466729.0
2026-01-07,1580.7926463324388,1607.2207586859845,1580.7926463324388,1604.2843017578125,4508079.0
2026-01-08,1604.186403368615,1609.472049603195,1574.5281413468902,1579.128662109375,3942131.0
2026-01-09,1575.898487352098,1596.747378487979,1572.9620305433675,1579.91162109375,6816681.0
2026-01-12,1575.996349102621,1579.1286413969012,1558.867017677559,1562.09716796875,6985362.0
2026-01-13,1583.7290294043642,1583.7290294043642,1552.7983751003353,1565.1314697265625,8080618.0
2026-01-14,1554.3644397699236,1582.7501883551429,1549.5682031809922,1565.91455078125,7557157.0
2026-01-15,1565.91455078125,1565.91455078125,1565.91455078125,1565.91455078125,0.0
2026-01-16,1628.461030733189,1658.119292555676,1618.3792672921977,1654.00830078125,19335957.0
2026-01-19,1649.309891747184,1649.309891747184,1631.201741600405,1645.59033203125,5104958.0
2026-01-20,1637.5641409981629,1644.6115898062917,1617.889903547792,1623.7628173828125,6406503.0
2026-01-21,1616.0301458476065,1621.903059763467,1596.6494821313709,1619.358154296875,6224582.0
2026-01-22,1630.712428320841,1635.8022392467942,1618.7708845027832,1628.265380859375,6228892.0
2026-01-23,1631.8869227568262,1640.2068839190629,1626.9928279555104,1635.4107666015625,5869137.0
2026-01-27,1650.0930280724322,1653.6167523834592,1625.9161283991025,1647.05859375,10673087.0
2026-01-28,1644.4158380681818,1653.029492632909,1615.05126953125,1631.2017822265625,8588664.0
2026-01-29,1622.8818691859371,1631.2018305177105,1607.318623503672,1624.35009765625,4749582.0
2026-01-30,1619.9454090553113,1619.9454090553113,1583.8269648597889,1606.241943359375,9207926.0
2026-02-02,1626.7970461591942,1626.7970461591942,1583.7290136495644,1594.8875732421875,6784887.0
2026-02-03,1690.616056346825,1691.3991593070652,1617.9877374621406,1620.9241943359375,8805868.0
2026-02-04,1540.66097646391,1551.3301265638145,1478.1144237257668,1503.2701416015625,28828622.0
2026-02-05,1501.508237297243,1518.1481590925844,1483.5958031001303,1488.00048828125,10628127.0
2026-02-06,1489.86026239605,1492.6988611765453,1448.6520095352705,1475.177978515625,13900866.0
2026-02-09,1489.8602864300617,1495.6353420798034,1461.376679139494,1465.4876708984375,8294615.0
2026-02-10,1468.2284271414342,1483.7916723660803,1459.4190565785857,1466.0750732421875,8657000.0
2026-02-11,1469.4029562852068,1474.003477029586,1437.885033967625,1440.7236328125,7934411.0
2026-02-12,1398.6344233110094,1405.2903204885397,1351.259562174479,1356.64306640625,26048896.0
2026-02-13,1266.493817560756,1348.1273389393946,1254.356439122167,1340.1009521484375,45785709.0
2026-02-16,1344.6035807140283,1346.854912154694,1309.953484521095,1336.6751708984375,14621891.0
2026-02-17,1340.9819956812096,1400.6899531531467,1338.0455387563604,1361.73291015625,25347684.0
2026-02-18,1361.4392729027982,1371.3253201935424,1316.805153615715,1344.603515625,20241373.0
2026-02-19,1355.6643110050506,1372.3042339560152,1334.326009074035,1341.471435546875,14574228.0
2026-02-20,1330.4106332686276,1336.0878308198503,1309.855435871399,1324.5377197265625,12633552.0
2026-02-23,1323.3632672728345,1323.3632672728345,1290.0834217940796,1299.3822021484375,12887826.0
2026-02-24,1273.4434027288626,1275.988307999553,1237.3249610296912,1248.4835205078125,27839061.0
2026-02-25,1258.9568742250233,1295.564726518415,1258.9568742250233,1262.7742919921875,16669618.0
2026-02-26,1277.848187510079,1286.168148899459,1259.054910753846,1261.7955322265625,11493914.0
2026-02-27,1298.207628321947,1306.723305439908,1266.7874442662774,1272.5625,23141724.0
2026-03-02,1263.6552272829083,1271.290062662244,1246.0364867011174,1261.5997314453125,9700361.0
2026-03-04,1264.6340504084835,1289.104523520103,1264.6340504084835,1279.7078857421875,15154950.0
2026-03-05,1292.0410271405913,1292.0410271405913,1262.7743163409898,1278.141845703125,10362147.0
2026-03-06,1275.4011212294208,1299.0884925711755,1275.4011212294208,1280.686767578125,8724291.0
2026-03-09,1262.676497890922,1290.083429628089,1255.3353554613236,1287.14697265625,10068514.0
2026-03-10,1292.0410437407636,1293.0198627132943,1256.9014187299574,1268.1578369140625,9600171.0
2026-03-11,1260.7188580118502,1271.975276386956,1244.3726286871142,1249.2667236328125,7868891.0
2026-03-12,1245.5471752363726,1251.5179472285731,1231.3542997621664,1238.9891357421875,7599940.0
2026-03-13,1224.5025045780033,1242.7085131232232,1216.280401513626,1221.8597412109375,7366098.0
2026-03-16,1213.931245180508,1227.7326883178384,1198.2701415781935,1223.3280029296875,12314450.0
2026-03-17,1218.6295738865974,1218.6295738865974,1189.3628638376754,1206.785888671875,11223276.0
2026-03-18,1211.7778669014497,1263.459555545422,1208.7435520363658,1240.261474609375,12365381.0
2026-03-19,1217.846529327881,1228.4178221249233,1189.3629208552388,1194.9422607421875,9156461.0
2026-03-20,1215.6930991638783,1238.0102183433878,1203.1641691885866,1229.2987060546875,27299975.0
2026-03-23,1211.9735596886824,1234.3885372371806,1201.4023868626336,1230.1796875,12420293.0
2026-03-24,1242.12130081512,1269.5282325903945,1224.5025589595862,1251.224365234375,13613495.0
2026-03-25,1243.100095463166,1263.263742406015,1230.4733068170258,1252.00732421875,10824030.0
2026-03-27,1257.9780904958054,1267.374848180997,1236.444073189259,1242.806396484375,13092541.0
2026-03-30,1223.5236944376795,1238.6953882487069,1216.6719617488286,1224.1109619140625,14108486.0
2026-04-01,1262.6764804554484,1275.4011271577126,1242.610691424955,1248.6793212890625,8137156.0
2026-04-02,1233.311939748619,1277.7503462365091,1233.116223742555,1273.247802734375,12873492.0
2026-04-06,1273.8350657038357,1292.041075138383,1271.4858762157266,1278.5333251953125,10208682.0
2026-04-07,1274.4222980187042,1316.609371698259,1266.1023367797188,1311.0301513671875,15355792.0
2026-04-08,1320.4267760360608,1347.7358488962443,1302.8080347694563,1317.68603515625,16030133.0
2026-04-09,1301.731319284282,1309.170319257509,1286.1680743957882,1303.395263671875,14894607.0
2026-04-10,1290.0834192154257,1290.9643801968148,1256.118448309188,1265.12353515625,19233369.0
2026-04-13,1245.0577246851824,1261.6976471062894,1238.8911174058185,1249.756103515625,10366082.0
2026-04-15,1278.631284802942,1294.488104527646,1272.9540869097948,1277.6524658203125,12098912.0
2026-04-16,1294.0965334739733,1302.808046184627,1281.2740288923192,1291.2579345703125,18527029.0
2026-04-17,1285.1893342368037,1300.165312581974,1278.435459306928,1290.7685546875,12064048.0
2026-04-20,1292.0410136169874,1296.8372503675123,1280.3930442184933,1284.7977294921875,7172300.0
2026-04-21,1282.2528368892558,1296.9351212811175,1271.7795218169556,1285.385009765625,10057440.0
2026-04-22,1267.5705813427946,1270.2133447995752,1229.2987830540255,1241.729736328125,20088378.0
2026-04-23,1227.438951608261,1238.891085420282,1200.0320212693207,1214.32275390625,14792854.0
2026-04-24,1174.5826894228176,1197.9764852174349,1127.7950978335834,1130.144287109375,42078914.0
2026-04-27,1130.1443119385692,1154.9084786451926,1130.04645394258,1145.5118408203125,19579883.0
2026-04-28,1138.0727223885278,1144.6308809119316,1125.4460537763027,1127.697265625,12720276.0
2026-04-29,1133.961747660014,1153.2444330805374,1132.2978032475876,1142.7711181640625,8303109.0
2026-04-30,1142.7711514334949,1164.5988623339997,1135.0384576467616,1156.768310546875,12205669.0
2026-05-01,1156.768310546875,1156.768310546875,1156.768310546875,1156.768310546875,0.0
2026-05-04,1169.6886601132755,1169.6886601132755,1140.5198072387318,1143.652099609375,7735811.0
2026-05-05,1144.728787187228,1160.096197246124,1135.5278649580357,1153.1466064453125,8164108.0
2026-05-06,1161.8580797644604,1166.262764986819,1139.443102180398,1142.4774169921875,9856963.0
2026-05-07,1148.1546369607545,1150.5038263553197,1134.6468875555572,1138.07275390625,12013987.0
2026-05-08,1136.4088093734103,1158.4322359116547,1134.2554554613432,1154.2232666015625,7582770.0
2026-05-11,1151.0911273032605,1161.858136147083,1147.2737093616845,1152.0699462890625,7336288.0
2026-05-12,1137.3876630949442,1137.3876630949442,1099.2137225952,1116.1473388671875,16891948.0
2026-05-13,1112.5255790772603,1118.398492694932,1097.2560275682615,1099.3115234375,6664111.0
2026-05-14,1096.0815207310736,1098.137016652994,1065.933848927119,1071.8067626953125,16914842.0
2026-05-15,1078.658538900176,1109.1976439317652,1078.266987402901,1095.2984619140625,17482450.0
2026-05-18,1095.2984136735845,1121.8243835304838,1094.319594715878,1118.3006591796875,12096377.0
2026-05-19,1137.3876555901809,1173.0166903851343,1137.3876555901809,1171.5484619140625,32175705.0
2026-05-20,1161.8580984968487,1181.3366195800531,1159.802602590221,1168.4161376953125,15121010.0
2026-05-21,1170.765334609686,1176.3446743746752,1152.0699163634372,1156.180908203125,10021033.0
2026-05-22,1157.4533539662823,1166.5564175672662,1147.665164926398,1149.622802734375,8803066.0
2026-05-25,1157.9428754813864,1159.900513478819,1141.4008105061328,1143.75,5856136.0
2026-05-26,1141.5965459846338,1155.6914427435413,1138.2685377836078,1142.966796875,8005767.0
2026-05-27,1136.4088302961693,1142.5754376343073,1130.5359164445094,1135.3321533203125,6371871.0
2026-05-28,1135.3321533203125,1135.3321533203125,1135.3321533203125,1135.3321533203125,0.0
2026-05-29,1156.96396849116,1184.370898370815,1129.1654871448488,1136.3109130859375,69085430.0
2026-06-01,1150.1122640819906,1191.222659904496,1148.839751655495,1177.02978515625,19439331.0
2026-06-02,1206.3943648530496,1251.811588367994,1206.3943648530496,1243.8831787109375,36032600.0
2026-06-03,1215.7909483013548,1223.425783618914,1190.2437985614154,1196.7039794921875,18534303.0
2026-06-04,1182.4132636253246,1189.4607121046952,1170.8631524946943,1175.855224609375,12755957.0
2026-06-05,1194.159169493737,1197.8787294549086,1169.0035692089534,1172.1357421875,8692290.0
2026-06-08,1152.559265415463,1175.26781631171,1151.5804465064052,1162.4453125,8631711.0
2026-06-09,1168.3182691086097,1168.3182691086097,1142.5754025403637,1155.300048828125,10984054.0
2026-06-10,1160.0999755859375,1171.4000244140625,1143.300048828125,1145.300048828125,8887626.0
2026-06-11,1129.699951171875,1133.699951171875,1109.0,1114.5999755859375,9372176.0
2026-06-12,1120.0,1123.300048828125,1111.5,1116.4000244140625,8075333.0
2026-06-15,1130.0,1151.0,1123.0,1134.9000244140625,7856192.0
2026-06-16,1136.9000244140625,1153.800048828125,1123.199951171875,1143.5999755859375,10456090.0
2026-06-17,1149.0,1162.5,1148.0,1157.699951171875,5995119.0
2026-06-18,1142.9000244140625,1142.9000244140625,1125.300048828125,1127.5,16781447.0
2026-06-19,1062.300048828125,1066.0,1030.0,1051.4000244140625,45665442.0
2026-06-22,1055.0,1080.300048828125,1055.0,1065.4000244140625,10178505.0
2026-06-23,1053.800048828125,1055.300048828125,1026.0,1029.300048828125,19323064.0
2026-06-24,1040.9000244140625,1065.5,1037.699951171875,1056.5999755859375,12346266.0
2026-06-25,1065.0,1068.0,1039.0999755859375,1041.199951171875,15866779.0
2026-06-26,1041.199951171875,1041.199951171875,1041.199951171875,1041.199951171875,0.0
2026-06-29,1037.0999755859375,1046.5999755859375,1029.0999755859375,1036.699951171875,15080892.0
2026-06-30,1030.0,1030.4000244140625,996.0,1000.4000244140624,24128263.0
2026-07-01,1006.0,1014.0,982.4000244140624,985.2999877929688,13037982.0
2026-07-02,1006.4000244140624,1045.0,1006.0,1040.9000244140625,18741111.0
2026-07-03,1063.0,1068.699951171875,1042.0,1047.199951171875,11653534.0
2026-07-06,1050.0999755859375,1053.0,1033.0,1042.199951171875,5559747.0
2026-07-07,1040.5999755859375,1087.5,1040.5999755859375,1071.800048828125,18866296.0
2026-07-08,1071.9000244140625,1079.699951171875,1064.4000244140625,1069.300048828125,13022221.0
2026-07-09,1062.699951171875,1062.699951171875,1040.4000244140625,1050.800048828125,9003333.0
2026-07-10,1075.0,1091.300048828125,1064.699951171875,1068.0,9747266.0
2026-07-13,1057.0999755859375,1114.9000244140625,1057.0999755859375,1102.5999755859375,20994760.0
2026-07-14,1107.800048828125,1113.5,1090.0,1092.9000244140625,14819413.0
2026-07-15,1079.0,1088.0999755859375,1073.0,1076.300048828125,8501933.0
2026-07-16,1082.5,1097.300048828125,1077.9000244140625,1082.4000244140625,8592146.0
2026-07-17,1105.0,1116.800048828125,1092.0,1096.5,12547728.0
2026-07-20,1102.0,1103.800048828125,1083.199951171875,1087.0999755859375,6372645.0
2026-07-21,1080.0,1094.5,1067.199951171875,1073.5,9485229.0
2026-07-22,1064.0,1069.300048828125,1046.199951171875,1052.0999755859375,7517203.0
2026-07-23,1046.9000244140625,1058.5,1032.0,1047.4000244140625,13794578.0
2026-07-24,1028.0,1043.4000244140625,1013.9000244140624,1040.9000244140625,29036900.0
2026-07-27,1065.0,1082.0,1057.4000244140625,1079.199951171875,15956349.0
2026-07-28,1097.0,1118.5,1097.0,1105.699951171875,28100895.0
2026-07-29,1147.0,1164.5,1128.4000244140625,1155.5999755859375,34400369.0
2026-07-30,1168.0,1187.699951171875,1151.300048828125,1155.0999755859375,22630218.0
2026-07-31,1118.9000244140625,1139.300048828125,1107.199951171875,1130.0999755859375,14367075.0
2026-08-03,1145.0999755859375,1180.0,1138.0999755859375,1180.0,8582270.0
2026-08-04,1168.0,1175.699951171875,1153.300048828125,1167.5,9243589.0
2026-08-05,1174.699951171875,1177.5,1162.300048828125,1174.0,9964155.0
2026-08-06,1174.0999755859375,1185.800048828125,1163.0,1165.0,8521064.0
2026-08-07,1160.0,1183.0,1155.5999755859375,1175.0999755859375,7581410.0
2026-08-10,1178.0999755859375,1195.0,1175.199951171875,1183.0,9377001.0
2026-08-11,1188.0,1193.5,1182.0,1190.699951171875,10160091.0
2026-08-12,1185.5999755859375,1190.4000244140625,1163.300048828125,1176.0999755859375,7529777.0
2026-08-13,1170.0,1175.0,1157.0,1175.0,6234215.0
2026-08-14,1170.4000244140625,1174.0999755859375,1158.9000244140625,1169.199951171875,5844763.0
2026-08-17,1163.9000244140625,1166.5,1129.699951171875,1139.9000244140625,5817153.0
2026-08-18,1124.5,1131.9000244140625,1112.5,1115.0,8851110.0
2026-08-19,1125.5999755859375,1134.699951171875,1113.800048828125,1119.800048828125,8408573.0
2026-08-20,1143.0,1144.699951171875,1125.699951171875,1130.0,8559841.0
2026-08-21,1133.0,1133.5,1118.0,1121.0,6094967.0
2026-08-24,1126.5,1144.5,1122.0,1130.0,8565354.0
2026-08-25,1132.0,1144.0,1119.9000244140625,1144.0,8121237.0
2026-08-26,1142.0,1142.0,1118.300048828125,1120.0,6323984.0
2026-08-27,1120.0,1130.699951171875,1107.199951171875,1110.800048828125,6933998.0
2026-08-28,1123.5999755859375,1145.0,1123.300048828125,1144.0,9621969.0
2026-08-31,1138.5999755859375,1143.9000244140625,1111.0999755859375,1133.800048828125,8808120.0
2026-09-01,1128.0,1156.0,1125.5999755859375,1156.0,13516123.0
2026-09-02,1137.699951171875,1147.800048828125,1118.5999755859375,1140.0,8564358.0
2026-09-03,1144.0,1144.0,1122.5,1130.300048828125,5786250.0
2026-09-04,1133.0,1146.699951171875,1125.4000244140625,1130.0,5881388.0
2026-09-07,1109.5,1109.9000244140625,1085.0,1087.5,7668346.0
2026-09-08,1095.0,1095.0,1078.9000244140625,1082.0,6269037.0
2026-09-09,1059.0,1059.0,1026.5,1035.0,13530457.0
2026-09-10,1039.5999755859375,1046.5999755859375,1027.300048828125,1036.5,8998529.0
2026-09-11,1032.0,1047.300048828125,1029.699951171875,1037.699951171875,6168088.0
2026-09-14,1037.699951171875,1037.699951171875,1037.699951171875,1037.699951171875,0.0
2026-09-15,1085.0,1097.699951171875,1071.699951171875,1077.0,14816117.0
2026-09-16,1082.5,1085.0999755859375,1053.5,1060.0,6230590.0
2026-09-17,1054.9000244140625,1063.5999755859375,1048.5999755859375,1058.5999755859375,5469865.0
2026-09-18,1061.9000244140625,1061.9000244140625,1038.0,1051.4000244140625,22124953.0
2026-09-21,1041.5,1044.5,1030.300048828125,1038.5,6074358.0
2026-09-22,1037.699951171875,1041.0,1019.2000122070312,1029.4000244140625,9341109.0
2026-09-23,1021.7999877929688,1029.4000244140625,1015.0999755859376,1020.5,5108734.0
2026-09-24,1015.0,1022.7999877929688,1005.2000122070312,1014.5,6891893.0
2026-09-25,999.5,1004.2,991.6,1000.2,10240700.0
