Date,Open,High,Low,Close,Volume
2021-09-23,19.471666682247854,19.515032759990568,19.3849328724526,19.428298950195312,8459264.0
2021-09-24,19.47166379366566,19.558395936284555,19.29819619980872,19.341562271118164,10388205.0
2021-09-27,19.428296701677525,19.515030501434715,19.384930628953747,19.471664428710938,8668665.0
2021-09-28,19.42829763914737,19.51503144308971,19.34156383520503,19.38493156433105,11350575.0
2021-09-29,19.51503218114036,19.86196575572089,19.384932297461376,19.645132064819336,22206444.0
2021-09-30,19.86196195438714,19.99206181316661,19.68849602745099,19.81859588623047,14638191.0
2021-10-01,19.81860057157097,20.816035263764373,19.73186676044332,20.72930145263672,35110359.0
2021-10-04,20.98950155937733,21.29306739767246,20.64256633679477,20.68593406677246,28542026.0
2021-10-05,20.642566913980243,20.77266845324134,20.425733220958143,20.46910095214844,13352924.0
2021-10-06,20.46910035504858,20.98950153398307,20.42573262512336,20.512466430664062,40508684.0
2021-10-07,20.685933063249493,20.72929913681365,20.38236558537139,20.425731658935547,9134428.0
2021-10-08,20.51246702902894,20.642566913980243,20.425733220958143,20.46910095214844,7914906.0
2021-10-11,20.59919926181151,20.642565335375668,20.425731658935547,20.425731658935547,7353291.0
2021-10-12,20.425730938625385,20.51246473700472,20.2956310682112,20.338998794555664,8386488.0
2021-10-13,20.382366549507875,20.902767728442367,20.295632743967168,20.512466430664062,13948613.0
2021-10-14,20.55583476021924,20.68593464517054,20.46910095214844,20.46910095214844,12702200.0
2021-10-18,20.64256521797939,21.466533845489725,20.555833071344328,21.119600296020508,43875005.0
2021-10-19,21.20633524633656,21.33643512765015,20.51246645548118,20.68593406677246,23602125.0
2021-10-20,20.72929913681365,20.77266686468748,20.29563178393341,20.425731658935547,12927201.0
2021-10-21,20.512466840280016,21.119601836879166,20.469100763798554,20.989501953125,25331808.0
2021-10-22,21.16296351157337,22.680799033059504,20.94612986564678,22.37723159790039,115092468.0
2021-10-25,22.724169665497733,22.89763561187205,21.33643382295496,21.64000129699707,53319421.0
2021-10-26,21.68336771284613,22.03030126538973,21.336434160302527,21.59663391113281,24445799.0
2021-10-27,21.683368311625,21.94356806964061,21.50990070340811,21.553268432617188,18162921.0
2021-10-28,21.553269573857783,21.640003382558763,20.859400758559765,20.946134567260746,17364266.0
2021-10-29,20.685934454825425,21.119601836879166,20.16553326549898,20.989501953125,16105471.0
2021-11-01,21.33643341064453,21.943566692686726,21.249699611978613,21.33643341064453,22482750.0
2021-11-02,21.509901624530663,21.553269355596893,21.20633577861604,21.293067932128903,12204586.0
2021-11-03,21.423170212306903,21.85683761211628,21.293068668916217,21.726736068725582,19662155.0
2021-11-04,21.94356918334961,22.11703680037056,21.85683702914893,21.94356918334961,9910868.0
2021-11-08,22.1170358525229,22.24713573255815,21.726734558107427,22.03030204772949,22364054.0
2021-11-09,22.290504817862367,22.550704593758727,21.986937309776728,22.420604705810547,27949534.0
2021-11-10,22.48317750109496,22.57257417548316,22.08089502399768,22.170289993286133,18408557.0
2021-11-11,22.12559551233095,22.170293003043145,21.946802139282227,21.946802139282227,9087058.0
2021-11-12,21.946803996936367,22.036200691027577,21.633918125267307,21.81270980834961,9367045.0
2021-11-15,22.080897203428407,22.125594692484373,21.63391549246913,21.72331047058105,7472234.0
2021-11-16,21.81270783920109,21.81270783920109,21.63391617225926,21.678613662719727,4493317.0
2021-11-17,21.589216165461192,21.67861284812292,21.410424505237643,21.455121994018555,7206748.0
2021-11-18,21.41042409563203,21.49981907148363,21.05283737182617,21.05283737182617,12290674.0
2021-11-22,21.00813947978773,21.45512117084704,20.8740453134899,21.231630325317383,15144944.0
2021-11-23,21.276328561996618,21.45512192675957,21.00814021995208,21.321027755737305,7176938.0
2021-11-24,21.410423683781044,21.45512117084704,21.186932838251387,21.231630325317383,5884980.0
2021-11-25,21.231631005954952,21.27632849445385,21.052837641759584,21.18693351745605,5125837.0
2021-11-26,21.008136659280968,21.186929993740225,20.82934332482172,20.874042510986328,7209870.0
2021-11-29,20.69525146484375,21.36572398555208,20.29296897547863,20.69525146484375,26736896.0
2021-11-30,20.69525221490923,21.09753642395428,20.69525221490923,20.784648895263672,4271236.0
2021-12-01,20.918742305079856,20.96344149618696,20.650553978836445,20.69525146484375,5898569.0
2021-12-02,20.87404557561811,20.87404557561811,20.65055472728194,20.784648895263672,4187212.0
2021-12-03,20.73995147733505,21.231630663287017,20.73995147733505,20.91874313354492,5631044.0
2021-12-06,21.00814098171974,21.05283847198129,20.739952629950537,20.82934761047364,5983533.0
2021-12-07,21.00814236416842,21.097539055674257,20.65055730324514,20.739953994750977,6328241.0
2021-12-08,20.87404564576742,21.008139814199787,20.78464896511256,20.91874313354492,4939244.0
2021-12-09,21.05283879833036,21.276329663302445,20.87404712941268,21.09753799438477,5503212.0
2021-12-10,21.097536835358373,21.27632849445385,21.052837641759584,21.18693351745605,5319317.0
2021-12-13,21.36572635031128,21.36572635031128,21.05283879833036,21.09753799438477,4212726.0
2021-12-14,20.91874646345942,21.142237348122663,20.91874646345942,20.96344566345215,4350221.0
2021-12-15,20.9634434914582,21.05283847198129,20.739952629950537,20.82934761047364,4861713.0
2021-12-16,20.87404598813581,20.963442670256928,20.38236508901961,20.60585594177246,9157304.0
2021-12-17,20.650554308698435,20.650554308698435,20.29296929962873,20.38236427307129,10293500.0
2021-12-20,20.337668567233617,20.337668567233617,20.06948021322217,20.114177703857425,7969017.0
2021-12-21,20.15887519449268,20.337668567233617,20.06948021322217,20.114177703857425,7246168.0
2021-12-22,20.20357322692871,20.29296990815182,20.02477986448249,20.20357322692871,7072820.0
2021-12-23,20.29297193563035,20.605857793521974,20.248272738002942,20.471763610839844,8518409.0
2021-12-24,20.42706262902301,20.42706262902301,20.06947763458557,20.15887260437012,6593200.0
2021-12-27,20.20357322692871,20.29296990815182,20.06947905764398,20.20357322692871,4025184.0
2021-12-28,20.203572621086348,20.47176095161367,20.158873429265245,20.38236427307129,4058607.0
2021-12-29,20.427064895629883,20.60585656013762,20.382365700678,20.427064895629883,3573893.0
2021-12-30,20.47176095161367,20.516460143434774,20.33766678635001,20.38236427307129,2701320.0
2021-12-31,20.47176238548183,20.56115907028567,20.382365700678,20.427064895629883,3542826.0
2022-01-03,20.516460964751232,20.65055513538296,20.47176177114073,20.60585594177246,6385594.0
2022-01-04,20.65055513538296,20.73995181750408,20.516460964751232,20.60585594177246,6402243.0
2022-01-05,20.60585656013762,20.65055575508951,20.292970720974093,20.427064895629883,7127303.0
2022-01-06,20.382365700678,20.51646158043372,20.292970720974093,20.427064895629883,7417986.0
2022-01-07,20.56115790602216,20.60585539334313,20.471761226280343,20.51646041870117,5352715.0
2022-01-10,20.60585539334313,20.60585539334313,20.471761226280343,20.51646041870117,8226337.0
2022-01-11,20.51646041870117,20.73995126550576,20.42706373895937,20.51646041870117,11344815.0
2022-01-12,20.695252623893577,20.695252623893577,20.516460964751232,20.60585594177246,7981078.0
2022-01-13,20.65055581899161,20.65055581899161,20.51646164392087,20.561159133911133,6196111.0
2022-01-14,20.561158447872163,21.231631005954952,20.47176176577448,21.18693351745605,16831189.0
2022-01-17,21.410423827149284,21.678612161540777,21.276327954853688,21.499818801879883,16579585.0
2022-01-18,21.67861271134348,21.76800939344116,21.142234323857267,21.18693351745605,7441045.0
2022-01-19,21.14223405277764,21.2316307337291,21.008139883900373,21.05283737182617,5504174.0
2022-01-20,21.05283737182617,21.2316307337291,21.008139883900373,21.05283737182617,5622661.0
2022-01-21,21.00814098171974,21.32102852885045,20.784650120212085,20.82934761047364,8028725.0
2022-01-24,20.874046614549137,21.008140789204923,20.33766821082604,20.427064895629883,12317944.0
2022-01-25,20.38236576375019,20.65055581899161,20.11417741360872,20.561159133911133,6995265.0
2022-01-27,20.56115790602216,20.695252073084937,20.382364546538543,20.51646041870117,7169492.0
2022-01-28,20.60585594177246,20.829346794525307,20.561158453261847,20.60585594177246,5703163.0
2022-01-31,20.91873999205134,20.91873999205134,20.695249176527074,20.874042510986328,6102682.0
2022-02-01,20.96344149618696,21.09753565930866,20.605854787729346,20.69525146484375,10345830.0
2022-02-02,20.784648895263672,20.9187430632454,20.69525221490923,20.784648895263672,5780813.0
2022-02-03,20.784651487953862,20.8740481794597,20.695254796448022,20.739953994750977,4151889.0
2022-02-04,20.73995181750408,20.829346794525307,20.561158453261847,20.60585594177246,5329628.0
2022-02-07,20.65055513538296,20.695252623893577,20.561158453261847,20.60585594177246,5132340.0
2022-02-08,20.65055581899161,20.69525330898187,20.47176244883066,20.561159133911133,5051898.0
2022-02-09,20.60585594177246,20.695252623893577,20.561158453261847,20.60585594177246,3686570.0
2022-02-10,20.69525146484375,21.00813898219426,20.605854787729346,20.69525146484375,9814830.0
2022-02-11,20.695252073084937,20.73995126550576,20.471761226280343,20.51646041870117,7856571.0
2022-02-14,20.38236713158181,20.42706632967172,19.66719701314388,19.75659370422364,11887542.0
2022-02-15,19.9800835268517,20.15887519449268,19.75659266347551,20.114177703857425,6329315.0
2022-02-16,20.20357179436214,20.29296846924644,20.06947763458557,20.15887260437012,5154180.0
2022-02-17,20.248274494060155,20.248274494060155,20.024783601840724,20.069482803344727,2990546.0
2022-02-18,20.06947940065829,20.06947940065829,19.84598854633069,19.89068603515625,3970610.0
2022-02-21,19.756594188198573,19.845990881468268,19.667197494928875,19.711894989013672,5325454.0
2022-02-22,19.488407829768377,19.577804540108687,19.354313616808128,19.44371032714844,7967669.0
2022-02-23,19.443703521381725,19.756591045504383,19.443703521381725,19.66719436645508,13657093.0
2022-02-24,19.35430934500497,19.35430934500497,18.683836723087246,18.77323341369629,15562873.0
2022-02-25,18.907327284343367,19.35430902489569,18.907327284343367,19.22021484375,6627144.0
2022-02-28,19.13081699935724,19.354307856137343,18.9520253369931,19.30961036682129,3719485.0
2022-03-02,19.53310197545072,19.53310197545072,19.26491191393172,19.39900779724121,4596433.0
2022-03-03,19.488407829768377,19.533107037488747,19.354313616808128,19.44371032714844,4153853.0
2022-03-04,19.39900945371988,19.39900945371988,19.175518569253523,19.26491355895996,4796578.0
2022-03-07,19.175515306275177,19.175515306275177,18.862627780244377,18.952024459838867,5512286.0
2022-03-08,18.90732848483381,19.48840444342632,18.817931790027245,19.26491355895996,8292033.0
2022-03-09,19.354310989379883,19.44370768758421,19.264914291175547,19.354310989379883,4997588.0
2022-03-10,19.57780000996715,19.622499207344493,19.39900833575788,19.4884033203125,5835297.0
2022-03-11,19.44370768758421,19.667198580544955,19.30961349282781,19.354310989379883,10641873.0
2022-03-14,19.53310282907427,19.80129119721348,19.354309446914755,19.75659370422364,7375394.0
2022-03-15,19.9353827712497,20.069478642862908,19.711891925360803,19.801288604736328,6846313.0
2022-03-16,19.89068603515625,19.98008271790727,19.756591863579672,19.89068603515625,4423308.0
2022-03-17,20.069479861514463,20.739952439893347,19.756592317251,20.427064895629883,15192734.0
2022-03-21,20.60585698360272,20.65055617947321,20.20357445136816,20.248271942138672,6083898.0
2022-03-22,20.24827181876513,20.33766850486144,19.84598928898169,19.98008346557617,7366442.0
2022-03-23,19.98008346557617,20.20357432826696,19.890686779479864,19.98008346557617,6972424.0
2022-03-24,19.98008585866677,20.06948255547046,19.890689161863083,19.935386657714844,4405621.0
2022-03-25,19.980084579373,20.024782072362843,19.711894506133724,19.75659370422364,5570071.0
2022-03-28,19.756593389276453,19.890687571208414,19.44370582803519,19.4884033203125,7159635.0
2022-03-29,19.53310364337967,19.57780113823289,19.26491355895996,19.26491355895996,6497792.0
2022-03-30,19.35430902489569,19.44370571402616,19.175517351734776,19.22021484375,6814486.0
2022-03-31,19.2649130231086,19.39900891413865,19.130818837178623,19.175518035888672,8040582.0
2022-04-01,19.13081815461953,19.30961153288047,19.08612066260431,19.22021484375,10607411.0
2022-04-04,19.30961349282781,19.53310438578855,19.264914291175547,19.354310989379883,13261803.0
2022-04-05,19.35430691295853,19.9353827712497,19.35430691295853,19.801288604736328,8377562.0
2022-04-06,19.711894506133724,19.935385381283087,19.66719701314388,19.75659370422364,6691801.0
2022-04-07,19.84599166601133,19.98008585866677,19.8012924650594,19.935386657714844,6164467.0
2022-04-08,20.02478101748695,20.203574390227896,19.9800835268517,20.114177703857425,5812243.0
2022-04-11,20.203574390227896,20.248271880863143,20.02478101748695,20.114177703857425,5636321.0
2022-04-12,20.024780206732828,20.06947940065829,19.756591863579672,19.89068603515625,5415858.0
2022-04-13,19.89068603515625,20.024780206732828,19.80128935240523,19.89068603515625,4063739.0
2022-04-18,19.89068521152843,19.93538269850317,19.57779768740577,19.66719436645508,4439796.0
2022-04-19,19.756591045504383,20.02477937755248,19.57779768740577,19.66719436645508,8634544.0
2022-04-20,19.71189185342981,19.84598772455369,19.622496879480337,19.66719436645508,4610776.0
2022-04-21,19.756594188198573,19.890688375553065,19.711894989013672,19.711894989013672,5046345.0
2022-04-22,19.66719524634217,20.24827112850957,19.62249775736772,20.0247802734375,13593912.0
2022-04-25,20.024783354518533,20.06948255547046,19.8012924650594,19.935386657714844,6980246.0
2022-04-26,19.935386657714844,20.024783354518533,19.890689161863083,19.935386657714844,4007088.0
2022-04-27,19.84598928898169,20.02478095607434,19.80129009338356,19.98008346557617,6440370.0
2022-04-28,20.06947946751185,20.11417695648631,19.84598861243979,20.0247802734375,5196942.0
2022-04-29,20.024783354518533,20.24827424397767,19.84599166601133,19.935386657714844,5980303.0
2022-05-02,19.89068603515625,19.93538352398181,19.80128935240523,19.89068603515625,5574697.0
2022-05-04,19.89068521152843,19.980081890577736,19.66719436645508,19.66719436645508,5020823.0
2022-05-05,19.756594188198573,19.845990881468268,19.667197494928875,19.711894989013672,4973251.0
2022-05-06,19.53310197545072,19.667196153660218,19.35430860110472,19.39900779724121,4008872.0
2022-05-09,19.39900779724121,19.44370528827772,19.17551693185871,19.39900779724121,4374681.0
2022-05-10,19.48840390135858,19.53310310006863,19.175518035888672,19.175518035888672,6627695.0
2022-05-11,19.22021218273505,19.264909668561963,18.95202385757401,19.130815505981445,5823704.0
2022-05-12,19.13081852659926,19.13081852659926,18.86263015909321,18.90732765197754,6472563.0
2022-05-13,18.996726300117825,19.08612300019725,18.996726300117825,19.041423797607425,3492615.0
2022-05-16,19.086122512817383,19.57780179304844,18.996725815020778,19.086122512817383,6334547.0
2022-05-17,19.175517351734776,19.35430902489569,19.13081815461953,19.22021484375,3964019.0
2022-05-18,19.354310253766528,19.48840444342632,19.22021606410674,19.26491355895996,3198002.0
2022-05-19,19.086118020154533,19.35430634531557,18.996721343400925,19.130815505981445,4268661.0
2022-05-20,19.30961153288047,19.622499092287104,19.175517351734776,19.22021484375,6539615.0
2022-05-23,19.39900553624227,19.443703022069183,19.086118020154533,19.130815505981445,4715492.0
2022-05-24,19.22021606410674,19.39900945371988,19.041422674493603,19.26491355895996,3822900.0
2022-05-25,19.39901059792512,19.39901059792512,18.996726300117825,19.041423797607425,3077016.0
2022-05-26,19.04142066518543,19.1308173505586,18.862628999539066,18.996723175048828,3482555.0
2022-05-27,19.04141943433352,19.175515306275177,18.773231100649884,18.952024459838867,4756468.0
2022-05-30,18.996723175048828,19.086119860421988,18.952025684912226,18.996723175048828,3085932.0
2022-05-31,18.9967219470862,19.04141943433352,18.952024459838867,18.952024459838867,2753514.0
2022-06-01,19.04142066518543,19.086119860421988,18.952025684912226,18.996723175048828,4618347.0
2022-06-02,18.99672465124865,19.220215529498635,18.952027157638685,19.175518035888672,2687254.0
2022-06-03,19.22021218273505,19.264909668561963,19.086118020154533,19.130815505981445,2376146.0
2022-06-06,19.1308173505586,19.1308173505586,18.952025684912226,18.996723175048828,3058575.0
2022-06-07,18.996723175048828,19.04142066518543,18.907326489675665,18.996723175048828,5467984.0
2022-06-08,18.996723175048828,19.04142066518543,18.952025684912226,18.996723175048828,1632520.0
2022-06-09,18.952024459838867,18.9967219470862,18.9073252674917,18.952024459838867,1638001.0
2022-06-10,18.90732765197754,18.95202684996192,18.86263015909321,18.90732765197754,1628912.0
2022-06-13,18.862632473059936,18.862632473059936,18.54974486918614,18.59444236755371,6978917.0
2022-06-14,18.54974174499512,18.68383592261364,18.5050442541556,18.54974174499512,4484916.0
2022-06-15,18.54974174499512,18.59443923583463,18.5050442541556,18.54974174499512,3060444.0
2022-06-16,18.594440246714083,18.594440246714083,17.87927012380203,18.05806350708008,7871297.0
2022-06-17,17.96866768803862,17.96866768803862,17.655780104657573,17.700477600097656,6562891.0
2022-06-20,17.700473631549336,17.745172822067758,17.25349195696375,17.43228530883789,4780572.0
2022-06-21,17.566379896707375,17.879267417534184,17.432285732095828,17.834569931030273,3006661.0
2022-06-22,17.83457232076211,17.923967305748352,17.745175630675824,17.789873123168945,2309521.0
2022-06-23,17.70047521344578,17.87926858129874,17.655777724032504,17.745174407958984,2903295.0
2022-06-24,17.745175574691945,17.789873067044052,17.61108139253559,17.655778884887695,3141275.0
2022-06-27,17.745175574691945,17.789873067044052,17.61108139253559,17.655778884887695,3435302.0
2022-06-28,17.700475630970587,17.700475630970587,17.476984768432576,17.566381454467773,3878945.0
2022-06-29,17.476984768432576,17.65577814050297,17.38758978749734,17.566381454467773,2911052.0
2022-06-30,17.566381454467773,17.611080650035355,17.476984768432576,17.566381454467773,2829852.0
2022-07-01,17.611079088311097,17.923964904038094,17.521682410203464,17.834569931030273,2510750.0
2022-07-04,17.96866644665255,17.96866644665255,17.566382195083445,17.655778884887695,4764980.0
2022-07-05,17.745175630675824,17.87926981325523,17.70047643308266,17.789873123168945,2172288.0
2022-07-06,17.834569931030273,17.879267417534184,17.74517325292264,17.834569931030273,3057654.0
2022-07-07,17.879267417534184,17.968664095641817,17.78987073942655,17.834569931030273,2256307.0
2022-07-08,17.879267417534184,17.968664095641817,17.834569931030273,17.834569931030273,2821482.0
2022-07-11,17.83457310889654,18.102761485906964,17.789873909328055,18.013364791870117,2136231.0
2022-07-12,18.01336430871053,18.23685518525805,17.923967617071504,18.05806350708008,2131019.0
2022-07-13,18.14745774748712,18.14745774748712,17.923966880128415,17.968666076660156,1711397.0
2022-07-14,17.923968047932792,17.968667247376832,17.83457305924494,17.879270553588867,2438490.0
2022-07-15,17.923966880128415,18.05806276462364,17.834571897264933,17.968666076660156,3888758.0
2022-07-18,17.96866613510999,18.147457806518545,17.96866613510999,18.102760314941406,1920084.0
2022-07-19,18.10275989606116,18.326250758975497,18.05806240551828,18.281553268432617,1733146.0
2022-07-20,18.23685157492333,18.5497390811678,18.23685157492333,18.46034240722656,2638431.0
2022-07-21,18.46034548032704,18.46034548032704,18.370948791503903,18.370948791503903,1861097.0
2022-07-22,18.415647567376592,18.728535118553133,18.3709483714371,18.54974174499512,2691375.0
2022-07-25,18.549742169150186,18.59443966101174,18.28155380778079,18.370948791503903,2621417.0
2022-07-26,18.32625124176345,18.37094873348385,18.236854553222656,18.236854553222656,1044496.0
2022-07-27,18.23685572443342,18.23685572443342,18.102761535560404,18.147459030151367,1357707.0
2022-07-28,18.236854553222656,18.32625124176345,18.19215706150226,18.236854553222656,1509341.0
2022-07-29,18.28155522299727,18.505046109806035,18.28155522299727,18.4156494140625,2688899.0
2022-08-01,18.505045723689435,19.08612167624777,18.37094983032203,18.72853660583496,5196431.0
2022-08-02,18.7732323141659,19.1308173505586,18.728534824029296,18.996723175048828,3465913.0
2022-08-03,19.041423797607425,19.22021719776627,18.996726300117825,19.041423797607425,3404410.0
2022-08-04,19.17551970027668,19.35431139533529,18.9073296000384,19.041423797607425,5179908.0
2022-08-05,19.04142066518543,19.17551654579515,18.952025684912226,18.996723175048828,2668174.0
2022-08-08,18.996725815020778,19.175519210613988,18.952028318672568,19.086122512817383,2242450.0
2022-08-10,19.1308200091656,19.309613404758803,18.996725815020778,19.086122512817383,3695871.0
2022-08-11,19.2202127935225,19.309609473117,18.9073252674917,18.952024459838867,3384528.0
2022-08-12,18.952028318672568,19.175519210613988,18.862631620875963,19.086122512817383,3140348.0
2022-08-16,19.1308200091656,19.175519210613988,18.996725815020778,19.086122512817383,3285567.0
2022-08-17,19.086122512817383,19.175519210613988,19.041423311368987,19.086122512817383,2817475.0
2022-08-18,19.04141882922784,19.264909668561963,18.996721343400925,19.130815505981445,3367337.0
2022-08-19,19.1308173505586,19.26491152606836,18.996723175048828,18.996723175048828,3208472.0
2022-08-22,19.0414224767586,19.0414224767586,18.683837406345788,18.72853660583496,2995773.0
2022-08-23,18.63913991195673,18.90732828849131,18.59444071246756,18.72853660583496,2215625.0
2022-08-24,18.728533341014497,18.862627505906044,18.68383414931744,18.817928314208984,5540331.0
2022-08-25,18.817929741679773,19.086119796906768,18.817929741679773,18.86262893676757,2519955.0
2022-08-26,18.996723175048828,19.22021403593176,18.952025684912226,18.996723175048828,4050990.0
2022-08-29,18.862631620875963,19.2202167069622,18.728537426731148,19.086122512817383,3976760.0
2022-08-30,19.22021218273505,19.22021218273505,19.086118020154533,19.130815505981445,2987602.0
2022-09-01,19.08612024468571,19.62249866262372,19.041421048549218,19.39900779724121,7092597.0
2022-09-02,19.48840357714319,19.667196958808745,19.30961190057769,19.622499465942383,7214311.0
2022-09-05,19.75659370422364,19.84599039530339,19.57780032206412,19.75659370422364,5413152.0
2022-09-06,19.80128941836543,20.11417695648631,19.75659192939098,20.0247802734375,7029366.0
2022-09-07,19.89068762810676,20.382366864963764,19.89068762810676,20.3376693725586,11453837.0
2022-09-08,20.42706606246897,20.56116024478452,20.292971880153427,20.3376693725586,8544734.0
2022-09-09,20.382365700678,20.51646158043372,20.158874841218367,20.427064895629883,7536327.0
2022-09-12,20.42706373895937,20.60585539334313,20.20357289215477,20.51646041870117,11931156.0
2022-09-13,20.561159876024,20.695254055934583,20.47176318771693,20.65055656433105,11480792.0
2022-09-14,20.427064895629883,20.51646158043372,20.382365700678,20.427064895629883,4983940.0
2022-09-15,20.68447495993285,20.73043975846594,20.45464746037804,20.500612258911133,5293333.0
2022-09-16,20.316746698289617,20.45464281602339,20.040952709377795,20.224815368652344,7621644.0
2022-09-19,20.13288607438441,20.13288607438441,19.811127264847315,19.85709381103516,4090063.0
2022-09-20,19.857096115009355,20.040957060760345,19.81112956348812,19.903060913085938,2769912.0
2022-09-21,19.903059559930075,20.086922246625385,19.673232078283203,19.76516342163086,5095250.0
2022-09-22,19.765163020948467,19.811127814968224,19.58130033798045,19.71919822692871,3121582.0
2022-09-23,19.76516534743208,19.76516534743208,19.535337843392163,19.581302642822266,3349284.0
2022-09-26,19.535336098106715,19.535336098106715,19.12164592641605,19.21357727050781,6258183.0
2022-09-27,19.35147190706628,19.58129937272476,19.21357577836008,19.443403244018555,4591378.0
2022-09-28,20.040955288684245,20.040955288684245,19.351472857833485,19.535335540771484,6152889.0
2022-09-29,19.67323263377383,19.71919918346783,19.535336491581,19.62726783752441,2861215.0
2022-09-30,19.627266882240484,19.719198223709487,19.443404199302485,19.535335540771484,3226644.0
2022-10-03,19.48937074675923,19.627266882240484,19.443404199302485,19.535335540771484,3531770.0
2022-10-04,19.581301287830414,19.71919918346783,19.581301287830414,19.62726783752441,2654820.0
2022-10-06,19.719195759241234,19.719195759241234,19.62726442926164,19.673229217529297,2409652.0
2022-10-07,19.62726783752441,19.67323263377383,19.535336491581,19.62726783752441,1793061.0
2022-10-10,19.581297887549702,19.811125335776552,19.489368311014385,19.673229217529297,5286105.0
2022-10-11,19.765163979717244,19.81112877596666,19.581301287830414,19.62726783752441,2507254.0
2022-10-12,19.71919918346783,19.765163979717244,19.62726783752441,19.62726783752441,2250705.0
2022-10-13,19.62726442926164,19.719195759241234,19.581297887549702,19.673229217529297,2494125.0
2022-10-14,19.673229217529297,19.811125335776552,19.62726442926164,19.673229217529297,2736083.0
2022-10-17,19.67323399512717,19.67323399512717,19.489373043962065,19.581302642822266,2903656.0
2022-10-18,19.62726442926164,19.719195759241234,19.535333099282045,19.673229217529297,2954018.0
2022-10-19,19.765163020948467,19.765163020948467,19.6272668854447,19.71919822692871,3812012.0
2022-10-20,19.71920054800197,19.71920054800197,19.535337843392163,19.581302642822266,2138398.0
2022-10-21,19.581301287830414,19.67323263377383,19.581301287830414,19.62726783752441,1874409.0
2022-10-24,19.94902514996639,19.94902514996639,19.765162472103924,19.85709381103516,2874558.0
2022-10-25,19.71919715237124,20.316748209288225,19.71919715237124,20.178852081298828,7281948.0
2022-10-27,20.45464746037804,20.63851016139976,20.270784759356324,20.500612258911133,6706879.0
2022-10-28,20.500610904672,20.77640493798604,20.500610904672,20.54657745361328,6390289.0
2022-10-31,20.684472489253373,21.052196093928988,20.59254114972336,20.82236862182617,8254434.0
2022-11-01,20.914297071378147,21.0521931848962,20.63850484434205,20.73043441772461,7735529.0
2022-11-02,20.82236862182617,20.91429996135619,20.684472489253373,20.82236862182617,5131538.0
2022-11-03,20.822366182167823,21.190089743759003,20.73043485340897,20.960262298583984,11765692.0
2022-11-04,21.098159220715043,22.155365070341592,21.052192681678303,21.787641525268555,34154707.0
2022-11-07,22.017470689981508,23.212572743726327,22.017470689981508,22.70695304870605,52076818.0
2022-11-09,22.982747082003605,23.396437230857448,22.706954818397342,23.074678421020508,38875439.0
2022-11-10,23.02871159572364,23.1206429336265,22.43116052952167,22.477127075195312,14954605.0
2022-11-11,22.93678047874888,23.07467659966746,22.339227699027848,22.523090362548828,18761662.0
2022-11-14,22.660985416336818,22.982744185624405,22.431157974480573,22.79888153076172,22046223.0
2022-11-15,22.8448518946346,23.48836778746776,22.8448518946346,23.16661071777344,35052725.0
2022-11-16,23.16661155598182,25.143127607570623,23.16661155598182,24.77540397644043,191610244.0
2022-11-17,25.81758071280832,27.191360959811,25.722836935931028,26.433412551879883,215982024.0
2022-11-18,26.62289845628825,26.954500751271684,25.39123304736224,26.0544376373291,108880653.0
2022-11-21,26.05443729041649,26.7650128528824,25.485976479026352,26.62289810180664,77988304.0
2022-11-22,26.717641384686765,28.612509516733,26.62289761666704,27.4282169342041,174086537.0
2022-11-23,27.475585807083,27.90193182692424,26.812381288904845,27.71244430541992,87003661.0
2022-11-24,27.949305604722426,30.033661321807752,27.85456183447544,29.275712966918945,239985161.0
2022-11-25,29.559943713502378,30.460006803040223,29.41782715730066,30.128402709960938,151615074.0
2022-11-28,30.317887428565385,32.97070185573009,30.12839990930209,31.78640937805176,321464637.0
2022-11-29,32.11801441412764,34.39185387170882,32.02326884453639,33.444419860839844,347649114.0
2022-11-30,34.20236992953914,35.14980403965573,30.791608578789145,31.07583808898925,356366103.0
2022-12-01,31.45481424047089,32.82859446934711,30.83898060243776,32.40224838256836,198522937.0
2022-12-02,32.875961374177216,32.92333235256914,32.11801487738452,32.68647384643555,100345607.0
2022-12-05,32.87596194147919,32.87596194147919,31.691669390375285,31.88115692138672,71585440.0
2022-12-06,31.502180229533803,31.881155271949616,30.36525871646021,31.265321731567383,107014786.0
2022-12-07,31.40743820970275,31.881155204635377,30.98109219142861,31.31269264221192,70789132.0
2022-12-08,31.50218267020984,31.54955365063848,30.27051910819436,30.50737762451172,55312942.0
2022-12-09,30.50737627125129,30.79160575538932,28.991481472645496,29.41782569885254,65342359.0
2022-12-12,29.370455399452467,32.165386555460984,28.659879865594743,31.6442985534668,142467203.0
2022-12-13,32.165382372582975,32.87595781403544,31.833778331401003,32.02326583862305,105835589.0
2022-12-14,32.212753358534684,32.30749530509623,31.07583192892815,32.165382385253906,64653991.0
2022-12-15,31.92852638415136,32.07063931502975,31.028463365226056,31.17057991027832,46565124.0
2022-12-16,30.60211760480185,31.02846362941486,29.89154210183816,30.41263008117676,43591915.0
2022-12-19,30.60211908769607,31.502182157899444,30.50737712837953,31.12320709228516,38418582.0
2022-12-20,31.217951317745623,34.01288236698365,30.88634724610868,33.776023864746094,181272162.0
2022-12-21,34.29711159152168,34.581341069256126,29.27571029721313,30.60211753845215,192467386.0
2022-12-22,31.26532269287109,31.64429774693912,29.370454650878905,29.60731315612793,99443583.0
2022-12-23,29.323087890172925,29.323087890172925,26.10181030980364,26.38604164123535,122876842.0
2022-12-26,26.76501157198141,29.180967645909536,26.38603831822033,28.754623413085938,136601051.0
2022-12-27,29.65468360085026,30.69686317370136,29.41782509986236,30.41263008117676,89075438.0
2022-12-28,30.460006428251152,31.454811466900328,29.89154382461297,30.79160690307617,104597559.0
2022-12-29,30.31788979818152,31.45481138844815,30.033660304158392,30.98109436035156,87697856.0
2022-12-30,31.36006388234109,31.50218042768441,30.649488383972272,30.83897590637207,42178363.0
2023-01-02,30.9810923882666,31.596922317087365,30.791604866254865,31.17057991027832,40172355.0
2023-01-03,31.26532308177066,32.354873665138335,31.17058112416217,32.070640563964844,84881999.0
2023-01-04,32.260128520255826,32.78121652234612,31.265323495506344,31.502182006835938,75920751.0
2023-01-05,31.69166788356783,31.88115540556992,30.507375388772125,31.02846336364746,45698294.0
2023-01-06,31.217952874399856,31.36006581432437,30.64949027217949,30.98109436035156,27818130.0
2023-01-09,31.31269483434953,31.596924328372666,30.838977806252945,30.98109436035156,28648565.0
2023-01-10,31.123207669735905,31.170582264447223,30.36526113861869,30.460006713867188,22376324.0
2023-01-11,30.50737769440436,30.88634915287589,30.033660660684337,30.460006713867188,25187049.0
2023-01-12,30.602117342686235,31.170579908692496,30.31788786677004,31.02846336364746,41148274.0
2023-01-13,31.07583192892815,32.449611839112144,30.981089982366605,32.165382385253906,75271636.0
2023-01-16,32.21275376941554,32.21275376941554,31.265319835020968,31.40743637084961,43209016.0
2023-01-17,31.31269483434953,31.40744040847332,30.74423584630327,30.98109436035156,23809717.0
2023-01-18,31.170579712236435,31.64429670716906,31.0758341447456,31.31269264221192,26275227.0
2023-01-19,31.075832325307324,31.83377874998826,30.74423189393868,31.40743637084961,43947894.0
2023-01-20,31.407438143589065,32.35487213145994,31.21795062318012,31.360063552856445,37966558.0
2023-01-23,31.64429871104832,31.88115722351373,30.93372317365209,31.12320709228516,47560769.0
2023-01-24,31.17058183199317,31.596924265086898,30.696864804845404,30.886348724365234,34050557.0
2023-01-25,30.886351179683643,31.123209712086663,30.08103361518314,30.27052116394043,29120299.0
2023-01-27,30.46000515128853,30.60211808560976,28.849366596430347,29.65468406677246,34619490.0
2023-01-30,28.47039351022335,30.033661194979423,28.47039351022335,29.55994415283203,37227440.0
2023-01-31,29.89154165741403,31.50218016301973,29.749426920351628,31.31269264221192,35809352.0
2023-02-01,32.07064206711671,32.35487518161221,29.18096885453061,29.844173431396484,78444937.0
2023-02-02,29.84417336112803,30.74423645517149,29.60731484238892,29.891544342041016,24517707.0
2023-02-03,30.223146897349054,30.41263262976617,29.228341832669635,29.512571334838867,28559269.0
2023-02-06,29.891543284054887,29.891543284054887,28.47039222192067,28.61250877380371,30328389.0
2023-02-07,28.801994610454305,29.038853121736143,28.13879186311737,28.328277587890625,25692419.0
2023-02-08,28.51776490359937,29.180967645909536,27.99667509847673,28.754623413085938,29213321.0
2023-02-09,28.65987787329236,28.754621632637978,28.23353185978052,28.517763137817383,12967212.0
2023-02-10,28.375648402342403,28.80199260876733,28.280904642996784,28.517763137817383,12718144.0
2023-02-13,28.61251084069817,28.84936936816393,28.186164768424955,28.375652313232425,16476556.0
2023-02-14,28.23353426163648,28.2809070488828,27.47558773656604,27.61770248413086,23057839.0
2023-02-15,27.47558920112941,28.517767083968987,27.28610165621779,28.23353576660156,108461456.0
2023-02-16,28.04404871570172,28.375651000227226,27.28610037863098,27.4282169342041,37728708.0
2023-02-17,27.380844225825705,27.665075530706773,27.14398570863502,27.23872947692871,17614414.0
2023-02-20,27.4282210400732,27.475592027630725,26.71764538418619,27.00187492370605,13475222.0
2023-02-21,26.81238372222056,27.096615030271987,26.670268971738388,26.765012741088867,11287304.0
2023-02-22,26.71764388251177,26.71764388251177,26.338668775002585,26.433412551879883,14410318.0
2023-02-23,26.338668897713383,26.90712975453835,26.196554135278955,26.291297912597656,17475738.0
2023-02-24,26.480785418379256,26.765014942723724,26.338668849119777,26.38604164123535,10402222.0
2023-02-27,26.62289675825289,26.670267737191818,25.58071895781346,25.67546272277832,14416765.0
2023-02-28,25.81757757246828,26.05443608230744,25.391231531922983,25.533348083496094,16207572.0
2023-03-01,25.53334780817545,26.717640344601268,25.485975022466217,25.86494827270508,27761685.0
2023-03-02,26.00706972829919,27.949309131555392,25.91232594609679,27.00187492370605,74972504.0
2023-03-03,27.28610083387273,27.475588373073595,26.33866675204261,26.717641830444336,31886865.0
2023-03-06,26.954500350901867,27.66507591227446,26.622898060843905,26.717641830444336,24034894.0
2023-03-08,26.717639924269715,26.812381880023665,26.433408635746947,26.575523376464844,16951705.0
2023-03-09,26.62290018055149,27.238732021356004,26.291297864091444,26.38604164123535,29457034.0
2023-03-10,26.243924870576976,26.717641912955,26.10180831219389,26.528154373168945,18602384.0
2023-03-13,26.67027144133541,26.717644233940792,25.81758105239842,25.95969581604004,16451332.0
2023-03-14,26.149179740515606,26.19655071945453,25.43860421390968,25.67546272277832,17256430.0
2023-03-15,25.95969418305685,26.149181727384224,25.4386061467873,25.58072090148925,10378460.0
2023-03-16,25.58072082972841,25.8175793559296,25.012260005428125,25.62809181213379,16145407.0
2023-03-17,25.817579428354897,26.05443795522054,25.4386061467873,25.58072090148925,14474482.0
2023-03-20,25.53334822674416,25.53334822674416,25.10700218380697,25.29648971557617,12817483.0
2023-03-21,25.485977216702373,25.53335000649021,25.34386246151319,25.391233444213867,8231139.0
2023-03-22,25.533348083496094,25.81757757246828,25.438604318143025,25.533348083496094,9524521.0
2023-03-23,25.485977216702373,25.62809197189156,25.29649147881252,25.391233444213867,9750086.0
2023-03-24,25.4859793110588,25.533352104739578,25.05963501045564,25.15437698364257,9405435.0
2023-03-27,25.201744399792943,25.485973872879704,24.39642514993123,24.53853988647461,14682995.0
2023-03-28,24.63328582165288,24.63328582165288,24.06482501819732,24.159568786621094,10179329.0
2023-03-29,24.159570159628792,25.107004283535804,24.159570159628792,24.964889526367188,15458843.0
2023-03-31,25.10700412109197,25.864950692478747,25.059633138037984,25.20174789428711,17209537.0
2023-04-03,25.43860561680798,26.528154456273207,25.2964908650668,26.338666915893555,27498143.0
2023-04-05,26.528156677693783,26.67027144133541,25.81758105239842,25.95969581604004,16069321.0
2023-04-06,25.91232485581721,26.243927176029548,25.770210092036866,26.007068634033203,12059313.0
2023-04-10,26.149179426081297,26.4807816959274,25.95969189843009,26.101806640625,13598478.0
2023-04-11,26.1491813659668,26.433410871442263,26.10180857699613,26.1491813659668,10351890.0
2023-04-12,26.196552505229896,26.29129627665328,25.81757922662349,25.912322998046875,10628633.0
2023-04-13,25.959693866321388,26.52815468528054,25.912322884361096,26.0544376373291,12152354.0
2023-04-17,26.05443566225569,26.1965504044506,25.81757715623519,26.101806640625,10152996.0
2023-04-18,26.101808162722623,27.14398601140368,26.05443718159093,26.765012741088867,29141937.0
2023-04-19,26.765014942723724,27.049244467068192,26.291297864091444,26.38604164123535,12802470.0
2023-04-20,26.480783309986805,26.85975658130144,26.33866675204261,26.717641830444336,21180929.0
2023-04-21,26.812381880023665,27.04924038358249,26.433408635746947,26.575523376464844,15543321.0
2023-04-24,26.62289720128597,28.42302153722622,26.480782455017245,27.996675491333008,114914226.0
2023-04-25,28.28090793736922,29.559944319809592,27.80719089254591,29.18096923828125,165437101.0
2023-04-26,29.417826192937685,29.93891599872532,28.47039215378237,28.65987968444824,124814428.0
2023-04-27,28.65988090260708,30.7916075813134,28.3282786133909,29.79680252075196,235048732.0
2023-04-28,30.03366272287525,30.64949274049131,29.844175173541693,30.08103370666504,94569856.0
2023-05-02,30.60211690037342,32.165384416578355,30.507374947828684,31.78640937805176,204453588.0
2023-05-03,31.92853051486661,34.15499924757298,31.78641395142819,33.58654022216797,343151755.0
2023-05-04,34.15500009977891,35.43403836011515,32.21276083131398,32.40224838256836,275121738.0
2023-05-05,32.63910259747672,33.49179104398476,32.307498523134186,33.01807403564453,207483533.0
2023-05-08,33.3970490879863,34.15499557849588,32.87596110164684,33.01807403564453,158914127.0
2023-05-09,33.397048354937965,33.68127783086862,30.9810923882666,31.17057991027832,126905423.0
2023-05-10,31.1705816861175,31.73904067036485,30.223145829168825,31.12320709228516,94417242.0
2023-05-11,31.644296452842177,32.54435584464127,31.45480893355728,31.928525924682617,137743556.0
2023-05-12,31.975896960046448,32.16538447968149,31.31269244841072,31.596921920776367,54099932.0
2023-05-15,31.833780486168383,32.165384549795995,31.31269251666652,31.69166755676269,48801180.0
2023-05-16,31.88115494477032,32.165384416578355,31.64429644923465,31.78640937805176,50104989.0
2023-05-17,31.8811604202612,32.82859456512276,31.833785821678568,32.21276092529297,87773958.0
2023-05-18,32.591728436688136,32.82858691772752,31.92852396694316,32.118011474609375,43139793.0
2023-05-19,32.30750323672876,32.44961980563491,31.31269809690916,31.739044189453125,38623945.0
2023-05-22,31.786409440411408,31.928525983681144,31.407438015315154,31.596921920776367,39038713.0
2023-05-23,31.6442965113155,31.975896960046448,31.50217996804576,31.596921920776367,26334035.0
2023-05-24,31.502181589965893,32.496986601551065,31.40743963235741,32.070640563964844,49417869.0
2023-05-25,32.11801836218319,32.35487689401589,29.98628976860175,30.31789207458496,78918846.0
2023-05-26,30.317888293584843,30.55474679587848,29.55994180908001,30.22314453125,52280306.0
2023-05-29,30.554748457457546,30.88634893303162,30.31788994228345,30.74423599243164,38342982.0
2023-05-30,30.223148300434445,30.554750606417656,30.12840452628393,30.31789207458496,30754089.0
2023-05-31,30.317890088623,30.60211958536901,30.12840255273428,30.50737762451172,25341934.0
2023-06-01,30.55474867494153,30.74423621126437,30.31789015808152,30.460006713867188,20794791.0
2023-06-02,30.60212158994932,30.696867171187023,30.223148300434445,30.31789207458496,18155919.0
2023-06-05,30.365261227514363,30.460006803040223,30.081031729285083,30.128402709960938,23679377.0
2023-06-06,30.175773321850475,30.791605061666413,30.128400537503435,30.60211753845215,31526798.0
2023-06-07,30.74423508657595,32.30749907216008,30.60211853598921,32.070640563964844,99888253.0
2023-06-08,32.35487408732452,32.402245066746886,31.36006544858446,31.6442985534668,46914299.0
2023-06-09,31.786407776103257,31.83377874998826,31.21794886113597,31.40743637084961,24830925.0
2023-06-12,31.50218016301973,31.549551139678226,31.170579712236435,31.31269264221192,18481171.0
2023-06-13,31.31269270832589,31.502180229533803,31.075834210359474,31.265321731567383,16812036.0
2023-06-14,31.50218016301973,31.73903866048605,31.265321665553422,31.31269264221192,19489115.0
2023-06-15,31.3126946250923,31.454811178241176,31.028465132968623,31.12320709228516,14736948.0
2023-06-16,31.265321797781688,31.50218029624973,31.07583427617248,31.21795082092285,18034381.0
2023-06-19,31.360063685084405,31.6442967739832,31.17057977805036,31.265321731567383,23821237.0
2023-06-20,31.12320505588873,31.45480912014784,30.933721149653625,31.360063552856445,17410144.0
2023-06-21,31.549551139678226,31.78640963714454,31.170579712236435,31.31269264221192,23054775.0
2023-06-22,31.312696616518405,31.40744219603465,30.93372514097636,31.07583808898925,14109469.0
2023-06-23,31.07583654702952,31.12320752734997,30.46000657451534,30.55474853515625,24307838.0
2023-06-26,30.602117471939547,31.075834471858656,30.27051701766573,30.64948844909668,11033301.0
2023-06-27,30.64949027217949,31.265323854374696,30.4126317581312,30.98109436035156,23652368.0
2023-06-28,30.93372344970703,31.123207370031064,30.79160689528989,30.93372344970703,9648453.0
2023-06-30,31.0284653403264,31.36006581432437,30.74423584630327,30.98109436035156,14373970.0
2023-07-03,31.12320531756157,31.265321862606605,30.98109238669041,31.02846336364746,16288496.0
2023-07-04,31.07583407932995,31.54955107326539,30.88634655892101,31.360063552856445,29446900.0
2023-07-05,31.45480906024604,32.354872069844085,31.40743808377748,31.69166755676269,41585187.0
2023-07-06,31.739038464046104,31.88115500731584,31.50217996804576,31.596921920776367,18663493.0
2023-07-07,31.54955107326539,31.739038593674334,31.170579646621345,31.360063552856445,14912804.0
2023-07-10,31.50218029624973,31.50218029624973,31.07583427617248,31.21795082092285,13203680.0
2023-07-11,31.217950887237784,31.36006381811617,31.07583434218552,31.17057991027832,13406298.0
2023-07-12,31.07583427617248,31.407438342532057,31.028463299313643,31.21795082092285,18276560.0
2023-07-13,31.312692905284617,31.36006388234109,30.696862975202635,30.83897590637207,12769558.0
2023-07-14,30.79160492931559,31.075834405828346,30.744233952259112,30.83897590637207,10988416.0
2023-07-17,30.83897788316916,31.075836397808207,30.649490348623097,30.79160690307617,17532573.0
2023-07-18,30.886348724365234,31.45481132544702,30.74423578472536,30.886348724365234,24480880.0
2023-07-19,30.98109415331036,31.21795266577577,30.83897760016148,31.12320709228516,14117155.0
2023-07-20,31.17058153664413,31.88115707063292,31.07583596360785,31.502182006835938,42035133.0
2023-07-21,31.549552095331418,33.349678176271745,31.454810139144644,33.11281967163086,172775659.0
2023-07-24,33.633907454353505,34.20236641636314,32.875960966949336,33.25493240356445,89931586.0
2023-07-25,33.30231136938579,33.34968235341252,32.49699018423367,32.63910675048828,33446144.0
2023-07-26,32.82858998820199,34.34448296296681,32.78121539622426,33.39704895019531,85247455.0
2023-07-27,33.49179104398476,33.49179104398476,32.73384455347518,33.01807403564453,37679849.0
2023-07-28,33.25493247082088,33.58653654447543,32.923332011340264,33.20756149291992,30923854.0
2023-07-31,33.6339095523313,36.52358274878127,33.30230907283714,36.19198226928711,216012818.0
2023-08-01,36.94993110939309,39.50800398595518,36.760443560356194,38.3710823059082,381693749.0
2023-08-02,38.60793750565118,38.939537977208005,36.80781136646653,37.61313247680664,159610570.0
2023-08-03,37.8026242420101,42.918766512107865,37.6605076730458,42.35030746459961,454943778.0
2023-08-04,44.33991345028571,45.76106454557804,42.16081582700564,42.68190383911133,274350314.0
2023-08-07,43.534596933103714,47.98753785590077,43.29773841182913,47.13484573364258,306863736.0
2023-08-08,48.55599258993149,49.26656809124757,46.80324113235474,47.65592956542969,303287703.0
2023-08-09,47.27696283321886,47.46644676106803,45.52420758722,46.37689971923828,170874267.0
2023-08-10,46.37690318638873,47.655937865862896,46.28215760120669,46.85062026977539,108926518.0
2023-08-11,47.08747148657461,47.51381751813541,45.950549940470445,46.32952499389648,69084615.0
2023-08-14,46.09266896339769,48.60336708105927,42.49241660510325,48.17702102661133,240638055.0
2023-08-16,48.22439925197693,49.92977998398199,47.75068218118806,48.555999755859375,207500648.0
2023-08-17,47.371701687961455,47.371701687961455,44.245170099390805,45.14523315429688,155217100.0
2023-08-18,45.14523330014372,46.424267804181135,43.96094075411869,44.766258239746094,127976241.0
2023-08-21,45.666324862974136,45.80843781108824,44.955749279880685,45.2399787902832,74415020.0
2023-08-22,45.57157530388934,45.666320875199474,45.09785828986066,45.334716796875,40881273.0
2023-08-23,45.47683731798102,45.61895388026944,45.09786222799479,45.2399787902832,29610934.0
2023-08-24,45.476836702223935,47.608563422640685,45.382094738097344,46.04529571533203,119824410.0
2023-08-25,46.14004158107866,46.61375863301135,45.52420796789645,45.85581207275391,36732928.0
2023-08-28,46.32952889398271,46.70850036513716,45.950553808654,46.14004135131836,42444304.0
2023-08-29,46.47164130319942,48.17702193911813,46.37689934004947,46.897987365722656,107331968.0
2023-08-30,47.371700353839984,48.177017814185696,46.9927253053397,47.18221282958984,57580129.0
2023-08-31,47.65592969891191,47.845417222628384,47.18221269670767,47.56118774414063,37388795.0
2023-09-01,47.84542141901538,53.53002594404691,47.46644633834359,52.81945037841797,236065708.0
2023-09-04,54.66694159971417,63.3833349753616,54.14585363134818,63.193843841552734,504243805.0
2023-09-05,66.08353252476887,71.72076287389343,65.84667398525357,68.45211791992188,573870002.0
2023-09-06,69.63640502929688,70.1101220703125,63.71494201660156,65.13609313964844,203998733.0
2023-09-07,65.46769116159847,70.58383645790843,64.61499907415545,69.30480194091797,202538874.0
2023-09-08,70.77332910874628,73.85249013953985,70.72596173758964,73.04717254638672,179288780.0
2023-09-11,77.40536690608855,80.34241854399443,77.21588296805864,80.2950439453125,169943821.0
2023-09-12,86.21650479389486,87.49553940835433,73.2840276291409,78.44754791259766,395003025.0
2023-09-13,75.6999822706518,79.8686935489863,71.43652903269913,74.75254821777344,238578975.0
2023-09-14,76.74216064453125,77.6895947265625,74.61043395996094,76.97901916503906,129797195.0
2023-09-15,78.12581780428617,78.5080862609498,75.25881531605549,75.83221435546875,77020431.0
2023-09-18,76.16669999480555,76.16669999480555,72.91743619287756,73.20413208007812,73958819.0
2023-09-20,72.63072879102356,75.92777869467669,70.71939382283874,73.77752685546875,76414678.0
2023-09-21,73.77752237223712,74.78097608602309,70.71938952544036,71.1494369506836,52360179.0
2023-09-22,71.67506458826108,72.72629741065597,68.18687665339945,71.7706298828125,94866289.0
2023-09-25,72.77407836610291,75.21102600867393,71.48392875636955,73.395263671875,85506777.0
2023-09-26,73.77752344789022,74.01644030787841,72.20067800489926,72.58293914794922,33138244.0
2023-09-27,71.53170725594205,73.29969058222792,71.53170725594205,72.05732727050781,31966561.0
2023-09-28,72.63073454507351,72.91743772948054,71.19723320536812,71.5317153930664,25011662.0
2023-09-29,71.96177232597384,74.11202439996312,71.29280063936703,73.15635681152344,39254526.0
2023-10-03,73.44304896499429,74.3509375023745,72.91743619287756,73.20413208007812,32681918.0
2023-10-04,73.06077561823113,73.20412719785318,70.52826263995325,71.72284698486328,34505676.0
2023-10-05,72.39181477286826,72.48738006681074,70.7193966097987,71.05387878417969,20716740.0
2023-10-06,71.48393638977514,72.63073454507351,70.52826882997154,71.5317153930664,27407523.0
2023-10-09,69.42923623051377,69.71593206822705,67.23119835222806,67.99573516845703,49805228.0
2023-10-10,68.2346552264325,72.86964075385477,68.18686893898085,72.2962417602539,75097719.0
2023-10-11,73.20413405717451,74.20758791738953,72.0095496003304,72.24846649169922,45128089.0
2023-10-12,72.67851840896257,72.72629741065597,71.48393399915822,71.7706298828125,21587597.0
2023-10-13,71.67506547484766,74.87655027449124,71.19723170501534,73.20413208007812,78755411.0
2023-10-16,73.77752962745019,73.82531591991597,72.82186210745128,72.91743469238281,23187941.0
2023-10-17,73.53860992565095,77.21793556939652,73.20412776471888,75.64108276367188,153256370.0
2023-10-18,76.35783535007072,77.12236498179846,73.72974970297993,74.0642318725586,60210098.0
2023-10-19,72.72629639667824,74.9243345965382,72.43960051702118,74.15979766845703,36281928.0
2023-10-20,74.1597985555901,75.73665143164271,73.25191732240218,73.63418579101562,34571282.0
2023-10-23,74.0642320020779,74.49427946497902,68.80806069870464,68.99919128417969,59336442.0
2023-10-25,70.14599359529018,71.57949479700116,64.98538781089782,67.18342590332031,67364514.0
2023-10-26,65.84548916023516,68.23465779964019,62.83513521635203,67.08785247802734,109965024.0
2023-10-27,68.2346640205432,69.90708222059983,67.32677548009934,68.7602767944336,71117911.0
2023-10-30,69.23811522179805,69.85930062468081,66.801167198256,69.52481842041016,44719772.0
2023-10-31,70.43269493522898,71.1016665893876,68.90362832612526,69.38146209716797,44614720.0
2023-11-01,69.7159423828125,70.14599713975488,69.28589491703464,69.7159423828125,17172572.0
2023-11-02,70.71939704286561,71.24501709951491,69.5725989262039,69.81151580810547,22236579.0
2023-11-03,69.47702111216125,70.09820641659225,67.90017564320482,68.95140838623047,35993734.0
2023-11-06,69.85929721180013,70.91053007007929,69.42924972605657,69.57260131835938,28925365.0
2023-11-07,70.00264639716089,71.00610021761334,69.5725989262039,69.81151580810547,32735491.0
2023-11-08,70.24156606243409,73.10856875885996,70.14600076411953,72.24846649169922,61639026.0
2023-11-09,72.63072921774875,73.49083141671812,70.81495952907217,71.29279327392578,35223000.0
2023-11-10,71.87240685950734,71.87240685950734,70.76147438824559,71.58259582519531,20115569.0
2023-11-13,72.06561858957835,72.11392289158907,71.05129457916856,71.14789581298828,21466105.0
2023-11-15,71.87241657289239,72.25882888079754,70.66488271706491,71.00299072265625,19871941.0
2023-11-16,71.24450391348287,71.38940946327959,70.5199835347017,70.61658477783203,15227424.0
2023-11-17,70.90638846767897,74.96369921678199,70.23016509602736,74.28748321533203,116818430.0
2023-11-20,74.77049416350617,75.83312243053065,73.22485237781589,73.51465606689453,46928842.0
2023-11-21,73.90108110061439,75.54332439921365,73.75617554598442,74.23918914794922,49893620.0
2023-11-22,74.67389859069168,75.44671585698045,72.93504684368853,74.09427642822266,35591880.0
2023-11-23,74.19088070543356,74.77049546387256,73.75616410895314,73.90106964111328,22783082.0
2023-11-24,74.23917634489324,74.86709539319905,73.32145360750877,73.51465606689453,21604709.0
2023-11-28,73.85276828320771,74.14257935907635,72.69353872013674,73.03164672851562,25080614.0
2023-11-29,73.41806020473524,73.75616821847983,72.45203309677821,72.7418441772461,14635478.0
2023-11-30,72.88674706277801,72.88674706277801,71.63091616330746,72.11392974853516,19003196.0
2023-12-01,72.40372335336613,74.62558848281196,72.2588251942208,72.83843994140625,34411168.0
2023-12-04,75.35011580402083,75.49502134691514,73.56296709552998,73.80447387695312,54336061.0
2023-12-05,74.38408695686151,74.57728942944792,73.22485738093923,73.5629653930664,28021269.0
2023-12-06,73.901069504184,73.9493738048817,73.03164368303564,73.224853515625,24145206.0
2023-12-07,72.45203062271305,74.04597677045308,72.06561831868493,73.46636199951172,25013914.0
2023-12-08,73.51465949348841,75.01200441922573,73.03164595230885,73.99767303466797,47322739.0
2023-12-11,74.38408693871739,80.51835756936345,74.1908844661781,79.40742492675781,268676897.0
2023-12-12,81.5809858186582,83.56134432590788,79.26252666993904,80.22855377197266,135491070.0
2023-12-13,81.1462826300524,82.4987221479271,80.27685669926134,80.66326904296875,84559239.0
2023-12-14,82.06399091760646,92.93179469617006,81.91909276338652,89.50240325927734,475975248.0
2023-12-15,91.77256862789643,97.37552839746964,90.90314281948662,91.48275756835938,325150277.0
2023-12-18,92.64200599377958,93.07671526711556,88.14997823176428,91.14466094970705,151821592.0
2023-12-19,91.7242693117071,98.05174970372263,91.28956006898314,96.69931030273438,328191530.0
2023-12-20,98.72796850106516,100.5634214991112,88.19827881214174,89.3092041015625,263936530.0
2023-12-21,87.81186316442245,96.40950566205356,84.1409573073929,95.49177551269533,280904719.0
2023-12-22,97.56873378119504,98.43815961566187,93.366517513174,94.42914581298828,137646820.0
2023-12-26,95.15366219156468,95.92648676150564,93.26991243636044,94.09103393554688,77725407.0
2023-12-27,94.67064825870702,95.5400740534905,92.93179666914004,93.41481018066406,48428319.0
2023-12-28,93.94614163431524,95.25027683077684,92.78691198639434,93.1733169555664,59468778.0
2023-12-29,93.41480429777886,97.08570970226316,93.22160185341689,95.97477722167967,153201085.0
2024-01-01,96.60270817665148,98.92117464693146,96.02309340163193,96.98912048339844,102849848.0
2024-01-02,97.5687339782715,98.19665304722147,94.4774503052584,96.60270690917967,70051082.0
2024-01-03,96.79590647157508,98.48645379177864,95.63667697151604,97.47212982177734,96843171.0
2024-01-04,98.24495598047204,100.08040899791708,97.47213870010714,97.85855102539062,66810041.0
2024-01-05,98.48645423674176,98.96946775898218,96.50610321767688,97.32722473144533,43542157.0
2024-01-08,97.90683688339648,98.24494486594332,96.21628960046095,96.5543975830078,38895310.0
2024-01-09,97.47213492335676,98.72796571911586,96.50610783267967,96.69931030273438,44804938.0
2024-01-10,97.03741880898248,99.98380439876595,96.16800031906772,99.5490951538086,110316122.0
2024-01-11,101.14304133960886,105.58677219969982,100.7083320629576,103.22000122070312,191294222.0
2024-01-12,105.29694955416146,110.12708485481107,105.15204402110166,109.54747009277344,199380642.0
2024-01-15,109.54747009277344,109.54747009277344,109.54747009277344,109.54747009277344,0.0
2024-01-16,133.89137177770468,141.81279163069624,131.5245934167677,137.0309600830078,492705331.0
2024-01-17,133.31171729630233,145.58025644722963,128.52988690658043,144.0346221923828,336463589.0
2024-01-18,147.80214655949518,149.7342007628873,131.66949690925196,141.28146362304688,272134347.0
2024-01-19,144.42105554827663,155.38546934057834,144.13124446197182,154.80584716796875,266085180.0
2024-01-23,179.4878392716984,186.2500290147841,153.35680310212217,155.82017517089844,269108130.0
2024-01-24,159.39446261276993,167.4124900437959,145.87008396683794,166.06004333496094,198113352.0
2024-01-25,168.81323563203156,172.24263478322368,165.6736475587606,167.94381713867188,100074798.0
2024-01-29,171.2766022361289,172.2426293048714,163.54838568618877,165.0457305908203,74341987.0
2024-01-30,165.5770161521265,166.30153637695855,158.57332064541657,160.98838806152344,69398771.0
2024-01-31,162.14765973638478,170.79359960552168,160.36050364895462,169.19964599609375,84194726.0
2024-02-01,173.88488603866554,177.0244742588081,162.48576278360548,164.1280059814453,165894732.0
2024-02-02,166.83288312525508,169.05474848195593,161.42314001807506,163.2102813720703,61739734.0
2024-02-05,164.369508873405,164.41781317757443,154.5643394835772,155.0956573486328,68987316.0
2024-02-06,155.91674455633978,158.62162297695417,146.93270567202995,155.43373107910156,81434112.0
2024-02-07,158.91147024301384,160.26390239147327,154.22623254941348,156.9794158935547,36816341.0
2024-02-08,158.81483761291764,158.81483761291764,155.24054055501526,156.4480743408203,34218693.0
2024-02-09,156.49640703659517,156.49640703659517,144.08295156993768,148.47837829589844,64801528.0
2024-02-12,145.53196377540263,145.91838342527717,125.77671428549124,128.43328857421875,128716009.0
2024-02-13,127.51556978228706,150.99002989483412,123.3133536157747,148.23684692382812,240631230.0
2024-02-14,148.18855017049265,152.0526585425045,140.55694203193073,149.0579833984375,152849830.0
2024-02-15,150.9900322173008,156.0133699742742,149.63758549092898,153.50169372558594,77035160.0
2024-02-16,154.3228344126387,155.91677328505824,149.73420553338966,150.16891479492188,41902227.0
2024-02-19,150.70021195915933,158.7665433031342,149.1062733057522,153.2601776123047,87423359.0
2024-02-20,154.2262206794312,155.2888563860102,151.81115292848236,153.11529541015625,35987220.0
2024-02-21,153.45339926982894,154.95072937067133,148.18854017573477,148.96136474609375,35706625.0
2024-02-22,148.86477234896077,150.5553196642911,144.13123102179426,147.02931213378906,39315419.0
2024-02-23,148.4783596105155,151.08662978480442,147.51233252815638,147.99534606933594,34425812.0
2024-02-26,149.0579849928045,151.08663306556755,146.5946129312173,147.1259307861328,35557532.0
2024-02-27,147.70553040697254,151.32813185325608,145.87008490368342,146.44970703125,43995103.0
2024-02-28,147.65723891961886,148.18854199915074,140.55693428140728,142.3923797607422,39947465.0
2024-02-29,141.03996024708528,145.14557552825045,136.0166221452699,141.7644805908203,63490121.0
2024-03-01,142.97200188074416,146.2564879196812,141.5712656212093,142.3923797607422,30685800.0
2024-03-04,144.32443516093585,144.4210437619545,139.73580668020483,140.60523986816406,22040025.0
2024-03-05,139.9773252454324,143.35842020054338,138.91470424664007,140.1222381591797,23046386.0
2024-03-06,140.2671310321239,140.7501445788877,135.2437930938612,135.726806640625,26188126.0
2024-03-07,136.54792998405568,139.494300706541,134.90567219987318,138.81808471679688,24018294.0
2024-03-11,139.25281339479633,142.24750357678545,135.29211076423587,136.3064422607422,24321115.0
2024-03-12,136.98264193863284,137.5622493383565,131.04156659374277,132.1042022705078,34760039.0
2024-03-13,132.10420022883886,134.08455864652913,118.821328176579,120.02886199951172,88853047.0
2024-03-14,116.79265587666583,137.6588358343604,112.68704147458844,135.4852752685547,194522257.0
2024-03-15,135.9200107007086,140.8950591347964,128.96461849405387,132.2974090576172,122337843.0
2024-03-18,133.64984184297415,134.8573755974629,128.33669332322373,130.36534118652344,56717160.0
2024-03-19,129.9306412968978,132.73211391197069,128.57820929108397,130.6068572998047,46347136.0
2024-03-20,131.57288594055362,133.50494010925604,128.33670405221918,128.6748046875,39345072.0
2024-03-21,132.3457295246794,132.9736413233423,130.2204725825832,130.65518188476562,35779582.0
2024-03-22,131.3313788714317,140.2671293814022,130.41365609146135,136.16151428222656,112209659.0
2024-03-26,137.56224513658242,143.64821846040937,136.16150887119755,140.75013732910156,120887716.0
2024-03-27,142.48901468710457,145.8218056418744,136.7894599957826,137.9969940185547,89910843.0
2024-03-28,140.02562337507118,142.7788064704115,136.49963040210872,137.5139617919922,50962525.0
2024-04-01,140.2671269759742,141.76447187572347,138.96299928166604,139.88072204589844,47979360.0
2024-04-02,141.08826185870146,143.11690993819963,139.397714422251,141.13656616210938,59236883.0
2024-04-03,140.0739279388212,142.778806736755,139.59091439420456,140.36373901367188,42670072.0
2024-04-04,142.0059976859715,143.26183598773795,138.62490250297213,138.8664093017578,38590096.0
2024-04-05,139.10790755104134,144.32444818804368,137.94867793619684,142.82711791992188,81853830.0
2024-04-08,144.90406618279926,147.31913395251257,142.00598485914327,142.48899841308594,57797243.0
2024-04-09,143.50333073248072,144.2761553717599,140.6535536942675,142.19918823242188,38718449.0
2024-04-10,142.6821829925938,143.50331182747885,141.52295355659288,141.71615600585938,20413452.0
2024-04-12,141.716171042437,142.68219813167025,140.0739279388212,140.36373901367188,27108905.0
2024-04-15,133.40832329072296,137.17582237529246,130.70344497186235,135.4852752685547,49605843.0
2024-04-16,135.05058657793018,137.75546530686617,133.4083435162058,136.8860321044922,25012121.0
2024-04-18,138.52828460882955,140.5086431743109,136.7894475663622,137.12754821777344,24827547.0
2024-04-19,135.24378134003769,137.41734211157402,132.82871381610843,136.20980834960938,28016383.0
2024-04-22,138.14187782422596,140.07393205952982,137.56225565747317,139.2045135498047,23609150.0
2024-04-23,139.83243301314147,143.16522380527007,138.72150766256686,142.7305145263672,41842082.0
2024-04-24,143.9380340576172,145.3387703671442,142.4889934462989,143.9380340576172,44593104.0
2024-04-25,143.9380349970102,146.83611623856075,142.24748760610572,145.14556884765625,43990323.0
2024-04-26,145.87009369118354,153.59831057548465,144.51766163259242,152.6805877685547,131170998.0
2024-04-29,156.01335314794804,158.62162297695417,154.17790783060337,155.43373107910156,67507054.0
2024-04-30,156.2065625522487,156.35147544611928,151.27983370909558,151.90774536132812,49152158.0
2024-05-02,153.01868019625385,155.7235589085943,150.89342361527312,153.50169372558594,37976109.0
2024-05-03,154.3711386840482,155.04735472855293,149.8791036747728,151.666259765625,31288231.0
2024-05-06,152.43905788148768,152.82546277096304,146.35308505964014,150.36209106445312,40457121.0
2024-05-07,149.20286555141328,149.8307919387084,143.45500791307745,144.71084594726562,29872858.0
2024-05-08,143.93804841440885,148.52667747459975,141.32977800196028,147.07763671875,25210562.0
2024-05-09,146.83613783402402,147.7055564381948,141.18487268569703,142.05430603027344,21064246.0
2024-05-10,142.7304983816202,144.469350040949,137.6105520059755,143.0203094482422,27205055.0
2024-05-13,143.02031116831174,143.4067161015195,138.23848010295004,140.94334411621094,20343612.0
2024-05-14,142.00598759527406,152.63228598675715,142.00598759527406,151.95606994628906,65039211.0
2024-05-15,153.50170545387454,154.37113871734323,149.73420553338966,150.16891479492188,45470586.0
2024-05-16,151.5696386461477,154.08131487889273,150.3138152701782,152.29415893554688,44997396.0
2024-05-17,153.0669868648267,164.70761604986248,151.7628591597003,163.25857543945312,189723845.0
2024-05-21,170.74527613136758,175.81691799665572,170.02075586489784,173.35354614257812,165354884.0
2024-05-22,174.85089838784134,177.4591685096346,167.12268188451134,169.68264770507812,93399530.0
2024-05-23,170.98679014313316,185.1390807192708,169.92415447772078,180.1640472412109,215698925.0
2024-05-24,182.38592611808767,184.3179803889564,176.54145900062892,177.74899291992188,87948476.0
2024-05-27,180.64705193668385,186.25001157584865,177.74897088957127,178.28028869628906,87126920.0
2024-05-28,179.6810444952215,181.37159195687008,171.4698139672141,174.1263885498047,79904182.0
2024-05-29,172.4358309536083,175.57541891214737,169.34454729635814,174.1746826171875,54953818.0
2024-05-30,174.1746848075239,175.91353649297005,169.82756296411017,170.6003875732422,43583688.0
2024-05-31,172.91885791484447,173.73998687931692,166.25327655060158,171.75962829589844,56435354.0
2024-06-03,193.20540930743343,193.20540930743343,179.97084171795487,182.5308074951172,112293004.0
2024-06-04,182.57911467199887,182.57911467199887,146.0632887895185,159.34616088867188,198103673.0
2024-06-05,162.29255678180994,169.0547466477187,147.89875853482295,160.7952117919922,114119168.0
2024-06-06,166.1566586030074,171.8562125077631,162.09934779450305,167.17098999023438,70250205.0
2024-06-07,167.12270931392584,170.45550027990856,164.32123626783152,167.70233154296875,45402104.0
2024-06-10,170.5520680176763,173.20864223994417,166.15664226548,167.13232421875,47647958.0
2024-06-11,169.44114936219302,171.95282574679086,167.7602716230211,170.21397399902344,66680300.0
2024-06-12,170.93848549838248,172.82223531927954,170.22363490708997,171.65335083007812,46384387.0
2024-06-13,172.6290374028026,172.87054417441828,168.62003089014385,169.18032836914062,31750295.0
2024-06-14,169.73096025074096,170.60039349383896,167.3158924761419,168.86154174804688,28398761.0
2024-06-18,170.02077248148578,172.5324488802148,169.1030496690131,169.74063110351562,38754538.0
2024-06-19,170.19463686241363,170.20430656667318,165.50941456181278,167.335205078125,26756319.0
2024-06-20,167.30625103439073,168.2626085165726,165.86686521784355,166.4464874267578,17539484.0
2024-06-21,166.5430560455889,174.36788097729632,165.7702462047708,170.32989501953125,96727451.0
2024-06-24,170.0207672064484,174.84124767413104,168.40750374100836,170.8612060546875,50588329.0
2024-06-25,171.56641160547338,172.53243866464743,169.1320192890419,169.64401245117188,23352075.0
2024-06-26,169.7212949576987,171.22829479887451,168.28190934508692,169.09336853027344,22765762.0
2024-06-27,169.53775592087635,171.75962119726486,166.63967462308358,167.2869110107422,27461491.0
2024-06-28,168.2819166025185,169.9724640147662,167.12268703934365,167.90516662597656,23860432.0
2024-07-01,167.8858384656962,167.8858384656962,165.67364295516273,165.9248046875,26142598.0
2024-07-02,166.63966343709524,167.3641837129087,164.23425081484956,166.12767028808594,19310733.0
2024-07-03,166.92949373180838,171.95283194157113,166.64933760491752,170.48446655273438,34748569.0
2024-07-04,171.80791550303354,174.078070209965,170.50377309875162,171.6823272705078,35385014.0
2024-07-05,172.49380085446586,184.99419419397512,172.04943663217713,181.8352813720703,224563674.0
2024-07-08,186.92622966297355,199.0015674964989,186.92622966297355,195.1567840576172,260960455.0
2024-07-09,202.67250241166656,205.99563822177447,185.67041839081872,189.1964263916016,152536043.0
2024-07-10,190.96424088864623,198.0355667372941,187.21606555143504,196.7893981933593,171789924.0
2024-07-11,200.3539953505884,201.99625305476889,194.19075306955736,198.98223876953125,121502241.0
2024-07-12,199.00156188024104,216.77645277338328,197.4559127850104,210.04324340820312,300609460.0
2024-07-15,212.91237070812028,221.220209811164,207.241796247794,208.9709930419922,167338162.0
2024-07-16,210.9802951661992,213.78178236703795,204.140836839578,204.90399169921875,86369570.0
2024-07-18,204.79773794502327,204.79773794502327,194.2680488241999,198.82769775390625,94398777.0
2024-07-19,194.2873389272042,204.29537889705705,193.8816093698266,198.7793731689453,124381385.0
2024-07-22,198.7793963609041,202.0928621696103,194.75106520651752,197.6298217773437,72152927.0
2024-07-23,199.9676033287016,201.8996574671432,158.57333751642986,187.54449462890625,167582146.0
2024-07-24,187.79564940838097,193.10879809240865,184.7430151853548,185.738021850586,65395254.0
2024-07-25,183.5451298061113,184.8975617085217,176.78294081325456,177.32391357421875,73915719.0
2024-07-26,178.47350091383043,181.5164802835883,176.58975107824685,177.2080078125,50538191.0
2024-07-29,179.603749478591,190.79034461795007,178.36723601928668,188.6361083984375,109648645.0
2024-07-30,190.11412909983773,191.56316969550664,186.9262368412856,188.8196563720703,58191861.0
2024-07-31,189.1867535507257,189.67943683116903,186.63644246390484,187.07115173339844,27603203.0
2024-08-01,188.0371580675606,189.00318511078547,181.303948397051,183.3326110839844,35027956.0
2024-08-02,180.16405034725983,186.82963130040727,178.30928012325708,185.7959899902344,41362024.0
2024-08-05,173.91384612553048,179.29462379186714,171.95281242152842,173.2859344482422,84910762.0
2024-08-06,175.81693796527043,180.6470736236569,169.1803362875767,170.36854553222656,49560277.0
2024-08-07,175.52712694577767,176.7829651655262,171.03510667789732,176.2130126953125,46932256.0
2024-08-08,176.6863501300524,178.2319993812819,173.9138570788283,174.77362060546875,38021940.0
2024-08-09,175.90387212697362,176.19368320674425,172.9188519082653,173.6820068359375,27492189.0
2024-08-12,173.88488146328285,181.08178055354347,173.69167898751556,178.2899627685547,64022633.0
2024-08-13,180.1640425720649,183.0138193858481,173.88486682558542,175.4788055419922,45899363.0
2024-08-14,176.64771249385782,177.07276676765576,170.69698214149332,172.976806640625,28173960.0
2024-08-16,174.8509068595924,176.0584407467443,172.29094091499198,172.69667053222656,19956147.0
2024-08-19,174.9475156612531,175.62373169072927,173.57574419236784,174.04910278320312,17803897.0
2024-08-20,174.85089378963653,174.85089378963653,172.14601513652292,173.7979278564453,15629517.0
2024-08-21,172.92848544005153,175.23728934674494,172.62901943288574,174.3968505859375,15731941.0
2024-08-22,175.53151262836337,176.48190010032064,174.5132329380902,175.95822143554688,14101752.0
2024-08-23,175.5315070984441,181.6702626859631,174.5617197664085,177.8686981201172,31152412.0
2024-08-26,178.44088704762706,178.63484157399202,175.2405855703687,175.58001708984375,14596223.0
2024-08-27,175.58000187283673,177.732930963798,174.80416903683422,175.38604736328125,12765877.0
2024-08-28,175.82244569799255,177.47108119764962,175.04661287527736,175.4927215576172,13132709.0
2024-08-29,175.82245144142792,176.2879452311508,173.6889222076023,174.5035400390625,12705236.0
2024-08-30,174.92056253340164,175.96793478454825,172.62217094764753,173.2234344482422,15512791.0
2024-09-02,173.4464898871132,174.80418638653657,171.2644681430371,172.17605590820312,15070147.0
2024-09-03,172.62215910232564,173.7568085970959,171.7396490071327,173.06826782226562,10416245.0
2024-09-04,171.16747439480423,172.62215548031247,170.29467166261176,170.7019805908203,12223757.0
2024-09-05,171.361425005597,171.5069019894991,167.77321470272497,168.23870849609375,15774279.0
2024-09-06,168.23870173168183,168.90785735649632,163.0212559629076,164.7183837890625,21770999.0
2024-09-09,164.70869745721862,164.86386700115804,160.12160694815364,163.24432373046875,20754357.0
2024-09-10,163.89405842979107,166.64825088980666,163.74859624970512,164.62139892578125,15088916.0
2024-09-11,165.30026812586703,165.30026812586703,160.11191413972546,160.86834716796875,11765516.0
2024-09-12,161.54718339743545,163.45766571821767,158.57963638482823,161.97389221191406,19024067.0
2024-09-13,162.9145778785689,165.50390825779783,160.95560334079937,162.19692993164062,15434229.0
2024-09-16,162.1969416719876,162.39089619126182,158.73479357192855,159.00634765625,14572347.0
2024-09-17,159.04513504027807,159.3554741140235,155.35993992734947,155.74786376953125,20564052.0
2024-09-18,156.2424462661561,159.51062501992456,153.2264069054105,153.7694854736328,23122350.0
2024-09-19,154.63259814355834,156.13577157479745,147.1167457851442,150.5594940185547,39913910.0
2024-09-20,151.28684142768506,158.36629273610112,149.90974503144898,156.5527801513672,51104236.0
2024-09-23,158.07534404955032,158.07534404955032,153.37186930442363,154.73927307128906,19794141.0
2024-09-24,155.16598810844948,155.5538971596079,153.22641325709387,153.94406127929688,14786775.0
2024-09-25,153.90526108924377,153.90526108924377,151.64565461764542,152.1984405517578,10610463.0
2024-09-26,152.1596225466565,154.7198604451827,150.15217051604546,152.11114501953125,16974098.0
2024-09-27,152.11115695981616,154.04102438162388,151.44200129782573,152.07235717773438,13164782.0
2024-09-30,151.96569253915848,154.48714586284484,150.1231022780062,153.92466735839844,17775338.0
2024-10-01,153.90526061555033,153.90526061555033,150.31705012061457,150.6467742919922,17263625.0
2024-10-03,148.37747182810955,148.7071959918156,146.43789703297085,147.019775390625,18663724.0
2024-10-04,147.01978464811916,148.80419002053907,142.44238665954123,147.4755859375,29051138.0
2024-10-07,147.4755751230937,148.81387165538,138.87355093330055,139.9888153076172,35658511.0
2024-10-08,139.9888255399729,147.8925874068663,137.23461791178627,147.23313903808594,43656448.0
2024-10-09,149.9485288888761,150.98620855019882,148.37747797501905,148.8429718017578,23776424.0
2024-10-10,149.54121951305478,149.7351740404927,146.49608755915543,146.8549041748047,10797567.0
2024-10-11,146.6318664844768,150.54981625638,145.85603352786188,147.7956085205078,16029678.0
2024-10-14,148.8623654761619,149.49272136525462,146.4475895298359,146.77732849121094,9810920.0
2024-10-15,147.28159189646672,147.55313115550263,145.57477158284377,146.5348663330078,8339050.0
2024-10-16,146.43789345709052,148.13502136139456,145.9529997701465,146.20513916015625,12674832.0
2024-10-17,146.8839987064473,149.83214574272404,144.02311418252032,144.61468505859375,20798933.0
2024-10-18,143.528539764398,143.91644881762147,140.9295165526807,143.21820068359375,11316090.0
2024-10-21,143.5285364344316,144.49832384277235,139.64938680106857,140.31854248046875,10148561.0
2024-10-22,139.84334282049278,140.3185439828691,132.38567520285758,133.52032470703125,21418863.0
2024-10-23,133.82095962755395,137.09883075598432,129.36962451546347,135.20774841308594,26287104.0
2024-10-24,134.8004516285517,136.59456427797247,133.30698551002192,134.8295440673828,12496782.0
2024-10-25,134.15069480947133,135.07198989359355,128.78777159167043,130.36851501464844,18714548.0
2024-10-28,130.36850235856787,140.97797800977168,130.02908567514768,139.14508056640625,32085342.0
2024-10-29,140.32825315421798,140.70646970041565,136.47819546195242,139.193603515625,17495826.0
2024-10-30,139.2614627680323,153.22639402597085,137.9037516638178,150.8504180908203,94008988.0
2024-10-31,150.70495350998422,155.0689967366955,148.09623787793072,151.248046875,55531774.0
2024-11-01,152.40208170538332,156.13576905850348,151.38381678887887,153.3330841064453,10418053.0
2024-11-04,154.1961997013364,154.42895400921907,147.12645592416698,148.6102294921875,31327165.0
2024-11-05,148.37745935120725,148.49382909384013,144.12009362578644,146.86459350585938,29226153.0
2024-11-06,148.37745376862182,150.2103511350289,147.22340453833226,149.35693359375,18123332.0
2024-11-07,150.3170467152952,152.46997592303998,148.2417022751372,149.25027465820312,19226279.0
2024-11-08,147.40767091637076,148.135011397866,142.5587343730691,144.0522003173828,14681163.0
2024-11-11,143.05333247817902,146.6318503125846,140.92951052560366,142.9466552734375,18847259.0
2024-11-12,144.31176858722438,146.50569750155717,141.00624961810425,141.6985626220703,13172317.0
2024-11-13,141.09400010796355,142.26409252756048,135.82857678051113,136.14059448242188,16372099.0
2024-11-14,137.476468770906,138.6855578700659,136.02359490986214,136.1796112060547,14794085.0
2024-11-18,137.4667164785496,137.778749089151,134.36597052300058,134.84375,13930322.0
2024-11-19,136.80366413934334,143.29769752736752,136.34537555956027,141.56204223632812,36796687.0
2024-11-21,141.59131651366678,142.05935055981288,137.242454912685,138.1395263671875,20058952.0
2024-11-22,138.13952516203867,139.71914935308462,136.1601147640998,138.60755920410156,13970799.0
2024-11-25,145.28686117181996,146.94449352491915,142.02033854305336,142.6638946533203,23570160.0
2024-11-26,142.6638888321448,143.82423589552832,141.43529393602114,143.034423828125,13248817.0
2024-11-27,143.0344254682713,147.9195687906372,142.2056018767696,146.73973083496094,22054792.0
2024-11-28,147.51003036775916,151.77112316022885,146.79822647559547,149.5771942138672,26332388.0
2024-11-29,149.17742700094755,149.17742700094755,145.09184127054766,145.61837768554688,18576066.0
2024-12-02,145.10159658782928,146.46671698968782,143.34645028745936,143.60972595214844,16680269.0
2024-12-03,144.31176198347788,145.54035676301163,143.8437280024934,144.50677490234375,12159196.0
2024-12-04,145.2868656326518,149.08967025820004,145.00409908502263,147.28578186035156,21984506.0
2024-12-05,147.28578218150938,148.21210486118488,145.97917903844984,147.0810089111328,11514970.0
2024-12-06,147.0809882427153,155.66169082037987,146.79822173420504,154.06256103515625,62323577.0
2024-12-09,155.42767895573652,156.93905527903473,153.81880360164936,155.232666015625,29324888.0
2024-12-10,155.6616883606089,155.9444548646509,151.4298469673627,152.94122314453125,16690253.0
2024-12-11,152.94123061193264,161.8534569431359,152.64870377649922,160.8003692626953,86849772.0
2024-12-12,160.79060334340556,162.74076234031057,157.33882846543793,158.6746826171875,39528508.0
2024-12-13,157.47535200948244,157.79713005597847,152.20016791621146,155.3496856689453,27371411.0
2024-12-16,156.0127385061786,158.74296440574355,154.55011908268318,154.97915649414062,19179446.0
2024-12-17,154.79387887934686,156.33450635692435,152.11241011135817,152.75596618652344,18045496.0
2024-12-18,152.1124125443062,152.9704873249176,149.23593079561735,149.52845764160156,13692945.0
2024-12-19,144.7993166689995,149.66496909717935,144.40929079100144,149.03115844726562,15016841.0
2024-12-20,148.3973783562552,150.3475377093755,144.31179213090255,144.71157836914062,16336702.0
2024-12-23,145.2868473857746,146.5349479716919,143.23917445778352,144.10699462890625,14758199.0
2024-12-24,144.10699974116864,145.9791655649932,142.95641301711237,144.17526245117188,11854675.0
2024-12-26,144.31177002265497,145.77438931342513,141.8935769612375,143.22943115234375,11467576.0
2024-12-27,143.22942758012587,144.09724774253095,142.2640935160217,142.5761260986328,8487014.0
2024-12-30,142.4103738224754,154.06257167948962,141.09401045481323,149.52845764160156,40675811.0
2024-12-31,146.2521889275803,146.93474164558597,142.0593438333549,145.3258514404297,41308416.0
2025-01-01,145.9694150326879,149.0799213774937,144.67255736248646,146.6032257080078,19810452.0
2025-01-02,146.89572343910947,148.67037530361134,146.26192770380607,148.25108337402344,14368318.0
2025-01-03,149.57720885392055,152.8924885133628,149.03116664328013,149.86973571777344,20331510.0
2025-01-06,150.05499125763896,150.0647366968607,141.19152172469998,141.7960662841797,21684925.0
2025-01-07,142.5566157017203,144.0972430515103,141.19151039356814,142.36160278320312,13305286.0
2025-01-08,142.55663105248505,142.84915790102664,138.46129980850364,140.18719482421875,16306841.0
2025-01-09,140.41144585112718,140.65521572239652,136.5598848607784,136.9596710205078,12452173.0
2025-01-10,136.22838250933685,136.9011749602929,131.87952078567187,132.32806396484375,21705766.0
2025-01-13,130.6606595778956,132.38655454577204,124.52740832141524,125.23921966552734,30293364.0
2025-01-14,126.76034808724808,133.09836549161048,126.48732698934288,132.1720428466797,30467846.0
2025-01-15,136.9986790542834,136.9986790542834,131.45047394191113,134.13194274902344,34455125.0
2025-01-16,136.5111372195045,142.11784464101984,135.73107060254353,139.4168701171875,45555802.0
2025-01-17,139.41687817088996,143.2391884484157,138.36379040893888,142.54689025878906,30934225.0
2025-01-20,143.78522887398037,144.91630978045433,141.2110196024161,143.04415893554688,32579099.0
2025-01-21,142.94667490277286,142.94667490277286,137.83725245710693,138.84158325195312,21897756.0
2025-01-22,138.9488269173525,139.19259678913735,133.30312323337006,136.75489807128906,19198201.0
2025-01-23,135.5360511975187,140.80147457320356,134.66823103319388,137.84698486328125,17671282.0
2025-01-24,138.07126532437528,139.6118778655129,135.5360526330632,137.17417907714844,15843304.0
2025-01-27,135.53606101021532,135.72132851014717,132.42555478344428,133.63465881347656,15984361.0
2025-01-28,134.56097470243037,136.69640124675158,131.3627150447132,134.38546752929688,23224966.0
2025-01-29,135.24353854487737,138.70507412619395,134.99976864307388,138.19802856445312,19560159.0
2025-01-30,139.24136630835068,145.48186963795212,138.31504368765675,144.53604125976562,40194969.0
2025-01-31,145.4623630089832,148.76789703235926,142.6151324520022,147.1785125732422,50647026.0
2025-02-01,148.1145713784048,151.64436931630686,135.68230764598098,137.7007293701172,76893891.0
2025-02-03,133.91742565319052,135.770085778255,130.12436669043535,133.4298858642578,36236290.0
2025-02-04,136.51112826704033,136.70614118885825,132.70832421672853,134.4049530029297,21695745.0
2025-02-05,134.54147851313232,136.60865737440938,134.07344447296165,134.4927215576172,13087044.0
2025-02-06,134.4927099862534,135.2435253766935,132.22078781576374,132.9130859375,11527600.0
2025-02-07,132.60107456711478,132.805832942499,129.68558132981903,130.1048583984375,16860473.0
2025-02-10,130.17312164078143,131.14820120363373,127.36488773863616,127.7841796875,13464523.0
2025-02-11,128.0669415047632,128.3692137775666,122.37248063795636,123.10379028320312,20569801.0
2025-02-12,122.86002236779038,123.93260837679874,116.31723952964624,122.2262191772461,36495363.0
2025-02-13,122.46998891527612,125.59024791139986,122.2262190299196,123.4158172607422,15469045.0
2025-02-14,124.03011530466108,124.76142496433305,117.984625093746,118.71593475341795,18631299.0
2025-02-17,117.71160391446142,119.76902235045776,114.94237413702469,118.74518585205078,22536906.0
2025-02-18,118.76468689315092,119.14496730562703,114.91311837808126,116.2977294921875,17608523.0
2025-02-19,115.25440120859302,122.70400846428122,114.28907452557706,121.17313385009766,33285812.0
2025-02-20,120.60759227327443,122.84052534202576,119.34973875737872,121.67042541503906,13856925.0
2025-02-21,121.689930479689,124.42014874859022,120.65634110084174,121.99220275878906,25318595.0
2025-02-24,121.29013775599005,122.03120025498956,119.44723810606632,120.39306640625,13838044.0
2025-02-25,120.32481162109532,122.24571942371573,119.7495108484742,120.18830108642578,13266198.0
2025-02-27,120.42232194371311,120.90986170866742,116.52200382407868,117.3605728149414,18748431.0
2025-02-28,116.02471899551202,116.45375639813427,108.91638785099468,109.61844635009766,28927630.0
2025-03-03,110.1742366379033,112.97271763384596,105.34759582505836,108.36058807373048,42918659.0
2025-03-04,108.42884813424732,112.47542994679772,107.25875559437904,111.73436737060548,42337061.0
2025-03-05,112.23164823112027,115.38115826888291,111.8026183126158,114.79611206054688,21555437.0
2025-03-06,116.53175105041012,118.3551449217714,115.8394455104648,117.58483123779295,23206624.0
2025-03-07,117.97487100460324,121.87518914949447,116.91203788096828,120.34431457519533,31222210.0
2025-03-10,121.00737219613184,122.29447692082437,115.4981711811672,116.76577758789062,21456437.0
2025-03-11,115.05938188476097,117.59458711640244,113.66501789146822,116.32698822021484,17046285.0
2025-03-12,117.20455645811042,118.17963598750988,115.0788827864489,116.22947692871094,13097183.0
2025-03-13,116.46350749120296,117.00954967579126,114.08431093389648,114.75711822509766,11472966.0
2025-03-17,115.06914081445184,116.73652596725118,114.6791075030871,115.81019592285156,13318439.0
2025-03-18,115.81019592285156,115.81019592285156,115.81019592285156,115.81019592285156,0.0
2025-03-19,119.44724542590674,125.29772275288992,119.20347553728244,124.91744232177734,28681078.0
2025-03-20,127.24788360294048,128.564246970936,124.81018468334392,125.31723022460938,28721000.0
2025-03-21,125.59194426340864,128.1430366199497,124.61075719885076,127.22071838378906,18904126.0
2025-03-24,128.24115208447,132.0677907905926,128.0449176571187,130.30165100097656,25775174.0
2025-03-25,131.57720350304496,131.85193470876698,126.43577741989547,126.97543334960938,24206199.0
2025-03-26,127.5052665558072,128.86911608910208,124.65982982271726,125.97461700439452,23494814.0
2025-03-27,125.09154196546169,126.75956453608056,121.36303545663692,122.00080108642578,25596858.0
2025-03-28,123.58051502573036,126.7693731723381,121.66720313211115,122.0792999267578,22400674.0
2025-04-01,120.49959080406954,122.85444144771988,120.05805958345051,122.04005432128906,17763188.0
2025-04-02,122.40309711636064,125.3859069544137,120.1954260260856,125.0817413330078,15024892.0
2025-04-03,122.84461804638536,127.06372543749696,122.80537715118442,126.7301254272461,16348518.0
2025-04-04,125.21910826999164,126.28860616888473,121.7653252687534,122.49140167236328,15394108.0
2025-04-07,110.87414702158829,121.71626793264664,110.87414702158829,120.11692810058594,23552525.0
2025-04-08,124.12017369213623,124.30660164493683,120.88225312321325,122.06949615478516,12601581.0
2025-04-09,122.05968297955437,122.3442281514102,120.19542589703975,120.74488830566406,9175006.0
2025-04-11,123.62958198589985,124.02205834651994,121.07849687066518,121.77513885498048,9778310.0
2025-04-15,123.42353275707676,126.0825490408804,122.64839400863852,125.85688018798828,14463246.0
2025-04-16,126.5731425799437,127.49546089809571,125.61158336328064,126.63201141357422,14424393.0
2025-04-17,127.54451288905469,128.53550644203045,125.74893875054735,127.04409790039062,18564617.0
2025-04-21,127.55432236019335,129.6148212485488,126.16103848178923,128.95741271972656,15830027.0
2025-04-22,129.6638835287244,130.98849224801376,128.05473710671907,129.8208770751953,14637811.0
2025-04-23,130.49789078700078,132.56819626978395,126.79881104403736,131.83230590820312,27531889.0
2025-04-24,132.46026590458877,135.07022732970128,130.49789159489117,130.9099884033203,28862676.0
2025-04-25,130.97867745700992,131.61644311296394,123.84544271635733,126.3769073486328,30370205.0
2025-04-28,125.5919521135349,127.16185750364504,123.2665359302718,124.7775650024414,27138997.0
2025-04-29,126.17085049685431,127.0637343857526,124.3066009231289,124.54208374023438,14094746.0
2025-04-30,124.60095286300935,124.85606361555452,121.1766118390647,122.12836456298828,11616287.0
2025-05-02,122.00080657494078,124.46358841621404,121.66720653732727,121.95175170898438,11822797.0
2025-05-05,122.5110235608379,123.5216450897602,121.77513322589094,122.658203125,10504976.0
2025-05-06,122.89368983738936,123.43334576116057,117.7522712967213,118.10549926757812,14448874.0
2025-05-07,114.78908142207489,119.60671387308892,114.49472977156876,118.96894073486328,16855633.0
2025-05-08,120.19542401189914,121.1177423140791,115.7800819053396,116.70240020751952,10641245.0
2025-05-09,113.3271146208744,115.5347856849174,112.17912746417934,114.22980499267578,18637874.0
2025-05-12,120.19542308648852,123.58051568110945,118.60589724545422,123.16841888427734,20291533.0
2025-05-13,123.33522128850758,123.7276976441779,120.9803781262134,122.41291046142578,14659708.0
2025-05-14,122.6483886632698,127.82905540266816,122.35402953613251,127.51508331298828,30886094.0
2025-05-15,128.14303812692796,129.32045962389876,126.92636076274638,127.78981018066406,23535264.0
2025-05-16,128.33928069803042,137.5820617452206,127.554327992959,136.00234985351562,85471529.0
2025-05-19,137.3661965800859,140.90828267648433,136.9737277214051,138.8281707763672,56293569.0
2025-05-20,139.3285809460806,139.77011218712744,133.58862989728664,134.1381072998047,28836535.0
2025-05-21,134.13809354232305,136.68917099102117,133.03915382172482,135.48231506347656,19235116.0
2025-05-22,134.42264414080014,136.38501850781913,132.69576008764562,134.25584411621094,14976845.0
2025-05-23,134.42264499727494,135.15853538959578,132.0579802767358,134.1381072998047,15543948.0
2025-05-26,134.13809543011678,138.34738151415786,133.9418460321477,137.5428009033203,26058857.0
2025-05-27,137.5624373062542,138.2394588444369,135.501953246272,137.0227813720703,17277004.0
2025-05-28,137.5526265027981,139.02440720157105,137.17977060148945,137.69979858398438,15877254.0
2025-05-29,138.24925335063955,139.56405541413906,136.5812383117921,137.3269500732422,15888843.0
2025-05-30,137.46432697475927,138.7398583041713,135.25665586684596,136.33595275878906,13735089.0
2025-06-02,136.18878169281027,140.65318629434617,135.60988485783986,139.34820556640625,26058034.0
2025-06-03,140.11353285155172,141.58531362736272,137.8567993342959,138.1609649658203,23097654.0
2025-06-04,138.16096903411145,144.0284643743684,136.38502257448147,142.22308349609375,60460703.0
2025-06-05,144.62698207853066,145.21570036600295,141.42831731164213,142.5370635986328,33141212.0
2025-06-06,142.66461571611987,144.7251148656099,141.19283488697806,143.65562438964844,25330188.0
2025-06-09,144.47980440280836,146.14781952380935,144.0186452555332,144.1952667236328,22597836.0
2025-06-10,144.92133614383496,145.02926732703176,142.2917618211895,142.497802734375,14830978.0
2025-06-11,143.15520004902666,144.90171198869172,141.75210960259835,142.7136688232422,15754001.0
2025-06-12,142.8019731944086,143.43975383374797,137.4741340828025,137.82736206054688,17973178.0
2025-06-13,133.45125406419086,137.08165836551828,133.45125406419086,135.7276153564453,16264194.0
2025-06-16,134.7660562358366,137.65073377772632,133.00972291579464,137.3073272705078,13765113.0
2025-06-17,137.36620440090348,138.03340449299267,134.91323646517307,135.23703002929688,8450765.0
2025-06-18,135.15852433648894,135.943477018451,133.1470877676259,133.46107482910156,9407593.0
2025-06-19,133.44144971747895,134.13809916753468,129.08497646357898,129.86012268066406,13365251.0
2025-06-20,129.8601210424645,133.53957273458124,129.81105869222415,131.67530822753906,19220459.0
2025-06-23,129.76198925579814,134.7856622341439,129.56575483728022,134.4029998779297,18533609.0
2025-06-24,135.60004922589556,137.51336100600375,135.43324922165294,136.01214599609375,13635905.0
2025-06-25,136.13972472520624,138.6711895112986,136.09066237059918,136.94430541992188,11326924.0
2025-06-26,136.94430328134894,137.68019367377704,135.600066650405,137.2386474609375,11721046.0
2025-06-27,137.8567996110911,139.62293953995606,137.02278451443232,137.3563995361328,12347443.0
2025-06-30,137.55261798575515,140.10369538929976,137.46431474251096,139.0538330078125,11927422.0
2025-07-01,139.38744458804968,140.4569349918225,138.07265739597696,138.83798217773438,8315552.0
2025-07-02,138.8379794648516,139.91729130097255,136.77748049470344,137.6703643798828,8089405.0
2025-07-03,137.67036312407228,138.81835026380506,136.6499351015523,137.07183837890625,6716053.0
2025-07-04,137.12089869376487,137.8273546110702,135.7079868591542,136.62049865722656,6596356.0
2025-07-07,136.5518074515587,137.3661945443934,135.64911711258847,135.93365478515625,5321322.0
2025-07-08,135.9336518948973,136.76766690416034,134.22639595233673,135.6000518798828,6423737.0
2025-07-09,135.6000659191784,136.3850186612145,134.5600098989651,135.0015411376953,5698153.0
2025-07-10,135.011360583664,136.32614779827824,134.19697343593873,134.55020141601562,5710273.0
2025-07-11,134.4226283061368,134.78566273031768,132.4602541702808,132.7349853515625,6923282.0
2025-07-14,132.70555833616734,132.85273041587143,131.1847153017401,131.58700561523438,8056755.0
2025-07-15,131.7636096486316,134.00073002042015,131.28283754943084,132.7447967529297,10150376.0
2025-07-16,132.74480089878838,133.9320439196287,132.47989115199778,132.90179443359375,7455169.0
2025-07-17,133.44145391339126,133.5395786181952,131.88136992041262,132.37196350097656,6635586.0
2025-07-18,132.45045670751142,132.88216647054307,131.18471691953764,131.32208251953125,6410155.0
2025-07-21,131.48888932396167,132.65650447004936,130.2133579603405,131.8421173095703,6919490.0
2025-07-22,132.49950322925395,132.58782144932127,128.05472673541806,128.30984497070312,16445046.0
2025-07-23,131.19454232435555,134.2264070687872,130.5371337491627,132.31309509277344,53101661.0
2025-07-24,132.50933438263797,135.4038336289103,131.82250633683702,133.09803771972656,23012532.0
2025-07-25,132.9508633009882,132.9508633009882,128.51589304159458,129.546142578125,11164552.0
2025-07-28,129.46763752736717,131.92060532808168,128.0841600945496,128.45701599121094,10349292.0
2025-07-29,128.53550974764488,130.26239364908926,127.92717853826515,129.73255920410156,7163091.0
2025-07-30,129.73255912133504,131.32207742701098,128.23134406114625,128.927978515625,7578162.0
2025-07-31,127.6426298415349,127.7898168937174,124.6107652103404,125.92555236816406,11606740.0
2025-08-01,125.92555652243416,126.64183392888536,123.99262410534072,124.50283813476562,8796099.0
2025-08-04,125.02285601074936,127.6328172383035,124.91492483301664,127.2992172241211,10135790.0
2025-08-05,127.28940440086356,128.14304739961315,125.48402364341896,125.94518280029295,5972558.0
2025-08-06,125.94518038951664,126.54370513665852,124.30659968183612,125.12097930908205,6331289.0
2025-08-07,124.61076705722772,125.54289184795594,121.76532284772456,124.85606384277344,9602587.0
2025-08-08,125.4447769227484,125.4447769227484,122.64839501361088,122.92312622070312,6290179.0
2025-08-11,122.92312162739256,125.09154427190134,122.20685921936172,124.43415069580078,11782258.0
2025-08-12,124.61076577569398,125.29759377381292,122.55027429547336,122.67782592773438,11311712.0
2025-08-13,122.74650741883572,124.24772251719264,122.55027298885506,123.28616333007812,6384343.0
2025-08-14,123.2861654737578,123.97299347649631,121.87325359856564,122.15779876708984,4332376.0
2025-08-18,123.08011529608764,124.35565406645397,122.15779700355628,122.42271423339844,6007654.0
2025-08-19,123.05068596191302,124.59114951160416,121.71627081857832,124.41453552246094,7350713.0
2025-08-20,124.94436534486198,125.3172212446295,123.4431502360566,124.3458480834961,8412432.0
2025-08-21,124.41453137077826,126.1316088523142,122.81519155416628,123.08011627197266,10920060.0
2025-08-22,123.08011409547429,123.82581091301851,122.50120980500154,122.62876892089844,4942149.0
2025-08-25,122.69745303058448,123.58051545478928,121.86343798526975,122.02043151855467,5148749.0
2025-08-26,121.91249981272732,122.26572777523891,118.82175888368263,118.9198760986328,9390576.0
2025-08-28,118.91987225366786,119.34178300158958,115.97631098515268,116.3491668701172,10301130.0
2025-08-29,116.76126403130978,117.39903713873753,115.12268338310788,115.88800811767578,8881411.0
2025-09-01,116.17256080457516,118.62552869535646,116.00576078460938,118.27230072021484,7840427.0
2025-09-02,118.92968900424,123.5510794056722,118.34097823393044,120.67620086669922,21014216.0
2025-09-03,121.32378686276196,121.89287717948277,120.38184814156726,121.2551040649414,7336041.0
2025-09-04,121.75550871377118,122.21666786770476,118.92969244305948,119.34178924560548,7730498.0
2025-09-05,119.95012411515924,121.38265639647224,119.44971659336096,121.13735961914062,6947411.0
2025-09-08,121.76531943502084,123.28616245712534,121.24529146197688,122.22647857666016,7882195.0
2025-09-09,122.55027563766328,123.4529660124671,121.46115731024378,122.4717788696289,7614264.0
2025-09-10,122.74650660973916,124.87568085303596,122.69745174549918,123.80619049072266,8948090.0
2025-09-11,123.93374364578374,124.40471676063734,123.04086725264752,123.16841888427734,4767008.0
2025-09-12,123.60995834363464,124.11035839178246,122.99180565871924,123.85525512695312,5840841.0
2025-09-15,123.82581594245796,127.89775161794896,123.63939547343185,125.76856231689452,22257294.0
2025-09-16,126.03348238752004,126.85767597391444,125.10135761921254,126.53389739990234,6998422.0
2025-09-17,127.01467217502848,128.04492166553345,126.37690652323982,126.89693450927734,9413241.0
2025-09-18,127.46602749412804,128.38834581960882,126.18067471055596,126.85768127441406,7532604.0
2025-09-19,126.85767638554243,127.92718172677992,126.38671075917848,127.25016021728516,8686534.0
2025-09-22,126.81843747985664,127.9860525685712,125.84705682423156,126.12178802490234,6577881.0
2025-09-23,125.81762025098824,126.504448240891,124.61076428503571,124.8953094482422,5860471.0
2025-09-24,124.90512386184272,125.317220657257,122.9525560955376,123.22728729248048,4543381.0
2025-09-25,123.08992626958388,125.10136294261464,121.28454548778356,121.7457046508789,6416171.0
2025-09-26,121.74569796710315,121.96156032826418,119.2731022667213,119.61652374267578,5997139.0
2025-09-29,120.8135712330673,122.25591754307814,120.1954260227186,121.9223175048828,10555581.0
2025-09-30,123.62957810764703,123.62957810764703,120.2444855109498,121.1864242553711,10100674.0
2025-10-01,121.17661519489262,123.6001486965287,121.17661519489262,123.17823791503906,8723744.0
2025-10-03,123.17823337156544,124.78737966815716,122.65820538967304,123.4823989868164,6051511.0
2025-10-06,123.47258376149632,123.87487407447748,122.19704499521792,122.88387298583984,5113099.0
2025-10-07,123.13898492672288,125.09154522115256,122.69745371216776,124.68926239013672,9672645.0
2025-10-08,125.13079334445212,125.13079334445212,121.6672039773512,121.96156311035156,12875915.0
2025-10-09,122.56008548827144,122.99180272623124,121.48077367871308,122.71707153320312,5774638.0
2025-10-10,122.7170727132077,124.8069985824363,122.3736587186204,124.12017059326172,7690307.0
2025-10-13,122.69745346650473,123.72769546035846,122.34422550122235,123.13898468017578,6065989.0
2025-10-14,123.13898827804648,124.10055498626872,121.66720754165549,122.17742156982422,6665155.0
2025-10-15,123.04086878242238,126.09235389907305,121.96156442621576,122.53064727783205,17482919.0
2025-10-16,123.13898197255816,123.35484433391356,122.0596776516447,122.3736572265625,9719465.0
2025-10-17,122.37365704594532,122.8151882492562,120.40146886703874,121.19622802734376,10002889.0
2025-10-20,121.63776720950833,123.20766508814292,121.274725283942,122.71707153320312,6729809.0
2025-10-21,123.2665381515399,123.62958008957104,122.648392946003,122.8446273803711,2109920.0
2025-10-23,123.4431527777848,123.60014631478548,122.55027636515088,122.7563247680664,5009833.0
2025-10-24,123.45885889288692,123.5874976274735,122.25168552836024,122.42979431152344,6026631.0
2025-10-27,122.57821453159694,123.34012727774338,122.0142046314984,122.1527328491211,5375514.0
2025-10-28,122.49906398331916,122.74643688510352,121.31166952522096,121.4798812866211,5615629.0
2025-10-29,121.83609485631688,124.08224495810386,121.35124609857064,123.77549743652344,9132825.0
2025-10-30,123.87445116966975,124.92330981054604,122.26157509071302,122.64747619628906,5922925.0
2025-10-31,122.6969575476251,123.1917033441881,121.80641360396734,122.0142059326172,4768709.0
2025-11-03,121.95483698970986,122.3704216406608,121.42051063167796,121.80641174316406,5128145.0
2025-11-04,121.98452414285416,122.20221350434062,120.52008079158097,120.95545196533205,5224892.0
2025-11-06,120.81692424323556,120.96534949479134,118.78847096937956,118.98636627197266,6360660.0
2025-11-07,118.73899235413468,120.58934436937312,117.15580729925723,120.08470153808594,5976333.0
2025-11-10,120.5200752895204,120.94555696321363,119.27331380742976,119.50089263916016,4329426.0
2025-11-11,119.72847894052484,120.5695452579487,118.27392513725626,120.33206939697266,5425772.0
2025-11-12,120.4903875356432,121.9449413801306,119.97585523074416,120.3122787475586,6989819.0
2025-11-13,120.31227893199517,120.56954885944994,119.37226494018752,119.48110961914062,4559201.0
2025-11-14,119.41184639285468,120.708077970964,119.13478995318752,119.7383804321289,5135998.0
2025-11-17,119.83732249525528,122.20220670116193,119.7680583885676,121.21271514892578,9945324.0
2025-11-18,121.21271537552856,121.4501912347272,119.43162755848527,119.55036926269533,4555639.0
2025-11-19,119.55037169746473,119.867008699252,118.54109361339948,119.5800552368164,4336986.0
2025-11-20,119.58005859323887,120.31228026494524,118.73899224137352,118.81815338134766,4766481.0
2025-11-21,118.81814883689376,119.13478583545808,117.74949613578106,117.83854675292967,4944515.0
2025-11-24,117.8979259294997,118.19476888067074,115.34503578363098,115.67156982421876,8220860.0
2025-11-25,115.79030106269562,116.30484091049443,114.43470243319452,115.51324462890624,7566496.0
2025-11-26,115.62208679845769,117.33391051184266,115.434088536305,116.83916473388672,4487936.0
2025-11-27,117.42296659831496,118.16508529981996,116.36421088613672,116.72042846679688,5097254.0
2025-11-28,116.66106009888333,116.80948534739056,115.59240736869722,116.33452606201172,4191955.0
2025-12-01,116.33452501597144,117.64065360249184,115.51324519094152,115.85956573486328,5036657.0
2025-12-02,115.6814658132981,115.77051643308172,114.87997248913676,115.19660949707033,4302586.0
2025-12-03,115.89914543586497,116.36420768388544,113.01972887886023,113.50457763671876,9455659.0
2025-12-04,113.50457633827637,114.6820737145414,113.1978363693555,113.64310455322266,5895759.0
2025-12-05,113.97954066827744,113.97954066827744,112.55467033791894,113.39573669433594,5063577.0
2025-12-08,113.39573174306616,113.73216280047626,109.33881783984822,110.18978118896484,8555323.0
2025-12-09,110.22936462189614,112.67341005676236,108.74512723708396,112.4458236694336,9736504.0
2025-12-10,112.43592355403985,113.92016089811834,110.82305502452762,111.0209503173828,4960130.0
2025-12-11,111.0209528102994,112.40624253905624,110.35799526020448,112.09950256347656,5799050.0
2025-12-12,112.09950255267476,112.90098832064596,111.44643448305251,112.62393188476562,5141588.0
2025-12-15,111.86202596863794,112.41613883684464,111.3178025807766,112.05992126464844,4518917.0
2025-12-16,111.81254896084324,112.07970836679124,110.32831158525684,110.83295440673828,4101452.0
2025-12-17,110.82305780468228,111.31780359845318,109.55650978050424,109.91272735595705,4984147.0
2025-12-18,109.83356703704908,111.0209539312744,108.54722494395348,109.64556121826172,6400519.0
2025-12-19,109.9226193806105,113.28689236596487,109.68514350788604,112.78225708007812,8954745.0
2025-12-22,113.32647001913465,116.56211172956198,112.89109130599536,115.77051544189452,16841326.0
2025-12-23,116.56211455452244,123.171918804307,115.5825124262178,120.12428283691406,55006061.0
2025-12-24,121.21272176598036,122.53863689473276,119.2733191236313,120.2133331298828,27580407.0
2025-12-26,120.85650334531869,133.17567073801118,120.57944690536551,132.23565673828125,163985127.0
2025-12-29,133.58136645205133,135.7285614195044,124.42856912107744,125.0222625732422,80360842.0
2025-12-30,125.02226140881096,125.33889841696453,122.36053415406502,123.28075408935548,29253088.0
2025-12-31,123.63696653858712,126.16017301864866,123.082853684609,123.31044006347656,27013969.0
2026-01-01,123.993187995776,124.8936289609912,122.70685346589649,124.46814727783205,16340819.0
2026-01-02,125.12120846442691,127.5949374380156,124.27024509357469,127.12987518310548,25385604.0
2026-01-05,127.64441448491988,127.96105903942214,125.22016312098025,126.25912475585938,15730837.0
2026-01-06,126.65491988596088,128.38653011877676,124.67593676274274,125.88311767578124,14799487.0
2026-01-07,126.16017734112609,127.2783076659258,125.45763922027034,126.69449615478516,10932461.0
2026-01-08,126.69449900266402,127.64441759084131,122.50895372317974,122.96411895751952,13165701.0
2026-01-09,122.92454116911745,123.66665984725954,119.33268193540778,119.9758529663086,14904914.0
2026-01-12,119.97585111176824,121.79651195037412,117.99686800064627,121.34134674072266,16531719.0
2026-01-13,121.80641234402418,122.53863400158136,119.01604638224076,120.05501556396484,11459758.0
2026-01-14,120.05501256493838,121.9944151130508,119.3821580034119,120.72786712646484,11544717.0
2026-01-15,120.72786712646484,120.72786712646484,120.72786712646484,120.72786712646484,0.0
2026-01-16,121.10387063281463,122.5881079631123,120.31227437030066,120.90597534179688,11686581.0
2026-01-19,120.93566042573316,121.36114210115709,118.49161504940648,119.62953186035156,19879572.0
2026-01-20,120.17374753306969,120.17374753306969,114.27637871238556,114.90965270996094,33802202.0
2026-01-21,114.90965590298585,115.92883858446235,112.70309387958838,113.93006134033205,23802894.0
2026-01-22,115.27576617489386,118.08591856789158,114.3951192947487,115.79029846191406,17626259.0
2026-01-23,116.31473513303618,117.04695676884054,112.52498067133683,112.9504623413086,15938677.0
2026-01-27,113.74205553686262,114.18733128301548,111.426648834066,113.40563201904295,18230496.0
2026-01-28,113.96963873979146,119.61963466909904,113.96963873979146,118.88741302490234,23452463.0
2026-01-29,119.7284795911468,120.31227599197317,117.05685538028918,118.79835510253906,19681289.0
2026-01-30,118.64004110646596,119.9758532201032,117.00737850125527,118.8379364013672,19011603.0
2026-02-02,113.78163422969804,114.58312753986426,110.3579942820657,113.7222671508789,26935344.0
2026-02-03,118.53119444751027,118.53119444751027,113.64310374312494,113.91027069091795,17141510.0
2026-02-04,114.38522298377436,115.42419214289464,113.30668080551447,114.78102111816406,14878650.0
2026-02-05,114.78102267408715,115.27576846147548,113.05930944775793,113.50457763671876,10242128.0
2026-02-06,113.29678588186955,113.76184813222956,111.4068533409124,113.32646942138672,13107658.0
2026-02-09,113.7816329303802,114.78102152467883,113.49467947066192,113.8607940673828,9623210.0
2026-02-10,114.23679944262476,115.47366391276675,113.70248063483848,114.24669647216795,12744272.0
2026-02-11,114.24670099357436,114.58313206836274,112.4260400450976,113.12857818603516,10515387.0
2026-02-12,112.99993262808484,112.99993262808484,111.61465048964344,112.33697509765624,10863707.0
2026-02-13,111.6146529356448,111.6641229849753,109.88304267542388,110.2689437866211,13084758.0
2026-02-16,110.26894080754757,112.228129850046,109.40808044086104,111.99065399169922,13966955.0
2026-02-17,111.81254748114848,112.26771269773154,111.12979588166314,111.80265045166016,8157349.0
2026-02-18,111.79275910803923,112.55466428306718,110.85273760207636,112.1192855834961,8573114.0
2026-02-19,112.11929093091403,112.61403673157888,109.58619484726108,110.2095718383789,9987523.0
2026-02-20,110.02157112923165,111.61465317600327,109.40808363228386,110.70431518554688,11560506.0
2026-02-23,110.82305518624956,111.31780096833104,109.63566832894264,110.7142105102539,9897270.0
2026-02-24,110.16999076308012,110.3876801222496,107.90406164974397,108.28996276855467,13884700.0
2026-02-25,104.87620827845176,104.87620827845176,103.30292032246064,103.46123504638672,56904412.0
2026-02-26,103.30292121835905,104.18356811002072,101.46246629777536,102.1452178955078,22825499.0
2026-02-27,101.9176296551278,103.46123405745462,100.660978708222,102.46185302734376,19027229.0
2026-03-02,96.47542830288896,100.28496934654336,96.17857781149914,98.29608917236328,27730177.0
2026-03-04,97.12849808895878,97.59355279486913,95.00108966081304,96.71290588378906,32963143.0
2026-03-05,97.17796714279064,98.20703929165258,95.98068323718186,97.81124114990234,16588277.0
2026-03-06,98.26640611757374,102.01658010112912,97.7221902796379,98.42472839355467,35489993.0
2026-03-09,96.08952777305076,96.92069707519984,94.26885934337594,96.54469299316406,16395706.0
2026-03-10,98.35546370865994,100.05739041937204,97.07901867562586,99.65169525146484,14800530.0
2026-03-11,99.93864913671383,100.72034838735314,97.95966598549178,98.20703887939452,12809686.0
2026-03-12,97.88050355464746,99.8397001701342,96.22805445701876,98.8699951171875,14255322.0
2026-03-13,98.6999969482422,99.68000030517578,97.0,97.1999969482422,11414655.0
2026-03-16,96.9000015258789,97.12999725341795,94.31999969482422,96.44000244140624,16521257.0
2026-03-17,96.4499969482422,97.2300033569336,95.73999786376952,96.73999786376952,9737324.0
2026-03-18,97.1999969482422,98.6999969482422,96.80999755859376,98.25,10580589.0
2026-03-19,96.3000030517578,96.98999786376952,94.72000122070312,95.04000091552734,11287455.0
2026-03-20,95.5,97.26000213623048,94.4000015258789,94.69000244140624,14353015.0
2026-03-23,93.5,93.6500015258789,89.19999694824219,89.44999694824219,17225370.0
2026-03-24,91.98999786376952,93.1999969482422,91.0,92.87000274658205,22201895.0
2026-03-25,93.98999786376952,96.3499984741211,93.8000030517578,95.23999786376952,17788550.0
2026-03-27,94.80999755859376,94.88999938964844,91.91000366210938,92.4499969482422,20674836.0
2026-03-30,91.4499969482422,91.5,87.0,87.2300033569336,25658445.0
2026-04-01,90.83000183105467,92.77999877929688,89.41000366210938,91.98999786376952,20132244.0
2026-04-02,90.0,92.19000244140624,88.5999984741211,91.83999633789062,19173192.0
2026-04-06,91.8000030517578,92.98999786376952,89.3499984741211,92.72000122070312,17311052.0
2026-04-07,92.6999969482422,93.58999633789062,91.58000183105467,92.93000030517578,16955456.0
2026-04-08,97.8000030517578,99.3499984741211,96.29000091552734,98.91000366210938,22586509.0
2026-04-09,99.0,99.5,97.0999984741211,98.48999786376952,16170504.0
2026-04-10,98.9000015258789,102.1999969482422,98.66000366210938,100.26000213623048,20758984.0
2026-04-13,97.16999816894533,99.2300033569336,96.25,98.91999816894533,16069563.0
2026-04-15,101.0,102.4000015258789,100.5999984741211,101.72000122070312,18343826.0
2026-04-16,103.13999938964844,104.8000030517578,102.3000030517578,103.23999786376952,21466219.0
2026-04-17,103.75,106.77999877929688,103.25,104.83999633789062,32766513.0
2026-04-20,105.13999938964844,105.13999938964844,102.3000030517578,103.0199966430664,15091460.0
2026-04-21,103.0199966430664,104.08999633789062,102.95999908447266,103.61000061035156,9274364.0
2026-04-22,103.11000061035156,106.66000366210938,102.98999786376952,105.81999969482422,21953698.0
2026-04-23,106.0,108.37999725341795,104.5500030517578,105.05999755859376,41805252.0
2026-04-24,105.0500030517578,105.77999877929688,103.01000213623048,103.91999816894533,14644667.0
2026-04-27,104.75,106.22000122070312,104.41000366210938,105.56999969482422,13917554.0
2026-04-28,105.58000183105467,106.75,104.77999877929688,105.13999938964844,13405170.0
2026-04-29,105.51000213623048,106.0,104.7699966430664,105.08000183105467,9523095.0
2026-04-30,105.0500030517578,105.06999969482422,103.0999984741211,104.20999908447266,8356443.0
2026-05-01,104.20999908447266,104.20999908447266,104.20999908447266,104.20999908447266,0.0
2026-05-04,104.8000030517578,105.66000366210938,103.31999969482422,104.41000366210938,10793514.0
2026-05-05,104.41000366210938,106.63999938964844,104.0,105.81999969482422,20280569.0
2026-05-06,106.45999908447266,106.9499969482422,105.0,106.73999786376952,12144328.0
2026-05-07,107.2699966430664,107.66000366210938,106.30999755859376,106.7699966430664,11251343.0
2026-05-08,106.66999816894533,106.9000015258789,105.6500015258789,106.02999877929688,6764649.0
2026-05-11,105.1500015258789,105.1500015258789,102.8000030517578,103.08000183105467,8606056.0
2026-05-12,102.45999908447266,103.0500030517578,99.16999816894533,99.36000061035156,10677665.0
2026-05-13,99.5,101.97000122070312,99.5,101.4800033569336,11227661.0
2026-05-14,102.29000091552734,103.62999725341795,99.58000183105467,100.19000244140624,18308366.0
2026-05-15,100.58000183105467,100.93000030517578,98.5,98.86000061035156,13415868.0
2026-05-18,98.0,98.0199966430664,95.16999816894533,97.66000366210938,13047543.0
2026-05-19,98.0,98.4800033569336,96.9000015258789,97.22000122070312,8673912.0
2026-05-20,96.1999969482422,97.3000030517578,95.6500015258789,97.12999725341795,6536277.0
2026-05-21,98.0,98.52999877929688,97.55999755859376,98.16999816894533,8098653.0
2026-05-22,98.16999816894533,98.41000366210938,97.4000015258789,98.19000244140624,6016639.0
2026-05-25,99.0,101.08000183105467,98.98999786376952,100.4499969482422,13515986.0
2026-05-26,100.5,100.83000183105467,99.0,99.27999877929688,8488045.0
2026-05-27,99.1999969482422,99.94000244140624,98.83000183105467,99.19000244140624,6755352.0
2026-05-28,99.19000244140624,99.19000244140624,99.19000244140624,99.19000244140624,0.0
2026-05-29,99.23999786376952,100.13999938964844,97.0199966430664,97.51000213623048,9652408.0
2026-06-01,98.1999969482422,98.4000015258789,96.0999984741211,96.2699966430664,7942957.0
2026-06-02,95.6999969482422,97.0,94.5500030517578,96.66999816894533,7592689.0
2026-06-03,96.66999816894533,96.72000122070312,94.63999938964844,95.75,9801364.0
2026-06-04,95.23999786376952,96.6500015258789,95.1999969482422,96.05999755859376,6298168.0
2026-06-05,96.5,97.68000030517578,95.8000030517578,96.47000122070312,8112711.0
2026-06-08,95.87000274658205,95.87000274658205,94.33999633789062,94.6999969482422,6307285.0
2026-06-09,95.20999908447266,96.1999969482422,95.0,96.01000213623048,6794999.0
2026-06-10,97.0,98.0,94.5,94.8000030517578,14178158.0
2026-06-11,94.29000091552734,94.3000030517578,92.66999816894533,93.33000183105467,9304606.0
2026-06-12,94.43000030517578,96.0999984741211,93.91000366210938,95.88999938964844,9874699.0
2026-06-15,97.41999816894533,98.8000030517578,96.8499984741211,97.08000183105467,10848353.0
2026-06-16,97.75,98.25,97.0500030517578,97.62999725341795,6900639.0
2026-06-17,97.88999938964844,100.97000122070312,97.51000213623048,100.44000244140624,19849822.0
2026-06-18,100.5199966430664,100.8000030517578,99.41000366210938,100.12999725341795,10858323.0
2026-06-19,99.01000213623048,100.8000030517578,98.83999633789062,99.51000213623048,13152144.0
2026-06-22,99.8499984741211,101.1999969482422,99.8499984741211,100.9000015258789,10258970.0
2026-06-23,100.9000015258789,101.0,98.1999969482422,98.66999816894533,9887408.0
2026-06-24,94.0,94.75,91.91000366210938,92.5,80616106.0
2026-06-25,91.01000213623048,92.25,91.01000213623048,91.7699966430664,50633854.0
2026-06-26,91.7699966430664,91.7699966430664,91.7699966430664,91.7699966430664,0.0
2026-06-29,91.8000030517578,92.19000244140624,90.3499984741211,90.61000061035156,19510430.0
2026-06-30,90.9499969482422,91.4000015258789,90.19000244140624,90.52999877929688,21360621.0
2026-07-01,90.9800033569336,91.91999816894533,90.4499969482422,91.18000030517578,13666959.0
2026-07-02,91.5999984741211,91.88999938964844,90.4499969482422,90.83000183105467,11833722.0
2026-07-03,91.4000015258789,91.58999633789062,90.3000030517578,90.56999969482422,11864556.0
2026-07-06,90.5,90.54000091552734,89.5999984741211,90.23999786376952,7950908.0
2026-07-07,90.61000061035156,90.61000061035156,89.6500015258789,89.91999816894531,6905670.0
2026-07-08,89.48999786376953,89.48999786376953,86.93000030517578,87.5,14036436.0
2026-07-09,87.70999908447266,88.58000183105469,87.55000305175781,88.12000274658203,6991080.0
2026-07-10,88.41000366210938,90.0,88.30999755859375,89.9000015258789,9078755.0
2026-07-13,89.9000015258789,89.9000015258789,88.72000122070312,89.75,6101114.0
2026-07-14,89.5,89.5999984741211,88.51000213623047,88.70999908447266,6693634.0
2026-07-15,88.80000305175781,90.0,88.5999984741211,88.87000274658203,7302377.0
2026-07-16,88.87000274658203,89.36000061035156,88.25,88.41000366210938,6202992.0
2026-07-17,88.5,88.80000305175781,87.91999816894531,88.41000366210938,5054877.0
2026-07-20,88.37999725341797,89.1500015258789,87.63999938964844,88.72000122070312,5972073.0
2026-07-21,88.69999694824219,89.0999984741211,88.0,88.30999755859375,5351993.0
2026-07-22,88.30999755859375,88.37999725341797,87.16999816894531,87.38999938964844,5926795.0
2026-07-23,87.0,87.87000274658203,86.51000213623047,87.02999877929688,6291068.0
2026-07-24,86.5,87.8499984741211,86.0199966430664,87.62000274658203,6225546.0
2026-07-27,88.0999984741211,88.52999877929688,88.0,88.12999725341797,5143354.0
2026-07-28,88.12999725341797,88.4000015258789,87.0,87.1500015258789,6530263.0
2026-07-29,87.4000015258789,89.63999938964844,87.3499984741211,89.12999725341797,10298238.0
2026-07-30,89.4000015258789,89.4000015258789,87.63999938964844,88.91999816894531,15815613.0
2026-07-31,89.5,89.87999725341797,88.43000030517578,89.1500015258789,12049926.0
2026-08-03,89.5,90.8499984741211,89.41999816894531,90.25,11813006.0
2026-08-04,90.38999938964844,90.48999786376952,89.55000305175781,89.5999984741211,6727736.0
2026-08-05,89.80999755859375,90.58000183105467,88.5,88.9000015258789,7065708.0
2026-08-06,88.9000015258789,89.94999694824219,88.75,89.29000091552734,7130936.0
2026-08-07,89.29000091552734,89.47000122070312,88.56999969482422,88.75,5732015.0
2026-08-10,89.16999816894531,89.16999816894531,88.0,88.5,6241241.0
2026-08-11,88.5,88.5199966430664,87.87000274658203,87.91000366210938,4430145.0
2026-08-12,87.91000366210938,88.3499984741211,87.48999786376953,88.26000213623047,5812334.0
2026-08-13,88.26000213623047,88.5999984741211,87.9000015258789,88.3499984741211,4753942.0
2026-08-14,88.19999694824219,88.5,87.5,87.56999969482422,3841249.0
2026-08-17,87.4000015258789,87.52999877929688,86.19999694824219,87.05000305175781,7575722.0
2026-08-18,86.76000213623047,87.55999755859375,86.05000305175781,86.11000061035156,5607787.0
2026-08-19,86.11000061035156,87.30000305175781,85.0,85.18000030517578,9477952.0
2026-08-20,85.44999694824219,87.19999694824219,85.30000305175781,86.47000122070312,8434193.0
2026-08-21,86.4800033569336,86.9800033569336,86.30000305175781,86.4000015258789,4768042.0
2026-08-24,86.6500015258789,87.25,85.52999877929688,85.98999786376953,8794748.0
2026-08-25,85.9800033569336,86.44000244140625,85.05000305175781,85.44999694824219,9606478.0
2026-08-26,86.12000274658203,86.81999969482422,85.69999694824219,85.69999694824219,7078598.0
2026-08-27,85.69999694824219,86.16000366210938,84.5,84.6500015258789,7178981.0
2026-08-28,84.6500015258789,84.98999786376953,83.6500015258789,83.9000015258789,6872970.0
2026-08-31,83.9000015258789,84.1500015258789,82.9000015258789,83.33999633789062,8457431.0
2026-09-01,83.33999633789062,83.75,82.16000366210938,82.5,7766605.0
2026-09-02,82.5,82.5,81.30000305175781,82.4800033569336,7977861.0
2026-09-03,82.83999633789062,83.69999694824219,82.05000305175781,82.6500015258789,5718670.0
2026-09-04,82.69999694824219,83.94999694824219,82.69999694824219,83.4000015258789,7883831.0
2026-09-07,83.5,83.9000015258789,82.62999725341797,83.0,5917347.0
2026-09-08,82.9000015258789,82.93000030517578,81.75,82.0,5883007.0
2026-09-09,81.9000015258789,82.4000015258789,81.12000274658203,81.38999938964844,6686837.0
2026-09-10,81.38999938964844,82.66999816894531,80.76000213623047,81.08000183105469,8521418.0
2026-09-11,80.94999694824219,81.08999633789062,80.0999984741211,81.08999633789062,8029026.0
2026-09-14,81.08999633789062,81.08999633789062,81.08999633789062,81.08999633789062,0.0
2026-09-15,81.08999633789062,81.87000274658203,79.0,79.1500015258789,8655447.0
2026-09-16,79.41000366210938,79.58000183105469,78.16000366210938,78.94999694824219,9834178.0
2026-09-17,79.30000305175781,79.91999816894531,78.6500015258789,79.30999755859375,6486276.0
2026-09-18,79.31999969482422,81.5,79.31999969482422,81.5,14377921.0
2026-09-21,81.5,81.69999694824219,80.16000366210938,80.22000122070312,5213459.0
2026-09-22,80.51000213623047,80.80000305175781,79.80000305175781,80.0,4813566.0
2026-09-23,80.05000305175781,81.1500015258789,80.05000305175781,81.0,5999917.0
2026-09-24,80.5,80.5,79.41,79.86,5332621.0
