Date,Open,High,Low,Close,Volume
2021-09-23,70.43750172826786,72.11693416662183,68.21471951080349,69.05443572998047,1506590.0
2021-09-24,69.79535365282815,69.79535365282815,67.91833630568689,68.65926361083984,860080.0
2021-09-27,69.54836832562592,69.9435310081496,67.6713512364643,68.26409149169922,573795.0
2021-09-28,68.56047096984476,68.90623551879108,67.67135674605288,68.21470642089844,674544.0
2021-09-29,68.11591441191523,69.64716720212198,67.27619830058671,69.2026138305664,604182.0
2021-09-30,69.99293076919815,73.30240453526638,69.5483774040182,72.01813507080078,2689149.0
2021-10-01,71.91934883422346,73.25301651438765,71.12902333785077,72.61087799072266,1633264.0
2021-10-04,73.20362177927886,74.04333794788656,72.21571863101032,72.51209259033203,948110.0
2021-10-05,72.21571776717285,72.51209172294936,71.32660343694607,71.42539978027344,690812.0
2021-10-06,71.4253940713092,71.62297166796617,69.35079162090015,69.69656372070312,1064338.0
2021-10-07,75.08062767350884,79.57558931880303,74.43848921888086,78.98284149169922,16086688.0
2021-10-08,79.92136277529285,80.85986771106343,76.36491310144834,77.05644226074219,4768071.0
2021-10-11,77.55038831221768,79.4274055877045,76.06853375848104,77.1058349609375,3677288.0
2021-10-12,77.00704833716478,79.32862679375177,76.90825952854688,78.04434967041016,2382805.0
2021-10-13,78.68648389290917,79.27922424903282,76.90825528743564,77.05644226074219,2240618.0
2021-10-14,77.69858426030353,79.87196817561295,77.15523451292474,77.84677124023438,3033952.0
2021-10-18,78.53828693610747,79.52618991643585,76.71066792992025,77.00703430175781,2828462.0
2021-10-19,77.05643508607977,77.69857355255081,74.09272604430748,74.58667755126953,1767147.0
2021-10-20,74.73486832188354,75.77216201713954,73.64817645857154,74.14212799072266,1358479.0
2021-10-21,74.48788537269367,78.34070845935226,74.14212084095156,74.68546295166016,3135469.0
2021-10-22,75.82156753901135,76.4143079276612,73.89515939162358,74.48789978027344,1743376.0
2021-10-25,74.48789243928589,75.03123460154082,71.1290205184922,73.25301361083984,1283955.0
2021-10-26,73.64817778795705,75.08063424221092,73.25301504768284,74.883056640625,914208.0
2021-10-27,75.08063044313525,77.64917681929579,74.48789013126773,75.32760620117188,3410455.0
2021-10-28,76.76007556941421,77.45161233117398,75.08064314547516,75.62399291992188,2121676.0
2021-10-29,75.32760620117188,77.20462346967065,74.73486588930436,75.32760620117188,1947467.0
2021-11-01,75.37701372356463,76.6118926670234,75.37701372356463,75.7227783203125,870108.0
2021-11-02,76.85885488438983,78.53828693610747,76.71066792992025,77.00703430175781,2138948.0
2021-11-03,77.64918649088806,78.34072322178615,76.3155187387957,76.61189270019531,2388363.0
2021-11-04,77.50099564355929,78.14313416981932,76.76006831412907,77.05644226074219,572607.0
2021-11-08,77.05643978361752,77.74796892068085,76.31551247800581,77.35281372070312,1521242.0
2021-11-09,77.35282090958816,78.83467565852968,77.05644694495865,77.6985855102539,1554141.0
2021-11-10,77.30342151197188,82.58870185872446,77.0564457243937,80.51410675048828,10337151.0
2021-11-11,80.90926033441986,81.45260248315802,78.53829153536576,78.8840560913086,2821262.0
2021-11-12,79.4274055877045,79.52619438386654,76.31550951743715,77.1058349609375,1430120.0
2021-11-15,77.59979011649448,77.59979011649448,74.29030876166249,74.883056640625,1744959.0
2021-11-16,74.883052707159,75.67337060909115,74.24091423008153,74.43849182128906,797993.0
2021-11-17,74.0927258835192,74.93244193611204,73.30240045925424,73.69756317138672,868825.0
2021-11-18,74.04332961158224,74.09272777827523,71.17841683383722,71.96873474121094,1065707.0
2021-11-22,72.61087943863694,72.85785521904047,67.27620107450022,67.6713638305664,1408933.0
2021-11-23,68.16530710708045,69.6471616094083,67.17740410552857,69.25199890136719,1027655.0
2021-11-24,69.25200285046428,71.86994746128549,69.25200285046428,70.5856704711914,1013630.0
2021-11-25,70.1411179181965,71.12902098746687,69.40019061624372,69.8941421508789,430214.0
2021-11-26,69.10381942492835,69.74595795287567,66.18950826968619,66.58467102050781,1397409.0
2021-11-29,66.58465891027099,67.17739916014615,63.670340747974514,65.59675598144531,1123298.0
2021-11-30,66.78224135923831,68.4616809831757,65.69554956557398,66.23889923095703,937471.0
2021-12-01,66.88104337850578,67.67136895043242,66.1895141558974,67.07862854003906,447120.0
2021-12-02,68.16531708661248,68.36289470100789,66.83164934668628,67.17741394042969,469526.0
2021-12-03,68.1653069365091,69.54837264264123,66.2388991031441,68.36288452148438,1360164.0
2021-12-06,68.46168579339215,69.9435403989885,66.48587965259702,66.88103485107422,932923.0
2021-12-07,67.62196090492512,67.86893666796298,66.18950449414639,67.02922058105469,584583.0
2021-12-08,67.47378703700033,68.31350319310592,67.47378703700033,67.86894226074219,526127.0
2021-12-09,68.16531631794382,70.33870020019657,67.72076292201572,69.64717102050781,980726.0
2021-12-10,69.4001873960063,71.27720464794501,69.25200043507131,70.88204193115234,1084269.0
2021-12-13,70.93144591155493,71.67237323986322,69.25200611179461,69.59777069091797,763279.0
2021-12-14,69.0544315075102,69.94354584754996,68.60987056893889,68.95564270019531,482990.0
2021-12-15,68.65926277813436,69.40019007430128,67.86893731404876,68.46168518066406,539363.0
2021-12-16,68.46168946692534,70.635073323579,67.27620119657568,69.44959259033203,1364036.0
2021-12-17,69.054426656856,69.3014024263461,66.93043353182055,67.42438507080078,1054141.0
2021-12-20,67.0786233367321,67.0786233367321,63.91732883135125,65.89313507080078,1216604.0
2021-12-21,66.88103100238888,67.37498250916309,66.23890007326386,66.43647766113281,538810.0
2021-12-22,66.97983459708159,67.32559918189976,66.28829789034259,66.7822494506836,341851.0
2021-12-23,67.17741780640743,67.42439360716628,66.38709222913779,66.73286437988281,379276.0
2021-12-24,67.22680146301619,67.81954174940783,65.9919227259079,66.93042755126953,547612.0
2021-12-27,66.14010374222754,67.52316946861573,65.69555040097148,66.43647766113281,492504.0
2021-12-28,66.53528341521562,67.7701624969275,66.53528341521562,66.83165740966797,508037.0
2021-12-29,66.63406415407695,67.1774138989834,66.09072194627336,66.28829956054688,425196.0
2021-12-30,66.58466843525301,66.63405906649893,65.7943429642954,65.99192810058594,364153.0
2021-12-31,66.14011632806549,68.06653209332474,66.14011632806549,67.6219711303711,777625.0
2022-01-03,67.91833660978101,68.06652357889554,67.17740930131066,67.42438507080078,557353.0
2022-01-04,67.62196824741467,71.03023866967327,67.27620364903848,70.0423355102539,1846950.0
2022-01-05,70.7338588838412,74.98184513447019,69.20261363506272,72.21571350097656,5008147.0
2022-01-06,70.78325735930424,73.00603929463905,70.38809461893537,70.9808349609375,1273468.0
2022-01-07,73.10482286476662,73.99393708270442,70.23990262345674,70.68446350097656,2835155.0
2022-01-10,71.47478691826515,71.47478691826515,70.14111925671985,70.63507080078125,922307.0
2022-01-11,70.28930006783737,70.93143852626646,69.15321010863235,69.25199890136719,1073623.0
2022-01-12,69.79535323999208,70.68446750833702,68.51107623714915,69.0050277709961,1041897.0
2022-01-13,69.15321473857063,69.94354020756663,68.16531167087676,69.0050277709961,776934.0
2022-01-14,68.85685056616609,69.54838733386144,68.5604841260995,69.05443572998047,1133903.0
2022-01-17,69.202614150605,69.64716752421648,68.5604756376421,68.85684204101562,837030.0
2022-01-18,69.1532137784091,69.35079137436368,67.4737816014886,67.9183349609375,626355.0
2022-01-19,67.9183313980083,68.26409594134144,66.93042839585546,67.12800598144531,678845.0
2022-01-20,67.37499497668412,68.16532054861077,66.83165274094989,67.07862854003906,983462.0
2022-01-21,67.07862431624841,67.37499073423194,66.38708760008132,66.9798355102539,641849.0
2022-01-24,66.6834613942666,66.97983534863778,64.06551658766374,64.31249237060547,1015692.0
2022-01-25,64.7570584323211,65.89314109417316,62.6330650233355,65.49798583984375,901327.0
2022-01-27,65.64616830172703,65.64616830172703,64.41128923256659,64.85585021972656,540528.0
2022-01-28,65.59677465342611,66.4364908745311,65.20161186199336,65.49798583984375,602287.0
2022-01-31,66.38709568532987,66.63407149894658,65.59677760401861,65.74496459960938,412311.0
2022-02-01,66.43649466296706,66.88104811798928,65.20161558001229,65.94254302978516,927467.0
2022-02-02,66.63405481017259,69.89413774825339,66.1895014718442,68.90623474121094,2679222.0
2022-02-03,69.20260744238946,70.63506376259441,66.68345180384787,66.93042755126953,4343392.0
2022-02-04,67.42437886056217,67.91833035404615,65.79433742464474,66.04131317138672,1417826.0
2022-02-07,66.04132207420204,66.43648482968015,64.55946739398613,65.0040283203125,1148681.0
2022-02-08,65.20161015437199,65.3497971394162,63.76915355218538,64.21370697021484,869311.0
2022-02-09,64.60887101700646,64.80644864286724,63.81854543935675,64.06552124023438,806503.0
2022-02-10,64.70765982993684,64.70765982993684,63.81854543935675,64.06552124023438,567374.0
2022-02-11,63.91732622258747,63.9667243913986,63.32458588236563,63.52217102050781,674997.0
2022-02-14,62.48487258242421,63.077612949303344,61.74394523954961,61.99092102050781,833498.0
2022-02-15,61.74394567461235,63.62096313054112,61.54636429474331,62.53426742553711,873748.0
2022-02-16,62.88003282578466,63.71974894005483,62.534264485134265,62.73184585571289,578122.0
2022-02-17,63.42337063793333,63.42337063793333,61.89212548477701,62.18849563598633,450943.0
2022-02-18,62.089709794694855,62.13910796570309,61.34878245218752,61.546363830566406,457980.0
2022-02-21,61.24999531445379,61.793341293371725,59.27418901398754,59.718746185302734,938772.0
2022-02-22,59.27418382861946,59.32357822809976,58.286280764809135,58.53325653076172,1397037.0
2022-02-23,58.928419263706296,60.21269249294949,58.38506956376972,58.53325653076172,1138404.0
2022-02-24,57.10079729185572,57.49596003142544,54.97680793018424,55.27317810058594,1577213.0
2022-02-25,56.21169033002406,59.17539975828083,56.21169033002406,58.73084259033203,1147732.0
2022-02-28,58.58265346537399,58.68144603716088,57.54535595719489,58.23688888549805,667966.0
2022-03-02,58.23688929665287,58.97781663180481,57.69354333791837,58.33567810058594,848572.0
2022-03-03,58.97781542146068,59.76813714236015,58.58265267673532,58.92842102050781,486538.0
2022-03-04,58.286281049526345,62.978820625547534,57.79232951520832,61.20059585571289,3161649.0
2022-03-07,60.1632998851776,60.854829035598186,59.12599862244425,59.37297439575195,1486107.0
2022-03-08,59.37297780293302,60.65725491267367,58.68144861282829,59.27418899536133,786240.0
2022-03-09,59.47176543142475,61.447571566897,59.17539526481414,60.75603866577149,1076052.0
2022-03-10,61.892133879392574,63.22580162499933,60.7560437490228,61.05241394042969,720742.0
2022-03-11,61.05241225348758,61.54636381503449,60.36087931361164,60.65725326538086,352527.0
2022-03-14,61.05241393069688,61.49697110201208,59.07660763023063,59.718746185302734,585437.0
2022-03-15,59.76813589388899,60.60785199820086,59.27418435757586,59.52116012573242,419794.0
2022-03-16,59.96571731567383,60.45966885242806,59.8175303472271,59.96571731567383,271658.0
2022-03-17,60.459668905623886,61.44757198000156,60.26208753703812,60.410274505615234,895668.0
2022-03-21,60.657254950513625,61.052413949598346,60.01511639524272,60.16330337524414,537777.0
2022-03-22,59.76814017782406,61.24999489297672,59.66935137090112,60.50906753540039,618761.0
2022-03-23,60.95362033475074,60.95362033475074,59.27418435757586,59.52116012573242,714843.0
2022-03-24,59.27418559572907,59.81753154331301,58.780234049098,58.92842102050781,732190.0
2022-03-25,59.7681349496556,59.817529348796334,58.78023189263649,58.87902069091797,519793.0
2022-03-28,58.78023525538737,59.521162590539305,57.989913518268885,58.33567810058594,898157.0
2022-03-29,58.33567984507172,60.657254492436905,58.33567984507172,60.06451034545898,1551398.0
2022-03-30,60.26209047785858,60.953623417380335,59.81753331898378,60.21269607543945,844773.0
2022-03-31,60.26208859707447,60.50906437001329,57.00200914799216,58.039306640625,2185831.0
2022-04-01,58.97781926952317,62.04031755103089,58.43447328648812,61.15120697021485,1571336.0
2022-04-04,61.34878052184232,64.11491219500755,61.05241034787497,63.7197494506836,2283216.0
2022-04-05,64.70764604066426,65.00401995340111,63.12700275930501,63.571556091308594,1238490.0
2022-04-06,63.37399243085815,66.14011689668071,62.9788296394254,65.49798583984375,1645905.0
2022-04-07,65.4979849418325,66.23891233919665,63.71975617331722,65.30039978027344,1496782.0
2022-04-08,65.69555913898937,66.18951071146297,64.80644480111631,65.39918518066406,848713.0
2022-04-11,65.44858078720699,66.0907193136718,64.60886465433882,64.80644226074219,588932.0
2022-04-12,64.36188796807221,64.65825437348835,63.5715624794243,63.7197494506836,551039.0
2022-04-13,63.8185391545202,65.59676776056081,63.76914852147063,64.80644226074219,756829.0
2022-04-18,64.65825606699946,64.65825606699946,63.07761258540632,63.22579956054688,584317.0
2022-04-19,63.81854246513595,64.06551825450343,60.7560441843998,62.04031753540039,414094.0
2022-04-20,62.237898076975085,64.16430619308794,62.04031669444901,62.28729248046875,828967.0
2022-04-21,63.12701331567744,64.01612766546783,62.83063935337965,63.37398910522461,461748.0
2022-04-22,62.63306129807194,63.47277746923264,62.13910972243588,62.38608551025391,347322.0
2022-04-25,62.04031195663307,62.04031195663307,60.80543312083802,61.20059585571289,426185.0
2022-04-26,62.188502429370345,62.978824175112464,61.6945508672126,62.43547821044922,417059.0
2022-04-27,62.2378963551672,62.4354777322272,61.29938764054568,61.44757461547852,479314.0
2022-04-28,61.44757629723508,62.0897110795655,60.70664893939515,60.9536247253418,383496.0
2022-04-29,61.496971121051175,61.74394690868592,59.96572199142605,60.16330337524414,325871.0
2022-05-02,59.61994851941463,61.05240871867433,59.61994851941463,59.86692428588867,509294.0
2022-05-04,60.360878836266,61.00301736861937,59.37297572098472,59.66934967041016,760085.0
2022-05-05,59.96572197286102,60.75604373933723,59.47177039774446,59.718746185302734,344826.0
2022-05-06,58.68144193455497,60.756036805871645,57.59474633218113,59.47176361083984,564404.0
2022-05-09,59.27418210927544,59.27418210927544,58.039303315332205,58.58264923095703,384754.0
2022-05-10,58.58265515270387,59.57055828771929,57.29838183089411,57.74293899536133,421754.0
2022-05-11,58.63204720412129,66.88103654322774,54.482857218314,60.70664596557617,2526128.0
2022-05-12,60.55846067676978,65.4485818885694,58.78023580935666,61.101806640625,5799208.0
2022-05-13,62.18850365507501,62.63306082348925,58.13809850441921,60.9536247253418,2245479.0
2022-05-16,61.79333508748343,63.32458406285156,59.96571595052004,62.68244934082031,1643188.0
2022-05-17,62.386083384691,63.52217347736665,61.694550448651526,62.78124237060547,1134935.0
2022-05-18,62.48487469438064,62.97882627299235,61.29939015200226,61.59576034545898,739796.0
2022-05-19,60.16329827693732,61.003014376316365,59.71874114315677,60.31148147583008,630356.0
2022-05-20,60.60785007169198,62.33668039383455,60.410272478287936,61.2499885559082,1612998.0
2022-05-23,61.39817884194017,62.3366837670476,59.47176705359898,60.262088775634766,1429637.0
2022-05-24,60.3608805371756,60.80543770528962,57.84172827593138,59.17539978027344,285750.0
2022-05-25,59.718740901913804,59.916322268190456,57.3477720436962,58.08869934082031,350694.0
2022-05-26,58.681443439650266,58.9284192053583,56.31047458143266,58.08869934082031,523012.0
2022-05-27,58.28628064849463,58.78023217941407,56.70563725697284,57.644142150878906,443877.0
2022-05-30,58.73084047708948,59.02721065554094,58.28628332513666,58.68144607543945,395617.0
2022-05-31,59.0766063690111,60.0645094981536,58.38507342490108,59.4223747253418,424241.0
2022-06-01,59.4717636796842,60.65724807975933,59.4717636796842,59.91632080078125,259851.0
2022-06-02,59.76813809054333,61.00301697671159,59.47176791157321,60.45967102050781,405365.0
2022-06-03,60.26209044653522,61.15120476382267,59.32358172685432,59.76813888549805,294890.0
2022-06-06,59.61994897881518,60.45966885242806,59.32357881047287,59.96571731567383,269171.0
2022-06-07,59.817532417550105,60.65725232022624,59.274186462025135,59.570556640625,351697.0
2022-06-08,60.16330161000762,60.21269601237501,59.07660591516835,59.32358169555664,366577.0
2022-06-09,59.27418901398754,60.11390518426512,58.977818822627896,59.718746185302734,153599.0
2022-06-10,59.07660550584199,60.06450862055022,58.879024129190086,59.22479248046875,235315.0
2022-06-13,58.28628366323956,59.02721099794175,57.59475073047391,57.89112091064453,245287.0
2022-06-14,58.23688796724398,58.63204694250703,57.298379277098505,57.5947494506836,207522.0
2022-06-15,57.594752424948965,58.68144814228093,57.594752424948965,57.84172821044922,200073.0
2022-06-16,58.632049529677246,58.632049529677246,56.853824641150354,57.29838180541992,297861.0
2022-06-17,57.495960603956135,57.495960603956135,55.37196745258326,56.70563888549805,393636.0
2022-06-20,56.80443057462525,57.15019516635458,54.38406712686572,55.17438888549805,378244.0
2022-06-21,56.4586596600571,57.347770125739686,55.371964066154845,56.35986709594727,340891.0
2022-06-22,57.00200905834267,58.48386369364508,56.35987054229115,57.15019226074219,406778.0
2022-06-23,57.5947494506836,58.1380953970148,56.95261470267443,57.5947494506836,230465.0
2022-06-24,57.89111791633863,58.23688624911291,57.19958878789229,57.644142150878906,164065.0
2022-06-27,58.23689056286904,58.78023653341724,57.29838183089411,57.74293899536133,192699.0
2022-06-28,58.0887044799975,60.26209216422067,57.29838271352129,59.718746185302734,664986.0
2022-06-29,59.22479123673661,61.20059742466076,58.582652718240766,59.81753158569336,378956.0
2022-06-30,59.57055877639035,60.8548321087353,58.92842399449359,59.17539978027344,188721.0
2022-07-01,57.792332700988254,61.05241225348758,57.34777554188577,60.65725326538086,501257.0
2022-07-04,60.26208964501063,61.39817972770594,59.52116231330968,60.45967102050781,385143.0
2022-07-05,60.41027661877134,61.10180578018453,60.01511386777698,60.45967102050781,306264.0
2022-07-06,60.45967102050781,61.00301697671159,60.26208964501063,60.45967102050781,192572.0
2022-07-07,62.73184842425138,64.21370311143842,61.74394529946002,62.88003540039063,2440165.0
2022-07-08,63.225793049494406,63.47276880359399,61.74393852489688,62.18849563598633,426126.0
2022-07-11,62.18850286421024,63.47277618109011,61.59575872434549,62.97882461547852,1256568.0
2022-07-12,63.225801653251445,64.46068059179152,62.23789850241939,62.83063888549805,942860.0
2022-07-13,62.97881956554002,64.1149095827702,62.7318438025379,63.12700653076172,611846.0
2022-07-14,63.12701952290196,66.28830692511119,63.12701952290196,64.85585021972656,4454143.0
2022-07-15,65.20160211527123,66.18950517762381,64.85583755086826,65.44857788085938,1431294.0
2022-07-18,65.54736656154883,65.89313112532867,64.01612133992315,64.55946350097656,892548.0
2022-07-19,64.55947202946408,65.39918823445892,64.36189440608995,64.7570571899414,623992.0
2022-07-20,65.6955557261346,65.99192966906341,64.3124898876376,64.6088638305664,494229.0
2022-07-21,64.70765430450076,65.15220769327841,63.91732879433756,64.11491394042969,760020.0
2022-07-22,64.11491941525121,64.41128585404238,63.52217900056559,64.06552124023438,769894.0
2022-07-25,64.01611629533471,65.49797076942022,63.76914054965379,64.26309204101562,1001791.0
2022-07-26,64.3124893808436,64.46067635114026,63.07761052354207,63.6209602355957,249754.0
2022-07-27,63.27519365100699,65.44857735590953,63.27519365100699,64.90522766113281,625181.0
2022-07-28,65.1522004056927,65.49797248840198,64.31248435575971,64.65824890136719,458110.0
2022-07-29,65.00401927805838,65.64615018714748,63.81853117652901,64.26309204101562,450671.0
2022-08-01,64.26310007458163,65.30039381385319,64.21370190442951,64.80644226074219,688121.0
2022-08-02,64.95462120950955,65.991922357734,64.6088566724686,65.1521987915039,791241.0
2022-08-03,65.20160508693608,65.99193058767936,64.70765353324718,65.695556640625,566955.0
2022-08-04,66.18950926824886,71.47478947105415,66.18950926824886,69.44959259033203,11590096.0
2022-08-05,70.73386209742996,72.46269256263231,69.498983193714,70.33869934082031,5278841.0
2022-08-08,71.1290257744236,71.1290257744236,69.49898409300583,70.53628540039062,1347086.0
2022-08-10,70.14112297636507,70.43749693335985,68.1653166953407,68.41229248046875,916155.0
2022-08-11,69.64716720212198,69.99293177300991,68.51107715168817,69.2026138305664,1089653.0
2022-08-12,69.49897588644815,70.7832528261223,68.26409711256989,69.10381317138672,1170144.0
2022-08-16,69.0544352771083,70.53629007903292,68.6592724891744,69.40019989013672,957353.0
2022-08-17,69.89414680426847,70.23991139411285,69.15321945298648,69.64717102050781,781193.0
2022-08-18,69.94355010986328,72.01814533831191,69.74596494608991,69.94355010986328,1444890.0
2022-08-19,69.94353895582857,70.63506807599748,68.90623773847307,69.15321350097656,1511227.0
2022-08-22,69.64717569045749,69.94354966568373,68.90624828949518,69.40019989013672,666533.0
2022-08-23,68.95563554492269,77.05643749779921,68.90623737783967,76.41429901123047,14778331.0
2022-08-24,76.5130881917319,81.84776616804183,76.06853483416528,79.0816421508789,17794960.0
2022-08-25,79.67439058014304,81.69958751602242,79.62499240778624,80.51410675048828,6240568.0
2022-08-26,81.00804953905022,81.40321226373429,77.59978705499198,78.53829193115234,4128275.0
2022-08-29,77.15523191157652,77.74797227421232,76.06853999056048,76.36491394042969,2318315.0
2022-08-30,77.30341300233816,83.18143308479972,77.30341300233816,80.66228485107422,10721838.0
2022-09-01,80.61288656062578,84.21873416422717,80.02014624401643,82.7862777709961,7053833.0
2022-09-02,83.57660765148724,84.76209599160597,82.88507843924533,83.7741928100586,3988803.0
2022-09-05,83.62600405467781,84.46572023379198,81.1068479802323,81.60079956054688,2444958.0
2022-09-06,81.99595538480783,82.44050875458332,79.52619769249434,80.02014923095703,1594766.0
2022-09-07,79.47679710930854,81.84776592932012,79.03224375303853,81.20562744140625,2246960.0
2022-09-08,81.8971752395807,82.7368914362896,81.20563849038865,81.99596405029297,1856604.0
2022-09-09,83.77418447654972,83.87297327745674,80.41531248599469,81.45260620117188,1716231.0
2022-09-12,81.8971692068448,82.53930773482774,80.06954996343377,80.6128921508789,983855.0
2022-09-13,80.6128836308849,83.9223571873533,80.6128836308849,82.53929901123047,2967675.0
2022-09-14,80.90925948919175,92.61590886191776,80.51409677062718,90.7388916015625,17250461.0
2022-09-15,92.96168036046204,100.1733760175511,91.5786145106926,96.22176361083984,28343707.0
2022-09-16,96.51812805863828,99.28425970199244,92.12196236030644,93.15926361083984,10394750.0
2022-09-19,93.9495883794223,97.25906243583896,92.121969053082,96.51813507080078,7307054.0
2022-09-20,97.30846066724098,98.7903153982142,95.08567857078116,95.6290283203125,5922030.0
2022-09-21,94.98688577191064,96.27115529586683,91.38103790395566,92.51712799072266,3143324.0
2022-09-22,93.20865372939596,94.8386953125,90.44252963837609,92.61591339111328,3227593.0
2022-09-23,94.34474894951472,94.49293592648948,90.738901016275,92.02317810058594,3024413.0
2022-09-26,91.5786117025304,91.87498563878675,84.76208653965709,88.17034912109375,3509626.0
2022-09-27,89.65220717522881,96.51813077050171,85.74999290806264,95.5302276611328,9094696.0
2022-09-28,94.14716503307643,98.0987772898754,92.86288803477588,93.65321350097656,9052399.0
2022-09-29,94.7893002727205,96.61692705364788,91.9243872869369,93.75200653076172,3908108.0
2022-09-30,94.34474531212145,96.12297389305478,93.10986644677956,95.13507080078124,4447955.0
2022-10-03,95.727807894191,95.82659669263926,92.46772478568302,93.10986328125,2409104.0
2022-10-04,95.08567041288732,101.75401613015472,93.6038158090501,98.98788452148438,15329000.0
2022-10-06,100.37095894670551,100.56854409978249,97.30846067649036,98.2963638305664,5349504.0
2022-10-07,100.46974398018976,103.3840626974891,98.39514894199016,100.5191421508789,25057038.0
2022-10-10,98.98788930474684,102.09978563059752,98.39514894199016,100.5191421508789,9027012.0
2022-10-11,100.9636868512047,101.75401229161142,95.82659409986708,96.4193344116211,4694240.0
2022-10-12,97.50603431083402,98.04938403822948,93.35684424798676,95.18446350097656,5855614.0
2022-10-13,95.6290234791433,102.54434520693376,94.93748678410272,99.77821350097656,18262099.0
2022-10-14,101.65523064553858,104.12498839913717,100.27216479610286,101.90220642089844,13053826.0
2022-10-17,102.24797016594466,103.72982480603082,100.3709527810817,102.59373474121094,5835504.0
2022-10-18,103.7298279723789,107.38506651465974,103.03829880073744,106.39716339111328,12007927.0
2022-10-19,106.74293498359783,106.98991076325716,103.53224984802672,104.07559204101562,6134291.0
2022-10-20,103.63103309501204,104.07558645971751,102.98889459491348,103.23587036132812,2889733.0
2022-10-21,103.63103486369664,103.927401266191,98.29635671067189,98.83970642089844,6382838.0
2022-10-24,100.61792519634804,102.49494251856632,100.3215588004834,101.80341339111328,2140559.0
2022-10-25,102.39615815223073,102.54434512512852,98.3457569366052,98.88909912109376,4049530.0
2022-10-27,99.23486393312368,102.79132114262327,98.98788815674747,101.5564422607422,4327761.0
2022-10-28,101.5564444436557,104.42135748151792,101.26007049079278,103.38406372070312,7006246.0
2022-10-31,104.42134993360378,105.16227722510172,100.76611164372142,101.26006317138672,3497589.0
2022-11-01,102.0503980155233,102.0503980155233,99.48184380576576,100.76612091064452,2921976.0
2022-11-02,101.26006398049034,102.09978007681056,99.827607553656,100.56853485107422,1973158.0
2022-11-03,100.27216679541584,101.01309413626866,99.77821523484728,100.17337799072266,1485168.0
2022-11-04,100.76611803685336,103.97680317038056,100.61793106173158,103.1864776611328,4400551.0
2022-11-07,104.22377694578176,104.71772849528782,102.84071109974424,104.02619934082033,2593516.0
2022-11-09,104.8165182785924,108.2247885243388,103.23587481280254,106.00200653076172,5728242.0
2022-11-10,105.5574453157754,108.07660124965383,99.13607512999371,101.5564422607422,9214947.0
2022-11-11,103.72982303491644,104.07558760427904,101.26006534360891,102.19857025146484,2403396.0
2022-11-14,102.34676022288455,102.64313416937703,100.32156337886109,101.5564422607422,1656094.0
2022-11-15,101.55645025194843,102.98890685280568,101.30947445613836,102.09979248046876,1156362.0
2022-11-16,101.7540270368884,102.14918981435518,99.77822068665756,100.12398529052734,1533605.0
2022-11-17,99.77821941304776,100.76612257555318,98.93850323233876,99.383056640625,1433341.0
2022-11-18,100.27215789175276,100.46973548359522,96.71570847887452,97.3084487915039,2281185.0
2022-11-21,97.80240869522096,98.29636025428772,94.59172356128693,94.83869934082033,1844862.0
2022-11-22,94.83869368030123,95.28324704208678,89.20764925787424,90.09675598144533,4361399.0
2022-11-23,90.83768879641435,98.59273431188608,90.5413223829133,97.50603485107422,8776915.0
2022-11-24,98.88909602192014,99.679421494538,96.22176074176386,97.75300598144533,3469494.0
2022-11-25,98.04938513099208,99.77821559929671,96.3699528337658,98.9384994506836,2326912.0
2022-11-28,98.24695762458867,100.07458433987078,97.80240425644575,98.64212036132812,1785912.0
2022-11-29,98.69151842231682,99.97578789394298,97.0614768457314,97.75300598144533,1075669.0
2022-11-30,98.79031232608276,107.78022924033576,98.79031232608276,104.6189422607422,22588468.0
2022-12-01,105.65623476140168,105.65623476140168,103.08768817889016,104.76712799072266,3268207.0
2022-12-02,104.61894528361424,109.31148525468998,103.23587936366609,108.42237091064452,6867433.0
2022-12-05,109.60784404862822,114.99192037346654,109.41026644686085,114.1028060913086,12499766.0
2022-12-06,113.80643330481176,114.00401844568374,110.94152036464136,112.17639923095705,4803825.0
2022-12-07,112.12699632643086,112.42337025667196,107.33566803488044,108.52114868164062,4496577.0
2022-12-08,109.36087719503368,109.36087719503368,105.70563850457644,106.49596405029295,2971015.0
2022-12-09,107.4344677940611,110.64515303848133,107.18749200602878,109.31148529052734,5120737.0
2022-12-12,110.64514878216912,118.5483736951812,110.00301025056636,117.56047058105467,10268098.0
2022-12-13,119.33869230274824,121.46267784565757,116.07860919974434,117.75804138183594,7540373.0
2022-12-14,118.64716501764916,119.83265330202644,115.189504044812,117.26409912109376,3807738.0
2022-12-15,117.26409447747092,120.52417770903162,115.73284920097012,117.51107025146484,3398250.0
2022-12-16,117.5604624513972,126.35280106652716,117.5604624513972,123.93243408203124,18589084.0
2022-12-19,125.710654275514,128.42738747203785,122.10480688907106,127.6370620727539,8068881.0
2022-12-20,127.34070567608514,130.20563375820896,126.00704551344936,129.46470642089844,7813644.0
2022-12-21,129.4153069037289,129.46470507387667,121.16631747491935,122.15422058105467,7066417.0
2022-12-22,122.79635474603542,124.5251851203684,116.2761884474406,121.16631317138672,8231183.0
2022-12-23,120.4747829016504,122.49998731976174,103.38406338655815,106.39716339111328,8232069.0
2022-12-26,106.69353157685768,122.84574526648927,105.60683970710645,120.2771987915039,10976444.0
2022-12-27,123.48788015304072,124.17940926705693,119.2398940609353,122.4999771118164,6715085.0
2022-12-28,122.4012015359021,131.39111867464118,122.0554369415473,129.56349182128906,12084101.0
2022-12-29,131.19354235911612,132.57660075023185,123.63608169519176,124.9697494506836,8410119.0
2022-12-30,126.45159865201776,127.14312781730492,124.0806296698719,125.0191421508789,3659381.0
2023-01-02,125.06852449536775,126.155216341842,122.49997807540072,123.586669921875,3324015.0
2023-01-03,124.08063503983963,125.463700967373,122.00603991709106,123.19152069091795,2287722.0
2023-01-04,123.78426335958608,124.47579252544196,116.819543382012,119.33869934082033,4098252.0
2023-01-05,119.98082120830738,122.69755456865038,118.05441329490498,121.6108627319336,3911591.0
2023-01-06,121.61086240807226,122.00602513049022,117.16529873934996,118.94352722167967,3182421.0
2023-01-09,123.2409171812141,126.05643963344453,122.0060382515426,123.68547058105467,6691289.0
2023-01-10,123.68546125544458,124.27820912667728,118.30139254286492,119.3880844116211,3424211.0
2023-01-11,119.78325005803585,119.88203885994156,115.78223951548314,117.85684204101562,3861722.0
2023-01-12,118.35079525808462,118.35079525808462,116.3255908734719,117.3628921508789,2248181.0
2023-01-13,117.95562989236356,122.4011937762182,117.06651560817215,121.5614776611328,4743171.0
2023-01-16,122.20360623651784,122.20360623651784,119.1905064077958,119.73384857177734,1748002.0
2023-01-17,119.68446300532626,121.2651064702264,118.25199897689912,119.14111328125,1543635.0
2023-01-18,119.58567497985509,120.72175753141848,117.06651902399145,117.56047058105467,2125159.0
2023-01-19,116.77014006373848,119.63506047917822,116.77014006373848,118.15320587158205,1576048.0
2023-01-20,118.05441964482706,119.28929851140477,117.01711838206084,117.85684204101562,1110487.0
2023-01-23,118.4495798079422,119.43748287967296,117.06651400009862,118.15320587158205,1066390.0
2023-01-24,118.15321436574952,118.99293052966836,116.7701484584758,117.46168518066406,922365.0
2023-01-25,117.46167597298742,117.9062293375368,112.81852704376084,114.94252014160156,2094736.0
2023-01-27,115.73284726745662,115.73284726745662,104.3225636847248,109.65724182128906,4617836.0
2023-01-30,109.55845781206152,110.5957515686085,101.80341980648448,103.72982788085938,3079125.0
2023-01-31,104.7177311531958,117.80744754734526,102.98890068604398,116.5231704711914,12448242.0
2023-02-01,117.85684684975756,117.85684684975756,108.1753931259292,111.04031372070312,4738212.0
2023-02-02,110.64515303848133,113.6088624948692,108.71874490667037,109.31148529052734,2568059.0
2023-02-03,110.10179832241543,113.60885736908476,109.75603374219092,112.5715560913086,3910365.0
2023-02-06,112.57155690616194,119.28930110101898,112.12700351938427,118.4495849609375,4516688.0
2023-02-07,120.52417014289202,120.52417014289202,114.89312586417148,116.27618408203124,4096400.0
2023-02-08,116.7701428488908,118.40018446354613,114.89313299751448,115.73284912109376,2506620.0
2023-02-09,115.58466273716516,115.97982548471272,111.97881491358524,112.3739776611328,1651480.0
2023-02-10,111.63304613289728,114.893129256044,110.1511915382128,112.27518463134766,1951198.0
2023-02-13,112.52215702077234,113.55945068366496,103.72981851538152,106.34776306152344,3577470.0
2023-02-14,106.94050824670498,107.13808584756234,102.24796862387036,103.97679901123048,3620495.0
2023-02-15,105.6562390707482,111.63305615401214,105.26108383970836,108.42237091064452,4737610.0
2023-02-16,108.86691336782174,110.59574370965169,108.4223600090492,109.41026306152344,1880672.0
2023-02-17,109.45967059014818,110.34877738373108,108.61994689404888,109.80543518066406,1081194.0
2023-02-20,109.90422184259938,118.40018714728092,109.0151075292612,117.21470642089844,6713121.0
2023-02-21,117.56047306683448,118.400189224177,114.10281209428052,115.48587799072266,3401943.0
2023-02-22,113.90523533119772,117.70866092193825,112.96672282367552,116.57257080078124,3356984.0
2023-02-23,115.97982037282954,117.56046375624943,114.54735641824418,116.86893463134766,1985888.0
2023-02-24,117.856840702646,119.33869532571146,115.63405876804784,117.11591339111328,1752546.0
2023-02-27,115.88103591648132,117.85684210406258,113.41127818200476,113.95462036132812,2023539.0
2023-02-28,114.00401499181288,116.0786099169507,111.13909460133578,112.27518463134766,1754955.0
2023-03-01,112.91733633124974,115.09072030937524,112.225799583953,114.0040283203125,2163429.0
2023-03-02,114.00401820702682,115.83163741792758,112.67035054161828,115.1894989013672,1348387.0
2023-03-03,115.83164133073323,117.56047179835612,114.79434003531844,115.63406372070312,1677545.0
2023-03-06,116.47377727239328,117.3628915719128,115.0907114217076,115.93042755126952,1425239.0
2023-03-08,115.18949940384115,116.52316707506732,113.65825412839718,115.73284912109376,1225072.0
2023-03-09,116.0292211014116,121.80846051619456,115.93043229455694,117.46168518066406,4434720.0
2023-03-10,115.83163658506994,117.85684092186736,114.4485707602158,114.9919204711914,1674290.0
2023-03-13,114.94252691721074,115.28829150303147,105.5080566096036,106.39716339111328,7242001.0
2023-03-14,108.37297056602966,110.34877683003825,105.70563512445918,106.5947494506836,3966578.0
2023-03-15,108.07660839096792,110.59575695420013,107.18749402984356,109.36087799072266,2363569.0
2023-03-16,110.10179192719606,110.10179192719606,106.89110701412636,107.6320343017578,1482266.0
2023-03-17,107.68143096030008,121.01812195079596,107.23687760879102,118.05441284179688,20034019.0
2023-03-20,119.48687255301785,123.09272024334597,116.42437456262628,117.06651306152344,8960307.0
2023-03-21,118.00502349040828,118.00502349040828,115.5846638854263,116.12801361083984,1935891.0
2023-03-22,116.91832825244312,118.64715864601948,115.1894978588668,117.11591339111328,2738601.0
2023-03-23,115.78223810242665,117.80744243373856,114.69554622052122,116.22679901123048,1589780.0
2023-03-24,116.81954050891204,118.20260634371076,113.95462003763662,115.1894989013672,2145212.0
2023-03-27,116.07861632813868,120.919343112222,111.88002807797196,117.21470642089844,4588226.0
2023-03-28,110.64514144996944,110.64514144996944,104.3225604311222,105.85381317138672,47341344.0
2023-03-29,106.69353248386273,109.60784355075693,104.37196175668062,108.76812744140624,6995799.0
2023-03-31,108.86692065898583,109.45966855985031,103.72982745691311,104.07559204101562,11408564.0
2023-04-03,105.21167619854,105.40925379627852,102.24796700984874,104.4707489013672,5722604.0
2023-04-05,104.71773188523925,106.2983753874072,103.58164177717694,104.81652069091795,3680136.0
2023-04-06,105.26108160491734,105.70563499895032,102.7419256064564,103.03829956054688,2774723.0
2023-04-10,103.58163658300664,104.1743769244584,102.24796893046452,102.7419204711914,2034271.0
2023-04-11,103.43345178754193,103.77922390300076,102.4949468552744,102.79132080078124,1739733.0
2023-04-12,103.23587711657588,103.38406409354177,101.75402242112266,102.14918518066406,1714607.0
2023-04-13,102.64314225361274,104.91531505297012,102.05040185104572,102.98890686035156,2997070.0
2023-04-17,103.13708269642312,103.18647332798784,101.75401688187044,102.19857025146484,1596510.0
2023-04-18,102.69252396004435,103.28527184816724,102.00099480670433,102.24797058105467,1357031.0
2023-04-19,102.6925238741276,102.93949964827134,101.06248979446087,101.35885620117188,1312875.0
2023-04-20,101.7540240977648,103.03830120316024,101.30947069664482,101.65523529052734,1346022.0
2023-04-21,103.58163648216966,103.58163648216966,101.11187878093956,101.8528060913086,1286065.0
2023-04-24,102.69252646219792,102.8407134378393,101.75402151164036,101.95159912109376,843083.0
2023-04-25,102.19857282906877,103.63103684841744,101.01309212218244,101.90220642089844,1524312.0
2023-04-26,101.90221402057632,102.2479786244461,99.87700949674849,100.12398529052734,1777834.0
2023-04-27,100.12397724520272,100.91430273663076,99.72881449948868,100.46974182128906,1180737.0
2023-04-28,100.96369006983709,105.90320538709138,100.81551064000122,101.4576416015625,6799696.0
2023-05-02,102.3961551907383,105.2116774459561,101.50704091616892,104.32256317138672,4239996.0
2023-05-03,104.56954620276616,105.95261211069936,103.33466727373704,103.77922821044922,2905981.0
2023-05-04,105.21167962436084,105.70563117189305,103.7298249817642,104.37196350097656,3382269.0
2023-05-05,104.37195789960798,106.00199942640472,102.89010333653856,103.53224182128906,2441480.0
2023-05-08,103.9767994224934,104.6189379334732,103.0382945090553,103.63103485107422,1334845.0
2023-05-09,103.6310378331332,106.15018624347952,103.38406205542653,103.87801361083984,1879585.0
2023-05-10,104.22377519309312,105.21167827549212,103.08768514091382,103.63103485107422,1241314.0
2023-05-11,104.1743817241046,105.3104718275402,103.9274059423622,105.16228485107422,1674733.0
2023-05-12,105.21167320524384,108.47175623489504,104.81651048390704,107.23687744140624,5366359.0
2023-05-15,107.68143745092448,110.05240638845709,102.74192197152428,105.26107788085938,10032283.0
2023-05-16,105.70563133821554,108.3729666842454,105.40925739438887,107.03929901123048,3528657.0
2023-05-17,107.68143230398812,108.07659503087272,105.06348771761752,105.85381317138672,1725503.0
2023-05-18,106.59473867602952,106.89110506341228,104.96469716556736,105.45864868164062,1273510.0
2023-05-19,105.65622733200686,105.85381246267735,102.89010333653856,103.53224182128906,1572073.0
2023-05-22,104.3225691792763,107.58265252807668,104.2731785449628,105.70563507080078,3680720.0
2023-05-23,106.24898265799114,106.49595843586924,104.32256706828056,104.76712799072266,1188180.0
2023-05-24,105.11289464505693,106.39716419308594,104.52015427388176,104.81652069091795,1534036.0
2023-05-25,105.01410578423886,105.1622852241278,103.33466594017123,103.92740631103516,956755.0
2023-05-26,104.61893927474266,105.40925722853272,103.87801195344434,104.37196350097656,717468.0
2023-05-29,105.21167402057554,105.21167402057554,104.02619338448032,104.42134857177734,790306.0
2023-05-30,104.6189417711072,105.21168213486902,103.72982745691311,104.07559204101562,706250.0
2023-05-31,104.07558955761624,104.7177280768286,103.5322473775923,104.37196350097656,1777379.0
2023-06-01,104.37197067596256,108.3235833278714,103.63104330372964,107.38507080078124,3924920.0
2023-06-02,107.68143705688644,113.21369286615,107.68143705688644,111.28728485107422,9728071.0
2023-06-05,111.13908956072387,111.9788056188734,109.01509656392078,109.85481262207033,3226338.0
2023-06-06,110.24998640984332,110.24998640984332,107.48386220299794,109.75603485107422,2040365.0
2023-06-07,110.15119720414272,111.0403115141079,108.7681313372083,109.2126922607422,1409830.0
2023-06-08,109.26207704526328,112.27518439632192,109.21268641447185,110.49695587158205,3950315.0
2023-06-09,111.33667404154896,111.92942191891346,109.26207908208016,109.65724182128906,1462452.0
2023-06-12,110.10180149920691,110.29938664868088,107.6814418306975,108.02720642089844,1351654.0
2023-06-13,108.5705511215446,114.05340874995092,108.12599020868844,113.4112777709961,4961518.0
2023-06-14,113.51007238964624,114.34978855193752,110.99091636566952,111.2378921508789,3236712.0
2023-06-15,111.63305410550292,116.02922003552452,110.89212675524514,112.81853485107422,13066200.0
2023-06-16,117.65926854985511,133.26813444661045,117.65926854985511,129.5141143798828,56810999.0
2023-06-19,132.37901773602997,135.9354749884711,128.674381045656,131.24293518066406,26050078.0
2023-06-20,131.3911103178821,131.83566369133473,125.26611420512252,126.3528060913086,8357824.0
2023-06-21,126.94554767728366,128.1310283761605,124.27821233625954,127.0937271118164,5610434.0
2023-06-22,126.6491702689299,126.79736477361304,120.0302227299388,121.51207733154295,5317492.0
2023-06-23,122.006036653034,126.15522678752684,122.006036653034,125.06853485107422,8273467.0
2023-06-26,125.8094623230958,129.31651391860666,125.6118847115835,128.62498474121094,4186141.0
2023-06-27,129.26712567749132,135.29332549694726,128.42740201922214,134.00904846191406,6259305.0
2023-06-28,134.60180418119853,142.01107780585164,133.91027499107204,140.23284912109375,14513250.0
2023-06-30,139.98586125571688,146.80240144679462,137.8124775281779,145.27114868164062,10312196.0
2023-07-03,145.27117050543532,150.95161398092606,143.8880969625309,148.63003540039062,11776920.0
2023-07-04,148.1854597077182,148.67941124007726,138.80038059289603,145.27114868164062,7829385.0
2023-07-05,146.1108708300886,147.69152191031614,144.53023482406695,146.6542205810547,4481338.0
2023-07-06,147.09877416977585,153.02619311669827,145.51813816178674,151.98890686035156,7038245.0
2023-07-07,156.0886866524414,164.48586283311073,155.79231271357685,160.58364868164062,42109534.0
2023-07-10,161.76912905292946,163.00400790066175,155.29836087597135,161.8185272216797,9240089.0
2023-07-11,162.90521080323293,173.7721446125844,162.26307983508946,172.09271240234375,23760974.0
2023-07-12,175.4515925273872,182.1199382979925,174.90824282012656,177.42739868164062,27263371.0
2023-07-13,178.5634986980517,180.48990687248403,168.43749116469053,171.25302124023438,14880566.0
2023-07-14,174.1179170687084,181.97174350462623,172.98183456148806,180.44049072265625,18929192.0
2023-07-17,181.6753681900124,185.2318252647779,176.93344552259768,178.81045532226562,13001344.0
2023-07-18,180.04536135877393,180.09475953448188,168.93145016378787,172.1421356201172,7832169.0
2023-07-19,172.33969534164385,175.55038046436425,168.04232583729504,170.66026306152344,5962791.0
2023-07-20,171.45058422865995,172.29029281036432,168.0423215841078,168.7832489013672,3375360.0
2023-07-21,168.4374753485741,173.37699075469067,165.96771764551585,171.9445343017578,4768332.0
2023-07-24,172.685477363166,172.685477363166,168.28931126559277,170.7096710205078,1750139.0
2023-07-25,171.64818401145112,174.3649178591144,169.91935338111998,172.1421356201172,2295348.0
2023-07-26,171.79634277765064,172.88304221554463,170.36388629984856,172.19151306152344,1114571.0
2023-07-27,171.00603071557188,174.80944856325394,170.9566325462867,173.57456970214844,1662491.0
2023-07-28,173.13002014160156,175.5503797478557,171.8951412532877,173.13002014160156,1321521.0
2023-07-31,173.62395584943113,174.76003829330207,171.89512556359043,172.58665466308594,984248.0
2023-08-01,173.5745811665834,173.67337751167918,169.32659458896407,170.4626922607422,1310903.0
2023-08-02,170.4626773686119,170.95662890252606,160.68242795258917,166.21469116210938,1290121.0
2023-08-03,163.99191109600002,170.907232648241,162.21368253915426,168.38807678222656,1613804.0
2023-08-04,169.72568343062142,171.6577590805444,167.44681838159886,169.03211975097656,693006.0
2023-08-07,170.1219807553265,174.38246444444093,168.78439705941256,172.7476348876953,1287160.0
2023-08-08,173.6889101885992,178.0484659867313,170.12198990390692,176.01730346679688,1411140.0
2023-08-09,176.0173098740129,187.26300427329645,176.0173098740129,180.9218292236328,8345363.0
2023-08-10,184.191495824323,184.98414651612103,176.8595109419389,179.83193969726562,3083265.0
2023-08-11,180.67413567445752,203.0664234476955,180.3768897722815,200.53985595703125,23808053.0
2023-08-14,200.4407654530648,209.2094204822777,192.2665870544381,206.8810272216797,10405291.0
2023-08-16,205.79113524290048,222.93214304279016,202.8187066689966,220.7523651123047,18590171.0
2023-08-17,221.6936293408258,226.25135916463955,215.05520860326928,220.70281982421875,11898690.0
2023-08-18,220.45512056789428,220.45512056789428,209.1103544657516,212.6277313232422,4346093.0
2023-08-21,214.01484527095545,224.91374942827247,208.66448018660265,217.8294677734375,4994560.0
2023-08-22,219.3156920207321,224.26973959184824,213.5194503151049,221.5450134277344,5627528.0
2023-08-23,223.42755253823955,224.9137668566757,219.3652273537591,220.4551239013672,2720524.0
2023-08-24,220.4551198710757,221.9413341623414,214.2130168240492,214.75796508789065,1815997.0
2023-08-25,214.01483819609007,215.60013934125976,208.11952507504708,209.060791015625,1738138.0
2023-08-28,212.03323718313632,220.8019074785519,212.03323718313632,218.5725860595703,3833749.0
2023-08-29,220.20742655657392,227.7375853231405,220.20742655657392,225.75596618652344,5728456.0
2023-08-30,227.8861917202587,232.2952911015704,227.2421715736881,230.66046142578125,3524214.0
2023-08-31,231.6512826743464,258.6013002087933,231.3540367768324,249.48585510253903,12652177.0
2023-09-01,253.59768473522263,259.4929981489633,240.41991555720924,243.2437286376953,6446769.0
2023-09-04,245.2253680814,259.19578903770145,244.77950679950828,248.54458618164065,4749580.0
2023-09-05,249.78308385184096,253.54814790002405,238.7850922287391,240.419921875,3349412.0
2023-09-06,242.7978870190313,247.65284784195063,231.8494382979187,238.6364898681641,2598249.0
2023-09-07,239.92452356766043,242.55017791436555,237.4970432233888,240.17222595214844,2466712.0
2023-09-08,241.36120133119888,247.603289114385,239.82544357559223,244.2345428466797,1846291.0
2023-09-11,245.32445753418403,246.7115848958151,240.766727428446,245.1758270263672,2191918.0
2023-09-12,246.21615919039303,246.21615919039303,217.97808861926143,226.9944610595703,2564654.0
2023-09-13,227.1430859270712,228.87700261353737,212.18185589928427,221.24777221679688,3023626.0
2023-09-14,224.7155984472032,231.55217797483527,222.1890311892337,224.91375732421875,2358415.0
2023-09-15,226.8458451340832,237.8438372682116,224.9633130225189,226.5485992431641,7666817.0
2023-09-18,228.8770019218024,232.04758940090449,225.9045733254153,227.2421722412109,1566395.0
2023-09-20,225.9045807282916,226.796303289008,215.20383440692487,217.1359100341797,3122634.0
2023-09-21,217.18543887467456,218.1762483723862,209.8534546390299,211.1415100097656,3587595.0
2023-09-22,211.5378277199924,216.8386645791324,208.1195379772676,213.7176055908203,2133466.0
2023-09-25,214.85705286194,214.906581243651,200.93617592656685,202.32330322265625,4224660.0
2023-09-26,203.9581406201445,215.89738294163087,203.66089474789456,214.559799194336,4963007.0
2023-09-27,215.203814287066,225.2109960013326,213.61852820305376,222.1394805908203,5748219.0
2023-09-28,222.73398941280288,223.4770965737985,218.5230488338276,222.1890411376953,4216317.0
2023-09-29,223.13030129306807,229.7687220656381,223.13030129306807,225.45870971679688,1902262.0
2023-10-03,225.90458369650327,229.62011961256428,219.6129368312185,227.53941345214844,2800584.0
2023-10-04,223.3779936637033,229.12469165652897,222.4367276838519,224.3192596435547,1533191.0
2023-10-05,225.90458283159649,233.5833570287231,225.80549582679248,232.24575805664065,2580122.0
2023-10-06,237.49703360885096,258.6012789365815,237.49703360885096,255.7774658203125,14774304.0
2023-10-09,254.88576008810924,258.30406517538785,239.28050947046992,248.9409027099609,6668843.0
2023-10-10,254.43988191057483,265.33878702762934,253.10229808097785,259.6416320800781,6066813.0
2023-10-11,264.59566641036326,270.3919080663053,263.456241526195,268.7075500488281,5920245.0
2023-10-12,269.69835528650435,275.14780748178043,269.64879666973826,272.0267333984375,3818635.0
2023-10-13,270.4909855810001,274.0579057239948,264.54612875504404,271.87811279296875,3113658.0
2023-10-16,272.6212471364427,286.34396572828206,272.6212471364427,281.2413024902344,5172227.0
2023-10-17,286.8889139235908,295.0630933041886,283.22293646486145,291.9916076660156,4394866.0
2023-10-18,296.6483485465584,306.9032325834507,293.3291307827384,298.43182373046875,5533379.0
2023-10-19,299.2244766029552,304.77301599135853,263.2085443154098,301.5033264160156,5773942.0
2023-10-20,301.10701362589094,306.1601483351548,293.27962429516447,297.3419494628906,3239429.0
2023-10-23,298.679525980154,300.6115862989171,277.4761791925408,284.7091064453125,4753278.0
2023-10-25,287.0870549368351,296.5492736431893,279.65598362699467,291.05029296875,5307028.0
2023-10-26,291.0007940237405,291.0007940237405,275.54415808836904,283.2724609375,5741348.0
2023-10-27,287.33477988806226,289.71271684661065,282.4798189649616,284.8082275390625,2901300.0
2023-10-30,285.79901814387205,291.24847050396795,277.6743679848863,288.5732727050781,3060863.0
2023-10-31,290.10904823228486,290.10904823228486,284.1641904386961,286.0467529296875,1376013.0
2023-11-01,286.3439524445108,299.7198810189084,283.52013925360546,294.6172180175781,4354929.0
2023-11-02,299.9675808941021,300.21528327304026,294.2704261785246,295.40985107421875,1947076.0
2023-11-03,297.4410136764671,303.1876964822693,290.307173429101,301.85009765625,3519839.0
2023-11-06,305.16932575046513,321.2699801122997,304.22804463139227,318.4461669921875,5973345.0
2023-11-07,320.8241317600965,336.1816803386993,315.4737660446503,333.8533020019531,5246015.0
2023-11-08,336.6770733088508,348.5667879199288,335.8844377629554,344.70263671875,5078257.0
2023-11-09,347.82369358895306,355.84925729493847,317.80217518324395,333.0111083984375,7825148.0
2023-11-10,334.6954288404363,338.7577537387593,326.9671270238068,335.3890075683594,2785367.0
2023-11-13,334.94314656940685,339.8476657945204,330.5340623420337,334.1009826660156,2751773.0
2023-11-15,341.8292993929981,344.80172808337204,323.0039176872968,326.7689819335937,4132958.0
2023-11-16,326.76895696977584,328.6019605695608,304.12898436404964,310.6187744140625,6635212.0
2023-11-17,313.0958333738342,317.6535635779638,311.2133011826159,314.18572998046875,3018971.0
2023-11-20,317.0095183694244,317.3562775121223,309.47935996167536,310.916015625,1885583.0
2023-11-21,312.60041510132805,331.92120145465896,305.21887180995583,330.13775634765625,6520123.0
2023-11-22,331.9211995171783,337.8660568219636,324.73783027389607,330.08819580078125,3613610.0
2023-11-23,329.7414095381209,329.9395835450032,323.994726183832,325.87725830078125,1493358.0
2023-11-24,326.2240584140909,331.77259818093233,325.03507480794303,326.1745300292969,1035428.0
2023-11-28,326.96712718290445,329.39462249471063,320.52686558687753,324.2424011230469,1827071.0
2023-11-29,326.27356500466743,326.27356500466743,317.10857688389467,318.6938781738281,1101596.0
2023-11-30,319.4865736922416,329.6919006715275,301.30521113896674,322.1122131347656,2077262.0
2023-12-01,321.91398630518484,334.24957613099,321.0717922199069,331.7725524902344,2897214.0
2023-12-04,336.875259742176,337.86606932965293,329.44418783609854,333.0111083984375,1635011.0
2023-12-05,334.89361625477665,337.8660448014167,331.92118770813664,334.0514221191406,1616735.0
2023-12-06,334.5468040396042,335.8844028417045,323.54881312037526,324.8368835449219,1586350.0
2023-12-07,325.97634323563506,326.5212763954411,318.198482190038,318.94158935546875,1455356.0
2023-12-08,318.9415578746913,323.9946921482781,317.10855433346507,320.6259460449219,1778201.0
2023-12-11,321.91401163273247,322.3598880179911,314.3343247430866,315.3251342773437,1348140.0
2023-12-12,317.00952872433066,321.0718237038297,311.1141997864012,312.05548095703125,1205077.0
2023-12-13,313.64076639451235,318.79298840293893,308.1913136012997,316.7618408203125,3561076.0
2023-12-14,319.7837730832712,325.97633259301693,318.39664580050953,321.220458984375,2218087.0
2023-12-15,323.2515992049988,324.3910240819783,310.12337333690306,313.2939758300781,2187579.0
2023-12-18,315.47375794971725,316.95997229015603,309.33075681816854,313.83892822265625,809898.0
2023-12-19,315.2260383983262,316.3654632832091,310.9160109982756,312.5013122558594,725958.0
2023-12-20,313.14532961585405,336.0825936745554,313.14532961585405,319.2883605957031,7379104.0
2023-12-21,316.1177794706655,328.7506014185114,311.3619056557315,324.1929016113281,2103078.0
2023-12-22,326.96714088256067,335.8844265429941,326.57082312285166,330.6331481933594,2134358.0
2023-12-26,332.7137961808004,341.8292550777145,332.7137961808004,340.1448669433594,2761293.0
2023-12-27,342.8201315665982,353.7190374834554,331.6239948559436,348.9136047363281,3992940.0
2023-12-28,351.73739627159927,358.67306324033507,339.84768146805226,342.2751770019531,2346425.0
2023-12-29,343.464099386371,356.54279658643776,335.0917774423354,350.8456420898437,2482256.0
2024-01-01,351.88599388047527,361.54638667027393,347.82366881375395,358.97027587890625,2369504.0
2024-01-02,358.92073130867817,366.59950471831866,348.2200011036344,359.3666076660156,4853351.0
2024-01-03,359.71341044978766,363.230802645306,352.3318971281845,356.2951354980469,1674304.0
2024-01-04,357.68222744438003,361.5959370417303,352.08415984897374,360.45648193359375,1562063.0
2024-01-05,366.599545055632,376.2599384726385,346.8824404365481,354.4621276855469,5025301.0
2024-01-08,356.7409721923129,371.5535873008848,355.7006342427137,368.9279479980469,3287702.0
2024-01-09,372.8911699869303,383.1460545962593,371.404955702596,378.7864685058594,3539948.0
2024-01-10,380.5203704245217,389.2890404097019,372.6929815444517,376.6562194824219,3090700.0
2024-01-11,378.6874027037397,389.3881332006713,377.2507168350015,387.1092834472656,2157983.0
2024-01-12,388.645041257901,391.3697674872426,382.0066052588441,385.82122802734375,1777386.0
2024-01-15,385.82122802734375,385.82122802734375,385.82122802734375,385.82122802734375,0.0
2024-01-16,382.65063031429287,382.65063031429287,359.96106920791914,364.518798828125,2463512.0
2024-01-17,361.9427299418296,372.4453176087114,354.0162532478975,358.8216857910156,2670645.0
2024-01-18,359.66387310758563,364.56839256298696,348.9631418703024,358.62353515625,1550854.0
2024-01-19,361.7941091951876,366.84724406018375,359.217998260375,361.2491760253906,1391457.0
2024-01-23,360.0106846737904,360.0106846737904,339.84770268018264,348.9136047363281,2550212.0
2024-01-24,349.9043772518403,361.6454761552613,348.0218452042069,358.1776428222656,2124510.0
2024-01-25,358.2271851320164,362.834473786106,350.7465850319689,351.6878662109375,930473.0
2024-01-29,352.72820415644327,355.9978636169827,346.88243378666544,351.6878662109375,1462470.0
2024-01-30,358.029021557312,366.8472201260191,354.9079776563283,364.0234069824219,2508283.0
2024-01-31,364.617903726543,375.7149824565414,344.5540109263732,346.98150634765625,7522247.0
2024-02-01,355.2052251248156,356.6914394558818,318.9911480193463,330.9799194335937,6299102.0
2024-02-02,333.06062449540275,348.6658749224427,333.06062449540275,344.70263671875,7042693.0
2024-02-05,345.7429962712297,346.3374577972793,333.20923157479143,336.72662353515625,2074851.0
2024-02-06,339.30272284646264,341.6806595813568,326.1249384522015,326.9671325683594,2308551.0
2024-02-07,328.6515319200027,339.2531757075823,326.22403648608343,334.1505126953125,6414327.0
2024-02-08,346.7833361968395,365.3114865399136,340.590776621896,348.8144836425781,17258388.0
2024-02-09,353.8676125653081,358.67304476496736,341.82928299423685,354.6602783203125,5257247.0
2024-02-12,355.106120236986,362.8839808919201,347.97230994942913,360.5555725097656,5777513.0
2024-02-13,362.6362785974271,366.4013426191698,350.8456515429102,363.1316833496094,2719522.0
2024-02-14,358.6730224776939,365.21237092387946,353.42174446443704,360.90234375,1901847.0
2024-02-15,359.1684742932744,405.9346987650629,359.1684742932744,388.0505676269531,6344879.0
2024-02-16,385.3753963516932,386.41573431076336,378.53878609343127,381.06536865234375,1641450.0
2024-02-19,380.916751996086,384.83043166266447,368.6802477362041,370.7113952636719,1973586.0
2024-02-20,371.3553821624784,372.5443656370133,359.6638423570102,361.1995849609375,1869396.0
2024-02-21,361.199600204167,384.4340956577035,361.199600204167,372.7920837402344,3400773.0
2024-02-22,376.2103817029766,382.1552387418199,371.5535649277067,380.3222351074219,1697046.0
2024-02-23,380.4708480364221,384.23591204194,376.5076100360427,381.1148681640625,1181055.0
2024-02-26,380.47084451111175,383.938677729312,373.53517807471127,375.8635864257813,1061251.0
2024-02-27,372.7920641365,379.57911507251913,362.8839694086196,367.0949096679688,918920.0
2024-02-28,367.5903216302788,386.415701983312,364.7169801501319,375.0213928222656,2389486.0
2024-02-29,375.07092667383137,394.9366754258217,366.89674824339534,393.2027587890625,7149833.0
2024-03-01,394.9366755006138,405.9346670747046,382.15523890893286,395.7788696289063,4913833.0
2024-03-04,410.19513473926366,410.54192411315535,398.55312306490055,405.1915588378906,1706642.0
2024-03-05,406.2319096791692,409.2043382865778,394.6394260154329,399.5439453125,1993796.0
2024-03-06,401.2778853292863,406.1328462895521,388.10012983183486,401.9219055175781,1650504.0
2024-03-07,405.4888071968862,408.6098512231853,401.3273950037489,405.6869812011719,1056298.0
2024-03-11,405.6869759638159,415.1491949227004,389.8835517949465,392.6578063964844,1842870.0
2024-03-12,393.4504383891103,398.2558702659375,373.5846907871373,377.9938049316406,1360992.0
2024-03-13,377.993833078942,402.2686663959382,348.91356752728217,386.5148010253906,3899830.0
2024-03-14,381.4616674526776,388.0505447521661,372.14806395709854,382.2543029785156,1275548.0
2024-03-15,380.4708526399664,387.9019239805908,361.1500671543432,366.6490478515625,4403727.0
2024-03-18,367.5903145666181,393.3513608704781,366.5995050933928,369.6710205078125,1852436.0
2024-03-19,371.55357482489416,372.04897959132734,361.6454794962303,363.4289245605469,689243.0
2024-03-20,363.4289275813445,367.491252747284,354.1153239424079,364.3702087402344,1290666.0
2024-03-21,371.553581121814,376.5076288701049,367.5408145405416,374.7737121582031,901194.0
2024-03-22,380.22316513067335,384.2854903364943,374.7737126011132,381.6598510742188,870215.0
2024-03-26,386.41572592055775,406.182388610568,380.7680993699526,397.166015625,3966704.0
2024-03-27,397.1660002357394,414.1583773748708,389.98263125017047,411.3345642089844,4455320.0
2024-03-28,416.8830913494292,434.9653644739142,412.4739770406712,423.8682861328125,4223254.0
2024-04-01,433.9250519579375,445.56706410176974,415.7932191576191,421.98577880859375,3144784.0
2024-04-02,425.9985791678294,434.66816275170805,418.2702465165071,424.6609802246094,2463011.0
2024-04-03,424.710486893472,426.93980827249214,422.9765702653451,424.9086608886719,1850105.0
2024-04-04,430.2590392433595,430.7544440093277,418.9142580078454,426.9893798828125,1272984.0
2024-04-05,436.00573732472014,438.9286376386016,424.11602253541264,426.5435180664063,3841134.0
2024-04-08,432.0425114190746,434.965411816558,427.03893506363664,429.4664306640625,1879085.0
2024-04-09,431.6461648353832,431.9929542176124,417.3289852977289,421.7876281738281,853868.0
2024-04-10,421.0940513104194,422.4316502267093,408.9071061555725,414.1088562011719,1303575.0
2024-04-12,412.0281589787643,426.939830668018,410.1951552568856,423.81878662109375,2128444.0
2024-04-15,415.2978392132957,433.7764322690884,406.2814657750292,414.9510498046875,2401867.0
2024-04-16,414.1584023661997,423.9674111116617,406.8264175583346,409.4520568847656,2521585.0
2024-04-18,413.5638856355501,418.3197894512168,396.3238061168868,398.45404052734375,1500527.0
2024-04-19,398.6026373509114,408.1639729180541,393.1531852704947,404.7951965332031,1984552.0
2024-04-22,411.1859641784269,411.1859641784269,396.47243628028326,398.0082092285156,1372201.0
2024-04-23,401.2778662880372,414.8024105488421,398.9990164261828,410.8391723632813,1815454.0
2024-04-24,413.7620496746807,420.1032243725049,409.3529353429099,417.9234313964844,1655182.0
2024-04-25,417.8739455803928,418.1216479784843,410.83919142717184,413.9602355957031,983530.0
2024-04-26,414.1584048605756,417.92346917355553,411.68138090806025,415.5455322265625,1347012.0
2024-04-29,418.9142810964633,421.0940742817063,405.3402079030596,407.8667602539063,975696.0
2024-04-30,410.2942199707031,417.47758884523535,409.10523647593806,410.2942199707031,2271167.0
2024-05-02,411.0373682792277,414.5547302615755,404.5475472621439,408.015380859375,982676.0
2024-05-03,410.9877923416656,411.9786018991307,399.7916564371536,402.3677673339844,1243796.0
2024-05-06,404.2502690169793,404.2502690169793,385.52397583787854,396.3733215332031,2556156.0
2024-05-07,397.3145920840623,397.3145920840623,375.41769704647226,384.9294738769531,1381721.0
2024-05-08,383.9386807715353,395.5311640019312,378.8855462804112,389.6853637695313,701015.0
2024-05-09,390.6761564848308,404.1511711365722,388.0009890953537,393.4999694824219,1530390.0
2024-05-10,398.3549442669894,416.1399867478408,385.07810311817,406.7768249511719,1807755.0
2024-05-13,411.185969053605,413.6134645802105,392.31105895454186,396.42291259765625,1560214.0
2024-05-14,396.3237877500456,399.7916208928585,389.6853522103901,393.6485900878906,1173903.0
2024-05-15,397.9091096838951,406.23190361293376,395.3825272630626,405.38970947265625,1400855.0
2024-05-16,408.21353039973127,413.16757809875713,401.3769506224971,407.3218078613281,1006356.0
2024-05-17,409.15482303038993,412.6721849004847,407.4704346706466,411.0868835449219,899177.0
2024-05-21,409.4025117239195,411.68136155828,395.3330042400812,397.8100280761719,1419658.0
2024-05-22,397.8100598245308,402.5164054887064,394.0449953880342,396.1256713867188,777505.0
2024-05-23,396.3238055889423,401.2778531588041,395.4320830737885,399.2962341308594,1097655.0
2024-05-24,400.2870372690265,401.9714255107931,396.42288627350416,398.2558898925781,454189.0
2024-05-27,396.3238051217873,405.637408494728,391.5679315551685,402.7145385742188,1433957.0
2024-05-28,402.7145504236916,406.1823838205448,392.45966561700425,398.7513122558594,1093554.0
2024-05-29,398.7513176296097,400.68337812020064,388.3973456817703,391.1716003417969,787171.0
2024-05-30,392.3605694024113,396.3238074771832,380.4708551780959,381.3130493164063,816008.0
2024-05-31,381.3130540066444,394.3421932902969,373.5847215235149,384.8799743652344,2500856.0
2024-06-03,390.378951575447,399.2962372713328,384.4340944448565,387.3569946289063,1233765.0
2024-06-04,390.3789453934011,395.3329929237742,332.96152242153414,375.1700134277344,1884318.0
2024-06-05,382.4524570915485,416.13997921878337,368.9279138143592,398.850341796875,3824865.0
2024-06-06,399.2467406050735,405.78605977850185,394.3422209878929,395.97705078125,1618400.0
2024-06-07,397.3146330456767,406.47962146381263,396.3238234869593,404.1016845703125,2765843.0
2024-06-10,406.2319071961381,412.1767643746182,402.2686690771514,405.4888000488281,1808548.0
2024-06-11,405.73649197035866,408.65939210259455,401.2778492014536,405.1915588378906,724141.0
2024-06-12,407.12366631339273,409.7493057557643,399.39536338167466,400.4852600097656,1232741.0
2024-06-13,402.2686841462022,404.7457080633586,394.34220761130166,394.738525390625,1364525.0
2024-06-14,394.7385078219606,401.17876971993,394.7385078219606,396.8192138671875,1260917.0
2024-06-18,397.0668905366142,426.2957695655104,395.18435861268256,420.1032104492188,4970051.0
2024-06-19,424.9086570875695,442.89184333670585,416.1399870277773,419.6573486328125,5991651.0
2024-06-20,422.0848391478802,431.0021244819903,416.6849153784934,427.237060546875,1872534.0
2024-06-21,432.9837485475519,460.67688597855926,427.0388915880889,448.8367004394531,16803770.0
2024-06-24,448.3412967952439,448.3412967952439,432.2901708703839,442.0001220703125,1996316.0
2024-06-25,443.288187825256,449.0844297559033,431.00215541934455,434.1231994628906,1131725.0
2024-06-26,434.9158453784439,456.2677781685804,434.9158453784439,452.4531555175781,3875868.0
2024-06-27,454.7815837720035,475.58858433673566,449.8770644011877,471.9225769042969,4380406.0
2024-06-28,476.6784704898297,540.9820028799728,476.6784704898297,496.544189453125,9439333.0
2024-07-01,499.6157295418744,501.0524155243445,478.561026016312,492.9277648925781,4170640.0
2024-07-02,495.801082555391,497.8817886149346,488.5186264655422,491.3919982910156,1250414.0
2024-07-03,488.61770926333327,493.2745261071582,480.9884940934352,484.4067687988281,1082260.0
2024-07-04,486.1406824578997,491.3919910293459,481.53342426085,486.0415954589844,820820.0
2024-07-05,491.9864672529569,500.35881999927295,480.6417161100895,490.7479553222656,3717652.0
2024-07-08,493.1754521761517,497.2873057500884,485.49667818445874,491.63970947265625,1426120.0
2024-07-09,491.63967129792337,494.2157517312298,488.46906889786186,492.28369140625,1619702.0
2024-07-10,495.4048000232561,513.2393728240933,492.43237122311655,499.2689514160156,3284158.0
2024-07-11,504.569734894572,507.7403373706862,495.65244944724526,498.6248779296875,1094045.0
2024-07-12,498.5753589412368,504.3220420206968,493.5222243784804,500.60650634765625,1073604.0
2024-07-15,501.9441154501056,519.9273024260926,494.4139569521109,508.6320495605469,2154561.0
2024-07-16,512.6449178360268,528.1015236055251,510.366007347284,522.7015991210938,2814459.0
2024-07-18,522.552973293922,522.552973293922,507.7898870229826,514.676025390625,1077417.0
2024-07-19,510.26687980603526,531.0738787884172,509.7714750683595,524.0886840820312,2017760.0
2024-07-22,526.5162221917508,535.9784413556952,520.2740736102458,524.4354858398438,1672590.0
2024-07-23,524.138255919444,556.4882121616255,492.9772832411102,547.6699829101562,7427646.0
2024-07-24,550.3947022211912,627.7769034923061,550.3451738387866,581.8529052734375,11701050.0
2024-07-25,584.5776749212538,606.8708913377423,557.8258152214676,568.427490234375,5340282.0
2024-07-26,573.5796876148686,573.5796876148686,559.9064670895845,562.5816650390625,1232940.0
2024-07-29,566.6935062153661,576.6511296059878,550.2460322135543,567.3870849609375,2281355.0
2024-07-30,567.6842901393941,574.6694847121742,557.8257239533691,567.53564453125,1643832.0
2024-07-31,568.2293331640839,577.5924964331228,560.1046819551236,574.0751342773438,1474850.0
2024-08-01,579.3263216620786,587.5500283450848,554.853315131952,559.5101318359375,2000667.0
2024-08-02,563.7706402961353,577.2952149955621,545.9360681953788,554.6056518554688,2733406.0
2024-08-05,530.0831012854144,547.0755090022869,511.2081917363561,539.5948486328125,4660448.0
2024-08-06,544.9452873879865,551.8314262961877,528.200580731286,535.6316528320312,1838943.0
2024-08-07,543.9544090895846,544.8956901983343,524.187747702689,535.4334716796875,1603455.0
2024-08-08,534.7893766064316,535.037078957801,527.1106037139816,531.6187744140625,935337.0
2024-08-09,533.2573570983786,537.2294789389625,526.3557832784104,535.0447998046875,1224809.0
2024-08-12,530.2782754208091,551.9263277261465,525.0152260076878,548.0038452148438,1301803.0
2024-08-13,552.9193213083394,568.0133956934759,542.442862583149,554.2599487304688,1572865.0
2024-08-14,559.3243963412395,566.1266306236305,546.1667429874509,564.6370849609375,981048.0
2024-08-16,566.5238504761743,573.9715785718296,558.0830919677651,568.956787109375,1100664.0
2024-08-19,573.9219364659017,579.9297583127708,539.6127479890429,545.7198486328125,4745870.0
2024-08-20,551.1318422389393,554.1109332780686,526.9515775485772,538.1231689453125,3850252.0
2024-08-21,539.2154893535161,553.1179144933858,528.7390311022099,540.6553955078125,19835421.0
2024-08-22,568.0134400145404,600.7834461692254,567.6659035871113,592.243408203125,37054765.0
2024-08-23,600.7834202446008,614.387949486143,578.1919775825105,584.795654296875,13074002.0
2024-08-26,584.8949427363068,620.5944000048994,576.3549049979866,612.4515380859375,14952921.0
2024-08-27,614.6857975350075,619.6509493729317,600.9819905842896,610.564697265625,4312858.0
2024-08-28,609.6213797176619,611.7067192895156,594.8252026857465,606.940185546875,3634480.0
2024-08-29,605.7485663335023,615.4802524903492,602.3722386051134,606.3443603515625,3453436.0
2024-08-30,608.6283955706,620.1475247079773,604.755552517467,610.912353515625,4242992.0
2024-09-02,613.1466574346614,640.5046339407182,611.7067511743915,635.3905029296875,11013380.0
2024-09-03,634.59603568156,649.4418515976797,626.651792848561,646.3137817382812,7622641.0
2024-09-04,641.49764148853,654.1587791494878,625.8574126132291,649.6405029296875,7164996.0
2024-09-05,650.4348727719154,658.1308579077663,637.5254783504881,643.4340209960938,5581923.0
2024-09-06,644.4767853135971,650.4349682286688,628.5882975400723,643.682373046875,4108813.0
2024-09-09,644.4767569643814,649.9384243962829,633.3051644900373,638.121337890625,3672960.0
2024-09-10,641.2493433858609,647.4557830237419,632.5603278928276,635.738037109375,2475182.0
2024-09-11,638.5185437502108,664.8338492080344,632.0638461850842,652.2223510742188,7816468.0
2024-09-12,659.6204499565281,689.8582380682085,655.9462253169396,684.495849609375,11117000.0
2024-09-13,693.0359222841234,743.7797501534935,689.2127189782237,711.0593872070312,32170819.0
2024-09-16,718.1596125607751,720.5428492052208,671.1892857712846,695.0716552734375,15769280.0
2024-09-17,698.1996672282268,713.9888752218234,689.9078874274852,707.8817138671875,8598067.0
2024-09-18,711.0097700005654,713.9888612156515,687.3756584828349,692.5394287109375,5517474.0
2024-09-19,694.5255472029513,706.1936554311022,679.5803898782264,703.3138427734375,5859129.0
2024-09-20,704.9522898555373,728.8842977305784,697.2066044163655,725.40869140625,6892361.0
2024-09-23,728.2885248285702,780.7701576011616,727.8912884218142,763.2928466796875,24917201.0
2024-09-24,766.6195068359375,773.570719980823,750.1848650224836,766.6195068359375,11461515.0
2024-09-25,770.2937435812777,779.6281935834934,748.7946097768512,752.9157104492188,7681483.0
2024-09-26,757.682190108626,758.0794265098629,706.0446096556134,711.7048950195312,11069317.0
2024-09-27,715.9252803955133,724.7135752087136,699.0934029607967,701.7745971679688,10943231.0
2024-09-30,704.8033378938011,727.9409344691716,700.7815768301681,725.1604614257812,11688363.0
2024-10-01,726.0045354641198,752.6177999281008,719.6988163703908,744.9218139648438,9072279.0
2024-10-03,719.94706721704,747.2554042494104,715.974945466877,725.4583740234375,8786672.0
2024-10-04,729.8773886387718,737.4740959072872,703.3634632152462,707.9810791015625,7585125.0
2024-10-07,721.9331113978502,724.2170692294252,668.7067054204023,697.3059692382812,11725010.0
2024-10-08,699.2920282559705,713.7406086286919,680.2754716221656,705.001953125,9040443.0
2024-10-09,708.9244111030123,722.330321206105,698.2493345394383,716.5210571289062,5926533.0
2024-10-10,720.9400529973332,730.274562775915,710.5628734458733,713.7902221679688,4158843.0
2024-10-11,717.2658459566893,721.635203961562,707.0376449563802,715.27978515625,3731104.0
2024-10-14,716.9679954820326,749.6387220131411,713.3931100531769,745.5672607421875,9422733.0
2024-10-15,752.7170206976635,767.6124762523666,736.381658984053,745.7658081054688,10212032.0
2024-10-16,745.7658495234075,751.3267956620987,731.8634235669126,746.1630859375,5034401.0
2024-10-17,743.8294073981139,746.1630651989536,715.9749168599803,722.9757690429688,6400169.0
2024-10-18,720.9400610920349,733.7501773305513,703.0655141228108,713.939208984375,7456179.0
2024-10-21,719.8477873645587,722.9757968723773,695.1213052620446,699.14306640625,5844773.0
2024-10-22,702.4200914131483,709.0734078044208,664.0394994194361,671.1893310546875,6306617.0
2024-10-23,670.0969038828148,702.0228555860472,654.2580568315847,689.80859375,7648461.0
2024-10-24,690.0568860652542,708.0307130214709,685.3399914132879,691.2484741210938,4518689.0
2024-10-25,692.1422125475449,696.6108495008648,660.613496265788,667.0185546875,4954602.0
2024-10-28,667.614372953739,675.2607196957775,657.4358106347953,664.3870239257812,3340348.0
2024-10-29,668.8556719224057,672.2816392220794,646.065610139969,668.45849609375,5632005.0
2024-10-30,668.4584110627737,679.1831268285783,658.5777468590447,669.5507202148438,3631337.0
2024-10-31,669.3024841488784,674.9627695047315,648.0019701204069,652.5699462890625,3772763.0
2024-11-01,665.3304046527206,670.2955569262484,661.1596646210035,666.1248168945312,1003182.0
2024-11-04,659.4714801583984,661.3086228081681,647.4558362751137,654.903564453125,3492119.0
2024-11-05,654.2084207978075,664.3373430833636,627.9924543872834,647.7537231445312,10046234.0
2024-11-06,644.4767266845703,701.0794592285156,643.4836962890624,695.1212768554688,10523346.0
2024-11-07,699.0933891935484,713.2937115395895,687.921797391805,701.1290893554688,9310382.0
2024-11-08,702.9165584089181,702.9662584177214,685.8861230752714,689.2623901367188,4230373.0
2024-11-11,687.2267237254432,705.9950238273321,680.5734074633583,695.3199462890625,4262338.0
2024-11-12,700.0864908822938,714.4357934911261,690.7519800932882,699.391357421875,4319306.0
2024-11-13,699.0437389743166,704.6046847856328,660.3651940575637,665.7772216796875,6086731.0
2024-11-14,660.315563919321,689.6595995537592,638.1709985466032,649.3425903320312,9828648.0
2024-11-18,651.4279674639918,670.6927822091207,649.5411853874907,663.5925903320312,6958109.0
2024-11-19,669.3024955882549,702.0724990814485,665.6779103519195,696.4618530273438,7435686.0
2024-11-21,702.817306877648,714.9819299920969,691.8443324351398,706.7894287109375,7498145.0
2024-11-22,709.0237348953218,709.2719925055793,679.0342034542664,701.5263671875,5902907.0
2024-11-25,717.8120279824273,731.6648147167588,677.0481406177778,694.5255126953125,52990269.0
2024-11-26,689.957545436485,704.0089505661897,686.2833206447468,688.5176391601562,4388024.0
2024-11-27,692.1421647099664,701.0794379989043,680.5733367087137,692.7876586914062,2897301.0
2024-11-28,697.4052683396038,707.0376757633901,687.177066893632,702.718017578125,3683966.0
2024-11-29,702.7179804588384,722.9261246724664,700.6822196694075,719.40087890625,4281944.0
2024-12-02,717.4644971644558,736.3817150369421,710.7615416546149,717.0672607421875,4677259.0
2024-12-03,719.9470366647605,726.6003524358913,715.5280392832789,721.7841186523438,2741760.0
2024-12-04,725.5079717626934,726.5010021432115,696.1142967432603,717.7127075195312,6581665.0
2024-12-05,717.960977561863,719.6491413599643,706.3921491843528,715.6273803710938,2571259.0
2024-12-06,715.6273664231173,744.7727837846509,711.9531419011602,725.40869140625,7793780.0
2024-12-09,726.7492497923322,773.2727588487659,726.7492497923322,770.04541015625,12146633.0
2024-12-10,772.5776348021179,775.8546229306111,739.8572716946511,753.6107788085938,8400100.0
2024-12-11,755.6961469253266,761.6543294240807,747.8015429925239,757.632568359375,3352324.0
2024-12-12,756.689150131393,778.9826943011802,746.6098675228761,754.8023681640625,6556832.0
2024-12-13,754.7031220819173,757.6822133532933,732.260658748125,741.8930053710938,3505764.0
2024-12-16,745.2197034867804,760.0158206305952,743.1343032034487,757.9304809570312,2591969.0
2024-12-17,758.6752593883266,763.4914327989133,747.8512033023607,751.0785522460938,2620852.0
2024-12-18,753.6604368973382,757.1856827079928,728.8843162067759,748.9435424804688,3734611.0
2024-12-19,734.0481027767308,743.2832736135023,730.8703932926355,737.2754516601562,1943250.0
2024-12-20,739.3111578492848,742.637785558091,710.3642964646031,714.1875,3319528.0
2024-12-23,722.6282218464858,733.7501742582763,709.569848065851,718.9043579101562,2639988.0
2024-12-24,718.9043546758334,723.5716095769882,707.2858871248034,714.9818725585938,1527876.0
2024-12-26,719.9470566553608,730.7711125096724,712.300710276516,721.386962890625,2236160.0
2024-12-27,719.9966894043442,729.6787359389024,714.4853827297029,716.6204223632812,1437302.0
2024-12-30,718.7058103925386,747.9009307684547,710.0167936865839,739.2119140625,8766154.0
2024-12-31,735.8355282358789,768.6055315176387,720.9400721987154,760.9095458984375,5013928.0
2025-01-01,754.7031190432997,774.5637274391761,748.8442153226096,770.442626953125,3494514.0
2025-01-02,772.677005087825,789.8564811652053,761.9522878475087,782.4087524414062,5574250.0
2025-01-03,785.3877628473875,787.3738236353594,752.1212446488585,772.3790283203125,6953038.0
2025-01-06,776.1029039371012,787.9199900466627,735.3390177745887,739.3607788085938,6020813.0
2025-01-07,771.6343001293245,775.7057613458778,713.144842908415,717.911376953125,14987021.0
2025-01-08,719.4009333993928,719.5995516145974,658.8757143592803,701.4767456054688,20415166.0
2025-01-09,703.9592443941389,704.4557595726903,651.4279142594912,657.9322509765625,12811828.0
2025-01-10,655.400098474272,656.9889229539385,610.3661917093792,622.3818359375,11749415.0
2025-01-13,595.818255593647,605.4506628476978,564.7860547814779,569.105712890625,16964480.0
2025-01-14,577.0003538228862,599.7407762771669,566.1763578528074,592.243408203125,18395591.0
2025-01-15,595.8182284784268,598.4497832314456,518.3618587762313,551.2311401367188,29446466.0
2025-01-16,554.2102552443532,566.027341530744,514.4890382948273,535.4420166015625,39325170.0
2025-01-17,533.2573410140672,550.7843523508947,494.52915423650927,498.0047607421875,29250914.0
2025-01-20,521.3409862379467,545.1737170373957,517.4185038385837,527.1998901367188,42274364.0
2025-01-21,534.2503653704263,534.2503653704263,477.3497344891725,484.9464111328125,30176134.0
2025-01-22,482.6127949872874,495.5221907379762,455.8009730435492,482.2652282714844,48236616.0
2025-01-23,489.2164150034861,506.09793161385016,468.71034353481446,474.8174743652344,44335820.0
2025-01-24,476.6546002213896,480.13020668133726,452.07709739747423,455.5527038574219,23715822.0
2025-01-27,454.807912791765,454.807912791765,430.1807715573079,434.1528930664063,18798873.0
2025-01-28,434.5004330494422,445.8210036879405,417.7182255956282,434.9969482421875,29156002.0
2025-01-29,438.0257167831815,448.8001027156972,431.2730918604853,445.57275390625,18178589.0
2025-01-30,447.85672853912666,462.8018245424809,432.0675506006088,437.578857421875,21631272.0
2025-01-31,456.8436207563786,503.1685128924142,443.3880710361376,499.5935974121094,76184680.0
2025-02-01,498.5012789669439,523.0787822626249,480.62673111553954,501.92724609375,48867197.0
2025-02-03,498.9481435104145,513.744260309423,481.7190597708832,499.3949890136719,22726079.0
2025-02-04,506.4455194099488,589.8600755480579,501.5796763628691,559.8705444335938,52426558.0
2025-02-05,563.0482823200433,587.2782502828387,549.1458555960916,563.892333984375,51857027.0
2025-02-06,560.0691848768753,565.5308524598945,534.3496714692952,538.6197509765625,23885400.0
2025-02-07,537.2294494049808,549.6919688727365,529.8810001599712,535.640625,17368687.0
2025-02-10,533.3069547598245,541.2015584220626,510.4176165668627,518.4114990234375,10099332.0
2025-02-11,520.9934426361784,523.3270399175201,501.4803703194453,516.6240844726562,10354212.0
2025-02-12,508.5308590524869,518.0143481485426,495.1746179494642,509.0273742675781,11442504.0
2025-02-13,507.438551470971,526.3061297057038,503.4664297373431,522.7808837890625,10861298.0
2025-02-14,518.3618922423303,521.1920047664127,476.8035620619253,484.9960632324219,12516211.0
2025-02-17,481.07358944785847,506.3958646502748,474.2216554432984,503.51605224609375,15540320.0
2025-02-18,499.5439420072836,502.7216514818134,476.15808767512,480.9246215820313,13375181.0
2025-02-19,480.6267357484677,490.3087825946403,471.49084352551006,479.78265380859375,16318703.0
2025-02-20,479.782643393739,493.0396056178544,476.8035521211236,490.4080810546875,8615680.0
2025-02-21,489.56399723231823,498.8984771226271,478.6406626084734,481.8680114746094,6975603.0
2025-02-24,479.5840680698271,481.8183865828879,471.292257749269,475.7608947753906,6151724.0
2025-02-25,479.0875589644107,484.49955680446953,469.8523574761946,474.71820068359375,6624720.0
2025-02-27,475.6615562949788,480.5770688421095,455.3540727195136,465.9298706054688,7999524.0
2025-02-28,449.39591293466486,469.0082640999907,449.39591293466486,459.0283203125,9678048.0
2025-03-03,460.8157742234101,464.09279293417137,433.8053638133146,437.3802795410156,7993592.0
2025-03-04,434.84801719878266,462.1067144965305,423.0309611981217,456.3967895507813,12207939.0
2025-03-05,454.60930992887495,466.17813845826015,451.9281460027239,464.1920776367188,5883560.0
2025-03-06,464.9864938202242,472.185964359886,443.9839065137738,447.2608947753906,7622018.0
2025-03-07,448.84975950000097,450.2399960569445,426.0100593484522,428.6912536621094,11762843.0
2025-03-10,434.9473083121645,436.0396477958428,403.1703360153854,404.6598815917969,17135126.0
2025-03-11,401.6807999616557,427.1520238611648,396.61633882081645,418.5623168945313,32037217.0
2025-03-12,421.1938469487958,428.393317500065,414.7391492131751,424.2722473144531,13069316.0
2025-03-13,426.3576045662172,433.4081264054333,415.08670356397016,427.8967895507813,9809250.0
2025-03-17,427.0030590306933,434.69904439694415,422.0379071814992,425.0169982910156,6286845.0
2025-03-18,425.0169982910156,425.0169982910156,425.0169982910156,425.0169982910156,0.0
2025-03-19,431.4220600314903,461.7591259706178,430.9751842392433,450.388916015625,8732320.0
2025-03-20,456.79399860804574,471.6894550843951,439.4159660523049,463.9934692382813,11753814.0
2025-03-21,464.5892965609819,480.6267320765255,461.3122779320752,467.91595458984375,9707389.0
2025-03-24,470.7460452262978,497.2103294181648,463.2983172859711,486.4359436035156,12929450.0
2025-03-25,488.91851804810136,491.5500425177756,463.1990370359255,465.9298706054688,8667538.0
2025-03-26,467.8166445178104,478.1441549924971,465.3340684275066,470.9943237304688,6631615.0
2025-03-27,469.70339665435466,471.6894575281574,461.0640197313591,465.7809143066406,5040093.0
2025-03-28,467.8662818611553,478.2434619949655,459.6737807991632,463.9934692382813,5318930.0
2025-04-01,464.2417241096269,466.2277849614328,449.4455768246497,454.8575744628906,4813861.0
2025-04-02,456.9926281459213,514.7870128289244,456.2478553036397,507.5378723144531,38537731.0
2025-04-03,498.9977815561255,513.2974437192523,494.4298356042869,505.5517883300781,16010829.0
2025-04-04,502.5726992336778,504.4594509617313,477.7965782505135,483.7547607421875,8666363.0
2025-04-07,439.9621099241391,488.5709604935727,439.9621099241391,482.9106750488281,10031988.0
2025-04-08,496.5152123590801,501.48036448267095,480.229519454679,488.8688659667969,7793425.0
2025-04-09,489.5639891333824,495.224274557689,478.8889122912244,490.6066589355469,4738177.0
2025-04-11,498.2033640962537,513.5953353053461,491.5996876884465,507.1902770996094,9258081.0
2025-04-15,514.439402184525,520.2983059659442,507.8854255898589,510.5666198730469,5595619.0
2025-04-16,510.5665849931455,525.3130616286065,509.22595763825416,521.6884765625,6297239.0
2025-04-17,521.5892632865612,529.5831465848008,512.602349501341,520.9934692382812,5628907.0
2025-04-21,524.0717693931227,531.7677546376451,518.3618448568642,525.4620361328125,4668209.0
2025-04-22,528.2921549479166,535.3923463118928,517.9646148929993,521.3409423828125,4707881.0
2025-04-23,524.9158560146464,541.5988155662958,515.3331488230054,534.2503662109375,6814548.0
2025-04-24,532.264352450207,532.264352450207,513.8436486431477,516.17724609375,4969546.0
2025-04-25,519.3549119754325,522.3836426479821,491.7486782983094,497.7565002441406,5186211.0
2025-04-28,497.70686166322986,521.9367676932337,497.5082434560644,514.58837890625,7718095.0
2025-04-29,517.319212577915,519.3549128293846,510.9141542078745,514.58837890625,3263583.0
2025-04-30,516.2268172236085,519.2059083545165,507.8357287211468,512.9498291015625,3230049.0
2025-05-02,510.5169254385776,515.2835200428595,502.52304251103885,503.7146911621094,2385861.0
2025-05-05,509.3253170844524,531.0726465076511,504.55875297515377,527.1005249023438,5057306.0
2025-05-06,525.1640957609939,525.1640957609939,497.1110176416759,498.74951171875,4252429.0
2025-05-07,493.0395789845831,522.5325931122602,490.2094363675018,519.4541625976562,6551428.0
2025-05-08,519.4045648326065,524.8165929079153,503.4664382295422,508.8288269042969,4816872.0
2025-05-09,497.6075809214774,523.8235796027019,497.6075809214774,515.5317993164062,8318725.0
2025-05-12,531.2712829120851,541.201587265582,526.3557701351506,534.3993530273438,4952776.0
2025-05-13,534.4489920148046,553.8130854891833,532.8601069536104,550.6353759765625,6679954.0
2025-05-14,551.6283894322906,560.5656630684573,544.6771766041609,547.6066284179688,5229385.0
2025-05-15,548.2520243763071,552.770360893861,544.7764181995806,548.053466796875,2679355.0
2025-05-16,550.8340376844004,561.0622398463709,547.159812664337,556.4943237304688,3764160.0
2025-05-19,556.4942685089368,561.0621841715597,549.1954585967743,555.4515380859375,2797104.0
2025-05-20,557.6858377950784,560.3670319460649,538.9175999577021,542.3435668945312,2699286.0
2025-05-21,545.719816703204,554.0612958868438,543.1876014327369,548.202392578125,2242053.0
2025-05-22,546.1667584966207,551.8270442975396,541.3505849610584,550.2381591796875,1819021.0
2025-05-23,550.1388135320769,554.0612955339061,544.4785284189098,549.7415771484375,1506623.0
2025-05-26,549.6423170013765,570.4959550447892,549.2947806112254,564.3887939453125,3963204.0
2025-05-27,564.3391876868119,571.8862554067932,556.0970471457131,558.827880859375,3254302.0
2025-05-28,561.0621620523045,569.453280845659,558.4306073138173,566.6231079101562,3694813.0
2025-05-29,567.1693980690037,569.3043772922571,558.0831446900172,561.45947265625,2282974.0
2025-05-30,561.4594762954808,563.9420525779869,554.7068203192464,556.4943237304688,2652645.0
2025-06-02,557.0404042578751,557.2390224559973,547.1597398464982,552.7703857421875,2148392.0
2025-06-03,552.7703857421875,556.4445496635085,550.2878097900709,552.7703857421875,2055341.0
2025-06-04,553.8627382188282,561.5587242720705,550.1388739995174,552.820068359375,1607744.0
2025-06-05,554.1110022565715,556.7921966475088,546.6632737316176,550.2381591796875,2202021.0
2025-06-06,550.1885017028188,563.2468761981397,546.365358762852,559.1754150390625,4013554.0
2025-06-09,559.9698590479175,562.104838012487,546.1667124351948,547.8052368164062,4580685.0
2025-06-10,550.3871181174798,551.1318909430785,537.775619482054,543.2869262695312,2936338.0
2025-06-11,543.9323672436914,545.8687885233346,530.2782001061273,531.4698486328125,3423319.0
2025-06-12,534.2007275121471,534.2007275121471,513.4960068524202,514.9359130859375,2760817.0
2025-06-13,511.1623901481886,517.3688300479967,504.2111774604036,515.3331298828125,2241852.0
2025-06-16,514.3897420660147,519.8514092115032,510.5168993007623,517.7163696289062,1677132.0
2025-06-17,520.2982855553079,522.2843463375709,508.4315602593333,510.9637756347656,1533562.0
2025-06-18,508.63020377867474,519.4541992149581,506.1476276772655,516.2765502929688,2510894.0
2025-06-19,516.2765453784575,522.1353885561512,504.4594590043309,507.4881896972656,1651973.0
2025-06-20,506.99167937207545,518.8584052602687,503.06922731428233,514.7373046875,2572731.0
2025-06-23,508.5308459198286,516.0779133601743,498.8488297804694,512.05615234375,3745939.0
2025-06-24,513.8435994106081,523.7739035421891,513.8435994106081,517.1702270507812,3158001.0
2025-06-25,518.6597377123992,539.0168598100523,517.7660467666524,536.5839233398438,5979018.0
2025-06-26,539.1162279838663,553.564808170656,530.4768513886444,549.4933471679688,6105005.0
2025-06-27,550.4367983684512,552.1249623537173,537.2295047362609,540.953369140625,9950793.0
2025-06-30,542.1945664928013,555.1536003282318,538.4707027119441,551.9758911132812,5531047.0
2025-07-01,553.6144612286821,571.0421330431652,549.2451031203695,566.3748779296875,5261401.0
2025-07-02,566.3749011401936,589.4628594380464,562.8496551134431,581.5186157226562,10325501.0
2025-07-03,581.5186145332989,583.2067784413205,569.9994854134505,578.7877807617188,3013808.0
2025-07-04,578.9863828437014,583.5543592092912,574.3688276880969,581.5682983398438,2463946.0
2025-07-07,583.3061195770513,588.8174265376629,566.7721380854471,579.9794311523438,4533164.0
2025-07-08,582.0151225170539,582.0151225170539,559.0265039647846,569.751220703125,5388844.0
2025-07-09,569.9994573480983,588.3705199978193,567.4672419156307,574.7659912109375,6120782.0
2025-07-10,574.9645918208943,585.8879260351082,573.8722826433788,583.7032470703125,3681106.0
2025-07-11,582.9088243946862,583.4053395773052,572.2833873646873,578.0926513671875,2512940.0
2025-07-14,582.1144783761554,584.2991575498994,576.1562955076375,581.6676025390625,1929247.0
2025-07-15,584.1997858835847,590.5552048363738,581.2703340130059,584.150146484375,2768515.0
2025-07-16,585.8879296517614,591.597854389893,582.0150868898183,586.0865478515625,2590757.0
2025-07-17,587.8740600281016,605.2520938971755,585.5901019844063,596.3148193359375,6596360.0
2025-07-18,597.307797286136,599.6413945278858,583.6039896199785,586.0369262695312,3316072.0
2025-07-21,586.8809716400235,592.3922782872786,579.4332435735257,587.07958984375,2278611.0
2025-07-22,586.9306261428757,590.8531084807942,581.9158345710007,588.9166870117188,2644299.0
2025-07-23,591.9454207206475,613.3452751789133,584.1501560147614,607.5360107421875,6492596.0
2025-07-24,607.7345697549194,613.3948548304716,598.0525239132356,608.7276000976562,4625453.0
2025-07-25,602.2729261507491,603.7128323253295,585.540388472742,589.8600463867188,4183010.0
2025-07-28,586.781702999663,598.7973469110186,583.2563964993549,592.690185546875,3301048.0
2025-07-29,589.9593600523657,602.8687557700085,586.9306293328724,600.1876220703125,4141737.0
2025-07-30,600.1876175623461,605.7485637396555,597.3574444642593,602.4219360351562,1639300.0
2025-07-31,586.3844966908929,599.4428717078497,586.3844966908929,590.5552368164062,3726886.0
2025-08-01,589.8600946613059,590.3069704913365,576.7520804357674,578.7877807617188,2514506.0
2025-08-04,578.9366983219911,594.1796900630646,570.0490645019565,592.29296875,2739060.0
2025-08-05,588.8670245361328,598.9463072944433,585.987212145254,595.8182373046875,3609951.0
2025-08-06,589.8600512087226,595.023821354725,581.8661686972913,586.0865478515625,3623026.0
2025-08-07,578.9367556192468,595.9175521662296,565.7294626816192,586.8313598632812,6060138.0
2025-08-08,610.7136744876271,611.7067048526476,511.9567925643825,524.4193115234375,34324131.0
2025-08-11,524.4193351197382,540.7546974812899,516.3758130450582,533.7538452148438,9953585.0
2025-08-12,531.2713312144431,533.7042681242023,516.6241309613347,519.0570678710938,6644382.0
2025-08-13,525.213805203874,525.3130840004213,510.4176279323565,512.05615234375,4945563.0
2025-08-14,513.396736066366,542.4925157562973,507.8854292614949,529.78173828125,16235146.0
2025-08-18,531.2713017324855,536.1371752819808,514.6380413511414,516.574462890625,6113881.0
2025-08-19,516.5744424640109,518.6101427261427,500.2887191474208,503.8139953613281,10323414.0
2025-08-20,503.96292054534064,510.4176180498623,500.8845202899,507.0413208007813,8707575.0
2025-08-21,509.5735772150165,512.15543202738,505.8496828866674,507.43853759765625,3642857.0
2025-08-22,507.4385453942338,511.8079034928072,505.00560873956834,507.5874938964844,3661834.0
2025-08-25,508.43157581574894,511.41066708029433,506.0483088650893,507.5874938964844,3732416.0
2025-08-26,505.6511079289644,508.92809623152607,491.6493727814227,494.9263610839844,6010624.0
2025-08-28,491.10317162150665,511.2120371978994,489.5143472272781,506.5944519042969,7354852.0
2025-08-29,504.4594340177144,506.942009972526,498.0047365352043,500.6362609863281,3445371.0
2025-09-01,499.4943255432584,507.9350845236117,498.5509344764414,506.49517822265625,2632303.0
2025-09-02,505.4524685282609,513.8435874460171,502.6719955581135,505.1545715332031,4309669.0
2025-09-03,505.4524759189525,517.766077179352,505.4524759189525,510.5169067382813,7851485.0
2025-09-04,514.2516736001585,515.9945620892672,498.4163232285327,499.86041259765625,6322679.0
2025-09-05,502.9478107172114,505.6368507735205,496.7729937549414,499.91021728515625,3099877.0
2025-09-08,497.96814880538415,507.8777271240368,497.96814880538415,503.89398193359375,1576902.0
2025-09-09,503.9437662760416,505.3878860641001,494.4325867972296,498.2171325683594,5338293.0
2025-09-10,500.5077582392776,506.9315593113554,497.619549147061,504.9894714355469,4098921.0
2025-09-11,504.9894882448297,506.9315761852833,499.960022092362,503.74456787109375,2482501.0
2025-09-12,503.9437631600416,505.7364363261104,499.9600179967212,500.70697021484375,1231836.0
2025-09-15,501.2049176469778,504.9396785832444,500.35836575604486,502.6988220214844,1386065.0
2025-09-16,503.9437426391456,510.71609698359055,501.3543023097181,506.4833679199219,1957300.0
2025-09-17,507.4295356809921,532.726341558742,503.6947746234774,520.6754760742188,13974367.0
2025-09-18,523.1652966804658,523.6134801475747,509.9193567961165,512.9071655273438,2750835.0
2025-09-19,512.9071845504908,515.3970252521923,508.6744553575985,509.3218078613281,2544795.0
2025-09-22,509.42140964090913,511.6622662815583,502.0016721622232,503.1968078613281,2318111.0
2025-09-23,504.8400796331668,504.8400796331668,491.9925080719439,492.9386596679688,3515718.0
2025-09-24,494.9305447869328,494.9305447869328,474.06566763586994,477.153076171875,3388990.0
2025-09-25,478.0494190147048,483.1287001704487,458.6286613672324,460.6703186035156,7815628.0
2025-09-26,461.6164755825222,464.3055157530498,446.179462914714,453.94775390625,6220406.0
2025-09-29,457.0849558677064,457.2841248823414,440.4528082707745,446.4782104492188,7231883.0
2025-09-30,453.44976315580845,470.18151041734086,445.5818728475793,452.4538269042969,10172021.0
2025-10-01,455.8400575894628,464.3553008142612,453.5992009099301,463.4091491699219,2860820.0
2025-10-03,466.0981698072106,496.2252416804331,460.8197197851951,490.1500244140625,9945564.0
2025-10-06,492.9884646888644,493.63581720014713,477.0534840120526,483.377685546875,4548669.0
2025-10-07,486.56466117809634,491.1957892305588,478.9955697067432,485.7181396484375,3252885.0
2025-10-08,486.86343960978894,494.3827461046288,478.19878211796623,479.9914855957031,3503857.0
2025-10-09,483.0290839241908,486.5646454738397,479.1449386063995,480.9874267578125,2192277.0
2025-10-10,483.1286837709832,486.9132293856271,480.3400440185844,482.8796997070313,1546536.0
2025-10-13,481.037234274352,481.58498708349146,471.7252237640343,472.87054443359375,2122526.0
2025-10-14,474.0656678197624,476.2567397864386,466.0981776043042,467.5422973632813,2006000.0
2025-10-15,466.0981882923055,477.9498241808543,465.1520366500985,475.0616149902344,1519312.0
2025-10-16,477.3522433024274,490.2994148462999,474.1154504164593,485.17034912109375,4326210.0
2025-10-17,485.070735281818,500.4579624026682,483.8756300256504,487.859375,6416427.0
2025-10-20,490.24962993813295,496.77300036292166,487.6601895519767,492.8888549804688,2212049.0
2025-10-21,497.96814078990855,497.96814078990855,488.0087779741104,490.1002502441406,580370.0
2025-10-23,492.9386739985082,503.4955742528373,490.2496338847824,492.1419067382813,3922147.0
2025-10-24,492.9884627162432,498.31672793744457,490.34923763091945,493.2872314453125,1789782.0
2025-10-27,494.73134634551934,504.8899085436578,492.1917209927663,503.79437255859375,3225633.0
2025-10-28,504.3421099384952,512.2100002194509,501.1551321808429,502.8482055664063,2705182.0
2025-10-29,502.9478124451061,513.7039119201704,499.6114198877973,511.114501953125,2747376.0
2025-10-30,508.873646988232,517.886858033114,506.0352225529918,510.8157348632813,2585955.0
2025-10-31,511.014869951354,513.9031094160227,506.5829718369076,507.6287231445313,1364332.0
2025-11-03,508.4752728389643,516.5921781110591,505.4874638976478,513.7537231445312,2116978.0
2025-11-04,512.9071661770384,526.3523054845919,512.9071661770384,520.4762573242188,5177171.0
2025-11-06,521.571844827189,522.866549840798,508.07688992373136,510.7658996582031,2055368.0
2025-11-07,512.8075975603122,513.305565683487,499.1134437794415,510.7160949707031,1994042.0
2025-11-10,514.6998527556526,524.0118933628687,503.8939685288875,508.3258666992188,7066021.0
2025-11-11,510.91530215727647,510.91530215727647,495.9762582345491,507.3299255371094,4125402.0
2025-11-12,508.1764911023639,512.9071884717637,503.64499314804846,506.6825866699219,1756494.0
2025-11-13,507.67850433579065,509.8197611983669,494.9803171258224,496.7232055664063,2684487.0
2025-11-14,497.9681328735968,499.3624375669303,489.004706481872,493.4864196777344,2174899.0
2025-11-17,496.67343844027545,497.17140658373125,490.9965894474535,493.4366455078125,1393599.0
2025-11-18,492.98845681067576,493.3868252425172,484.0748149796029,488.6561279296875,1812929.0
2025-11-19,488.00876897796593,500.6571716782893,485.7679123857202,497.56976318359375,2396175.0
2025-11-20,498.9640746178689,512.2100149403192,497.7689389284248,502.0514831542969,3199562.0
2025-11-21,502.05149326120727,503.5951823637161,493.23745095641823,494.4325866699219,1396093.0
2025-11-24,494.4325687310243,497.5199468240262,479.0951260029736,482.4315185546875,1878992.0
2025-11-25,480.38985961582506,483.8756365151304,477.1530667807559,480.8380126953125,1222062.0
2025-11-26,480.8380162726544,496.7729965023174,479.54331128641945,495.528076171875,1696869.0
2025-11-27,497.9681310964486,497.9681310964486,488.1083681794515,491.8929138183594,827820.0
2025-11-28,492.9884704126241,507.7781306037156,490.05044615880007,503.2964172363281,2786839.0
2025-12-01,505.736414073232,513.9031034561224,502.4996212704561,504.889892578125,2105078.0
2025-12-02,504.8899122298567,504.8899122298567,498.266911614618,499.2628479003906,1013055.0
2025-12-03,498.0179367623767,498.9143037510161,484.8715957829539,488.0087890625,2128152.0
2025-12-04,489.9010410334908,491.84312890115945,483.8258237586318,488.1083679199219,1122566.0
2025-12-05,488.0087859642687,492.4904993047569,484.5230089216668,490.4986267089844,1280000.0
2025-12-08,490.4986066818883,492.59007890076725,468.3390249586964,473.1195068359375,2067370.0
2025-12-09,468.09005996041583,473.8664783301614,457.1845453422104,471.4264526367188,2486218.0
2025-12-10,473.0697268017725,475.3105834024124,458.130682797506,458.8278503417969,4168041.0
2025-12-11,461.7160608377864,472.9701285310461,458.0310844814644,468.1398315429688,1616190.0
2025-12-12,471.426431417739,478.0494014212163,468.1896385956162,477.3522338867188,1471440.0
2025-12-15,475.1612084738181,486.06669257728686,473.069736192989,478.1490173339844,1832579.0
2025-12-16,477.6012292601828,478.84614960586526,471.1276434626342,477.153076171875,1143303.0
2025-12-17,476.5555104681044,481.485407216579,466.0981795173936,472.92034912109375,2702149.0
2025-12-18,468.9366149902344,472.3725770041645,465.35123821579793,468.9366149902344,2100730.0
2025-12-19,468.3390242935277,484.17440468215614,467.09410397376814,482.8796997070313,2727535.0
2025-12-22,482.87969726508726,486.0168903763038,480.0412728716771,483.3278503417969,1402011.0
2025-12-23,483.12868567151736,489.5026716550476,480.29026125258736,486.365478515625,1562369.0
2025-12-24,486.3654744189183,489.9010359537381,482.5311137725601,485.22015380859375,1018029.0
2025-12-26,483.1286810951145,494.2831488622418,483.0290813913729,489.1540832519531,1210787.0
2025-12-29,486.6642477956645,494.7811222430466,482.1327499661287,484.3237915039063,1471876.0
2025-12-30,484.4732197445316,485.4193409825589,477.55145038137,479.8919067382813,1990368.0
2025-12-31,483.029101765857,487.3116156653247,480.7384604509908,483.377685546875,1102888.0
2026-01-01,484.9213705703364,484.9213705703364,478.7963685028349,482.23236083984375,718123.0
2026-01-02,484.4234125573134,495.6775110372575,482.6307393661682,493.6856384277344,1727423.0
2026-01-05,490.6978251269238,503.8441659961182,486.6642648925585,502.1510925292969,2659371.0
2026-01-06,503.8441567899093,505.2384614999218,494.133778082716,498.1175231933594,1989068.0
2026-01-07,502.9477935219635,532.8258802658426,500.70693701617256,518.6337890625,15853176.0
2026-01-08,520.1775154380862,526.1033485589298,506.3340069972171,509.7201843261719,5202626.0
2026-01-09,507.2303288537874,513.3553612134422,500.7069584594288,504.840087890625,2355831.0
2026-01-12,503.4457714377012,504.7902914460692,488.9549112421714,499.3624267578125,2717796.0
2026-01-13,502.89804023347335,503.4955776907696,488.2577646584464,493.4366455078125,2450514.0
2026-01-14,491.29535639982566,491.3451714501292,473.56770271431753,478.4477844238281,6837010.0
2026-01-15,478.4477844238281,478.4477844238281,478.4477844238281,478.4477844238281,0.0
2026-01-16,478.9457600528464,478.9457600528464,461.1185063816009,465.6002197265625,6281291.0
2026-01-19,466.09816211487976,469.93252273235777,444.6855328724227,456.9853515625,7650562.0
2026-01-20,460.1225636468427,463.5087409369596,447.37459135690966,449.6154479980469,5444055.0
2026-01-21,450.1631842021217,450.1631842021217,387.5188002668663,394.9385070800781,37639138.0
2026-01-22,396.8308199211039,402.2088697137023,368.3470364498923,372.031982421875,18017001.0
2026-01-23,376.71290876058913,380.2484704989998,363.76573674766735,365.7078247070313,12299275.0
2026-01-27,371.2850242274869,371.2850242274869,346.0878490980604,367.40087890625,12098840.0
2026-01-28,369.791135232146,375.21900021282266,361.9232445578891,366.4547729492188,5245185.0
2026-01-29,365.9568023435222,368.4964277285503,355.6986403084541,366.9029235839844,7529146.0
2026-01-30,363.7657356660414,366.30536108821445,358.1387016174082,360.18035888671875,4146294.0
2026-02-02,367.45070178789456,368.34703835904617,354.40393047226866,364.01470947265625,4349733.0
2026-02-03,386.4232696943092,392.4486719225815,377.60922769602286,382.3897399902344,6481717.0
2026-02-04,382.3897330855312,389.8094398680536,378.9039562311273,385.6265258789063,3861744.0
2026-02-05,386.3734959027075,386.3734959027075,369.9903317730953,374.6214294433594,4060005.0
2026-02-06,376.0655478686536,380.4476614506288,363.2179758512586,378.7047729492188,5108188.0
2026-02-09,403.3541797428457,441.1499724465447,393.59401668674,435.5727233886719,73673179.0
2026-02-10,439.2079029908141,443.1916481426582,427.6550359717535,432.1367492675781,27651390.0
2026-02-11,432.1367350757647,433.5808548033072,421.28103597221445,425.2149963378906,8218913.0
2026-02-12,428.89994348437455,432.0869516678112,421.43042154841,430.742431640625,6967117.0
2026-02-13,428.1529858412284,428.1529858412284,413.4131415659593,416.3511352539063,6604401.0
2026-02-16,416.3511486968354,429.995487857498,413.31355520755454,425.3145751953125,4983795.0
2026-02-17,424.119482562122,426.50972362104017,417.3470974360289,419.1398010253906,3627830.0
2026-02-18,419.2891779808669,421.1316661956,408.9314466462755,416.6997375488281,4686354.0
2026-02-19,418.29322178765824,418.9405742664744,400.7647378435583,403.1051940917969,4337971.0
2026-02-20,404.3501230211306,405.5452586948744,398.3745054395376,399.5696411132813,4504412.0
2026-02-23,403.3542021260087,404.250538718687,397.32879965908273,400.5157775878906,3419994.0
2026-02-24,398.7230895856526,408.0350997377756,397.42835420561823,405.2464599609375,3592400.0
2026-02-25,407.3379386516211,408.6326436586141,400.7647531227845,404.0513610839844,2124454.0
2026-02-26,404.0513435401619,409.329793439253,401.0635348289265,405.4456481933594,1975252.0
2026-02-27,403.40397526436186,415.80339402196296,403.40397526436186,408.4334716796875,5995568.0
2026-03-02,393.3450465657573,406.2922182262417,388.4649344711856,400.1174011230469,4803685.0
2026-03-04,393.2454583937169,394.6895478082223,385.82572072091375,392.19970703125,3256574.0
2026-03-05,395.3867139834173,401.0635630922421,387.9171916789447,398.1753234863281,2655249.0
2026-03-06,394.3409952755839,399.4700612086365,392.6478913861192,393.9425964355469,2237896.0
2026-03-09,384.6306104933781,390.30742915655344,380.4974505413074,387.4192199707031,1994640.0
2026-03-10,390.9049867827077,396.1834368671892,385.6265366982264,391.2535705566406,2143619.0
2026-03-11,394.3907659826144,403.15499306924727,387.0208436060964,388.9131164550781,3034206.0
2026-03-12,386.9212367119997,392.0503023683369,377.06147382430606,388.3653564453125,3218077.0
2026-03-13,387.369416715189,387.8673848403436,375.4679663665691,377.4598388671875,2576181.0
2026-03-16,377.4598455135602,385.128566933398,372.2311801073697,380.0492858886719,2535411.0
2026-03-17,379.9496751870385,382.9374839041056,374.0736574555188,382.1407470703125,2113685.0
2026-03-18,383.435471655194,389.510689102989,381.14483034558833,388.0167846679688,2318622.0
2026-03-19,382.6387173822122,382.6387173822122,369.3927470911825,372.081787109375,2846590.0
2026-03-20,374.671250437424,388.0167908577861,374.5716507281211,381.1448364257813,3043574.0
2026-03-23,377.1610853849701,377.1610853849701,359.6326005927512,361.2261047363281,3830721.0
2026-03-24,373.4760916088896,373.67529101517255,362.52079292169554,370.18951416015625,2901895.0
2026-03-25,373.8744657670406,395.6356791175424,372.9781292121325,390.2576293945313,7261892.0
2026-03-27,386.3734821627757,394.3907568555713,381.5431852488371,386.7718505859375,4605634.0
2026-03-30,383.6844466945419,386.4730560835015,371.8825958570225,374.3724365234375,4281892.0
2026-04-01,384.0330425745349,390.8053972432805,381.3938174636368,385.5269470214844,3247928.0
2026-04-02,380.4476482505384,394.3409711228717,373.0777260647116,392.7474670410156,2915489.0
2026-04-06,393.3948247822042,420.2353192886936,393.3948247822042,418.6418151855469,12249798.0
2026-04-07,433.232276586253,435.6225175507749,410.2261427164084,412.6661987304688,11433396.0
2026-04-08,431.2901768741648,444.8349158262859,419.4385416886447,443.7393798828125,10391357.0
2026-04-09,441.54834570289,448.1215310790415,434.526976853579,444.28717041015625,5734714.0
2026-04-10,445.1835111719205,449.7150090275429,440.45281390555226,447.3247680664063,4195837.0
2026-04-13,433.08290053197607,444.2871837620536,432.5849323884171,439.8552551269531,2943116.0
2026-04-15,450.1632075940148,450.76077545271966,439.2576929517343,440.7018127441406,3880048.0
2026-04-16,445.8308800955001,446.5778323229784,432.1367559250647,438.5107421875,4999949.0
2026-04-17,439.2079101046606,442.59408745986127,413.5625502742864,425.1154174804688,16926134.0
2026-04-20,425.1154162568916,425.26480062336265,414.0107325769381,415.8034057617188,4425676.0
2026-04-21,416.1021566344076,419.53814888357937,412.4172107141789,413.41314697265625,4054202.0
2026-04-22,413.811509661309,415.45479838630575,409.72816497944046,412.5665893554688,3493244.0
2026-04-23,412.5666069694505,413.0147904561124,405.4456685947375,411.17230224609375,3483756.0
2026-04-24,411.1224760530612,416.3013567635253,400.71496037011065,403.6529541015625,2734805.0
2026-04-27,405.4954390186771,414.50868033753926,404.4995027664423,411.9690246582031,3334416.0
2026-04-28,411.9690197364301,415.1062128147773,407.3877069521704,410.97308349609375,2219506.0
2026-04-29,411.86944175181793,418.89081085256777,407.7861272659727,410.72412109375,3443668.0
2026-04-30,411.27189228127287,413.81151759646144,403.1549874166967,411.07269287109375,2332209.0
2026-05-01,411.07269287109375,411.07269287109375,411.07269287109375,411.07269287109375,0.0
2026-05-04,412.3176204351557,415.8531820761479,408.8318434508005,411.6204528808594,1658040.0
2026-05-05,412.3176151796503,413.31355144820014,403.7525571914088,404.94769287109375,3182460.0
2026-05-06,406.9395683950354,415.3054270335453,406.88975334510457,413.9609069824219,2401764.0
2026-05-07,416.0523724030832,417.9446452174069,405.3460576135365,409.4791870117188,5203107.0
2026-05-08,412.21802219456094,427.0574667591722,405.49545227224974,422.8247375488281,20957288.0
2026-05-11,409.3298183982328,409.3298183982328,380.54726547035455,383.6346740722656,31776601.0
2026-05-12,378.65499473001535,381.24440480414034,358.53706924285194,360.3297424316406,16357503.0
2026-05-13,349.5736359376517,359.3337993705084,338.7179365128875,353.95574951171875,43617380.0
2026-05-14,355.6488441705337,362.1722145096123,348.9262744222285,359.5329895019531,10358482.0
2026-05-15,359.53300108170794,360.27995330002176,350.56957446194235,351.61529541015625,6416858.0
2026-05-18,345.58987902747594,347.58175152907523,335.6305165194796,344.69354248046875,7652972.0
2026-05-19,346.1874571687839,348.1793297297164,340.7098076262195,342.75146484375,3805361.0
2026-05-20,340.5604263979201,343.4984202162036,336.6264658964387,342.1539001464844,4261204.0
2026-05-21,345.58987331660546,352.4120426005592,341.75551273567714,351.56549072265625,5540790.0
2026-05-22,353.5573663364262,357.9892947760964,349.5736213636213,350.9679260253906,5989566.0
2026-05-25,357.24236492663675,358.7860540426772,353.8561571732148,356.39581298828125,3657122.0
2026-05-26,356.3957951338705,356.7443789020319,350.91814572824416,354.00555419921875,3012372.0
2026-05-27,355.35003725567424,356.3459734928186,351.266722998232,353.3083801269531,2019909.0
2026-05-28,353.3083801269531,353.3083801269531,353.3083801269531,353.3083801269531,0.0
2026-05-29,353.50757790838924,364.4130614189012,349.0258648618212,353.6071472167969,52597584.0
2026-06-01,358.537072800503,359.4832244555967,341.6061554738126,342.55230712890625,5068186.0
2026-06-02,342.55228938148537,352.4618369496199,336.72605617161787,351.66510009765625,9500123.0
2026-06-03,351.0675226054853,353.5075785370475,342.2036961985557,351.56549072265625,8384944.0
2026-06-04,350.0716091882434,370.1895345906263,349.02588823145084,360.6285400390625,14354554.0
2026-06-05,365.5086008521614,372.7291386074153,360.3795352840383,370.3388977050781,8220311.0
2026-06-08,362.47102958776975,368.048248569003,349.573642308149,352.7606506347656,4959120.0
2026-06-09,356.8937550204172,362.27180459758654,349.62340228651414,353.6071472167969,4648249.0
2026-06-10,354.5533248481194,354.6529245574075,335.92930377311,337.3236389160156,6571988.0
2026-06-11,336.6264725792908,336.67625723733545,325.72095783386743,329.4557189941406,6518000.0
2026-06-12,336.6264597095381,344.3449658123456,333.6386508955481,343.3490295410156,7962150.0
2026-06-15,350.5695781657964,385.1285799889978,349.52385720653416,381.443603515625,39244670.0
2026-06-16,383.43545872625407,384.03302655882567,372.9781280337198,377.01165771484375,9372108.0
2026-06-17,377.45984793234936,384.4314018519442,376.6132960205431,381.4933776855469,5166875.0
2026-06-18,381.4435834831653,383.1366872644058,378.80435850122393,381.393798828125,2486742.0
2026-06-19,379.0035346894048,384.9293676423591,373.7250846256022,381.9415588378906,4107954.0
2026-06-22,381.9415716112056,385.6763327416933,377.7088423299862,379.5513305664063,1942778.0
2026-06-23,379.6011066759253,383.9334355684453,370.48829580145696,371.5838317871094,4763160.0
2026-06-24,371.6834253431924,376.8124910166415,360.6285267501122,374.6712341308594,4630350.0
2026-06-25,376.56350858886015,379.8003014562444,373.1275163106733,376.26470947265625,3154130.0
2026-06-26,376.26470947265625,376.26470947265625,376.26470947265625,376.26470947265625,0.0
2026-06-29,376.2646991120458,379.9496753554872,371.13563355751904,376.31451416015625,5922391.0
2026-06-30,377.9578172032641,389.90905252984953,374.5716399394442,385.1285705566406,7975729.0
2026-07-01,386.9212325706221,391.7017144063477,378.0574060370346,379.5014953613281,3576363.0
2026-07-02,383.6844636199572,390.6560177934541,381.8917904184836,386.52288818359375,3935182.0
2026-07-03,388.4151419592629,393.8430067415033,377.5594427883448,380.4974365234375,4960043.0
2026-07-06,382.4395389344263,384.2820271668596,378.2068096623655,379.7007141113281,2632952.0
2026-07-07,359.3835972522459,365.55838368640366,346.93439428794176,353.3083801269531,24105506.0
2026-07-08,358.5370550614116,384.8297663538692,356.9435509602039,372.6295471191406,53326753.0
2026-07-09,378.4557829914997,446.1794494215576,376.31452608749726,441.1997680664063,117145048.0
2026-07-10,449.2668655202516,481.43559545983726,444.18758437358974,474.2150573730469,115487371.0
2026-07-13,468.5880237165181,529.7385361423025,467.0941192838406,508.5748596191406,154485625.0
2026-07-14,513.4549220812987,532.8258943220195,505.2384480099778,527.5972290039062,95814205.0
2026-07-15,531.8299431964339,548.7608589910769,516.1937323345448,545.8726196289062,63633358.0
2026-07-16,542.7354648248041,553.3421492827208,530.3360465095504,544.3787231445312,43022984.0
2026-07-17,539.7974376711434,575.1531739023713,539.0504854972442,572.0657958984375,53915916.0
2026-07-20,571.56783042222,574.3564397268977,560.8116704386969,567.6836547851562,22893886.0
2026-07-21,565.6917862123591,578.3899733148373,552.7943997037898,574.6552124023438,28810655.0
2026-07-22,574.655253027133,599.055692713727,573.6593167133944,593.6776123046875,32800326.0
2026-07-23,595.6694796911022,599.5536555953586,581.1288339533085,583.2202758789062,16680401.0
2026-07-24,583.1704735794177,585.6105296102189,567.1857085255436,571.21923828125,11499577.0
2026-07-27,572.7629340353017,583.1704803863613,560.1643764837047,562.3056030273438,16629166.0
2026-07-28,562.703994479496,608.5170630565879,562.703994479496,605.8778076171875,36154077.0
2026-07-29,609.5130140046851,632.1207801129381,606.8737585017419,626.0455322265625,44160878.0
2026-07-30,628.4357719889595,646.3128397837881,624.5018116550584,632.0211181640625,32636519.0
2026-07-31,632.0211326072799,635.8057390628616,607.5709093369737,610.1105346679688,23711127.0
2026-08-03,613.8452791553603,620.866678299321,600.1013711572098,605.5292358398438,15638729.0
2026-08-04,607.5211564107861,608.3178933109483,584.1664375028146,588.9967651367188,28511014.0
2026-08-05,577.3442925256043,591.5363849790225,560.4133752127545,567.1857299804688,26488790.0
2026-08-06,572.6633512056791,597.561757779839,558.969227589891,595.5698852539062,24595955.0
2026-08-07,604.5332881198685,627.439821277623,598.7070855228541,603.8361206054688,33255299.0
2026-08-10,607.5211083516634,617.4306861289227,592.2832959881367,597.8107299804688,14754190.0
2026-08-11,599.6033928683977,606.5251617983985,592.2832859201628,599.7528076171875,9767762.0
2026-08-12,602.5414667237706,606.1268131200028,582.6725252090899,594.2752075195312,9251306.0
2026-08-13,599.0556823887413,617.2813044586042,590.7894232846097,610.9073486328125,16165679.0
2026-08-14,611.9530765437205,617.1817421601711,602.5414662766839,605.7782592773438,7183291.0
2026-08-17,606.5251819047771,619.2731538662046,600.7985484138864,607.5211181640625,10038788.0
2026-08-18,607.5211010596539,609.9113723294921,598.7568743821197,599.1552124023438,6089064.0
2026-08-19,601.5455385116754,601.5455385116754,585.6105573590482,592.7813110351562,6600446.0
2026-08-20,598.2589154457861,602.5912138033258,590.2416408186741,593.5780029296875,5139528.0
2026-08-21,593.5780440494741,605.4297105190046,589.0963306296375,601.0973510742188,6936147.0
2026-08-24,606.027245000905,607.8697028606662,598.7071374328367,605.4794921875,5956971.0
2026-08-25,605.4794674848898,622.7589374539963,601.7944911285805,610.1105346679688,11752343.0
2026-08-26,610.1105248516393,614.8910675002735,606.3259792440747,608.11865234375,4184633.0
2026-08-27,608.1186555760684,633.3656762200349,607.4215488243017,626.74267578125,14631430.0
2026-08-28,630.4276624852926,632.9175031744129,610.5089369723291,613.2975463867188,7914847.0
2026-08-31,612.9987536539849,613.3971524634918,598.5576782226562,598.5576782226562,4778980.0
2026-09-01,606.9733996469442,612.1024351995601,566.7375481853596,570.6715087890625,13219538.0
2026-09-02,566.2893558576199,593.0302819845409,554.238550942631,587.6024169921875,21212135.0
2026-09-03,590.540445858468,595.0719439014637,580.9794208314564,582.9215087890625,7595621.0
2026-09-04,585.8097378264092,602.4916706808048,582.9214982710959,596.3666381835938,9662044.0
2026-09-07,597.5617539459074,600.3005786514927,587.6023913801423,588.5983276367188,3808474.0
2026-09-08,588.5983355514954,616.3849817984722,584.7141597837672,610.1105346679688,10713234.0
2026-09-09,610.110540774686,615.3890516880545,600.8483455286953,605.130859375,7297816.0
2026-09-10,606.5251951076236,617.8290475817246,601.0475455623166,612.7000122070312,6066311.0
2026-09-11,609.5,610.0,589.0499877929688,601.1500244140625,6340796.0
2026-09-14,601.1500244140625,601.1500244140625,601.1500244140625,601.1500244140625,0.0
2026-09-15,610.0,616.0,604.2000122070312,604.2000122070312,8522494.0
2026-09-16,606.9000244140625,611.7999877929688,574.4000244140625,580.9000244140625,7484433.0
2026-09-17,580.0,592.5,578.5,581.4500122070312,5395166.0
2026-09-18,585.0,588.5,580.0,581.8499755859375,5379085.0
2026-09-21,587.0,588.9500122070312,579.0999755859375,581.5,4439649.0
2026-09-22,583.8499755859375,590.9500122070312,578.9000244140625,583.0999755859375,3440026.0
2026-09-23,585.0,589.3499755859375,582.5499877929688,584.25,2741044.0
2026-09-24,583.0999755859375,588.5999755859375,570.3499755859375,573.5999755859375,3630749.0
2026-09-25,574.6,579.1,566.4,573.0,2831344.0
