Date,Open,High,Low,Close,Volume
2021-09-23,397.5219784336821,405.1016701230226,395.7412281445975,402.59033203125,6742478.0
2021-09-24,405.32993584230377,405.32993584230377,389.71397486105167,391.99700927734375,3209523.0
2021-09-27,395.23893005276256,399.668022652506,391.038168777038,397.2023620605469,2673462.0
2021-09-28,399.9876389359313,404.8276608621843,394.964963104544,400.2159423828125,5295557.0
2021-09-29,398.11557588032593,402.2706876126912,391.49477568692754,397.2023620605469,2625582.0
2021-09-30,393.5951512458505,397.704613381828,388.7551292111064,389.9879455566406,5230575.0
2021-10-01,388.11585319501455,393.1385289422442,385.3762118783439,390.8098449707031,2166469.0
2021-10-04,393.13854507358553,408.6631798383961,391.58607044947496,406.288818359375,5122107.0
2021-10-05,405.92350434218616,412.2703509345351,401.905369490566,408.8914489746094,3454051.0
2021-10-06,410.4896143006088,413.54888618789874,397.3393407956056,398.4351806640625,3114348.0
2021-10-07,402.5446433715756,409.8503539799095,401.63142954553376,405.1473083496094,2043783.0
2021-10-08,408.9371303976248,410.4896050124872,403.1382450358663,403.8688049316406,1586933.0
2021-10-11,404.5537249364971,408.0239263278261,402.2250408277203,405.1473083496094,1424927.0
2021-10-12,405.1472799235748,410.0329791239215,403.1838759091567,406.8367309570313,1694161.0
2021-10-13,407.7499863861468,415.10134677358616,405.9235586755706,407.886962890625,2640354.0
2021-10-14,410.0329970548093,410.7635569487029,403.2295430829964,404.8276672363281,1581427.0
2021-10-18,411.85944647425777,419.9413946230111,407.1564007191539,415.7862548828125,6146509.0
2021-10-19,420.0783488757511,422.3613833805106,402.7272866395788,404.8276672363281,3750940.0
2021-10-20,406.3801344063239,408.571841916948,394.5083551989482,397.567626953125,3303840.0
2021-10-21,399.3027185440063,405.0103045723655,395.4215600447221,401.8140563964844,2342863.0
2021-10-22,379.8969553243574,383.2758576611702,368.57310934523474,373.0478515625,15675738.0
2021-10-25,374.4176482570828,375.65049242881696,359.8518773784769,366.3813781738281,4804856.0
2021-10-26,366.97497548865584,372.7738887617595,364.0526801461091,370.5821533203125,2967467.0
2021-10-27,372.1346430395403,377.979206092604,371.7236856603329,376.1984558105469,2599738.0
2021-10-28,376.19841787290136,377.47691155728666,366.29004304803897,368.4817504882813,2444801.0
2021-10-29,368.4817742890402,376.8833525332229,361.8153245883179,371.5410461425781,1976377.0
2021-11-01,371.6779894527727,380.6274728914762,371.6779894527727,379.6686096191406,2187265.0
2021-11-02,379.6230215946612,389.0291134241885,379.120737238513,388.2985534667969,2324123.0
2021-11-03,390.8098505663032,392.9558806664973,385.4675443484899,388.7094421386719,1566002.0
2021-11-04,391.49477209159227,391.7687250873805,388.11586984181054,389.7596435546875,264474.0
2021-11-08,388.1158609461881,396.79139195557343,388.1158609461881,395.1932678222656,1485301.0
2021-11-09,397.88727228767175,400.4442598345386,393.1385492788344,396.0151672363281,1517814.0
2021-11-10,392.6819124766416,401.7684004362299,392.4079594992867,400.80950927734375,1813080.0
2021-11-11,400.9008663323674,402.08803314882,388.61812932557984,390.490234375,1936889.0
2021-11-12,393.5038316055382,395.8781931242737,389.1204163933144,393.6408081054688,2393294.0
2021-11-15,395.6498972212988,395.6498972212988,383.82376681454406,388.8921203613281,2106267.0
2021-11-16,387.6592687685316,388.6181321372904,376.33542291070967,379.2576904296875,1710229.0
2021-11-17,378.07050174739845,380.62748916231214,373.5044328857149,374.2806701660156,1318483.0
2021-11-18,373.7784016585032,376.74634654396607,368.48177270284526,370.5821533203125,1569199.0
2021-11-22,370.30815009215087,371.1300368366672,357.79711143216167,361.0846862792969,2694794.0
2021-11-23,360.7194509755968,369.3493325326424,354.87488822980686,366.4726867675781,2549831.0
2021-11-24,368.9383791505433,372.5455848467982,364.4636370564431,365.0572204589844,1980365.0
2021-11-25,365.7877391889315,367.02058326718793,358.8929868487529,361.8609313964844,2002569.0
2021-11-26,357.9797660767031,359.6235395692232,344.6011911070893,346.2449645996094,2705393.0
2021-11-29,343.3683971087068,346.4733185300239,335.14947270982816,342.3182067871094,2575385.0
2021-11-30,344.64690710285527,351.8156415174544,338.80234394023506,339.806884765625,2402727.0
2021-12-01,341.5419727542248,345.1491785338844,338.11742088837354,342.5921630859375,2149966.0
2021-12-02,342.9117732893291,347.0212352861387,341.03969619396725,345.78839111328125,2470937.0
2021-12-03,346.92988353021263,355.24013388119613,346.24497324638,348.93896484375,1648472.0
2021-12-06,351.5416311353762,353.0484281930201,344.3728978906857,345.83404541015625,1330006.0
2021-12-07,347.7061834516918,352.50055630296265,345.9710826602851,350.62847900390625,1464421.0
2021-12-08,353.41377169234084,357.7515376239652,352.3635813037628,355.92510986328125,1166296.0
2021-12-09,352.50052728365847,362.04362265438175,352.50052728365847,359.9888916015625,1818633.0
2021-12-10,359.7148680864345,360.4911052992717,355.60540646807675,359.89752197265625,1315332.0
2021-12-13,363.1851307559125,364.55495142328095,354.3269459593009,355.37713623046875,1595959.0
2021-12-14,352.50051260363296,353.91598278899784,348.07142027819253,352.68316650390625,1926062.0
2021-12-15,354.3269467619922,354.3269467619922,348.89331362149227,349.6239013671875,1313997.0
2021-12-16,352.1809023401726,352.6831866600941,341.0853600567206,343.50537109375,2059546.0
2021-12-17,343.64234862280387,344.8751928511233,330.5834021708661,332.957763671875,2323032.0
2021-12-20,330.40074118826925,330.40074118826925,310.26438807662123,316.83953857421875,3126110.0
2021-12-21,320.5380376957389,324.1908928261747,311.58855377380047,313.6889343261719,2334572.0
2021-12-22,314.73916762669296,322.13620585080315,314.73916762669296,321.2229919433594,1578995.0
2021-12-23,324.5561554071297,335.69737410672093,323.77991815961315,331.7705383300781,3177147.0
2021-12-24,334.7841857035011,334.7841857035011,323.5973166184257,325.0127868652344,1408649.0
2021-12-27,323.96261239323866,334.14494121881654,319.6248466177126,333.27740478515625,2415160.0
2021-12-28,334.1448988936342,339.2589013655565,333.7796189747265,337.9804077148437,2003215.0
2021-12-29,338.43704550973666,340.0808192295778,332.6837817521447,333.9166259765625,1300953.0
2021-12-30,335.4690869116559,335.4690869116559,328.7569600697506,330.4464111328125,1272509.0
2021-12-31,331.8618720551947,339.98946887790805,331.5422416680337,337.5694580078125,1168341.0
2022-01-03,339.0762899094896,347.52351798591934,338.48270648333926,346.47332763671875,2359074.0
2022-01-04,346.56463292070754,349.5325777349165,340.94837369224985,346.2906799316406,1779669.0
2022-01-05,346.56466125167054,350.674123638054,345.74277434820897,348.2084350585937,1828781.0
2022-01-06,345.19478987615594,348.71066830981994,342.0898687685445,346.6102600097656,2103162.0
2022-01-07,348.39108438694734,348.7563643537739,340.0808327635354,343.368408203125,1775363.0
2022-01-10,345.1948064895042,350.2174822453038,344.3729196669151,347.2038879394531,2619247.0
2022-01-11,349.1672625612423,349.7608458903753,342.04417900443474,342.9117431640625,2360674.0
2022-01-12,345.10346364277274,354.41825485393446,344.73818372389945,348.52801513671875,5175043.0
2022-01-13,350.76542234756056,350.76542234756056,346.1993533971082,347.021240234375,2309062.0
2022-01-14,347.0212032334619,347.79744044608765,342.6377886560357,346.01666259765625,2534148.0
2022-01-17,346.0167351159338,358.2994730048604,345.2861751562752,355.6968078613281,7240364.0
2022-01-18,358.89304112981137,360.58249231708726,343.9619891883821,345.7427673339844,3918505.0
2022-01-19,345.6970959001912,345.6970959001912,335.33214087411267,338.8479919433594,4411110.0
2022-01-20,339.9438044033647,341.5875779378749,331.953184420747,335.05810546875,3570906.0
2022-01-21,332.2271073115572,335.42335501526014,318.3462768626309,321.4055480957031,3934544.0
2022-01-24,321.45127038051265,325.0127987683,303.3696475692386,308.8032531738281,5550090.0
2022-01-25,308.3009612457465,315.7892971206006,301.3605313143888,311.6341857910156,4665632.0
2022-01-27,310.4013477725728,317.7070577660152,301.04090684347454,315.5153503417969,5402870.0
2022-01-28,327.79810069463974,362.3175707696794,324.19089508062046,349.8978576660156,27295740.0
2022-01-31,360.6280702095637,360.6280702095637,348.84761952203144,351.9068908691406,4516325.0
2022-02-01,355.6054668175206,361.4500298705792,347.79749956518674,353.916015625,6423339.0
2022-02-02,356.153376536323,370.6734701597585,355.78809659574137,368.5730895996094,8477068.0
2022-02-03,370.0342374740659,370.3081904624138,362.8655036755165,364.50927734375,3509709.0
2022-02-04,366.15306800260646,368.52740148194135,359.66924473663505,360.58245849609375,3262801.0
2022-02-07,358.89299295400576,364.2352988046162,352.59182384236794,355.1944885253906,3070642.0
2022-02-08,356.83826181271974,360.7194201305804,346.0623510425233,354.0072937011719,2912240.0
2022-02-09,357.7971570610374,359.2126551778962,352.63750464511514,357.84283447265625,2142290.0
2022-02-10,359.7149121967723,372.59123242041,357.61453159301215,368.1621398925781,5990222.0
2022-02-11,368.1621516873728,371.17577406170585,355.2401815071364,356.7469787597656,4343501.0
2022-02-14,347.9344693315791,348.84768316184574,325.7890339476138,327.4784851074219,9323114.0
2022-02-15,329.6701689333263,355.24015433535715,327.8893909451987,353.4137268066406,9969533.0
2022-02-16,354.3269676729278,365.194206726195,354.3269676729278,356.7469787597656,6833637.0
2022-02-17,358.9386343761991,362.5458396462522,347.52346310270246,350.3544311523437,3881456.0
2022-02-18,345.7883787852184,349.30425727539944,341.13098311439865,342.0898742675781,2536375.0
2022-02-21,341.35929806087387,346.4276512352528,337.7064429596593,340.2634582519531,2277433.0
2022-02-22,327.15878126181605,336.9758277337337,326.473871042845,335.286376953125,3838190.0
2022-02-23,339.7155416981677,340.03517210960183,330.58340348047506,331.5422668457031,2516545.0
2022-02-24,321.6339038527817,323.9625878397299,299.6254462227656,301.4518737792969,6765144.0
2022-02-25,310.0360779756978,315.2414076637142,305.9266159701289,309.8534240722656,5286099.0
2022-02-28,309.5794798569744,314.6021557838574,302.77602586293057,313.2779846191406,3158189.0
2022-03-02,309.8077644094199,317.15912394269264,308.16399080852415,315.5153503417969,3571998.0
2022-03-03,320.5380544004888,321.45126823068966,314.328211502753,316.7025451660156,2398816.0
2022-03-04,313.23231627388714,319.2138551892145,310.4926750236782,312.63873291015625,2994698.0
2022-03-07,309.579511622795,309.579511622795,293.14166144813333,301.9998474121094,4443897.0
2022-03-08,303.14133517189333,311.2232550896626,298.4839391702318,309.4425048828125,2234945.0
2022-03-09,313.2322985326461,321.72517477963487,310.8579373431326,317.5244140625,2631679.0
2022-03-10,327.1132238205504,329.3962585265311,320.446745757641,322.5928039550781,2815107.0
2022-03-11,321.40562070702026,327.0218802242417,319.07690870392634,324.3735656738281,1619060.0
2022-03-14,325.10405214807497,326.42822305866497,316.6111765401487,321.4055480957031,2563616.0
2022-03-15,321.9535490512432,326.1086890145125,314.32823528733377,316.1546630859375,3001518.0
2022-03-16,319.6248507443169,331.95323784445486,319.6248507443169,331.4053039550781,4204815.0
2022-03-17,334.6928322378037,335.24076604993365,331.9531910462255,333.18603515625,2123267.0
2022-03-21,335.1494488884515,335.24077583798487,325.5150548977339,326.7935485839844,3205547.0
2022-03-22,328.3917044262109,338.98499060816766,322.72976743629823,334.9668273925781,4826254.0
2022-03-23,337.706410257567,340.5830556664692,332.82073932805883,334.5101623535156,2171461.0
2022-03-24,332.40982586852164,337.4325018088427,329.7158339892654,334.37322998046875,1629109.0
2022-03-25,333.32304112216616,337.98043713357833,332.72945771864005,334.1449279785156,2466056.0
2022-03-28,334.23621735136777,334.9211276328255,325.2410567477422,328.3459777832031,2270932.0
2022-03-29,332.4098101865898,334.1449107648482,327.06750409191943,329.21356201171875,1692007.0
2022-03-30,333.23167814549475,336.2909496564415,326.793532619456,328.11767578125,4206734.0
2022-03-31,329.7615304460442,331.67928512601185,326.5196045213412,327.7981262207031,2106288.0
2022-04-01,327.7981148849325,341.0853649418653,326.47394368598896,339.94384765625,6287297.0
2022-04-04,340.6287688059023,354.96623751453154,337.88912723373693,351.7699890136719,10264633.0
2022-04-05,353.6877079947401,354.966229662061,348.84768580528095,350.9937438964844,2507440.0
2022-04-06,348.84768054598777,354.7835703982101,346.1080390757313,353.82470703125,3311093.0
2022-04-07,355.2401595349791,361.9066089647416,352.7744711874928,359.4409484863281,5846965.0
2022-04-08,359.8062551984025,362.2262663156428,354.69225208877265,357.249267578125,5364642.0
2022-04-11,356.0163933342104,360.5824621781298,355.37713254843266,357.97979736328125,1520464.0
2022-04-12,356.9752611749161,357.84282541390183,348.1627537681084,353.2310791015625,2296992.0
2022-04-13,355.51414390127394,356.6556612241897,350.67412159974094,352.50054931640625,1541103.0
2022-04-18,348.3910490465069,351.4046433034743,340.03514872575903,344.05328369140625,1856436.0
2022-04-19,347.0212551752022,354.6922457684181,338.84798025436703,345.4687805175781,2455500.0
2022-04-20,346.97559551136715,349.2586300183005,340.4460945262788,343.459716796875,3133517.0
2022-04-21,345.19483466624564,350.5827907975387,343.8250138937605,349.12164306640625,1786544.0
2022-04-22,347.0212448924988,349.89786279608245,341.54196207840675,342.27252197265625,2076071.0
2022-04-25,338.98499133190114,339.57857475894764,331.2226736283281,333.27740478515625,2730073.0
2022-04-26,339.12194750561326,350.5371199147892,337.8891033116076,349.6695556640625,4661924.0
2022-04-27,346.9755609372439,350.263108004384,344.2815693398739,348.93896484375,2265694.0
2022-04-28,351.5872907652638,353.1397652747131,347.11254900206563,350.7197265625,3276043.0
2022-04-29,351.130673815532,359.7605545796929,343.55101112006827,345.83404541015625,4219320.0
2022-05-02,343.36840410587024,357.70587255260165,342.13555984710075,355.559814453125,2561277.0
2022-05-04,358.52774273575903,359.3496295802983,334.96681002150257,337.7064514160156,4629990.0
2022-05-05,342.45517284718085,350.9480499861616,336.5192831844964,337.93475341796875,3199859.0
2022-05-06,333.3230221543867,334.0535820142195,324.69314098111687,332.3184814453125,3028016.0
2022-05-09,329.8528396343054,330.76605344517657,317.8440557260901,319.7618103027344,4791771.0
2022-05-10,316.88520502387377,322.8667445762622,314.23689044042874,316.9765319824219,3134858.0
2022-05-11,318.7115789483159,320.6749828150144,297.9816169636483,309.6250915527344,5034892.0
2022-05-12,305.0134272748814,306.65720106466085,296.0182652380197,303.0956726074219,3803415.0
2022-05-13,307.6617043755992,313.1409868324008,300.9495777922028,302.0910949707031,2659692.0
2022-05-16,303.9175169931386,317.204793433476,303.18695715965947,314.7391052246094,3348506.0
2022-05-17,317.52446047900764,325.9260110105071,310.08174545423776,324.60186767578125,3932423.0
2022-05-18,325.2410730640081,331.03998597840985,323.825602892281,327.7524108886719,2498812.0
2022-05-19,328.7569543828303,335.78871149920315,318.89425689897433,323.6886291503906,12811006.0
2022-05-20,333.049095327388,341.9072527670172,331.49662066699267,337.7977905273437,5568200.0
2022-05-23,339.98948232669346,343.596687939065,337.06721492480176,341.4963073730469,3816490.0
2022-05-24,341.63331269637393,349.4412800996603,341.13102834884626,346.5190124511719,3900039.0
2022-05-25,347.5235068312329,349.6239153312909,338.9849799395197,340.6287536621094,2694693.0
2022-05-26,341.54196512237377,344.7838630019753,334.82983804147494,343.00311279296875,2791816.0
2022-05-27,344.4642536203572,348.6193652279,341.2223279360867,344.87518310546875,3425672.0
2022-05-30,346.4276500831984,351.3589988796242,345.05782942479834,348.893310546875,2418037.0
2022-05-31,347.0212211810723,350.674076140873,343.5510201168902,345.1947937011719,2210543.0
2022-06-01,346.1080434988232,348.48240504387013,340.6744100324124,343.5510559082031,1281079.0
2022-06-02,341.5419750802722,345.78841384903285,339.39591698924164,345.0121765136719,1203740.0
2022-06-03,347.0212415381968,348.2997352753123,340.8113988898794,341.9985656738281,1784954.0
2022-06-06,337.8890866584719,343.3683691448255,337.0215224505039,340.67437744140625,1451229.0
2022-06-07,337.88910465426693,338.39136109463715,324.60185506481633,327.3871459960937,3692824.0
2022-06-08,325.74335446709244,325.74335446709244,315.5153493604561,316.4742126464844,4406008.0
2022-06-09,314.23688753355447,315.6067082918794,308.848931457958,311.4515686035156,3201051.0
2022-06-10,308.6206169103952,308.6206169103952,303.6892400623358,305.60699462890625,2844723.0
2022-06-13,300.99529075259454,301.36057071904503,290.08237408953244,293.7352294921875,3005783.0
2022-06-14,289.85403539816787,295.3333178362016,286.88609074423294,288.8951721191406,3576456.0
2022-06-15,289.85406737606337,295.10504695848874,287.66235973286604,293.4612731933594,5896934.0
2022-06-16,296.7031317570602,299.1688199462194,281.86340882192104,283.8268127441406,2941473.0
2022-06-17,282.13741516959647,285.8359199186784,276.8407583985411,278.98681640625,3887974.0
2022-06-20,280.0826699991056,281.2241871936421,266.43011320482015,270.72222900390625,3230377.0
2022-06-21,272.22900453153665,280.767558043139,270.85918400675774,279.8999938964844,2471921.0
2022-06-22,279.3064260338571,282.22869326033685,275.8361971242561,280.2652893066406,2343367.0
2022-06-23,281.1784928927705,285.28795454622826,277.93659540267095,284.7400207519531,2713726.0
2022-06-24,286.6578052415689,293.46125917535505,285.92724535175864,292.86767578125,1891594.0
2022-06-27,296.7944659608783,303.5065925341156,294.42010465937693,301.36053466796875,3108078.0
2022-06-28,299.5341268736974,301.7715118348651,297.0684384621687,301.0409240722656,1917099.0
2022-06-29,297.3880718272813,299.1688499054564,295.1507147129121,296.9771423339844,1524980.0
2022-06-30,297.15980398382186,300.67568314951467,296.79452398965003,298.9405822753906,2543212.0
2022-07-01,298.52955027430124,309.807744941796,292.1370544317292,308.89453125,2366258.0
2022-07-04,306.8398122713898,310.8579470963676,304.51112841517295,307.7986755371094,1191310.0
2022-07-05,307.7530183919271,313.64325793311,306.93113163175684,308.2096252441406,2357663.0
2022-07-06,307.75305153764754,317.4787729634647,307.1594681396537,316.6112365722656,1719317.0
2022-07-07,317.889733285303,322.2731484318853,317.79840633035883,320.9490051269531,1350977.0
2022-07-08,323.2776637134289,325.10409119203587,318.026684712434,321.7251892089844,1878695.0
2022-07-11,319.6248376248146,327.4328046534483,319.30520721337496,326.7478942871094,1166232.0
2022-07-12,324.9214802662141,331.45098166099365,323.68866385037626,327.7981262207031,2385991.0
2022-07-13,328.3003315753546,330.5377163317719,325.10408356279896,326.199951171875,841381.0
2022-07-14,326.19996279874323,329.9897942891845,324.64748827539523,327.980712890625,1889417.0
2022-07-15,324.4648512723435,332.5467989582233,324.4648512723435,329.3049011230469,1176185.0
2022-07-18,332.54680775786454,334.2362589026353,330.4007497020246,332.7294616699219,867643.0
2022-07-19,330.85735268404386,335.9257060581677,330.1267927826385,334.1449279785156,898114.0
2022-07-20,336.56491375615866,339.39588193260965,334.82981321867953,336.1083068847656,1273679.0
2022-07-21,335.51473442418785,338.8023095788211,332.7294435658455,337.6151428222656,1037753.0
2022-07-22,337.98044918024857,355.5141382605965,337.8891222220493,343.82501220703125,4975451.0
2022-07-25,344.19030009085003,346.3363582470795,336.97591613229355,338.61968994140625,1718209.0
2022-07-26,338.71097519833603,339.5328620016986,335.6517035539185,337.5694580078125,790084.0
2022-07-27,337.88910605904744,341.54196125968576,332.4554728004685,340.8114013671875,1227192.0
2022-07-28,341.54197177600423,350.6741100587851,339.3502641619517,349.5325927734375,1821645.0
2022-07-29,351.5873218843085,354.41829030965937,345.37747903502054,352.63751220703125,2757017.0
2022-08-01,351.58731037519783,352.7744771587055,348.43671164108946,350.85675048828125,1501184.0
2022-08-02,350.40017061534286,364.18967766061536,347.47787510415606,359.7149353027344,4142675.0
2022-08-03,358.893019669401,360.7194472504157,348.4367106204622,351.81561279296875,1586117.0
2022-08-04,352.50056604587866,355.9707677246064,337.47818621572287,339.669921875,3925753.0
2022-08-05,348.3910604986823,356.7469610941021,343.8706410955656,346.2906799316406,7378636.0
2022-08-08,346.2906803499319,351.1307022897821,341.99856438887747,347.021240234375,2969646.0
2022-08-10,347.9344660769072,348.7107033991876,341.26801632595044,345.9253845214844,1918529.0
2022-08-11,348.8933247073777,352.91148776369425,346.9299205911302,350.6741027832031,2036786.0
2022-08-12,350.40014011015785,354.0986447881691,347.7061482994078,353.0027770996094,1460784.0
2022-08-16,353.0484415062236,359.8062176859007,352.5005076821261,359.1213073730469,1628920.0
2022-08-17,359.8975900166793,366.1987601156776,359.8975900166793,362.3632507324219,2409379.0
2022-08-18,361.1760579292516,363.82437237565136,360.2171945868033,362.8655090332031,1144279.0
2022-08-19,363.55042074448926,368.93837661128487,356.7469667608349,357.84283447265625,2305157.0
2022-08-22,357.06656346176607,357.15789040730965,345.6057424573608,346.5646057128906,1954256.0
2022-08-23,341.54194786998346,355.24015433535715,341.54194786998346,353.4137268066406,1571547.0
2022-08-24,350.76540918403384,362.08925418237953,350.76540918403384,360.8107604980469,1701486.0
2022-08-25,361.63260907024784,370.76474566293086,361.63260907024784,366.9749145507813,3892117.0
2022-08-26,367.933841852896,373.5044517188502,365.33117689668825,366.5183715820313,2583586.0
2022-08-29,356.153350265716,370.1711864205013,353.5963630011803,368.8470153808594,2090468.0
2022-08-30,368.9383501684657,377.1116242715591,368.9383501684657,373.6870727539063,2562898.0
2022-09-01,373.4587351030454,383.09312800904206,365.4681156272906,380.8557434082031,2592611.0
2022-09-02,383.5497598232587,385.1935333605872,379.8512554297342,381.76898193359375,1890211.0
2022-09-05,383.5041282849329,390.2619045108948,381.22109389311663,388.61810302734375,3379984.0
2022-09-06,388.8464020019175,389.805293156914,382.5452327266669,385.6958312988281,1851089.0
2022-09-07,384.0977304221184,389.5770132302254,383.13883920925554,386.8373718261719,1248396.0
2022-09-08,388.2071925694338,396.33478982850784,388.1158656154743,395.2389221191406,2791597.0
2022-09-09,396.60874066738734,401.3118140145625,395.0562939348007,398.8004760742188,2545879.0
2022-09-12,398.8004507737372,402.95556213652486,398.617796878398,399.57666015625,1287799.0
2022-09-13,400.6269055337072,404.0971068289022,397.2023537809199,399.302734375,1682155.0
2022-09-14,393.5951634628367,401.722761032454,393.27553304630254,400.855224609375,3009333.0
2022-09-15,400.9921802736581,405.10164232364514,400.90085332095487,402.1336975097656,1418760.0
2022-09-16,399.5767084445202,402.8642838744242,391.8143907287545,393.2298889160156,4015234.0
2022-09-19,395.3259517789504,396.8630918712685,384.0069749151574,385.2180480957031,2209314.0
2022-09-20,387.1744754786118,399.14558784617617,387.1744754786118,395.7918090820313,1558227.0
2022-09-21,395.2794095091622,399.0058240354999,390.8077234496715,391.9256591796875,866601.0
2022-09-22,388.5718539452511,396.86312001538414,387.1278513565079,393.5559387207031,2057304.0
2022-09-23,393.881980668337,394.9999163319565,372.6414305018458,374.45806884765625,3457548.0
2022-09-26,370.21924500095633,372.1290493361987,357.82892916084734,367.3312683105469,2845788.0
2022-09-27,370.7782518037237,373.34016183503087,364.39676113059215,369.8000793457031,2778282.0
2022-09-28,367.8902399617688,372.7811586491608,365.3749274092807,368.9615783691406,2417860.0
2022-09-29,370.9645401110248,373.5264498398847,365.6078197688632,367.9368286132813,2348540.0
2022-09-30,368.914999641989,387.1744346032553,365.04885066008046,385.5441284179688,2433663.0
2022-10-03,381.2122062664922,385.1249243465329,373.1072435366529,374.78411865234375,3946303.0
2022-10-04,379.5818890818597,390.34189903149706,379.3955569942176,389.084228515625,2359294.0
2022-10-06,390.9008595771948,399.65792735771726,389.5034542367832,397.3289184570313,2020216.0
2022-10-07,395.884938789686,399.1455512051738,392.2516622110582,396.4438781738281,2001032.0
2022-10-10,391.5064429703325,392.1585769125351,382.98227506167615,387.73345947265625,1501296.0
2022-10-11,388.2923341692317,389.1773688817103,375.9485875799255,376.9267883300781,1008701.0
2022-10-12,378.6968249891096,382.8890407638968,374.9704109670766,382.1903381347656,875404.0
2022-10-13,381.0258863044508,383.1685632905274,373.5264884228959,376.6007690429688,641441.0
2022-10-14,382.88906539309,386.1031090659488,375.8554698461824,378.1844787597656,948008.0
2022-10-17,377.206302139822,381.25878359531015,372.8277821597581,380.3737487792969,1296003.0
2022-10-18,382.2835327176188,388.478690805803,379.5352907990369,386.7552185058594,2971539.0
2022-10-19,387.64024209733833,390.3418867010982,381.3984869522,382.6095886230469,1936286.0
2022-10-20,381.77110460181984,392.065340380126,377.5788888334384,390.621337890625,1972876.0
2022-10-21,391.36667627223216,392.9503853268828,382.3767072590353,385.4044189453125,2141139.0
2022-10-24,390.807702173368,390.807702173368,385.1249146440272,387.5936584472656,235725.0
2022-10-25,388.47871404345705,394.4875688342295,383.5412261723335,391.1803588867188,2897171.0
2022-10-27,389.037668600749,398.7263403436019,386.4291614655635,393.13671875,2857074.0
2022-10-28,394.8135955982974,399.42504480548376,391.1803472324796,392.3914489746094,2115594.0
2022-10-31,393.6025113565602,394.8601818718039,372.9209005711548,377.5789184570313,5461150.0
2022-11-01,377.9516197361108,380.3271977190072,372.17566561847735,373.1072692871094,2665763.0
2022-11-02,350.9350818172396,350.9350818172396,324.80358420163344,341.57244873046875,35806514.0
2022-11-03,339.33660414839414,346.50996308932804,339.1037032533026,344.60015869140625,4341037.0
2022-11-04,344.60015873266855,350.0966141714304,337.6131318790853,346.8825988769531,4621698.0
2022-11-07,348.41972848283467,359.55240230246136,347.3949588894754,356.6178283691406,5364116.0
2022-11-09,353.0777690579586,359.9716301028484,351.028229738806,353.35723876953125,3702156.0
2022-11-10,352.5188190334197,358.4345079567094,350.7487777666045,357.64263916015625,1971720.0
2022-11-11,359.4592750194989,363.2322584401802,348.7458330152626,350.6556091308594,2956699.0
2022-11-14,351.44746251853115,354.00937245074044,345.1591381394719,347.9539489746094,3344065.0
2022-11-15,347.72105077988186,350.3761267799985,346.13731325552146,349.5376892089844,1312864.0
2022-11-16,349.3513471742744,355.82600351401845,347.674472079952,354.6614990234375,3529955.0
2022-11-17,353.68328400573506,356.29179101817147,349.44449920216687,350.4692687988281,1526968.0
2022-11-18,352.2393354429418,352.2393354429418,345.8578449411356,348.047119140625,1620176.0
2022-11-21,345.6248886961367,351.40084160441126,342.8766470769792,346.649658203125,1413773.0
2022-11-22,347.4881324077673,348.6992056794338,344.693321691351,346.83599853515625,1410561.0
2022-11-23,346.9757662736939,348.28000560539016,344.55359126895223,345.3920288085937,2593842.0
2022-11-24,346.5564917129116,347.6744272518401,344.46038390013183,345.90435791015625,1164909.0
2022-11-25,346.23047143686745,357.78235036354886,345.8112668760281,357.0370788574219,2688781.0
2022-11-28,355.87256828435096,364.5364702238717,355.54650134463026,363.7911987304688,1614184.0
2022-11-29,364.25701714550274,365.00228867291867,358.71396420813056,359.5989990234375,957860.0
2022-11-30,361.41562953580393,363.2322395053917,357.3631481724377,360.157958984375,700138.0
2022-12-01,361.97456784934974,370.2658626436904,358.71395524537314,367.05181884765625,2191564.0
2022-12-02,366.9586383984293,369.6602830496281,363.4651250312884,366.6791687011719,941287.0
2022-12-05,368.356056768636,376.6007542926395,367.33128712531993,375.4828186035156,2339996.0
2022-12-06,371.7098139699711,381.4916511797072,371.7098139699711,381.0724182128906,1954633.0
2022-12-07,381.02583267439655,381.7711041045806,372.1290305940879,374.5046081542969,1105135.0
2022-12-08,374.5046174290611,376.36782448094704,371.89613892853424,374.7375183105469,805678.0
2022-12-09,375.4362199329403,377.7652287414573,368.9149952690926,374.6909484863281,1028709.0
2022-12-12,374.4114609292663,374.59779301131545,369.101337754276,373.4332885742188,693297.0
2022-12-13,375.24993783950697,386.0565458365247,372.9209287207655,382.88909912109375,2144901.0
2022-12-14,385.35778663614815,392.4379790057506,383.44801081072586,388.385498046875,2146500.0
2022-12-15,388.2457725709285,393.0901223170524,383.1219531368791,384.798828125,1593179.0
2022-12-16,382.9822107557233,385.4043855811162,373.5730095668605,376.1814880371094,1745646.0
2022-12-19,376.74045357795296,382.6095727463186,374.784080521831,381.445068359375,791092.0
2022-12-20,382.3300991367592,386.5223151984128,378.3242151610706,385.9167785644531,1660444.0
2022-12-21,389.0842360866265,399.6579425846553,380.6532349170364,383.1219787597656,5893280.0
2022-12-22,384.2865045923386,389.9692925281252,377.4392120971813,382.88909912109375,2281147.0
2022-12-23,378.74344041134657,381.02588065289774,366.213388778121,368.0299987792969,2206700.0
2022-12-26,368.02995627184674,382.562976754121,364.44330549264765,379.9544982910156,1619002.0
2022-12-27,381.8642830847799,389.223945320874,377.90496806336967,385.5441284179688,1449275.0
2022-12-28,383.820632256809,391.2734600676208,382.0505913377975,388.0128479003906,1235080.0
2022-12-29,386.8483849235318,389.4568635641472,379.6284572097272,387.5005187988281,1346866.0
2022-12-30,390.15559012335353,396.3973458364893,384.05359769939537,385.8236389160156,1896873.0
2023-01-02,388.0128989519842,395.931529542841,383.6343506649256,395.4191589355469,2066145.0
2023-01-03,396.8165806288836,397.2823824474736,391.3666936653239,392.76409912109375,1102355.0
2023-01-04,393.1367225206695,394.5341279324728,383.5412167317343,392.4845886230469,1479879.0
2023-01-05,393.6956910979948,401.5211557324777,386.6154979790679,391.6927490234375,3000255.0
2023-01-06,393.6956656110482,394.06830134470266,374.9704285844984,377.25286865234375,3905957.0
2023-01-09,380.5134767682964,382.423252650589,372.734581533805,374.8772583007813,2387978.0
2023-01-10,376.2746874043884,376.6939203954447,366.213379921893,368.5423889160156,2305146.0
2023-01-11,369.84664410849297,376.60077048075135,365.2817919705413,375.1101989746094,1867439.0
2023-01-12,377.2994722819316,377.2994722819316,369.14794047337136,372.78118896484375,1292880.0
2023-01-13,373.57306786196,376.92684672583056,371.43039081491656,375.3431091308594,1012622.0
2023-01-16,375.90207961620143,381.631436481915,367.5642154248423,368.4958190917969,3996299.0
2023-01-17,368.49577961693245,369.98635101044096,361.4621840570092,366.7257385253906,1707734.0
2023-01-18,368.0765853922522,371.1974631158081,366.1202121603004,369.2876586914063,764164.0
2023-01-19,367.0517923009366,368.6820984850144,363.0459084778875,364.8625183105469,1382644.0
2023-01-20,364.86253060204655,367.5176064487599,360.6237457527615,362.8595886230469,1028638.0
2023-01-23,364.7227914269725,370.3124127515238,363.4185521373007,366.58599853515625,1225081.0
2023-01-24,368.4492132335299,369.3808168068132,365.2351695335888,367.5641784667969,932693.0
2023-01-25,366.6791568278837,366.6791568278837,360.2045008916552,363.3253784179688,1832958.0
2023-01-27,363.79119486078594,364.8159644760282,353.7298876554441,359.8784484863281,1730143.0
2023-01-30,357.7357256898256,365.9338246981049,355.17381619595307,362.5334777832031,1639571.0
2023-01-31,363.325367728438,374.5046098123899,362.4403330246786,373.7593383789063,1356899.0
2023-02-01,376.181534634693,380.5135142608728,349.1184605399979,360.43743896484375,2755215.0
2023-02-02,358.66735801713423,369.4739646200708,354.4285733399542,367.8436584472656,1242875.0
2023-02-03,368.4492225156654,373.2935725908932,362.952766980882,372.3619689941406,1227587.0
2023-02-06,372.03590351129066,376.0417876209555,353.17093060291205,361.6485290527344,3867116.0
2023-02-07,358.66739572924314,369.3808374198569,340.5011250364633,350.3761291503906,9967047.0
2023-02-08,351.95981712897327,364.163829573538,348.4663037439043,359.8318786621094,3527561.0
2023-02-09,359.8784291957064,360.43739699499287,352.19270013879594,354.00933837890625,1997820.0
2023-02-10,353.1243169201528,355.3601882012525,350.5158383325822,352.052978515625,1869020.0
2023-02-13,352.052987334336,353.403823897981,343.48225145313785,344.60015869140625,2071372.0
2023-02-14,344.6933496904487,347.02235880997875,340.0819002616644,345.9975891113281,1421641.0
2023-02-15,344.6933077663672,348.6060539833962,343.7617042318635,347.2086486816406,1297604.0
2023-02-16,348.88550085364744,350.2829060640092,345.4851538611569,346.649658203125,2373423.0
2023-02-17,343.9480414428014,346.835989698626,339.103691618988,341.2463684082031,2200466.0
2023-02-20,342.6903286953773,342.7368974949396,335.23750122745673,335.5635681152344,1671095.0
2023-02-21,336.3089193276234,338.91739818852056,332.62907351965225,333.7470092773437,1211677.0
2023-02-22,333.51407566597,334.7251489261628,328.1107863708698,329.0889587402344,959201.0
2023-02-23,330.85902814484484,330.85902814484484,324.29123383342346,328.25054931640625,1265096.0
2023-02-24,328.8560484353288,331.5576930055396,324.5706664807097,326.5736083984375,1848286.0
2023-02-27,326.5736379007226,327.50524152152656,320.3784795084333,326.5270690917969,1109387.0
2023-02-28,326.9928413620408,330.02055285613375,325.59543605707483,326.5736083984375,1286065.0
2023-03-01,327.9244658953563,333.4675186654176,325.5022908589358,332.4427490234375,1022685.0
2023-03-02,332.44276763699145,334.2128088829973,329.97402365464484,330.6261291503906,687727.0
2023-03-03,332.1166646979279,337.054152127775,331.5111280780838,334.3059387207031,1161080.0
2023-03-06,335.98279488665673,337.9857367154521,333.5606201128724,335.37725830078125,2405419.0
2023-03-08,333.60724631829044,335.4238562336824,329.7410971631752,334.5854187011719,987954.0
2023-03-09,335.37728666923414,336.3088902433154,330.2068982051974,330.7192687988281,708212.0
2023-03-10,328.90261350016897,329.36841526319444,323.31299234386336,327.2257385253906,1237466.0
2023-03-13,327.97103614649785,329.6013424471869,318.8413322347536,321.72930908203125,1501896.0
2023-03-14,321.96221511984885,325.82836443711983,319.02766941783767,321.8690490722656,708599.0
2023-03-15,324.7570343755148,325.2694050050615,318.6084446695193,319.77294921875,905877.0
2023-03-16,319.8195083598162,325.8749318327482,315.8601930121299,323.359619140625,906941.0
2023-03-17,325.3159937767294,327.3655046718514,321.5429820772671,324.1514892578125,1554137.0
2023-03-20,323.82539539147183,323.82539539147183,318.2357741652564,321.2168884277344,1274057.0
2023-03-21,322.8472083965601,324.0117128683848,317.67681991377253,320.0058288574219,1604798.0
2023-03-22,320.65792982184314,321.68267090764283,316.9315158944785,317.6302185058594,494154.0
2023-03-23,317.6302816691037,317.81658534435064,311.29535967466614,312.32012939453125,784817.0
2023-03-24,312.0871744414874,312.0871744414874,298.1131218545551,298.7186584472656,2298219.0
2023-03-27,300.20926557181366,303.5164470399783,297.367885912139,298.8584289550781,1385355.0
2023-03-28,298.8584107182269,301.4669177447671,293.5482874836452,296.85546875,1451902.0
2023-03-29,297.6007905094251,302.2588086521283,294.7593823842042,300.4887390136719,1316515.0
2023-03-31,301.65325988946984,308.873188401753,301.3737901578838,306.26470947265625,1779112.0
2023-04-03,309.0594835927869,311.3884925120996,305.37963812815906,310.7363586425781,716360.0
2023-04-05,311.15561417937647,311.38851508819334,304.6343887325033,305.8920593261719,876706.0
2023-04-06,306.4975701954122,318.23578069746355,302.77115596811234,313.6709289550781,2894846.0
2023-04-10,314.3696641242796,314.5093989861932,308.9197770673519,310.64324951171875,854220.0
2023-04-11,311.6214360956118,314.6025792928571,309.38559291282206,310.2705993652344,1055348.0
2023-04-12,310.9692293117324,311.9008327889158,307.1030805674773,307.6620483398437,2327960.0
2023-04-13,306.0317887094839,307.24286204154697,301.9793072825248,305.00701904296875,1097375.0
2023-04-17,304.6343710106539,309.7581907065518,302.3053620579731,309.2923889160156,1240102.0
2023-04-18,310.4103084291594,311.6213816494053,307.7086354404384,309.6650085449219,757227.0
2023-04-19,309.7582106720037,311.90088767446224,307.522367619376,308.26763916015625,807038.0
2023-04-20,309.2923981700291,310.8761356773515,307.80182670965854,309.5252990722656,648193.0
2023-04-21,311.15559781003213,311.15559781003213,305.93861204093264,308.547119140625,1153979.0
2023-04-24,309.2923755325913,315.53413062780226,308.9197398023437,315.0683288574219,1563495.0
2023-04-25,315.06832305843693,320.56477816170406,314.2764543773082,315.7204284667969,1915981.0
2023-04-26,315.72046956239154,318.6084465475643,313.2517255895278,316.7452392578125,1250525.0
2023-04-27,316.7451994659446,317.67680299378566,314.69566033258104,316.5122985839844,784612.0
2023-04-28,316.8383786753945,321.86903224879785,315.5807081744726,320.657958984375,2562027.0
2023-05-02,320.65796655256224,331.976944467442,320.5648005076497,330.8590087890625,1961296.0
2023-05-03,329.5547626293288,334.16621166933004,328.483424210725,331.46453857421875,1073926.0
2023-05-04,332.58245370737666,345.9975385910293,331.9303198770137,344.7398681640625,2801963.0
2023-05-05,343.5754073970996,345.2523109893946,338.03238285636473,339.6626892089844,1129545.0
2023-05-08,342.457457040001,347.0223085673131,340.3147519020867,345.48516845703125,1253442.0
2023-05-09,346.09071732612057,348.3265601503806,341.89850136927663,343.48223876953125,944037.0
2023-05-10,345.9975377821331,347.7210099609634,340.0352810067023,346.9757385253906,709126.0
2023-05-11,348.4197262464912,353.0777439770593,345.9043852998709,351.9598083496094,1478514.0
2023-05-12,352.84486133893824,354.2888355379801,348.41974426604065,349.3047790527344,1220873.0
2023-05-15,349.3513555704014,357.26998629666383,347.2086786283507,355.6862487792969,1506402.0
2023-05-16,357.7357791724301,370.7782294547583,356.10547288713906,367.7039489746094,7290408.0
2023-05-17,364.2569905393452,364.2569905393452,340.5942658936901,345.112548828125,15836838.0
2023-05-18,347.4881668879427,349.3513742171006,337.9392293260087,340.7806091308594,3730009.0
2023-05-19,340.96692559129855,348.932125185866,339.56952015854733,347.30181884765625,2809030.0
2023-05-22,347.48813138799113,350.6555778379105,344.36725374442807,346.7894287109375,2240712.0
2023-05-23,347.0223278977875,349.53766889493227,345.298855616802,347.5346984863281,910330.0
2023-05-24,346.4633564537493,352.51877956186644,345.06595112110693,350.4692687988281,1524854.0
2023-05-25,352.00642583854653,352.00642583854653,346.04416848642467,349.3979187011719,958131.0
2023-05-26,349.537651647879,352.4255998121143,348.00048309753566,351.6803283691406,905809.0
2023-05-29,353.91620386600533,357.363148576742,351.6803608999831,354.0559387207031,1184824.0
2023-05-30,354.0559201863355,357.26996382756295,351.2145407118415,353.5901184082031,1365553.0
2023-05-31,353.54357627130327,353.54357627130327,345.951012401073,346.5565490722656,780347.0
2023-06-01,348.37316320746163,353.4038167536841,347.255227561508,351.3077087402344,926549.0
2023-06-02,352.37903388127086,354.3354069728812,350.8884625528876,353.2640686035156,730890.0
2023-06-05,354.8478026596481,356.0123071501499,349.444513195834,350.0966186523437,2323645.0
2023-06-06,350.28294037467947,351.58717967937935,346.74285820045344,347.5346984863281,684871.0
2023-06-07,348.6526196029856,352.425602511145,347.1620482753396,350.98162841796875,1662365.0
2023-06-08,351.35430206288083,354.4751798978416,345.6249454457273,346.5565490722656,1720772.0
2023-06-09,347.48816211407,348.74583273003094,337.9392246833214,339.1037292480469,3575108.0
2023-06-12,338.8707865261138,346.09071393663584,338.3118187179522,344.9727783203125,2825348.0
2023-06-13,346.55648174706494,350.98159811345886,345.5783095013428,347.9073181152344,1841448.0
2023-06-14,346.09071819560535,348.51289310725724,344.6933128731466,347.348388671875,1119894.0
2023-06-15,347.0223334430977,355.8259986434997,346.0441610565131,350.7021789550781,2525602.0
2023-06-16,352.1461840982407,366.07367021180727,351.2611492475719,359.9716491699219,4158485.0
2023-06-19,361.4155824956502,365.60779816791705,357.1767695910778,358.24810791015625,1327636.0
2023-06-20,358.2015782405715,364.5364712430631,354.94096569481854,363.8377685546875,1502464.0
2023-06-21,364.2569851552335,380.0010793390576,363.6514485386025,377.9515686035156,5015480.0
2023-06-22,378.4174047925685,391.646159242448,373.1538215539386,375.01702880859375,6158348.0
2023-06-23,375.4362736333055,378.0913497408392,360.5306151267723,362.9993591308594,3485291.0
2023-06-26,363.37198146429785,368.0765968145447,359.5989981665304,364.9557189941406,2228143.0
2023-06-27,365.5612194467342,368.6355281535745,362.95274093512734,367.8902282714844,1703586.0
2023-06-28,369.7534560067144,370.7316568259775,364.95570324551073,366.0736389160156,2645002.0
2023-06-30,367.8902515968826,373.5264703683021,364.35016933092334,365.37493896484375,2961054.0
2023-07-03,367.05178952307296,370.26583306233,364.5830458633527,369.38079833984375,1442820.0
2023-07-04,370.731677429264,370.77824623883765,361.0895741337294,363.5117492675781,2927676.0
2023-07-05,370.7781930493552,379.0694585144023,363.3719338512562,366.8188781738281,5918401.0
2023-07-06,367.517595136682,372.0824467793191,366.0270237922762,371.0111083984375,1384763.0
2023-07-07,371.01113349492994,372.1756379942863,360.4840241928629,363.1856689453125,4024085.0
2023-07-10,363.3254048157976,366.0736468140826,360.71692610205486,363.2322387695313,985824.0
2023-07-11,365.1886000281677,369.6137169927947,363.0924919922917,365.98046875,2085462.0
2023-07-12,367.9834065962414,369.80004491231136,364.3501583943861,365.8872985839844,1520470.0
2023-07-13,367.2847034025896,373.2935577346189,358.85370255962806,360.4840087890625,2479306.0
2023-07-14,363.09247869989673,366.2133562362285,361.4621725094546,365.6543884277344,957618.0
2023-07-17,366.1202145976333,366.6791824433815,359.7387242551035,363.1856689453125,2524475.0
2023-07-18,365.0954439281044,367.5176189660289,357.1768133546919,358.57421875,2664818.0
2023-07-19,358.8536755887327,362.11428780253897,356.5246668645854,357.5494079589844,1278376.0
2023-07-20,358.6674082647894,362.90619353580377,357.1768367262029,361.4622192382813,1175405.0
2023-07-21,360.3442654055869,362.6732744333642,357.7823554750319,359.4592590332031,1072845.0
2023-07-24,359.4592436869773,367.0518071073283,358.6673749652827,363.6980285644531,1673916.0
2023-07-25,365.1420178542804,367.3778606579728,362.9527438553442,365.6543884277344,1949583.0
2023-07-26,367.05182258765,370.6385021746272,366.3531198796786,368.68212890625,2071360.0
2023-07-27,370.82479929520815,372.6414376759928,367.7039499989,370.032958984375,2118446.0
2023-07-28,370.778222208116,387.1278535489478,370.0329507215201,385.1715087890625,6780148.0
2023-07-31,385.6839022258896,390.62139008516925,383.44805920339104,388.8513488769531,2291805.0
2023-08-01,389.9692766897438,394.3943938356289,387.0812998137405,389.4103088378906,3894870.0
2023-08-02,388.4321237224639,390.1089987929225,381.771135386906,386.0099487304688,3740226.0
2023-08-03,385.1715022898551,392.01876569448575,364.0240901586829,367.37786865234375,6424734.0
2023-08-04,363.3254211036012,404.0830805222744,363.3254211036012,397.46868896484375,29720946.0
2023-08-07,398.8660431063532,414.9828011293923,394.2080254864489,410.7439880371094,9236996.0
2023-08-08,410.6508458934123,410.7440119372882,399.4250341483539,402.8719787597656,4668803.0
2023-08-09,404.26938235224816,404.3159511588392,395.4657172049015,401.3348083496094,2666390.0
2023-08-10,401.3348200660725,406.78470681970936,392.9503876544112,397.7481689453125,4050619.0
2023-08-11,400.5429665838439,403.98988273717066,395.1396488157579,395.8849487304688,2370301.0
2023-08-14,396.86313417163336,397.235769926113,391.599579510109,393.1832885742188,2498699.0
2023-08-16,393.1832926930671,395.4657329123789,388.4787058291213,393.2764587402344,3441939.0
2023-08-17,394.9998913348418,399.09894112490144,393.602486058893,395.3259582519531,3055963.0
2023-08-18,394.94572949969967,396.514288950824,389.8597696939556,393.3296203613281,2577718.0
2023-08-21,392.616613507325,402.02799868258137,391.1431245042909,399.7939758300781,2331512.0
2023-08-22,399.98413291578106,406.0682589035448,399.98413291578106,402.0280151367188,2451605.0
2023-08-23,402.40825945992754,404.9274934375831,399.5088020667399,402.1230773925781,3074633.0
2023-08-24,403.5965656196468,405.7355181546944,399.1760695161618,400.74462890625,1550681.0
2023-08-25,398.3205207289872,404.8324491255244,395.46858382639306,396.6568908691406,3031210.0
2023-08-28,397.9877713300265,400.9347784678141,396.7994643399026,399.2711486816406,1547292.0
2023-08-29,400.2692812404849,405.4503108856702,398.32046954535946,402.4082336425781,2575915.0
2023-08-30,404.6898737235229,407.0664879008718,398.7007885897617,400.2693481445313,1951786.0
2023-08-31,402.02800843296063,404.0718906198169,397.46492127107695,402.455810546875,2294910.0
2023-09-01,404.0243963092048,414.3389072878497,402.5984278516429,411.8197021484375,6572052.0
2023-09-04,417.2383564709589,433.0666002285998,414.4814899775173,425.6990966796875,9128736.0
2023-09-05,429.691821234714,436.5364813191198,425.0811841647602,428.7886962890625,5849342.0
2023-09-06,430.3572534105648,431.9258127705996,423.0372710485357,427.0775146484375,2871462.0
2023-09-07,428.69365974283977,432.4962422742804,422.989785945679,428.7411804199219,2413037.0
2023-09-08,431.4029657440464,434.44504329729705,427.9806647608914,430.5949401855469,3161673.0
2023-09-11,433.4468695185161,436.2512566096383,428.5510215078669,432.4011535644531,1571640.0
2023-09-12,435.3956951639519,436.3463407865806,416.4303033879482,417.76123046875,2731664.0
2023-09-13,417.33344862046056,430.262235518956,415.81240974803694,428.5510559082031,2546065.0
2023-09-14,428.74116169961,447.5639328038129,428.74116169961,438.9606018066406,8427599.0
2023-09-15,442.0026565455936,442.9057524040382,434.8728149775589,436.108642578125,2462184.0
2023-09-18,436.1086682674952,436.8216524662976,431.5931016750797,433.3993225097656,1229026.0
2023-09-20,433.39934286206847,439.8162009526242,430.5949556219265,434.2073974609375,2434372.0
2023-09-21,433.9697109692004,440.3390480140535,430.97518316895486,433.1141357421875,1578207.0
2023-09-22,431.4505255124135,443.0008641289457,431.3079344700173,437.7247924804688,2466922.0
2023-09-25,438.1525466335909,443.4761677399303,431.1652957447329,440.0063171386719,2475370.0
2023-09-26,440.1488898840424,449.9880771340542,439.67356710878965,441.24212646484375,4196117.0
2023-09-27,441.0995659126778,444.47434624559554,438.913092599999,443.9990234375,1394046.0
2023-09-28,443.9990235279725,446.6132989730308,434.2073852837696,435.7284240722656,1842072.0
2023-09-29,438.913076505889,445.8527776450577,438.913076505889,441.4322814941406,2469604.0
2023-10-03,440.624235861691,457.26053387157145,436.2988099836826,453.7431335449219,5517553.0
2023-10-04,453.4579652445047,454.3610901970368,438.5328172576823,444.28424072265625,3507248.0
2023-10-05,446.6133253477813,450.8437101950799,442.3354198214179,447.8491821289063,2137313.0
2023-10-06,449.6078387523745,452.5548168418229,443.095910725837,445.23486328125,3521962.0
2023-10-09,442.95329520360417,445.1872889844146,434.63514683684457,443.0958862304688,1648827.0
2023-10-10,445.0447300374759,449.41770558206713,441.8600614880779,446.1855163574219,1887474.0
2023-10-11,450.2732606068015,454.4085745667496,448.4670398574563,450.5584716796875,3054493.0
2023-10-12,451.5566616376424,456.2148192922557,447.5639384986016,448.5621337890625,1644573.0
2023-10-13,446.85095695519146,451.0338208443743,445.4249885415341,446.8034362792969,1020788.0
2023-10-16,447.6589912867429,450.2257459198449,441.3847247480272,448.4195251464844,1508509.0
2023-10-17,449.7028634233248,453.2677842168024,448.7046972057109,452.317138671875,1780656.0
2023-10-18,452.5073030225756,454.123412137931,445.1873203397088,447.5639343261719,1012502.0
2023-10-19,444.56941469409367,446.7559170087539,439.9112569971069,444.3793029785156,1031462.0
2023-10-20,442.05019789613306,444.6169525852516,434.7777649588317,436.9167175292969,1396948.0
2023-10-23,437.2969807758509,438.5803581521473,426.6022176590502,429.5492248535156,1675517.0
2023-10-25,431.5930870790076,433.35178717885634,419.5198767830303,424.9385681152344,1605450.0
2023-10-26,420.6607003297933,422.9422440886235,410.6789209999338,416.2402038574219,1441537.0
2023-10-27,418.2840528121597,426.8398629833175,416.5729023824884,418.3315734863281,2352666.0
2023-10-30,418.2840942892999,430.45234724588175,413.5308659451033,428.5510559082031,2207793.0
2023-10-31,430.1671614918151,438.8655634854463,425.84173533993936,436.5364990234375,2248693.0
2023-11-01,437.67719775066416,442.3829047452914,432.78137905620713,434.7777404785156,3460388.0
2023-11-02,440.1489078216816,442.050199000177,419.2347048582324,426.5546875,5955955.0
2023-11-03,429.6442925681056,446.8034341251602,426.8873971058717,439.5785217285156,5172857.0
2023-11-06,441.7650322499631,444.3793077110667,439.7211209530696,441.9076232910156,1321009.0
2023-11-07,442.3353840859603,442.9533269323021,434.7777690067928,438.2476196289063,1392649.0
2023-11-08,440.1489017067721,440.1489017067721,430.3097141924723,431.4505004882813,1131309.0
2023-11-09,432.5437313410343,433.9696996861146,425.8892123973261,427.3627014160156,1148136.0
2023-11-10,427.79051659954985,430.7375237384047,422.0866430448892,429.644287109375,1203649.0
2023-11-13,429.6918165362417,430.6424621480475,426.6972886613336,428.5035095214844,859310.0
2023-11-15,431.6406152630988,444.85461207305735,431.5930945885194,443.1434326171875,3248840.0
2023-11-16,443.7138181349082,443.7138181349082,438.5803378784234,439.4359130859375,1374292.0
2023-11-17,439.198284857759,450.083189019942,438.3427095856413,442.8582763671875,1982759.0
2023-11-20,443.95149603458697,446.56577143950153,438.96060662520455,441.6699523925781,738396.0
2023-11-21,442.5255275039969,444.5694097449682,437.7722994964352,439.2457885742188,874774.0
2023-11-22,438.247631862678,439.9587823781884,430.6424668845838,433.9697265625,1316148.0
2023-11-23,435.8234753318085,436.1561780738377,429.7868701300999,432.4962158203125,962306.0
2023-11-24,432.73387100058113,438.15253329180194,430.6424391616818,432.21099853515625,1226042.0
2023-11-28,433.92216671226345,436.82162399384345,430.737498362912,435.1104736328125,1913696.0
2023-11-29,437.2969816095099,456.7376959834499,435.3956903851208,455.0740661621094,4324414.0
2023-11-30,455.3117473672549,469.6189528484616,454.1234403003307,466.90960693359375,7123100.0
2023-12-01,469.2386623747951,478.17472499184566,466.576837353686,468.3830871582031,3804499.0
2023-12-04,477.2240812227571,485.3996390141123,472.5659236824247,482.5001525878906,3584148.0
2023-12-05,482.16744819166536,482.16744819166536,471.5202061261911,473.8968200683594,1911892.0
2023-12-06,475.3228088013144,485.0194057054219,474.0869811029917,480.2186279296875,1842639.0
2023-12-07,481.88224855299046,501.0377515793918,476.74876811830393,493.0998840332031,5010670.0
2023-12-08,492.4344054369564,517.0561489179246,492.4344054369564,506.0286254882813,7388696.0
2023-12-11,508.5003352453155,513.3486044111899,501.46553486463455,503.6520080566406,2154946.0
2023-12-12,504.6027237872095,507.5972809384657,497.2352196438669,502.1785888671875,1803175.0
2023-12-13,503.60453288094544,509.1182660441228,501.4655801693227,505.22064208984375,1916635.0
2023-12-14,509.4985154884389,517.6265236771561,505.838495153808,507.3120422363281,2262862.0
2023-12-15,514.2992106029623,515.2498560939105,506.55142664261626,513.7763671875,2470309.0
2023-12-18,513.7288866741937,513.7288866741937,503.9847696303059,505.0304565429688,2255645.0
2023-12-19,504.7928087878636,509.0231932720964,499.8494401104277,503.5094604492188,1458874.0
2023-12-20,504.6501979460174,507.6447548212189,486.11263759597,488.20404052734375,1819791.0
2023-12-21,480.2661451413909,495.2388126061674,480.1235250992731,493.0047607421875,1751819.0
2023-12-22,498.09076778981233,498.5185699092756,487.3484842423671,491.7689514160156,851386.0
2023-12-26,491.7689403939849,494.2406536828175,486.5879394586792,488.4416809082031,1670024.0
2023-12-27,490.9133667322576,499.08889494509634,490.010241889226,498.0907287597656,1124441.0
2023-12-28,500.8951768186981,504.1273369609341,496.2845109649596,501.1803588867188,1573264.0
2023-12-29,502.8440015398503,513.3486238114311,499.7068826655632,509.6410827636719,2097734.0
2024-01-01,511.7325663945323,540.9174008572998,511.7325663945323,535.2610473632812,6193413.0
2024-01-02,535.8789440368074,540.3469900256711,525.9446857692753,531.9812622070312,2659755.0
2024-01-03,532.3615286724043,534.7856633144771,527.7509207849873,530.0799560546875,1506526.0
2024-01-04,531.3633735447445,545.6705783230441,526.752707537915,543.769287109375,4223351.0
2024-01-05,545.670586416407,557.0308131911352,540.2518947725194,546.4310913085938,3054472.0
2024-01-08,548.5224550821764,550.4237460876606,532.3614815355611,534.0726318359375,1572620.0
2024-01-09,538.0654285125763,542.6285159484047,532.7893568516871,534.6431274414062,1506124.0
2024-01-10,534.6430734898329,541.8679563655878,527.418132591279,539.72900390625,2197107.0
2024-01-11,541.3926411469627,558.97958383567,540.0141934938284,549.6632690429688,2308206.0
2024-01-12,550.4237762041387,553.2757128684088,543.2464138702854,545.4804077148438,1089975.0
2024-01-15,549.4731959470374,552.4201743078728,544.7199676083952,549.5682373046875,1277690.0
2024-01-16,548.0471951892654,560.2629680914746,545.5279611089358,555.1295166015625,4329890.0
2024-01-17,553.2757445811603,556.460384163013,545.6230590312908,546.85888671875,2747008.0
2024-01-18,545.7655468516956,550.8990556527461,532.7892708635437,547.7144165039062,1344935.0
2024-01-19,551.4694609975693,560.8808751628109,548.9978057737683,555.5097045898438,2037879.0
2024-01-23,553.0856023410828,555.4622163576935,527.0854682084829,533.0745239257812,3715271.0
2024-01-24,534.0727247935528,550.3763212124079,527.2280643779084,548.90283203125,1503671.0
2024-01-25,551.3744575252964,557.5536540320454,539.0635851880587,550.6139526367188,2560166.0
2024-01-29,550.6139722165403,578.7530602541628,549.4731858317058,570.3873901367188,6752824.0
2024-01-30,575.1405924389762,596.9579207319244,574.3800875576671,586.8810424804688,6018763.0
2024-01-31,591.1113745355032,596.9578677104657,587.8316358769339,594.7238159179688,5030287.0
2024-02-01,594.486213075296,603.4698257558746,589.3527615598252,598.5740356445312,5463844.0
2024-02-02,603.5649032867068,610.6947451524838,594.1534888147603,602.9469604492188,2873863.0
2024-02-05,608.4131145903563,623.3857810822284,595.1515983787104,608.7933959960938,4528404.0
2024-02-06,614.4022204845155,618.5375635290293,603.1846143594593,616.49365234375,2829812.0
2024-02-07,626.4754583872509,636.742419393589,604.8957913875603,614.1170654296875,3261779.0
2024-02-08,618.1573568336287,623.2432880405914,610.7423320932425,615.6381225585938,1639613.0
2024-02-09,617.9196004985321,624.4790779283284,600.9506008324228,618.1097412109375,2017131.0
2024-02-12,618.9177956146556,621.2468888990977,585.9303822582992,589.8280639648438,1869679.0
2024-02-13,585.5977367274168,601.378431748286,583.8390654350045,599.857421875,2821807.0
2024-02-14,590.350921001943,609.0311303587102,588.4496297909867,605.1809692382812,1260746.0
2024-02-15,608.2230265713291,612.4058903055729,598.2412480454666,606.46435546875,1914588.0
2024-02-16,609.3637980634617,616.4461190214894,607.9378297372601,610.0767822265625,1798377.0
2024-02-19,613.1664100020555,614.0220142483887,601.7586628392265,603.517333984375,1148627.0
2024-02-20,603.5172965083925,608.3181028928811,595.7220495160881,607.4149780273438,1502356.0
2024-02-21,606.0840404830255,615.0201315921107,606.0840404830255,609.2687377929688,2367781.0
2024-02-22,609.7440984892029,612.215753789169,604.1827870300768,610.5521240234375,868334.0
2024-02-23,613.6417480001554,616.778866943078,606.4643851703224,610.5996704101562,1038739.0
2024-02-26,611.6929547268165,628.8045764164592,611.2651525800143,626.6181030273438,3011803.0
2024-02-27,629.2323911430148,633.2250565321757,613.1664561374231,617.4918823242188,2940335.0
2024-02-28,619.6783399220677,623.9562453206877,604.3729682605722,606.654541015625,1130316.0
2024-02-29,609.50650714523,619.820989669097,602.2340444100812,615.9708862304688,2116417.0
2024-03-01,618.2523329690013,622.5778167988063,614.544850001342,616.7313232421875,877615.0
2024-03-04,617.9196666919066,628.5193887988976,616.731359640576,625.2871704101562,1558962.0
2024-03-05,627.4261176876905,638.7863446049302,620.6765569035055,623.62353515625,2375311.0
2024-03-06,623.6234952400874,624.0512973520532,592.2521913636806,608.5557861328125,2796433.0
2024-03-07,608.9359465134139,616.0182668963334,603.4697350401825,606.1315307617188,1314041.0
2024-03-11,607.462526855566,610.3144636013667,601.8536947130372,603.2796630859375,1351832.0
2024-03-12,603.2321089471645,607.4624931566492,589.2576080634143,593.2978515625,1854808.0
2024-03-13,594.1535102630957,595.0566352032564,556.0801649299973,561.3087158203125,3102446.0
2024-03-14,557.5536310607278,566.1569619303356,549.2354822597365,562.592041015625,1799972.0
2024-03-15,556.4128389900159,565.396451206431,546.8588626422858,555.7473754882812,3195333.0
2024-03-18,556.1276619702884,558.694416630096,545.5279405885717,546.7162475585938,1642367.0
2024-03-19,546.3360554976874,547.0965603975889,537.1623019534887,542.5809936523438,1575894.0
2024-03-20,545.1953277616334,546.7639164298802,531.8387668203352,541.9155883789062,1023212.0
2024-03-21,546.8113541633697,564.6834796243616,546.7638334885005,562.1642456054688,1697503.0
2024-03-22,558.9795942714893,569.4366955248674,558.9795942714893,566.1094360351562,1290405.0
2024-03-26,566.109453617194,569.246572486079,560.9284235034586,563.4951782226562,2247918.0
2024-03-27,564.6359877975485,568.1533882596127,560.3580824303149,562.2118530273438,1075990.0
2024-03-28,562.592049739292,584.1717162821853,562.592049739292,580.7969360351562,2992847.0
2024-04-01,586.8810164962532,606.5118706277286,583.8865177794048,604.8007202148438,1573234.0
2024-04-02,606.5119301721877,611.2176377867056,599.5247077907686,607.5576171875,1608600.0
2024-04-03,606.3217207927361,612.2157348131996,600.8079882017735,609.7440795898438,1187104.0
2024-04-04,614.3546926685195,628.3767146675302,610.1718289986776,612.0731201171875,3145305.0
2024-04-05,615.7331949598389,615.7331949598389,604.6581500028566,612.5009765625,1830294.0
2024-04-08,617.1591361293983,623.4808945660096,604.7056439354403,614.8775634765625,5285739.0
2024-04-09,618.8702391686137,626.8081061239459,614.8299956717372,619.2029418945312,3264890.0
2024-04-10,622.4827529528247,623.4809192694386,612.7386351508803,617.0165405273438,2938995.0
2024-04-12,615.5905274473986,626.3328107873017,612.4058879959923,616.49365234375,3207293.0
2024-04-15,601.7586066069396,622.435146407415,593.773161130051,606.9396362304688,3059341.0
2024-04-16,603.6599281165328,628.9946553954254,602.2814804556436,621.7697143554688,5288396.0
2024-04-18,625.7149522197502,633.1299763745309,607.5575862517836,610.6947631835938,3395430.0
2024-04-19,605.5612374980931,614.7825112749164,593.4405062922835,611.2175903320312,2471599.0
2024-04-22,615.2578704283698,632.6546740532211,612.9287770034775,630.4682006835938,4657549.0
2024-04-23,635.9818714131502,641.4956039852664,628.4717483771785,638.0733032226562,4555962.0
2024-04-24,641.2579672069195,647.8649656215603,636.9325414034415,640.2122802734375,3744615.0
2024-04-25,641.6858187064331,641.6858187064331,624.0988740455902,628.6144409179688,2711612.0
2024-04-26,632.9873165983917,639.2140913724761,624.5741266854923,628.7094116210938,1345850.0
2024-04-29,633.1300236964872,637.0276477803906,620.1536869386299,633.9380493164062,1647600.0
2024-04-30,638.7388167518673,647.8174708391255,630.8484116695299,640.592529296875,3980481.0
2024-05-02,641.7332568350182,649.2909004432735,633.1299263473207,636.076904296875,2269415.0
2024-05-03,638.8338136918268,642.541354569694,612.6910608993785,621.7697143554688,2650534.0
2024-05-06,625.4297051630526,625.4297051630526,596.0547356514917,602.7567749023438,2354753.0
2024-05-07,604.5630886568513,605.1334528150251,583.7914472175028,592.3948364257812,2023998.0
2024-05-08,592.01451359127,611.9780700511923,584.8371513257149,604.2302856445312,1932062.0
2024-05-09,604.2303693273628,610.1719048109264,587.3088878747351,589.495361328125,1441646.0
2024-05-10,593.1553331005483,607.6051578099073,591.7768853774379,595.5794677734375,2207795.0
2024-05-13,596.5301432434261,600.80804865314,579.8938444278724,594.2010498046875,1290217.0
2024-05-14,593.2028245192308,607.1773257398688,581.9852186088438,602.4716186523438,2703123.0
2024-05-15,604.6106502575277,609.0311758624015,592.2997771422195,599.857421875,2552119.0
2024-05-16,604.1352668530008,624.716766895115,594.1534882503942,620.9141845703125,12146190.0
2024-05-17,623.6235666099501,636.8850854617812,614.6874740012332,619.8209838867188,2802622.0
2024-05-21,613.0238442007741,621.6272340323095,606.5594651743559,619.48828125,3289447.0
2024-05-22,623.5760212124659,625.429791821121,612.4534555833412,623.1957397460938,2439158.0
2024-05-23,625.47728109816,630.2780297503708,617.3492728620482,621.8172607421875,1479811.0
2024-05-24,620.7715668687131,624.6216698825574,614.4497505207303,617.0640258789062,938672.0
2024-05-27,617.9671878582686,620.7716041061884,605.0859510162159,609.0786743164062,838874.0
2024-05-28,608.5082238090554,614.8775609174775,606.8921727113923,613.5466918945312,1323026.0
2024-05-29,611.7404445960153,621.579603362914,608.603325715468,614.8775634765625,2015125.0
2024-05-30,610.8372794022341,616.3034912507892,595.7695708201193,600.1425170898438,1576306.0
2024-05-31,601.7586317668158,607.4625050537051,594.4386494440813,601.4734497070312,2597394.0
2024-06-03,636.9325816763671,651.66758916291,619.3931579345987,647.3421630859375,5954520.0
2024-06-04,641.6382005296299,641.6382005296299,517.9116638178842,548.5224609375,10513971.0
2024-06-05,563.7328853171656,593.2029012443699,551.7547730203926,591.5867919921875,4306196.0
2024-06-06,602.6617696355279,621.7222016756099,598.3363439042714,618.9177856445312,2171720.0
2024-06-07,621.959879615732,638.3585161054093,616.3510474043446,629.4224243164062,1904908.0
2024-06-10,633.4151532871934,644.5377184400559,630.2780344037715,641.1154174804688,3121182.0
2024-06-11,649.3384737776041,654.0441811623298,638.8813720439041,646.5340576171875,4311375.0
2024-06-12,650.1941017482113,684.0370635659389,648.4829511884935,680.0919189453125,10108963.0
2024-06-13,686.3660709353602,690.1686530458054,671.8212059674669,683.79931640625,4302152.0
2024-06-14,684.5123325082441,698.4393133470466,681.8030158371873,695.5398559570312,2561548.0
2024-06-18,700.4831830426855,722.3005110392917,697.4411635587685,711.8909301757812,3805256.0
2024-06-19,712.9842386080006,714.7429098541113,693.3533826958713,700.0554809570312,2666976.0
2024-06-20,701.671498135649,709.4668037044788,698.4393378909754,703.1925659179688,1283939.0
2024-06-21,706.7099316651438,706.7099316651438,691.4045033538284,695.6348876953125,2238812.0
2024-06-24,695.587401071385,700.3881497740643,686.1284656931537,697.6788330078125,2494394.0
2024-06-25,698.6294748749999,738.0336885894978,686.9840662712348,731.8544921875,6460950.0
2024-06-26,731.9971231657026,749.2037855790477,721.8727241621465,740.36279296875,5092505.0
2024-06-27,737.6534079832745,761.2294054388246,734.2786279683427,748.7283935546875,5870141.0
2024-06-28,746.2567593104468,769.9278567957834,743.8801454272925,757.474365234375,3419490.0
2024-07-01,760.8017188974962,780.7177573095274,755.7633084457526,776.0595703125,3206810.0
2024-07-02,777.6280863151961,778.863913967616,749.1087188464237,756.1910400390625,3268240.0
2024-07-03,761.4196111420201,769.0722966799485,756.0009195732126,760.0886840820312,1670552.0
2024-07-04,763.8437169809811,763.8437169809811,746.3518152498319,753.8619384765625,1270061.0
2024-07-05,755.0502632212986,764.3190577650917,744.8308230832703,756.4287109375,1698197.0
2024-07-08,759.3756999077862,760.5164862417093,741.6937148117877,743.5474853515625,1801676.0
2024-07-09,746.2567854090337,752.6736431179648,730.0958104383922,733.3755493164062,1892159.0
2024-07-10,736.750353876345,742.4542275837748,714.6003225837202,741.3609619140625,1827229.0
2024-07-11,746.209228893421,757.4743553433536,742.9770108454172,751.7229614257812,3014084.0
2024-07-12,755.7632498225972,756.7138954198584,737.9861655492537,741.2183837890625,1647253.0
2024-07-15,741.6936752921063,767.5512460511154,728.0994554294375,763.653564453125,3307875.0
2024-07-16,764.9844863104416,785.9462091003948,762.0374502893699,767.1709594726562,4814069.0
2024-07-18,770.0229313305027,773.7779930322922,749.1087282573286,756.4287109375,4410032.0
2024-07-19,756.7139034704768,757.1892262741643,731.0939927471607,733.5181274414062,1654193.0
2024-07-22,731.9971086626484,759.8034923358724,723.5839183501273,754.6699829101562,1877865.0
2024-07-23,761.2769881347998,764.3190656723848,713.1743437779724,732.187255859375,4674751.0
2024-07-24,733.8984157394456,752.6261459839895,727.2438964257459,743.452392578125,2885808.0
2024-07-25,740.5053773618409,740.5053773618409,718.2602478445874,729.0501098632812,2947125.0
2024-07-26,730.0007774441533,757.664541119053,729.1451731973822,752.245849609375,1776371.0
2024-07-29,758.1398119942894,769.5950790537186,750.0593249698989,752.4834594726562,2155386.0
2024-07-30,755.6206198506616,755.6206198506616,732.472423070469,735.7996826171875,3815235.0
2024-07-31,737.7009612251547,738.6040861198746,727.4340006889524,729.3828125,3049275.0
2024-08-01,733.3755570596993,740.4102996604555,718.6880709885085,720.1615600585938,1632602.0
2024-08-02,708.2309583922201,723.3462463509197,704.428376065282,711.6532592773438,2233217.0
2024-08-05,675.2911002967111,688.267436359855,635.9819266916339,652.2855224609375,12392927.0
2024-08-06,655.4701767149724,670.205184313351,617.9196734803945,619.6783447265625,6818431.0
2024-08-07,622.7204413219742,636.932605848071,601.9488564150072,605.7039184570312,5105582.0
2024-08-08,609.078671558632,618.6326486110687,602.7093341827392,608.4132080078125,4362479.0
2024-08-09,613.1664404688464,617.1116431011402,603.6599840274689,606.654541015625,2405546.0
2024-08-12,610.7897829993334,617.1115992931941,595.4368337272724,614.7349853515625,3170034.0
2024-08-13,622.1025076737862,622.245069700981,607.1298393817348,610.029296875,3857891.0
2024-08-14,611.9305839162134,615.3053641894008,600.5228367238259,611.7879638671875,1845937.0
2024-08-16,616.9214589087582,627.7112630005124,614.3071835715418,625.762451171875,2437248.0
2024-08-19,630.2780731124642,638.6437433229703,622.0549649373946,635.1263427734375,3232620.0
2024-08-20,639.784464666869,643.5870469234328,625.7624425957898,641.4005737304688,3143214.0
2024-08-21,644.0623835194116,648.5304293712653,637.5029057770305,645.393310546875,2392035.0
2024-08-22,649.1007757386972,651.6675303512051,644.537688662461,648.6729736328125,1492805.0
2024-08-23,651.3222323259658,653.9714501984323,646.0720112173838,647.9505004882812,1556763.0
2024-08-26,647.420669859643,651.0813955304545,635.8604463949727,641.4478759765625,2941811.0
2024-08-27,640.6772096444106,661.7746411011176,637.6426862474897,659.029052734375,4318499.0
2024-08-28,664.7128508074384,664.7128508074384,646.8908395901375,650.166259765625,2289104.0
2024-08-29,649.2028747220454,656.9096899908119,642.6038788691636,651.177734375,1357363.0
2024-08-30,652.8154641100649,658.5955757363387,648.5766920647965,649.6845703125,1790107.0
2024-09-02,649.8772241889098,655.8018624034806,645.542140265567,650.840576171875,1104837.0
2024-09-03,658.4510290146742,669.7222580961724,653.1525935215057,668.6143798828125,3808579.0
2024-09-04,664.5683360398941,674.057388267014,655.9945387464869,665.868896484375,4494906.0
2024-09-05,669.5296315578494,693.1317552602484,669.2887935608861,681.4752197265625,6112607.0
2024-09-06,680.9935639504278,689.7600437808196,666.2060752188595,669.144287109375,2956463.0
2024-09-09,669.1441880301334,679.9337407764885,657.3913422082987,674.25,2367930.0
2024-09-10,677.2363755118411,679.1630792828563,658.9326896871967,661.485595703125,2357859.0
2024-09-11,659.8960660526209,670.4929371863126,647.3724910764398,651.514892578125,2656730.0
2024-09-12,657.9693698408619,680.7044519265705,657.9693698408619,677.9107666015625,4432592.0
2024-09-13,686.3400748090771,704.0175587035363,677.380913874015,696.7924194335938,5263604.0
2024-09-16,700.3086892643364,708.593492248256,653.1526010704531,655.8018188476562,11877313.0
2024-09-17,655.561007209365,659.75156470599,645.4458116535995,650.166259765625,4411019.0
2024-09-18,650.1662498872106,661.2929530698297,647.6614995562657,649.877197265625,3120584.0
2024-09-19,654.1159813236935,657.2468751960088,620.3986626987609,639.3285522460938,5325417.0
2024-09-20,640.6290423338864,645.2049640648428,634.4154105395521,643.326416015625,1992776.0
2024-09-23,644.5787454721707,658.3547249522951,642.1703656747133,655.8018188476562,2433332.0
2024-09-24,657.0060273494797,664.568316608288,656.5725072139953,660.811279296875,2218270.0
2024-09-25,660.4740562593353,662.208136763,635.8604263353019,640.725341796875,3717511.0
2024-09-26,641.5442639505729,643.085603601904,632.7295697989875,642.0259399414062,1965881.0
2024-09-27,642.555766369923,646.746323935609,638.7505143146615,639.6657104492188,1474940.0
2024-09-30,639.6657302322616,645.9756740946136,635.0898082162929,638.1725463867188,1207831.0
2024-10-01,640.0510688522774,644.2416263792973,633.4039167766549,635.0897827148438,1014301.0
2024-10-03,630.8992243959557,631.8625763594258,606.9598928247191,613.2698364257812,2143072.0
2024-10-04,610.0425838364556,620.1577786730647,604.647836776264,611.5839233398438,3148592.0
2024-10-07,613.6551475493505,614.4739731280033,578.9744798699523,585.2362670898438,3979196.0
2024-10-08,586.0069628846277,595.2551766225886,582.6833869912721,592.7022705078125,1256006.0
2024-10-09,599.2048879547043,605.1776815557203,592.5577362570949,594.580810546875,1151776.0
2024-10-10,597.3745259983972,601.9986624382686,591.0645824293416,593.5211181640625,826195.0
2024-10-11,594.436345641517,598.867800163768,591.3054516109622,596.7965698242188,566594.0
2024-10-14,599.6865784210119,600.7462420282046,591.1609373314691,595.1106567382812,754905.0
2024-10-15,597.2781762877033,604.8886797952188,595.1106345189173,603.0101318359375,1311955.0
2024-10-16,604.984994183089,610.283429641699,600.4090726506533,603.1546020507812,884581.0
2024-10-17,604.021684839707,605.5630244714779,587.7410130368135,589.3787231445312,1408387.0
2024-10-18,589.3787227662029,597.1819089926714,579.2635270935622,595.9295043945312,956834.0
2024-10-21,597.3263905876976,600.9871163958387,582.1054408812121,585.4771728515625,1393400.0
2024-10-22,586.681368222181,590.4384645429399,563.1274000535931,566.0174560546875,2188291.0
2024-10-23,565.4876090294638,587.7892307583937,558.8886715234978,578.5891723632812,3069525.0
2024-10-24,578.5891638269204,587.5001694595426,573.4352543587388,578.2520141601562,1472019.0
2024-10-25,579.456149925809,588.2226284253039,566.932575613198,576.3252563476562,2102682.0
2024-10-28,578.2520166668558,604.4070460212681,570.3043629600644,595.7850341796875,3084307.0
2024-10-29,602.0950009388182,619.290810646295,588.270923236599,614.0887451171875,3947335.0
2024-10-30,618.8573512092798,633.5002546389875,607.3934388364096,609.8018188476562,4990391.0
2024-10-31,609.8018270021548,612.6918830542977,598.6751229610728,607.9232788085938,1536695.0
2024-11-01,606.8635739728356,614.0887136134401,604.4551940926341,610.8132934570312,194439.0
2024-11-04,614.4258661872622,614.4258661872622,590.4384377458528,600.0237426757812,1041101.0
2024-11-05,600.0237477437557,611.5358154825417,585.862520900163,608.9347534179688,2571586.0
2024-11-06,610.765149287208,615.9190588099652,605.8038631198774,611.1986694335938,956131.0
2024-11-07,609.8499456294422,620.591343487121,608.2122355401617,615.2929077148438,1774477.0
2024-11-08,617.1232632670816,618.423823736784,608.1159456508366,611.728515625,2190023.0
2024-11-11,607.7787354869334,609.2237633327908,597.5190142620129,603.0101318359375,1469847.0
2024-11-12,604.9850546724417,615.0039389697926,590.1012545454342,594.3400268554688,2155005.0
2024-11-13,593.1358074595979,596.6520067985992,579.4080421701323,584.610107421875,2156821.0
2024-11-14,584.6101441755393,594.6771844470495,582.8761223159427,585.862548828125,1130270.0
2024-11-18,585.8625076475979,595.8813325756732,579.937869678886,588.7525634765625,1026308.0
2024-11-19,591.9797892893575,602.4803493477556,589.6677210274763,593.8583374023438,1439885.0
2024-11-21,590.6792691697373,592.1242970886406,578.3483172230925,588.848876953125,1113675.0
2024-11-22,591.4981400810434,595.8813800109009,584.0803177698702,594.8217163085938,1018524.0
2024-11-25,606.8154251647067,611.1505089992902,601.6133010438714,604.5033569335938,1043306.0
2024-11-26,604.5033785880619,610.1871788941222,597.2782386049377,598.7232666015625,1951915.0
2024-11-27,600.1200575659417,605.9001687704327,596.8927935311019,604.5514526367188,910998.0
2024-11-28,605.8520844294776,616.2081182262402,604.0216921460632,611.4395141601562,1570957.0
2024-11-29,614.6184904232226,616.4970383213298,607.8268715285258,615.38916015625,831686.0
2024-12-02,615.5818857463894,615.5818857463894,600.9870804288425,603.8771362304688,1028942.0
2024-12-03,603.8771215540381,620.3504745019462,603.8771215540381,612.0656127929688,1006739.0
2024-12-04,615.5818889541715,621.3620005875441,610.8614409342496,614.859375,1077571.0
2024-12-05,618.8573217213159,618.8573217213159,608.9347495091087,615.2929077148438,891937.0
2024-12-06,616.4488881369315,625.1190550091903,611.2949203283117,617.7493896484375,1071453.0
2024-12-09,617.7494578850174,620.302364154287,605.9002402770661,607.0562744140625,824080.0
2024-12-10,608.8383985235001,611.7284542126939,600.4572252651712,607.34521484375,640264.0
2024-12-11,607.3933592099021,618.2792236739817,607.3452033756582,613.5106201171875,1278597.0
2024-12-12,614.6185594177692,616.4489516877217,607.7305692842692,609.12744140625,639651.0
2024-12-13,606.9598677243666,608.1159017923916,586.8740036359837,601.46875,1514800.0
2024-12-16,602.0467799386993,612.258286530091,598.3378398553319,603.0101318359375,913845.0
2024-12-17,602.1431320348677,604.455200262797,580.4195570533676,582.6834106445312,2426995.0
2024-12-18,586.4886885487024,587.6447227137089,572.1347789614208,576.9996948242188,2950682.0
2024-12-19,566.4990646330251,572.7126960555313,562.5975012555598,570.1597900390625,1272910.0
2024-12-20,570.7860397790931,579.88972761625,556.2876044523888,560.9116821289062,2125670.0
2024-12-23,562.1640548791067,565.8729954045497,555.9504226416387,561.8750610351562,1457232.0
2024-12-24,563.5608529544594,571.4603501743424,561.730460852881,563.6090087890625,701040.0
2024-12-26,564.0907095945123,568.233111124612,560.1891460463756,566.6436157226562,1207304.0
2024-12-27,569.3409706738646,582.3462212730138,567.2697405776297,574.7357177734375,1065043.0
2024-12-30,574.7357449322042,580.7566945681782,566.0655774564016,569.1483154296875,1115570.0
2024-12-31,568.3776578563285,577.4331898228661,564.283412015838,576.1326293945312,660447.0
2025-01-01,576.4216228132939,582.2017345839896,573.8206195551509,578.3001708984375,777096.0
2025-01-02,577.8666228694201,585.766120334493,575.1210934301678,583.8394165039062,1316441.0
2025-01-03,586.1515161968717,594.8698397402803,584.7546440847776,587.1148681640625,883434.0
2025-01-06,587.6446560448582,589.234210191198,568.5221444453547,572.52001953125,2364439.0
2025-01-07,573.146282143052,576.3253319721985,558.21432619559,563.7054443359375,1887588.0
2025-01-08,566.3546596572181,568.4739870011003,555.1797412702039,561.4896850585938,1739749.0
2025-01-09,562.6457115593377,565.8729759678994,544.9682262645241,552.4342041015625,2416674.0
2025-01-10,552.4341929690677,554.6498907163871,533.4561476060779,534.5640258789062,1291287.0
2025-01-13,532.5890799318294,534.6603100576929,511.5398642173602,514.0445556640625,1119952.0
2025-01-14,518.2351922387601,534.4194932071321,517.5608341154244,532.1556396484375,1196723.0
2025-01-15,533.9378316465098,539.284423343113,530.855093569713,532.6854858398438,984734.0
2025-01-16,536.3943383138893,552.2414891876188,536.3943383138893,544.7273559570312,994712.0
2025-01-17,544.67924821342,546.1724320644273,536.8279058379524,542.0781860351562,807523.0
2025-01-20,544.245678467245,552.5786372886433,539.8624389949101,549.0142822265625,659748.0
2025-01-21,551.7598615501839,552.8677398766483,537.7912574603059,539.8624877929688,592842.0
2025-01-22,541.4037971832956,542.1263111475083,525.5566458085657,534.4676513671875,963350.0
2025-01-23,534.4676584465365,563.5608995505215,531.1922970443908,558.6959838867188,1880756.0
2025-01-24,557.7325733667956,563.9462046486417,548.147210561286,552.2896118164062,1218435.0
2025-01-27,551.9043595047046,551.9043595047046,539.9106158842974,543.2341918945312,1094060.0
2025-01-28,551.5189890481212,559.9483185750576,541.9817812640242,549.59228515625,1764037.0
2025-01-29,553.7828301685768,562.0676919966186,551.0373007036358,553.5419921875,1439625.0
2025-01-30,553.6383812795855,567.4143025008382,549.1587711615597,562.9346923828125,1679601.0
2025-01-31,562.9346966281861,579.4080504911241,549.3514574555044,576.1807861328125,3086180.0
2025-02-01,577.0478331058564,578.6373873841644,556.2876098013651,563.2719116210938,2887781.0
2025-02-03,556.3839227707108,560.5745391512759,534.6603474406719,537.1650390625,3721631.0
2025-02-04,543.5232185012526,558.5514864125591,543.5232185012526,555.3724365234375,2384006.0
2025-02-05,556.9619249713132,565.9210858891582,552.00063916282,553.060302734375,930655.0
2025-02-06,554.9388477197591,559.7074513628095,550.2666145452722,555.0833740234375,1069701.0
2025-02-07,557.4917467425324,563.0791759071801,548.1472217128921,557.0100708007812,2003205.0
2025-02-10,557.0100822084565,558.7441038746075,539.8624300905923,542.2225952148438,697835.0
2025-02-11,542.3190240996189,544.1012017932304,522.5221521154624,524.6414794921875,1563345.0
2025-02-12,524.8341144104687,525.0267965541923,504.2665744317623,522.95556640625,1566309.0
2025-02-13,522.955550094878,534.75661075026,522.955550094878,531.0477294921875,909883.0
2025-02-14,532.9262874436513,535.1419850731261,507.59014401443744,513.9963989257812,1129504.0
2025-02-17,511.6361868423838,519.8246782528048,499.97965200100106,518.7650146484375,1023175.0
2025-02-18,519.05403815974,519.9210784662461,505.1335902060569,511.10638427734375,995613.0
2025-02-19,510.5765295116826,522.2330644962941,506.00060778492696,521.1734008789062,774412.0
2025-02-20,518.1388122571403,528.928365637513,513.0330587855807,525.3157958984375,627894.0
2025-02-21,523.8707342985148,530.228891909224,518.2833052212237,524.111572265625,579614.0
2025-02-24,520.8844281465591,522.6666057929639,514.0928084367844,517.5608520507812,503814.0
2025-02-25,518.2351810685764,519.3430005060083,501.13568435841154,502.3398742675781,1624129.0
2025-02-27,501.9063828661738,505.4707969609756,492.56185687656,494.6330871582031,2132821.0
2025-02-28,490.1053016139678,491.3094915442233,474.7880115809521,478.6895751953125,2317148.0
2025-03-03,481.6759570049769,484.6141685830403,465.9733325662815,482.4948120117188,2527437.0
2025-03-04,477.77442617332815,488.2267716355195,467.8037273018996,484.75872802734375,2796873.0
2025-03-05,482.6393207351515,502.86971142464887,482.6393207351515,501.4728393554688,1733531.0
2025-03-06,511.25090115865066,514.4299508932673,506.67497931081726,510.7210693359375,1505311.0
2025-03-07,513.4665985008097,515.874978418731,506.6268230532485,512.8886108398438,1102620.0
2025-03-10,512.8885954214495,522.0885946716718,506.67496366033856,509.0833435058594,1380384.0
2025-03-11,505.759752757277,516.0194741182584,499.01628938718,514.0445556640625,1482953.0
2025-03-12,516.35666394454,518.6205175898866,497.8121382338452,504.5074462890625,964546.0
2025-03-13,509.61319411808574,510.4802344138034,495.69274633761216,496.7042541503906,1129709.0
2025-03-17,500.99116832053056,515.9712793379944,499.8351342243644,501.6173706054688,1738901.0
2025-03-18,501.6173706054688,501.6173706054688,501.6173706054688,501.6173706054688,0.0
2025-03-19,520.8362440332085,534.5640090240948,518.9095401748385,529.65087890625,1260817.0
2025-03-20,534.1786844320925,540.9703042779182,530.8069524293651,535.4310302734375,1318070.0
2025-03-21,537.5503582732636,551.6634870770115,535.7199661504907,550.748291015625,1626838.0
2025-03-24,552.0006915136645,562.5975634275394,547.6656075488976,557.1064453125,1677434.0
2025-03-25,563.5608902190784,564.0425661936246,545.4498853358078,549.6885986328125,1198501.0
2025-03-26,552.8194834528022,552.8194834528022,539.4289268577726,540.5849609375,1378770.0
2025-03-27,539.525279070976,551.0373472995775,537.0687432159343,548.6289672851562,1332075.0
2025-03-28,551.8079858433076,556.6247455989202,539.7660864542762,543.1859741210938,995411.0
2025-04-01,540.9221182400264,547.7618935443858,536.8760283029626,540.8739624023438,574944.0
2025-04-02,542.3189819688149,545.8351812421954,531.7702665520021,544.9200439453125,688464.0
2025-04-03,539.4770437861514,558.6477693971705,538.9953678541996,552.2896118164062,1663351.0
2025-04-04,553.9273791871032,555.8540831147104,537.1168756590617,541.25927734375,1073812.0
2025-04-07,514.429950161638,529.3619056438578,503.49592886012175,523.8226318359375,2930918.0
2025-04-08,535.3346840013494,555.6613863850192,534.9974755438619,545.1126708984375,4244758.0
2025-04-09,542.3671909608943,545.4980850472582,524.5933343109444,535.9608764648438,2505800.0
2025-04-11,548.0508972932038,550.1702243489358,536.9241362589538,539.139892578125,1498360.0
2025-04-15,546.6058969736237,567.5588010054016,542.4152808882675,566.306396484375,2009461.0
2025-04-16,568.3776702687633,576.3734799721984,565.9211344704897,572.1829223632812,2344820.0
2025-04-17,575.988152214501,585.428989528613,573.1944080508848,582.298095703125,2253697.0
2025-04-21,587.6446760249548,596.362999212871,582.827916385406,584.12841796875,2248648.0
2025-04-22,585.8142933791133,592.7022832951325,580.9012219861274,586.5850219726562,1405480.0
2025-04-23,588.1745242682299,591.8352499369566,573.7724007836963,591.2091064453125,1221212.0
2025-04-24,591.4980993713772,601.0353072291105,589.6195513026313,591.1609497070312,2029135.0
2025-04-25,593.6174549720824,595.9294642625559,564.8613653602508,570.4970092773438,1351835.0
2025-04-28,573.5315701476704,588.0300642925613,571.7493925277026,587.1148681640625,1560852.0
2025-04-29,592.4614484222241,602.9620081818875,582.057259136428,584.5619506835938,1985066.0
2025-04-30,583.0206375693269,587.8373975314028,575.9399651460718,578.9263916015625,1307908.0
2025-05-02,577.818525816126,590.9201484759753,576.9515442831628,579.3599243164062,906483.0
2025-05-05,582.3462365066061,588.3190301791615,577.4813210630335,586.1033325195312,661215.0
2025-05-06,584.7545944330886,587.1148183119662,561.4414670469299,563.6090087890625,1154226.0
2025-05-07,562.0677138617355,578.9263731929312,559.3221254916525,578.3001708984375,909587.0
2025-05-08,579.9378693422594,583.2614453033068,552.0969746867268,556.0467529296875,1327750.0
2025-05-09,542.3671382258591,554.8425575166539,542.3671382258591,553.6865234375,777353.0
2025-05-12,568.6666235522811,581.9608682169829,568.6666235522811,579.4561767578125,2186006.0
2025-05-13,578.9745411532831,594.3881728645185,576.1807968862861,580.9012451171875,1644329.0
2025-05-14,573.1944266239609,596.6038679180112,573.0981149455444,593.906494140625,2467993.0
2025-05-15,599.2049139477073,607.7787698370333,586.8740207258141,602.0468139648438,4669972.0
2025-05-16,610.7651546731745,611.7285066521542,586.055152893008,598.337890625,7031785.0
2025-05-19,596.3148403529763,597.2781922760021,577.04780189246,579.6007080078125,4828693.0
2025-05-20,583.4541214075499,583.4541214075499,565.5357401849824,566.7880859375,3752657.0
2025-05-21,568.3776573728625,576.5661490468783,562.8383835933812,573.9169311523438,1860193.0
2025-05-22,573.6760877153295,574.7357513437477,562.1158642852977,571.5567016601562,1508904.0
2025-05-23,575.024842205715,579.2153999584272,569.148359625677,575.072998046875,1839400.0
2025-05-26,578.0111976527538,583.3096336312374,575.1692975046265,581.2384033203125,2310350.0
2025-05-27,582.0572815209496,583.983985492354,575.0248237849912,578.8300170898438,1072628.0
2025-05-28,582.8279559597697,582.8279559597697,571.0750498815743,572.3756103515625,2596317.0
2025-05-29,576.0363248879967,578.0111846759719,569.3410169058324,574.2059326171875,1624633.0
2025-05-30,574.0614767567062,577.3849940974085,565.8247701691513,574.59130859375,2806423.0
2025-06-02,573.1944141891737,582.1535756260765,570.3043583193123,580.3232421875,1331928.0
2025-06-03,582.8279633568234,591.8352810893655,580.6604213443393,585.8143310546875,2969033.0
2025-06-04,586.6813656175451,589.7641037646944,578.2038798116394,581.2384033203125,1650309.0
2025-06-05,582.8760565966611,586.1033207476451,576.2771195867148,579.1671752929688,1508253.0
2025-06-06,580.1306122661971,593.9065347264611,573.4353038052327,590.9683227539062,3541465.0
2025-06-09,595.3514922440277,600.7462395281992,594.9179721162217,599.3494262695312,2583496.0
2025-06-10,602.0949700674482,602.3358080554752,592.943126522423,595.4960327148438,1596557.0
2025-06-11,596.3148521403194,604.2625056623835,592.9431203430802,597.4708862304688,2206461.0
2025-06-12,598.2415614299792,600.4572591570897,581.1420643037601,582.4425659179688,1664346.0
2025-06-13,568.3776499430338,579.2153593699137,567.1253041689284,578.0111694335938,3086858.0
2025-06-16,579.9378386921966,584.9472802877426,568.90744777468,583.3095703125,867846.0
2025-06-17,583.7913015225109,589.0897374274182,576.4698499732473,578.7337036132812,1145741.0
2025-06-18,577.0478033608948,585.2362947274518,574.6875793838084,581.8645629882812,1147464.0
2025-06-19,581.575579578093,581.575579578093,557.4436251726922,560.4299926757812,2106363.0
2025-06-20,563.1755610420489,578.5410373479949,560.5263430168286,572.7609252929688,1916265.0
2025-06-23,567.4143071239993,572.7608987676224,559.7556472461046,569.6300048828125,3871676.0
2025-06-24,578.0111882768772,588.5117483832425,572.9535903794545,580.8530883789062,1946233.0
2025-06-25,584.2729832810392,591.4499673827413,582.4425909764867,587.69287109375,1389319.0
2025-06-26,590.5347286170162,601.5169640551659,584.8509287537337,599.2530517578125,2892656.0
2025-06-27,603.0583576368114,604.3107034888491,587.6928813335217,590.1976318359375,2897771.0
2025-06-30,591.5462713781776,598.3861057130861,591.5462713781776,596.1703491210938,1465724.0
2025-07-01,596.1703300463026,596.1703300463026,585.7661407580442,588.9451904296875,1400114.0
2025-07-02,589.5713971550123,593.8583251194833,583.3096094401307,586.8740234375,1038538.0
2025-07-03,589.571399867182,590.0530758474657,584.7546400643456,587.0184936523438,1183645.0
2025-07-04,586.6813225323355,593.3766301731187,584.9954566629897,588.4153442382812,676058.0
2025-07-07,587.6447157341265,589.57141972014,583.8394636020819,585.5253295898438,591073.0
2025-07-08,585.5253206078346,588.7525850139044,577.5776667874464,582.9724731445312,1369320.0
2025-07-09,583.7912717962125,585.2362996966982,579.2153501113413,582.0090942382812,1196902.0
2025-07-10,585.6697942063792,589.5232017724402,579.5524744162572,583.3095703125,1041149.0
2025-07-11,582.7797775185272,586.1033535262616,576.6143014810393,582.4907836914062,1432073.0
2025-07-14,580.6122352233546,588.9934089941952,578.733687150838,584.6583251953125,1171906.0
2025-07-15,587.5965566422989,597.2782323587692,586.1996845005017,596.3148803710938,2537107.0
2025-07-16,596.7483977555651,615.5819172675411,595.2069993034348,613.703369140625,4955226.0
2025-07-17,615.7745711016179,618.231106786134,612.6918331374853,614.859375,3214970.0
2025-07-18,615.7746072226355,622.8070650294251,604.5033771167274,605.2258911132812,2430570.0
2025-07-21,606.9116946153812,608.7420867375229,596.8928113754129,600.79443359375,1258287.0
2025-07-22,602.191275467602,608.6457452391273,595.3996560356873,597.4708862304688,1066521.0
2025-07-23,599.2048935290425,600.5053951001654,589.4268480333102,596.9410400390625,913197.0
2025-07-24,597.2781776235213,599.5902457013974,589.1859981492885,592.1724243164062,967248.0
2025-07-25,589.234246983022,595.688658044911,578.5410050001091,584.6583251953125,3085959.0
2025-07-28,586.6813186199623,590.0048944998902,566.9807601184592,568.6666259765625,1699737.0
2025-07-29,567.4142515482985,577.1440819179942,563.3681619337885,576.3252563476562,2526778.0
2025-07-30,577.0478545425808,578.3002003971119,566.8845025870164,568.4258422851562,1194302.0
2025-07-31,564.5242318584047,568.8593155501501,561.1525000981583,564.5723876953125,1636644.0
2025-08-01,564.476077554977,565.4875853261317,539.8624473979786,549.3514404296875,2495374.0
2025-08-04,549.3514512901647,572.9054183046231,549.3514512901647,569.38916015625,2853738.0
2025-08-05,569.4373152321386,569.4855298684017,554.1200544763777,558.406982421875,2773442.0
2025-08-06,558.7923126850562,559.2739886823364,551.8080107244938,554.987060546875,1037270.0
2025-08-07,554.5536018265727,559.5148293431604,547.7137673536466,557.2028198242188,1117020.0
2025-08-08,557.7326226867364,560.429996384528,548.1472590335993,549.6885986328125,1562824.0
2025-08-11,552.915841073143,554.4571806113954,548.2435490258345,553.2529907226562,868496.0
2025-08-12,553.9273802538526,554.409056236682,551.037324356876,552.1452026367188,616119.0
2025-08-13,554.9870745290475,555.8541148653316,550.4111524396016,553.3012084960938,939214.0
2025-08-14,554.4090725208093,555.8541005117411,546.0278984137374,548.3881225585938,939890.0
2025-08-18,553.9273565531367,555.2760727666872,544.9681954155096,546.9912109375,4253108.0
2025-08-19,549.1106143374029,561.4415076014527,546.2205584724693,558.5032958984375,4224172.0
2025-08-20,560.3818525320796,561.8268804866242,555.5650926835974,558.8404541015625,1561218.0
2025-08-21,562.5975507351787,562.5975507351787,556.0467690958751,556.6729125976562,724860.0
2025-08-22,558.8786368977474,559.7609460351736,551.0361017518956,552.4085693359375,1778532.0
2025-08-25,553.4868952670705,555.7416719937617,549.0264653592941,550.0557861328125,845716.0
2025-08-26,549.9577951279484,555.2024667451151,544.0268896962691,549.36962890625,1629147.0
2025-08-28,549.2715314762019,549.2715314762019,535.4490875129751,536.576416015625,2560978.0
2025-08-29,534.6648786886489,547.3599350920163,534.272727982299,544.27197265625,1722586.0
2025-09-01,544.2719365977689,552.9477169383591,543.1935521436492,552.310546875,678306.0
2025-09-02,552.8986945858762,554.8593282546206,544.3209222851202,545.497314453125,1063167.0
2025-09-03,545.7424306243449,548.7813890832078,544.7131098452975,546.134521484375,691081.0
2025-09-04,553.3398889560863,553.8790512870402,542.2623198971046,543.3896484375,778989.0
2025-09-05,545.9384935150039,546.967814270566,539.4193623401201,543.2916259765625,458431.0
2025-09-08,544.9090865542348,551.9183758290976,542.4092906020512,548.6343383789062,641290.0
2025-09-09,549.4676304576548,551.2811928155667,546.0365212576515,546.57568359375,436744.0
2025-09-10,548.0461641338189,552.4085864102958,547.8991524955671,549.76171875,725295.0
2025-09-11,550.9380948202338,555.8396792937234,550.0557856814877,551.6243286132812,595170.0
2025-09-12,552.3105584878556,558.6826182581843,552.3105584878556,555.9376831054688,1999528.0
2025-09-15,558.5845249752304,564.4664260311306,554.6632576046302,560.4961547851562,1531927.0
2025-09-16,561.1824354313699,562.6529108182106,557.555250843737,558.8296508789062,1245789.0
2025-09-17,560.7902758513493,563.094056487878,558.5355589273092,560.7412719726562,498684.0
2025-09-18,563.6822075835254,583.2885452386046,561.6725699406386,581.5239868164062,4634182.0
2025-09-19,580.3475943983151,584.1708541733082,575.2989385202851,581.1318359375,1602392.0
2025-09-22,579.8574553151043,582.9944814103645,572.4070706934328,575.7401123046875,1223800.0
2025-09-23,575.7400694846925,576.6713824515851,567.7995269960114,571.132568359375,660351.0
2025-09-24,570.5444268675338,573.9265320863425,567.6034762135776,569.3190307617188,659123.0
2025-09-25,568.5837772107939,570.7404862635243,559.2217631907195,560.153076171875,539499.0
2025-09-26,560.7412389245151,563.094023301072,551.6733080502987,553.8300170898438,788424.0
2025-09-29,553.8790574200702,561.427509638395,552.4085820463887,556.0357666015625,494815.0
2025-09-30,553.8790283203125,559.9570048456303,551.5753076227629,553.8790283203125,2519407.0
2025-10-01,553.8790500425882,567.1133282294466,553.4378954696006,565.8389282226562,919596.0
2025-10-03,567.6034933908039,571.9659156262834,562.7509126981647,567.0643310546875,863724.0
2025-10-06,568.5838107904785,570.8875316075768,563.0940599991234,565.4957885742188,629412.0
2025-10-07,568.5347845226221,570.6914936177935,553.5849521552165,555.49658203125,1244017.0
2025-10-08,559.3687574494195,559.7119042390806,550.4478982588827,550.987060546875,1591967.0
2025-10-09,552.4085408601242,554.4181784208961,547.9971150679847,549.4675903320312,2247538.0
2025-10-10,550.5459625795856,561.0843695507677,550.0068002361916,557.2611694335938,987991.0
2025-10-13,553.8790453454919,562.4568181716389,551.9674154346202,561.0843505859375,1243809.0
2025-10-14,561.7215624223644,562.6038715324611,549.0264470814877,554.6632690429688,970192.0
2025-10-15,554.8593570191076,561.8195829704586,554.6632816753101,557.8983154296875,1061303.0
2025-10-16,560.0549940150732,560.7412277640601,554.9573345231872,558.0943603515625,570837.0
2025-10-17,557.849305008759,559.4668517838713,553.6829582955598,557.0650634765625,1008096.0
2025-10-20,559.2707728027636,569.2700168161273,558.4375273990638,561.7705688476562,2230106.0
2025-10-21,561.8686672230778,564.9566296240511,561.5745242797309,562.3588256835938,91555.0
2025-10-23,565.6428424442732,570.2503437688971,561.7215749056649,569.3190307617188,793002.0
2025-10-24,571.4757331084521,575.1519213823716,566.4760811556455,568.0936279296875,922766.0
2025-10-27,571.5247406776067,574.9558497554311,567.0153069659837,572.84814453125,709954.0
2025-10-28,574.4166796577963,577.357630256095,571.132582256087,574.36767578125,1462332.0
2025-10-29,577.2105457111803,583.1905143591378,572.554040702739,581.76904296875,1109668.0
2025-10-30,581.3279364468306,582.651340361884,554.4672287719238,559.2218017578125,6562217.0
2025-10-31,561.6725477505488,563.4861099784773,557.0160427414328,559.7119140625,2062927.0
2025-11-03,561.6725745292536,566.0349966599065,559.7609446255074,564.2213745117188,949133.0
2025-11-04,564.6625381097562,566.6231719226372,559.0747197762859,562.701904296875,761141.0
2025-11-06,561.7705562912364,562.3097185894495,552.65362159575,558.9276733398438,1496751.0
2025-11-07,556.3788505931207,563.4861481943173,550.0557945535728,559.95703125,855955.0
2025-11-10,560.7902305115958,562.7018602964342,558.2904345624029,560.4471435546875,497644.0
2025-11-11,560.2510986328125,562.1137246440245,554.222125868863,560.2510986328125,477001.0
2025-11-12,562.6038971939283,564.4174595394339,559.6138827587715,561.5255126953125,523173.0
2025-11-13,561.5255017162284,562.2607393825382,556.0847549522949,556.7219848632812,922564.0
2025-11-14,554.8593283208602,558.7805956588168,553.486860819059,556.52587890625,824463.0
2025-11-17,556.5258916319395,561.3294083305003,555.6435825272076,559.7609252929688,528243.0
2025-11-18,559.7609504901686,560.300112818978,555.3495244355175,556.3788452148438,586954.0
2025-11-19,556.8200101754143,557.4572401064928,551.0361164178906,552.506591796875,940685.0
2025-11-20,554.6633080267762,555.8397003116555,542.0662593870944,543.8798217773438,879789.0
2025-11-21,543.4877230971837,543.5367269763086,533.488478570054,535.155029296875,1257819.0
2025-11-24,537.213678269439,538.1449913207896,533.0963351918554,535.2040405273438,1533246.0
2025-11-25,534.3706949361577,543.0955388989173,533.3413742028371,537.3116455078125,1486951.0
2025-11-26,538.978206169029,546.8697450498387,537.0665762950953,544.860107421875,1867914.0
2025-11-27,545.7424285108192,546.575673939727,537.311667296587,539.4193725585938,913611.0
2025-11-28,539.1743013413951,541.1349351644548,537.4097428674007,538.2919921875,618499.0
2025-12-01,540.0566026618276,543.8307987829547,538.2429805015263,539.8115234375,289709.0
2025-12-02,539.174290604581,545.4483426469521,537.8018230222514,543.7327880859375,2401015.0
2025-12-03,543.6837205409346,543.9778634734988,534.7628608200752,538.5861206054688,1627288.0
2025-12-04,538.5370507690708,540.3506728861482,533.9786132054951,536.184326171875,1547387.0
2025-12-05,536.1843370894854,540.007537075448,528.439809694098,531.1356811523438,1721468.0
2025-12-08,532.2140483837717,534.272689860727,511.0391682614928,512.5096435546875,2161921.0
2025-12-09,512.117546048172,525.3518235147644,508.3432902777945,522.7049560546875,1208513.0
2025-12-10,522.8519997941561,528.2928065093947,518.5876451709754,520.9404296875,938828.0
2025-12-11,523.9303827970821,524.4205412504738,519.5679605951374,522.9010620117188,573914.0
2025-12-12,523.8813490337536,527.9986319403371,520.6462555588779,521.9207153320312,1285079.0
2025-12-15,522.116769479623,523.3912293471055,516.4309432905502,520.9894409179688,1149555.0
2025-12-16,519.8130448023362,524.7146293832163,512.8037549181593,515.4506225585938,1223972.0
2025-12-17,515.4505927383683,520.0580939445983,511.7254006391712,514.4702758789062,689096.0
2025-12-18,514.2742131732239,518.6856391491681,510.4510132276821,517.705322265625,864472.0
2025-12-19,518.5876214126157,523.342134272768,516.2348370038806,521.9697265625,781527.0
2025-12-22,523.195098985579,525.3027442490493,522.0187068344053,523.3911743164062,633823.0
2025-12-23,524.8617021768767,527.2144268813506,521.626608478306,523.3421630859375,556706.0
2025-12-24,523.3421596066428,531.0866871459816,523.2441518489483,528.8319702148438,540891.0
2025-12-26,528.8319702148438,531.0376832671344,527.165419497465,528.8319702148438,925693.0
2025-12-29,529.66517003413,529.66517003413,524.0773521495391,528.1456909179688,1067441.0
2025-12-30,528.1456988491648,530.0083247832632,524.6165821500002,527.018310546875,638040.0
2025-12-31,527.4104525266836,530.8905652931405,523.0970345576332,528.929931640625,1129215.0
2026-01-01,529.02804755732,529.3221306653076,523.6853083993262,525.3027954101562,698194.0
2026-01-02,525.6949541584628,536.9685988630265,525.6949541584628,534.8118896484375,988536.0
2026-01-05,537.6058261959005,537.6058261959005,527.8516608146431,529.2731323242188,696505.0
2026-01-06,529.2731323242188,534.2727247137091,527.5575777035784,529.2731323242188,1238684.0
2026-01-07,529.2731180790537,533.5864765374363,523.1951413341833,527.6065673828125,1101840.0
2026-01-08,527.6065687271906,529.9102895138267,513.7840645059879,515.401611328125,2029714.0
2026-01-09,513.9801008632959,531.331720682604,511.9214594583741,517.50927734375,1984558.0
2026-01-12,515.6466648625753,519.5189284000699,502.31437959051993,508.5393676757813,3296969.0
2026-01-13,509.9608524866535,516.4309199553492,504.176958966309,510.7940979003906,1358409.0
2026-01-14,512.5096427287692,526.9203125456124,511.28424665308177,524.714599609375,3607165.0
2026-01-15,524.714599609375,524.714599609375,524.714599609375,524.714599609375,0.0
2026-01-16,524.7146012122166,530.3514231775978,521.0874168503432,523.1461181640625,1046968.0
2026-01-19,520.5482389194531,524.4205023809982,517.6562922920313,523.440185546875,1309166.0
2026-01-20,524.0283591645876,524.3224422522477,509.7647609920493,512.4606323242188,1832569.0
2026-01-21,512.5096633126061,515.940772462334,494.3247967858069,496.8736267089844,3667334.0
2026-01-22,502.90256913049154,508.7844705238306,499.814576882368,506.9218444824219,2394517.0
2026-01-23,506.9218454402838,510.7451052866965,494.7659517713574,496.48150634765625,990874.0
2026-01-27,500.94193313380384,505.353359159444,490.69760961861385,500.0106201171875,1866331.0
2026-01-28,501.0889609507366,509.715767336794,501.0889609507366,508.7844543457031,840621.0
2026-01-29,509.27458794702574,514.3232435031158,507.9511841736535,512.3626098632812,1120836.0
2026-01-30,512.31355063114,517.9994361033678,507.31395873939846,515.9407348632812,1322226.0
2026-02-02,497.6088567019151,498.000977472451,478.4926774485435,486.5802917480469,5746786.0
2026-02-03,500.94192658448975,513.5880382928409,494.2757837552123,499.1773681640625,2291494.0
2026-02-04,502.9025708736265,508.2943138362092,497.3147525638272,505.5494384765625,2367355.0
2026-02-05,508.0492345179087,510.0588722004728,503.7358162151117,505.3533630371094,1053059.0
2026-02-06,505.3533606446331,512.5586659075032,500.50078003540864,507.9021606445313,2194294.0
2026-02-09,507.8041422547422,516.3819149279642,505.84350850086287,513.3429565429688,4862988.0
2026-02-10,513.686058883188,516.8230849499971,510.5000289378247,512.2645874023438,936081.0
2026-02-11,514.4702677381314,516.1368183396045,508.2942835880056,515.2055053710938,1067231.0
2026-02-12,515.1565303666147,515.1565303666147,504.8632029282712,506.9218444824219,707493.0
2026-02-13,504.8632026174241,505.2062895983063,496.7265843284072,497.6578674316406,967179.0
2026-02-16,497.0206497405305,502.412392489195,492.90330694751896,501.0889587402344,916231.0
2026-02-17,500.9419265488884,511.7254122475925,499.6184927752136,508.6373901367188,754498.0
2026-02-18,509.6667541290327,513.5880215281135,507.3629736317976,511.8724670410156,681082.0
2026-02-19,519.5679466660345,522.1658103328823,506.7258194649765,509.8137817382813,1812369.0
2026-02-20,508.78447287929447,519.5679588170059,507.3630014025644,514.2252197265625,1801249.0
2026-02-23,517.4602377297973,518.9797767507171,510.00985342491146,514.519287109375,842871.0
2026-02-24,513.637033016288,522.5088886714366,511.43132007161495,521.5775756835938,1604626.0
2026-02-25,524.2734594094266,540.5467556403776,521.1364334030196,536.2333374023438,2120355.0
2026-02-26,536.2333390481516,540.0565988542247,529.5671961601985,534.6648559570312,887973.0
2026-02-27,534.2727026946043,535.498098801702,523.9793753949834,527.1654052734375,1504434.0
2026-03-02,514.6663419242669,524.4205064665423,511.2842368534349,517.5582885742188,1733321.0
2026-03-04,509.7647719217544,513.2938887169261,501.0889616470144,507.80413818359375,1795199.0
2026-03-05,508.8824608913925,512.6077128469159,503.6867934715742,511.1372375488281,745762.0
2026-03-06,509.7647761310794,515.5976735170303,500.5498034690124,501.7261657714844,1012776.0
2026-03-09,488.540930466469,492.6092395961723,480.1101991885082,490.3545227050781,2597772.0
2026-03-10,494.4228377466703,504.8142029383197,494.4228377466703,502.4124145507813,1179868.0
2026-03-11,503.9808873996325,511.6764108586821,491.4818770140639,495.4521484375,1249142.0
2026-03-12,490.15843306286047,496.1873758061543,482.31589813385466,488.6879577636719,2540980.0
2026-03-13,485.59998229323406,493.9816798196602,480.6003601209371,486.8253784179688,1637745.0
2026-03-16,487.1684764950487,494.52085295940566,480.64934542980177,491.62890625,2286161.0
2026-03-17,489.42319501124143,493.9326585750949,478.9828263789578,489.080078125,1890810.0
2026-03-18,492.1190710210133,497.90293459744265,489.8153203824559,493.2464294433594,1689650.0
2026-03-19,489.1781270955193,490.1094401058468,472.5127400000808,473.9832153320313,2785790.0
2026-03-20,479.0808807312532,484.913748332882,473.9832208873192,476.5810546875,1165789.0
2026-03-23,473.4930424958092,474.1792762632864,449.867400230548,451.6319885253906,3943606.0
2026-03-24,458.7882918515136,471.5324110696112,457.6118996492383,469.57177734375,2779618.0
2026-03-25,474.3263229340466,490.94267590943065,473.5420514888988,486.53125,2495210.0
2026-03-27,490.1584501882314,501.922252992749,488.49189949083245,496.08935546875,5161239.0
2026-03-30,490.1584276702896,500.8929092030274,482.5119681653916,485.5019226074219,3244305.0
2026-04-01,500.9419140166106,507.6080566786446,494.3247752306769,505.40234375,1766925.0
2026-04-02,499.9616041227394,508.63738449605785,491.873989938401,507.2159729003906,1731934.0
2026-04-06,507.2159644463208,509.9118357961666,498.7361997214707,507.3629760742188,1102363.0
2026-04-07,505.79451142370846,507.3629945143812,499.2263762931516,502.7554931640625,1053633.0
2026-04-08,516.6269813665283,520.058090350936,509.76476339771295,519.17578125,1834856.0
2026-04-09,519.4208436578012,523.0480278621508,514.4212518043669,521.8226318359375,1029751.0
2026-04-10,522.5088896756739,527.8516285631313,518.6856299640419,521.1854858398438,1006830.0
2026-04-13,511.7253958576088,514.4212671959391,503.0986195417102,510.10784912109375,1218384.0
2026-04-15,518.3915250448684,521.8716378065355,514.3232461217724,519.0777587890625,1256635.0
2026-04-16,521.5285696124904,526.2340785745663,519.1267813383059,524.3224487304688,1509312.0
2026-04-17,525.9889886842834,530.5474859250917,522.1167251984278,529.37109375,1144342.0
2026-04-20,529.4691500607971,534.468802305032,519.911059991468,526.1361083984375,1115177.0
2026-04-21,531.3807666307727,555.3495269357102,527.8026458261685,554.026123046875,5519886.0
2026-04-22,556.231824467937,557.3591529853809,545.3012672669558,548.046142578125,1433675.0
2026-04-23,544.0758966115559,552.8497451092584,534.2237234234574,534.8118896484375,1322221.0
2026-04-24,534.8118320365251,539.0762461265424,522.8029509274787,530.1063232421875,1046981.0
2026-04-27,533.2924043761906,534.664871997442,523.881385879541,532.4100952148438,1595904.0
2026-04-28,532.4591090331701,542.0662019802969,529.6651701732454,539.1742553710938,982947.0
2026-04-29,542.0172131330471,556.5258906221633,535.0569275613724,551.0851440429688,2435923.0
2026-04-30,551.0851722273782,551.0851722273782,538.7821471992852,543.7817993164062,716565.0
2026-05-01,543.7817993164062,543.7817993164062,543.7817993164062,543.7817993164062,0.0
2026-05-04,544.2719406163324,550.7420080536491,540.3996769958168,546.0364990234375,690871.0
2026-05-05,546.4286417494613,549.6636754210103,539.7624392337935,547.1638793945312,790904.0
2026-05-06,549.663659286632,573.4853463208956,549.026429412759,570.6914672851562,4102921.0
2026-05-07,574.955848320526,583.190534020271,568.7798639626142,574.8087768554688,2128125.0
2026-05-08,574.8087731427989,575.9361614775063,566.6721550835775,570.0542602539062,654532.0
2026-05-11,567.4564083498705,586.4255760885916,559.9570200349482,574.0735473632812,3516659.0
2026-05-12,574.0735697204166,578.3869881417723,554.4672311393396,556.4769287109375,1988274.0
2026-05-13,554.6632931548162,576.2792689539297,554.6632931548162,574.1226196289062,3207656.0
2026-05-14,559.0257266875446,569.5151297556749,536.037282821052,549.36962890625,5113856.0
2026-05-15,551.0361060235592,552.8987320686562,534.4687862997934,536.2823486328125,3316350.0
2026-05-18,534.2727273032395,536.6255118707543,523.2441618313836,534.8118896484375,1750842.0
2026-05-19,538.193974110303,539.1742910030358,530.4004428463184,532.3120727539062,763100.0
2026-05-20,529.371088958519,537.1646197349443,524.7635878841588,536.0372314453125,1270072.0
2026-05-21,538.6840976049644,541.8701272996252,524.7635866646111,527.3614501953125,929145.0
2026-05-22,531.7238788876367,532.7531996046944,525.7439102528114,528.5868530273438,993024.0
2026-05-25,533.2923971951569,535.4981102350266,528.2928049049706,532.7532348632812,1091350.0
2026-05-26,534.3217024149696,537.3607206372042,529.3711141475706,533.439453125,666052.0
2026-05-27,533.9295877742921,548.4382649562414,532.7531956062874,545.497314453125,1206626.0
2026-05-28,545.497314453125,545.497314453125,545.497314453125,545.497314453125,0.0
2026-05-29,547.9971110905046,553.8300082289776,520.5972435692212,522.6559448242188,1618769.0
2026-06-01,525.449836062745,531.2337294603856,521.0874140764357,527.0673828125,1794232.0
2026-06-02,521.5285927460573,526.4301772643472,518.0484797048304,524.4695434570312,637616.0
2026-06-03,524.4695162519847,533.8315302295374,513.2448763205809,530.5964965820312,1832015.0
2026-06-04,530.351459579913,536.9685988630265,525.8910295113885,534.8118896484375,1251639.0
2026-06-05,535.2530109566849,541.8211459516666,532.1159850062973,538.92919921875,2983748.0
2026-06-08,531.3317573251213,540.1056055060128,526.9203312956693,530.3514404296875,3246619.0
2026-06-09,530.4985258696388,543.0955743742227,529.4201413559824,541.8701782226562,589940.0
2026-06-10,543.095560070327,543.095560070327,528.7829573305114,530.3514404296875,505435.0
2026-06-11,530.6455432071286,534.2237239416538,522.9010753463249,525.3518676757812,851702.0
2026-06-12,532.9493057804517,550.2028592598023,531.3807628426412,548.4873046875,2541823.0
2026-06-15,553.3888851542789,559.5158657250747,540.2526148769748,542.948486328125,1197810.0
2026-06-16,541.8701245435199,549.908734468228,539.6644116892043,541.9191284179688,584674.0
2026-06-17,542.1152431941729,544.9091224127407,535.7431833736266,540.20361328125,970189.0
2026-06-18,541.1349123740883,545.4973344134279,535.7431695877523,539.3213500976562,1362678.0
2026-06-19,537.7528302135821,542.7524823660149,534.4197886124228,539.0762939453125,1088518.0
2026-06-22,541.1349053882749,542.6053806746561,536.2823249764584,537.7037963867188,1084087.0
2026-06-23,538.193944730705,539.7134238647346,529.3710931777425,530.5474853515625,928998.0
2026-06-24,529.8612673805525,541.7230775549069,527.9006336437142,539.7134399414062,1229302.0
2026-06-25,542.605402285913,545.9385036679803,537.2136593544359,539.0272216796875,1850385.0
2026-06-26,539.0272216796875,539.0272216796875,539.0272216796875,539.0272216796875,0.0
2026-06-29,540.1546176429099,551.5753335828527,533.3904070274749,549.7127075195312,5408871.0
2026-06-30,552.8987426757812,554.8593765150571,541.8211734506322,552.8987426757812,2564040.0
2026-07-01,554.8593296271544,557.3101217191471,536.2823136030912,543.5366821289062,1842330.0
2026-07-02,544.0758533716817,548.6833545471733,540.1545859599938,542.0172119140625,724232.0
2026-07-03,544.8600940913307,552.8987042403063,541.9191435368609,542.8014526367188,986542.0
2026-07-06,545.0071604810857,546.6737110798691,535.2529959327687,538.046875,631362.0
2026-07-07,537.2136181109183,538.7821010915947,531.8218755933817,532.8511962890625,684914.0
2026-07-08,532.312081533586,533.586481548399,517.6073279000616,520.1561279296875,1257694.0
2026-07-09,521.0384305529471,532.0669956399098,521.0384305529471,529.175048828125,769495.0
2026-07-10,530.3514575637021,542.8014945046925,530.3514575637021,538.341064453125,1462462.0
2026-07-13,535.4981117975124,543.9778769979387,532.361085720452,541.0369262695312,1885782.0
2026-07-14,538.684096742948,542.8014393854485,532.6551243199519,538.7821044921875,1622604.0
2026-07-15,541.1349123740883,551.9183979467604,538.3900371041668,539.3213500976562,1624750.0
2026-07-16,541.0859412505957,542.3603412922954,534.566809735344,535.98828125,1117938.0
2026-07-17,537.115660120938,541.036927769687,532.8022417737955,539.0762939453125,698630.0
2026-07-20,537.213627903313,543.5366834831667,535.7921565196572,541.5760498046875,2352852.0
2026-07-21,543.0465500794662,543.4386409329493,536.2333357661358,537.8018188476562,345009.0
2026-07-22,537.8018262046554,539.1742937951063,526.9693364506218,527.9986572265625,616187.0
2026-07-23,526.5281708771563,529.0770306584748,521.185491762776,523.1951293945312,609442.0
2026-07-24,519.7150202580451,531.4788228722002,518.8327111284658,528.341796875,516519.0
2026-07-27,531.7238927670583,542.6053860607761,530.4494329725097,540.8898315429688,763125.0
2026-07-28,540.1545907395454,543.5366958788111,532.5571350621743,534.9589233398438,560719.0
2026-07-29,539.1742912362251,545.9385017325249,535.8411898659742,542.556396484375,1485850.0
2026-07-30,542.5073788218474,542.5073788218474,525.8419920616349,530.25341796875,1512548.0
2026-07-31,526.9202972532428,529.5671646666684,511.23522793965793,512.8037109375,4188796.0
2026-08-03,515.1565139858709,516.626989287448,504.9611946280852,508.7844543457031,2191300.0
2026-08-04,506.7748217206536,508.3923086680297,499.3244074692993,501.9222412109375,1388121.0
2026-08-05,504.4710485485479,506.67676155493086,500.0106186579548,501.9712524414063,1022787.0
2026-08-06,503.392721618048,504.86319694896736,494.86395273195706,495.0600280761719,2575192.0
2026-08-07,497.3637869681777,497.9029492983372,492.80531935033656,494.3247985839844,1604722.0
2026-08-10,494.9619940654487,496.9226278545112,490.158447265625,490.158447265625,1388633.0
2026-08-11,492.11907958984375,494.6679094914176,489.3742042600856,492.11907958984375,1493009.0
2026-08-12,493.0503882701237,498.0009765625,489.6192791796341,498.0009765625,1559589.0
2026-08-13,498.9812978311364,498.9812978311364,490.5996003746022,492.11907958984375,1372938.0
2026-08-14,492.1190810546875,492.2171187275201,488.19781347656254,490.158447265625,874975.0
2026-08-17,490.1584255832916,490.2074294590914,486.4822373914169,488.44287109375,2838836.0
2026-08-18,490.15844790579536,491.9230063514973,486.1391426495884,488.9820556640625,1854138.0
2026-08-19,491.13876637510606,491.38384559984416,486.9234156763702,487.2174987792969,971490.0
2026-08-20,490.1584487350928,501.3830891778854,488.3938902864054,498.0499877929688,2938868.0
2026-08-21,500.0,500.7999877929688,491.0,497.0,3123216.0
2026-08-24,496.7999877929688,499.9500122070313,485.4500122070313,491.3999938964844,4349249.0
2026-08-25,490.0,506.3999938964844,489.1499938964844,506.0,3617182.0
2026-08-26,506.0,526.9000244140625,506.0,524.4000244140625,6509187.0
2026-08-27,528.2000122070312,543.4000244140625,523.4000244140625,535.5,7375648.0
2026-08-28,536.0,543.0,531.75,535.0,4033348.0
2026-08-31,535.5999755859375,540.4500122070312,528.4500122070312,538.4000244140625,3367439.0
2026-09-01,538.4000244140625,538.4000244140625,526.3499755859375,534.9000244140625,2000075.0
2026-09-02,530.0,542.1500244140625,525.25,541.25,2788144.0
2026-09-03,542.0,555.9500122070312,536.5999755859375,554.0,5798155.0
2026-09-04,554.0,579.4000244140625,554.0,562.0499877929688,7126780.0
2026-09-07,563.1500244140625,567.5999755859375,548.0,552.0,1618855.0
2026-09-08,551.0,563.0,545.4000244140625,563.0,2858992.0
2026-09-09,560.0,564.75,550.4500122070312,555.0,2616014.0
2026-09-10,558.0,558.0,543.7999877929688,552.2999877929688,2842584.0
2026-09-11,546.0,572.3499755859375,546.0,562.9000244140625,11556446.0
2026-09-14,562.9000244140625,562.9000244140625,562.9000244140625,562.9000244140625,0.0
2026-09-15,563.9000244140625,565.25,538.5,542.0,4654811.0
2026-09-16,541.7999877929688,551.4500122070312,529.5999755859375,543.0,3693410.0
2026-09-17,542.0499877929688,554.5499877929688,541.0499877929688,545.9000244140625,3377564.0
2026-09-18,548.5999755859375,552.0,543.5999755859375,548.1500244140625,2234836.0
2026-09-21,548.2999877929688,574.1500244140625,543.6500244140625,568.0,3749732.0
2026-09-22,569.0,573.9500122070312,563.2000122070312,565.0,2772548.0
2026-09-23,565.0999755859375,576.7000122070312,564.0499877929688,572.5,3008551.0
2026-09-24,569.7999877929688,571.9000244140625,563.7999877929688,564.25,1297709.0
2026-09-25,564.75,569.55,558.6,566.0,1070523.0
