Date,Open,High,Low,Close,Volume
2021-09-23,81.23649171428666,83.49045361106512,81.23649171428666,82.45738983154297,8960042.0
2021-09-24,82.88001276684801,83.11480033842548,79.68690036036477,80.2503890991211,6654749.0
2021-09-27,80.29734317409795,82.41043115236369,80.29734317409795,81.7530288696289,6332536.0
2021-09-28,82.17565198188258,84.28874017570242,81.330415271325,83.25567626953125,14880383.0
2021-09-29,82.17564168595868,84.80526508596829,81.61215300457015,84.42960357666016,12817821.0
2021-09-30,84.99309571228852,86.68356899030468,84.52352059785598,85.41571044921875,17488011.0
2021-10-01,84.47656500427598,84.85222655012531,83.1147999613637,84.19482421875,8200859.0
2021-10-04,84.52351196767972,86.73051334713976,84.28872443443618,85.8852767944336,11552163.0
2021-10-05,85.74442157025294,86.68357182988267,84.9461381174494,85.55658721923828,5876262.0
2021-10-06,85.46268180247104,86.5427061374001,83.3026331326129,83.58438110351562,6764558.0
2021-10-07,84.19482115009234,85.41571217316968,84.19482115009234,84.71134948730469,4772854.0
2021-10-08,85.04005608979082,86.40182105558611,84.14785907328043,85.41571044921875,7675926.0
2021-10-11,85.46267420486129,86.54269844377649,85.13397304479525,85.3218002319336,5775707.0
2021-10-12,85.46267420486129,85.83833574428587,84.05394880588007,85.3218002319336,5704295.0
2021-10-13,85.79137048979175,88.1862063980313,85.60354331332678,86.77748107910156,15475662.0
2021-10-14,87.48184070420434,89.31318068923284,86.68356448419568,88.60881805419922,17866584.0
2021-10-18,89.219274879994,90.1114647627348,87.10618679073099,87.29401397705078,12973008.0
2021-10-19,87.85751014892617,89.45406273322376,85.50963448663684,86.63661193847656,15593974.0
2021-10-20,87.106185994202,88.42099778186102,84.61743638990951,85.79137420654297,12848965.0
2021-10-21,83.58436812223938,84.42960473852747,79.73385372042414,80.01559448242188,25675719.0
2021-10-22,81.00171101312058,81.56519974366053,79.35819803604277,79.63994598388672,8862716.0
2021-10-25,80.20342225823298,80.29733583787949,76.11812063986146,76.25898742675781,14029680.0
2021-10-26,77.33901424827643,79.96863756251567,76.54073804525108,79.6868896484375,12062523.0
2021-10-27,80.10952152996066,80.10952152996066,78.23122097512123,78.74774932861328,8696872.0
2021-10-28,78.88861064774126,79.26427213147416,75.97724668781827,76.25898742675781,10318998.0
2021-10-29,76.25899804314523,78.2781725298052,75.1789809791356,77.05728149414062,9376500.0
2021-11-01,77.057275334694,78.60686740359078,76.86944099911902,78.32512664794922,6468392.0
2021-11-02,78.559926910387,81.09562994736248,78.41905292718872,80.5791015625,10492071.0
2021-11-03,80.76691865587898,81.18953338743795,79.07644539934809,79.5460205078125,7451404.0
2021-11-04,80.57910276211003,80.6730163639242,79.82777961729957,80.10952758789062,1055155.0
2021-11-08,80.20342989982639,82.31651788636377,80.06255593436106,82.17564392089844,8164523.0
2021-11-09,82.12868242889951,82.9739190450675,81.0017050507738,81.33040618896484,7375687.0
2021-11-10,81.33041150273101,83.25567241172676,80.90779674960896,82.26956176757812,6999471.0
2021-11-11,82.36347138147408,82.55130572445665,79.68689468901364,80.20343017578125,5423841.0
2021-11-12,80.39126046172879,81.00170956101528,79.82777174129042,80.76692199707031,3602112.0
2021-11-15,81.09561659102991,81.18953017597852,77.76163775189694,78.98252868652344,7151582.0
2021-11-16,79.3581993303987,79.3581993303987,77.52685913498719,77.85556030273438,4292910.0
2021-11-17,77.8555546948405,78.37208301690994,77.2451056186243,77.57380676269531,4187311.0
2021-11-18,77.57380327805367,78.09033874206771,76.02420405115876,76.58769989013672,6082266.0
2021-11-22,76.68161434990897,76.96335510746557,72.87805321914261,74.14590454101562,9191752.0
2021-11-23,73.77024987987672,75.4137627032272,73.34762799764107,75.03810119628906,7062661.0
2021-11-24,75.13202478421819,75.74247391861961,73.7232993195141,74.09896087646484,7521982.0
2021-11-25,74.19287109375,74.56853263358337,73.06589363939777,74.19287109375,5786845.0
2021-11-26,73.25371287128712,73.62937437032315,70.90583745874588,71.140625,9526058.0
2021-11-29,70.90583820174967,71.09366537066231,67.94751371791875,68.93362426757812,8712984.0
2021-11-30,69.02753821084666,72.97196609969328,69.02753821084666,70.67105102539062,12086521.0
2021-12-01,71.23454083381456,73.0658880125384,70.48322497715512,72.83110046386719,5353550.0
2021-12-02,72.83110133787633,74.52156740950704,72.40847944610807,74.333740234375,5888400.0
2021-12-03,74.52156943949939,75.27289249078873,73.6763327980858,74.05199432373047,5277358.0
2021-12-06,74.05198890797071,74.75635153011085,72.92501157860534,73.11283874511719,3228347.0
2021-12-07,73.72329260947,75.13201794595669,73.53546543066415,74.28678131103516,5515647.0
2021-12-08,74.9911478650328,75.50768338123518,74.7563602967859,75.27289581298828,3395330.0
2021-12-09,75.83638145934157,76.35291695453547,74.9911448150005,75.78942108154297,6290977.0
2021-12-10,75.50768031019439,76.02420864024063,74.75635725630283,75.78942108154297,3814230.0
2021-12-13,76.25899075454177,76.82248658730433,74.66243833544027,74.85026550292969,4950080.0
2021-12-14,74.47461307978928,76.30595308783847,73.7232900602501,76.11812591552734,11051944.0
2021-12-15,76.16508395913216,76.68161946348584,75.60159524129493,75.97725677490234,5717570.0
2021-12-16,76.16508287178003,76.35291721847607,74.66244392395019,75.13201904296875,3954292.0
2021-12-17,75.13202969570622,75.13202969570622,71.89196378113837,72.22066497802734,8941688.0
2021-12-20,71.37542166346788,71.37542166346788,67.14924538076255,70.01365661621094,12424355.0
2021-12-21,70.71801175039502,73.62937588896506,70.2014762829233,72.40847778320312,9067957.0
2021-12-22,72.7841379999575,74.99113946112033,72.45543687427744,74.85026550292969,7690941.0
2021-12-23,75.36680517804984,78.51295698298254,75.27289158905063,77.57380676269531,13729766.0
2021-12-24,77.9494808092952,77.9494808092952,71.98587738522826,72.22066497802734,31197648.0
2021-12-27,72.22064752422817,73.347624831244,69.96668574504953,73.15979766845703,9544676.0
2021-12-28,73.3476361554226,74.09895925286163,72.87806101081024,73.48851013183594,6259532.0
2021-12-29,73.48850452312024,74.14590680934474,72.87805544868462,73.20675659179688,4492942.0
2021-12-30,73.34763313448133,73.34763313448133,71.37541904136783,71.6102066040039,5682141.0
2021-12-31,72.12674013424866,73.25371753800509,71.75107861128066,72.97196960449219,4288102.0
2022-01-03,73.01892994122666,74.66244283379446,72.9719695639514,74.28678131103516,5452006.0
2022-01-04,74.56852924439153,74.9911439792785,73.62937902006708,74.28678131103516,5718763.0
2022-01-05,74.28678733551699,75.83638676435069,74.14591335741426,75.6485595703125,6756104.0
2022-01-06,75.41377258300781,76.30596250936573,74.47462227520023,75.41377258300781,7547409.0
2022-01-07,76.07116838531998,76.07116838531998,74.23982830876946,74.9441909790039,4587306.0
2022-01-10,75.46072107731912,75.8363826099646,74.94419273943589,75.3198471069336,4928430.0
2022-01-11,75.13201647640733,75.6955051669509,74.09895268288622,74.333740234375,4803348.0
2022-01-12,74.94419160234956,76.25899619893828,74.28678213890753,75.78942108154297,7569959.0
2022-01-13,75.97725998864328,76.21204756143567,75.03810969747377,75.22593688964844,6482408.0
2022-01-14,75.17897774943792,75.74246644670232,74.19286715536457,74.52156829833984,5824382.0
2022-01-17,74.94419610138644,75.60159843914586,74.5215741712713,75.22593688964844,4729624.0
2022-01-18,75.60159134880115,76.68161551538493,73.3945898045675,73.67633056640625,9254021.0
2022-01-19,73.7232928621858,73.95808041907173,72.78414263464202,73.62937927246094,5536134.0
2022-01-20,73.81720702477162,74.28678214218766,72.78414319948587,73.39459228515625,4458915.0
2022-01-21,73.25371982198416,73.25371982198416,70.20148149606815,70.95280456542969,10466841.0
2022-01-24,70.43626172159588,71.37541187788382,67.75968520920465,68.74578857421875,11520145.0
2022-01-25,68.55797371616447,69.68495123995989,67.6188233912855,68.8397216796875,8069783.0
2022-01-27,68.8397187155926,68.9336323110071,65.92834710170672,68.04143524169922,10005439.0
2022-01-28,68.46404787988429,71.56323909896643,68.37013429721156,70.06060028076172,9525908.0
2022-01-31,70.95280631144468,71.28150747544862,69.87278205959053,70.24844360351562,3708733.0
2022-02-01,71.09367387390455,72.12674492192737,70.0606099910298,71.75108337402344,6739349.0
2022-02-02,72.26760326661328,73.01892627440235,71.84498855294893,72.64326477050781,4577555.0
2022-02-03,72.7841472568982,72.7841472568982,71.56324901749744,71.75108337402344,2579279.0
2022-02-04,71.75107801241786,72.26760633268357,70.34235268690631,70.81192779541016,3357638.0
2022-02-07,70.8588798895022,71.18758819238815,69.49711496237941,69.96669006347656,4493230.0
2022-02-08,69.96669682142802,70.38931158717607,68.6518849783313,69.77886962890625,5286504.0
2022-02-09,70.20147872132564,71.04671534966208,69.96669116707372,70.81192779541016,5179124.0
2022-02-10,71.23453858347222,71.65716045681792,70.2014748349835,71.140625,4765434.0
2022-02-11,70.43626142595696,70.85887612845389,69.45015089993474,69.63798522949219,4028548.0
2022-02-14,68.55796619171792,68.55796619171792,65.92834270460669,66.21009063720703,7599852.0
2022-02-15,66.53879261574632,67.9005647535184,64.56657855826873,67.71273040771484,7059354.0
2022-02-16,68.41709416934563,70.1545206960195,68.18230660722355,68.55796813964844,8365475.0
2022-02-17,68.83970917726737,69.07449671584584,67.47793715442398,67.665771484375,3061696.0
2022-02-18,67.43098368329049,67.9005587586194,66.91444823436987,67.00836181640625,3002368.0
2022-02-21,66.39792043338201,67.75969260777751,65.50573055355049,65.69355773925781,5169706.0
2022-02-22,64.33179273001016,65.97530568296663,63.768304007740376,65.69355773925781,5791537.0
2022-02-23,66.163139687564,66.86750245428107,65.22398933194124,65.5057373046875,4807096.0
2022-02-24,62.9230626986222,63.76829930223017,58.03948099654276,58.509056091308594,14926651.0
2022-02-25,61.27954898315379,62.45348670313758,60.387359182024994,61.70216369628906,8933247.0
2022-02-28,61.044764650231286,62.17174205463805,60.34040198119016,61.936954498291016,4569424.0
2022-03-02,61.60825100866121,62.265660440511546,58.69688685374493,59.82386779785156,11075595.0
2022-03-03,60.29343919046459,61.044762206760566,58.97863107709394,59.49516296386719,7564096.0
2022-03-04,58.97863679260127,59.63604270428138,57.569911374389896,57.8046989440918,8807420.0
2022-03-07,57.28816524240602,57.28816524240602,54.94028961771725,55.785526275634766,8645724.0
2022-03-08,55.879436923798856,58.9316750750988,55.879436923798856,58.60297393798828,7662249.0
2022-03-09,59.07254771411043,61.32650957757858,58.6968862093412,61.04476165771485,7350413.0
2022-03-10,62.92306719104446,63.43960269822411,61.18564064939593,61.561302185058594,6595100.0
2022-03-11,61.42041836517574,63.01697067931048,61.04475688974795,62.82914352416992,4819973.0
2022-03-14,62.453490327009874,62.78219147464882,60.80997742366751,62.265663146972656,5485706.0
2022-03-15,62.12478981322002,63.01697967522112,60.19952895503108,60.716064453125,7802781.0
2022-03-16,61.8430425551277,62.82915318409593,61.51434140052088,62.54740524291992,5649439.0
2022-03-17,63.204808005330285,67.43098368329049,63.0169736761105,67.00836181640625,21714937.0
2022-03-21,67.19620007663015,68.27621708095045,65.64660080436317,67.99447631835938,11338457.0
2022-03-22,67.80664474439112,70.90584341536,66.77358090911741,70.53018188476562,20021497.0
2022-03-23,70.81192822721826,84.61743363535784,70.67105426077856,81.94085693359375,111140201.0
2022-03-24,84.3356926099992,84.3356926099992,74.7563560682805,75.1789779663086,87968595.0
2022-03-25,75.74247712121121,82.5982703735632,75.64856351928967,78.1373062133789,86873136.0
2022-03-28,77.94946769012542,79.54602018639429,75.69550574557421,79.12340545654297,31595645.0
2022-03-29,79.12341235441265,79.35819992816462,77.38598574167773,77.62077331542969,16746890.0
2022-03-30,77.99643184122193,78.4190465915243,75.41376863012383,75.74246978759766,11067737.0
2022-03-31,76.25900728340187,77.33903164342522,75.13202970390282,75.69551849365234,14977835.0
2022-04-01,75.64854646935599,78.51295009069064,75.50767251565007,77.99642181396484,12632352.0
2022-04-04,77.94946962969055,80.71995996131325,77.85555603906985,80.1564712524414,19755604.0
2022-04-05,80.67300415039062,81.94085549580628,80.0155947069232,80.67300415039062,13588727.0
2022-04-06,80.5791028076243,84.05395623275125,79.87474004589733,81.84695434570312,18774367.0
2022-04-07,82.17564420363908,82.55130572445665,79.31123316819607,80.20343017578125,7249612.0
2022-04-08,80.39125938674756,81.42432322126189,79.6868967043313,79.92168426513672,5928674.0
2022-04-11,80.06255656548043,80.67300564387726,79.12340634183845,79.31123352050781,4216350.0
2022-04-12,79.0764494276432,79.54602456002861,76.49378619952347,77.90251159667969,5616567.0
2022-04-13,78.559917936786,78.79470549358145,77.10423221859519,77.33901977539062,3861170.0
2022-04-18,76.86944714355143,78.37208612252589,75.97725726498317,77.05728149414062,5375557.0
2022-04-19,77.38598077977561,78.1842570463181,74.94419160234956,75.78942108154297,4314975.0
2022-04-20,76.0711684462933,77.01031867402531,75.22593180830496,76.02420806884766,4285911.0
2022-04-21,76.25899394572518,84.75830618551134,76.21204073446158,83.06783294677734,45505467.0
2022-04-22,82.12869160040506,86.58965556513583,81.70607682770039,83.25567626953125,49701769.0
2022-04-25,82.41043377473865,83.39654439536726,80.57909366802576,81.23649597167969,12756433.0
2022-04-26,82.64521788449524,85.50962887041456,81.79998126855614,83.96002960205078,21224782.0
2022-04-27,82.97392014263181,84.52351943191306,81.98781671501467,83.4904556274414,17620466.0
2022-04-28,84.05394172373188,84.19481568478994,81.56519229553047,82.69217681884766,11781207.0
2022-04-29,82.36346964206584,85.18092024097547,81.75302774442001,82.22260284423828,15855453.0
2022-05-02,80.67300506721561,81.98781680394546,77.80859403952368,79.5460205078125,19213078.0
2022-05-04,79.59297875931459,81.1895312194012,75.64855081960218,76.11812591552734,13874564.0
2022-05-05,78.51296366356299,78.65383764162239,76.35292227219539,76.72857666015625,11012217.0
2022-05-06,75.17897240047208,77.43292702916136,74.23982225013587,76.2120361328125,10882669.0
2022-05-09,75.88333474843202,76.44682340363806,73.25371147060781,75.55462646484375,12528201.0
2022-05-10,75.17897942092968,76.9164059282688,74.47461674240185,75.13201904296875,8704144.0
2022-05-11,75.31984045503054,76.02420307960432,71.37541262347624,73.77024841308594,13129746.0
2022-05-12,72.87805343430198,73.01892739606984,69.96668927340454,70.85887908935547,9791943.0
2022-05-13,72.4084843441734,73.39459499319058,70.15452226438262,70.48323059082031,8353983.0
2022-05-16,70.90584222372476,72.83110305744786,69.77886481602924,72.31456756591797,6324369.0
2022-05-17,72.87805104537401,75.50767436168451,72.17368842477087,75.08505249023438,6743897.0
2022-05-18,75.41377138382197,75.69551217259523,73.48851041737153,73.91112518310547,6315257.0
2022-05-19,72.31456235545438,72.50238952148764,70.0606005373199,70.71800994873047,6291163.0
2022-05-20,72.12674492192737,72.50239930468322,70.67105911073018,71.75108337402344,5303468.0
2022-05-23,72.22065454697561,73.44154555410456,71.75107942919962,72.07978057861328,5021942.0
2022-05-24,72.40847947604661,72.97196816682316,71.18758850688866,71.70411682128906,3844890.0
2022-05-25,71.61020950157884,72.2676118375013,67.14924563098867,67.384033203125,7000083.0
2022-05-26,68.22926472838357,69.91973082064588,66.02226315048284,69.49711608886719,8145007.0
2022-05-27,70.24844111068066,71.7510800679104,69.49711804949192,70.53018188476562,9513816.0
2022-05-30,71.3284580915865,72.64326986484915,71.18759128725114,71.8449935913086,7958752.0
2022-05-31,72.03282104248963,72.50239616575266,70.95280399110287,71.18759155273438,7194342.0
2022-06-01,71.18759725907285,71.9389132174299,70.53018773471855,71.23455047607422,3529885.0
2022-06-02,70.99975772817857,74.09895643063963,70.9528045145945,73.3476333618164,5452652.0
2022-06-03,74.14591352321675,74.14591352321675,70.9528082265381,71.28150939941406,4945570.0
2022-06-06,71.09366262999832,71.70411165315237,69.9666853296731,71.42237091064453,3505074.0
2022-06-07,70.76496994548447,71.84499416663999,70.34235519879864,71.6102066040039,4179120.0
2022-06-08,71.56323769932499,72.50238783797832,70.76496151449905,71.42237091064453,3650831.0
2022-06-09,71.18759463474159,72.50239930468322,70.90584668252663,71.75108337402344,2580826.0
2022-06-10,70.99975707643722,71.32845822909965,68.65188146435167,69.21537017822266,5834270.0
2022-06-13,68.13536013504415,68.18231335302535,64.23788478518073,64.6604995727539,9937659.0
2022-06-14,64.51962208439308,66.77358421438173,64.33179489237239,66.06922149658203,7983290.0
2022-06-15,66.30400365941611,67.80664256842503,65.5526877874854,66.44487762451172,9433722.0
2022-06-16,67.43098614466182,67.5718529402848,63.86221257583562,64.09700012207031,7037850.0
2022-06-17,63.53351413832225,64.7074519192774,62.78219109245192,63.251766204833984,10311600.0
2022-06-20,63.86221188430105,65.4587643153497,61.936951159965446,63.34567642211914,13203264.0
2022-06-21,64.05004552749273,66.49184196083154,63.15785563733674,66.11618041992188,7707833.0
2022-06-22,65.74052424182683,65.74052424182683,63.721349564226735,64.00309753417969,8067731.0
2022-06-23,64.00309212231947,65.27094354960597,63.298729422143865,64.37875366210938,6686643.0
2022-06-24,65.03616212687612,65.83443849612574,64.33179936015905,65.5057373046875,8970212.0
2022-06-27,66.77358540592044,67.29012094091676,65.31790672891412,65.59964752197266,6247502.0
2022-06-28,65.13006090956,66.6326997036127,64.89527337407841,65.92833709716797,4647893.0
2022-06-29,65.36485597519507,65.4118163537601,64.37875251165967,64.84832763671875,3629394.0
2022-06-30,64.80136103435632,65.31789648837017,63.34567542042426,63.486549377441406,5004361.0
2022-07-01,63.39193978308531,65.23692618786396,62.72963882202095,65.0003890991211,3855009.0
2022-07-04,65.00039287981177,65.75731449523022,64.85847639314288,65.33155059814453,2774971.0
2022-07-05,65.47346069445882,66.04115545988415,64.43269898874372,64.62193298339844,3525062.0
2022-07-06,64.81117270411556,66.18308515131213,64.33809845080086,65.99385833740234,3510127.0
2022-07-07,66.51422970216571,68.59575311620752,66.23038231909692,67.64960479736328,6962956.0
2022-07-08,68.59575440231549,68.69036779226607,66.65614742490341,67.55499267578125,4636890.0
2022-07-11,67.17654261546704,69.30537671243607,66.89269518178847,69.11614990234375,5244289.0
2022-07-12,68.7376836536287,69.44729496343517,68.12268574142185,68.3119125366211,3602833.0
2022-07-13,68.54844963988992,69.16344755209677,67.69692184295377,68.3119125366211,2936833.0
2022-07-14,68.50113927802508,68.54844236253325,66.32499527156358,67.08191680908203,3912977.0
2022-07-15,67.22384305068138,68.83229235577177,65.37884943991872,66.27769470214844,7073562.0
2022-07-18,66.89268493132356,68.3119074451582,66.0884602838584,68.1226806640625,5552794.0
2022-07-19,68.02807021742919,68.83229489969717,67.17653522857043,68.50114440917969,6585490.0
2022-07-20,70.39344123732147,70.58266802677029,66.79807448947923,67.27114868164062,16099967.0
2022-07-21,67.55499477193386,68.83229362224711,67.1765339818494,68.59575653076172,7771742.0
2022-07-22,69.06883199557242,69.44729279268068,68.26460731330444,68.50114440917969,5245028.0
2022-07-25,67.93346354932946,68.69037799995378,67.507692403472,68.54845428466797,4917398.0
2022-07-26,68.69037799995378,69.92037390771084,68.26461407263635,68.54845428466797,6989832.0
2022-07-27,68.40653394229906,68.97422155298851,68.26461023499179,68.87960815429688,3399462.0
2022-07-28,69.2580595484665,71.29228003912995,69.0688327570957,70.25151824951172,10753843.0
2022-07-29,70.86652074749705,72.00189600647026,70.10959909582168,71.10305786132812,7265904.0
2022-08-01,71.43420865654653,72.61689423033042,70.53537050788674,72.2857437133789,5889287.0
2022-08-02,72.00188616415329,73.18457157164116,71.6234253900494,72.47496032714844,6006899.0
2022-08-03,72.47497075947065,72.80612127752654,69.68383568344827,70.44075012207031,5725024.0
2022-08-04,70.81920412611922,71.528815404374,69.49459496300246,70.39344024658203,3916718.0
2022-08-05,70.39343602055244,71.62342449789556,70.39343602055244,70.7245864868164,3606572.0
2022-08-08,70.9138213462385,71.38689555727022,70.53536775224481,70.67728424072266,3359576.0
2022-08-10,70.48804939235114,70.91381324623171,69.30536399986202,70.10958862304688,3327213.0
2022-08-11,70.53536593432561,73.46842452342015,70.53536593432561,72.66419982910156,9955467.0
2022-08-12,72.66419858413703,72.90073567950395,71.90727699154714,72.14381408691406,3017753.0
2022-08-16,72.52227106857383,74.36725742797482,71.90727320926052,73.65764617919922,6125042.0
2022-08-17,74.08342924357783,74.22534574145871,73.1372807588248,73.32650756835938,3849405.0
2022-08-18,73.1372807588248,74.08342924357783,72.75881992121558,73.32650756835938,3340367.0
2022-08-19,73.04265953623836,73.4211203707425,71.05574917826665,71.57613372802734,5128358.0
2022-08-22,71.33959129207133,71.43420468901112,68.78498626345983,68.9742202758789,5118712.0
2022-08-23,68.69037031211843,69.96766916965528,68.16999303903114,69.7784423828125,4129967.0
2022-08-24,69.9203664644598,71.10305193504085,69.49459536392708,70.96112823486328,4421066.0
2022-08-25,71.15036040666578,79.94954386103595,71.10305731538668,75.97572326660156,38891937.0
2022-08-26,76.63801660650476,77.39493817645378,75.12418068514582,75.3607177734375,8121667.0
2022-08-29,72.85343332598286,73.79958181073589,71.67074772004158,73.32650756835938,8309347.0
2022-08-30,73.79956821284567,75.64455453075131,73.79956821284567,75.0295639038086,5657798.0
2022-09-01,74.03611324563012,75.92841006979957,73.8941895401095,74.98226165771484,4702494.0
2022-09-02,75.54995060773422,76.44879594635795,74.03611456512645,74.27265167236328,4646899.0
2022-09-05,74.36726657377638,77.11109851685717,74.36726657377638,75.97572326660156,7966260.0
2022-09-06,76.40148769362345,76.73263820895905,74.8876516102751,75.31341552734375,4161967.0
2022-09-07,75.17149181547425,76.07033717828784,74.6038041865361,75.31341552734375,3703920.0
2022-09-08,75.69186697932993,76.2122514522284,74.88764233638234,75.45532989501953,3570476.0
2022-09-09,76.0703337753202,76.63802137886312,74.74572455469367,74.98226165771484,4997290.0
2022-09-12,75.36072111175686,77.01648080314526,75.21879740878711,76.30686950683594,4536036.0
2022-09-13,76.7799418990083,81.17953327638402,76.35417080011047,79.4764633178711,28354926.0
2022-09-14,77.86802012345598,80.51723144556311,77.44224899091996,80.18608093261719,11847751.0
2022-09-15,80.61184742522221,81.5106928103017,79.61839585460596,79.99685668945312,6780689.0
2022-09-16,79.47646252216737,81.8418334305652,76.16494325041039,77.11109161376953,12682676.0
2022-09-19,77.53685679616142,78.76685257666621,76.16494453359314,76.40148162841797,4997230.0
2022-09-20,76.92186313466404,78.67223612462672,76.92186313466404,77.25301361083984,4466384.0
2022-09-21,77.20570937557633,77.63148049430642,74.93495173130124,75.5499496459961,4682310.0
2022-09-22,75.36072075242708,75.97571865000398,73.42111366434752,75.12418365478516,6534432.0
2022-09-23,75.02956468310195,75.21879145973607,71.52881156706012,71.90727233886719,8284181.0
2022-09-26,70.96112307622221,71.6234240041848,68.45382861715461,68.9269027709961,6069024.0
2022-09-27,69.9203626757822,70.48805022719276,68.59575357679833,69.4472885131836,6298828.0
2022-09-28,68.87960222291792,69.92036395598282,68.4065280516576,68.73767852783203,5122810.0
2022-09-29,69.73113166454176,70.01497906166689,68.12268233027048,69.21075439453125,5308871.0
2022-09-30,68.97422141213224,71.24497906879239,68.78498739659578,70.67728424072266,5459173.0
2022-10-03,70.7245999945798,71.15036392987359,68.21730503935825,68.45384216308594,5243675.0
2022-10-04,69.96766867289658,73.23188486180341,69.73113158175286,72.85342407226562,9721518.0
2022-10-06,73.56303743395226,74.93494971411504,72.94803953581263,73.8941879272461,6431785.0
2022-10-07,73.79957623825715,73.98880303350353,72.52227732399521,73.75226593017578,3202301.0
2022-10-10,73.2318874240006,73.42111421612047,72.00189161960317,72.66419982910156,2914963.0
2022-10-11,72.9480383817316,72.9480383817316,70.5353643528698,70.96112823486328,3505597.0
2022-10-12,72.0491964838375,74.1780302177875,71.05573785391196,73.7049560546875,9658811.0
2022-10-13,73.7522608523311,73.94149485308826,71.1503528948673,72.33303833007812,5581003.0
2022-10-14,73.27918925725962,73.98880054336041,72.00189038598604,72.14381408691406,3548649.0
2022-10-17,71.9545818409979,73.61034138299355,71.43419738324091,73.1845703125,3657075.0
2022-10-18,73.6103526405293,76.07033717828784,73.6103526405293,75.31341552734375,8032541.0
2022-10-19,75.69186740973335,76.49609205725396,75.12417984786815,75.40802001953125,5631126.0
2022-10-20,74.65110608927057,75.64455752339228,73.7995711324955,74.79302978515625,5078011.0
2022-10-21,76.40148899390262,78.43570964921298,74.4145786495339,75.21880340576172,16913932.0
2022-10-24,76.07033032190972,76.16494371511507,74.98225825370024,75.26610565185547,1239782.0
2022-10-25,75.5026448513745,77.06378392918123,74.74572324752808,75.6918716430664,6974636.0
2022-10-27,76.07033279887615,77.44224509137324,75.54994829149344,76.87455749511719,6326482.0
2022-10-28,76.87455540810787,77.20570589538879,74.93494835347222,75.83379364013672,4074526.0
2022-10-31,76.16494788916475,76.96917260329273,75.69187367867303,76.73263549804688,4253100.0
2022-11-01,76.96917388561816,77.67878521317803,76.1176388488384,76.63802337646484,4935859.0
2022-11-02,76.63801963598564,76.92186704057171,74.8403362501991,75.12418365478516,5073264.0
2022-11-03,74.74571825122601,78.48300127637174,74.50918116815251,77.91531372070312,11853353.0
2022-11-04,78.34108436318964,78.62492453016694,77.01647526167892,77.34762573242188,5260659.0
2022-11-07,77.77338833683876,78.8141572545734,77.58416156190815,78.05723571777344,4940270.0
2022-11-09,78.24646249270405,79.61838187583666,77.72608525237548,78.05723571777344,6513542.0
2022-11-10,78.05724129219173,79.94953805079032,75.975717745149,76.40148162841797,8570493.0
2022-11-11,77.67878558538612,78.05724640560611,76.82725054452611,77.2057113647461,4676426.0
2022-11-14,77.25301277951733,79.19261252969723,76.63801491978657,78.53031158447266,5911809.0
2022-11-15,78.62492454519676,78.9087719307672,77.63147313277797,78.57762145996094,3871067.0
2022-11-16,78.53031412648689,79.90222636537732,77.77339254869545,78.3410873413086,11277056.0
2022-11-17,78.10454900298393,78.62492626318168,75.78648121961167,76.59070587158203,7658827.0
2022-11-18,76.68532902962346,77.01647951867037,75.50264355549935,76.40148162841797,5111020.0
2022-11-21,76.35416665725462,76.7799377330508,75.69186571962345,76.1649398803711,3695431.0
2022-11-22,76.49609966724493,76.92187079490466,75.78648833968506,76.63802337646484,5496783.0
2022-11-23,76.68532814635277,78.15185378625151,76.54340444738472,77.67877960205078,6457341.0
2022-11-24,77.72608651441809,78.8141585342831,77.67877621064788,77.9626235961914,5365670.0
2022-11-25,78.38839479613321,82.7406760645951,78.10455460255021,82.22029876708984,23427873.0
2022-11-28,82.69337367907323,85.48450864170691,82.31491286586707,83.97067260742188,21715643.0
2022-11-29,83.97067662179346,84.63297766266204,82.31491680108203,82.45684051513672,7057278.0
2022-11-30,82.45682694998385,83.54489895401538,81.98375279332133,82.31490325927734,6407760.0
2022-12-01,82.97721810567397,84.39644081365157,82.40953046619093,83.6395263671875,8499483.0
2022-12-02,83.6395214908924,87.2821914519544,83.40298438668655,86.43065643310547,28502730.0
2022-12-05,87.14026006379838,88.84332995136064,86.85641989489729,88.27564239501953,20689507.0
2022-12-06,88.37026380306278,89.88409983017894,87.56603909039542,88.84333801269531,12988090.0
2022-12-07,88.84333081235731,89.31640498364938,86.57257334644761,88.7960205078125,10516070.0
2022-12-08,88.93795056671907,89.78948557968279,88.32295265632641,88.89064025878906,7191657.0
2022-12-09,89.22179072158305,89.55294119454503,85.62642416746719,87.04564666748047,9290608.0
2022-12-12,86.95104127829342,87.84987939025578,85.53181864769627,87.61334228515625,8457938.0
2022-12-13,87.9917996739481,88.41756355914825,87.32949869285024,87.89718627929688,4918578.0
2022-12-14,87.5187237880496,89.1271731216035,87.42411039522982,88.03910827636719,7911903.0
2022-12-15,88.133723775525,91.16139572935258,87.89718667855287,88.46487426757812,21279881.0
2022-12-16,88.08640709607529,89.22178941052555,85.29527244114539,86.52526092529297,10096447.0
2022-12-19,86.85642951333126,88.55949237095088,85.67374396559276,88.08641815185547,7989647.0
2022-12-20,88.03910401122663,88.03910401122663,85.20065905290923,86.52526092529297,6338956.0
2022-12-21,86.9510341300306,87.61333508244554,83.40297784522419,83.92335510253906,9833327.0
2022-12-22,84.20721112740442,85.15335956703818,81.88915033771761,82.64606475830078,8103801.0
2022-12-23,81.84183029356595,82.07836737533925,77.48954943264478,77.9626235961914,9697616.0
2022-12-26,77.58416573603662,80.61183760905166,77.0164781621637,80.13876342773438,6226483.0
2022-12-27,80.80107116699219,81.22683504041353,79.33453832558251,80.80107116699219,5079388.0
2022-12-28,80.42261079300282,82.0783704269764,80.09146030991593,81.36875915527344,5601560.0
2022-12-29,81.3214522616245,81.65260997714441,79.00339156422179,81.08491516113281,6807208.0
2022-12-30,81.65260694623606,83.59220676714712,81.65260694623606,82.55144500732422,6473689.0
2023-01-02,83.02451871766051,85.34257931580918,82.5987548424215,85.01142883300781,6250716.0
2023-01-03,85.15335378134814,86.24142585670654,84.4437424998369,85.53181457519531,8123105.0
2023-01-04,85.86297251814503,86.28873643660418,82.83530034156027,83.73413848876953,5641858.0
2023-01-05,84.20720376743986,84.3018171594258,82.64605753478513,83.82874298095703,6161579.0
2023-01-06,83.87605849454575,84.20720899632902,81.17953695353975,82.22029876708984,5242985.0
2023-01-09,82.83528825431141,87.0929556917875,82.55144087106414,86.52526092529297,14274639.0
2023-01-10,87.04564793690466,87.9444859792723,86.00488619875817,86.95103454589844,14349774.0
2023-01-11,87.18757332123161,88.32294847237296,85.95757755871252,87.42411041259766,9409863.0
2023-01-12,87.84987606235329,87.84987606235329,85.15335461007544,86.05219268798828,7763857.0
2023-01-13,86.43065091039578,87.8971837501799,85.72103964312072,87.4714126586914,6822607.0
2023-01-16,87.28218459830939,93.00638495802602,87.0456475126771,90.02601623535156,57962493.0
2023-01-17,90.16793866080948,90.49908913232404,87.99179461621863,90.1206283569336,12030242.0
2023-01-18,90.59370252153693,90.59370252153693,89.07986663851406,90.1206283569336,5281930.0
2023-01-19,89.88409170524413,91.20870081618708,89.22179075904211,90.68831634521484,7835545.0
2023-01-20,90.92485944269728,91.44524394808934,89.03256265005616,89.60025024414062,6707802.0
2023-01-23,89.97870980602363,90.35717060304266,88.13372334604738,88.5121841430664,5162822.0
2023-01-24,88.60679416492846,89.12717142479994,83.73412873281397,85.72103881835938,21783548.0
2023-01-25,85.72103924667975,85.81565263817103,83.92335593418898,84.49105072021484,8634902.0
2023-01-27,84.68027623033042,85.34257717935319,81.46337043820785,82.74066925048828,9005335.0
2023-01-30,83.21375635008958,84.11260174176655,80.51723461213881,81.74723052978516,5374638.0
2023-01-31,82.3149111922186,84.53835849910512,81.6526101964786,84.11259460449219,6595423.0
2023-02-01,84.91681374173044,85.10604052282008,79.19261338203106,81.51068115234375,6219146.0
2023-02-02,81.32144926125886,82.74067181184654,80.46992150573759,81.93644714355469,4083867.0
2023-02-03,82.40953020427185,83.16645186687019,79.85493222544734,82.45684051513672,6755720.0
2023-02-06,82.50413631385995,84.53835678603963,81.69991163003245,84.2545166015625,5512664.0
2023-02-07,84.34912406762642,85.76834654587519,84.20720037609378,84.72758483886719,4711071.0
2023-02-08,84.82220605516412,88.60679967976897,84.53835864590296,88.32295227050781,9833148.0
2023-02-09,88.03911246436485,89.22179797722015,87.04565374615058,88.89064025878906,6100205.0
2023-02-10,88.55948383930222,91.30331548942809,88.27564366631343,89.97870635986328,9299560.0
2023-02-13,89.97870377291109,91.01946548102542,87.75525666499894,88.37025451660156,4787412.0
2023-02-14,88.22834469531003,89.31641687788779,86.52527456444571,89.07987976074219,4697004.0
2023-02-15,88.93794420030382,89.5529420666733,88.27564324792992,89.41101837158203,2904674.0
2023-02-16,89.41101710395759,90.30985512922732,88.55948216402165,89.50563049316406,4201655.0
2023-02-17,89.07987826884546,89.3637184735425,87.09296796180686,87.3768081665039,3414797.0
2023-02-20,87.61333808922407,87.9444885767962,85.81565473285347,86.14681243896484,3297153.0
2023-02-21,86.47796168067845,86.7618018579914,84.77489174264412,85.01142883300781,4124077.0
2023-02-22,84.44374041519967,85.24796507068423,83.73412915120639,84.49105072021484,4136121.0
2023-02-23,84.77489732389772,85.05874473843724,82.88260047640651,83.97067260742188,3811083.0
2023-02-24,84.68027879555687,85.24796637170752,83.30836655164788,83.78144073486328,3334729.0
2023-02-27,83.78144981541385,84.25452404990283,81.84184256659306,82.45684051513672,2763640.0
2023-02-28,82.7879884679538,83.73413690758755,82.1729905384839,82.64606475830078,3684684.0
2023-03-01,83.02452201249564,85.62643010975333,82.74067460537903,85.34258270263672,4927896.0
2023-03-02,85.34258230742033,85.86296681187777,84.68028131860122,84.77489471435547,2619197.0
2023-03-03,85.15335751410186,86.99834403949157,84.91682040989602,86.43065643310547,4024657.0
2023-03-06,87.04564837558306,87.7079493345034,86.09950002367455,86.28872680664062,3498641.0
2023-03-08,85.62643418899455,87.14027025581026,85.15335996695592,86.85643005371094,3408966.0
2023-03-09,87.32949703735393,88.27564540300874,86.28872806030232,86.80911254882812,3856240.0
2023-03-10,86.099507325152,86.24143103368162,84.49105787792217,85.10604858398438,3272794.0
2023-03-13,85.15335393595484,85.5791178182189,81.03760993942487,81.2741470336914,5350324.0
2023-03-14,80.89568455902592,81.98375661376157,79.94953620161041,80.80107116699219,4069805.0
2023-03-15,81.4633751336123,82.50413692143813,79.9968494566657,80.56453704833984,2828114.0
2023-03-16,80.56453744217187,81.84183633431749,79.33454163874902,81.1322250366211,3239101.0
2023-03-17,81.79452175477597,82.1256794512355,80.70645692997132,81.46337127685547,2536780.0
2023-03-20,81.46337777157765,81.46337777157765,78.90877991705075,79.76031494140625,2868353.0
2023-03-21,80.7537612915039,81.13222208019222,79.57107583843988,80.7537612915039,2367654.0
2023-03-22,80.99029541015625,82.17298081982132,80.70645524295996,80.99029541015625,2220735.0
2023-03-23,80.8010724610671,81.27414664735139,79.90222717600338,80.09146118164062,2077800.0
2023-03-24,80.09146737623254,80.28069417796613,77.15840863812329,77.77339935302734,4284125.0
2023-03-27,77.72609077641796,78.53031545483798,76.30686820795704,77.0164794921875,5843446.0
2023-03-28,76.5434032148959,77.01647739147927,74.69840959509735,75.3607177734375,4357885.0
2023-03-29,75.36071943013697,76.96916877846427,75.02956894295656,76.44879150390625,3738119.0
2023-03-31,76.59070836460648,78.38839172775648,76.59070836460648,77.63147735595703,3758549.0
2023-04-03,78.15184956127709,79.42914834585903,77.86800939722488,79.23992156982422,3036719.0
2023-04-05,79.38184483281943,79.61838191085612,78.67223359870937,79.2872314453125,2016905.0
2023-04-06,79.57107788134707,82.40952304157494,78.48300579288518,81.79452514648438,6237477.0
2023-04-10,81.98376330778723,83.02452514221532,81.08491796372775,82.69337463378906,3617089.0
2023-04-11,82.88260186820922,83.54491010707669,82.36222455753449,82.64606475830078,2161096.0
2023-04-12,82.78798253078575,83.30836702268066,81.79452385300064,82.50413513183594,2266688.0
2023-04-13,82.4568345521634,83.16644585258041,81.6526098553987,82.9299087524414,1798571.0
2023-04-17,82.78798833825765,84.30182439559213,82.31491411918189,83.87606048583984,2704583.0
2023-04-18,84.11259460449219,85.24796980248631,83.3556729934698,84.11259460449219,3056119.0
2023-04-19,84.15989561296516,84.77489350439923,82.92990704863628,83.07183074951172,2379960.0
2023-04-20,83.2610587627223,84.39643394934367,83.16644536692709,84.15989685058594,2083341.0
2023-04-21,84.20721112740442,84.30182452765986,82.1729905384839,82.64606475830078,2434816.0
2023-04-24,82.97720510290888,85.53180990807867,81.79451969825774,85.29527282714844,5380715.0
2023-04-25,85.6737340305961,85.72103711589638,84.96412278424175,85.24796295166016,2890827.0
2023-04-26,85.43720245361328,86.00489004356785,84.58566745941175,85.43720245361328,2922269.0
2023-04-27,85.57911976327024,86.19411766604883,85.15335587132935,85.95758056640625,2651583.0
2023-04-28,86.33603667104839,87.94448597366875,86.09949958427839,87.56603240966797,6058319.0
2023-05-02,86.24142412653808,89.6475567657506,85.62642625119186,87.4714126586914,12932315.0
2023-05-03,87.4714105334509,88.74871655834336,87.28218375419071,87.66064453125,3924627.0
2023-05-04,87.66064415057555,91.0194663883608,87.14025968206147,90.73562622070312,11903533.0
2023-05-05,90.5937072254188,92.1548534933767,89.17448465791878,89.74217224121094,8579099.0
2023-05-08,90.4517850969742,94.0471518845426,89.60025009796702,92.06024169921876,14290410.0
2023-05-09,92.2967775786892,93.24292596096775,90.64101790970172,90.92485809326172,6253635.0
2023-05-10,91.3033167788857,91.3033167788857,88.46487169767681,89.88409423828125,6212199.0
2023-05-11,90.26255248244767,91.77638837272296,89.88409170524413,90.68831634521484,7231029.0
2023-05-12,90.2152535880592,91.01947832974191,89.64756595972669,90.40448760986328,3307092.0
2023-05-15,90.40448691920612,93.19562194799931,89.93141269611984,92.86447143554688,7807726.0
2023-05-16,93.5740725225381,95.37175581710312,92.76984787507294,93.66868591308594,15991575.0
2023-05-17,93.952545518662,95.98675894480868,93.2429341694834,94.52023315429688,11535709.0
2023-05-18,95.13522087943876,96.88559390898048,93.5267643296535,94.09445190429688,15965978.0
2023-05-19,94.47291820265262,94.85137901399744,92.06024406509114,94.28369140625,8909522.0
2023-05-22,94.52021959161662,95.04059684188816,93.66868465108084,94.3782958984375,5490210.0
2023-05-23,94.61484201567754,94.80406881229304,92.34408436359335,93.05369567871094,9229803.0
2023-05-24,92.91176311086936,97.35866459262344,92.5333095537319,95.60829162597656,16472310.0
2023-05-25,95.98674897576568,97.4059715267245,95.27713770028627,97.12213134765624,10961461.0
2023-05-26,97.40598089881809,97.87905512798872,95.98675821130618,96.98021697998048,7785946.0
2023-05-29,97.453274632193,98.49403631562518,96.88558709746076,97.68981170654295,6101147.0
2023-05-30,97.92635850200072,99.0617336841734,97.54789770176338,98.73058319091795,7590202.0
2023-05-31,98.54135131835938,99.29826566126115,97.54789267128577,98.54135131835938,5444298.0
2023-06-01,98.58866114918958,100.14980746487828,98.58866114918958,99.2036590576172,6886135.0
2023-06-02,100.05518594615693,100.95402397267848,99.34557469831184,99.86595916748048,8350359.0
2023-06-05,100.29172901030525,101.23787739719492,98.3048188415448,99.39289093017578,24492750.0
2023-06-06,100.0078765011122,101.23787222868944,99.44018894166848,101.00133514404295,7331338.0
2023-06-07,101.23787813030395,102.4205636224804,101.0959544275349,101.75826263427734,6636364.0
2023-06-08,102.13671588588451,102.46787359745204,98.82519651852417,99.96057891845705,7198164.0
2023-06-09,99.96058490482064,100.85942304237452,99.01443645748404,99.48751068115234,4708088.0
2023-06-12,99.86595920027288,101.94748264055303,99.10903764824069,101.66363525390624,4261650.0
2023-06-13,102.13671859935393,104.45478654921396,101.80556809752808,103.9817123413086,12266306.0
2023-06-14,103.88710168970972,106.67823670271976,102.7044161386818,106.15785217285156,10386005.0
2023-06-15,106.34707676888236,114.90971506847802,105.77938919839885,111.17243194580078,46023828.0
2023-06-16,112.02396562678128,113.06472736382835,110.88858328028888,111.88204193115234,11296782.0
2023-06-19,112.44973844656955,114.67318579328784,111.219749829798,111.78743743896484,10312897.0
2023-06-20,112.40243219709043,115.33549077745656,109.9897509027751,115.05164337158205,12135931.0
2023-06-21,115.52471620236882,120.06623133139936,115.52471620236882,116.99124908447266,21790055.0
2023-06-22,117.36970958865292,117.41701267659477,109.942439020555,113.96356964111328,18745422.0
2023-06-23,113.91626534730952,113.91626534730952,109.98974816273834,111.6455078125,13252964.0
2023-06-26,111.45628100453128,112.82819325522952,108.75975237202778,112.26050567626952,15173431.0
2023-06-27,112.92281433839209,117.4643297164161,109.80052883222282,116.47087097167967,28941272.0
2023-06-28,117.22777896463477,117.32239235347012,114.72048445853429,116.94393157958984,11228959.0
2023-06-30,117.70086517244224,121.29622484589396,117.18048065278522,120.82315063476562,16713331.0
2023-07-03,123.04659041242556,132.64998996922745,121.29621026680437,129.95347595214844,63434497.0
2023-07-04,128.06118091780138,129.52769926449392,123.5669763967145,126.16888427734376,23295804.0
2023-07-05,125.36465837190174,128.86540443524862,123.66158842735835,124.4658203125,13036099.0
2023-07-06,124.98621079357004,125.6485117934602,122.66813563833598,123.99275207519533,8275486.0
2023-07-07,123.89813401277732,124.32389791883293,121.0123856325946,123.80352783203124,10960851.0
2023-07-10,124.13466551701904,126.02696229147688,123.1885171297901,125.45928192138672,7379858.0
2023-07-11,126.21618354195236,127.7300266699084,125.27003519624934,125.88504028320312,8313266.0
2023-07-12,126.12157737399608,128.2031008471992,125.0334981141531,127.6827163696289,8059398.0
2023-07-13,128.34501255812106,128.6288599387167,124.5131234498512,125.64849853515624,6700977.0
2023-07-14,126.12157736962888,127.7300266699084,124.6550445463736,125.88504028320312,7512151.0
2023-07-17,126.40542691568784,127.1623340554914,123.80351892064776,125.080810546875,5573798.0
2023-07-18,125.55389208365746,125.8377394962528,121.34353451424376,123.33045196533205,11208712.0
2023-07-19,123.85082972102036,127.87196074361296,123.56699672791312,126.31082153320312,14029702.0
2023-07-20,130.5211605333503,131.041545007438,122.52620995280304,124.08734893798828,29265269.0
2023-07-21,125.86484620095042,125.86484620095042,122.40596639737096,124.37560272216795,14175269.0
2023-07-24,124.13539849047127,127.59428550892116,123.07852693419171,126.5373992919922,12729166.0
2023-07-25,127.25800357376112,127.83448964869328,121.1088871908508,122.02164459228516,16394365.0
2023-07-26,122.59811845837469,125.24032664913985,122.40596132792705,124.71188354492188,10002880.0
2023-07-27,125.38443879709912,126.8256392430428,124.7118815211219,125.7687530517578,7591187.0
2023-07-28,126.58544592300008,128.4109607210073,124.13540210203784,127.25800323486328,9262262.0
2023-07-31,127.7864394128871,127.93055359307812,126.20112478818986,126.72955322265624,4076519.0
2023-08-01,126.82565165728164,129.41980978177773,126.63349451114313,127.40213775634766,6683569.0
2023-08-02,127.40213320267834,127.45016149200843,123.07853159617092,124.8079605102539,7025353.0
2023-08-03,124.3275525876862,125.14423870452816,119.71571555953363,121.0127944946289,23844689.0
2023-08-04,121.87752074210712,123.31872857154312,120.14808454136852,122.64616394042967,7790543.0
2023-08-07,123.1745973213698,123.99128345252088,122.4059614683727,123.75108337402344,3713012.0
2023-08-08,123.89519393927208,124.3755940822399,121.0608360278917,122.0696792602539,4181141.0
2023-08-09,122.45399105600396,122.59811256207055,119.85983326810262,121.25299072265624,5073262.0
2023-08-10,121.39712090122472,122.40596418543736,119.9078847796784,120.7245635986328,5631237.0
2023-08-11,120.86868440195184,122.02164186540053,118.51471919611735,119.3313980102539,3789072.0
2023-08-14,119.33139524714052,120.34023850204198,117.217637502987,118.56275939941406,3935130.0
2023-08-16,118.17843581033708,118.17843581033708,115.92055659222076,116.7852783203125,5221090.0
2023-08-17,116.7852774856378,117.2656776277748,115.29603411288328,115.8725128173828,4299209.0
2023-08-18,115.5362432099683,115.77644329980193,112.990120791667,113.4224853515625,4631742.0
2023-08-21,113.37443453191617,115.82447821028651,111.93323409295112,115.34407806396484,5942622.0
2023-08-22,115.4401685609112,120.86869224159032,115.10388988978777,118.85100555419922,7781781.0
2023-08-23,119.47551936809356,121.01279842743796,118.32256190616646,120.29219818115234,5158372.0
2023-08-24,121.0127944946289,122.93439508894028,120.62848024002624,121.0127944946289,6345930.0
2023-08-25,120.05199411369328,120.86868022996528,116.3048788216607,116.73723602294922,5537107.0
2023-08-28,117.31371757772914,120.43631861697835,116.88136036596298,118.94708251953124,5231351.0
2023-08-29,119.28335736956116,121.20495794795016,118.41863564322124,118.70687866210938,4048568.0
2023-08-30,119.13924407958984,120.34024452394056,118.7068868517536,119.13924407958984,2651491.0
2023-08-31,119.66768927436482,121.15692545288964,118.56276738041085,119.95592498779295,7095230.0
2023-09-01,120.53239428342168,122.021637675369,118.89903671123552,121.49319458007812,4725381.0
2023-09-04,122.02164351111618,124.71188740254634,121.20496468596502,124.47168731689452,8931658.0
2023-09-05,125.336397884039,125.86484098825696,123.65499733648596,124.71188354492188,8142738.0
2023-09-06,125.24032434125236,125.28835262749224,121.54123734054149,122.93439483642578,4186147.0
2023-09-07,122.9824376599466,124.42363810127412,122.55008045967816,123.89519500732422,2925563.0
2023-09-08,123.94323978463343,125.28835435214496,123.94323978463343,124.27952575683594,3311423.0
2023-09-11,125.09619896021684,127.4501568163838,124.8079559315608,125.57659912109376,5499465.0
2023-09-12,128.3148851668926,129.4678426142589,120.9647612815395,121.82948303222656,23327274.0
2023-09-13,122.88636227153938,124.18344123618115,119.71571828657083,123.70304107666016,8268346.0
2023-09-14,124.13539749292968,125.52855501448664,123.65499733648596,124.71188354492188,5538443.0
2023-09-15,125.38444229480336,125.86484245685244,123.0785273812277,123.65499877929688,5806772.0
2023-09-18,123.6549960788635,123.94323910192804,122.16576000722888,122.4059600830078,3323679.0
2023-09-20,122.02164552634066,123.60696025356462,120.10004480939044,120.53240203857422,4672830.0
2023-09-21,120.58044153264136,121.06084169811004,117.45784045709487,118.37059783935548,6526330.0
2023-09-22,118.56276459441192,121.30104412442302,118.17844298854678,119.66768646240234,5749660.0
2023-09-25,119.85984046982088,120.19611911729852,117.89019687265584,119.3794403076172,6305545.0
2023-09-26,119.57160584817454,120.7726063381334,118.6588484079359,118.85100555419922,4953351.0
2023-09-27,118.94708279270384,122.02164089089574,118.27451816912613,121.30104064941406,6780793.0
2023-09-28,121.54124225336348,124.135400223084,121.25299922102796,121.68536376953124,7629917.0
2023-09-29,122.11772088291258,128.26684448142015,121.92556374840368,127.88253021240234,19676085.0
2023-10-03,128.07469584617454,130.47669683856097,126.96976659328642,129.7080535888672,13203779.0
2023-10-04,129.70804702403933,130.47669023483027,122.30988727405744,123.94324493408205,12874859.0
2023-10-05,126.3452377319336,128.07468118054612,125.19228031974154,126.3452377319336,8586054.0
2023-10-06,126.82565122746443,133.02281079849456,126.05700798486488,132.15809631347656,24981732.0
2023-10-09,130.18843893968423,130.57275319037575,125.14423743095108,125.86483764648438,11815350.0
2023-10-10,126.63348489314797,129.08352863711846,126.15308473396352,128.45899963378906,9059967.0
2023-10-11,129.08353452769583,130.28453498046318,127.2099620928587,127.642333984375,6404887.0
2023-10-12,128.31487589031912,129.65999037155933,127.30603269906476,128.60311889648438,4684588.0
2023-10-13,128.02664431718634,129.2276447329198,127.01780103584032,128.36293029785156,4818996.0
2023-10-16,127.69036818082112,131.14925550905653,126.15309632655594,129.61196899414062,9634091.0
2023-10-17,130.90905191695796,134.41596744350073,130.38060877525487,133.6473388671875,26839029.0
2023-10-18,134.22380361738087,135.7130470659871,131.19728843202753,131.6776885986328,16051533.0
2023-10-19,131.14924344457432,133.50320129221885,129.17959985998013,132.73455810546875,6782956.0
2023-10-20,132.11006407030754,134.12775091309652,130.81297757699295,132.44635009765625,16465529.0
2023-10-23,134.5120481095224,134.5120481095224,125.8648450167674,127.30604553222656,32182295.0
2023-10-25,127.5942745703958,132.0139468699107,126.5373884440726,127.20994567871094,17582620.0
2023-10-26,127.0177963067887,127.0177963067887,121.63731611069063,126.24915313720705,14721489.0
2023-10-27,128.5070377544765,132.11003881301323,127.73839459652557,131.629638671875,13833458.0
2023-10-30,132.5904481015105,132.68653400062664,125.67268852399646,127.25800323486328,9325463.0
2023-10-31,128.4109599763594,129.17960318288138,126.05700206816375,127.78644561767578,6354129.0
2023-11-01,128.26685627413372,129.3717708946318,126.29721247786888,126.6815414428711,3168996.0
2023-11-02,127.78643342572305,130.4286341168564,127.6903475363316,129.0354766845703,6005077.0
2023-11-03,130.1403899841092,136.91403462948716,129.27567562965595,135.32872009277344,26491115.0
2023-11-06,136.38559717318748,138.73955493325937,133.6473251643626,136.86599731445312,13088842.0
2023-11-07,137.49053596005524,137.5385642490391,134.5120490105614,136.28953552246094,7368013.0
2023-11-08,136.81794682948816,138.06699006008597,135.08851814474292,135.42478942871094,5151739.0
2023-11-09,136.0012754307247,137.10618983049503,134.80027514373606,135.42478942871094,4520173.0
2023-11-10,135.42479960581423,136.52972874926746,133.07084179854735,135.2806854248047,7375541.0
2023-11-13,136.09736205791776,139.31604905552953,135.23264761769502,138.73956298828125,7816181.0
2023-11-15,140.27684038292108,145.27299888908715,139.70035435270435,144.55239868164062,20165968.0
2023-11-16,144.55240259511945,145.3690887165952,142.34255896699312,143.83180236816406,7905195.0
2023-11-17,140.13274759473146,140.13274759473146,134.65617345370683,135.61697387695312,20774746.0
2023-11-20,135.6169697988187,136.96209914730477,133.55125481521765,133.98361206054688,9662524.0
2023-11-21,134.80029463193011,136.8660095599336,133.88753721399024,136.0973663330078,6843467.0
2023-11-22,136.2895260532722,137.34639756853545,134.27183959403962,135.9051971435547,5110125.0
2023-11-23,135.90520658604083,136.91404988575002,135.71304944815572,136.28953552246094,3528658.0
2023-11-24,137.25032717139797,138.06699862079836,133.83948321273445,134.41595458984375,5413590.0
2023-11-28,134.51204975240177,139.46016571831942,134.46400680250306,139.0758514404297,6735882.0
2023-11-29,139.8925311703028,140.46900256061394,138.40328775586272,139.4601593017578,4979133.0
2023-11-30,140.132744566272,143.2553458743388,139.17194416378993,142.43865966796875,9694471.0
2023-12-01,143.15925557723898,149.164257908499,143.01514138554884,145.0808563232422,13524713.0
2023-12-04,148.29955304967106,149.54858188701365,145.84950900757778,147.81915283203125,6531705.0
2023-12-05,148.73188402632755,149.4044412800243,145.75339733912227,148.49168395996094,5401633.0
2023-12-06,148.49170087327985,151.47017323908682,146.23381412799935,149.7887725830078,7241702.0
2023-12-07,149.78877470716174,149.78877470716174,145.08085866763764,148.73190307617188,7433813.0
2023-12-08,148.7318879372149,150.3172025526607,145.657329939007,147.77108764648438,4634746.0
2023-12-11,147.77109536087423,148.73189570176334,146.85833796915952,147.2906951904297,2760755.0
2023-12-12,147.00245742077115,148.7319010284397,145.65734275961242,146.47401428222656,3845397.0
2023-12-13,146.71420192426362,150.36524597266254,146.4259589040073,149.16424560546875,3930266.0
2023-12-14,150.3652442143481,154.0162882200531,149.78875818057668,153.10353088378906,18107291.0
2023-12-15,155.6496468477471,156.17808993892788,154.4006035396786,154.92904663085938,10242520.0
2023-12-18,154.97707690838052,154.97707690838052,152.7672334917787,153.34371948242188,4156788.0
2023-12-19,153.3437360421839,154.4486505394819,151.80644967488735,153.24765014648438,4397532.0
2023-12-20,154.16039942412814,154.16039942412814,143.15923933363925,144.21612548828125,7659762.0
2023-12-21,141.71803943241537,146.5220407691074,140.51703909824235,145.60928344726562,5578298.0
2023-12-22,146.32990253868704,148.6358176137291,145.22497329221437,146.810302734375,5456624.0
2023-12-26,147.8191428441049,148.1073712266927,146.23381343662123,147.00245666503906,2862578.0
2023-12-27,147.77109114044495,150.17309192406515,147.33873393152317,149.93289184570312,6433210.0
2023-12-28,150.60544647039683,156.61044832328346,150.36524639628135,155.79376220703125,12220252.0
2023-12-29,156.56242194225644,159.68502323616104,155.07317839303334,158.58010864257812,12363909.0
2024-01-01,158.5320442511426,159.1085302763153,156.32220070217875,157.0428009033203,3461469.0
2024-01-02,157.23496003255968,158.05164613520782,153.3437306252271,155.98593139648438,5915599.0
2024-01-03,156.61046280005357,164.1047087373396,156.13006260741537,159.63697814941406,24444967.0
2024-01-04,161.270335679061,165.44980817367176,160.16540654137265,164.8733367919922,7364747.0
2024-01-05,166.69886193893592,168.09201952445122,161.99094605391184,164.20077514648438,13042843.0
2024-01-08,165.01746306484935,165.01746306484935,160.21346122890031,161.75074768066406,3752639.0
2024-01-09,162.66350355967006,164.24881828628685,159.54090239582183,159.9252166748047,3045597.0
2024-01-10,160.35756954683907,160.35756954683907,155.9859397647506,159.25265502929688,6215485.0
2024-01-11,159.87715010755096,164.2968369662231,159.3006787742336,161.89483642578125,6259743.0
2024-01-12,162.8556496136418,162.8556496136418,160.1173629151705,160.59776306152344,2777334.0
2024-01-15,162.08702760054942,164.056671389775,160.8860270779303,163.0958709716797,2991663.0
2024-01-16,163.23996638751854,164.29685259007695,159.3006939229764,160.93405151367188,3398217.0
2024-01-17,159.06049045899113,164.20076319850455,157.57124708188016,163.0478057861328,6209769.0
2024-01-18,163.33606087821505,164.77726141537576,158.4359731876086,159.9252166748047,6240372.0
2024-01-19,161.7987689900904,162.42329799821007,159.49285407257798,161.70269775390625,4699819.0
2024-01-23,161.31837426731465,162.03897453591907,151.6623423965355,153.2957000732422,9237297.0
2024-01-24,156.51436124375277,157.04280433493355,150.98975958094695,154.92904663085938,9499033.0
2024-01-25,155.649658556012,160.78994635406625,155.07317247487785,160.35757446289062,5513833.0
2024-01-29,161.07816439486845,162.37525066383924,160.4056071171481,161.03013610839844,4525741.0
2024-01-30,162.3752628117219,164.8253066916028,158.82030436868408,161.22230529785156,6096993.0
2024-01-31,162.18309843127162,167.99594335255915,161.7987695033673,166.41061401367188,10043104.0
2024-02-01,168.28417897889463,168.66850792337073,162.37526256633254,165.49786376953125,5609948.0
2024-02-02,166.41062134276083,169.29302245606726,166.2665071513556,167.85182189941406,6156504.0
2024-02-05,168.81260775468053,171.98325163881074,165.69000681710438,166.36256408691406,10954847.0
2024-02-06,166.6988406546101,167.56355500123934,161.7987535953162,163.62428283691406,6080452.0
2024-02-07,164.53704779875193,171.26264975256953,164.53704779875193,169.34104919433594,8363762.0
2024-02-08,170.01361985752976,171.02246316224603,165.25766103318156,166.12237548828125,6031328.0
2024-02-09,166.21845265380148,166.3625668351954,159.25265044721152,164.77725219726562,5026790.0
2024-02-12,165.2576569381325,165.73805710365033,159.06049773508246,160.2134552001953,3555814.0
2024-02-13,160.45366462256143,164.39295207336357,158.24382080042002,163.9125518798828,3999511.0
2024-02-14,162.2311284287714,166.07432943711046,160.54972798762307,165.35372924804688,2581597.0
2024-02-15,166.07433716296927,167.03513745975093,163.23996455894414,164.8733367919922,2159944.0
2024-02-16,165.06550559377024,168.8126211519805,164.9694196930366,166.9871063232422,3393581.0
2024-02-19,168.18810714099598,170.49402215706314,167.08317792278245,168.38026428222656,3858389.0
2024-02-20,169.14890446548742,169.437147502474,166.02630332954075,167.6116180419922,2396467.0
2024-02-21,167.89986181149803,168.62046207678344,162.99977414329734,163.76841735839844,2695176.0
2024-02-22,163.81645060127275,165.64196530089828,162.13505008190484,164.8733367919922,2537252.0
2024-02-23,165.69000824786718,166.45865141742232,164.29685074966358,164.8733367919922,1386896.0
2024-02-26,165.1615658685955,166.65080926719375,163.96056549241126,164.3448944091797,2001242.0
2024-02-27,164.77725187634363,165.2576520275866,161.6066079460101,162.4232940673828,2333404.0
2024-02-28,163.3840863844865,165.44980106961006,157.61928485132484,158.6281280517578,3378066.0
2024-02-29,157.5712480037596,161.03013492176026,156.13004756470082,160.59776306152344,4119728.0
2024-03-01,161.46248418836305,164.48899909742795,160.64579811542896,163.96055603027344,2895970.0
2024-03-04,165.2576701676672,168.66851454802537,164.4890269091758,167.46751403808594,3999129.0
2024-03-05,167.1792567890284,168.5724143301404,164.48901294305205,165.0174560546875,2910890.0
2024-03-06,163.33605825407054,164.77725876807705,148.9240531140055,152.95941162109375,23795170.0
2024-03-07,154.30454674965654,158.8683485504388,154.0643466548785,155.45750427246094,7600890.0
2024-03-11,156.6104587641282,156.6104587641282,150.5574135607466,151.3740997314453,3814963.0
2024-03-12,150.7495710832465,152.19077162767772,148.05934179549493,149.45249938964844,3621317.0
2024-03-13,150.36526582856357,151.51822340118915,140.61314742343149,141.81414794921875,7266982.0
2024-03-14,141.23765206503475,144.79261044338526,138.93173707925337,143.35140991210938,5554571.0
2024-03-15,144.26417144226923,146.37794401044562,141.81414219755175,144.98477172851562,4208728.0
2024-03-18,145.75341427368048,145.9455714169701,141.09354124114395,142.19845581054688,5672848.0
2024-03-19,144.12003988238595,145.6573261720575,140.75723895179695,141.33372497558594,4552169.0
2024-03-20,142.7268835317981,144.02395510437256,139.07583956110398,143.15924072265625,3425260.0
2024-03-21,144.4082833194213,150.84564218765652,144.4082833194213,149.8848419189453,7424642.0
2024-03-22,149.83681442410264,149.98094327566062,148.05934254008855,148.92405700683594,4140139.0
2024-03-26,148.92406427060453,151.71037960882646,148.44366406328,150.36526489257812,2617801.0
2024-03-27,150.60544183119288,154.59275707442595,150.60544183119288,152.76724243164062,4988003.0
2024-03-28,153.19960353574547,154.78493281298773,151.51820302574995,152.04664611816406,3011465.0
2024-04-01,152.7672681676627,156.89871294332093,152.71922521409613,156.37026977539062,6595976.0
2024-04-02,157.37909587694529,161.222297169859,156.41829555371686,160.30953979492188,6532917.0
2024-04-03,161.12620579448094,164.2488067387951,159.82913419861674,163.48016357421875,6428941.0
2024-04-04,167.22730868902363,168.14006611580797,163.91255031772775,165.4017791748047,12657686.0
2024-04-05,165.0655134345068,165.0655134345068,161.6546690455464,163.19195556640625,3668629.0
2024-04-08,164.2968549635208,165.06549815278996,161.89485415996054,162.23114013671875,2213839.0
2024-04-09,162.37525726603144,163.28801465581114,159.10854197819364,160.11737060546875,3596130.0
2024-04-10,160.40560756790262,163.19193724150142,159.7810932355464,162.4232940673828,2597748.0
2024-04-12,161.79876914594843,164.63314183812668,160.11736857428653,160.7418975830078,4717134.0
2024-04-15,157.09085428229284,160.21345536129866,154.4486533692879,159.25265502929688,5710326.0
2024-04-16,158.00361558266044,158.96441593848164,153.9202140704205,155.21730041503906,4608165.0
2024-04-18,155.79376804381678,159.20461215617289,154.25649630827365,154.9770965576172,3932551.0
2024-04-19,153.72806590507656,155.60162377616453,150.3172215106775,154.6408233642578,6833098.0
2024-04-22,155.31336812190426,158.48401215613342,154.4006107367632,157.3310546875,3010775.0
2024-04-23,157.3310527800449,161.99094020756095,156.65849548655018,161.2703399658203,3303800.0
2024-04-24,161.89484741439915,162.85564769579025,159.39676081852278,160.26148986816406,2610949.0
2024-04-25,159.49283969384547,161.70268317595009,158.58008239881153,161.1742401123047,5033663.0
2024-04-26,160.78993329372094,162.85564803880314,154.78493152237866,157.37908935546875,6578217.0
2024-04-29,157.379103616362,165.40177791345988,155.12121688147954,162.18310546875,12524749.0
2024-04-30,163.3360576048837,164.152743757168,159.49285624947467,160.11737060546875,4080553.0
2024-05-02,160.83798412489534,163.57627118072733,159.87718370680005,163.0958709716797,4336832.0
2024-05-03,163.76839782579785,164.6811551208318,159.3006825781512,161.1742401123047,4561558.0
2024-05-06,162.27916015530587,162.37524604681198,155.93788715341722,156.5143585205078,4415585.0
2024-05-07,156.75458133832245,157.81146765568016,153.7761088578021,154.6408233642578,3936687.0
2024-05-08,154.6408193873361,157.04282035533032,154.0163049999178,155.36141967773438,2488886.0
2024-05-09,155.64963489182193,156.22612088531002,150.17307659627627,150.8936767578125,3820801.0
2024-05-10,150.89369744389148,153.4398124994416,147.43481033007828,149.1162109375,4513527.0
2024-05-13,149.78875276625072,151.80643915086972,144.84063735438994,151.0377960205078,9010412.0
2024-05-14,151.03780807719346,151.85449421726705,149.30836456098734,151.22996520996094,2714284.0
2024-05-15,152.2868429945208,156.32220120167804,151.0858426554473,152.23880004882812,2976208.0
2024-05-16,153.24763875645914,153.63195298939473,150.5093521996863,152.52703857421875,1772521.0
2024-05-17,152.81530472999907,154.83297674955048,151.42214709874085,154.40061950683594,2954770.0
2024-05-21,154.20843769217572,154.20843769217572,151.998594219909,152.6231231689453,1944712.0
2024-05-22,152.19075922613084,153.68000259948604,149.54855844331158,150.22113037109375,2453852.0
2024-05-23,151.1819479711755,153.72806315288494,149.59661852352104,152.911376953125,7632301.0
2024-05-24,152.86333998560127,153.1996113082716,150.98976759374636,151.56625366210938,2161520.0
2024-05-27,152.6231404700271,152.7672546573307,150.17309666131732,151.9986114501953,2337095.0
2024-05-28,151.99860269873307,152.95940298717088,148.9720876544135,150.6534881591797,2025656.0
2024-05-29,150.65349756759832,152.76725540203742,149.69269721915782,151.4701690673828,1738865.0
2024-05-30,151.47016203622852,151.47016203622852,146.2818462597483,147.1465606689453,6928838.0
2024-05-31,147.96325001139795,150.60545090445862,146.3779353398213,146.95440673828125,7196801.0
2024-06-03,150.84564621450647,153.9202042243284,150.1250459937365,153.43980407714844,5183145.0
2024-06-04,153.72804639897703,153.72804639897703,138.93172779733507,143.4955291748047,12468536.0
2024-06-05,145.46516454289346,151.71036670700508,142.1984492751565,150.7015380859375,5258202.0
2024-06-06,151.37410700714295,155.64966588481164,150.3652636479816,152.8153076171875,6006701.0
2024-06-07,153.82414284135658,163.1919463112297,151.85449917966352,161.84681701660156,14435252.0
2024-06-10,164.96940488107128,164.96940488107128,158.05164580822117,158.8683319091797,8596119.0
2024-06-11,162.038975485224,162.65388713160957,158.1477457404834,158.43597412109375,6986709.0
2024-06-12,159.30069747445208,164.95019343952194,158.7338287989189,163.93174743652344,13051066.0
2024-06-13,168.23614643773428,172.15619894778322,168.1400605388807,168.9759521484375,47333091.0
2024-06-14,171.02246054880968,176.55666523030806,169.78303456068676,174.74075317382812,37292621.0
2024-06-18,176.31894482095714,177.4489957910131,174.46797184322205,175.0330047607422,17532848.0
2024-06-19,176.75732562614584,176.75732562614584,169.54829889392053,171.6623077392578,15781172.0
2024-06-20,171.6623200680484,179.25126660831796,170.68812840169883,178.91029357910156,17882695.0
2024-06-21,180.1280371734246,181.8815851849017,176.92295306035197,178.3160400390625,21084054.0
2024-06-24,179.25125235599987,179.25125235599987,172.9190070282064,175.851318359375,12574066.0
2024-06-25,176.1825681871895,181.51139777262463,174.38030766477186,180.7222900390625,14289052.0
2024-06-26,181.19964610292087,182.95319403820417,176.52352323049368,177.02037048339844,12469345.0
2024-06-27,177.0593332702303,179.42661185633963,174.06855775462702,174.6335906982422,16858870.0
2024-06-28,177.3028893663244,178.1699193845603,175.35450596669446,176.4943084716797,9520773.0
2024-07-01,178.91028457379554,186.7038175123108,178.2381048444355,185.1938323974609,24853967.0
2024-07-02,187.33704670581355,189.23671734321192,181.6380199286344,182.3978881835937,15387882.0
2024-07-03,183.92738116285813,186.07059975775155,181.793899132788,183.8299560546875,10137481.0
2024-07-04,188.99317281654632,189.1880081660408,182.9921489162185,183.39157104492188,13615915.0
2024-07-05,183.14801852684192,185.632210049006,180.079320970923,185.0087280273437,7736157.0
2024-07-08,185.10615171781512,185.6614480984658,180.3910676573132,181.1801605224609,4460806.0
2024-07-09,181.6867441660484,182.30048966721148,178.53035784361896,179.26100158691406,4773194.0
2024-07-10,179.24152390238703,179.24152390238703,173.17229932616647,175.79287719726562,6401087.0
2024-07-11,175.79288261341037,177.80946649099093,174.380307675073,174.6238555908203,7184501.0
2024-07-12,175.54933515000778,180.22545811740227,174.69205659255812,177.55616760253906,8336170.0
2024-07-15,179.49481521389478,181.44319855407275,175.666249085638,181.05352783203125,7480546.0
2024-07-16,181.6380329572908,181.6380329572908,177.5464309374897,179.5922393798828,12008675.0
2024-07-18,184.9989928701415,185.0477054268184,178.0140403542468,179.8065643310547,37665072.0
2024-07-19,180.6541117086856,180.6541117086856,170.48354795513578,171.40902709960938,13685366.0
2024-07-22,168.59360076607422,171.26289117823285,166.09967257675046,169.24630737304688,7917914.0
2024-07-23,170.9608983311535,170.9608983311535,160.7416225520555,170.0061798095703,9608735.0
2024-07-24,170.87320885863767,172.79236759153727,169.2755351528973,170.239990234375,4458422.0
2024-07-25,169.50934327480692,170.48353490282304,165.45670253466352,169.24630737304688,5458213.0
2024-07-26,170.38610821785215,176.23125793187774,169.6749524981747,175.81236267089844,7455371.0
2024-07-29,177.00087771228445,177.4392609680302,174.30236276427306,174.90635681152344,3768421.0
2024-07-30,175.3545034659649,177.76075811939117,174.3413506531996,175.38372802734375,4003069.0
2024-07-31,175.84158719398343,176.79629081821494,174.83817101581485,175.24732971191406,2073303.0
2024-08-01,177.2054531213751,177.36132735115274,171.45772839943342,171.94482421875,3547911.0
2024-08-02,170.8245184753781,174.47773730620327,167.7168446115585,172.55857849121094,9004437.0
2024-08-05,169.49960422622956,169.49960422622956,162.96277195743284,164.18051147460938,7380500.0
2024-08-06,165.61259299508146,169.89903063248917,162.3100836470143,162.91407775878906,4182278.0
2024-08-07,167.26870550832808,167.36613062058964,162.39774719495227,165.13522338867188,4659477.0
2024-08-08,165.22291647744223,165.52491352277536,160.8390538748979,161.37484741210938,3909508.0
2024-08-09,163.6544558582442,164.44354869331505,161.257937928599,161.91064453125,2882514.0
2024-08-12,161.71581400624572,164.39484104550584,159.7771672700775,163.68368530273438,3999022.0
2024-08-13,163.6739334145591,163.7616219602598,157.8385349571473,158.1502685546875,4198056.0
2024-08-14,158.39382002840912,158.5789188240725,155.74401749730038,156.3188018798828,3173840.0
2024-08-16,155.87066631658166,160.59550183529709,155.38357048434233,160.04994201660156,4338449.0
2024-08-19,160.7221349295271,161.81323969029737,159.38749712021936,160.7416229248047,3904977.0
2024-08-20,161.6183992662096,164.03440541762066,159.91356376819056,163.0407257080078,4346921.0
2024-08-21,163.56677776428532,164.1902598473189,161.93014287069172,163.86878967285156,3058802.0
2024-08-22,164.63839243976315,167.46354234036855,163.66420076852197,164.56045532226562,5161326.0
2024-08-23,165.12547605202082,165.17418860497398,162.96276951276022,163.2939910888672,3414990.0
2024-08-26,163.2939902806231,165.0670261174507,162.5828345789759,164.65786743164062,4452610.0
2024-08-27,164.63838800664843,167.56096294167767,164.29741498490108,166.625732421875,4638048.0
2024-08-28,169.20734147365653,169.2170780382675,165.85611998945163,166.11915588378906,7706210.0
2024-08-29,166.86927443811152,167.5025079039884,163.78108881632556,165.9925079345703,3063823.0
2024-08-30,166.78161436673898,167.5122581342904,164.70659617508312,164.98910522460938,3415918.0
2024-09-02,164.67734255961977,166.92773765636676,164.4727706467236,166.45037841796875,4999370.0
2024-09-03,166.83032228692966,169.41192424785746,166.42116357227235,167.96038818359375,6769138.0
2024-09-04,166.68420425554675,167.65839594642665,164.15129991326478,164.64813232421875,3288369.0
2024-09-05,165.602846768695,167.3661313069708,164.90142757949351,166.1483917236328,5362951.0
2024-09-06,166.1971022786114,166.35296164601309,160.517563146518,160.96568298339844,5578591.0
2024-09-09,161.150786422032,162.4269751483958,159.11472937210834,161.9496307373047,3379647.0
2024-09-10,163.60575336250022,168.76897224722617,162.39775032609722,167.25897216796875,9893480.0
2024-09-11,168.43773453252152,168.5254230805932,161.38459632451315,161.95936584472656,5613656.0
2024-09-12,163.66420197609892,170.42509460279496,163.61548941918042,169.8600616455078,15036376.0
2024-09-13,170.87320517522826,174.7407471178549,170.01592665293498,173.3184356689453,13689402.0
2024-09-16,174.3803039357086,174.3803039357086,170.0743786614295,170.69786071777344,5726945.0
2024-09-17,170.9609053865026,172.64625285152607,169.9964502599938,171.31161499023438,3562118.0
2024-09-18,170.48354570443223,173.87372862253014,170.19128522451322,172.44166564941406,6682772.0
2024-09-19,173.8932084930077,176.96190622630215,167.86295983689743,173.40611267089844,15235214.0
2024-09-20,174.21470031856398,177.5464340880225,173.14308352210713,176.6306915283203,10622489.0
2024-09-23,178.27706758364943,180.60538497552503,174.20495372157612,179.75784301757812,13735342.0
2024-09-24,180.89765196726333,182.35893945923004,178.7641698505943,179.14410400390625,8839860.0
2024-09-25,179.25126145569504,184.28783044214657,178.09197102766555,182.56350708007807,14292747.0
2024-09-26,182.56350745008217,182.56350745008217,177.98480971357242,181.9984893798828,11507289.0
2024-09-27,181.7452001006237,184.40473926372647,180.7222958486656,183.0506134033203,7610386.0
2024-09-30,182.17384631176145,183.0116517610567,180.31313661338703,181.02430725097656,4833939.0
2024-10-01,182.26150691466967,184.5605997362088,180.33261166612783,183.26492309570312,7122957.0
2024-10-03,180.2254407624629,181.6867281199964,175.35448290401797,176.552734375,11643302.0
2024-10-04,176.57223910423863,177.2444337308124,169.4216758579034,170.444580078125,9226512.0
2024-10-07,171.68178808807812,172.7534048351575,162.97251247176737,164.1512908935547,7477478.0
2024-10-08,163.66420870552082,168.7007781062912,163.37194821697807,167.55123901367188,5510412.0
2024-10-09,169.022250074281,172.18837291428915,164.3461272145028,165.04754638671875,9490521.0
2024-10-10,166.34323434222526,167.02516556565303,162.88485080164452,163.15762329101562,4274505.0
2024-10-11,163.17709714014168,163.9759414076024,159.0367827350933,159.5336151123047,11614006.0
2024-10-14,160.33245286097696,162.78741981764622,159.62129716604315,161.05335998535156,11581312.0
2024-10-15,161.76452262986712,164.2487142516145,160.8877412466115,163.71290588378906,10759297.0
2024-10-16,162.93355752310976,163.26477912476804,161.81324304368337,162.52439880371094,7751067.0
2024-10-17,162.69000387498593,163.45960872996895,159.52388104508353,162.115234375,8675146.0
2024-10-18,161.71581237806086,163.8103184598551,157.6631715846047,162.33929443359375,11045604.0
2024-10-21,163.6641968223201,164.5312267942199,152.6558282297266,153.74693298339844,15051766.0
2024-10-22,154.00995704275928,155.0815738222747,141.3162408130642,142.76779174804688,24010034.0
2024-10-23,142.923663962293,148.03817014090336,142.42681670563763,146.2846221923828,13909496.0
2024-10-24,146.5671222326108,147.38543960335102,140.45893678069004,140.9265594482422,20052904.0
2024-10-25,141.3065053839684,141.79360122130373,134.10722950275206,136.65960693359375,12615138.0
2024-10-28,137.55584899217718,144.1803547510322,137.36101364794283,138.55926513671875,13047525.0
2024-10-29,138.8223187911435,141.19934894392992,135.41264780329084,140.23489379882812,11464868.0
2024-10-30,140.7706886579047,144.47261977553853,139.30940123239014,142.70933532714844,12345747.0
2024-10-31,143.98552729425256,144.57003335897454,140.67326680088914,142.2319793701172,13296222.0
2024-11-01,143.0990153479712,145.64165622856768,142.9139165502864,144.78436279296875,2638735.0
2024-11-04,145.10584062184395,145.10584062184395,138.7735950134756,139.07559204101562,9179542.0
2024-11-05,139.07559698980464,142.62165406207245,137.5168992420409,141.63772583007812,8972012.0
2024-11-06,142.41708637681268,144.91101473947757,142.0468887756408,143.75172424316406,7223997.0
2024-11-07,144.18036175240132,144.3654605411567,140.08875986485714,140.42971801757812,5804643.0
2024-11-08,140.86811374834153,140.86811374834153,136.19199101427083,136.49398803710938,7009217.0
2024-11-11,136.3868351142874,138.74437719460755,134.19490383566492,136.54270935058594,7981196.0
2024-11-12,137.4584475785136,137.95527996795948,134.56509719265583,134.99374389648438,4140867.0
2024-11-13,134.05851234345124,134.9742548645995,130.63910503414908,132.4023895263672,12440862.0
2024-11-14,132.39264091749854,135.02297029684078,131.9640090728135,133.96109008789062,5267955.0
2024-11-18,133.03560852105792,136.8739259766659,131.89580608142052,135.1106414794922,5629198.0
2024-11-19,135.6561896333948,138.81257598595425,135.11064467825778,136.1043243408203,5892083.0
2024-11-21,135.1788302016489,135.41264155284705,132.00297072237967,134.18516540527344,3921181.0
2024-11-22,134.09746759550725,136.81547047987502,133.5616741082877,135.9484405517578,3846622.0
2024-11-25,138.82231847411245,140.57586652257208,136.87393505693194,137.30258178710938,5493643.0
2024-11-26,137.36102998775172,138.2767725660678,135.89974243469055,136.9713592529297,5960047.0
2024-11-27,138.335215532572,138.4618652049956,135.90947295106398,137.12721252441406,8204446.0
2024-11-28,136.8252053657111,141.5013279544131,136.19198678041127,140.5953369140625,18898040.0
2024-11-29,141.00451011174707,141.19934547612783,137.57535121170093,138.7930908203125,4590422.0
2024-12-02,138.48133052835124,140.38101604766868,137.95527360291442,140.0108184814453,4022418.0
2024-12-03,140.01082766610125,142.31965716167352,139.94262711417178,141.86178588867188,3813710.0
2024-12-04,141.2675175015111,144.6674515113195,141.2675175015111,144.31674194335938,6845087.0
2024-12-05,144.36546485304598,145.30068052471117,143.14772527484698,144.5797882080078,4729816.0
2024-12-06,144.5797964219182,145.37862590080783,142.80676036013736,144.96946716308594,6810891.0
2024-12-09,144.66745484358736,146.45996384779045,143.79068833598362,144.4044189453125,3736158.0
2024-12-10,144.37521053240766,148.0284294976254,144.18037516059326,145.30068969726562,5635147.0
2024-12-11,144.48235840638432,146.80093924481773,144.48235840638432,146.1969451904297,4351059.0
2024-12-12,146.19694978365123,146.87888097373758,143.31333592487672,143.7906951904297,3625503.0
2024-12-13,142.7288078029078,143.43997838285603,138.53979576094193,142.82623291015625,5363914.0
2024-12-16,142.71907207711067,145.057126014974,142.0955900360148,143.49842834472656,2233073.0
2024-12-17,143.48868551122226,143.48868551122226,137.5071492112725,138.23779296875,7552894.0
2024-12-18,138.33521206221198,138.77359532462344,135.74385874753477,137.38050842285156,10516827.0
2024-12-19,135.4126427868348,138.14038244906305,134.03902895787547,137.7896728515625,12193131.0
2024-12-20,137.77990199741947,138.03320131072925,132.0029533159078,132.95765686035156,8487963.0
2024-12-23,134.438448128435,135.4126397815396,132.78232529115417,133.18174743652344,3940701.0
2024-12-24,133.46424512846767,135.79256238683942,133.08431101065753,135.0716552734375,5656854.0
2024-12-26,135.4223616555861,136.27965497411117,132.19779001202022,133.2888946533203,9220873.0
2024-12-27,133.6006294295922,136.08482087102763,133.0550845364893,134.40921020507812,4118706.0
2024-12-30,134.43845631211758,134.80865391962757,132.49007288730428,132.78233337402344,2117941.0
2024-12-31,132.490054280471,132.67515305823082,131.17488970742872,132.12960815429688,3059127.0
2025-01-01,132.19780321046804,134.6917314424586,132.10039296499065,134.2046356201172,3531622.0
2025-01-02,134.09747578778888,139.57244301435037,134.09747578778888,139.1632843017578,11377083.0
2025-01-03,139.16328286343776,140.49792066440878,137.99424099384447,139.73805236816406,4873760.0
2025-01-06,139.7380609915977,140.09850716680788,133.09406640700394,134.81838989257812,6736370.0
2025-01-07,135.41264184536746,137.59483653297522,133.9610909087239,135.7633514404297,3978224.0
2025-01-08,135.76335356147635,142.1053360675326,133.90264387902096,139.69908142089844,15163307.0
2025-01-09,138.26700394063582,140.67325833463474,137.19540212064626,139.0171356201172,5446905.0
2025-01-10,138.82230779545773,138.82230779545773,133.561678919729,135.68540954589844,5763292.0
2025-01-13,130.6585825770691,133.22071143681742,125.86556132416428,127.51194763183594,10154047.0
2025-01-14,128.59329341227178,131.6132933702204,128.2912963894738,130.2786407470703,4953900.0
2025-01-15,131.33077472607766,138.67618813442257,129.031681824034,136.4550323486328,7978664.0
2025-01-16,136.45502483562333,139.2509499767383,136.3965608529131,138.6566925048828,3599390.0
2025-01-17,137.37075185708474,140.51740142082917,136.7667578232318,139.338623046875,2655923.0
2025-01-20,139.30940740723528,141.73514999250415,137.68250911851544,140.74147033691406,5040472.0
2025-01-21,137.66302423626357,143.7614736805582,136.3868355109516,142.30018615722656,14675861.0
2025-01-22,142.16378144260085,142.17353287276617,134.43844873388286,135.77308654785156,4565681.0
2025-01-23,136.38681931926584,138.3352024523982,134.92553196941657,136.31861877441406,3738977.0
2025-01-24,137.07850424893417,138.63720186347626,134.302052290086,136.0750732421875,3499150.0
2025-01-27,136.0068860392025,138.481326092903,130.73650606407614,137.89682006835938,5793676.0
2025-01-28,138.9099916042716,140.50766540536517,133.4642635426463,138.2085723876953,8541590.0
2025-01-29,138.2085724206669,143.56662679774482,137.93579993248727,142.3878631591797,6916017.0
2025-01-30,142.42681546209826,144.01475259953094,139.89392610522563,140.64404296875,5076567.0
2025-01-31,140.62456263658498,142.91390396506867,139.93288006377642,141.7156524658203,2405356.0
2025-02-01,143.1574470990793,143.79068053352944,138.968420408424,142.20274353027344,2414221.0
2025-02-03,141.2577921237876,146.216424155571,138.2767679925384,145.70010375976562,5940050.0
2025-02-04,146.12874592083577,148.9928717192817,144.9499674964811,148.10635375976562,7423889.0
2025-02-05,148.71034546932725,150.89254005865368,147.70692928572691,148.91493225097656,5683005.0
2025-02-06,148.91493374326723,149.9280865018668,146.2359067502093,146.86912536621094,2402830.0
2025-02-07,146.86913131983738,148.85649065782235,144.29726589684557,145.35914611816406,4555447.0
2025-02-10,147.1029408936977,148.28171934476384,143.30359935965586,143.7906951904297,4108200.0
2025-02-11,143.7030094170607,143.94655733714825,134.6430386817923,137.33180236816406,5929128.0
2025-02-12,136.3868361740762,138.6567045884859,132.3341951887357,137.09799194335938,4685117.0
2025-02-13,136.39656453202093,139.64062443818014,136.06534294598276,136.70831298828125,3651705.0
2025-02-14,138.54953562124064,138.76385897029772,131.51587082214633,133.42529296875,4972113.0
2025-02-17,133.4058035988988,134.224120996873,129.52852509089152,132.52902221679688,2865874.0
2025-02-18,133.21097502045615,133.21097502045615,127.8626573721246,128.86607360839844,3180448.0
2025-02-19,129.021938639192,132.00296257428013,127.66781290184858,131.75941467285156,2723336.0
2025-02-20,131.22361467734896,134.53587526680164,129.76232717567473,134.06825256347656,2608003.0
2025-02-21,134.00007047633042,135.85102874884825,131.41845356836174,132.23678588867188,2884321.0
2025-02-24,131.5061397358057,132.6361907829307,128.88556174814764,130.7852325439453,2323761.0
2025-02-25,130.63910306785644,132.49006121232898,129.226513317355,130.0448455810547,2797955.0
2025-02-27,133.07458609959264,138.51056245659825,133.07458609959264,135.88999938964844,14821236.0
2025-02-28,134.43844902383046,134.66250894334104,129.67465240302022,131.25283813476562,3681827.0
2025-03-03,131.7009675958637,135.28598562525636,129.15832687094706,134.68199157714844,5170767.0
2025-03-04,133.4155481694344,135.792578257124,130.66833534996317,135.29574584960938,3938622.0
2025-03-05,134.925546938035,137.22463988479154,134.23386430844508,136.09457397460938,3715864.0
2025-03-06,137.84812210578866,140.069277937093,136.58166995443452,137.44869995117188,2855777.0
2025-03-07,137.45846155547554,139.5042553067878,137.21491361853455,138.05271911621094,3148608.0
2025-03-10,138.23779093500607,141.55005150583222,135.84128777012882,136.22122192382812,4843292.0
2025-03-11,135.41263964497452,138.4423762776737,133.6590916981577,137.36102294921875,2549192.0
2025-03-12,138.33522183287377,138.96844049386095,133.27916451565483,136.63038635253906,3329109.0
2025-03-13,137.36102840980942,137.5169026479419,134.43845333726028,135.0619354248047,1973510.0
2025-03-17,135.4029054237969,137.79940860511144,135.06193239365763,136.5524444580078,3085080.0
2025-03-18,136.5524444580078,136.5524444580078,136.5524444580078,136.5524444580078,0.0
2025-03-19,139.29967412303722,143.20617742101857,138.72488973259797,142.5242462158203,4720534.0
2025-03-20,143.78094079454584,146.61584203877226,143.10874618354526,145.8462371826172,7231854.0
2025-03-21,145.8364796915662,152.02260230369197,144.6869407376191,151.08737182617188,8697338.0
2025-03-24,151.5939558954045,155.38356063542457,151.5939558954045,154.47756958007812,6203364.0
2025-03-25,155.43227959446236,155.77323775047938,149.3922943816048,151.03866577148438,4033963.0
2025-03-26,150.66848350785014,152.63633992958785,148.4668008747398,149.0026092529297,2895093.0
2025-03-27,147.59004166838324,152.91887142475076,147.38545487201162,151.54525756835938,5524298.0
2025-03-28,151.545245067533,152.72402346084905,148.08686186547305,149.26564025878906,2859660.0
2025-04-01,147.59002933651465,150.40544250285606,145.3396490893851,147.00550842285156,2293910.0
2025-04-02,148.41809156379156,148.62266346900188,145.75853787618817,147.96022033691406,1515678.0
2025-04-03,146.12873514282333,150.4151720943527,146.12873514282333,149.99627685546875,1807259.0
2025-04-04,149.9280786729844,150.89253369151822,145.0766087519927,149.7527313232422,5623702.0
2025-04-07,136.38682738394303,145.64164781356774,136.38682738394303,144.73565673828125,3978490.0
2025-04-08,147.6192551738855,150.9997012887089,147.5120935009522,150.38595581054688,5252832.0
2025-04-09,147.59002884780915,150.46389112300398,145.25197493086728,149.38253784179688,2411800.0
2025-04-11,153.0455038034716,153.52284816607647,150.28853983675398,151.4478302001953,2824478.0
2025-04-15,152.94810251513206,154.8964859866624,151.9836473453295,154.5457763671875,3713269.0
2025-04-16,155.38355663502344,155.7537541913249,153.31827524720228,154.5067901611328,3312068.0
2025-04-17,154.89647747471287,161.0826006028732,153.92228579248197,159.46543884277344,8873598.0
2025-04-21,160.7416229681936,168.52541963786618,160.7416229681936,166.84005737304688,15861941.0
2025-04-22,167.3758681785134,170.1815449404533,165.06703868107502,168.8566436767578,7861475.0
2025-04-23,169.16836419084987,176.03641789499983,168.85663061085873,175.39344787597656,12980307.0
2025-04-24,175.35448790394534,177.439257332204,174.30235919272357,174.9355926513672,10991635.0
2025-04-25,174.86740351764516,175.4421730312488,166.6939360592471,168.52542114257812,8757102.0
2025-04-28,158.50096531300426,164.73580027397605,154.11710325223595,163.3329620361328,19860635.0
2025-04-29,163.17709591507594,164.74554501369485,160.74161687156737,163.4985809326172,7647849.0
2025-04-30,163.09916735621374,163.65446374245076,159.37776291234192,159.93304443359375,5934900.0
2025-05-02,160.2545224281122,164.15128893092344,159.22188168326477,162.35877990722656,5473681.0
2025-05-05,162.39775469218708,164.48252435195775,161.93988340039292,162.70950317382812,3624993.0
2025-05-06,163.56676299091575,164.13179590028506,159.32903846812206,160.0207061767578,5762277.0
2025-05-07,158.4620161879738,164.93064810166965,158.4620161879738,163.91748046875,5537154.0
2025-05-08,164.14156777004132,165.0183343694608,157.91648329220232,159.3095703125,4167888.0
2025-05-09,155.61737902972342,159.93304089036766,155.539441914172,157.36117553710938,5279622.0
2025-05-12,163.66419076766596,167.35637043546245,162.46593924745542,166.78160095214844,5007023.0
2025-05-13,166.79135001447244,168.90534399808465,165.68077218748297,167.025146484375,3088908.0
2025-05-14,168.04805969712513,172.82159283817992,166.69393389764332,170.68812561035156,4786490.0
2025-05-15,170.68813562516752,174.06856717467295,168.89561158583658,173.4353485107422,11285094.0
2025-05-16,173.9711453527162,175.35449570167572,169.99644166634673,170.3568878173828,11118713.0
2025-05-19,170.48354320081165,171.70128279510317,168.61309696777812,170.76605224609375,6301773.0
2025-05-20,172.2370840326738,172.56830562096147,166.29450911346711,166.75238037109375,3886648.0
2025-05-21,166.57703639087254,169.7821203942869,165.32032083190043,169.10018920898438,4026401.0
2025-05-22,169.02225037220254,170.6199240750695,167.171292193083,169.22683715820312,2800171.0
2025-05-23,168.729990088655,171.26289431386542,167.36612773045542,170.58096313476562,2502844.0
2025-05-26,171.94482492926755,172.35398363538604,169.33399846213484,169.79185485839844,6328313.0
2025-05-27,169.95022165017355,171.93974763304217,168.29724224416233,170.5441131591797,4652943.0
2025-05-28,169.50481731901476,173.2166016398691,169.50481731901476,172.56332397460938,2706198.0
2025-05-29,173.9787657139049,174.0084587813688,169.50482394210317,169.90074157714844,2725416.0
2025-05-30,169.99972193174193,170.6331991851726,167.52519905063943,169.54440307617188,4309054.0
2025-06-02,169.2573619733538,174.40436645130094,168.72287168625343,173.2165985107422,5334088.0
2025-06-03,174.2064162713982,175.41398468336084,170.37585956484682,171.75169372558594,4775275.0
2025-06-04,171.75168910275966,174.16682586167968,171.75168910275966,173.42446899414062,4499916.0
2025-06-05,174.10742627714228,182.421832334426,173.01864525639667,181.4914093017578,15938143.0
2025-06-06,183.21367341127944,190.04335027030305,180.83812247092752,187.8558654785156,21470221.0
2025-06-09,189.7860184721432,193.26024327253432,189.3505000144393,191.03317260742188,11718299.0
2025-06-10,192.2605433265265,195.09139822618687,190.34031107317287,192.7851409912109,14781474.0
2025-06-11,192.91379931587875,194.7944457825658,187.1729182683319,188.8555908203125,8902702.0
2025-06-12,188.5586512335691,190.9242946002944,185.0943190586741,185.8861694335937,5987791.0
2025-06-13,181.19446548898736,185.0448225826185,178.7694360264785,183.79766845703125,5261403.0
2025-06-16,184.5697207756734,190.3304024048948,181.6398789292846,189.7068328857422,7059556.0
2025-06-17,189.70683368351305,192.2308501480286,187.05413719076776,188.10333251953125,6034344.0
2025-06-18,188.0637440203,190.9044915311329,186.2721918227382,186.8462829589844,4824661.0
2025-06-19,187.11351260625293,189.66722199201507,184.00551252031715,185.5991058349609,5734249.0
2025-06-20,185.50013987320847,190.35019875701548,185.34176678147625,188.1132354736328,7105520.0
2025-06-23,186.60871952904688,193.0127859957325,186.0841218830652,191.32020568847656,6312298.0
2025-06-24,194.2005459174508,199.446537263144,191.6864374033524,198.02120971679688,17929301.0
2025-06-25,201.9210663751663,202.0398386399816,197.6648840142477,199.45643615722656,10463264.0
2025-06-26,199.89195804241209,204.49457972604088,199.64450575092525,204.0392608642578,12459462.0
2025-06-27,204.97958059463764,205.3260198508687,199.44655087263783,200.95106506347656,9233947.0
2025-06-30,202.84158777054947,205.68235038406337,202.41597707322623,203.9105834960937,9598420.0
2025-07-01,205.38539235219253,206.870106031847,201.55483589173656,205.721923828125,5715930.0
2025-07-02,206.77111992293985,207.4639983922389,202.91087038138983,204.11843872070312,4539973.0
2025-07-03,204.7915038147487,205.8308064262661,200.703602360937,201.21829223632807,3745712.0
2025-07-04,200.6837992447111,207.71145004379449,200.04042935749848,203.53445434570312,11136321.0
2025-07-07,203.8907898675939,209.0476870211043,203.0197529927008,205.65264892578125,12364754.0
2025-07-08,205.7714299317058,207.0977706087972,203.23752084613128,206.1277618408203,3294484.0
2025-07-09,206.1277571266424,208.67157391194976,205.59326682683928,206.96910095214844,3831077.0
2025-07-10,207.1274569097235,209.02788866182303,204.1877225313833,204.662841796875,3256761.0
2025-07-11,204.39558976313413,206.11786312374605,201.901266472697,202.5050506591797,4060618.0
2025-07-14,202.910883909694,206.36532341929205,201.1094239346728,203.4750823974609,5939863.0
2025-07-15,203.8017038343256,205.28641760223948,201.2282090319153,203.3562927246093,5628351.0
2025-07-16,203.1088325495557,203.3265917686641,199.82267405778293,201.27769470214844,4871054.0
2025-07-17,201.1885958318207,202.0794330997473,196.7245621480599,197.7440643310547,5656944.0
2025-07-18,198.96153614972093,204.682631953409,197.744075097552,201.0797271728516,20357652.0
2025-07-21,199.84246937509988,210.6808920858136,199.25848557791969,208.4340209960937,28403671.0
2025-07-22,209.83954867069264,209.9385356311928,203.15833662575315,207.07798767089844,10487847.0
2025-07-23,207.77084824177285,212.61101451952896,206.31582754140848,211.3341522216797,16326707.0
2025-07-24,212.19529002714705,212.2645688138117,207.0680707856888,207.9589080810547,9010760.0
2025-07-25,205.6823403862153,205.6823403862153,198.951635276598,202.82179260253903,17693694.0
2025-07-28,200.9312661787994,206.375216740294,199.3673658414662,199.9315643310547,4362416.0
2025-07-29,200.83227161472053,204.3757902038949,199.77318367201903,203.9204864501953,7218561.0
2025-07-30,203.90068883607245,205.0191780302161,200.0899174936942,201.32717895507807,6921827.0
2025-07-31,199.43665537484296,202.7030135577049,198.26867269892577,200.5254364013672,3524054.0
2025-08-01,200.73329675932737,201.8715712298436,198.2884669734779,199.0902099609375,4549986.0
2025-08-04,197.9618350783862,202.39617595522105,197.19967778441327,201.9408721923828,6730889.0
2025-08-05,201.9210712690088,203.39589237379505,199.64450715071013,202.1883239746093,3651783.0
2025-08-06,202.188316930064,203.30679098622056,198.2686660965496,199.61480712890625,3221530.0
2025-08-07,199.29808623605047,199.94145616755108,193.9135218316456,198.23898315429688,5360975.0
2025-08-08,198.95164027890027,199.5257314015525,193.01278534520176,193.7551422119141,2094580.0
2025-08-11,193.30973571549885,196.7245743630293,192.4188983922586,195.93272399902344,2728485.0
2025-08-12,195.98220929182955,198.13998596273672,193.4086994921365,195.7644500732422,3283444.0
2025-08-13,196.774068808215,200.53534672823264,196.30885728345208,199.2881774902344,3781634.0
2025-08-14,199.28816569279743,200.77287938096865,197.7242654621959,200.0206298828125,2597438.0
2025-08-18,202.8118846774761,211.6607807154078,202.1784074384645,208.30532836914065,9569765.0
2025-08-19,208.73096272335044,215.43195993375696,205.8803074790495,214.8182830810547,9449871.0
2025-08-20,215.7882928671051,215.9664663723672,212.4427481248723,214.3233795166016,6493172.0
2025-08-21,214.19469905758567,221.22235022922584,213.8185818419741,219.5297698974609,10194494.0
2025-08-22,220.21273699304427,223.18216446367487,219.52976625827296,220.4304962158203,8534537.0
2025-08-25,220.4304960522773,220.9748941088136,215.19441226173072,215.4715576171875,4476151.0
2025-08-26,215.0360357284546,218.54986119714928,213.5513220180165,217.7580108642578,15435312.0
2025-08-28,217.06515353023823,218.08465576486097,213.06631603428085,214.2342987060547,5719437.0
2025-08-29,214.2046035804661,217.65902787695663,213.897765157908,214.94696044921875,15451569.0
2025-09-01,215.7783892383548,221.410405575827,214.39266250474503,220.3216094970703,5291371.0
2025-09-02,221.12335560347924,221.90531328110345,218.20342166419007,219.6683349609375,7095067.0
2025-09-03,220.7571351478801,225.8447536123518,219.92569908052428,224.83514404296875,9145986.0
2025-09-04,225.7061735296119,227.85405751812587,223.6968622144444,225.52801513671875,6093291.0
2025-09-05,226.96324330545065,230.4968541513334,226.4683387256757,228.1609039306641,5790664.0
2025-09-08,229.30908135763903,234.0403678325148,228.3588730422981,231.18972778320312,6334110.0
2025-09-09,232.01125826710063,232.75361512815576,229.94256077241653,231.5856475830078,1980326.0
2025-09-10,231.21942556477617,233.30792349422663,229.2398072469384,230.348388671875,3161164.0
2025-09-11,229.88317124640545,232.79321251530808,229.88317124640545,231.1303253173828,1993358.0
2025-09-12,231.1303316511213,234.0898664784559,231.1303316511213,232.5655670166016,2813664.0
2025-09-15,232.56557056484127,235.9210230662883,231.41738829625504,234.6837615966797,5279320.0
2025-09-16,235.17866179156152,238.8211522404713,234.753036000256,238.57369995117188,7347308.0
2025-09-17,238.5440104148507,241.21649215817664,236.4950981795509,240.4147491455078,5606036.0
2025-09-18,240.77108161173084,248.2342361393665,240.68200241084688,244.84909057617188,9009825.0
2025-09-19,244.52244457049653,246.4921702065137,242.9387590002423,244.1859130859375,4800420.0
2025-09-22,244.185918183001,249.6298685949188,244.185918183001,245.561752319336,7646105.0
2025-09-23,246.41298863887,247.1850385794096,241.71139510449456,243.8988800048828,3369508.0
2025-09-24,243.4930520025352,246.97718445523225,242.67150859192057,244.30470275878903,4991261.0
2025-09-25,243.98795164603112,246.66043328843327,240.4741261980167,241.57281494140625,3255852.0
2025-09-26,241.0680280751912,243.5326432597769,233.0505677003024,233.8820037841797,6695936.0
2025-09-29,232.65463914926283,245.0272532807564,232.65463914926283,242.3448638916016,14344044.0
2025-09-30,243.24559892767343,247.35330086418017,242.65170739558832,246.7396240234375,5767268.0
2025-10-01,247.4423975153832,256.6674110392031,244.4234765546537,255.94483947753903,9166397.0
2025-10-03,256.3605650934868,261.2106237971832,255.192597567736,259.6566162109375,9109317.0
2025-10-06,262.0025055239417,262.0025055239417,249.93671393895923,257.2217102050781,9534057.0
2025-10-07,257.2217096279692,258.99347653767285,256.0636497902023,256.6377258300781,2508278.0
2025-10-08,256.2615914472983,257.7958138049551,251.7282786798777,252.9457397460937,2485985.0
2025-10-09,253.3416465738796,258.3401857557111,252.9457289588646,257.5879211425781,3597676.0
2025-10-10,257.3701613966635,259.4685821444468,252.0647989118475,253.4307403564453,6067478.0
2025-10-13,252.64878731028256,264.3780318613998,252.3320411304813,263.8633117675781,10792642.0
2025-10-14,265.26885855921,265.8627501047628,258.73611197128685,260.2505187988281,4871445.0
2025-10-15,260.3197979355259,269.41614614303114,260.1911179171823,268.7826538085937,7835400.0
2025-10-16,262.2994137278425,270.78208503646846,262.2202422900637,266.4467163085937,11133785.0
2025-10-17,268.1888077844968,268.1888077844968,261.30962194239686,263.5466003417969,3844212.0
2025-10-20,266.0903696000997,267.60477632928115,263.6158468264975,264.81353759765625,4113186.0
2025-10-21,267.03071629148536,267.03071629148536,264.27904801109366,265.1203918457031,543455.0
2025-10-23,265.91222078971344,266.7238715382739,261.5372812840565,264.23944091796875,5794136.0
2025-10-24,263.2892435481039,266.82286959267066,263.20016434612904,264.279052734375,4221358.0
2025-10-27,264.77396001197627,266.84265760746723,261.5273870563543,264.4275207519531,8987153.0
2025-10-28,265.7637607435576,268.0502174976742,263.5663831894818,265.61529541015625,21647191.0
2025-10-29,265.7142791435748,268.00073586994586,263.3288354606112,265.4371337890625,9391552.0
2025-10-30,265.27877593421005,269.21819725625454,264.5562043368245,265.1600036621094,5883403.0
2025-10-31,266.95153201580337,270.50494313539707,265.7241481652933,267.73345947265625,4506941.0
2025-11-03,267.74338334855395,277.0970921877247,267.14949179888646,276.8496398925781,9607771.0
2025-11-04,277.19605430508966,281.5512389492177,275.81032746676686,277.1465759277344,6516048.0
2025-11-06,276.8496182595124,277.7899187836466,269.4260499851949,272.3954772949219,5515746.0
2025-11-07,269.2280968782308,302.2877174388741,269.2280968782308,300.5060729980469,70587337.0
2025-11-10,300.90197143153,305.1086601768721,297.0417219182962,297.83355712890625,8155155.0
2025-11-11,297.437654410884,299.3677943673964,288.6778372496471,292.0431823730469,16005871.0
2025-11-12,293.4784150479708,298.3284738759133,290.90490519847725,291.89471435546875,5279025.0
2025-11-13,292.09270015221733,292.4886177898047,288.3314070786884,289.2222595214844,3630010.0
2025-11-14,288.97478183131176,293.72585347806506,287.1931073088466,291.15234375,4821228.0
2025-11-17,292.0431706939163,298.4274516425317,289.9645956935088,296.3488464355469,11584288.0
2025-11-18,296.84376926820346,296.9922346050017,292.736067181695,293.4784240722656,4592406.0
2025-11-19,293.52790306896424,298.52645759997824,292.8350547602491,294.61669921875,3905961.0
2025-11-20,294.6166824129331,295.3590392627254,289.0242668524797,289.3211975097656,3801781.0
2025-11-21,287.2426177276743,289.91508421861994,285.2629994944211,285.7579040527344,5136647.0
2025-11-24,285.7579233595631,291.59779150090714,284.42167492052005,289.56866455078125,5328979.0
2025-11-25,289.96460062107553,295.01260308679485,288.72733919191336,293.87432861328125,5580342.0
2025-11-26,294.963127603258,305.65305437336224,294.3197576951034,304.4653015136719,11140520.0
2025-11-27,305.75204300738733,306.8903174983022,302.28771095277267,305.1086730957031,4988540.0
2025-11-28,306.4449254142374,312.13632814806914,305.3561292847104,309.1669006347656,14286349.0
2025-12-01,310.5526091616703,310.8000614398868,304.4652891588605,305.9994812011719,3746757.0
2025-12-02,305.9995058469291,307.7316719339562,302.139256037156,302.9310913085937,3419184.0
2025-12-03,302.9310826649788,304.9602095758319,293.57740418587105,299.7142028808594,6688481.0
2025-12-04,299.6152542740629,301.4958856961224,296.0519351442464,297.38818359375,3259199.0
2025-12-05,296.0519198019535,307.97910785578404,294.96312370668704,306.4449157714844,8154419.0
2025-12-08,308.1275881874484,308.5730144047461,294.46823347365506,296.2498779296875,5368362.0
2025-12-09,294.9631220923639,307.0388056163601,291.79572077921085,304.1683349609375,8915028.0
2025-12-10,304.3168406311796,307.23675955136383,299.2688078356027,300.8525085449219,2644098.0
2025-12-11,300.8029892128321,302.28770291102626,296.8437526843141,298.6254272460937,2764759.0
2025-12-12,300.40709248922616,305.85104309446746,299.5162702496844,304.7127685546875,3551485.0
2025-12-15,303.92089344821187,306.54391191295935,300.4070829787036,301.99078369140625,3130247.0
2025-12-16,300.9019900748878,301.2979077047232,296.44784877443715,297.7345886230469,2957216.0
2025-12-17,297.9325421001573,303.4754791572896,296.54681538751845,298.8233642578125,4018638.0
2025-12-18,298.872886271539,300.654530666934,294.8146626969413,296.7942810058594,4654752.0
2025-12-19,297.14072830572803,300.3080995619069,293.6763961712149,297.2396850585937,5032118.0
2025-12-22,298.18000074042976,300.80298889649896,296.1013955238283,300.25860595703125,4601018.0
2025-12-23,301.644335399546,304.2178452047297,298.62542960533176,300.4070739746094,3550546.0
2025-12-24,300.6545420471342,307.3357540926261,299.12034988228265,300.1596374511719,4437672.0
2025-12-26,300.159632160363,301.7433328808431,296.64582167359873,298.2294921875,3394545.0
2025-12-29,298.229488853241,300.4070810953776,296.2003921508789,296.9427490234375,3522551.0
2025-12-30,295.9529380898325,304.31683755326344,295.4085551358437,302.33721923828125,25281188.0
2025-12-31,301.29791037944904,313.37359453939126,299.3678005894002,312.730224609375,9647536.0
2026-01-01,312.73022789986607,318.6195744985408,310.206196323366,314.0169677734375,5017284.0
2026-01-02,316.24403330047585,318.2236516622942,313.07663183893493,316.4914855957031,3861694.0
2026-01-05,315.7491183439902,318.3226281711816,313.0766215606418,317.0358581542969,4877876.0
2026-01-06,321.09407454248145,326.09262875443085,313.6210277212664,316.0955505371094,8344558.0
2026-01-07,315.74913472778746,315.74913472778746,307.92964809089176,310.7506103515625,4959976.0
2026-01-08,309.61228520089725,310.20617672293565,301.89178603413086,304.1683349609375,5757228.0
2026-01-09,302.8815985222854,307.3852180516686,295.2600560193222,296.64581298828125,5438329.0
2026-01-12,296.645829309179,298.08103452516616,289.420204025559,293.1319885253906,6677927.0
2026-01-13,295.35904373442537,299.1698149957028,282.4420464351081,285.7084045410156,8485545.0
2026-01-14,283.18439222425945,293.42892254727167,280.8088564031524,292.7855224609375,10569647.0
2026-01-15,292.7855224609375,292.7855224609375,292.7855224609375,292.7855224609375,0.0
2026-01-16,294.9631257249084,296.49731781970536,289.766627704587,293.3794250488281,6787271.0
2026-01-19,281.60069809534906,298.7243839988325,279.42310592199834,296.9922180175781,21465689.0
2026-01-20,296.9427368472661,306.2469365604983,289.5191684260844,290.805908203125,10309616.0
2026-01-21,290.2615417944379,293.5774085860056,273.92969033797334,278.4828186035156,13697608.0
2026-01-22,285.06504036542066,287.094137077057,280.90782977746017,284.3721618652344,8091520.0
2026-01-23,286.05484210120306,292.2906276145497,282.3925361923628,285.0650329589844,6502459.0
2026-01-27,285.06502314307625,287.4405589612865,277.49298950715365,282.3430480957031,5836546.0
2026-01-28,285.0650483140514,289.024285096191,283.03595154583667,286.4507751464844,2299975.0
2026-01-29,288.6283525922487,290.954410123258,283.0854153414502,286.20330810546875,3987000.0
2026-01-30,285.9063771064957,290.36051825170364,280.85834443394447,283.4318542480469,4445140.0
2026-02-02,276.1567624998928,276.3052278362651,266.2586706540185,274.7215270996094,9193919.0
2026-02-03,287.63854344866144,295.70548193545966,280.4129185694717,281.7986755371094,5355155.0
2026-02-04,282.54104572924416,287.6880353998749,279.2251788971903,284.1742248535156,3593559.0
2026-02-05,283.0854116389566,283.87724686160936,275.661843151921,280.51190185546875,3934618.0
2026-02-06,279.12618938869645,283.18441307715284,272.74190808068505,282.3925476074219,3821007.0
2026-02-09,286.45076918328425,294.2702556239116,284.57013779223394,293.8248596191406,4735377.0
2026-02-10,294.5177168448766,295.45804767219386,288.28193093643705,291.00390625,3691851.0
2026-02-11,293.97332077627914,296.84376130146586,283.4813376298168,285.3619689941406,6843457.0
2026-02-12,285.26301978156755,289.51918720311846,282.2440836372114,289.0737609863281,3739412.0
2026-02-13,288.03447886821,288.2324527919884,280.8088837489933,282.1946105957031,4322331.0
2026-02-16,281.10581420068024,292.43914167978323,278.33436050950263,291.00390625,6790971.0
2026-02-17,292.34015016549006,296.3488653004067,287.88600881265853,294.61669921875,5138868.0
2026-02-18,294.616675817227,299.96163897475634,293.77533203164904,297.190185546875,4525435.0
2026-02-19,297.23967776190705,298.5264477899429,290.2615352877485,291.89471435546875,3811926.0
2026-02-20,291.498788060109,295.9529291340326,289.8161004606625,294.7156677246094,3472541.0
2026-02-23,295.95294355363126,299.91218025668985,294.9631343778666,296.5963134765625,3420472.0
2026-02-24,296.59629360630385,296.59629360630385,292.04316566150425,294.4187316894531,3623378.0
2026-02-25,297.9325484576576,307.335735202999,295.85394324105613,300.25860595703125,9098084.0
2026-02-26,301.5453433350992,301.5453433350992,293.37941806887426,296.84375,3806988.0
2026-02-27,294.46823807557524,294.46823807557524,275.16695860507537,281.05633544921875,99977962.0
2026-03-02,270.861265750593,279.1261781301598,269.3270736626506,272.9893493652344,8061770.0
2026-03-04,267.8423542635046,270.9107685808318,262.84380007702293,268.2877502441406,8234278.0
2026-03-05,269.2280814002949,274.078140060676,267.2484631547045,272.6924133300781,3609412.0
2026-03-06,272.0985166676804,274.12764345497106,268.4857194791382,269.12908935546875,2656845.0
2026-03-09,262.8933215914541,264.1800614298135,257.15241028154753,263.4872131347656,4006690.0
2026-03-10,267.24848692716205,273.1378638143,266.3576646787208,271.2572021484375,3026037.0
2026-03-11,270.2179116499784,273.0388739118161,262.8933296099396,263.9326171875,2386052.0
2026-03-12,262.4479027804366,266.60511349422575,258.09274835101627,262.7943420410156,3821356.0
2026-03-13,261.3096128951672,261.85399583940097,253.68807043642693,255.37075805664065,3511148.0
2026-03-16,254.38094661045287,259.82489682974284,252.5497936771945,257.9937438964844,3213126.0
2026-03-17,260.1713310678523,261.012674854165,253.7870502143592,260.46826171875,5303707.0
2026-03-18,262.29943660551874,269.9209794876316,261.4086143715706,266.0606994628906,6289105.0
2026-03-19,262.2994279247083,264.1800592911547,252.5498016378893,254.0345153808593,5586363.0
2026-03-20,257.44938131894764,261.854014175336,255.86568054312875,258.5381774902344,6384030.0
2026-03-23,257.54835922270985,257.5978375987909,243.09713923733128,245.1262359619141,8126742.0
2026-03-24,251.41151881660787,253.14368479270647,246.36348621637623,252.203369140625,6736385.0
2026-03-25,254.97483979466944,263.7841350748013,254.7273875103592,258.6371154785156,5174550.0
2026-03-27,257.845281423253,257.845281423253,247.0563678196033,249.08546447753903,7078996.0
2026-03-30,244.4828566359249,244.97776120401377,236.51489006903552,237.7521514892578,9535511.0
2026-04-01,246.32390747287573,248.2243392423664,240.41474559593783,242.1469116210937,5176161.0
2026-04-02,237.6531824786224,240.1672910691217,232.5061628263369,237.900634765625,5044052.0
2026-04-06,241.4144421833636,254.85606716338145,239.63279782153208,252.84674072265625,11678955.0
2026-04-07,249.92681583547747,254.68779553447047,248.1451563058934,251.9658203125,5784978.0
2026-04-08,265.2688639042936,276.0479005225478,265.2688639042936,272.65283203125,8622875.0
2026-04-09,273.13784986652905,274.84032283050266,268.23828244042863,269.40625,4688665.0
2026-04-10,272.0985346543794,276.94859354361625,271.0097385266131,275.5925598144531,5871745.0
2026-04-13,270.1585183206006,273.7317149389547,263.4970917063831,271.247314453125,4802310.0
2026-04-15,275.4638662853689,281.0958826002563,275.4638662853689,278.1462707519531,5323702.0
2026-04-16,282.09561924040713,284.065329863033,274.64235724558165,277.5523986816406,5424731.0
2026-04-17,277.5424721210915,284.9660405455496,274.8996986776677,284.2138061523437,3415046.0
2026-04-20,284.21381027066093,290.97419338959946,280.81874197168145,287.193115234375,4638480.0
2026-04-21,289.65777230082165,291.1424860675743,284.72851172083443,288.92529296875,5395677.0
2026-04-22,290.0140775869236,292.28074897198053,288.3313899688052,291.0434875488281,3357979.0
2026-04-23,289.01435586975816,292.1817571428228,284.2138057932687,289.1430358886719,3503151.0
2026-04-24,290.9049181944925,292.00362211525777,284.29299997998453,287.0941467285156,3567361.0
2026-04-27,288.7273350541198,297.76426702968524,283.8871539134454,284.857177734375,15681505.0
2026-04-28,285.0650226884921,289.5983351056306,281.8085422700772,282.8676452636719,5658687.0
2026-04-29,283.085428578852,287.49009156070014,281.4819425227517,282.5113525390625,3376266.0
2026-04-30,281.5215409785618,281.5215409785618,274.55327587589454,276.8793334960937,3778162.0
2026-05-01,276.8793334960937,276.8793334960937,276.8793334960937,276.8793334960937,0.0
2026-05-04,277.146567389363,284.8670668268638,277.146567389363,282.7389831542969,4980539.0
2026-05-05,283.6793104906302,288.4303823624885,280.2149784404816,287.4900817871094,4655749.0
2026-05-06,291.9937084803912,299.9121819307069,291.4493255133136,297.2396850585937,8849214.0
2026-05-07,298.7243890255896,302.08976429677625,294.8146610117714,300.5555419921875,3760248.0
2026-05-08,299.9121878297626,302.0897801540627,297.63563875065034,300.30810546875,2525155.0
2026-05-11,299.912186962063,301.8918053578522,291.15236951938,291.99371337890625,3447625.0
2026-05-12,289.02428803461896,292.0927026132888,276.4042206632444,277.7899475097656,6656358.0
2026-05-13,278.13636897538987,287.2921035413058,275.95877677978416,279.0271911621094,6270211.0
2026-05-14,281.10578523478574,282.887429537446,272.9398601355358,278.43328857421875,8516619.0
2026-05-15,278.2353552558915,280.8583434352043,273.2863095565927,277.888916015625,2918519.0
2026-05-18,274.3751096512972,277.14656320067263,269.5250206300229,275.9093017578125,3171834.0
2026-05-19,276.15674967110846,278.1858463226199,271.9005824577332,275.1174621582031,3945508.0
2026-05-20,272.2469898268073,273.78121210621515,269.0796187265757,272.84088134765625,4150742.0
2026-05-21,276.2062321914355,278.3343460366451,265.367840084954,267.1000061035156,6141512.0
2026-05-22,269.04998779296875,271.54998779296875,262.75,270.1499938964844,6958075.0
2026-05-25,272.5,280.79998779296875,272.5,279.3500061035156,4498651.0
2026-05-26,280.1000061035156,284.6499938964844,278.6499938964844,282.70001220703125,4067157.0
2026-05-27,280.8999938964844,284.6000061035156,280.5,281.70001220703125,1908996.0
2026-05-28,281.70001220703125,281.70001220703125,281.70001220703125,281.70001220703125,0.0
2026-05-29,285.0,289.3999938964844,281.1000061035156,286.6000061035156,10147089.0
2026-06-01,282.0,285.45001220703125,270.0,271.25,6477563.0
2026-06-02,267.0,272.8999938964844,264.29998779296875,270.70001220703125,4331834.0
2026-06-03,270.79998779296875,270.79998779296875,263.6000061035156,267.8500061035156,4135606.0
2026-06-04,266.8999938964844,268.6000061035156,265.0,266.70001220703125,4176044.0
2026-06-05,268.0,277.25,266.45001220703125,268.6000061035156,7790312.0
2026-06-08,264.1000061035156,265.45001220703125,259.79998779296875,261.70001220703125,6718480.0
2026-06-09,262.95001220703125,266.6000061035156,261.95001220703125,265.54998779296875,3578915.0
2026-06-10,266.0,268.0,259.20001220703125,260.3500061035156,2859603.0
2026-06-11,260.0,260.75,256.1000061035156,256.8999938964844,2283784.0
2026-06-12,263.0,277.0,262.95001220703125,275.95001220703125,7369154.0
2026-06-15,282.8999938964844,297.29998779296875,282.3500061035156,293.25,13734537.0
2026-06-16,294.8999938964844,296.6499938964844,292.79998779296875,294.25,3771951.0
2026-06-17,294.25,295.79998779296875,292.0,294.1499938964844,2767001.0
2026-06-18,295.0,295.8999938964844,284.6000061035156,286.8999938964844,3512827.0
2026-06-19,282.3999938964844,289.79998779296875,282.3999938964844,286.5,4742265.0
2026-06-22,288.29998779296875,289.8500061035156,286.29998779296875,288.70001220703125,1775541.0
2026-06-23,288.3500061035156,292.29998779296875,285.70001220703125,286.3500061035156,1925870.0
2026-06-24,286.5,297.8999938964844,286.3999938964844,296.54998779296875,5804976.0
2026-06-25,299.25,307.79998779296875,297.75,299.0,8421891.0
2026-06-26,299.0,299.0,299.0,299.0,0.0
2026-06-29,299.0,307.70001220703125,297.5,299.04998779296875,27064147.0
2026-06-30,300.79998779296875,312.0,297.6499938964844,310.75,10810310.0
2026-07-01,312.70001220703125,315.8999938964844,309.54998779296875,312.70001220703125,7147529.0
2026-07-02,314.0,316.0,311.25,315.25,4080067.0
2026-07-03,318.0,329.0,317.75,327.0,8797473.0
2026-07-06,330.0,336.29998779296875,325.04998779296875,335.6000061035156,6786268.0
2026-07-07,335.8999938964844,338.6000061035156,331.1499938964844,334.20001220703125,4054627.0
2026-07-08,330.20001220703125,330.79998779296875,313.04998779296875,314.29998779296875,8696242.0
2026-07-09,314.75,324.25,309.20001220703125,321.1000061035156,9334466.0
2026-07-10,323.0,328.75,319.0,321.25,9600170.0
2026-07-13,321.25,333.5,318.0,324.70001220703125,21524893.0
2026-07-14,322.95001220703125,322.95001220703125,309.3999938964844,315.29998779296875,11571839.0
2026-07-15,317.8999938964844,320.70001220703125,311.0,312.3999938964844,3577429.0
2026-07-16,312.70001220703125,314.70001220703125,308.79998779296875,309.54998779296875,3272406.0
2026-07-17,311.45001220703125,311.45001220703125,307.1000061035156,310.04998779296875,1913114.0
2026-07-20,307.04998779296875,308.45001220703125,302.54998779296875,305.8500061035156,6797847.0
2026-07-21,305.70001220703125,309.79998779296875,300.45001220703125,306.75,6919270.0
2026-07-22,307.3500061035156,310.6499938964844,303.6499938964844,305.8999938964844,4876518.0
2026-07-23,305.8999938964844,309.75,303.1000061035156,305.04998779296875,3171673.0
2026-07-24,303.0,304.79998779296875,297.1499938964844,302.3999938964844,2838253.0
2026-07-27,305.0,312.8500061035156,305.0,312.25,5922451.0
2026-07-28,312.20001220703125,313.8500061035156,308.0,311.0,2857446.0
2026-07-29,313.0,313.04998779296875,301.04998779296875,309.1499938964844,14431153.0
2026-07-30,308.8999938964844,309.70001220703125,303.79998779296875,306.25,2901728.0
2026-07-31,307.45001220703125,314.04998779296875,306.6499938964844,311.25,5329552.0
2026-08-03,314.54998779296875,324.1000061035156,314.1000061035156,318.0,8873490.0
2026-08-04,320.04998779296875,321.95001220703125,315.6499938964844,317.8999938964844,5387646.0
2026-08-05,323.0,326.75,318.29998779296875,318.3999938964844,5834701.0
2026-08-06,320.54998779296875,322.20001220703125,316.6499938964844,316.6499938964844,1807929.0
2026-08-07,316.6499938964844,316.8999938964844,305.6000061035156,308.0,4814207.0
2026-08-10,308.0,314.79998779296875,305.5,312.8500061035156,2502682.0
2026-08-11,312.70001220703125,316.0,310.29998779296875,315.3999938964844,2372366.0
2026-08-12,315.0,317.20001220703125,309.75,317.20001220703125,4688109.0
2026-08-13,317.20001220703125,317.29998779296875,313.0,315.3500061035156,1127604.0
2026-08-14,314.8999938964844,315.29998779296875,306.0,306.29998779296875,3682349.0
2026-08-17,307.0,315.0,304.5,315.0,3074384.0
2026-08-18,314.0,325.79998779296875,307.54998779296875,325.1000061035156,10165537.0
2026-08-19,327.0,327.0,312.75,315.3999938964844,14527880.0
2026-08-20,317.04998779296875,320.0,313.70001220703125,314.75,3115446.0
2026-08-21,315.0,319.95001220703125,314.1499938964844,317.1499938964844,3402087.0
2026-08-24,317.3999938964844,324.45001220703125,315.8500061035156,315.8500061035156,3331638.0
2026-08-25,315.8999938964844,320.79998779296875,315.1499938964844,319.5,3760223.0
2026-08-26,320.70001220703125,327.29998779296875,320.70001220703125,322.20001220703125,3557857.0
2026-08-27,323.1499938964844,323.6499938964844,318.6000061035156,321.8999938964844,3273758.0
2026-08-28,322.0,322.3999938964844,314.29998779296875,314.29998779296875,2889242.0
2026-08-31,314.29998779296875,321.0,306.54998779296875,321.0,4489382.0
2026-09-01,315.25,316.0,305.29998779296875,309.04998779296875,9359609.0
2026-09-02,308.75,313.3500061035156,302.70001220703125,312.79998779296875,6165981.0
2026-09-03,313.79998779296875,317.70001220703125,311.3999938964844,316.8999938964844,3194737.0
2026-09-04,317.0,320.5,313.3999938964844,314.0,3279672.0
2026-09-07,314.0,315.29998779296875,310.8999938964844,312.5,2068591.0
2026-09-08,311.1000061035156,311.8999938964844,308.29998779296875,308.29998779296875,1493719.0
2026-09-09,307.8999938964844,314.3999938964844,307.0,310.3999938964844,2989428.0
2026-09-10,309.04998779296875,311.3999938964844,306.29998779296875,311.29998779296875,4503846.0
2026-09-11,307.1499938964844,311.54998779296875,302.70001220703125,309.1000061035156,3956142.0
2026-09-14,309.1000061035156,309.1000061035156,309.1000061035156,309.1000061035156,0.0
2026-09-15,310.6000061035156,311.29998779296875,296.6000061035156,296.79998779296875,3858315.0
2026-09-16,296.8999938964844,300.95001220703125,293.79998779296875,295.5,1797290.0
2026-09-17,295.29998779296875,304.04998779296875,293.5,302.29998779296875,3499657.0
2026-09-18,303.0,314.29998779296875,302.5,312.79998779296875,4647669.0
2026-09-21,311.0,311.25,306.29998779296875,307.79998779296875,2617760.0
2026-09-22,308.1499938964844,309.25,302.04998779296875,304.8999938964844,2577248.0
2026-09-23,308.9,312.7,307.75,310.0,5926308.0
