Date,Open,High,Low,Close,Volume
2021-09-23,2927.474021686145,3025.5319213163148,2901.622393601828,2976.146484375,853124.0
2021-09-24,3008.594783695218,3150.867975187319,2962.061894567856,2979.489501953125,1223208.0
2021-09-27,3030.836157850996,3030.836157850996,2821.438040901151,2868.906982421875,1134438.0
2021-09-28,2890.0340365174698,2891.014702671096,2709.562953982609,2812.211669921875,1573075.0
2021-09-29,2790.1933245431374,2875.77113897002,2738.4454463547545,2803.698486328125,1177475.0
2021-09-30,2821.215398812147,2830.30799830319,2759.0377664084785,2767.37255859375,600588.0
2021-10-01,2771.473328428336,2780.387684582817,2683.221202498968,2697.70703125,1122648.0
2021-10-04,2726.455627713497,2762.558767462523,2709.964070050361,2753.733642578125,550121.0
2021-10-05,2758.012424933024,2809.804918641166,2705.3287132898845,2800.2666015625,610635.0
2021-10-06,2819.8779430186464,2821.393339832033,2746.5127583009457,2773.790771484375,598884.0
2021-10-07,2800.5784937011463,2905.188545726562,2785.736178396903,2840.2919921875,740158.0
2021-10-08,2841.0050779657827,2953.147712898022,2834.8986574367686,2895.070556640625,772354.0
2021-10-11,2839.2223384422164,2852.5938722182395,2625.7681311247643,2767.729248046875,1295172.0
2021-10-12,2786.6277589805604,2812.4347767530107,2728.6844434547334,2784.399169921875,794569.0
2021-10-13,2801.7821262360576,2802.7181771550254,2751.861732004681,2790.4609375,528691.0
2021-10-14,2874.8795739370285,3079.90974510153,2874.7903433300976,2911.96337890625,2139363.0
2021-10-18,3021.966339766339,3021.966339766339,2941.603516634765,2992.281494140625,1149208.0
2021-10-19,3040.6867359311163,3262.431334454384,3040.6867359311163,3161.431640625,2079946.0
2021-10-20,3184.3414666993194,3205.5130613696574,3001.9984959734024,3093.4150390625,986753.0
2021-10-21,3093.415066801171,3123.456619721816,2926.850460556225,3027.71630859375,1184242.0
2021-10-22,2852.5937438279425,3137.1399262476534,2750.078656159126,2901.355224609375,2688874.0
2021-10-25,2936.388514256778,2945.258253885955,2767.907206061717,2855.891845703125,791785.0
2021-10-26,2855.8917576000185,2979.043697753354,2853.841412502028,2891.816650390625,659888.0
2021-10-27,2897.388275291784,3000.571935891745,2888.2510612861715,2987.7353515625,751000.0
2021-10-28,3017.5538830041182,3021.96644534852,2901.62264885234,2915.79638671875,529347.0
2021-10-29,2917.668684623178,2956.7582222795504,2863.2911136601424,2884.50732421875,436159.0
2021-11-01,2913.211373022429,2972.9375547826808,2897.299161424587,2960.412841796875,456330.0
2021-11-02,2960.412777399543,3079.419420556986,2960.368162095954,3019.782470703125,502036.0
2021-11-03,3030.881111322084,3071.2631884794755,2927.9202970992305,2941.158203125,425741.0
2021-11-04,2964.023372382386,2979.0441493087164,2941.737482364473,2956.535400390625,31960.0
2021-11-08,2989.9641657573807,3037.923225850064,2932.8230580284667,3017.64306640625,519399.0
2021-11-09,3017.6429915509043,3086.1499012247778,2999.680652114783,3006.9013671875,625236.0
2021-11-10,2988.092281973956,3026.379399398729,2963.9789042501084,2997.9873046875,296942.0
2021-11-11,2999.502079688737,3012.5169068249047,2936.165546721148,2984.748779296875,357090.0
2021-11-12,3035.338004529277,3046.8820512102725,2967.6335189979595,2989.33984375,773128.0
2021-11-15,3021.9663757498083,3070.9060981435427,3008.594843113747,3051.160888671875,488346.0
2021-11-16,3070.8173131355206,3115.3890918978345,3054.949716369009,3079.33056640625,785380.0
2021-11-17,3091.49861393733,3112.714824422852,3032.7084805356326,3068.900634765625,547200.0
2021-11-18,3084.367037362587,3094.395687411815,2955.7774578424846,2976.636962890625,516894.0
2021-11-22,2981.85195818044,2995.2234916251955,2832.1353989044565,2895.115234375,765536.0
2021-11-23,2895.115332469618,2967.81194862123,2809.804989728653,2933.669921875,762502.0
2021-11-24,2963.487946463514,2986.308781219014,2851.300924771324,2863.42431640625,702672.0
2021-11-25,2870.690256067797,2938.1272756740013,2859.7255540882697,2907.506591796875,1017061.0
2021-11-26,2861.50811425226,2865.7424331129137,2700.158279772615,2727.07958984375,873005.0
2021-11-29,2636.8661495040888,2714.198177384237,2611.415623026208,2664.054931640625,1245417.0
2021-11-30,2741.1641143837846,2769.021473269799,2518.3052432956724,2580.83935546875,11262910.0
2021-12-01,2556.4589819061853,2700.7823142408583,2541.482820740181,2684.6474609375,988525.0
2021-12-02,2685.003694757204,2784.2205082798378,2651.8869533718,2769.779296875,908162.0
2021-12-03,2790.193385848394,2797.458498824382,2732.250072723747,2751.72802734375,304524.0
2021-12-06,2754.535835208294,2780.833183796852,2680.546684942181,2694.676025390625,310890.0
2021-12-07,2724.226776593781,2748.4291623747854,2666.060612597464,2716.203857421875,447610.0
2021-12-08,2749.900299643602,2811.721221565366,2733.319512134294,2791.35205078125,500088.0
2021-12-09,2803.6094553920834,2819.2541930189004,2766.035315904609,2792.822998046875,278294.0
2021-12-10,2772.3646982258497,2808.022121997243,2769.690391442995,2793.669921875,197909.0
2021-12-13,2811.275401883945,2912.3197001446165,2808.021749450732,2873.943359375,621098.0
2021-12-14,2879.336819232852,2879.336819232852,2790.193264457841,2841.5400390625,567038.0
2021-12-15,2834.5866651827782,2873.631583868252,2782.2148292112483,2860.48291015625,661097.0
2021-12-16,2874.968553929124,2907.8624349464703,2835.700778869387,2861.68603515625,397555.0
2021-12-17,2883.7938727782766,2976.5031657516743,2871.5366345245825,2908.8876953125,1266717.0
2021-12-20,2870.422282955853,2895.2488484511937,2693.561568476423,2761.80078125,571770.0
2021-12-21,2785.736249548306,2836.548078740067,2738.4901627559666,2769.86865234375,613451.0
2021-12-22,2755.739325422848,2840.113611672036,2755.739325422848,2825.137451171875,438811.0
2021-12-23,2847.958404217482,2870.422537067404,2813.994621926498,2840.47021484375,345682.0
2021-12-24,2874.7014538071926,2933.937303579839,2836.993685877049,2868.6396484375,862697.0
2021-12-27,2857.0509474577134,2887.315140955919,2812.523785111045,2879.64892578125,444764.0
2021-12-28,2907.862931230042,2989.8303912365127,2897.210319322407,2968.346923828125,989627.0
2021-12-29,2968.480384777509,2981.807302737597,2935.9876024712603,2950.6962890625,534624.0
2021-12-30,2948.735269752526,2994.332112605919,2929.0790716904294,2982.386962890625,552959.0
2021-12-31,2982.386981158088,3047.996509653115,2950.6517872679588,3027.939208984375,442436.0
2022-01-03,3023.7493649768526,3101.304257297898,3022.0111091933345,3051.07177734375,548857.0
2022-01-04,3075.2743357392847,3093.28128992295,3004.137736899233,3027.225830078125,314076.0
2022-01-05,3013.0520079093444,3021.9663629623305,2937.2799899589613,2953.816162109375,483649.0
2022-01-06,2939.954289863811,2939.954289863811,2874.8794981233445,2903.5390625,674963.0
2022-01-07,2932.020772604032,2932.020772604032,2870.42248866568,2888.429443359375,365542.0
2022-01-10,2897.210247822865,2923.017264314617,2834.76514197026,2853.440673828125,763573.0
2022-01-11,2870.422667868804,2891.8171225361484,2842.6099203283843,2859.235107421875,380691.0
2022-01-12,2888.251084422372,2891.7722111987864,2834.764953229365,2868.149169921875,478892.0
2022-01-13,2888.2513079199816,2954.618643983792,2871.3586470381333,2946.996826171875,463951.0
2022-01-14,2952.835657082121,2952.835657082121,2868.149279458949,2909.378173828125,614958.0
2022-01-17,2910.536846642385,2941.7370884900065,2854.465641919049,2928.053466796875,624020.0
2022-01-18,2932.82295423654,2959.1203029143444,2831.1100711098284,2853.930908203125,607433.0
2022-01-19,2852.593752529749,2852.593752529749,2726.054520065752,2752.975830078125,858708.0
2022-01-20,2754.312965062857,2788.9897205819348,2678.942046482389,2719.814453125,551856.0
2022-01-21,2697.484006715118,2852.593794279041,2602.991837279625,2696.236083984375,1640071.0
2022-01-24,2697.439510313525,2727.792936020886,2536.3571409194205,2627.372802734375,1189507.0
2022-01-25,2610.1233582843497,2738.802170327794,2536.3570646033286,2729.798583984375,914743.0
2022-01-27,2675.2424717228187,2705.4620472252896,2576.6942365837485,2615.4716796875,956035.0
2022-01-28,2664.9019390420385,2772.364537219255,2651.3967776272,2709.340087890625,474404.0
2022-01-31,2742.145074332065,2805.214141608781,2742.145074332065,2769.24462890625,389982.0
2022-02-01,2799.107788752859,2848.092131528905,2772.4093360146544,2805.30322265625,339786.0
2022-02-02,2775.1282373031945,2841.049856013356,2775.1282373031945,2788.14306640625,342507.0
2022-02-03,2789.301914888791,2790.14873515813,2665.6598441317783,2686.56396484375,302239.0
2022-02-04,2661.8264716474973,2731.8933908087447,2654.071026124612,2720.527587890625,226441.0
2022-02-07,2720.3937627532923,2743.793945410454,2669.849411740948,2694.274658203125,193583.0
2022-02-08,2710.1422890114563,2725.56416740238,2620.820491304333,2657.904296875,235153.0
2022-02-09,2671.8997043366185,2736.66240724594,2668.601436468489,2701.2724609375,384113.0
2022-02-10,2715.491029018078,2779.496147395428,2692.135460273955,2772.498291015625,634918.0
2022-02-11,2734.9245761609664,2743.526843135372,2625.2779911323487,2675.688720703125,589646.0
2022-02-14,2589.620445699031,2664.1889473823708,2570.0088622892617,2585.11865234375,475833.0
2022-02-15,2629.734721007413,2680.724788002873,2552.580935072428,2668.86865234375,653338.0
2022-02-16,2674.3067053867603,2718.878483809873,2644.1315243400586,2664.456298828125,476398.0
2022-02-17,2691.065847705024,2708.1813677926475,2667.086099350884,2682.820068359375,289180.0
2022-02-18,2631.517425361169,2712.9501400599725,2631.517425361169,2693.873291015625,219536.0
2022-02-21,2656.4778557619466,2748.2510992316984,2627.6844448720326,2732.16064453125,502347.0
2022-02-22,2639.540802802627,2804.010670454462,2638.1144187931227,2783.3740234375,841097.0
2022-02-23,2790.1930819071245,2824.9590659947853,2761.711761547049,2770.93798828125,429372.0
2022-02-24,2661.8265687231533,2731.313926747256,2611.9061776151507,2631.47314453125,432597.0
2022-02-25,2701.049907967049,2763.004683083785,2666.016444841535,2719.235107421875,289108.0
2022-02-28,2681.4380527807743,2792.555403651764,2652.020680526198,2771.20556640625,546703.0
2022-03-02,2759.8845295770875,2828.525068587888,2727.8820796120217,2807.7099609375,390699.0
2022-03-03,2824.959458157904,2892.708564759356,2767.9968095301524,2804.18896484375,900478.0
2022-03-04,2787.340907558917,2868.6397916253977,2756.408135433653,2841.138916015625,543605.0
2022-03-07,2794.6508087705083,2843.5905397071538,2763.450560506723,2786.984375,826638.0
2022-03-08,2821.3933661073643,2852.5936087025484,2794.650301025778,2830.5751953125,497170.0
2022-03-09,2853.6189607452643,2912.409312197039,2843.9916304518497,2865.47509765625,612713.0
2022-03-10,2897.1654898192005,2928.365733555715,2835.745668489285,2854.287353515625,557311.0
2022-03-11,2854.287383008633,2941.737296982268,2826.920355318379,2929.16796875,326673.0
2022-03-14,2940.845990342992,2995.1343303308354,2908.0411173388634,2953.459716796875,412311.0
2022-03-15,2957.783417572012,2976.993898907665,2803.609669034924,2841.18359375,917776.0
2022-03-16,2906.0797903259163,2914.682056025238,2694.89880304636,2761.667236328125,1328257.0
2022-03-17,2829.4164877789813,2832.046179172757,2761.622769426526,2769.60107421875,643321.0
2022-03-21,2772.364601802766,2810.16138263161,2736.707179271541,2766.9267578125,539535.0
2022-03-22,2766.926820696417,2851.702431745354,2759.48346415524,2840.693115234375,655289.0
2022-03-23,2844.571159058198,2910.5373971560693,2836.592853518087,2889.0537109375,517606.0
2022-03-24,2895.382801366909,2983.902399135335,2881.119831902048,2971.377685546875,551259.0
2022-03-25,2971.3776305712927,3004.137887954776,2912.364639029398,2923.15087890625,468977.0
2022-03-28,2932.644825595695,2991.657817685607,2910.7154231913,2975.74560546875,459504.0
2022-03-29,2986.309395740669,3035.2937406600904,2972.9378611328752,3011.314208984375,366799.0
2022-03-30,3048.709745632382,3065.647021997006,3002.399709836235,3056.732666015625,339830.0
2022-03-31,3070.460685274106,3089.537537643852,2989.8749943065063,3010.244384765625,519402.0
2022-04-01,3008.5950139988167,3021.61006022474,2956.0449312814308,2981.005126953125,263995.0
2022-04-04,2975.611915569184,3007.302493427793,2939.196685689585,2952.835693359375,349529.0
2022-04-05,2986.30918308667,3002.310408167425,2950.6517600050383,2958.006103515625,399785.0
2022-04-06,2950.651526219608,2972.580926731561,2840.113523424673,2850.587890625,707833.0
2022-04-07,2840.113701495853,2860.081771037176,2809.0026874257487,2821.3935546875,446888.0
2022-04-08,2839.222250883722,2866.856753168619,2785.7807327340897,2817.96142578125,430971.0
2022-04-11,2831.15459095124,2833.115705564467,2774.191948383434,2789.47998046875,336454.0
2022-04-12,2771.918879122004,2782.2596186920373,2710.855543145205,2725.385986328125,423867.0
2022-04-13,2741.1642489879023,2752.7529108535423,2707.601788408204,2719.591552734375,224310.0
2022-04-18,2652.020723851249,2679.2541230468305,2517.592201279831,2567.2451171875,1223666.0
2022-04-19,2600.22826354195,2652.020755947651,2520.534012585541,2546.8759765625,667020.0
2022-04-20,2562.8771329894503,2637.8913453233954,2520.979663337101,2572.7275390625,535240.0
2022-04-21,2611.0145960029195,2611.0145960029195,2550.4862122245977,2585.83154296875,438423.0
2022-04-22,2576.248638230118,2620.820413978044,2554.8541858711137,2581.463623046875,356851.0
2022-04-25,2567.334611842757,2571.7917899883173,2481.8014067565846,2491.428955078125,442407.0
2022-04-26,2537.426643764682,2537.426643764682,2448.5059488438656,2467.0478515625,448578.0
2022-04-27,2441.8202576951294,2515.720396662655,2405.137771225984,2493.96923828125,463052.0
2022-04-28,2503.1512350825374,2529.6268296187804,2447.9268416390964,2494.281494140625,602016.0
2022-04-29,2549.5054563696085,2561.0941175349253,2487.104973171751,2534.529296875,680768.0
2022-05-02,2495.128023736017,2516.522476243936,2433.663588078934,2442.62255859375,282493.0
2022-05-04,2460.361909951428,2464.0612801168554,2366.7611851163188,2392.4345703125,372332.0
2022-05-05,2423.8132269532925,2428.225789337685,2380.6232186797984,2400.76953125,226449.0
2022-05-06,2340.909787908812,2418.464681872279,2282.1196560693784,2401.572021484375,649080.0
2022-05-09,2380.133027547949,2416.057925386008,2332.6640823356165,2354.771728515625,436963.0
2022-05-10,2353.389926428976,2388.1559139784945,2327.360051072874,2362.75,301338.0
2022-05-11,2375.2301246465004,2381.247314866566,2230.3718415708554,2342.202392578125,433239.0
2022-05-12,2300.349468470767,2337.522287890833,2233.536416604798,2239.865478515625,314731.0
2022-05-13,2277.617948437443,2299.814607729993,2166.1884989052787,2178.401123046875,417695.0
2022-05-16,2184.462935236669,2224.9786396819977,2148.4044087861107,2208.88818359375,431644.0
2022-05-17,2217.891304271556,2304.360539204972,2208.0855147430234,2295.1787109375,361504.0
2022-05-18,2317.732397517093,2404.959451916363,2311.759822942925,2356.19775390625,669942.0
2022-05-19,2273.160330059979,2318.445293103588,2180.183571856288,2190.836181640625,672976.0
2022-05-20,2233.046387065317,2246.284294018953,2184.284898707232,2192.0849609375,263903.0
2022-05-23,2200.954152696145,2261.5271487298587,2186.245467593072,2246.506591796875,295765.0
2022-05-24,2250.874715873139,2265.3605432525205,2201.9349922733563,2218.470947265625,412184.0
2022-05-25,2192.9311683035035,2201.4890355267344,2016.4715676169333,2090.10400390625,1346883.0
2022-05-26,2101.1137220756627,2148.3598091651875,2067.863130464774,2138.5986328125,479355.0
2022-05-27,2171.5371785847733,2239.197055346024,2162.7564506400945,2214.459716796875,269694.0
2022-05-30,2255.153626567171,2351.7851500756296,2251.76612805722,2305.876220703125,582060.0
2022-05-31,2301.6865421007133,2332.708542120908,2273.1606050955925,2311.982666015625,557655.0
2022-06-01,2316.840686379309,2331.9950887142254,2246.461902592214,2254.84130859375,321628.0
2022-06-02,2255.064330361987,2326.646644207052,2255.064330361987,2303.9150390625,375883.0
2022-06-03,2362.3043241044334,2406.876103804517,2281.094454436624,2289.251220703125,625250.0
2022-06-06,2272.269295150142,2275.7014091900114,2224.666722196153,2262.552734375,209214.0
2022-06-07,2255.3317906645843,2255.3317906645843,2207.3279024533067,2234.383056640625,185160.0
2022-06-08,2237.503171292376,2277.350295795836,2231.798070977594,2248.556884765625,303856.0
2022-06-09,2228.5887686559927,2332.7530947572227,2212.542929521669,2311.358642578125,757544.0
2022-06-10,2285.640687629878,2297.0064905812355,2221.145240298708,2235.586669921875,373302.0
2022-06-13,2172.4286067024864,2177.3761179223525,2100.445180362221,2108.33447265625,437523.0
2022-06-14,2093.892809680203,2129.906935335048,2046.7359576407275,2055.96240234375,463627.0
2022-06-15,2065.010528972224,2093.536467641385,2059.706530778055,2084.844970703125,357443.0
2022-06-16,2119.834097948092,2139.312055078123,2044.9534990298243,2058.19140625,981605.0
2022-06-17,2023.558918471956,2037.1533120872407,1934.682828002764,1955.052001953125,1081819.0
2022-06-20,1946.895106084452,1965.258764194257,1882.7563662403409,1942.4825439453125,577009.0
2022-06-21,1961.158310909838,2050.301870496649,1924.8323103782125,2037.06396484375,521526.0
2022-06-22,2032.4731480545447,2072.632364967576,1986.1184973094407,2038.7578125,969838.0
2022-06-23,2047.6720588500173,2084.711249211852,2036.217025061084,2060.018310546875,569468.0
2022-06-24,2068.1302930076413,2089.524744314617,2007.8691681054147,2015.2235107421875,808684.0
2022-06-27,2045.8000486225828,2094.873621016502,2045.8000486225828,2084.844970703125,418206.0
2022-06-28,2068.13047455205,2121.260120349106,2050.3017635645324,2113.549072265625,361325.0
2022-06-29,2083.775087426345,2089.3911745788737,2055.427395123368,2063.361083984375,726355.0
2022-06-30,2085.0675389554904,2097.280161218745,2026.232798651488,2044.99755859375,334462.0
2022-07-01,2031.759988630609,2049.811559642892,1979.0762749242983,1997.8408203125,332856.0
2022-07-04,2008.315068839737,2018.2100905250984,1947.786681889284,1986.7869873046875,298460.0
2022-07-05,1997.846225453373,2029.7495517410327,1966.9897878234024,1975.13623046875,557928.0
2022-07-06,1975.1816855659763,2031.5698924675405,1959.2983565481384,2006.40234375,362899.0
2022-07-07,2020.6928882646123,2052.550659025541,1988.8806730492056,2011.4542236328125,358481.0
2022-07-08,2041.263724937388,2067.796604473936,2009.76995826057,2032.343505859375,368033.0
2022-07-11,2003.398374466132,2015.686369947864,1939.6828423386307,2003.717041015625,498479.0
2022-07-12,1999.5756188563232,2033.435830861329,1961.5282970036544,1970.5849609375,443194.0
2022-07-13,1983.0547472826204,1996.070964199565,1947.8747616216244,1954.2918701171875,329805.0
2022-07-14,1969.6747299752697,1977.2296165499176,1902.363861705296,1921.6605224609373,528566.0
2022-07-15,1931.7641158898348,1952.334998913636,1884.614573777368,1949.285888671875,885044.0
2022-07-18,1966.0794114028488,2006.083621648767,1948.9671943036149,1965.169189453125,567322.0
2022-07-19,1964.2588941367017,1978.185333891739,1940.5931243278253,1954.064453125,591954.0
2022-07-20,1984.283765111701,2066.1581815258955,1971.0855474079767,2053.779296875,817926.0
2022-07-21,2066.2038451407298,2069.8447329735773,2017.051859397294,2056.782958984375,645966.0
2022-07-22,2061.470953127615,2091.690280887471,1977.9125240942008,2072.074951171875,1217951.0
2022-07-25,2084.4082353606564,2131.7397760762697,2061.607131398416,2113.85400390625,1112984.0
2022-07-26,2109.8944602373854,2111.714904120248,1975.181612905577,1982.0538330078125,1219513.0
2022-07-27,1990.291095648218,2024.151302484983,1957.8871103719948,2018.826416015625,679285.0
2022-07-28,2043.4025517496773,2054.871436251818,2017.3703394845493,2035.4381103515625,595036.0
2022-07-29,2061.4708430798028,2110.8048313473246,2058.2850660596578,2093.32861328125,867621.0
2022-08-01,2120.817398647415,2124.594731305489,2086.092515966159,2098.926513671875,475779.0
2022-08-02,2098.926285829444,2098.926285829444,2061.9258520158924,2077.854736328125,301778.0
2022-08-03,2077.126651106209,2118.996864055765,2058.011988672717,2111.715087890625,672850.0
2022-08-04,2134.4705711940514,2172.6543393131965,2100.7923574907763,2158.5458984375,1057557.0
2022-08-05,2166.3283294455287,2193.6349890603883,2152.6749996380986,2179.84521484375,451844.0
2022-08-08,2184.487048105715,2191.9963789307485,2152.265281090796,2176.47705078125,305148.0
2022-08-10,2175.430432619601,2176.4770989598246,2105.1157878832564,2152.128662109375,398935.0
2022-08-11,2166.9652278291305,2211.702767443025,2166.9652278291305,2207.060546875,451705.0
2022-08-12,2208.380384526068,2209.973272890876,2150.444848032036,2160.8212890625,485288.0
2022-08-16,2197.1845732920865,2197.1845732920865,2133.1050399026653,2142.434814453125,278989.0
2022-08-17,2157.044051088339,2201.826927197068,2137.337612267728,2188.53759765625,554084.0
2022-08-18,2188.173740808149,2201.8270711376504,2141.752417687843,2194.727294921875,462934.0
2022-08-19,2205.467755468397,2225.4015270189743,2159.2739921212983,2179.207763671875,614666.0
2022-08-22,2174.520241466446,2174.520241466446,2120.81714634442,2135.65380859375,688091.0
2022-08-23,2102.612970351619,2107.5280806142164,2016.2329852637088,2061.607421875,911999.0
2022-08-24,2070.7549708854262,2088.231188173302,2011.5905431458427,2021.0567626953125,591632.0
2022-08-25,2038.71502926517,2043.448138638524,1991.56549102053,1996.071044921875,362956.0
2022-08-26,2022.1034968523647,2032.479937574568,1963.2121846445489,1971.586181640625,537381.0
2022-08-29,1888.710597338045,1929.6250306528152,1876.9232672111389,1899.9063720703125,582186.0
2022-08-30,1953.3363361846093,1956.0214465359584,1902.455017248348,1939.637451171875,549308.0
2022-09-01,1927.8500071449528,1945.8724454238825,1894.171796444121,1906.5509033203125,532533.0
2022-09-02,1926.2573305638111,1926.8035526592184,1884.2051181047373,1886.7537841796875,524466.0
2022-09-05,1886.8902436505816,1909.8277940638384,1884.387133100635,1904.5484619140625,392956.0
2022-09-06,1911.4660389210644,1922.1155909791944,1870.5516079133504,1876.012939453125,590972.0
2022-09-07,1870.5060533450703,1904.366264464844,1852.301614869693,1896.85693359375,457584.0
2022-09-08,1931.491132523196,1944.7804629459192,1894.6726961426712,1908.37158203125,371054.0
2022-09-09,1931.263456546078,1964.2590028167488,1904.184353054976,1952.2896728515625,348807.0
2022-09-12,1971.540842308848,1983.2372838402205,1948.921736831165,1966.625732421875,538099.0
2022-09-13,1984.2838980637785,1986.104342006956,1950.7421295218635,1958.8887939453125,384532.0
2022-09-14,1888.9837358931493,1914.8795070039207,1888.9837358931493,1902.0452880859373,687260.0
2022-09-15,1911.557069256998,1921.797065461532,1885.115079057752,1908.4166259765625,226664.0
2022-09-16,1902.363920220313,1902.819031206012,1822.4009422552783,1835.3260498046875,582948.0
2022-09-19,1842.2436515748248,1856.8527581606663,1812.342883059012,1846.066650390625,443410.0
2022-09-20,1852.66590320489,1925.119553050188,1852.66590320489,1886.7537841796875,526606.0
2022-09-21,1879.5628711952247,1907.5521976466744,1865.955096763264,1888.8017578125,363504.0
2022-09-22,1867.456670463572,1909.5544332983875,1861.449339262592,1873.873779296875,402091.0
2022-09-23,1848.6608132314805,1890.4399125884684,1830.001262925599,1838.147705078125,472795.0
2022-09-26,1824.995054264161,1879.1532616101545,1803.650393460466,1859.4014892578125,569497.0
2022-09-27,1866.86524145154,1896.9936772404744,1836.8734722900087,1868.4581298828125,520323.0
2022-09-28,1866.410248923788,1910.5560168207908,1858.6733617665816,1895.537353515625,602215.0
2022-09-29,1912.3307438536128,1919.20296395746,1867.0927577983111,1889.5751953125,1543877.0
2022-09-30,1867.775408390163,1916.0171708875696,1867.775408390163,1900.2247314453125,891735.0
2022-10-03,1900.5889892204389,1909.5545421044503,1820.534901963744,1826.1783447265625,693743.0
2022-10-04,1856.8527747030648,1891.532319825352,1844.3827784546368,1882.3389892578125,835622.0
2022-10-06,1892.3515199236256,1939.2735080198445,1888.7561875024028,1931.53662109375,1035068.0
2022-10-07,1945.872527157979,1947.6929710561112,1896.4474308792576,1928.2596435546875,449791.0
2022-10-10,1893.2617141576527,1941.503478989555,1882.3390504221284,1935.5870361328125,329230.0
2022-10-11,1945.781283794577,1960.2539451341304,1893.261525348333,1905.8226318359373,601969.0
2022-10-12,1902.3638871639064,1916.0172164976184,1862.3141211183504,1900.179443359375,481258.0
2022-10-13,1891.4411675645167,1916.74538162314,1874.1469509217227,1899.2691650390625,217471.0
2022-10-14,1946.054386073329,1956.97704867056,1908.7352888661228,1916.6541748046875,578289.0
2022-10-17,1911.46602210147,1922.388685084907,1895.2640275649424,1912.3306884765625,321142.0
2022-10-18,1922.1157298276469,1940.5932806497487,1916.927508934508,1925.1195068359373,311138.0
2022-10-19,1926.939969552008,1934.63130098982,1917.610194073544,1920.0677490234373,149644.0
2022-10-20,1911.466162635364,1957.8874837279368,1885.5703916859984,1954.610595703125,418957.0
2022-10-21,1929.670612408837,1938.7728322786909,1849.88963302736,1859.5379638671875,1176766.0
2022-10-24,1866.9563451600905,1880.5185634324785,1844.4737961523097,1855.0323486328125,52373.0
2022-10-25,1869.595820543922,1870.5060424623955,1838.6482753158336,1851.7554931640625,335214.0
2022-10-27,1870.7337784572028,1870.7337784572028,1784.945354363009,1793.091796875,691102.0
2022-10-28,1793.1372687997905,1804.059932366084,1755.363057299693,1772.975830078125,837372.0
2022-10-31,1784.0349183409148,1811.0684642407336,1783.124696443802,1800.8740234375,378914.0
2022-11-01,1809.885386858181,1834.5523800159865,1799.5998341556588,1830.7294921875,426274.0
2022-11-02,1837.7381815297604,1858.62773157077,1823.1746298187768,1853.3485107421875,312704.0
2022-11-03,1824.9951670658368,1828.6360551796847,1803.1498383827552,1811.0687255859373,466764.0
2022-11-04,1811.341762038873,1814.6640945281456,1780.3942143457464,1792.955322265625,294554.0
2022-11-07,1797.9614143566882,1809.4301883987848,1776.252532538953,1803.1951904296875,431966.0
2022-11-09,1807.6098037003,1817.3946897221983,1766.7408156749889,1774.6142578125,464504.0
2022-11-10,1764.9204420526096,1779.301993967095,1742.2104478022452,1755.0445556640625,425487.0
2022-11-11,1788.6770897917286,1851.391402898764,1786.72009042289,1844.7012939453125,1345942.0
2022-11-14,1864.134668610052,1877.7879987024107,1842.2893404622776,1852.6658935546875,529228.0
2022-11-15,1847.750391447628,1865.954828801792,1808.8839621409152,1832.8682861328125,505605.0
2022-11-16,1833.1870214699168,1856.534236890099,1820.4439140714176,1853.6214599609373,476391.0
2022-11-17,1839.1034726188848,1855.0779124825008,1788.5861537718922,1795.4583740234375,519462.0
2022-11-18,1800.4189944816526,1809.0205473566616,1762.1896730619208,1773.658447265625,449785.0
2022-11-21,1774.0681533854954,1776.7532637197385,1749.4921604959293,1752.5413818359375,428671.0
2022-11-22,1752.1773351535226,1761.0064440342785,1728.0564523579026,1751.2215576171875,720683.0
2022-11-23,1758.548931421309,1773.1124836484005,1727.6013829387389,1729.103271484375,586691.0
2022-11-24,1737.7502810301432,1773.2943819807333,1730.377505359923,1766.9683837890625,717399.0
2022-11-25,1774.9328062629977,1820.3983483174568,1757.1834782003675,1810.93212890625,582576.0
2022-11-28,1811.1142118204648,1840.923982111768,1796.7782154208303,1831.048095703125,353028.0
2022-11-29,1826.360345691131,1838.648342036424,1815.346682300158,1823.7662353515625,261501.0
2022-11-30,1825.905266538992,1850.026148674228,1799.5543850281376,1836.145263671875,638173.0
2022-12-01,1863.2243279872496,1953.3363008601063,1856.8527743497748,1943.505859375,1799183.0
2022-12-02,1966.0793576103497,1973.3611330089063,1942.140476543164,1963.6673583984373,720904.0
2022-12-05,1970.5850361192893,1981.507699906797,1922.5708265533704,1944.1885986328125,358098.0
2022-12-06,1934.0851733198524,1936.952283534908,1893.3071860641608,1907.461181640625,552477.0
2022-12-07,1905.8227339265657,1905.8227339265657,1869.1407454635423,1884.386962890625,617199.0
2022-12-08,1899.633263032911,1899.633263032911,1871.46193733318,1893.6712646484373,282639.0
2022-12-09,1906.9149673613344,1910.3738551833176,1798.1890008982175,1817.986328125,584153.0
2022-12-12,1817.258072112293,1839.1943982686928,1778.8011958053837,1819.442626953125,407461.0
2022-12-13,1828.9999042549755,1837.6924567151427,1804.9244683837107,1810.2947998046875,559205.0
2022-12-14,1827.7256383288768,1849.570964683405,1806.7905339057868,1821.217529296875,456721.0
2022-12-15,1809.5668437139573,1819.5337299060795,1781.805073447757,1786.174072265625,456609.0
2022-12-16,1769.9266727282295,1800.4646651644514,1729.194238372566,1741.3912353515625,1423859.0
2022-12-19,1748.53634433114,1755.9091198127676,1725.826351403857,1750.40234375,323348.0
2022-12-20,1750.402397794535,1783.488944067302,1731.2421809479197,1775.5699462890625,357921.0
2022-12-21,1784.4900147000233,1804.05978532795,1773.1122410791356,1783.4432373046875,297312.0
2022-12-22,1808.610993771938,1815.2556583746648,1787.2207781938605,1810.5679931640625,399957.0
2022-12-23,1805.880233785848,1805.880233785848,1733.0624824235151,1747.1253662109375,302970.0
2022-12-26,1747.1255236354882,1764.010185698448,1738.523970425199,1744.66796875,337990.0
2022-12-27,1753.3605610155696,1774.932776469772,1742.3923422344926,1767.6510009765625,240021.0
2022-12-28,1760.3692594193533,1776.4801435642305,1744.1672641901937,1766.1947021484375,337565.0
2022-12-29,1749.3555839324058,1767.4690229182577,1743.2570302146858,1758.1846923828125,556989.0
2022-12-30,1780.4850187692284,1822.1732258216048,1774.9326874563228,1795.685791015625,652304.0
2023-01-02,1806.79062716458,1807.473293648396,1759.1405288164865,1792.5911865234375,315327.0
2023-01-03,1792.6821416551547,1835.9176845485888,1786.9932544323344,1824.35791015625,390461.0
2023-01-04,1826.8154213620708,1836.2817516969744,1795.8678756090512,1826.2237548828125,468753.0
2023-01-05,1834.0973241841025,1836.827990175444,1802.740220827969,1832.6409912109373,378231.0
2023-01-06,1829.5462109934515,1847.7506509038333,1790.9073317280977,1800.14599609375,596221.0
2023-01-09,1812.206327497676,1846.794761227202,1808.4744397648635,1819.98876953125,335236.0
2023-01-10,1811.341634830688,1815.8927444659407,1778.5736454568669,1810.203857421875,259070.0
2023-01-11,1810.20401828215,1867.775560284084,1798.4621321575623,1846.8404541015625,678584.0
2023-01-12,1856.852683907644,1866.136902882753,1813.0710325534085,1833.551025390625,334707.0
2023-01-13,1843.1994000636248,1859.2648392789868,1785.9464186986927,1852.5291748046875,624989.0
2023-01-16,1861.358272784108,1868.822048091396,1837.738058380116,1856.76171875,259852.0
2023-01-17,1857.762906625988,1864.453126511269,1844.655688982208,1858.218017578125,151554.0
2023-01-18,1859.583575927488,1872.0535730837423,1854.9869103090773,1863.27001953125,239104.0
2023-01-19,1852.3016675629965,1885.661213129261,1845.7935584006943,1881.7474365234373,224500.0
2023-01-20,1855.9880774360024,1864.4985191785904,1783.989433627138,1842.880859375,1260169.0
2023-01-23,1844.109762007958,1878.9713088635,1819.53376814112,1873.965087890625,416099.0
2023-01-24,1880.0633968250413,1951.242707322136,1870.733622040507,1927.121826171875,953857.0
2023-01-25,1927.8500771342844,1933.1749643948344,1872.8727606128955,1884.159423828125,388559.0
2023-01-27,1901.4536452633247,1919.6125286422564,1858.900769286273,1886.3438720703125,453614.0
2023-01-30,1884.1595979663728,1934.2218095065427,1869.2320455959928,1926.8035888671875,630496.0
2023-01-31,1929.6248817144588,1932.037103094313,1882.3388982271183,1886.7080078125,434683.0
2023-02-01,1897.812774005052,1911.4661033144405,1860.812229354392,1886.1163330078125,196539.0
2023-02-02,1909.6456323024204,1920.5682955949032,1884.2049734947764,1907.6431884765625,324450.0
2023-02-03,1922.3888103990123,1925.073920779712,1890.257930250468,1899.9063720703125,267860.0
2023-02-06,1900.315794342246,1915.470900268762,1871.0066932578425,1906.5509033203125,167480.0
2023-02-07,1906.550965934166,1929.3518477716368,1899.4511903520704,1903.4105224609373,186256.0
2023-02-08,1916.700011596909,1956.886224743896,1916.15378949804,1935.8602294921875,396080.0
2023-02-09,1935.1316800010584,1951.8796733850268,1915.1067990226843,1948.01123046875,135845.0
2023-02-10,1947.874937557553,1963.348710426001,1934.3580529571364,1960.0264892578125,193468.0
2023-02-13,1969.8568718684471,1969.8568718684471,1911.375107790792,1937.4986572265625,243747.0
2023-02-14,1937.498653607605,1973.361311805986,1935.860209550048,1958.9342041015625,245721.0
2023-02-15,1957.0226654474,1977.0019919622573,1932.810673710385,1964.89599609375,232991.0
2023-02-16,1974.7264150536207,2067.614604534336,1970.6304164973903,2059.422607421875,1188258.0
2023-02-17,2043.4482890835395,2059.650284327832,2014.230075437625,2035.7569580078125,523265.0
2023-02-20,2025.7445540886995,2053.233213196763,2011.590557980648,2041.718994140625,440065.0
2023-02-21,2051.9589693395983,2084.408293402614,2007.039426616928,2011.8636474609373,442832.0
2023-02-22,1990.291274735359,2010.1794897102905,1970.63039301092,2002.4881591796875,317563.0
2023-02-23,2002.4885221309016,2009.269632000045,1968.400750596337,1987.060302734375,331969.0
2023-02-24,1997.026860301175,2011.5904107865072,1967.308203980902,2000.6221923828125,317547.0
2023-02-27,1956.9771545962465,1957.8873765286169,1840.37774728182,1856.7161865234373,1287017.0
2023-02-28,1864.999335071468,1898.723104844028,1841.925229437598,1852.6658935546875,1527840.0
2023-03-01,1852.3015948530929,1894.171802893998,1846.2031524741728,1875.421142578125,258083.0
2023-03-02,1859.5834842417075,1891.03169774172,1832.094825199062,1863.4063720703125,529211.0
2023-03-03,1868.640000381421,1903.7746545204195,1855.032227455652,1892.5333251953125,351099.0
2023-03-06,1897.8126728561217,1952.926653675341,1897.8126728561217,1946.4639892578125,488708.0
2023-03-08,1928.305190478413,1956.795181801284,1897.8127553209767,1952.3349609375,306958.0
2023-03-09,1956.021469928653,1961.4828017819943,1910.1919267926585,1915.9261474609373,145057.0
2023-03-10,1879.9269651089205,1892.1694057082648,1849.5709746431169,1855.89697265625,474820.0
2023-03-13,1863.315351736383,1882.247901834104,1777.6634875390278,1785.6279296875,459395.0
2023-03-14,1794.5936166316578,1799.3722819816187,1716.9971935680076,1726.41796875,1046921.0
2023-03-15,1738.523964336843,1752.1772938996978,1720.319524919703,1728.830078125,531708.0
2023-03-16,1728.8299789439905,1741.1179748456116,1695.697878883331,1734.018310546875,333657.0
2023-03-17,1750.5843815553987,1759.3680456764885,1708.031504998677,1717.042724609375,1416238.0
2023-03-20,1687.369523752799,1711.1717392570272,1647.5473127700927,1659.6531982421875,605197.0
2023-03-21,1659.3346389673382,1664.613970798501,1625.4744263796335,1631.390869140625,596353.0
2023-03-22,1645.681426160638,1671.9413094388267,1631.2544292431176,1637.8079833984375,735379.0
2023-03-23,1637.4894144904245,1637.4894144904245,1605.2220883158009,1622.789306640625,360986.0
2023-03-24,1628.386983611987,1649.3220873699947,1572.0897811632112,1581.4195556640625,450064.0
2023-03-27,1588.4282674868912,1609.7730384075498,1565.6727192416745,1569.9052734375,542919.0
2023-03-28,1558.8461204589737,1560.0748978937816,1512.060689073022,1519.25146484375,807937.0
2023-03-29,1520.0705857996884,1592.4787829988272,1520.0705857996884,1563.9432373046875,3001937.0
2023-03-31,1577.3691428844002,1640.6295707786578,1577.3691428844002,1634.5311279296875,748058.0
2023-04-03,1649.3221607066355,1654.7834923646044,1610.6832836709357,1636.260498046875,314524.0
2023-04-05,1639.8558682106625,1662.975528319754,1626.5666497577452,1652.64453125,400995.0
2023-04-06,1643.5421598931157,1662.2927083994596,1607.7703955636234,1633.029052734375,248868.0
2023-04-10,1638.35408556756,1655.6938595471088,1626.0660882592117,1649.0491943359375,235546.0
2023-04-11,1655.238685333202,1681.817122940861,1629.342914216607,1637.534912109375,537815.0
2023-04-12,1644.7255939958477,1661.382700995115,1627.4769315870517,1657.150146484375,268871.0
2023-04-13,1642.0403519550891,1647.4561279619525,1597.9855885828597,1612.048583984375,598354.0
2023-04-17,1592.8427585107338,1592.8427585107338,1511.0138991521155,1580.6458740234375,1218305.0
2023-04-18,1587.427053238613,1628.3870402774537,1578.0972784130995,1623.6539306640625,390524.0
2023-04-19,1631.1176895858198,1632.2099114513803,1601.9905879860728,1623.8814697265625,307190.0
2023-04-20,1624.7460343813327,1637.489140533343,1596.620156437896,1600.1700439453125,252068.0
2023-04-21,1574.7295210808263,1604.67573419557,1570.132855812134,1601.945068359375,410227.0
2023-04-24,1606.5417928018253,1610.1371251741448,1578.4159114308409,1602.2637939453125,482497.0
2023-04-25,1601.990715775399,1614.642823764251,1579.0986103135508,1601.8087158203125,513355.0
2023-04-26,1598.1222791498358,1610.6378316705875,1587.245170676234,1601.99072265625,463884.0
2023-04-27,1594.481257104888,1644.4524630091687,1594.481257104888,1623.8814697265625,504125.0
2023-04-28,1593.7987052453134,1678.1762393138674,1593.7987052453134,1651.55224609375,1043873.0
2023-05-02,1660.1993042285926,1710.307067713815,1657.5141938833726,1693.9686279296875,799693.0
2023-05-03,1660.2447682387335,1691.6474242169334,1644.4068847405574,1686.0950927734375,414566.0
2023-05-04,1690.2822184335366,1694.9243283136418,1673.033556340912,1679.2685546875,209106.0
2023-05-05,1679.3595534104568,1685.7311072716348,1649.777339054988,1656.60400390625,203833.0
2023-05-08,1673.8982520096288,1693.0129139412234,1665.069143085659,1684.638916015625,359581.0
2023-05-09,1684.8208267366672,1706.6205979596284,1672.214274971685,1693.19482421875,414152.0
2023-05-10,1702.1151242483136,1710.671233191351,1684.320239868557,1698.292236328125,589666.0
2023-05-11,1714.8582175647462,1720.2739939241935,1695.7891114476176,1704.1175537109375,171687.0
2023-05-12,1706.848232886984,1709.3513433619528,1677.0840182290617,1686.0496826171875,276950.0
2023-05-15,1683.9562888704218,1703.935617721385,1677.220623714904,1697.609619140625,208388.0
2023-05-16,1706.5750947005488,1728.7389761611155,1694.150543309136,1711.353759765625,299566.0
2023-05-17,1711.3538201988524,1720.319484177243,1674.444275710301,1693.6044921875,296129.0
2023-05-18,1702.0240344208564,1711.171698286643,1683.9105955224802,1695.0152587890625,244990.0
2023-05-19,1695.0153774700077,1754.680474490154,1682.5909359598145,1735.3382568359375,737768.0
2023-05-22,1742.8930579776938,1797.4152646343923,1736.24839320801,1792.0450439453125,596977.0
2023-05-23,1802.239532686528,1815.8928624796072,1761.279543307288,1769.6990966796875,436514.0
2023-05-24,1764.0102000591864,1779.3474182244815,1739.6617620552736,1772.930419921875,314938.0
2023-05-25,1781.3043024308838,1781.3043024308838,1744.8498699883155,1760.2781982421875,199824.0
2023-05-26,1772.7027251665425,1813.571600034416,1769.4713929417926,1797.4151611328125,576992.0
2023-05-29,1804.2419610185063,1820.443956677368,1784.535744076339,1791.1802978515625,379011.0
2023-05-30,1798.1434009682428,1806.9725091380333,1784.763183203493,1797.5972900390625,277684.0
2023-05-31,1788.7681020412003,1797.6883214477514,1757.9571117667035,1772.0655517578125,1212827.0
2023-06-01,1779.4840744340308,1841.3791726752145,1779.4840744340308,1799.8275146484375,778642.0
2023-06-02,1817.7131724916144,1850.299161640701,1801.0106224978947,1836.50927734375,650822.0
2023-06-05,1843.19944398073,1856.852773195402,1799.781901522504,1808.9295654296875,575415.0
2023-06-06,1772.7026864721574,1772.7026864721574,1724.8704817039595,1742.52880859375,906257.0
2023-06-07,1751.2214372861129,1760.369212124468,1732.3798877848467,1737.3861083984375,489623.0
2023-06-08,1734.8830905189511,1737.386200959102,1693.012879520068,1696.5172119140625,589171.0
2023-06-09,1702.115114758279,1706.5296691705964,1677.539121122732,1686.868896484375,374786.0
2023-06-12,1690.2366015041805,1723.0501471664406,1683.9106034114711,1720.27392578125,325236.0
2023-06-13,1729.330745897085,1742.1648534731823,1721.2297481284158,1727.828857421875,215275.0
2023-06-14,1720.3195637890783,1727.7378952413906,1704.618234437035,1708.7142333984375,219687.0
2023-06-15,1711.2171896563589,1723.550740973045,1701.3413041616736,1706.757080078125,259571.0
2023-06-16,1688.461684406856,1722.1398959017636,1685.822018580986,1693.058349609375,666741.0
2023-06-19,1699.3844698907576,1710.3071338643456,1687.688139441257,1704.891357421875,263493.0
2023-06-20,1704.891235735379,1719.4092311196189,1687.8245744947794,1715.313232421875,589667.0
2023-06-21,1711.217254520781,1719.3182520436528,1702.1150350818402,1708.259033203125,249164.0
2023-06-22,1698.1555321925568,1702.0694197471614,1684.0015370177982,1688.5072021484375,517032.0
2023-06-23,1688.279759153043,1690.2822030482478,1662.3384329350165,1666.6619873046875,347429.0
2023-06-26,1663.8858081350777,1673.9438056319689,1645.3172572006315,1651.1427001953125,1020207.0
2023-06-27,1654.7836365185792,1676.628965053478,1650.5966374382742,1674.1258544921875,443340.0
2023-06-28,1687.5514689967956,1687.5514689967956,1669.3470302805413,1682.818359375,487241.0
2023-06-30,1706.6661432919466,1749.446574617131,1684.183705742078,1724.9161376953125,937648.0
2023-07-03,1744.8954992556237,1753.861163349353,1721.411728217141,1732.470947265625,543978.0
2023-07-04,1740.3443512586457,1749.355570697106,1729.4216879662272,1743.57568359375,442884.0
2023-07-05,1752.314288553272,1761.2398167918147,1731.8461434784858,1758.996826171875,617494.0
2023-07-06,1754.8378200358943,1767.5485953981065,1749.7908626466044,1759.651123046875,375110.0
2023-07-07,1750.351728079862,1774.5582304519914,1739.7437280112354,1754.744384765625,437357.0
2023-07-10,1757.0809092483062,1768.7168515489311,1729.0423841007268,1761.380126953125,434173.0
2023-07-11,1761.7539515615836,1788.20367190765,1757.080864156911,1784.0445556640625,449393.0
2023-07-12,1779.6985966142486,1793.6244201722766,1765.9597650095193,1779.51171875,319792.0
2023-07-13,1780.4463530111968,1826.9903505523068,1777.4088461097342,1796.521728515625,795780.0
2023-07-14,1813.15792950635,1943.0697605379903,1808.4848420591688,1934.2376708984373,2663627.0
2023-07-17,1958.8648526525687,2054.2893967959094,1944.051301234045,1984.89404296875,2680349.0
2023-07-18,1997.2308856314423,2003.726431831056,1953.303861709707,1984.5667724609373,720149.0
2023-07-19,1986.062195661075,2032.7930708531003,1967.4166220950767,2027.93310546875,690457.0
2023-07-20,2029.054657441101,2075.738757424633,2018.773864612058,2069.149658203125,936054.0
2023-07-21,1976.762859783952,2196.3512036351744,1974.0057836958613,2178.453369140625,3363261.0
2023-07-24,2178.4534358827173,2178.4534358827173,2073.869593777305,2124.011962890625,1341158.0
2023-07-25,2124.0116866856406,2149.6201132857227,2105.36588620402,2119.805908203125,465020.0
2023-07-26,2126.2547747634967,2165.0881768349063,2098.5900059832475,2107.04833984375,460927.0
2023-07-27,2107.0485521626097,2170.1820151644515,2107.0485521626097,2131.81591796875,317414.0
2023-07-28,2148.825952983583,2148.825952983583,2071.8135544013658,2103.216796875,303060.0
2023-07-31,2107.515930429561,2149.6204993236784,2102.469086615444,2144.900634765625,264781.0
2023-08-01,2144.9472420707502,2169.247297972205,2126.722200144659,2144.573486328125,777930.0
2023-08-02,2139.386294188248,2139.386294188248,2040.2700598896413,2063.635498046875,862983.0
2023-08-03,2065.5046446373763,2095.599282059369,2051.719036715023,2090.412109375,390088.0
2023-08-04,2107.562378733184,2129.993197841653,2097.281586641803,2115.646728515625,233173.0
2023-08-07,2117.3761367263,2189.294914185396,2112.235740013876,2177.799072265625,462263.0
2023-08-08,2192.145314354737,2224.389617635589,2169.107084586178,2187.14501953125,692715.0
2023-08-09,2180.4627804097013,2213.8285818639306,2150.4149169487696,2208.78173828125,551091.0
2023-08-10,2203.7813322253583,2223.3615236033243,2171.6305808585385,2195.322998046875,314682.0
2023-08-11,2196.351100149797,2214.1088324488805,2155.227930615077,2177.33154296875,226666.0
2023-08-14,2145.8819724908053,2220.3709482870267,2135.6011790685934,2212.75390625,358483.0
2023-08-16,2212.7538347810887,2231.35263282749,2151.770039405388,2163.0322265625,742798.0
2023-08-17,2158.9664052302583,2197.4726002420352,2154.8541795391543,2186.911376953125,255090.0
2023-08-18,2180.275898524023,2180.275898524023,2107.5626064229,2141.255615234375,641460.0
2023-08-21,2142.1431562540106,2210.8375375736746,2075.785318516648,2165.4150390625,701721.0
2023-08-22,2186.911449153539,2218.081034793415,2173.453048103692,2213.6416015625,505599.0
2023-08-23,2214.1089968342194,2228.128260216454,2187.5191729215376,2200.276611328125,207669.0
2023-08-24,2218.7819335335817,2311.2622890450334,2203.968154963897,2302.803955078125,1525452.0
2023-08-25,2292.616847937578,2328.132314803305,2229.1096311119863,2235.69873046875,510770.0
2023-08-28,2247.614977170816,2252.428166005356,2170.4154807078576,2178.1728515625,647164.0
2023-08-29,2173.9201403444126,2189.0608970620115,2150.7883589714443,2159.90087890625,569342.0
2023-08-30,2175.7896732498,2227.8946020658123,2171.2101384905804,2211.1650390625,534401.0
2023-08-31,2211.164897608764,2293.551338737572,2198.687662746592,2269.9990234375,1054296.0
2023-09-01,2281.9154757709352,2287.4296279261216,2257.5686434813338,2274.111328125,319368.0
2023-09-04,2275.887271135421,2345.749932502448,2251.727316368021,2329.440673828125,751782.0
2023-09-05,2344.955244594665,2385.1437960165745,2320.982397633996,2357.01171875,787166.0
2023-09-06,2357.0119031015147,2368.834951990941,2291.5421264046167,2313.87939453125,381201.0
2023-09-07,2308.5053434599595,2335.749353711734,2292.1963128836887,2307.056640625,207780.0
2023-09-08,2308.458574751752,2322.524614531721,2283.0837995101047,2304.906982421875,198731.0
2023-09-11,2305.6548242771346,2327.104252390268,2296.2153234993702,2314.53369140625,147558.0
2023-09-12,2307.103428948321,2324.627508062269,2249.297242039865,2306.822998046875,314442.0
2023-09-13,2303.785173253205,2305.4207537449206,2259.624499976872,2285.233154296875,192012.0
2023-09-14,2287.897043424065,2352.946517811208,2287.897043424065,2300.981689453125,256894.0
2023-09-15,2308.5052970336105,2363.2271990017493,2308.5052970336105,2330.1416015625,618418.0
2023-09-18,2318.8330116424822,2336.5439692941072,2294.486177846813,2321.590087890625,211576.0
2023-09-20,2309.393000545577,2334.4407944713903,2291.5419437083024,2320.374755859375,234752.0
2023-09-21,2307.38371175417,2331.870644428784,2295.794317937123,2325.421875,187645.0
2023-09-22,2305.7950480978334,2332.431648263841,2287.102697104144,2323.459228515625,172477.0
2023-09-25,2317.851217755939,2355.2359148165187,2311.5893266339085,2330.375,565639.0
2023-09-26,2329.534294086136,2329.534294086136,2256.1668148140147,2281.822021484375,435785.0
2023-09-27,2281.447997112916,2313.5987464761683,2275.793515842453,2308.505126953125,217869.0
2023-09-28,2305.468042654921,2317.150763049443,2211.305316275076,2229.810791015625,301535.0
2023-09-29,2241.5866382286376,2257.8023439748754,2189.154730637113,2221.212158203125,317769.0
2023-10-03,2221.2120519920686,2229.0627477569533,2173.920315003217,2224.156005859375,275795.0
2023-10-04,2212.2394474031507,2299.158868023553,2191.444209674076,2268.596923828125,591301.0
2023-10-05,2280.560241784452,2317.89816508986,2261.821115366163,2309.626708984375,495274.0
2023-10-06,2316.870137070949,2333.272720759578,2295.888018644464,2328.13232421875,551243.0
2023-10-09,2300.654682732736,2335.609288293087,2293.5514979876893,2313.178466796875,365316.0
2023-10-10,2315.094376158053,2329.0668624621626,2293.317742281915,2318.038330078125,232512.0
2023-10-11,2320.655391474092,2379.4427444733738,2298.224570130806,2302.9912109375,571092.0
2023-10-12,2303.878953088349,2341.123324188217,2285.1398262598814,2295.280517578125,353126.0
2023-10-13,2266.1203085729967,2300.514279399581,2196.3512010533327,2220.838134765625,721304.0
2023-10-16,2205.6972892164654,2230.277774981913,2194.4818792712967,2205.22998046875,332215.0
2023-10-17,2214.996760078852,2216.8192186189062,2137.8440376729486,2140.97509765625,756678.0
2023-10-18,2142.1432360260287,2152.4240281710054,2094.8049525569872,2107.749267578125,428758.0
2023-10-19,2103.403615524132,2158.966584364913,2082.608374614124,2112.889892578125,676044.0
2023-10-20,2060.831619932542,2165.9760903372635,1994.1933454981952,2027.8863525390625,1454070.0
2023-10-23,2029.9891344957489,2067.3270565963667,1973.0242456251449,1982.4637451171875,1011372.0
2023-10-25,1990.7351781196032,2021.530777610296,1983.2582384834727,1988.4921875,460043.0
2023-10-26,1972.089800389311,1981.3424228319884,1933.8172574809823,1967.6971435546875,751490.0
2023-10-27,1972.9307077742728,2004.754478345872,1968.6316043079864,1976.061767578125,348807.0
2023-10-30,1987.931304111276,2012.418235517368,1966.435102891455,2004.7076416015625,526663.0
2023-10-31,2017.839247809069,2024.428347032952,1979.0993968158416,1984.5667724609373,101591.0
2023-11-01,1995.034640610296,2022.044995547196,1983.3984699954472,2002.0908203125,136042.0
2023-11-02,2027.1852965672,2051.485350836793,2018.7737393200327,2044.66259765625,258257.0
2023-11-03,2056.158597076167,2070.17786023805,2048.681656723162,2065.691650390625,190656.0
2023-11-06,2074.850843854149,2077.561143324881,2039.38215546983,2048.401123046875,584057.0
2023-11-07,2048.681742864488,2063.6356241992653,2040.550615524327,2058.308349609375,116702.0
2023-11-08,2065.504504720197,2073.3551998017474,2033.8210653534147,2039.5220947265625,651524.0
2023-11-09,2044.896115074397,2055.597438775434,2038.4473462213573,2050.223388671875,80818.0
2023-11-10,2044.382457562696,2061.766436284029,2031.297811094892,2058.21484375,279561.0
2023-11-13,2064.570270890116,2069.7574441868724,2003.9136801420043,2010.7362060546875,616964.0
2023-11-15,2072.000424004614,2123.9652533673843,2065.551653894002,2120.694091796875,1140405.0
2023-11-16,2120.693930746744,2237.4743443097445,2104.7586563849395,2210.884521484375,996633.0
2023-11-17,2210.884651709764,2215.6978409531034,2161.4432450511126,2173.359619140625,232706.0
2023-11-20,2177.425238095436,2214.0154239232083,2163.172320451502,2195.837158203125,369610.0
2023-11-21,2212.659982721523,2216.678883294704,2167.751569702198,2183.35986328125,261045.0
2023-11-22,2182.331862991428,2226.212108990689,2177.658775490376,2198.173583984375,336105.0
2023-11-23,2200.977476059252,2220.8848748072955,2182.33190223042,2198.547607421875,445931.0
2023-11-24,2196.5379732316496,2210.0899267988248,2137.4701936641327,2167.751708984375,118966.0
2023-11-28,2182.2853109908906,2182.2853109908906,2124.759552299157,2149.43359375,561736.0
2023-11-29,2160.788790463813,2220.9782917794146,2154.9942078489,2191.537841796875,399458.0
2023-11-30,2196.2575883263307,2213.641565226966,2175.9764340609904,2200.697021484375,572518.0
2023-12-01,2212.192726354487,2229.062616952788,2187.004831727263,2219.9033203125,249951.0
2023-12-04,2224.3899166516094,2245.138382003238,2207.5200231186886,2216.2587890625,344086.0
2023-12-05,2210.417199694726,2227.8477250798774,2173.499807848746,2190.64990234375,327395.0
2023-12-06,2197.285737441147,2247.661529303926,2196.95853004566,2228.455322265625,698387.0
2023-12-07,2231.8665541862283,2259.5313230135444,2187.004914906104,2239.5771484375,584528.0
2023-12-08,2252.4282508434344,2294.4860397595985,2244.951310591672,2268.363525390625,529468.0
2023-12-11,2279.5321554340608,2309.393139878848,2263.643657425705,2274.111328125,484192.0
2023-12-12,2286.07454160545,2303.50506775078,2264.064252529595,2274.01806640625,270763.0
2023-12-13,2285.139872207251,2285.980936717188,2228.1282025939004,2267.054931640625,290960.0
2023-12-14,2300.1872849080805,2448.697918543949,2299.3927687396,2430.940185546875,2057224.0
2023-12-15,2430.005562465533,2502.718851470316,2408.509359412953,2485.054443359375,1714328.0
2023-12-18,2485.054479516145,2542.112925823688,2435.3796486626948,2504.82177734375,1133495.0
2023-12-19,2504.821548330699,2513.887291981155,2454.725961623014,2499.68115234375,583786.0
2023-12-20,2504.774971073552,2545.570934834906,2429.070951425433,2452.24951171875,700630.0
2023-12-21,2406.6402351416614,2478.5122347761985,2400.051135658369,2471.4560546875,214168.0
2023-12-22,2486.0825253114035,2583.469622208659,2463.651705534158,2559.3564453125,581801.0
2023-12-26,2565.524751435874,2572.814812758629,2518.186471610482,2536.598388671875,555288.0
2023-12-27,2555.9452221882902,2577.908733559137,2522.906402110264,2560.571533203125,617837.0
2023-12-28,2537.486279029586,2560.477958685396,2528.7475149373868,2550.150390625,567882.0
2023-12-29,2552.440504718582,2606.1810133312947,2529.121842703992,2560.618408203125,428126.0
2024-01-01,2560.851912795365,2593.563524820123,2543.094180553353,2557.907958984375,252020.0
2024-01-02,2557.11351024955,2570.852342026454,2480.334772987531,2498.559814453125,355638.0
2024-01-03,2479.540271653433,2485.101200241837,2402.901635288721,2410.09814453125,646613.0
2024-01-04,2422.481760788051,2468.3247943690712,2412.715053640196,2428.74365234375,535052.0
2024-01-05,2431.8281095987686,2506.6442907583305,2431.8281095987686,2465.1005859375,395701.0
2024-01-08,2448.6977977660536,2462.62350694776,2391.358924092928,2411.126220703125,380035.0
2024-01-09,2452.0626836700458,2471.78297697343,2380.8446441597303,2388.4619140625,268767.0
2024-01-10,2396.3593905813264,2410.3786537867554,2353.366983418011,2392.06005859375,474287.0
2024-01-11,2411.266369242492,2427.855829838273,2394.3031529186087,2410.191650390625,274861.0
2024-01-12,2448.6978292477106,2558.9826933130653,2440.5667027022405,2504.401123046875,1571702.0
2024-01-15,2546.832763980266,2582.208128688813,2427.0616190298315,2454.16552734375,1442698.0
2024-01-16,2442.155477395964,2466.408755387756,2417.107683274232,2433.276611328125,691337.0
2024-01-17,2387.948010128444,2470.474791300016,2383.2281455295506,2455.240478515625,379998.0
2024-01-18,2444.0247373359275,2444.0247373359275,2318.4122379004943,2349.721923828125,692100.0
2024-01-19,2376.6386843755954,2404.1633515390936,2350.562948111127,2382.38671875,435734.0
2024-01-23,2430.005492489533,2430.005492489533,2347.198290974228,2367.572998046875,293638.0
2024-01-24,2367.57326854517,2430.005770120822,2338.413244939345,2397.9951171875,234273.0
2024-01-25,2406.593197358066,2415.892595504962,2329.3471550991653,2357.47900390625,534988.0
2024-01-29,2357.4789483004947,2427.575256565592,2350.656423505161,2413.83642578125,557540.0
2024-01-30,2428.977279645091,2466.1283245078885,2406.64001312461,2433.276611328125,1047150.0
2024-01-31,2417.855657692389,2431.921697780378,2385.003941322396,2428.603759765625,300418.0
2024-02-01,2424.397945243166,2458.044177328268,2390.7517131580644,2430.145751953125,558575.0
2024-02-02,2359.908886873403,2464.866464388575,2355.2825764733643,2392.807373046875,2414696.0
2024-02-05,2392.620762063612,2392.620762063612,2329.113549581176,2337.151123046875,814978.0
2024-02-06,2334.674461165577,2422.902259859924,2310.374406725903,2410.05126953125,885293.0
2024-02-07,2422.715635251433,2439.3518737424656,2378.6017312929407,2421.54736328125,390384.0
2024-02-08,2437.482429018287,2485.942437446198,2417.949014627532,2427.6689453125,429043.0
2024-02-09,2411.3133818723068,2474.86737798367,2383.788939486172,2420.00537109375,413772.0
2024-02-12,2411.313217497477,2479.0729881442085,2411.313217497477,2430.940185546875,1173812.0
2024-02-13,2443.744420725487,2460.801190722462,2385.2374999988933,2456.68896484375,188101.0
2024-02-14,2434.3981711083334,2434.3981711083334,2356.684816791883,2392.480712890625,460554.0
2024-02-15,2405.705516445826,2546.832763137092,2405.705516445826,2531.505126953125,1010278.0
2024-02-16,2531.505057913908,2634.4063080067363,2519.82233913556,2618.75146484375,1103339.0
2024-02-19,2635.6215068966526,2652.070867147112,2572.0675131133294,2597.62939453125,743014.0
2024-02-20,2597.629346886297,2637.490693631849,2551.2254491931726,2584.077392578125,332331.0
2024-02-21,2586.0397934064235,2600.2459334819446,2467.390149829593,2480.802001953125,400996.0
2024-02-22,2505.6162144312343,2545.851547455606,2481.7369174665905,2522.018798828125,765173.0
2024-02-23,2559.9174883304613,2602.9098959475486,2542.1597547494907,2549.262939453125,373872.0
2024-02-26,2546.832485209244,2546.832485209244,2456.174594910052,2501.924072265625,1081304.0
2024-02-27,2501.924383586111,2523.3738105408024,2474.680373506261,2513.093017578125,373642.0
2024-02-28,2528.1403942495444,2557.580846160399,2450.567140008246,2480.38134765625,371605.0
2024-02-29,2480.381525850299,2481.316143438423,2412.621750711329,2446.221435546875,603665.0
2024-03-01,2449.63250122012,2486.7835473565183,2430.0055334499475,2446.127685546875,316488.0
2024-03-04,2483.2787429433824,2483.2787429433824,2421.500433791615,2430.56640625,501243.0
2024-03-05,2432.3420047782165,2438.089811039883,2364.5822371138856,2377.853759765625,285581.0
2024-03-06,2368.975153035845,2368.975153035845,2300.0938824833256,2358.22705078125,447965.0
2024-03-07,2387.9477145280925,2389.4431938006032,2323.3655539520028,2329.861328125,283798.0
2024-03-11,2354.30154308701,2354.30154308701,2282.3827702468293,2308.224853515625,552199.0
2024-03-12,2300.0938807626635,2339.815128195582,2261.354027431358,2267.70947265625,524536.0
2024-03-13,2279.578687309073,2299.9066164029405,2194.5285012151903,2219.996826171875,531757.0
2024-03-14,2210.37029116809,2335.515477692797,2182.3785438986406,2320.234619140625,961391.0
2024-03-15,2307.617377833291,2338.412978740233,2295.280472501936,2325.188232421875,404952.0
2024-03-18,2327.197328014671,2353.3666152373257,2288.8780145814976,2300.887939453125,550690.0
2024-03-19,2299.1590246194723,2308.1314437916653,2215.9780680377107,2231.6796875,320135.0
2024-03-20,2224.8570242352057,2266.447504209357,2211.8191553620763,2228.735595703125,444932.0
2024-03-21,2265.512779148447,2293.8785110331983,2243.3156139237044,2277.522705078125,332097.0
2024-03-22,2212.239707296897,2250.5590262657065,2155.2280376115946,2233.175048828125,885281.0
2024-03-26,2222.333456549549,2248.4559690916767,2209.435689881627,2221.95947265625,548700.0
2024-03-27,2236.493089103629,2287.943832441836,2226.2590722534533,2249.62451171875,526025.0
2024-03-28,2262.7091780740548,2262.7091780740548,2221.539227732044,2231.91357421875,380516.0
2024-04-01,2244.01666344683,2306.9632446319183,2232.614375348985,2300.794677734375,542188.0
2024-04-02,2299.1591679803646,2310.8418873298583,2287.9437574048507,2307.056640625,158324.0
2024-04-03,2294.579621865136,2352.4323565251207,2282.055609877841,2321.77685546875,283686.0
2024-04-04,2336.54379627035,2363.6009277955395,2314.5802845854087,2350.002197265625,181472.0
2024-04-05,2345.889821847172,2358.6940353985283,2326.730163939655,2346.45068359375,137970.0
2024-04-08,2355.049282081872,2368.274028772259,2251.0263060484144,2293.73828125,830250.0
2024-04-09,2302.8976341121665,2363.6477746224305,2280.4668130006844,2296.6357421875,318201.0
2024-04-10,2303.832132249697,2316.215814096476,2279.5788538155894,2285.32666015625,477724.0
2024-04-12,2291.215139384177,2314.160048030973,2279.1118866086163,2286.21484375,482559.0
2024-04-15,2271.120436485864,2296.4486610199674,2230.5113533291733,2237.754638671875,540342.0
2024-04-16,2224.3428507713243,2234.1563344210954,2151.489463026024,2157.09716796875,671182.0
2024-04-18,2210.6975943691705,2235.0909742064946,2166.1629335979283,2183.68701171875,520011.0
2024-04-19,2149.620170385592,2173.0323835291056,2125.3201162855808,2131.208251953125,504287.0
2024-04-22,2146.769617914533,2148.638852911856,2082.748319256232,2091.019775390625,604348.0
2024-04-23,2102.001724841673,2113.964875563372,2089.804919723761,2096.861328125,475017.0
2024-04-24,2107.562554845944,2116.160990587077,2093.590068244339,2096.814453125,186524.0
2024-04-25,2096.8144924447606,2107.5625943672544,2064.0561013844936,2083.54296875,607132.0
2024-04-26,2093.543116564741,2217.286377361884,2093.543116564741,2147.844482421875,1906257.0
2024-04-29,2155.508478892937,2231.1189466341884,2154.340206967528,2187.799560546875,726584.0
2024-04-30,2187.8926458025394,2216.4452541684304,2157.143823364247,2163.499267578125,383386.0
2024-05-02,2159.1064972260046,2182.518710920778,2151.489455975004,2167.751708984375,213301.0
2024-05-03,2182.0982567257183,2196.257620894842,2136.5356525859265,2142.0498046875,270305.0
2024-05-06,2155.228149458264,2194.7157423960834,2130.92809226576,2148.825927734375,319574.0
2024-05-07,2149.620353222409,2158.779650797849,2107.5625637028406,2137.283447265625,407563.0
2024-05-08,2130.927891822044,2154.0128983478294,2109.945774663188,2130.6474609375,317405.0
2024-05-09,2131.8625352722324,2146.722862374875,2089.9916252875564,2102.281982421875,150257.0
2024-05-10,2102.655804467559,2102.655804467559,2067.140338051394,2085.318603515625,168817.0
2024-05-13,2085.318615819881,2120.647204572668,2051.4855064067897,2107.2353515625,334981.0
2024-05-14,2107.2353681692566,2165.5088636922105,2094.6180312422625,2151.536376953125,293562.0
2024-05-15,2168.3126597162777,2171.116512293497,2121.6285599411976,2125.6474609375,299045.0
2024-05-16,2144.9472404164544,2220.183951899472,2144.3398302906303,2215.931396484375,1074601.0
2024-05-17,2233.081648505994,2233.081648505994,2154.7606560154213,2160.4619140625,472822.0
2024-05-21,2161.1158164477133,2219.71628062048,2161.1158164477133,2217.426513671875,479405.0
2024-05-22,2219.716761613965,2253.690202057705,2208.361249241588,2212.75390625,511687.0
2024-05-23,2216.9127368774098,2261.587499554658,2209.482573297948,2240.324951171875,360709.0
2024-05-24,2240.2780163358107,2257.101130350848,2225.46423855689,2234.62353515625,296471.0
2024-05-27,2235.1378345726303,2319.1133113493515,2227.567341269173,2281.54150390625,931304.0
2024-05-28,2291.682165996511,2300.1872767255704,2237.380796648434,2243.455810546875,283240.0
2024-05-29,2243.081761525854,2260.8394921379336,2203.8746072047984,2209.669189453125,217435.0
2024-05-30,2208.407698026365,2208.407698026365,2152.4709750621146,2161.58349609375,244442.0
2024-05-31,2172.051158259683,2182.331951177436,2126.9090855397485,2134.760009765625,377956.0
2024-06-03,2213.174236310901,2215.043471307785,2121.067636203812,2140.227294921875,461553.0
2024-06-04,2130.9279468111404,2154.153283467583,2044.0085174017383,2126.72216796875,514594.0
2024-06-05,2121.6285670805337,2266.400731033544,2121.6285670805337,2207.66015625,962817.0
2024-06-06,2252.194647405048,2312.664357423376,2242.895248392188,2277.0087890625,650875.0
2024-06-07,2280.4666538338806,2390.284207860717,2280.4666538338806,2310.32763671875,1327918.0
2024-06-10,2231.866589480196,2287.0090219673534,2198.781221259142,2238.03515625,33951028.0
2024-06-11,2243.0819675209973,2256.914351956329,2227.6607789942905,2235.511474609375,783817.0
2024-06-12,2247.287805959741,2267.3820824530394,2233.7358520456573,2241.166015625,1109076.0
2024-06-13,2261.727623438097,2303.8321883785684,2251.54038373436,2295.887939453125,3107850.0
2024-06-14,2306.636050939276,2306.636050939276,2238.923056910978,2251.353515625,1251250.0
2024-06-18,2255.231930201043,2275.699961296737,2247.7549905236256,2259.297607421875,578483.0
2024-06-19,2254.344210553966,2273.924401752175,2232.988109179956,2253.736572265625,464717.0
2024-06-20,2273.924540835204,2275.7937759694705,2240.325084932387,2262.662353515625,695949.0
2024-06-21,2302.430304797224,2326.263052015543,2261.8679949204266,2270.886962890625,1727377.0
2024-06-24,2245.044747837201,2265.512779449604,2224.483163205233,2237.6611328125,1356536.0
2024-06-25,2238.4554308811603,2257.054225715184,2223.9220847964657,2250.839111328125,604516.0
2024-06-26,2259.9053481676765,2279.765972091813,2253.5499028763275,2261.260498046875,607685.0
2024-06-27,2257.288096194473,2291.4484107866547,2246.9139790543304,2282.429443359375,746590.0
2024-06-28,2313.178462813017,2315.047697934482,2273.924525262251,2295.934814453125,494140.0
2024-07-01,2318.785764905163,2377.479783147003,2297.1026869028096,2331.77685546875,1287527.0
2024-07-02,2346.824734564095,2405.705641882907,2333.786865007696,2342.291748046875,1306698.0
2024-07-03,2361.7784137667018,2404.6307172544844,2339.814902597918,2401.452880859375,930888.0
2024-07-04,2401.452964055434,2447.763308249188,2396.3593441584258,2414.303955078125,1197887.0
2024-07-05,2427.1548854730545,2463.558191679665,2415.145187433249,2457.015869140625,958511.0
2024-07-08,2462.7171221765902,2478.60561973902,2420.519233157025,2438.93115234375,1079731.0
2024-07-09,2439.3515219428955,2455.426896298626,2417.855320791675,2430.47265625,449070.0
2024-07-10,2438.5887775735296,2445.033755744485,2397.054473805147,2434.76953125,924472.0
2024-07-11,2434.7696416960102,2455.154963115886,2423.884882423516,2444.604248046875,371430.0
2024-07-12,2496.0682463365733,2620.95764064354,2491.7238072686773,2569.111328125,2717617.0
2024-07-15,2592.265513048528,2643.873122792957,2574.9357770470983,2613.176025390625,1280637.0
2024-07-16,2588.494226901961,2680.108352567739,2581.858332956683,2672.947265625,777919.0
2024-07-18,2683.020600962069,2730.7611810503618,2647.215165895849,2705.219970703125,880873.0
2024-07-19,2759.4053335832327,2783.275621936029,2699.9683155847706,2743.69873046875,4513506.0
2024-07-22,2738.399429833697,2803.087910088659,2676.623171326259,2793.539794921875,1080523.0
2024-07-23,2793.539802470641,2832.73486195786,2714.2904463721825,2804.424560546875,619277.0
2024-07-24,2810.774283012829,2816.4075779054974,2705.6972254818543,2740.166015625,850350.0
2024-07-25,2702.164573717869,2732.0977770533523,2664.067451597758,2716.05712890625,673584.0
2024-07-26,2673.47243498642,2941.726702868129,2673.47243498642,2892.88818359375,3919873.0
2024-07-29,2902.627214866561,2905.4916496180745,2764.179535210097,2799.125732421875,1236258.0
2024-07-30,2797.502298137956,2797.502298137956,2769.383144300152,2783.323486328125,368109.0
2024-07-31,2770.862945488062,2816.5983226406443,2746.2765496071806,2761.792236328125,658298.0
2024-08-01,2773.345559769963,2816.646121174358,2711.80777247165,2725.98681640625,945392.0
2024-08-02,2725.98710953709,2725.98710953709,2643.8733121920145,2649.888671875,457613.0
2024-08-05,2554.120888477649,2587.1096740514195,2472.3413727123243,2532.39892578125,966802.0
2024-08-06,2530.2505497685424,2598.9491926019223,2513.1117294587484,2519.79541015625,937496.0
2024-08-07,2558.89483288816,2609.165565373044,2558.89483288816,2602.816162109375,351454.0
2024-08-08,2600.9065611858578,2600.9065611858578,2517.981088045706,2525.953857421875,437051.0
2024-08-09,2582.765361699653,2640.5792503364382,2571.164494076189,2597.56494140625,761355.0
2024-08-12,2577.9911495520128,2596.084781554064,2542.6631226877817,2580.760009765625,431060.0
2024-08-13,2604.3442124154144,2604.3442124154144,2558.226765531248,2574.697265625,272177.0
2024-08-14,2586.584514848142,2614.178475676111,2569.206991085808,2595.989501953125,258066.0
2024-08-16,2602.8641254622366,2786.617565377094,2602.8641254622366,2779.40869140625,1786753.0
2024-08-19,2800.4623038981413,2857.70321026615,2790.2458668335703,2843.142333984375,1271105.0
2024-08-20,2851.4969643017266,2899.7149485477817,2850.112534148004,2872.980224609375,619734.0
2024-08-21,2864.4823913621003,2905.682415842008,2846.340972202397,2899.71484375,304884.0
2024-08-22,2910.3133765934926,3010.5208016276624,2910.3133765934926,2927.117919921875,979104.0
2024-08-23,2926.497323261207,2926.497323261207,2846.29315518488,2862.190673828125,463489.0
2024-08-26,2897.8050801899863,2980.9214668795016,2867.5376026284,2883.2919921875,1004715.0
2024-08-27,2887.397865220345,2924.5877278377607,2855.22076315505,2896.898193359375,411818.0
2024-08-28,2900.240115344979,2990.4220206226896,2871.1183627464534,2949.842529296875,1186290.0
2024-08-29,2917.4743389780624,2978.0092951155166,2914.0847115156857,2963.209716796875,308414.0
2024-08-30,2988.5601659082195,2988.5601659082195,2945.5936459510726,2964.64208984375,791445.0
2024-09-02,2964.6419759722703,3002.8822238869866,2951.79980767778,2962.302734375,478366.0
2024-09-03,2961.8254184648376,3021.978545919153,2942.967890413683,2984.120361328125,693093.0
2024-09-04,2924.6356411902866,2953.089072744658,2875.176354987604,2949.12646484375,1012802.0
2024-09-05,2969.3684010398924,2976.147656413635,2934.4224375283075,2948.171630859375,194748.0
2024-09-06,2957.81524291344,2999.970079270578,2897.8530314240948,2913.607421875,470725.0
2024-09-09,2913.607590565963,2914.0849963648434,2839.6096917395294,2858.41943359375,906150.0
2024-09-10,2893.0790069648715,2973.4263059446894,2873.3144544300367,2941.201416015625,713019.0
2024-09-11,2946.548397020125,2976.4818318857915,2912.1751817600066,2928.025146484375,249403.0
2024-09-12,2967.554283333936,2983.690505209136,2935.520309361618,2958.053955078125,440182.0
2024-09-13,2976.147561542467,3035.3458768506584,2963.5918830712208,3003.980224609375,391317.0
2024-09-16,3017.204492796729,3033.197586231648,2975.3837003571925,2984.502197265625,350121.0
2024-09-17,2983.833885965328,3043.7483108285514,2972.662637433206,3034.2001953125,331390.0
2024-09-18,3013.719544435586,3024.5087285189074,2840.5643757178395,2868.6357421875,2080405.0
2024-09-19,2897.853035582189,2952.2772935815915,2786.665277922613,2843.66748046875,1625629.0
2024-09-20,2883.435317993368,2908.3559927901388,2838.129556388535,2891.503662109375,662106.0
2024-09-23,2912.1751177811643,2933.1809710897496,2877.276710321836,2904.91845703125,355464.0
2024-09-24,2918.2859367930987,2955.141755975233,2893.126792241288,2933.32421875,251100.0
2024-09-25,2931.653258483537,2948.267119140603,2858.180557119465,2882.0986328125,387861.0
2024-09-26,2902.531561691484,2921.771154448637,2883.62647933121,2915.7080078125,274458.0
2024-09-27,2959.9156286902053,3016.249506784632,2913.2729940076965,2943.302001953125,903986.0
2024-09-30,2942.538434167828,2942.538434167828,2866.3922091023446,2874.36474609375,282998.0
2024-10-01,2897.6619236222577,2913.8937187682345,2868.3014706376234,2879.32958984375,899959.0
2024-10-03,2825.3828059640987,2879.329655772732,2774.3003906585795,2789.00439453125,809626.0
2024-10-04,2792.823682291632,2826.194298130178,2708.418437581241,2717.966552734375,964389.0
2024-10-07,2767.998776430307,2844.383702996166,2719.4465142385643,2744.55810546875,2253797.0
2024-10-08,2757.495781587433,2781.2704961562804,2712.762766818019,2770.00390625,628530.0
2024-10-09,2791.8690062533483,2823.3777877876714,2755.586166910795,2768.141845703125,509427.0
2024-10-10,2789.0044178926446,2800.414368803963,2713.3833929986904,2725.079833984375,311244.0
2024-10-11,2729.8062407004863,2781.891257741945,2726.750890340598,2746.372314453125,532435.0
2024-10-14,2759.5961177352656,2839.5137927095816,2759.5961177352656,2828.724609375,992489.0
2024-10-15,2842.855873256636,2876.751683967575,2759.4054353411925,2797.406982421875,923501.0
2024-10-16,2796.643102535956,2818.6515559563363,2748.281989516575,2779.790771484375,764382.0
2024-10-17,2870.4500175446533,2968.5091173866854,2813.829645847077,2941.010498046875,5357551.0
2024-10-18,2931.2715122925583,2968.413589025847,2866.7261570847536,2955.85791015625,965115.0
2024-10-21,2959.9157647379,2995.005088723099,2843.142267139648,2850.58984375,710843.0
2024-10-22,2850.255568955716,2902.6270750498466,2831.493615480368,2843.094482421875,659436.0
2024-10-23,2851.067277746624,3002.6436107480563,2843.142295289301,2978.868896484375,1181872.0
2024-10-24,2867.2989658443425,2990.803927962768,2867.2989658443425,2958.72216796875,384862.0
2024-10-25,2960.822755853845,2978.5823434863114,2873.9826941586484,2903.629638671875,371508.0
2024-10-28,2918.954513089169,2945.45053387708,2853.8361782156703,2876.7041015625,423578.0
2024-10-29,2888.304997673697,2903.534195585228,2835.790361352357,2885.91796875,244250.0
2024-10-30,2890.214393953172,2921.3413419182766,2864.434483600765,2871.1181640625,443712.0
2024-10-31,2868.3015214996017,2868.3015214996017,2723.40887696548,2749.427490234375,913642.0
2024-11-01,2754.6312435899536,2787.09483536883,2742.123119396544,2763.36767578125,54169.0
2024-11-04,2768.9058245899137,2768.9058245899137,2728.899312200804,2740.452392578125,400459.0
2024-11-05,2745.035440774092,2754.3926406598,2697.3426500958253,2728.56494140625,439033.0
2024-11-06,2768.953528145713,2806.76415922164,2746.992862232833,2765.51611328125,1687168.0
2024-11-07,2782.320762689784,2782.320762689784,2670.130409355518,2710.85302734375,451977.0
2024-11-08,2733.243495753876,2753.62858143338,2710.852979570869,2729.185546875,815466.0
2024-11-11,2725.509678258234,2757.4958664598985,2692.186847076536,2732.193359375,630602.0
2024-11-12,2758.450678664661,2772.534149592423,2716.343394376305,2724.507080078125,612297.0
2024-11-13,2725.0322201947843,2751.86251854934,2695.5761900232924,2716.773193359375,530900.0
2024-11-14,2725.986831815204,2757.065992754052,2701.113945624797,2710.996337890625,330713.0
2024-11-18,2711.6648476611663,2720.258151755867,2627.6414298463133,2633.513427734375,790762.0
2024-11-19,2635.709389666241,2720.019292733122,2626.734254703605,2663.2080078125,514635.0
2024-11-21,2671.276231280864,2680.5378567096955,2633.418046503364,2660.2958984375,468794.0
2024-11-22,2702.116622263224,2763.70196577417,2694.525917242833,2753.246826171875,1224485.0
2024-11-25,2815.643454384335,2879.950100217667,2767.043643740008,2847.629638671875,920408.0
2024-11-26,2855.02944610256,2884.5810478167587,2798.600227649264,2863.5751953125,531802.0
2024-11-27,2869.304339477548,2910.1225340556025,2860.6154609556265,2880.66650390625,641475.0
2024-11-28,2887.3500761494856,2890.0713822621865,2805.8568185545323,2823.95068359375,569713.0
2024-11-29,2826.24196789217,2856.9868507861,2805.2361154281066,2840.134521484375,408266.0
2024-12-02,2840.516637908631,2918.715845476604,2820.083763522593,2912.17529296875,296057.0
2024-12-03,2927.5478253544225,2927.5478253544225,2862.3341490066664,2882.5283203125,279243.0
2024-12-04,2888.257100411808,2920.7684797353245,2870.163468481329,2881.334716796875,446699.0
2024-12-05,2883.196578745484,2933.8493776559844,2883.196578745484,2913.41650390625,525393.0
2024-12-06,2913.4163759719563,2957.051214891319,2910.695069954206,2915.946533203125,303227.0
2024-12-09,2915.9945465877954,2983.738381131953,2913.655304853482,2964.30810546875,346936.0
2024-12-10,2964.689717051471,3057.21085845624,2964.689717051471,3038.019287109375,820084.0
2024-12-11,3030.190123492668,3047.758563321125,2989.371928448188,3040.645263671875,517726.0
2024-12-12,3063.6559702535246,3091.631995140327,3031.192377727418,3046.18310546875,695231.0
2024-12-13,3018.159215617421,3065.852004433946,2995.291526328278,3051.004638671875,621349.0
2024-12-16,3062.510091112812,3081.6063210632988,3033.340553241788,3052.81884765625,394375.0
2024-12-17,3052.7710602182083,3082.561132316956,3012.048443095327,3037.4462890625,405555.0
2024-12-18,3047.7583832142727,3067.6662967238817,3009.5659222717377,3033.006591796875,339580.0
2024-12-19,2942.0130768860845,3005.698960399373,2898.3304486450984,2976.2431640625,485378.0
2024-12-20,3045.848884686295,3052.532565624478,2802.6584263143486,2817.26708984375,835981.0
2024-12-23,2842.42616096704,2873.982728914486,2807.6233270342345,2843.094482421875,345080.0
2024-12-24,2843.094402739758,2873.9826483666784,2778.5014972581507,2798.21826171875,376812.0
2024-12-26,2798.6003177034167,2818.030592030126,2745.4173633188616,2777.021484375,284062.0
2024-12-27,2796.547393711148,2811.919952569527,2750.0481188760523,2753.628662109375,88411.0
2024-12-30,2754.6791026248266,2816.359788748244,2724.0773458959256,2802.610595703125,835227.0
2024-12-31,2783.371148559017,2783.371148559017,2685.4073935972765,2718.539306640625,514316.0
2025-01-01,2730.235796526816,2734.53244843336,2689.608519099945,2725.891357421875,198476.0
2025-01-02,2730.856572706301,2776.687526524078,2718.634938399904,2767.712158203125,250308.0
2025-01-03,2767.9986609598272,2777.546776382248,2704.026287629607,2739.593017578125,517777.0
2025-01-06,2826.432979097766,2826.432979097766,2745.083085245368,2766.70947265625,421827.0
2025-01-07,2782.798234022752,2805.188518019668,2762.0310830225817,2793.969482421875,555628.0
2025-01-08,2787.09492323408,2799.5074734232003,2738.447321229915,2792.6806640625,384582.0
2025-01-09,2791.9644590740127,2809.9625163623245,2739.6407411526325,2742.1708984375,202661.0
2025-01-10,2754.6312886102323,2822.852526415335,2754.6312886102323,2783.275634765625,1295966.0
2025-01-13,2754.631252724882,2766.9482281679298,2642.966091372128,2651.989013671875,327553.0
2025-01-14,2665.260801369076,2674.8089166324285,2612.84174181658,2654.61474609375,736104.0
2025-01-15,2671.5625165117144,2689.3221032529204,2643.0137465514126,2654.13720703125,346009.0
2025-01-16,2671.5625338014584,2742.5050737259894,2666.8362635745366,2693.905029296875,468033.0
2025-01-17,2691.6615141207176,2705.7927715116007,2659.3888374990715,2689.89501953125,294222.0
2025-01-20,2692.568577820048,2704.9811280014874,2627.2595608779407,2678.485107421875,276667.0
2025-01-21,2678.4850077606884,2725.222984890885,2644.207367547586,2648.217529296875,322108.0
2025-01-22,2648.504077156516,2686.7918799542404,2629.455400492312,2682.017822265625,421294.0
2025-01-23,2682.017848946257,2814.784441209068,2676.909747033594,2787.047119140625,830570.0
2025-01-24,2731.715853190464,2939.2917915737144,2630.076209993133,2873.314453125,4727360.0
2025-01-27,2829.440755028883,2906.398422152601,2795.735862418387,2804.376953125,1054296.0
2025-01-28,2792.537229594411,2867.1558903799155,2737.4924382431145,2753.437744140625,843006.0
2025-01-29,2769.0490161282205,2882.0508210318544,2769.0490161282205,2873.2666015625,636180.0
2025-01-30,2863.2410143635666,2875.128371036226,2709.277658443225,2738.017578125,1251426.0
2025-01-31,2768.9535642046144,2770.290207164706,2724.411697527192,2738.351806640625,434230.0
2025-02-01,2721.212832348803,2739.3542512311283,2650.795482739777,2672.0400390625,301341.0
2025-02-03,2663.9241462811087,2710.280292294144,2604.8214063148152,2690.420166015625,606662.0
2025-02-04,2711.6648111764184,2745.035428340189,2638.335237266609,2678.676025390625,550653.0
2025-02-05,2696.387726836708,2733.4344603568284,2679.010203830733,2713.478759765625,327625.0
2025-02-06,2730.2835986380346,2765.802541304482,2690.515791240232,2697.963134765625,389617.0
2025-02-07,2705.935954386003,2758.784867345362,2690.468053773697,2738.876953125,211878.0
2025-02-10,2740.3091075549432,2757.973120966012,2644.7801667831563,2661.011962890625,359767.0
2025-02-11,2662.9692558803467,2667.743313348759,2567.392532119424,2590.9765625,249486.0
2025-02-12,2605.680733729254,2620.432525633106,2537.507281942057,2546.1005859375,732007.0
2025-02-13,2554.120855405637,2576.415797984922,2477.258526859785,2484.371826171875,559365.0
2025-02-14,2511.20215442242,2511.20215442242,2416.4848956339765,2438.827392578125,469018.0
2025-02-17,2429.040556915897,2477.640371041693,2393.712529948173,2474.2509765625,227875.0
2025-02-18,2473.9166582965545,2497.166412145626,2415.673155341676,2462.4111328125,276630.0
2025-02-19,2456.156945785533,2511.1541800053856,2436.9653749972226,2493.25146484375,251079.0
2025-02-20,2483.799020116934,2522.7075892330085,2472.484410455819,2518.07666015625,279331.0
2025-02-21,2520.7024152572794,2531.157554789815,2440.0208417386275,2451.5263671875,248774.0
2025-02-24,2421.927308178031,2424.266549877444,2351.7486585458955,2375.4755859375,430982.0
2025-02-25,2358.861905222593,2382.49349079404,2329.740153306265,2342.05712890625,268308.0
2025-02-27,2334.5143282115578,2338.3335745562804,2253.355343386207,2269.01416015625,775514.0
2025-02-28,2234.258964081099,2257.699633595145,2126.4130491673022,2145.7001953125,1097369.0
2025-03-03,2157.87414008159,2181.9831321333863,2137.1547757122,2163.030029296875,442636.0
2025-03-04,2138.777740757138,2167.3265111069704,2084.4012729430256,2145.07958984375,541824.0
2025-03-05,2074.80557611938,2230.4398646179807,2074.80557611938,2203.56201171875,582517.0
2025-03-06,2211.1524654581817,2262.8076265082623,2211.1524654581817,2237.123291015625,560584.0
2025-03-07,2215.2583227945674,2224.6630764949955,2172.196229571615,2198.21484375,314701.0
2025-03-10,2173.2942490590854,2212.7758004902216,2146.893802546824,2162.648193359375,352043.0
2025-03-11,2131.425769783122,2180.93260646518,2100.585311542009,2174.91748046875,281705.0
2025-03-12,2158.829093556424,2176.3975342898534,2072.1799382091235,2124.503662109375,436694.0
2025-03-13,2125.4103540030915,2188.857530213201,2100.4421270500025,2105.50244140625,869498.0
2025-03-17,2107.364706877621,2135.149583666516,2082.969224671549,2100.7763671875,449847.0
2025-03-18,2100.7763671875,2100.7763671875,2100.7763671875,2100.7763671875,0.0
2025-03-19,2196.06664301288,2200.8407009324733,2135.4361074340463,2182.55615234375,550648.0
2025-03-20,2196.305305734544,2262.521581111408,2190.815139227436,2201.65234375,637186.0
2025-03-21,2176.970341326675,2327.830566734401,2139.159710576107,2320.144287109375,1232731.0
2025-03-24,2326.1596152637867,2394.667343286435,2296.7035859995844,2370.749267578125,433340.0
2025-03-25,2399.727884000336,2444.126620497415,2363.206342688223,2419.874267578125,966857.0
2025-03-26,2415.673185172588,2456.061759751873,2391.898471178433,2401.494140625,781651.0
2025-03-27,2384.164274042787,2424.743762087168,2375.5709706922125,2413.954345703125,458236.0
2025-03-28,2404.215418317617,2443.362690816037,2365.163720214945,2387.2197265625,390216.0
2025-04-01,2293.4572435852406,2384.3074653823687,2293.4572435852406,2336.18505859375,379487.0
2025-04-02,2349.7910685415163,2389.8453637830544,2327.2098701265536,2362.58544921875,294985.0
2025-04-03,2282.047493292609,2309.164049276484,2247.6264887610782,2266.7705078125,556470.0
2025-04-04,2253.3552153080072,2262.855543428857,2119.681600840583,2128.4658203125,705009.0
2025-04-07,1970.2535530579653,2025.1074277463072,1952.1599215451656,2007.2047119140625,573919.0
2025-04-08,2058.0962437979906,2115.528063829764,2032.5550354836328,2070.890625,645228.0
2025-04-09,2014.652396500221,2053.6565420644065,1958.3185143232004,2021.9090576171875,1248075.0
2025-04-11,2119.681464036902,2119.681464036902,2048.118390960553,2062.91796875,480772.0
2025-04-15,2103.354283620452,2175.0607247245284,2086.263250010138,2167.1357421875,747484.0
2025-04-16,2167.5177549123005,2180.3121362147617,2134.0037768513216,2164.6533203125,368946.0
2025-04-17,2151.190524719279,2181.267089978337,2092.0877801995616,2170.955078125,868626.0
2025-04-21,2170.955034384073,2309.2117972522155,2158.065078104187,2273.119873046875,1063680.0
2025-04-22,2274.074552609288,2318.8553528025645,2245.7166970614185,2293.266357421875,610522.0
2025-04-23,2347.881579384261,2409.848755153569,2325.34793377272,2393.9990234375,1447072.0
2025-04-24,2415.4823845749456,2424.266604499721,2336.519513436807,2356.570556640625,823663.0
2025-04-25,2388.938568620093,2455.3935477051214,2329.740250772593,2423.884765625,3212180.0
2025-04-28,2417.5828501200417,2417.964681497598,2314.4632024845896,2390.275146484375,1011111.0
2025-04-29,2390.2749715410937,2425.1255906449646,2359.816578499101,2398.390869140625,669660.0
2025-04-30,2390.0841954804087,2433.337204776732,2343.1075144289184,2357.4296875,664812.0
2025-05-02,2352.6556247453973,2407.652862463279,2336.4238286331115,2346.73583984375,316115.0
2025-05-05,2358.2890061629955,2394.1900144788574,2335.5646772579667,2345.11279296875,267130.0
2025-05-06,2351.7008840817143,2367.9326806831714,2245.7168003898464,2251.1591796875,556788.0
2025-05-07,2234.258963265179,2298.7087410516747,2224.8064224331392,2293.648193359375,435576.0
2025-05-08,2298.2313301650256,2318.1867977029547,2255.837791892207,2267.581787109375,430111.0
2025-05-09,2244.2845196459416,2285.818821541112,2206.665038299147,2279.421630859375,344612.0
2025-05-12,2329.7401084191115,2434.7693756019403,2305.869820423014,2417.964599609375,691719.0
2025-05-13,2417.6783897836854,2417.6783897836854,2371.751861540334,2378.0537109375,284561.0
2025-05-14,2363.158662729176,2465.800907675999,2361.344613968783,2455.3935546875,626343.0
2025-05-15,2463.413717180725,2511.1542930950804,2441.16656218298,2505.7119140625,642884.0
2025-05-16,2511.15436064803,2523.662485117386,2463.413783449398,2482.891845703125,412947.0
2025-05-19,2482.510129740827,2482.510129740827,2416.6281301438585,2419.969970703125,377534.0
2025-05-20,2436.678998641628,2477.162913839697,2410.1351917683114,2417.964599609375,562623.0
2025-05-21,2429.0405926729177,2452.529050137835,2396.5769998463143,2442.026123046875,497535.0
2025-05-22,2430.0910264571257,2439.4479933811604,2387.9837428657947,2428.754150390625,398695.0
2025-05-23,2430.663597414114,2476.971955325783,2420.6380766291136,2426.557861328125,493482.0
2025-05-26,2438.5886876779755,2440.689226456824,2410.7082371656484,2430.9501953125,293829.0
2025-05-27,2431.0458322641325,2438.3022603330783,2400.58720330809,2423.120849609375,396746.0
2025-05-28,2434.578566952984,2447.1820329473635,2408.1303333121987,2417.10546875,358982.0
2025-05-29,2444.317522094328,2469.333537612855,2424.075564236141,2450.42822265625,563264.0
2025-05-30,2458.544201305453,2460.0719930501787,2423.8847280413697,2443.171875,466811.0
2025-06-02,2350.2684923947027,2390.7524064955064,2278.84854602447,2378.531005859375,1782200.0
2025-06-03,2406.1250662958846,2419.205937693376,2368.600926378423,2388.365478515625,470919.0
2025-06-04,2398.486500973276,2434.769338169528,2377.7671379328613,2390.1796875,606388.0
2025-06-05,2396.5771056549465,2427.608482520997,2355.6157814350804,2415.482421875,362691.0
2025-06-06,2424.2664943843915,2446.227159752978,2393.044203721145,2430.186279296875,801312.0
2025-06-09,2444.413188691328,2513.350537285226,2438.206913498792,2485.37451171875,691277.0
2025-06-10,2498.073614893211,2563.6691246451533,2487.3797716839485,2550.68359375,1221722.0
2025-06-11,2554.121076864352,2581.046717856738,2535.024844513964,2558.799560546875,844643.0
2025-06-12,2558.799216239084,2578.945831901169,2526.4312000038854,2543.904296875,804368.0
2025-06-13,2515.9284268717934,2563.2871728562245,2474.967104740232,2524.712646484375,267645.0
2025-06-16,2525.380920056643,2595.2733104729296,2502.5610177546164,2585.056640625,389765.0
2025-06-17,2597.0872882079548,2601.861345723042,2546.6731942269685,2571.689208984375,439638.0
2025-06-18,2569.3978640192813,2587.3483676619576,2550.492548832933,2565.96044921875,262836.0
2025-06-19,2574.362820809608,2581.810397423834,2506.4758603577025,2528.62744140625,369450.0
2025-06-20,2531.396398583755,2583.624545064365,2527.577152287428,2574.267578125,418896.0
2025-06-23,2568.824811073599,2575.794981766588,2530.250519045426,2552.402099609375,303383.0
2025-06-24,2578.9458821927774,2604.821367293706,2556.316896082864,2561.568359375,327260.0
2025-06-25,2577.991174892347,2638.4307923920364,2566.6290107352106,2628.21435546875,509014.0
2025-06-26,2637.189507136485,2682.065650089206,2616.947548851809,2675.859375,551408.0
2025-06-27,2683.020527866908,2752.7217728969026,2665.833919503348,2673.472412109375,967905.0
2025-06-30,2686.7442357423192,2741.264070691129,2675.859476876311,2716.82080078125,412320.0
2025-07-01,2716.8207597127707,2758.068806200708,2716.8207597127707,2751.28955078125,451128.0
2025-07-02,2754.631304127629,2799.5074466905403,2745.083188688712,2757.97314453125,741113.0
2025-07-03,2768.8578992327707,2781.270449286976,2749.8572427777253,2752.53076171875,196536.0
2025-07-04,2771.3406933136343,2795.592814923084,2752.6262925461283,2792.06005859375,221365.0
2025-07-07,2816.69411472146,2817.0759461038683,2735.6307061546577,2744.701416015625,341950.0
2025-07-08,2749.761540917983,2804.28137071833,2733.8162355168274,2778.11962890625,450522.0
2025-07-09,2783.378653691298,2799.934789839917,2756.888883406749,2789.12451171875,444794.0
2025-07-10,2765.848524105932,2796.136608332019,2740.527375645807,2786.397705078125,406584.0
2025-07-11,2760.005210477544,2807.628352771332,2742.4751844406364,2764.679931640625,509645.0
2025-07-14,2754.1619671789404,2772.568400070932,2711.7977360713435,2755.622802734375,371224.0
2025-07-15,2755.622818566569,2814.153725263739,2745.396969619777,2809.47900390625,348866.0
2025-07-16,2808.6997069514814,2834.9947458168385,2783.281074275159,2801.687744140625,305648.0
2025-07-17,2815.4195026898688,2823.1133790735457,2755.52524648437,2769.744140625,333929.0
2025-07-18,2782.404841822263,2787.274293768049,2727.0878201648893,2758.7392578125,217302.0
2025-07-21,2758.64202001719,2758.64202001719,2708.58391119902,2729.71728515625,194145.0
2025-07-22,2736.437152937828,2741.4038510630257,2697.6762694552312,2704.688232421875,119617.0
2025-07-23,2724.945357429061,2724.945357429061,2637.684681898829,2664.95361328125,406908.0
2025-07-24,2678.19843540224,2678.19843540224,2557.6307637388927,2584.218017578125,654406.0
2025-07-25,2552.5665968191965,2719.101845982143,2536.0104609375,2556.462158203125,1931951.0
2025-07-28,2619.7650993045904,2678.4907362586,2592.0092237171625,2633.204833984375,1505713.0
2025-07-29,2633.2047448071653,2709.362921725136,2616.8433395670168,2701.864013671875,633100.0
2025-07-30,2709.363002632084,2782.404780201245,2699.624098956196,2733.32080078125,867993.0
2025-07-31,2718.517497849962,2744.812537976717,2675.666321347102,2717.348876953125,537398.0
2025-08-01,2718.0306015894635,2726.795615122827,2664.2718994714105,2685.4052734375,604083.0
2025-08-04,2604.864555015989,2702.5458078026,2573.7000628179053,2675.569091796875,506319.0
2025-08-05,2675.17929509066,2675.17929509066,2623.6605909174305,2634.568115234375,228414.0
2025-08-06,2638.2689756985296,2645.5731533721137,2577.011367382552,2584.802490234375,168222.0
2025-08-07,2577.9853811688977,2636.3213212084743,2571.070664200359,2632.133544921875,200594.0
2025-08-08,2628.5301416194984,2633.3995935306125,2583.828668181952,2625.510986328125,302616.0
2025-08-11,2625.510840725431,2634.2758536793567,2580.8093697668896,2602.4296875,297006.0
2025-08-12,2605.0593149837337,2661.4477113517187,2605.0593149837337,2646.83935546875,438682.0
2025-08-13,2660.181614603653,2669.8230344100657,2621.3234829399794,2624.829345703125,257068.0
2025-08-14,2629.9909211044865,2675.1793387694365,2627.7509257199035,2649.176513671875,463745.0
2025-08-18,2675.471685033472,2681.996703222924,2610.610726429996,2627.65380859375,143263.0
2025-08-19,2630.4777666109712,2678.198392513947,2603.793266824764,2670.99169921875,176937.0
2025-08-20,2662.7136788910984,2766.6277308184262,2637.6845068913503,2761.466064453125,489453.0
2025-08-21,2770.7180842829166,2812.10842473354,2741.598857519429,2779.87255859375,456237.0
2025-08-22,2775.5874724649734,2802.856402019015,2750.266323593363,2774.22412109375,283753.0
2025-08-25,2824.281964059775,2890.1170456388186,2824.281964059775,2841.519775390625,1159563.0
2025-08-26,2824.2819489478256,2853.498658764527,2790.585248519419,2798.181640625,757495.0
2025-08-28,2804.8042611754595,2804.8042611754595,2748.805564988797,2757.86279296875,393518.0
2025-08-29,2765.848597084604,2777.6327654392258,2707.804637053391,2715.206298828125,220828.0
2025-09-01,2734.6841466284445,2856.225711809616,2734.6841466284445,2845.220703125,682684.0
2025-09-02,2834.020902427023,2870.541790344897,2811.523940363134,2826.814208984375,309527.0
2025-09-03,2826.814358695325,2842.786066084141,2768.478181311913,2817.367431640625,373223.0
2025-09-04,2817.367394785342,2838.890467363086,2775.9770534944573,2786.4951171875,261264.0
2025-09-05,2786.495093320286,2799.5453670046504,2688.7165947794515,2724.36083984375,614253.0
2025-09-08,2746.2732465970075,2775.4899564984594,2688.521740238092,2714.329833984375,338468.0
2025-09-09,2726.893108026556,2801.2982391533683,2714.816962226065,2778.801513671875,391809.0
2025-09-10,2794.09139120518,2910.3738029338,2792.435825177015,2890.89599609375,1090464.0
2025-09-11,2902.3879653799127,2904.822691248088,2820.1917151768293,2849.1162109375,355515.0
2025-09-12,2870.05486909743,2872.489594978918,2819.802031797049,2828.372314453125,270909.0
2025-09-15,2835.5792648406177,2867.1332173709643,2803.2459147035006,2862.45849609375,449163.0
2025-09-16,2863.042893435196,2882.71543091727,2853.596204610092,2873.658203125,274021.0
2025-09-17,2882.715506704296,2929.6569751723887,2874.729653191667,2900.343017578125,580704.0
2025-09-18,2917.678140163512,2957.899861042516,2895.570875743514,2922.255615234375,451516.0
2025-09-19,2923.813640696523,2934.136973793628,2893.4283085037805,2915.633056640625,229066.0
2025-09-22,2842.8834827760274,2848.531856726156,2743.449180591658,2777.9248046875,778252.0
2025-09-23,2765.8486935309,2765.8486935309,2681.509691079426,2694.365234375,845283.0
2025-09-24,2678.198434699484,2679.9514848645267,2633.691693719717,2669.3359375,518369.0
2025-09-25,2670.894205051539,2686.378966047276,2614.408566439692,2646.449462890625,353350.0
2025-09-26,2646.060028623512,2646.449489649331,2562.3054601797794,2573.40771484375,405140.0
2025-09-29,2582.757148595132,2618.7910907135406,2565.227122699689,2608.17578125,458764.0
2025-09-30,2634.373378538156,2639.2428302544927,2565.32464830698,2585.484130859375,504534.0
2025-10-01,2585.678959977268,2627.556246334715,2561.331700467124,2620.739013671875,161664.0
2025-10-03,2628.432596028188,2670.602096145855,2610.026163340958,2665.4404296875,617247.0
2025-10-06,2665.440375492208,2723.7765494971923,2648.981723858536,2719.39404296875,276653.0
2025-10-07,2724.9452665596828,2748.3186355366065,2705.564943222799,2744.130859375,207553.0
2025-10-08,2709.362946450644,2809.6736522322453,2709.362946450644,2726.6982421875,742778.0
2025-10-09,2726.893066108694,2755.135887150534,2717.8358380144487,2733.905029296875,472352.0
2025-10-10,2754.1618280792777,2754.1618280792777,2684.1392090984486,2710.531494140625,299386.0
2025-10-13,2697.676387876272,2702.545839839948,2661.6424433450725,2678.393310546875,290341.0
2025-10-14,2702.545834949273,2718.42029587537,2661.252977478513,2673.621337890625,145319.0
2025-10-15,2686.184469933981,2726.8931364528407,2676.250835347288,2709.265625,359169.0
2025-10-16,2722.900048311657,2724.36088389774,2676.835223043499,2710.92138671875,191036.0
2025-10-17,2702.54574181383,2702.54574181383,2618.8886552187573,2623.368408203125,465225.0
2025-10-20,2634.8602781648087,2681.4122833215506,2617.524982801061,2675.763671875,202423.0
2025-10-21,2684.04192801526,2691.8330511735044,2660.6685585405257,2669.141357421875,30806.0
2025-10-23,2702.5456710522494,2750.266297315875,2697.1892742267405,2726.11376953125,420173.0
2025-10-24,2731.8600632051184,2759.5184555300984,2722.802834908474,2745.299560546875,237956.0
2025-10-27,2768.9650872176767,2821.360437335168,2760.97923363659,2813.277099609375,377691.0
2025-10-28,2848.6292606029,2851.0639864666628,2746.3707743248465,2756.986083984375,235233.0
2025-10-29,2770.718159506222,2821.7499208349323,2727.866982346899,2799.54541015625,574786.0
2025-10-30,2807.725905086608,2831.099273703353,2779.4830846747063,2818.146484375,325329.0
2025-10-31,2872.9765577654366,2883.8840822281195,2680.146266769655,2692.222412109375,1346667.0
2025-11-03,2692.22253768214,2717.1542271307567,2659.694693295375,2711.505615234375,570679.0
2025-11-04,2712.284722353365,2739.066707942133,2683.0680108019824,2694.365234375,225861.0
2025-11-06,2691.735461667769,2713.2585336564484,2671.965677640519,2701.474365234375,354396.0
2025-11-07,2688.911223294442,2692.6120541321866,2634.665579019539,2664.56396484375,268774.0
2025-11-10,2664.56401075865,2730.7885548856925,2655.4095365299213,2703.71435546875,430038.0
2025-11-11,2712.2846464333934,2725.821627300136,2686.47655195207,2704.98046875,590878.0
2025-11-12,2722.023659470748,2784.352644875444,2715.206426692109,2752.01953125,558402.0
2025-11-13,2761.855584450557,2769.64670735209,2727.964390041852,2748.318603515625,312058.0
2025-11-14,2717.1542227845434,2740.527592442905,2672.452748419412,2699.7216796875,430174.0
2025-11-17,2713.1611210474603,2725.8216960178474,2607.0070693726766,2618.4990234375,794655.0
2025-11-18,2581.7834684333566,2637.2952216210974,2558.215368141979,2589.087646484375,4967271.0
2025-11-19,2604.6697372948947,2654.727606105767,2595.807240016277,2642.84619140625,814207.0
2025-11-20,2665.343258360714,2686.866093250991,2632.328231585828,2668.84912109375,1216126.0
2025-11-21,2663.492615130754,2704.688224365604,2642.6514568096577,2675.374267578125,2115723.0
2025-11-24,2685.11326751401,2747.92919715758,2679.854116791104,2693.09912109375,1388293.0
2025-11-25,2710.239336188646,2735.657969207663,2687.937342475311,2724.166015625,599773.0
2025-11-26,2729.132911277831,2747.247128702788,2703.4220639818063,2727.087646484375,671295.0
2025-11-27,2736.631962227689,2753.1880986539777,2710.3369220212307,2718.614990234375,683457.0
2025-11-28,2731.860042052746,2745.883968633912,2714.524745468937,2737.995361328125,295505.0
2025-12-01,2748.318491494902,2768.380727255098,2736.534323480173,2758.349609375,312556.0
2025-12-02,2746.4682647563795,2774.6136006994666,2736.631877137768,2763.998291015625,309489.0
2025-12-03,2763.9982990472727,2799.934757876671,2755.4280164090537,2786.30029296875,474601.0
2025-12-04,2790.195899689796,2856.5179287470187,2790.195899689796,2832.462646484375,866476.0
2025-12-05,2835.871247739652,2891.3829983293804,2835.871247739652,2876.482666015625,810701.0
2025-12-08,2890.798935410457,2890.798935410457,2793.799356009737,2821.165771484375,789218.0
2025-12-09,2814.5432671574977,2842.8835730163296,2767.6017972446534,2803.6357421875,368244.0
2025-12-10,2803.6355130223983,2820.9708083474,2765.848520888014,2782.8916015625,263746.0
2025-12-11,2782.891780188252,2840.156582483425,2773.63982151396,2819.315185546875,267730.0
2025-12-12,2842.78594741727,2849.9926409407617,2809.868405851456,2836.650390625,140084.0
2025-12-15,2820.0943051391973,2827.690697600752,2785.618681046414,2822.23681640625,207272.0
2025-12-16,2816.491040616656,2816.491040616656,2767.8940046972857,2788.345703125,242376.0
2025-12-17,2788.248041775457,2820.970852286635,2782.1124850838364,2790.488037109375,247800.0
2025-12-18,2804.122488514896,2839.86421624846,2785.6185721538805,2812.497802734375,426920.0
2025-12-19,2837.624215794944,2837.624215794944,2795.0652557947924,2814.73779296875,410473.0
2025-12-22,2827.1063442695167,2829.151609213988,2743.449254098383,2811.62158203125,923952.0
2025-12-23,2816.296293583589,2868.1072150768973,2788.540417308652,2861.679443359375,453003.0
2025-12-24,2857.394435663595,2868.107230071332,2808.9921303018814,2816.3935546875,351406.0
2025-12-26,2824.281962285559,2836.942536599253,2769.5493731903675,2776.171875,151986.0
2025-12-29,2776.171873412592,2799.64248773638,2718.127914562676,2738.871826171875,331924.0
2025-12-30,2737.5084086757006,2737.6058928214165,2700.7927884383457,2722.705322265625,308588.0
2025-12-31,2722.8999910932143,2744.715278046678,2703.714398352405,2718.32275390625,137856.0
2026-01-01,2716.082700799871,2766.7249989773354,2716.082700799871,2754.746337890625,96465.0
2026-01-02,2767.7964621003243,2770.036457529298,2727.0877966316034,2733.905029296875,124901.0
2026-01-05,2728.8408923493075,2743.7414629764053,2689.495815417636,2728.743408203125,166865.0
2026-01-06,2731.762547492981,2762.9270400134,2720.173346943434,2742.475341796875,378512.0
2026-01-07,2746.2732680375784,2805.7780627745765,2732.931017964989,2799.739990234375,376876.0
2026-01-08,2806.459725312435,2815.516952963412,2728.256284012063,2743.643798828125,404363.0
2026-01-09,2743.644004596269,2777.924899338804,2722.315899808507,2764.095703125,317088.0
2026-01-12,2764.679968671732,2775.0030637053533,2716.472396424527,2758.252197265625,219456.0
2026-01-13,2758.0575204055845,2803.343422488515,2731.762480486463,2798.668701171875,314103.0
2026-01-14,2801.006275196085,2807.628539704652,2701.27975555323,2715.985595703125,363314.0
2026-01-15,2715.985595703125,2715.985595703125,2715.985595703125,2715.985595703125,0.0
2026-01-16,2732.249402398897,2853.401267961966,2732.249402398897,2811.134521484375,1193508.0
2026-01-19,2799.934763899258,2832.0731455370583,2756.596643205861,2814.348388671875,273546.0
2026-01-20,2801.006227296187,2805.8756792140434,2729.327799958849,2742.18310546875,335776.0
2026-01-21,2732.736249611184,2758.4468590627025,2650.053056195926,2725.821533203125,1448566.0
2026-01-22,2736.632008041584,2814.445755441336,2707.512780357875,2736.7294921875,344252.0
2026-01-23,2773.542371366529,2803.8304578727502,2660.766053409416,2680.925537109375,1589967.0
2026-01-27,2693.585912524102,2751.240172298318,2680.925338279897,2732.833740234375,508935.0
2026-01-28,2742.475322514708,2783.378718660169,2735.658089823798,2759.713134765625,222958.0
2026-01-29,2756.499264103631,2758.057583833749,2685.50274979575,2700.4033203125,647094.0
2026-01-30,2680.1463902229066,2716.764764498135,2653.851349330458,2686.963623046875,550213.0
2026-02-02,2697.676333565385,2724.945264012977,2647.0340341627134,2689.30078125,265952.0
2026-02-03,2897.3238943204424,2897.3238943204424,2737.703355383523,2745.689208984375,614479.0
2026-02-04,2685.502691395762,2686.963526948652,2546.820798014571,2617.914794921875,1037616.0
2026-02-05,2603.306525470364,2615.772132387565,2561.3317540896346,2579.54345703125,500168.0
2026-02-06,2568.148915213201,2568.148915213201,2509.715492796519,2542.3408203125,857784.0
2026-02-09,2571.946982105288,2573.7975164673467,2537.568842269564,2546.82080078125,389909.0
2026-02-10,2564.740301992444,2587.626725799857,2532.7966501463025,2545.846923828125,442632.0
2026-02-11,2549.5475437559285,2563.961169007005,2479.5249201817105,2520.623046875,516056.0
2026-02-12,2483.3228556678764,2483.3228556678764,2393.627698995729,2399.665771484375,1136104.0
2026-02-13,2325.260668280841,2435.894468120959,2293.7064786405363,2394.2119140625,1725163.0
2026-02-16,2377.266448125349,2416.611524876409,2363.145037433904,2397.231201171875,506975.0
2026-02-17,2393.822509603653,2454.203712042802,2378.2402638129056,2400.83447265625,602309.0
2026-02-18,2414.8585930753648,2414.8585930753648,2339.4793377592537,2372.2021484375,403020.0
2026-02-19,2386.907883721992,2403.0745594513305,2300.329122360301,2314.645263671875,483838.0
2026-02-20,2298.5760405710525,2339.284706242926,2260.594315532137,2311.821044921875,686221.0
2026-02-23,2289.226716581022,2298.868135791144,2234.0069443729985,2249.491943359375,812362.0
2026-02-24,2171.775484415416,2218.327490782582,2152.979353073289,2164.958251953125,1348323.0
2026-02-25,2171.7755595519907,2262.7368264464744,2169.146103064519,2198.655029296875,667290.0
2026-02-26,2215.3084306415403,2244.525142447864,2192.324760013625,2202.453125,442818.0
2026-02-27,2257.477950269092,2296.7257809956923,2226.508187953745,2236.539306640625,861454.0
2026-03-02,2147.428157927324,2249.7841257767304,2147.428157927324,2196.609619140625,349774.0
2026-03-04,2145.3829534338083,2233.033084791848,2145.2857070586847,2208.004150390625,674633.0
2026-03-05,2237.415533284289,2238.973852907796,2142.46122677776,2173.333740234375,684794.0
2026-03-06,2171.7754979953856,2227.1897642503127,2152.2976908384767,2156.972412109375,287592.0
2026-03-09,2106.330059798772,2157.0696034891525,2078.574185307835,2130.579833984375,353945.0
2026-03-10,2163.984493710845,2191.2534252247538,2115.6794342082944,2144.701416015625,886101.0
2026-03-11,2161.9391911433554,2183.4622639633044,2120.938548204127,2127.85302734375,355907.0
2026-03-12,2122.1071907191704,2155.219464461461,2100.6816018271,2128.145263671875,423505.0
2026-03-13,2126.9766652224644,2128.1452861665966,2045.169870406216,2059.58349609375,322965.0
2026-03-16,2060.751983825787,2069.127535955377,2007.7724438093355,2026.7633056640625,314619.0
2026-03-17,2033.288294997714,2046.3383304189472,1977.48433108344,2019.946044921875,640515.0
2026-03-18,2030.56139525019,2127.9504309936046,2022.1858430697764,2068.348388671875,837977.0
2026-03-19,2046.1436139263185,2055.8825173719456,1984.3989423044209,1993.943115234375,260439.0
2026-03-20,2040.300274507872,2054.616415038291,2010.10967378723,2036.502197265625,863296.0
2026-03-23,2025.5944372842696,2035.820285926081,1985.762417205028,2009.72021484375,471389.0
2026-03-24,2044.7803826429608,2082.372409491192,2003.0003417477053,2061.53125,747214.0
2026-03-25,2084.027794886999,2098.149204487871,2046.0460725122407,2076.431640625,1105605.0
2026-03-27,2059.778049416738,2091.8189461900765,2042.3455076038024,2061.725830078125,648475.0
2026-03-30,2025.692013212372,2045.0723368861416,1960.441357017551,1999.39697265625,768221.0
2026-04-01,2054.908630666648,2108.180385055335,2046.1436175500603,2080.814208984375,867527.0
2026-04-02,2030.950846402068,2180.540499682382,2030.950846402068,2152.2001953125,777936.0
2026-04-06,2147.428159445939,2182.780425678492,2133.8911790801712,2176.839599609375,603188.0
2026-04-07,2162.0365675052312,2280.8511896834466,2149.473477151883,2267.314208984375,1130562.0
2026-04-08,2298.381375107398,2308.022795091405,2232.3515575404767,2289.421630859375,766370.0
2026-04-09,2278.903470546987,2338.1160527195684,2257.380398218673,2323.020751953125,695846.0
2026-04-10,2352.042735237611,2352.042735237611,2216.7692197510014,2265.95068359375,1026126.0
2026-04-13,2235.0785026815306,2274.6185486415548,2211.120703363295,2255.627685546875,229386.0
2026-04-15,2312.9895567641383,2351.750439837046,2284.4545222579773,2346.39404296875,1011941.0
2026-04-16,2354.8670149504883,2414.274330050562,2353.6983940099594,2378.045654296875,541426.0
2026-04-17,2371.4230710614625,2403.7561840664307,2339.771633768034,2397.912841796875,416448.0
2026-04-20,2407.4570377146256,2409.599549013719,2342.3038659023755,2353.89306640625,180997.0
2026-04-21,2360.710272194088,2376.292518215172,2325.844949168674,2355.8408203125,275259.0
2026-04-22,2327.500474795872,2334.41519145401,2264.4898160966823,2270.138427734375,998198.0
2026-04-23,2270.1384190495305,2298.5759698816387,2211.4127830498355,2217.54833984375,368085.0
2026-04-24,2206.8355868110207,2224.5603440591744,2074.386495987412,2118.99072265625,782576.0
2026-04-27,2130.774603153632,2215.600547804632,2127.950416243129,2205.76416015625,442985.0
2026-04-28,2210.7312228247984,2228.261250142352,2191.935090425512,2211.0234375,299847.0
2026-04-29,2224.365656213502,2276.955737402437,2173.7233558093417,2191.93505859375,698342.0
2026-04-30,2254.0692061531545,2287.8631536111548,2182.29353519549,2217.256103515625,1995620.0
2026-05-01,2217.256103515625,2217.256103515625,2217.256103515625,2217.256103515625,0.0
2026-05-04,2227.1898162539383,2246.3756469644327,2188.916114509903,2217.158935546875,270918.0
2026-05-05,2216.672007633036,2238.1948425519927,2137.299940996722,2152.10302734375,565587.0
2026-05-06,2186.0915625269467,2210.6335511362336,2133.988430197776,2160.57568359375,416557.0
2026-05-07,2169.8277908630785,2178.885019051431,2120.2568650741714,2135.839111328125,592910.0
2026-05-08,2141.5848538645987,2169.827673674546,2125.905124311909,2156.387939453125,271921.0
2026-05-11,2156.3881144877246,2163.9845072961025,2135.9364157239,2143.7275390625,214275.0
2026-05-12,2118.698385612298,2122.1070017233724,2067.082198787452,2090.45556640625,887823.0
2026-05-13,2087.046941988376,2105.161396927322,2071.464696971197,2089.189453125,314728.0
2026-05-14,2050.039101050967,2077.989705374291,2021.0171222809508,2059.87548828125,852974.0
2026-05-15,2078.282027431366,2115.2898610969664,2020.8224962137224,2028.808349609375,432690.0
2026-05-18,2021.3095638922323,2101.753007578578,2009.7203630168744,2092.403564453125,572487.0
2026-05-19,2110.7125204619297,2211.8023823869307,2103.700557769728,2162.5234375,1176450.0
2026-05-20,2142.5587077115124,2183.462101222369,2118.406180180435,2169.82763671875,471319.0
2026-05-21,2182.48826796723,2197.778298864274,2157.751548256053,2169.438232421875,209269.0
2026-05-22,2171.288495762363,2189.207982769376,2116.84812129579,2164.373779296875,396197.0
2026-05-25,2193.201034790692,2210.731060823655,2166.905995741248,2185.409912109375,190879.0
2026-05-26,2188.331568029854,2229.1374776854823,2182.0012808949214,2206.15380859375,297568.0
2026-05-27,2211.412711175809,2228.5532759848584,2166.029564736668,2174.599609375,241776.0
2026-05-28,2174.599609375,2174.599609375,2174.599609375,2174.599609375,0.0
2026-05-29,2239.9478419984234,2248.7128552932,2200.8947432118825,2212.094482421875,1301407.0
2026-06-01,2226.313271148358,2311.041728974214,2223.1968696781164,2250.173583984375,735924.0
2026-06-02,2262.541983418276,2367.040464134068,2262.34725290411,2325.35791015625,1126516.0
2026-06-03,2275.6895137894794,2296.433425619948,2221.443869312596,2228.748046875,595642.0
2026-06-04,2202.453076062369,2267.7037309799803,2186.383884925942,2255.4326171875,506785.0
2026-06-05,2267.703715233537,2294.1934856121634,2247.154533422556,2269.16455078125,341938.0
2026-06-08,2226.508221262717,2297.31000694494,2221.833499713185,2273.15771484375,396578.0
2026-06-09,2284.746777823582,2302.276804251896,2244.330328002747,2279.390380859375,232521.0
2026-06-10,2279.3904926576656,2299.355245958021,2234.10458883003,2237.805419921875,317814.0
2026-06-11,2227.482111521016,2231.182942654393,2175.671188952385,2218.32763671875,443663.0
2026-06-12,2238.9739652142607,2242.187850995082,2196.3175193676816,2211.12060546875,179663.0
2026-06-15,2235.9547966432524,2286.597095685452,2225.631701421295,2249.39453125,531551.0
2026-06-16,2260.3994275829605,2287.6683564809887,2240.337191930078,2266.4375,621307.0
2026-06-17,2274.910368482171,2300.134271151713,2259.4256070575234,2279.09814453125,651241.0
2026-06-18,2274.13144963238,2298.3812242221425,2227.481959243745,2275.59228515625,415284.0
2026-06-19,2117.9193139450026,2219.496125835516,2093.8642696561465,2208.29638671875,1187118.0
2026-06-22,2230.2090469404,2246.959914499547,2211.899859613148,2220.567626953125,386803.0
2026-06-23,2224.36556962554,2224.36556962554,2163.984367647964,2185.994384765625,912664.0
2026-06-24,2183.4620765222267,2214.626566463668,2176.937058993976,2202.0634765625,692224.0
2026-06-25,2225.729055893753,2238.876576475928,2188.7212201809634,2204.303466796875,370762.0
2026-06-26,2204.303466796875,2204.303466796875,2204.303466796875,2204.303466796875,0.0
2026-06-29,2210.731208785789,2233.520149047405,2145.2858214357693,2150.1552734375,693813.0
2026-06-30,2151.2264476180085,2161.3550506174247,2094.8382875641214,2105.16162109375,416895.0
2026-07-01,2122.886207473151,2130.2876313862344,2065.7188921548886,2071.27001953125,238074.0
2026-07-02,2102.337186274859,2191.448159034053,2100.1946749202307,2186.7734375,889024.0
2026-07-03,2211.7050301726163,2270.1384523700435,2208.783359062745,2236.63671875,1356520.0
2026-07-06,2258.3541860791497,2259.425560546231,2217.1588154252486,2246.959716796875,509967.0
2026-07-07,2267.2167126825016,2340.258488219953,2253.192786885789,2312.60009765625,1240074.0
2026-07-08,2323.0,2325.0,2232.300048828125,2241.89990234375,690474.0
2026-07-09,2241.0,2274.0,2194.300048828125,2261.300048828125,323700.0
2026-07-10,2292.199951171875,2363.0,2292.0,2321.89990234375,664698.0
2026-07-13,2322.0,2410.0,2300.199951171875,2390.39990234375,682431.0
2026-07-14,2400.0,2422.300048828125,2359.199951171875,2372.300048828125,366125.0
2026-07-15,2350.0,2368.89990234375,2324.0,2339.199951171875,245735.0
2026-07-16,2359.0,2392.0,2345.5,2352.0,311584.0
2026-07-17,2385.0,2407.89990234375,2352.800048828125,2394.199951171875,704251.0
2026-07-20,2402.10009765625,2458.60009765625,2398.0,2413.39990234375,662456.0
2026-07-21,2413.300048828125,2450.0,2375.199951171875,2380.10009765625,168717.0
2026-07-22,2355.10009765625,2363.5,2265.10009765625,2273.800048828125,434670.0
2026-07-23,2282.800048828125,2285.89990234375,2211.10009765625,2232.39990234375,559481.0
2026-07-24,2247.0,2340.0,2192.10009765625,2288.10009765625,2105429.0
2026-07-27,2332.10009765625,2368.5,2316.39990234375,2332.699951171875,726071.0
2026-07-28,2374.699951171875,2449.89990234375,2368.5,2413.5,1377173.0
2026-07-29,2455.0,2472.0,2345.0,2361.300048828125,847189.0
2026-07-30,2346.10009765625,2420.0,2337.300048828125,2346.699951171875,1000809.0
2026-07-31,2324.60009765625,2351.800048828125,2222.300048828125,2342.300048828125,568913.0
2026-08-03,2361.0,2429.0,2339.89990234375,2429.0,423329.0
2026-08-04,2429.39990234375,2441.800048828125,2375.39990234375,2380.0,244238.0
2026-08-05,2403.800048828125,2484.0,2390.699951171875,2460.0,858129.0
2026-08-06,2456.800048828125,2458.0,2395.800048828125,2421.89990234375,179783.0
2026-08-07,2415.0,2498.0,2405.10009765625,2475.0,608641.0
2026-08-10,2487.39990234375,2518.699951171875,2480.0,2508.0,598933.0
2026-08-11,2519.0,2540.800048828125,2498.5,2530.0,536301.0
2026-08-12,2536.0,2540.10009765625,2472.0,2537.60009765625,366804.0
2026-08-13,2526.10009765625,2541.0,2496.10009765625,2541.0,306155.0
2026-08-14,2537.0,2556.89990234375,2501.0,2545.0,370677.0
2026-08-17,2535.199951171875,2546.0,2482.0,2510.0,383371.0
2026-08-18,2504.39990234375,2504.39990234375,2432.0,2432.0,504720.0
2026-08-19,2449.5,2472.5,2385.0,2424.5,438635.0
2026-08-20,2452.10009765625,2468.699951171875,2415.300048828125,2430.0,422908.0
2026-08-21,2432.0,2436.699951171875,2386.39990234375,2430.0,241512.0
2026-08-24,2430.0,2461.800048828125,2418.0,2427.0,188790.0
2026-08-25,2436.699951171875,2443.60009765625,2400.5,2431.89990234375,78365.0
2026-08-26,2415.60009765625,2452.0,2385.800048828125,2400.0,378910.0
2026-08-27,2391.199951171875,2419.199951171875,2385.300048828125,2413.60009765625,136275.0
2026-08-28,2426.300048828125,2482.0,2425.10009765625,2455.0,956656.0
2026-08-31,2443.699951171875,2443.699951171875,2387.10009765625,2427.39990234375,354361.0
2026-09-01,2422.699951171875,2523.0,2407.10009765625,2505.5,932222.0
2026-09-02,2505.5,2515.0,2428.0,2480.0,900566.0
2026-09-03,2481.199951171875,2489.300048828125,2432.0,2471.0,408569.0
2026-09-04,2482.0,2502.699951171875,2417.300048828125,2422.0,160732.0
2026-09-07,2409.89990234375,2409.89990234375,2340.300048828125,2369.10009765625,382610.0
2026-09-08,2374.0,2374.0,2335.10009765625,2355.0,346120.0
2026-09-09,2325.699951171875,2326.60009765625,2286.800048828125,2307.5,288892.0
2026-09-10,2320.0,2329.0,2290.199951171875,2291.699951171875,454003.0
2026-09-11,2275.0,2309.199951171875,2273.300048828125,2295.0,184932.0
2026-09-14,2295.0,2295.0,2295.0,2295.0,0.0
2026-09-15,2353.0,2461.10009765625,2353.0,2378.0,1176828.0
2026-09-16,2379.0,2393.89990234375,2316.699951171875,2316.699951171875,158994.0
2026-09-17,2304.0,2325.10009765625,2288.0,2320.0,261279.0
2026-09-18,2322.89990234375,2327.89990234375,2275.0,2300.39990234375,650262.0
2026-09-21,2300.39990234375,2313.699951171875,2257.10009765625,2296.199951171875,206512.0
2026-09-22,2298.39990234375,2306.5,2254.5,2265.0,506297.0
2026-09-23,2265.0,2274.300048828125,2229.89990234375,2259.0,219169.0
2026-09-24,2230.0,2277.0,2230.0,2248.2,151071.0
