Date,Open,High,Low,Close,Volume
2021-09-23,105.7823309498182,107.64708094642702,105.65518743487038,106.96898651123048,11053966.0
2021-09-24,107.22326475945516,107.39278512097654,105.06184458272752,105.31613159179688,8598140.0
2021-09-27,106.20612901766243,108.3251658578649,105.52803464208276,107.51992797851562,8490460.0
2021-09-28,108.07086794121984,113.2836928684847,107.9437244502846,111.8427505493164,35900138.0
2021-09-29,111.37657398925796,122.26842879922168,110.69849252995228,119.21701049804688,75859390.0
2021-09-30,120.149379477731,121.37841816256982,117.90320577556258,120.23414611816406,34614825.0
2021-10-01,119.47128153260456,122.35317908349464,116.71653393850886,118.58128356933594,22452069.0
2021-10-04,121.59031960384148,126.59125382563953,119.08985895972909,123.3703155517578,58612212.0
2021-10-05,123.3703140192421,125.31983028713027,122.2260290764284,123.2431640625,24390676.0
2021-10-06,124.13315368841184,124.85363126084285,121.039365619067,121.46317291259766,14421296.0
2021-10-07,122.22602294440196,123.45506152981037,120.57317705826154,121.03936767578124,10035682.0
2021-10-08,121.67508002966169,121.9717373834508,118.92033254314424,119.59842681884766,10686586.0
2021-10-11,120.36128775746704,124.38745759442456,119.89509708436768,122.73461151123048,17449923.0
2021-10-12,123.75173607647405,123.96363973413922,121.88698647573489,122.52269744873048,16030831.0
2021-10-13,123.3279460565598,124.81127186823664,122.64985167022115,124.04842376708984,19100941.0
2021-10-14,125.02315858376372,127.65076912403808,124.47221424478984,126.63362121582033,29263867.0
2021-10-18,128.20170729827203,128.58313127872597,126.04028749760325,126.7607650756836,25346029.0
2021-10-19,127.94745237156054,128.9222171585493,125.53175793474604,126.84555053710938,20234486.0
2021-10-20,127.6931688998786,127.6931688998786,123.15843732187476,123.9636688232422,16129487.0
2021-10-21,125.19270801398592,125.9131857941231,123.66699873071514,125.36222839355467,20818539.0
2021-10-22,125.31985576892323,125.5317594730076,122.05653355259376,122.8193817138672,11379569.0
2021-10-25,122.64986570416248,123.96367130297764,121.33606010534731,121.97177124023438,14079380.0
2021-10-26,123.15843717024984,123.45509460008532,120.74272973554577,121.3784408569336,16224116.0
2021-10-27,122.05651669606296,122.52270736738076,119.38653556676614,119.76795959472656,15072448.0
2021-10-28,119.76795919220926,120.23414986196028,115.52988571006156,116.41988372802734,19999659.0
2021-10-29,111.0375294334175,116.03845115813404,108.96087593530892,112.43608856201172,29217522.0
2021-11-01,112.9022744267665,114.68227045401215,110.95275804777692,113.83465576171876,10043407.0
2021-11-02,114.42797153345198,119.34413882308516,114.42797153345198,115.82653045654295,21525811.0
2021-11-03,116.92844332486708,117.77605801070676,114.89417325228136,115.91130828857422,9808728.0
2021-11-04,117.22512331083269,117.22512331083269,116.08083821710228,116.25035858154295,1026849.0
2021-11-08,117.5641452958539,119.1746208352108,115.74177903491008,118.92033386230467,12765483.0
2021-11-09,119.30177892416393,119.85272335144944,117.01322163098376,117.39464569091795,9556650.0
2021-11-10,117.1403517481474,117.18273507087342,115.91131299053843,116.4622573852539,5479056.0
2021-11-11,116.54700804333072,116.75891169431858,113.87702721431248,115.82653045654295,11418813.0
2021-11-12,117.14035398698294,117.14035398698294,114.1313190859654,115.6570281982422,9306659.0
2021-11-15,116.37750855505456,116.67416595943205,115.275606785828,116.25035858154295,3991733.0
2021-11-16,116.7165405420868,116.80130718474568,113.58036876731596,113.83465576171876,5762128.0
2021-11-17,113.58037468072004,116.97083362641318,113.58037468072004,115.6570281982422,15264066.0
2021-11-18,115.78416017881356,116.63177478353818,114.216067986644,114.68225860595705,9942974.0
2021-11-22,114.42797563986676,116.03843827173942,109.93561549099444,110.3170394897461,15990636.0
2021-11-23,110.23230209994244,113.36847412452268,108.62182629615948,113.15657043457033,11510010.0
2021-11-24,114.0041926438097,116.37751671307257,113.198961156089,114.72467041015624,7570759.0
2021-11-25,114.85180594882866,115.86894112697404,112.1394411625825,114.59751892089844,13919886.0
2021-11-26,112.90227264843168,113.62275029896227,108.49467890464518,109.21515655517578,13323593.0
2021-11-29,108.3251683707441,109.6389738288616,105.99422779244928,107.2232666015625,16077669.0
2021-11-30,108.3251613140946,109.72372039653496,105.69755056903062,107.85897064208984,22883512.0
2021-12-01,110.18991098880184,112.69037176683293,106.67230869080193,108.24039459228516,17010938.0
2021-12-02,108.24039796895642,110.44420143091196,107.30802306332215,109.0880126953125,12916313.0
2021-12-03,109.0880065762482,110.4018119151198,107.1384966950552,107.64706420898438,12827354.0
2021-12-06,107.64705898954664,108.15562647881713,105.10421507640775,105.40087890625,8158812.0
2021-12-07,106.03660095711616,107.13850268792068,105.1042260516285,106.24850463867188,8701301.0
2021-12-08,105.8246940674671,108.19801781565812,105.8246940674671,107.85897064208984,12093435.0
2021-12-09,107.85897777252676,108.19802496850907,106.50279545538488,106.8418426513672,11518172.0
2021-12-10,106.88421427274818,107.39278180841268,105.44327184390092,106.92659759521484,8389566.0
2021-12-13,108.15562338362156,109.00324446386382,106.37563398872136,106.62992095947266,13223189.0
2021-12-14,105.95183657069852,108.02848998076944,105.95183657069852,107.09611511230467,11649242.0
2021-12-15,106.92660749170182,108.87611763664856,106.71470379333014,107.39279174804688,11916145.0
2021-12-16,108.11326563919258,108.6642100618748,107.0113638602532,107.98612213134766,10758513.0
2021-12-17,107.98611571057316,108.24039624435623,105.18898457145008,106.41802978515624,13041775.0
2021-12-20,105.5280305835011,106.33326196509417,100.95090989134124,103.19709014892578,14185935.0
2021-12-21,104.72279912137128,105.6975508561963,102.43423554365788,103.5785140991211,10168470.0
2021-12-22,104.29900577257092,105.01947707334564,103.11234373593663,103.8751983642578,7885198.0
2021-12-23,104.341366507891,106.29088287155838,104.08708598227362,105.5704116821289,9836979.0
2021-12-24,105.7823197581066,105.95184011557669,102.4766210531432,102.77328491210938,8509575.0
2021-12-27,102.77327758981006,103.53613207764846,102.22232676710529,103.28184509277344,5097217.0
2021-12-28,103.4089980748228,105.6127951010927,103.36661475119196,105.1889877319336,6511374.0
2021-12-29,105.61280507422238,105.73994859033388,103.57852821680228,104.3837661743164,8960770.0
2021-12-30,104.46852165362225,108.36754834895976,103.62090687347116,107.56231689453124,32394253.0
2021-12-31,107.47755213070832,107.47755213070832,105.10422826068758,105.44327545166016,9155163.0
2022-01-03,106.29089379446197,107.26565207646594,105.69755957347418,106.7994613647461,9034081.0
2022-01-04,107.64707314827297,112.98704865494156,107.4351694609732,112.6479949951172,33986738.0
2022-01-05,112.393721118587,112.60562480626642,110.7832453320787,111.88514709472656,16122852.0
2022-01-06,112.18181816186564,112.18181816186564,109.59659056861705,110.95276641845705,8037648.0
2022-01-07,111.2918223020686,112.0546704244788,109.7237297983004,111.3342056274414,8820039.0
2022-01-10,111.84275694461763,112.13942726269264,110.82562189254804,111.75800323486328,7324926.0
2022-01-11,112.01228484089812,113.58037731305302,111.03753304485036,112.13943481445312,11971883.0
2022-01-12,113.02942446509796,113.74988919387695,112.18180977224708,113.45323181152344,10439580.0
2022-01-13,113.91941417168496,115.8265473080429,113.15656609057152,114.38560485839844,15114699.0
2022-01-14,113.91942598885989,115.4027519154522,112.9870574522901,114.72467041015624,9344382.0
2022-01-17,114.1313055419712,116.4198754055884,113.96178520151844,115.78416442871094,9803141.0
2022-01-18,115.78415941831103,116.75891103391297,113.91939695330716,114.42797088623048,6473378.0
2022-01-19,113.66513331159798,114.68226833685792,112.69036867331144,114.25846099853516,21136414.0
2022-01-20,114.00417524148816,115.57226758366674,113.70750492802507,114.3432159423828,8466412.0
2022-01-21,113.62275492224248,115.36036767149244,112.35133285209484,113.6651382446289,12437749.0
2022-01-24,112.73274796048918,114.63988091470796,111.03751866785024,112.39370727539062,14284658.0
2022-01-25,111.20703355315707,114.97891595746718,111.07989653587735,114.68225860595705,10007486.0
2022-01-27,113.7498766201902,115.27558548538774,112.85987870436058,114.42797088623048,18760325.0
2022-01-28,118.66605297625334,122.05651163271772,116.97082364802117,118.7931900024414,34009553.0
2022-01-31,120.36128031603364,121.54793565276243,117.43701235985873,120.4036636352539,27928927.0
2022-02-01,122.0565229245073,122.18365996245718,119.04748800180629,119.64081573486328,17413984.0
2022-02-02,120.36129343944472,120.99700449634318,119.30177501128058,119.64081573486328,10783943.0
2022-02-03,119.9461260875168,120.90570042053004,118.89932619472776,119.2046356201172,9571728.0
2022-02-04,119.50997858880302,119.90252695120778,116.80573287306352,117.06743621826172,7213085.0
2022-02-07,117.06742496443812,118.9429543324075,117.06742496443812,117.8961410522461,10562489.0
2022-02-08,118.15782995401382,118.33229437582368,115.84614641577332,117.7652816772461,8721631.0
2022-02-09,118.02700570724846,118.2887090413457,116.7621217883604,117.80892181396484,5144026.0
2022-02-10,117.89615057623028,119.37913173933045,117.15467330546508,119.03018951416016,6081460.0
2022-02-11,117.28551988380347,120.12061061102082,117.28551988380347,119.6408233642578,8426925.0
2022-02-14,117.50359289586578,119.0301800690398,114.9738251903481,115.58445739746094,7705072.0
2022-02-15,115.2355346887162,118.46317365145173,113.97063745736048,118.07062530517578,12674466.0
2022-02-16,117.67805900316844,119.24826563707812,115.88978179507704,116.1950912475586,12946623.0
2022-02-17,117.329146304373,117.67807524416092,115.54085553869194,115.80255889892578,5811964.0
2022-02-18,115.80254217063326,116.9802004661736,115.06105164221394,115.45361328125,6760078.0
2022-02-21,115.49721598017142,117.02380311976998,114.40679659474388,115.10466766357422,12212740.0
2022-02-22,114.3195720842148,115.58445592081416,111.57171387652842,115.23552703857422,13578566.0
2022-02-23,115.14828578282804,116.4131695932858,113.27276978567868,113.5780792236328,9263264.0
2022-02-24,110.7866104372937,112.53128146780226,107.86428779227022,108.51853942871094,18045779.0
2022-02-25,109.0419309982022,114.27594368611592,109.0419309982022,113.70893096923828,10424521.0
2022-02-28,112.4876727339086,116.84935072522562,112.35682771848306,116.45680236816406,13262687.0
2022-03-02,115.8461640482958,117.7652996018732,113.79617017535692,114.23233795166016,12587947.0
2022-03-03,115.23552703857422,116.41317199922176,113.62170100895128,115.23552703857422,15628119.0
2022-03-04,115.14828578282804,116.32594402992032,113.18553091152984,113.5780792236328,15883138.0
2022-03-07,112.53128016485358,113.83978342258445,110.69937693510872,113.44723510742188,14985637.0
2022-03-08,113.83979041554105,118.46317153901872,113.83979041554105,116.67488098144533,28572640.0
2022-03-09,116.84934717418534,116.84934717418534,114.36319878115938,114.71212768554688,14286413.0
2022-03-10,115.93337794009454,117.76528774036898,115.1046619107448,115.97699737548828,13101323.0
2022-03-11,115.93338373434244,116.36955148851344,114.712119346977,115.10466766357422,8669803.0
2022-03-14,115.10467221131012,115.93338831482056,114.05787222209776,115.27913665771484,5670284.0
2022-03-15,114.5376639724706,115.9770123508378,113.97063786070127,114.319580078125,6895190.0
2022-03-16,115.497236093522,116.02064281398968,114.75575876877627,115.80255889892578,5561866.0
2022-03-17,116.4568097315027,117.15468091639544,115.06106736171722,115.93340301513672,13995384.0
2022-03-21,115.93340301513672,116.36957084184648,114.88660289319049,115.93340301513672,9172207.0
2022-03-22,116.2823417660728,117.02381906270983,114.93021888177718,115.8897933959961,10343712.0
2022-03-23,115.93339027143595,116.67488081965026,115.32275804332176,116.41317749023438,11892811.0
2022-03-24,116.45679508617384,118.37593062019369,116.32595007892996,118.11422729492188,11276181.0
2022-03-25,118.6376531880508,118.76849821651724,117.06744629252228,117.54723358154295,7266868.0
2022-03-28,118.20146779812625,118.20146779812625,116.71850001558332,117.59083557128906,7778682.0
2022-03-29,117.76529308799034,118.02699640145369,116.80571870888592,117.19828033447266,5116935.0
2022-03-30,117.76529710485627,118.59401320010406,116.41317436482892,118.0270004272461,24047012.0
2022-03-31,117.15464954552051,118.28868825345783,117.15464954552051,117.7652816772461,11615450.0
2022-04-01,120.38229752002776,125.13652327442294,119.33549759505372,124.70035552978516,32589741.0
2022-04-04,123.74078682702344,127.3609735593636,123.43546410034212,125.87800598144533,15437496.0
2022-04-05,126.83754949117106,131.37370377831348,126.27053686066854,130.06520080566406,23958626.0
2022-04-06,131.15564719175774,135.47370523624457,129.36735676220326,133.4673309326172,52737388.0
2022-04-07,133.42370101176232,137.82899758404164,132.769449440952,133.9034881591797,37738903.0
2022-04-08,135.12475894220273,135.12475894220273,131.89712036623078,132.63861083984375,17585569.0
2022-04-11,132.98756977722175,134.86309944781706,132.46417636347277,133.55459594726562,15583159.0
2022-04-12,133.2056185015231,133.99072838090228,131.59180593034483,133.11839294433594,11306524.0
2022-04-13,133.51096954904784,136.25882143279455,133.2492662004088,134.2960662841797,19454061.0
2022-04-18,135.12474144009022,142.84491467185887,134.7758126216928,142.36512756347656,82098517.0
2022-04-19,143.84815871987897,145.11305619606523,139.13755103122443,140.14073181152344,38522118.0
2022-04-20,141.44922094099584,142.36517603965362,138.70136895580828,140.00987243652344,20047692.0
2022-04-21,140.96942451589396,142.53961779390596,139.87900512239474,141.92898559570312,21966151.0
2022-04-22,140.66411871670968,142.19070605161969,139.44285417309572,139.96624755859375,9922564.0
2022-04-25,138.3524549708017,140.35881654277043,135.56096992829578,136.17161560058594,12008027.0
2022-04-26,137.48008694814422,138.22156417347745,136.08434475455314,136.95668029785156,11735823.0
2022-04-27,136.78221607973555,139.22475826720623,135.38647388381395,135.77902221679688,17873048.0
2022-04-28,137.82899836892426,139.6609081019381,135.4300759289588,139.3119659423828,29123808.0
2022-04-29,139.9226264788519,140.44603316901316,135.82265177520543,136.25881958007812,28941216.0
2022-05-02,134.86306996732537,138.13432800362094,133.4673278808594,137.39283752441406,13368198.0
2022-05-04,137.82902903700062,141.23113265727068,137.21839676038616,138.3960418701172,24511385.0
2022-05-05,139.2247613233589,140.22794189753452,136.9566835328953,138.17794799804688,33396072.0
2022-05-06,136.47689662522887,139.87901331876762,136.12796772317668,138.70135498046875,22604305.0
2022-05-09,138.65773554001612,139.39922609535753,136.04072884227142,138.70135498046875,22958742.0
2022-05-10,138.65774312925882,140.66411770283614,134.7758523106244,135.6045684814453,20322427.0
2022-05-11,134.38330198537895,136.91306990376114,130.8939595816601,133.07479858398438,13794764.0
2022-05-12,131.80989202305588,133.46732405630476,129.10564679956278,129.58543395996094,11818556.0
2022-05-13,130.85032212294806,130.85032212294806,125.18014149762033,125.74715423583984,22913410.0
2022-05-16,125.09292773092652,129.8907738383451,123.56634033311153,129.32376098632812,16286682.0
2022-05-17,128.66950735301276,131.5045981929944,127.62270724348431,131.28651428222656,13925542.0
2022-05-18,131.28651084000816,131.63543976377383,128.4078006311931,129.54183959960938,17611218.0
2022-05-19,128.6694841127138,129.58543903465585,127.14289701307142,129.10565185546875,11701170.0
2022-05-20,131.67906421295112,131.67906421295112,128.80035389469683,130.5014190673828,17841739.0
2022-05-23,134.68861223848688,135.51734171279273,129.45459860262673,130.98118591308594,26055890.0
2022-05-24,130.98117819893565,132.46415929038372,127.62269430019468,128.14608764648438,16581141.0
2022-05-25,129.45456202677562,133.59815498444183,128.58222666726695,133.1619873046875,19926619.0
2022-05-26,133.59819962731393,135.29926479540492,131.37375436587618,134.4705352783203,22698086.0
2022-05-27,135.21200335784644,135.21200335784644,130.41415807740674,131.2428741455078,10245727.0
2022-05-30,130.8939597365222,133.03117929917158,129.80354023406997,131.63543701171875,12513990.0
2022-05-31,131.80989678541664,137.8290062928811,131.1556451732669,136.08433532714844,124665699.0
2022-06-01,136.47688854939403,139.74814672800264,136.3024241086916,136.78221130371094,16084988.0
2022-06-02,135.64821565230338,138.9630943239706,134.5577959123331,138.74501037597656,17646975.0
2022-06-03,138.7013633481918,139.0939117143787,134.9503175263038,135.21202087402344,14063328.0
2022-06-06,135.90985062778697,138.39599839678715,134.8630508665879,135.38644409179688,18485464.0
2022-06-07,135.38648351381676,137.56732253082666,133.90351564440704,137.17477416992188,14911957.0
2022-06-08,136.17157387241787,139.35559305291298,136.17157387241787,137.0002899169922,16416591.0
2022-06-09,135.4737080450722,137.82901127173628,134.9503014121319,135.3428497314453,13821409.0
2022-06-10,134.4269188894904,136.6077578506386,134.3396800067306,135.4300994873047,7908849.0
2022-06-13,134.33966332284996,135.1247599270469,128.88756659708494,129.8907470703125,19208167.0
2022-06-14,129.89077041481497,132.98756457377465,129.89077041481497,132.0716094970703,17034328.0
2022-06-15,133.07479578015955,134.07797637577818,128.71311786740955,129.23651123046875,15172295.0
2022-06-16,130.93756226457538,130.98116839041256,123.87163947713002,124.70035552978516,18494040.0
2022-06-17,123.08654970664008,126.00886577176992,121.73442696090706,122.51952362060548,21387729.0
2022-06-20,122.5195212363866,123.34823731900462,117.76529531009862,119.7280502319336,16578770.0
2022-06-21,120.55676400309622,123.21738995272771,120.16421568841236,122.0833511352539,51398446.0
2022-06-22,122.0833627323712,122.0833627323712,119.1174270610338,120.07698822021484,8317317.0
2022-06-23,120.2950635436878,121.3854829496704,118.3323086129191,119.07379913330078,11257409.0
2022-06-24,120.2950437182822,120.2950437182822,117.72165700643085,119.16101837158205,21879039.0
2022-06-27,119.72806193768334,121.29826869082636,119.29189413463166,120.8184814453125,12872030.0
2022-06-28,120.8184770606245,121.51634818233735,119.64081871081002,120.9057159423828,14272044.0
2022-06-29,120.2078416860766,124.83122277223032,119.33550613437906,123.653564453125,53487394.0
2022-06-30,124.13334496496752,125.57269322322364,123.13015114822176,124.65673828125,19270932.0
2022-07-01,123.87167406661013,124.91847428388888,121.90891866766736,122.69401550292967,9592229.0
2022-07-04,121.55998900798514,124.04613784604447,121.55998900798514,123.3482666015625,17526429.0
2022-07-05,123.3482661263351,125.8344282656028,122.30146591903858,122.86849212646484,11370649.0
2022-07-06,123.43546418840646,123.8716319063867,118.7248581585329,121.21100616455078,15929985.0
2022-07-07,122.12697529075626,124.52589801968185,121.6908075218607,122.51952362060548,18144208.0
2022-07-08,122.99931845135924,125.79078968313384,122.99931845135924,125.35462188720705,15375888.0
2022-07-11,125.6163377790011,128.23334481606364,125.2674088317072,126.314208984375,16779135.0
2022-07-12,125.65994566109084,129.1929074981571,125.65994566109084,128.32057189941406,19138561.0
2022-07-13,128.88758352030314,130.28332578967616,128.66949962263763,129.6290740966797,13644449.0
2022-07-14,129.9780028560584,130.23970619510672,128.23333167678243,129.36737060546875,9775869.0
2022-07-15,129.49820905361784,130.98117681865415,129.2365057278387,130.6322479248047,11518139.0
2022-07-18,132.07158632523823,132.20244463368584,130.23968980401946,130.6758575439453,8286352.0
2022-07-19,130.67586156749977,131.89712595258212,130.1960743766519,131.50457763671875,6798359.0
2022-07-20,132.68223129324124,132.8130762903964,130.981166465526,131.33010864257812,7271345.0
2022-07-21,131.72267240509055,131.94075629980097,130.85033682624888,131.59182739257812,7521568.0
2022-07-22,131.72263147375526,132.07156027255235,129.2364705222894,129.93434143066406,6800124.0
2022-07-25,130.15245111571,131.2428704670661,128.53863846217277,130.93756103515625,7996687.0
2022-07-26,130.85031127929688,131.6790272552427,130.10882085773474,130.85031127929688,5774871.0
2022-07-27,130.45776280132634,131.3300982084756,130.0215950977517,130.58860778808594,5403197.0
2022-07-28,130.89395158078725,131.67904824932108,130.0216160331789,131.15565490722656,6030744.0
2022-07-29,131.67905019251373,134.7322246541987,131.24288241227302,133.42372131347656,11771461.0
2022-08-01,133.38009464074247,137.567307766158,131.72266249001598,136.5205078125,14221965.0
2022-08-02,137.0439327137109,139.66093960211438,136.5641454553465,139.18115234375,18278835.0
2022-08-03,139.61728321036793,140.40237974480803,137.13112200000458,139.26834106445312,10147608.0
2022-08-04,139.3119954708852,140.00986662713387,133.51096893806258,134.9503173828125,15754128.0
2022-08-05,134.68858418113172,137.08750659784138,133.46731991148334,135.7353973388672,33864055.0
2022-08-08,135.6481595927722,139.5736690343637,135.16837244331012,139.05026245117188,16964235.0
2022-08-10,139.49480466506958,139.71707173022494,137.80558039633075,138.47238159179688,14055597.0
2022-08-11,138.87245817551687,139.45036067867326,135.89408767255964,136.60533142089844,15810624.0
2022-08-12,136.64976766366476,141.36183142436417,135.67180086894413,140.91729736328125,17998843.0
2022-08-16,141.3618544691191,142.07311179602124,139.53926180834026,141.13958740234375,8309725.0
2022-08-17,141.36185503025436,145.49601706224425,141.36185503025436,143.54006958007812,19674110.0
2022-08-18,143.54007770287308,144.60695697478235,142.16201909219168,142.96218872070312,9585888.0
2022-08-19,143.1844467864462,143.7178796057644,139.7170724134048,140.25051879882812,9599472.0
2022-08-22,139.85044803586118,141.3174053225934,138.69465651832067,139.13919067382812,11400211.0
2022-08-23,139.09472697393005,141.53966469613948,138.38346965061174,141.05067443847656,14362373.0
2022-08-24,141.27295077124964,144.91813631355444,140.4727947088442,142.96218872070312,20602844.0
2022-08-25,143.45117743400547,143.98461028104504,140.8728711919439,141.27294921875,12889454.0
2022-08-26,141.36184790852795,146.4295340825939,141.27293565950217,145.27374267578125,30724938.0
2022-08-29,143.85127941266632,145.27378080773022,142.87329868109703,143.09556579589844,10928330.0
2022-08-30,143.85125759975534,147.09635155734168,143.6289905186575,145.8072052001953,24663153.0
2022-09-01,143.58454845805045,146.02948658968907,142.51766907746597,142.873291015625,14554158.0
2022-09-02,144.91812122626715,147.94094777632418,143.36225182659868,143.8512420654297,25106698.0
2022-09-05,144.5625301929881,146.7852012379842,144.2068946861243,146.2517547607422,15226001.0
2022-09-06,147.4075242773009,150.1191852581362,146.5184559928372,149.7635498046875,27866331.0
2022-09-07,149.80802929687445,151.27498676859076,148.16324728764678,148.74114990234375,19415892.0
2022-09-08,149.36347962590355,150.4303589100102,147.54088683391385,148.29660034179688,11595205.0
2022-09-09,149.0523159243756,150.56374309874323,147.54090231611548,148.11880493164062,16415150.0
2022-09-12,148.87448819890412,149.45239074939414,147.14080767964612,147.9409637451172,15469466.0
2022-09-13,148.42993909737575,150.20807556710437,147.2741476788312,148.83001708984375,15644741.0
2022-09-14,146.69626910004578,153.85327160875397,146.69626910004578,153.23092651367188,38751148.0
2022-09-15,155.0534989098948,156.60936836281104,153.4976294569786,155.6758575439453,29483891.0
2022-09-16,154.6534351280981,155.32023638352203,152.2974094520428,153.63101196289062,26126152.0
2022-09-19,154.25334078247784,154.7867871568707,151.63059216827338,152.03067016601562,13304030.0
2022-09-20,152.83084106445312,153.9421764810536,151.94177273117276,152.83084106445312,15395199.0
2022-09-21,152.03070093589045,152.96422549696393,149.49685049384925,149.89694213867188,7370283.0
2022-09-22,148.47440323339768,150.83042875646754,148.34104841741464,149.9413604736328,7447846.0
2022-09-23,148.60777241451913,149.80802013880984,144.6069647550257,145.76275634765625,12264388.0
2022-09-26,144.42916136301088,145.67386528418794,139.22811927278332,141.00625610351562,21951865.0
2022-09-27,141.7174840824204,143.71788779255178,140.02825970919628,141.3618621826172,8367800.0
2022-09-28,140.29497465472735,141.76193186265468,137.80558080439468,140.42832946777344,14261815.0
2022-09-29,141.13958800696503,143.76233669292853,140.4727868037825,141.85084533691406,17623352.0
2022-09-30,142.250952945582,143.6290117654639,139.93936953377306,141.9397735595703,12015533.0
2022-10-03,142.1175995565629,145.89614053280943,141.3174297983987,142.5621337890625,10528629.0
2022-10-04,143.98461995725538,145.8072128308625,143.45118707436748,144.51806640625,9013773.0
2022-10-06,146.0294712890277,146.7851847860678,144.3846894736374,144.8292236328125,6456408.0
2022-10-07,145.0070495538751,146.5629191260579,143.45117998169238,146.0739288330078,8825983.0
2022-10-10,144.65142088668586,147.2297272958012,143.89572091289,145.76275634765625,10484521.0
2022-10-11,146.1628188204507,146.1628188204507,142.5176470366816,143.1844482421875,13805741.0
2022-10-12,143.94012662219447,146.9629664416919,143.27332551634842,146.6962432861328,12496248.0
2022-10-13,146.56292654586636,148.29660715798852,146.02948009624106,146.47401428222656,9447511.0
2022-10-14,147.80760992104064,148.9189453339808,146.5629196849901,146.78518676757812,9588164.0
2022-10-17,146.7851791913974,150.29699620180787,145.80719865204517,149.7635498046875,13426449.0
2022-10-18,150.20806802102447,150.65260211612434,147.94094142279437,148.429931640625,20635735.0
2022-10-19,148.02986862559564,149.45238330009155,145.6738431099487,145.85165405273438,6947654.0
2022-10-20,145.80718319275658,149.27454370809397,143.58451271725724,148.429931640625,12020720.0
2022-10-21,148.9189682044931,149.7635805348193,146.2517628038156,146.74075317382812,7414335.0
2022-10-24,148.429931640625,149.31899983082474,147.807586620706,148.429931640625,685185.0
2022-10-25,148.8745129835531,150.87491704636437,147.096376038832,150.56375122070312,8131380.0
2022-10-27,151.0526964657193,152.47521115071035,148.96339413188883,151.71949768066406,16225577.0
2022-10-28,151.719499732922,155.32022905555084,151.05269850895763,154.74234008789062,16185760.0
2022-10-31,151.05270604529275,154.6978916779396,150.29700609342638,153.89773559570312,24233760.0
2022-11-01,154.69790812748727,162.65506793001865,154.2533739087301,161.6326446533203,41101936.0
2022-11-02,161.72153486548874,162.43279229137394,160.032310349355,160.87692260742188,22146420.0
2022-11-03,159.45440501983813,161.67707576967638,157.58735616353175,158.38751220703125,16719953.0
2022-11-04,159.187681790571,159.58775981225523,156.78720009435986,157.3206329345703,14881752.0
2022-11-07,158.12080323330707,159.58776050791244,155.4535983223113,156.34266662597656,12799401.0
2022-11-09,158.03191229768683,158.03191229768683,153.1420359678006,154.16445922851562,14929008.0
2022-11-10,154.25337262670868,154.87571781457473,151.63062347106109,153.00868225097656,10668583.0
2022-11-11,153.80881417802738,154.34226057849742,150.83042997992973,152.43075561523438,16963169.0
2022-11-14,153.23092521593944,154.16443606760376,152.11958985338143,152.43075561523438,10224241.0
2022-11-15,153.18649322378005,154.83126167984696,152.38632349700288,153.00868225097656,13899999.0
2022-11-16,153.00868857092647,153.76438862808206,150.38592574083927,151.09718322753906,9781274.0
2022-11-17,151.09717597934417,151.85288956635608,148.9189610532789,149.63021850585938,12778124.0
2022-11-18,149.85246224868044,150.29699639147327,146.78517937663108,147.4519805908203,11134908.0
2022-11-21,146.69625764262096,147.76313680316457,145.94054422226262,146.16281127929688,12788632.0
2022-11-22,146.91854932991492,148.91895317858246,146.56292740548344,148.5188751220703,15198091.0
2022-11-23,149.23011752247132,149.58573941112243,147.8076028356559,149.40792846679688,12004998.0
2022-11-24,149.98582513955117,151.14161668625553,149.00785811242145,150.69708251953125,10986350.0
2022-11-25,151.36389148920028,152.25295986799148,149.89693409063756,150.9193572998047,12358833.0
2022-11-28,151.14161625326153,152.830840655532,150.60816982827814,151.4972381591797,5471921.0
2022-11-29,152.0306768481609,152.56412324600015,150.29699640434157,151.27496337890625,7693168.0
2022-11-30,151.23054440463048,153.6754825715324,150.91936502967266,153.0975799560547,9133076.0
2022-12-01,154.25337162090256,154.38672645810874,151.89734572287645,153.0975799560547,9214914.0
2022-12-02,153.27536765827614,153.67545924137005,152.16403229658297,153.0531005859375,6376672.0
2022-12-05,153.85327111720312,156.16484054385214,152.38630029122618,155.72030639648438,9861212.0
2022-12-06,156.1203906899701,156.47601256481175,154.56452124685404,155.76475524902344,7008295.0
2022-12-07,154.7868113380269,155.58696745851358,152.29741714546924,152.78640747070312,7718718.0
2022-12-08,152.78640714076565,153.31984003123588,151.14162520474187,151.4528045654297,4225180.0
2022-12-09,152.20849597317255,152.69748626979052,149.3634800193584,150.69708251953125,6174919.0
2022-12-12,151.14161584167718,151.14161584167718,148.96340115012129,150.16363525390625,7153044.0
2022-12-13,150.91934918197288,151.1416162647151,149.40793573254695,150.43035888671875,5166993.0
2022-12-14,151.09714667654308,154.43115262071262,150.6526125506538,152.56411743164062,8562333.0
2022-12-15,152.919769981521,154.742362976499,152.65304673926192,153.00868225097656,10644546.0
2022-12-16,152.83085696561204,153.8977499294374,150.29702009179573,150.9638214111328,9433166.0
2022-12-19,150.9638066813057,153.14202139871935,150.69708346637404,152.741943359375,7706855.0
2022-12-20,152.16404760366962,152.43077083052833,149.8524779584766,150.9193572998047,7387632.0
2022-12-21,151.1415773072775,152.0751015273959,148.118751187573,149.31898498535156,8454254.0
2022-12-22,149.80801251091984,149.94136733300348,146.2961953462886,147.49642944335938,6979001.0
2022-12-23,146.0739281293836,147.8965209040968,144.3402476133807,144.9181365966797,5313321.0
2022-12-26,144.02907580095058,149.1412189235152,143.94016353759375,147.274169921875,8321609.0
2022-12-27,148.4744255947903,149.5413049816511,146.29621068701036,146.8740997314453,9244387.0
2022-12-28,146.69626712163034,149.00785009059518,146.5184561777343,147.4519805908203,9652984.0
2022-12-29,146.6962667347967,148.83002518813336,145.80719845155548,148.25213623046875,19571340.0
2022-12-30,148.25213579506635,149.185660202949,147.5853345845938,147.98541259765625,8626291.0
2023-01-02,148.51888258549818,149.85248521829322,147.94097997162245,149.36349487304688,7322962.0
2023-01-03,149.3634954789011,150.43037487624315,148.29661608155902,149.00787353515625,9629995.0
2023-01-04,149.2301404621418,149.8080295115594,146.4295667856143,148.11880493164062,11995082.0
2023-01-05,149.3634643685259,151.45278015964658,148.6077509378385,151.0526885986328,18887530.0
2023-01-06,151.54170997660142,153.05312358237495,149.85248539946178,150.2525634765625,13216749.0
2023-01-09,151.3638833359869,152.03068458416303,150.65262595804444,151.4972381591797,6012344.0
2023-01-10,151.49719912155945,151.7639222653222,148.607727790685,149.31898498535156,7557693.0
2023-01-11,149.76356519408608,150.07474455206668,147.14081619863094,147.6298065185547,8463293.0
2023-01-12,148.38550579449125,148.65222901919418,147.18527163248805,147.5408935546875,7628932.0
2023-01-13,147.76313907320858,149.49681943148906,147.1407940171726,149.18565368652344,5090393.0
2023-01-16,149.9413754448006,149.9413754448006,146.38510195837918,147.5408935546875,10321015.0
2023-01-17,148.11877380102231,149.5412748414275,147.40751649776738,149.09674072265625,13015434.0
2023-01-18,148.91895304624236,150.87490076109106,148.56333112212693,150.6526336669922,5536057.0
2023-01-19,151.49725344556617,151.49725344556617,148.74114948133848,149.98583984375,6812613.0
2023-01-20,151.05271923526098,151.05271923526098,149.0523152888876,149.98583984375,8545359.0
2023-01-23,150.60814698256303,150.69705922860857,147.5853205424721,148.34103393554688,7787735.0
2023-01-24,148.6522297243079,148.9634090822885,147.05190393460597,147.6298065185547,7033092.0
2023-01-25,147.58534170215248,148.11878812269904,146.16282695809898,147.49642944335938,9257370.0
2023-01-27,147.80760991030346,148.51886728775472,145.8072061671565,147.85206604003906,13756671.0
2023-01-30,149.0078813289801,153.1420442972074,148.563347092994,150.1192169189453,30768122.0
2023-01-31,151.00826920442097,153.49764980622103,148.78559826273744,152.16404724121094,24990701.0
2023-02-01,153.14203603407915,154.52009480450138,148.65223777965534,151.14163208007812,13878016.0
2023-02-02,151.14161528138982,151.89732878423916,147.1408078180589,148.385498046875,19898080.0
2023-02-03,150.0732413566174,151.85222228463087,148.2942604286039,151.03115844726562,11730514.0
2023-02-06,150.07325307544312,152.2171622590403,149.66272112470313,151.48731994628906,7588936.0
2023-02-07,151.89786643808802,152.99262305172286,149.8908103263265,150.7574920654297,8699758.0
2023-02-08,151.0767854345242,151.21362477558978,149.70833634153246,150.9855499267578,8839686.0
2023-02-09,151.3960936683432,152.03470051072043,150.2101015778797,151.44171142578125,5507650.0
2023-02-10,150.62065446442276,151.25926133643725,149.70835495566328,150.5294189453125,9468345.0
2023-02-13,150.62066230431017,153.44878257631828,150.34696965331935,153.12948608398438,9829152.0
2023-02-14,153.722450718615,153.722450718615,150.39256343745436,151.48731994628906,12916373.0
2023-02-15,151.4417192034986,151.89786896013564,149.79957729548806,151.25926208496094,11855678.0
2023-02-16,151.44168909149678,152.9925951715702,151.0767749269794,152.71890258789062,7923121.0
2023-02-17,152.35400299183036,154.7715908842454,151.85223552720146,153.31192016601562,10182025.0
2023-02-20,152.9925917499469,155.0908829504519,152.5820598439005,153.175048828125,6679716.0
2023-02-21,154.22423771768138,158.96819247071016,154.22423771768138,158.05589294433594,26883881.0
2023-02-22,157.78218900087316,158.01026386613043,153.72245918341048,155.54705810546875,12225021.0
2023-02-23,155.9576092550668,156.59621617219207,154.1786278714368,154.72601318359375,11184381.0
2023-02-24,155.3190101489686,156.18569200298046,154.54354990451264,156.00323486328125,8338893.0
2023-02-27,156.14005166638813,158.28396102954702,155.547062567941,157.28042602539062,17669762.0
2023-02-28,157.6453496499528,157.82780675804162,154.95406902403383,155.54705810546875,19044910.0
2023-03-01,155.95757795503047,157.87341224249312,155.0452785649214,157.14356994628906,9318790.0
2023-03-02,157.09796871714673,157.09796871714673,155.3189875034272,155.8207550048828,7725981.0
2023-03-03,156.91552059255727,159.65241920754374,156.45937082339287,157.46290588378906,12962719.0
2023-03-06,157.73654938908228,161.9331318966079,157.55409230627313,161.29452514648438,12402804.0
2023-03-08,160.29101274563556,163.43844310652506,160.06293788005536,163.16476440429688,22099710.0
2023-03-09,162.75421051305915,166.22095108366096,162.38929631429448,163.71212768554688,18874546.0
2023-03-10,162.38929370758774,165.12619191614257,162.20683661113424,164.8981170654297,12399692.0
2023-03-13,165.39988542645006,165.62796027841136,163.71212595370275,163.94020080566406,13669178.0
2023-03-14,162.98228976713955,165.1261990243638,161.65945836017735,162.29806518554688,9217542.0
2023-03-15,163.71212105183326,163.8033565581197,162.16121488905054,162.57174682617188,8548173.0
2023-03-16,162.5717713457113,164.21391326245305,161.4313969480554,163.8489990234375,9405016.0
2023-03-17,165.76480351462854,165.76480351462854,160.4734640407333,161.43138122558594,47276890.0
2023-03-20,161.9787641449789,161.9787641449789,159.60678009441207,160.564697265625,5627841.0
2023-03-21,161.3401472061502,161.97875397332862,159.9260804155943,161.56822204589844,12894327.0
2023-03-22,162.20686366404922,162.20686366404922,158.55766544402826,159.05943298339844,7893205.0
2023-03-23,158.78572335899403,160.42786516658003,158.46641298064108,159.28749084472656,5759884.0
2023-03-24,159.83485622493473,159.83485622493473,157.23481122011762,157.55410766601562,4977283.0
2023-03-27,157.50850648375865,158.69449864330355,155.7295252047343,156.23129272460938,12077986.0
2023-03-28,156.32250778430662,157.82779622632404,155.54704772594363,156.91549682617188,8750986.0
2023-03-29,157.5085175572493,160.0173414124192,156.64183573685344,158.74012756347656,20272070.0
2023-03-31,159.46995970222187,161.7050907536273,159.28750258139846,159.74365234375,8125121.0
2023-04-03,160.19979209966678,162.48054076896395,160.06293882715786,162.20684814453125,9098662.0
2023-04-05,162.66300742802875,162.66300742802875,159.7892555836507,160.47348022460938,10829323.0
2023-04-06,160.9296259990655,161.11209703527015,159.5155729125787,159.83486938476562,7159274.0
2023-04-10,160.42785955021915,162.38929774690584,159.8348565712646,162.02438354492188,10968456.0
2023-04-11,162.48052978515625,163.9858182368997,161.06646292166698,162.48052978515625,9208605.0
2023-04-12,162.3893039535973,162.66299657583835,159.92609819459796,160.3822479248047,7591360.0
2023-04-13,160.56469351702074,160.65592902475268,157.18918853970018,157.8734130859375,9944382.0
2023-04-17,157.2348370099041,158.6945079746781,154.40670276473773,154.72601318359375,17401126.0
2023-04-18,155.09092390035804,155.77514856462437,154.178624348003,155.18215942382812,16199789.0
2023-04-19,153.95055547560392,155.04531219709082,152.17157406311435,152.4452667236328,16314641.0
2023-04-20,152.4452447315488,155.27336469401695,152.17155211051383,154.8172149658203,15498083.0
2023-04-21,154.77159720888366,155.04528982991863,153.63122288839207,154.8172149658203,6672391.0
2023-04-24,153.72244980733043,156.23127317213851,153.44875720159817,155.95758056640625,8088991.0
2023-04-25,156.27690902238436,157.32604789182668,155.4102272710295,156.09445190429688,9175412.0
2023-04-26,156.09446075716602,156.6418321424725,154.63477588850887,154.95408630371094,9032416.0
2023-04-27,155.09089891540756,156.32250868091066,153.9961424130627,155.95758056640625,9054900.0
2023-04-28,156.824261317923,157.37164652624796,154.7259838340403,156.91549682617188,21552892.0
2023-05-02,157.50847390391695,160.5646822305151,157.41725232318126,160.19976806640625,8893428.0
2023-05-03,160.19979333825668,162.98229559984412,159.7436436008705,160.88401794433594,11194149.0
2023-05-04,160.97523953946202,161.88753901423436,159.46995097432176,160.88401794433594,4671155.0
2023-05-05,160.88401991350997,160.92962375133857,157.82781106738142,158.9681854248047,5958697.0
2023-05-08,159.46993985033913,161.9787632309576,159.19624724288207,161.52261352539062,6287186.0
2023-05-09,161.65945378104647,162.98228515053844,159.83485494848256,160.564697265625,7918748.0
2023-05-10,160.56469635958308,161.79630613284766,159.6067791937755,161.52261352539062,6231734.0
2023-05-11,162.02436384714372,164.213876634031,161.43136094028227,163.8033447265625,12125975.0
2023-05-12,163.39286319888978,163.52970257004412,159.19627948938742,159.6068115234375,8920297.0
2023-05-15,158.7401075651421,161.24893110424637,158.6032682130614,160.5190887451172,7980565.0
2023-05-16,161.3857752178673,162.38931023135146,160.1085614921471,161.88754272460938,7874923.0
2023-05-17,161.88752863511698,162.25245675398037,159.69801560427402,160.564697265625,6639494.0
2023-05-18,161.47701587245152,162.1156227556265,159.3331064211648,159.74365234375,6921939.0
2023-05-19,159.652392376452,159.97170272943848,157.78217585306822,158.1014862060547,6657753.0
2023-05-22,158.10150223835902,161.52262527905955,157.96464896437982,158.8313446044922,13339834.0
2023-05-23,159.60678018376194,160.24538699139995,157.64534200589145,158.87693786621094,8359389.0
2023-05-24,158.74012969142356,159.92612195024702,158.23836212954592,159.6068115234375,8507023.0
2023-05-25,159.6067905249608,160.15417577873615,158.19272355319544,159.19625854492188,7986243.0
2023-05-26,159.65240828287295,161.70508210365273,158.83134432279513,159.19625854492188,6926193.0
2023-05-29,159.6067843519711,162.2068433259658,159.46994500411233,160.83839416503906,9943211.0
2023-05-30,161.4769822292935,162.38928156392228,160.19976872904647,161.29452514648438,9727639.0
2023-05-31,161.47699376676076,161.47699376676076,156.86987901359228,158.60325622558594,41785992.0
2023-06-01,158.37516740852016,159.37868830746257,156.7786435996463,159.10499572753906,11602551.0
2023-06-02,160.4734629341032,160.4734629341032,158.192714376651,159.2418670654297,7262018.0
2023-06-05,160.38225093215937,160.74716515493333,158.32957710773906,158.8313446044922,12239684.0
2023-06-06,159.1962244239111,160.33659852436892,158.3295428916796,160.0172882080078,4889564.0
2023-06-07,160.51909800132108,162.38931480425128,160.0173304804492,161.79632568359375,6270083.0
2023-06-08,163.07353066161622,168.18241327435408,162.48054157289897,166.08412170410156,27382635.0
2023-06-09,167.8630976125922,168.09117247347888,164.71566731647306,166.76834106445312,10235269.0
2023-06-12,166.76835370504716,170.09824135815524,166.63150042579116,169.4140167236328,17450400.0
2023-06-13,169.68768507506894,170.28067410521604,168.77538569294492,169.09469604492188,8332566.0
2023-06-14,169.0946946944469,171.87719665123566,169.0946946944469,170.78244018554688,15061573.0
2023-06-15,170.59998654741983,170.8736791495271,169.09469811670562,170.3262939453125,9840499.0
2023-06-16,170.50875589562085,172.1508976344458,169.7333097415816,171.6947479248047,8562558.0
2023-06-19,171.6947528888929,171.6947528888929,168.9578545519161,169.5508575439453,5363723.0
2023-06-20,169.68768798828123,171.51228678385417,168.3648566456077,171.05613708496094,6035600.0
2023-06-21,171.05613708496094,172.15089357818786,170.14383768717448,171.05613708496094,5906854.0
2023-06-22,171.05617368124365,171.4667057139612,167.27013593866693,168.31927490234375,6683123.0
2023-06-23,168.36485581794744,171.05613624407067,167.63501351918927,170.3262939453125,15255365.0
2023-06-26,170.9649223556477,170.9649223556477,168.27364158920213,168.68417358398438,7231775.0
2023-06-27,168.68415421789888,170.5543707800664,168.59293262985668,169.73330688476562,6787438.0
2023-06-28,169.73330738988253,173.88427247422098,169.04908283490093,172.5158233642578,32476741.0
2023-06-30,171.60355896641525,174.84221138424405,171.51232343890442,172.56146240234375,9579059.0
2023-07-03,173.33692044526143,175.7089049248524,172.15092820546596,174.477294921875,7352149.0
2023-07-04,174.34044224717013,177.71594765620873,172.42460770444202,177.03172302246094,13258826.0
2023-07-05,176.98609067444954,177.67031525179922,175.48080217251413,176.43870544433594,6558910.0
2023-07-06,176.52993057037702,179.85981774933666,175.84570603328254,179.49490356445312,16276609.0
2023-07-07,179.49491466803735,180.407214107265,175.29833167935635,175.70887756347656,12652336.0
2023-07-10,175.75446699346907,176.39308768505242,173.15442215713065,174.75094604492188,10238356.0
2023-07-11,175.75450311063818,176.02819576033377,174.06675729192378,175.52642822265625,11236383.0
2023-07-12,176.75800710541336,177.67030649692515,173.56495923512202,174.0667266845703,9191559.0
2023-07-13,174.97902702390996,174.97902702390996,170.55436938287656,171.42105102539062,10612659.0
2023-07-14,171.4666935874656,171.83162175119597,168.54733788055293,171.0105438232422,12369394.0
2023-07-17,171.9228257183847,172.378975435823,169.50523778419546,170.1438446044922,9058800.0
2023-07-18,170.6000011402351,172.56143943537802,169.9613942944154,170.9193115234375,7177677.0
2023-07-19,174.24921718966155,179.3581003299491,173.51937475239382,175.6632843017578,31761232.0
2023-07-20,175.80008685435038,177.2141536703282,175.02464073761553,175.9825439453125,8936996.0
2023-07-21,175.8913174753972,179.12998295222155,175.2527107144729,177.98960876464844,11031250.0
2023-07-24,178.3545377022958,179.72298684067658,176.02817138293156,178.71945190429688,9981788.0
2023-07-25,179.26686459366144,183.6915230539025,178.7194792862095,183.0529022216797,18028061.0
2023-07-26,183.82833541148548,184.4213244736113,182.4598862645017,183.9195709228516,13857423.0
2023-07-27,184.0564039880635,185.1967782382993,183.00726524608007,184.2388610839844,16013422.0
2023-07-28,184.1476507447128,191.9934177132324,182.0037414550781,191.5828857421875,39630520.0
2023-07-31,193.58992719806463,199.74794806224807,191.26356097636744,199.20057678222656,43494779.0
2023-08-01,200.29533701022885,206.77265442879795,199.6567302112973,205.4042053222656,63510580.0
2023-08-02,205.3129902453066,205.4042118362845,197.832137676472,199.8848114013672,22647784.0
2023-08-03,199.88481966960097,203.99016728920915,198.8356669255722,200.797119140625,29868065.0
2023-08-04,202.25678578787247,202.7129355140159,198.51636638584745,198.83566284179688,12879897.0
2023-08-07,200.43218688329884,201.93748933192305,198.56197022199385,198.83566284179688,12929354.0
2023-08-08,200.97957239859744,201.0707939916003,195.23208305718936,198.4707489013672,15314866.0
2023-08-09,199.291807345054,200.43218163052643,197.467208488298,199.51988220214844,12554174.0
2023-08-10,199.9760345994962,201.48133702886784,197.51282889394275,198.3338928222656,10970619.0
2023-08-11,198.79642058068785,200.2765299120979,196.71502477328727,197.038803100586,7970536.0
2023-08-14,197.3163253646464,197.96386790387507,195.9287281597127,197.038803100586,9283695.0
2023-08-16,196.9925429443473,201.61786686469057,196.15999028483284,201.15533447265625,9687712.0
2023-08-17,203.0054546145589,203.3292329200961,199.02767340469185,199.5827178955078,11865239.0
2023-08-18,199.6289800125486,200.4152765971324,197.3163180895936,199.0276794433593,14101163.0
2023-08-21,200.9240655243053,203.0979733832351,199.53646836721023,202.4041748046875,13336739.0
2023-08-22,202.82044720434823,205.64189752558948,202.4504269490964,205.0868530273437,16930149.0
2023-08-23,206.1969279084673,206.1969279084673,204.48556658371749,205.0868530273437,13507905.0
2023-08-24,205.3643711672528,205.7343914151008,203.1904633938848,204.3005523681641,11182959.0
2023-08-25,205.22562666277344,205.22562666277344,200.9240669754893,201.5716094970703,7413549.0
2023-08-28,201.57162133638727,202.86672057098536,200.9240787767729,202.31167602539065,4851793.0
2023-08-29,202.7742133989991,205.1331316023937,201.89540460979669,204.53184509277344,8799235.0
2023-08-30,205.36438667766444,205.36438667766444,203.28299086674213,203.88427734375,5490930.0
2023-08-31,205.0406075770788,205.0406075770788,202.3579252992589,203.79177856445312,18532999.0
2023-09-01,201.5253709393797,214.29125379923823,199.95274949790647,213.4124450683593,29859815.0
2023-09-04,216.1876227197767,218.77780676458733,213.2274184322934,218.13026428222656,21895573.0
2023-09-05,219.1478711512962,219.1478711512962,214.3375364507455,217.02023315429688,13952922.0
2023-09-06,217.8527918978789,218.1765702708393,211.28482522211303,214.5225524902344,14623019.0
2023-09-07,215.5401164699884,220.1654408577564,212.16363531306573,216.5576934814453,30334731.0
2023-09-08,218.3152856419908,225.3457835376259,217.3902208723213,222.246810913086,28856420.0
2023-09-11,225.34580268781323,225.62331085000253,220.304187972377,224.88327026367188,22493483.0
2023-09-12,225.90082360486264,226.59462221182804,216.5576775002831,217.4827423095703,21174310.0
2023-09-13,218.4077827065789,220.5816762961981,215.6788305319121,219.37908935546875,9151928.0
2023-09-14,220.1191864013672,221.2755175067698,218.26905663272305,220.1191864013672,7568464.0
2023-09-15,217.94525953928635,221.36799627225955,217.94525953928635,218.5002899169922,14098284.0
2023-09-18,219.24035629652485,224.0044343420529,218.36154756482347,223.1256256103516,11163399.0
2023-09-20,223.40316371661308,227.56595558710896,222.33934477363417,223.63442993164065,18936709.0
2023-09-21,222.06181217447977,224.6982384340712,219.33287378702803,221.0442352294922,10134737.0
2023-09-22,220.72048704539853,221.36802964135,218.3153127000131,220.1191864013672,7209300.0
2023-09-25,221.2292552904216,222.24683228104035,219.3791255732017,221.69178771972656,8027642.0
2023-09-26,221.78426995745767,224.97574046641017,221.13672746678685,222.20054626464844,10681642.0
2023-09-27,221.92304189043165,222.47808642162272,220.02667032549456,221.3680114746093,9679279.0
2023-09-28,221.6455392367573,223.12563449769013,217.9915218606435,219.28662109375,32887087.0
2023-09-29,221.599284442028,232.653806416894,221.5530283771217,227.1496734619141,35038887.0
2023-10-03,226.039588182248,228.21348198010213,222.52433914007392,223.1256256103516,14885044.0
2023-10-04,222.9406266648238,222.9406266648238,214.15251067596145,217.52899169921875,25424437.0
2023-10-05,219.47163078964508,219.61038486791665,214.6612964995212,216.326416015625,22472389.0
2023-10-06,216.69644544067967,219.7029062632292,216.1414008734457,217.89903259277344,8825123.0
2023-10-09,216.3264200244132,218.59282607551827,213.2274471421432,217.1127166748047,10659145.0
2023-10-10,217.29774391850088,219.10163180360723,216.23392490735088,218.22280883789065,11665907.0
2023-10-11,218.5465821047196,221.7380531790477,218.31531588027008,220.81298828125,14313043.0
2023-10-12,221.0442362578924,224.55948540240445,220.72047203961287,223.49566650390625,13170027.0
2023-10-13,222.5243594685965,225.53082032537444,221.64555065661224,223.9119567871093,11880728.0
2023-10-16,224.6520008182404,226.64088456727487,222.94062522740109,225.20703125,6936948.0
2023-10-17,226.50212103113267,228.67601483332143,225.0682677737248,227.51968383789065,10084205.0
2023-10-18,227.47342387766747,228.30599064933432,223.495656613832,223.8656768798828,6987265.0
2023-10-19,222.2005821460185,223.68069160544937,220.62797466747944,221.55303955078125,11485237.0
2023-10-20,221.04422716397977,224.0044316477007,219.7491421134045,222.94061279296875,9040953.0
2023-10-23,222.755606823734,222.8481048345796,217.39022815679056,218.82408142089844,7058625.0
2023-10-25,218.31528846475672,218.5928107223195,211.2385485314321,214.66128540039065,23949207.0
2023-10-26,213.55123440850173,215.81764055431563,210.68352761804664,214.2912750244141,17410264.0
2023-10-27,214.61502721107647,220.5816921703798,214.61502721107647,218.87033081054688,10519462.0
2023-10-30,219.6566596739844,220.53546851388023,213.36621547386247,217.02023315429688,8812268.0
2023-10-31,216.92767732048927,219.42534924694817,216.0488686576164,218.13026428222656,6583581.0
2023-11-01,218.9628160813455,218.9628160813455,214.70752684477665,215.1700592041016,6718059.0
2023-11-02,216.65016963205213,218.03776680832323,216.23389330224447,217.6214904785156,6057787.0
2023-11-03,217.90168473542147,219.72297755450745,217.90168473542147,218.88238525390625,6825146.0
2023-11-06,219.8164025581817,221.5442900521574,219.06920141812472,220.2834014892578,5338605.0
2023-11-07,220.7037150206285,223.73920831116368,219.67631159085337,223.3656005859375,7002346.0
2023-11-08,224.01937205027576,225.0000583127552,220.37677217651293,221.0772705078125,9777991.0
2023-11-09,221.5442679087524,223.87926233074955,220.4234734365288,222.2447662353516,13987058.0
2023-11-10,222.1513977328106,227.19498049955044,220.23669926058807,226.7279815673828,9589671.0
2023-11-13,228.7827475324545,234.0598434060262,227.2416569353836,229.4832458496093,18792969.0
2023-11-15,232.51875181777143,232.51875181777143,229.7167583893548,230.9776611328125,10965645.0
2023-11-16,232.3786561465902,237.46894132063048,231.3045501225516,235.69435119628903,22145147.0
2023-11-17,236.30147260653223,236.3948780987472,234.4334767756505,234.993881225586,5618928.0
2023-11-20,234.43346083128765,238.54304567905407,233.77966518528063,234.48016357421875,6283832.0
2023-11-21,235.92786608885413,236.11466281127275,230.97767456054035,233.4994659423828,6851869.0
2023-11-22,234.2466686980665,237.2354590323912,232.89237463660268,236.90855407714844,5275418.0
2023-11-23,237.2354446546968,238.82323808748365,235.0872468330789,236.0679473876953,8200025.0
2023-11-24,236.5816539186608,239.89734907571747,236.3014517184618,237.1420440673828,7149443.0
2023-11-28,238.02935513708755,241.25163058189068,236.9085463281592,240.55113220214844,6151585.0
2023-11-29,242.41913886065043,242.41913886065043,239.19686326991007,241.3450469970703,8637363.0
2023-11-30,240.92474948506083,244.38052432299864,239.10344233158511,244.0536193847656,21687673.0
2023-12-01,245.0343390240941,257.26971642873576,244.473934619425,251.19873046875,29121320.0
2023-12-04,257.78346777874447,260.5854619937308,255.21497308167363,256.66265869140625,20464526.0
2023-12-05,257.0362322637108,267.6370855758094,254.79461451164667,266.6097106933594,18883076.0
2023-12-06,268.9913624724992,269.2248619190899,260.5386939072556,262.5467834472656,13415314.0
2023-12-07,263.2472640219792,269.22484375063846,262.7335481721371,265.06854248046875,25133786.0
2023-12-08,267.5437038175435,272.6339751556373,262.4534039760964,266.236083984375,20815064.0
2023-12-11,267.1700880734332,269.4583943313145,265.628997238067,268.33758544921875,8071675.0
2023-12-12,268.47765413051536,269.5517458003051,262.3132635211222,264.6949462890625,8640883.0
2023-12-13,265.95586107729497,275.4359326020317,265.7223616382455,274.6420288085937,23629670.0
2023-12-14,278.09785470925806,278.7983530838406,274.2217694039052,275.9029541015625,24900443.0
2023-12-15,278.3313776810782,286.73735888621144,275.5293839460338,284.9627685546875,28843558.0
2023-12-18,285.80335407495204,286.3170415126342,281.8338630461333,283.18817138671875,13307504.0
2023-12-19,284.8693184354855,291.8743016757024,282.5343240220799,289.21240234375,15650536.0
2023-12-20,291.874393480424,292.6682975313625,275.6695214537191,278.0045166015625,23497233.0
2023-12-21,276.2765209610372,283.141410072334,273.84814963206605,282.0206298828125,17868637.0
2023-12-22,283.93532288868846,288.5586232646962,279.82573838965374,282.81451416015625,15207726.0
2023-12-26,286.223623223668,290.19311367968,284.49572167743986,289.16571044921875,9917180.0
2023-12-27,291.0337108289595,291.64080367878177,283.5150116785454,285.8500061035156,12630732.0
2023-12-28,288.6987671186349,294.6763481959483,287.43786420698285,293.18194580078125,37591916.0
2023-12-29,293.6022076153281,293.6022076153281,287.8114099824917,290.6134033203125,12682889.0
2024-01-01,291.40731168659204,292.6214974172792,287.4845095510092,289.3058166503906,8024960.0
2024-01-02,290.2865230464224,290.2865230464224,282.11404178381645,285.8033447265625,13506040.0
2024-01-03,286.9241406387938,287.67132749067576,283.2815263516529,285.9901428222656,14259987.0
2024-01-04,290.37991742891063,300.513799507696,288.23173383765544,296.17071533203125,40057506.0
2024-01-05,301.58789382571854,304.156387860087,292.0611330547994,294.1626281738281,27456415.0
2024-01-08,295.5635986328125,297.3381886526034,291.9677016038406,295.5635986328125,10136462.0
2024-01-09,296.87122277127315,300.2336207370189,295.19000953672406,298.64581298828125,12229517.0
2024-01-10,298.552418691264,298.645824180576,287.6713490152226,292.6682434082031,14455000.0
2024-01-11,294.1626375204287,296.35750968958286,291.7342373828328,292.2479248046875,10316319.0
2024-01-12,294.3960850046828,294.48946197154885,289.25909767975133,292.0143737792969,12341629.0
2024-01-15,294.1158939485269,297.0112927546669,289.1657171372892,296.35748291015625,9706124.0
2024-01-16,296.3108259173496,296.3108259173496,289.67943530253183,290.9403381347656,10162832.0
2024-01-17,289.3058084435324,293.36870443227133,286.8307200606661,288.885498046875,13502940.0
2024-01-18,288.55863386656125,290.753505910274,276.97703825737864,279.5455322265625,32481018.0
2024-01-19,283.74853154142625,289.025642124314,281.7871588859781,288.0916442871094,28651237.0
2024-01-23,292.76162864939937,294.4895018170768,280.47953448984475,282.62774658203125,21652362.0
2024-01-24,282.9546588870077,290.19314219453014,278.56485760884675,288.4652404785156,23922028.0
2024-01-25,289.53931013111844,296.26410550969734,288.7921233127653,293.9757995605469,32525422.0
2024-01-29,296.8245121699274,304.24980664990795,295.2834213825785,303.1289978027344,24694773.0
2024-01-30,300.6071570490829,302.5685578649664,293.74226844516403,294.62957763671875,20918448.0
2024-01-31,297.5249978452452,298.8793061023622,291.96772784941544,296.5443115234375,20931224.0
2024-02-01,298.9259465378565,305.3705533423479,296.1706704796691,300.74725341796875,24020951.0
2024-02-02,302.61530890213817,311.6750996132038,301.774716522525,310.5542907714844,32346639.0
2024-02-05,315.6912465581466,318.539928357997,311.0679461909403,313.9166564941406,19651482.0
2024-02-06,316.887511042304,316.887511042304,310.2856878955893,315.1899108886719,12024661.0
2024-02-07,318.67940596223247,318.67940596223247,310.8986863804681,311.88897705078125,8080437.0
2024-02-08,314.95410133395023,316.1801425739959,309.3425406838797,312.0775756835937,17754869.0
2024-02-09,314.01096650153687,315.9443457614427,301.4203427872488,306.4188537597656,18304439.0
2024-02-12,307.5977705725481,308.11650247279147,296.61045732157885,298.1665954589844,11714289.0
2024-02-13,300.43004711183835,305.5229042811698,297.9307916678723,303.2593994140625,15426888.0
2024-02-14,302.64641937921,310.61577427733926,300.2414811128302,309.3425598144531,14085723.0
2024-02-15,312.17188696415,321.508744292244,311.37023134703367,319.9526062011719,21973316.0
2024-02-16,322.4518960828719,323.4421868146701,317.641990650084,318.5379638671875,20307449.0
2024-02-19,321.0371560143094,322.4518321090684,318.3021213207738,319.48101806640625,8496898.0
2024-02-20,321.2258310065245,326.79021858247665,318.58508469847675,326.0357360839844,19340526.0
2024-02-21,327.2617869716911,328.2520488778162,315.66145272138294,316.9818115234375,17751633.0
2024-02-22,319.7168315571632,320.89572842868665,311.7946503368579,320.23553466796875,16083122.0
2024-02-23,320.6599784303294,320.6599784303294,315.8029286310264,318.5379638671875,9665454.0
2024-02-26,318.7736950775129,319.2452537980418,315.5199283931997,318.3964538574219,7711995.0
2024-02-27,316.9818115234375,318.77372909634465,315.0955764400272,316.9818115234375,8882923.0
2024-02-28,316.60453883628986,317.3590212820973,312.92635776341274,314.3410339355469,12977628.0
2024-02-29,314.3410359749962,316.8874646140231,311.79463611762986,316.5102233886719,13149469.0
2024-03-01,316.5102536212572,324.762532133826,315.9443773383484,323.9608764648437,13027254.0
2024-03-04,328.20486423537403,337.91896221013644,326.08285002695567,333.7221069335937,38075510.0
2024-03-05,334.712407192968,339.475168010554,333.43919276523053,337.8718566894531,15918221.0
2024-03-06,339.0036185177219,339.0036185177219,325.3755582605216,331.93023681640625,13120921.0
2024-03-07,331.97735010038224,333.7692675406146,329.8081914277317,332.1659851074219,9172926.0
2024-03-11,332.2131082005321,333.06190811454934,326.9788180793762,328.15771484375,10664917.0
2024-03-12,328.2048716942757,329.57240350566605,323.06487009329607,325.1397399902344,9637912.0
2024-03-13,324.2909600055148,324.9039806277253,301.3260429914607,304.1553955078125,23722232.0
2024-03-14,302.78790804950364,308.3523251736276,298.49673428259416,303.5424194335937,20859127.0
2024-03-15,304.2968461281452,307.5034397718044,288.358166631579,298.3080444335937,43285007.0
2024-03-18,299.06259684358344,304.5326674132449,297.03489975905364,299.1097412109375,13690352.0
2024-03-19,296.42183563560354,299.81706458548945,292.46075917878966,295.6202087402344,13388060.0
2024-03-20,298.0251393237172,299.39267125416524,290.7631228338602,295.8088073730469,10026655.0
2024-03-21,299.2040528517503,307.7864286032004,298.96827345628003,306.5132141113281,23370426.0
2024-03-22,306.0416559068123,308.6352292619548,302.88220624512405,306.2774353027344,14709219.0
2024-03-26,301.8919168827667,311.5116980938996,301.8919168827667,310.3799743652344,11208959.0
2024-03-27,313.1149731328438,315.09552540597963,307.73919250314054,312.7377319335937,45209520.0
2024-03-28,313.02066979454304,320.6599267469042,311.5116761476374,316.6988220214844,19868037.0
2024-04-01,319.71683235834865,324.80966109975986,317.02894172820714,322.87628173828125,8580656.0
2024-04-02,323.48928972812627,325.9414008876454,321.3672754369068,325.1868896484375,9745257.0
2024-04-03,324.7625145836233,333.95791014356547,322.54618271797153,331.27001953125,21679943.0
2024-04-04,334.8066898766054,342.0687056485648,332.59035814503386,334.4765930175781,28962927.0
2024-04-05,336.127097486303,337.82472638784014,331.55297149785235,334.38232421875,11208130.0
2024-04-08,335.37258916712807,345.18100542281,333.1562572830809,342.8232116699219,11447140.0
2024-04-09,344.2378459685556,346.0297632460328,339.8523558789865,342.2572937011719,10010148.0
2024-04-10,343.38909020373274,347.39733961021847,340.7955170583596,341.8800964355469,12886638.0
2024-04-12,341.88009814385634,353.19750828930813,340.4654218756749,341.1727600097656,30924494.0
2024-04-15,335.278264546466,345.1809980984714,332.7318358347144,340.6068725585937,18126999.0
2024-04-16,340.46542759777856,341.3614007620168,334.42948117509235,338.8149719238281,15328939.0
2024-04-18,339.09790183757383,340.70121317695424,329.3366582708451,331.1757202148437,22966560.0
2024-04-19,323.58362455881763,332.35460591955143,323.4893070511583,330.6098327636719,12867942.0
2024-04-22,334.80671666185924,334.80671666185924,322.4518715019483,323.3949890136719,37382916.0
2024-04-23,326.3186798261619,328.8179356349716,324.43244468265806,327.4032592773437,14651106.0
2024-04-24,329.9025046232929,333.06195414479265,327.5447107686905,331.64727783203125,11132307.0
2024-04-25,331.0342769653634,340.0882116643388,329.2423592851318,338.7678527832031,19865014.0
2024-04-26,340.18248048417394,340.8426454394083,334.8066994313443,335.74981689453125,10986589.0
2024-04-29,339.23937780128347,342.96467467418233,336.6458046645203,342.3516540527344,13652173.0
2024-04-30,344.19076947198084,344.6623282580602,338.8621321639529,342.5403137207031,14566548.0
2024-05-02,342.5402808744374,351.4055794463008,342.5402808744374,348.0574951171875,27892188.0
2024-05-03,351.12262529630823,358.76188261899205,339.8523887112432,344.19073486328125,26844664.0
2024-05-06,346.8786266437853,347.8689173496087,334.240857111112,336.5043334960937,15319437.0
2024-05-07,337.8718652835294,338.0605003078675,327.1203308745244,329.2894897460937,10028071.0
2024-05-08,325.56418537965993,338.10763711273927,325.56418537965993,335.23114013671875,9595776.0
2024-05-09,336.2213726058406,337.63604878791284,325.2340600147448,326.36578369140625,9043486.0
2024-05-10,327.8747814103867,336.07991488004933,327.7804639074223,335.2782592773437,11699095.0
2024-05-13,335.27825696009955,335.74981569000124,326.7901998218692,330.9399108886719,10691781.0
2024-05-14,330.609851043294,336.92875024423495,330.3740716519404,335.56121826171875,10891985.0
2024-05-15,337.1644937126696,342.82319850225286,336.3628381111464,340.7955017089844,8538183.0
2024-05-16,343.15333850455954,343.15333850455954,332.96765133400567,340.8898620605469,13114162.0
2024-05-17,341.8330005918081,345.6526155262944,339.85244778880303,344.662353515625,8509179.0
2024-05-21,346.1241039153068,352.82024356209854,344.5679658801941,350.8396911621094,10939593.0
2024-05-22,353.6690213812426,355.8853530048968,349.51931062003445,352.5844421386719,14001806.0
2024-05-23,353.7161926496941,354.2349245228482,348.48190224767745,351.12261962890625,15370357.0
2024-05-24,351.7828270890928,356.639876452087,347.72743335649454,353.6219177246094,13317821.0
2024-05-27,358.3375102113439,358.8562133302996,347.0672444298298,348.6233825683594,21891930.0
2024-05-28,351.4056006123417,352.01862125605305,343.38910153484284,344.6151428222656,10200096.0
2024-05-29,340.93698664282624,345.5111124135923,339.5223103497025,343.86065673828125,18146672.0
2024-05-30,343.2947427810277,344.0492252085419,336.8343826619209,339.2393493652344,14425073.0
2024-05-31,342.7760776344811,345.7940364601038,335.27828176174324,338.5791931152344,30515612.0
2024-06-03,363.1002701872851,370.8338458961477,352.2072735943324,369.5134582519531,39261174.0
2024-06-04,369.60772111940497,369.60772111940497,296.0917335148015,312.4076538085937,84042244.0
2024-06-05,320.65994038959406,322.7819547009957,297.3649273250973,321.6030578613281,46418629.0
2024-06-06,328.01622568871335,339.2864903197108,325.3755084372487,329.8553161621094,33171039.0
2024-06-07,331.9773492885706,341.40852398426864,327.9219556820849,340.0881652832031,23930193.0
2024-06-10,344.23784166369563,349.0477460295748,341.2198545528849,344.1435241699219,16072588.0
2024-06-11,347.7745570777151,350.79254440773155,344.1435491661309,346.5013427734375,11235777.0
2024-06-12,348.529079199092,352.72596381057303,344.61514712169776,350.1795349121094,12134524.0
2024-06-13,354.98943234903857,354.98943234903857,347.020106493726,348.9063415527344,11243702.0
2024-06-14,348.953458727762,349.755114321712,345.2753064056123,347.4916381835937,10298434.0
2024-06-18,350.6510794629077,351.0754938559896,347.7274382009211,348.6233825683594,10228382.0
2024-06-19,348.76484272696337,349.80227774144504,340.984123290844,341.8800964355469,8337334.0
2024-06-20,341.8800948847965,344.1435711359772,336.7400929800706,337.30596923828125,14338604.0
2024-06-21,339.4751698554742,342.3045224739724,336.45718221641084,339.33367919921875,17931844.0
2024-06-24,337.2588258453874,343.9077927489077,335.3254176894142,342.1158752441406,9335598.0
2024-06-25,343.5305685318571,343.95498294318924,337.4003044400052,340.323974609375,14983828.0
2024-06-26,342.3516548043389,346.0298073227638,339.1922054017405,344.2850341796875,15918394.0
2024-06-27,344.28504926072765,359.4221031696736,343.3891048594484,355.69677734375,55378829.0
2024-06-28,356.45124998912274,367.3442449704475,355.272353182414,356.8284912109375,25141039.0
2024-07-01,360.0350914388351,360.27087080454487,346.878591319565,348.7176818847656,23389211.0
2024-07-02,351.40561972198105,351.40561972198105,344.3793821651818,349.33074951171875,13702830.0
2024-07-03,349.4722061239806,352.961752666347,347.68028848668337,351.4527587890625,9207317.0
2024-07-04,352.6316316223521,359.1863098367604,350.6039347299438,351.7356872558594,14916930.0
2024-07-05,353.0560413066604,359.5635462897357,349.8965919304707,358.1960144042969,15946104.0
2024-07-08,359.18633029194734,359.5635715615152,354.75366622494965,355.979736328125,8898299.0
2024-07-09,357.6302038838944,358.6204658469399,353.71624283551233,355.6024780273437,8355819.0
2024-07-10,357.2529057766154,361.9684933860305,348.9534830967101,359.7050170898437,17715196.0
2024-07-11,360.6481700475736,361.4969701443355,353.2918641667501,355.649658203125,19873143.0
2024-07-12,357.3944061985366,357.81879182598567,350.8397277296321,355.69677734375,16151583.0
2024-07-15,357.0643199567442,366.82559262267625,355.4610085652071,363.7132873535156,22951140.0
2024-07-16,364.6563935497805,366.63694615350187,358.38466762271565,358.80908203125,11893034.0
2024-07-18,361.11965269400366,361.11965269400366,352.9145484468909,356.2626037597656,15709153.0
2024-07-19,356.26262035571455,356.49839972060914,342.2573203246442,343.90777587890625,13330099.0
2024-07-22,344.0021460148864,355.7911160633746,341.7386695219096,352.2544250488281,18715538.0
2024-07-23,355.2723566191035,363.713240567794,340.9841041582493,360.6952819824219,49882257.0
2024-07-24,362.25144541100974,372.5314206289964,359.9879691179509,370.2679443359375,36868466.0
2024-07-25,368.7117821773607,373.7574375586215,364.2791186065712,369.843505859375,25973101.0
2024-07-26,372.4842607147642,376.77543374158455,367.5328939384356,373.7574462890625,20381410.0
2024-07-29,381.0194808137866,385.0748746662187,370.31509112865086,371.4939880371094,27751449.0
2024-07-30,374.41766568393496,389.2246226657131,374.41766568393496,383.80169677734375,34447139.0
2024-07-31,386.20664978027344,393.6572729208005,385.3106765648207,392.3369140625,29727771.0
2024-08-01,396.0150441694004,400.2119286808022,391.95965031249983,399.3631286621094,28803487.0
2024-08-02,392.57267947891074,402.05099932663705,389.83764434518014,395.8264465332031,24233263.0
2024-08-05,384.4618527615906,392.0067929508299,381.6325001906259,389.7433166503906,42489503.0
2024-08-06,389.7433430499341,400.7778303367905,389.7433430499341,391.393798828125,18230579.0
2024-08-07,400.1864624811181,400.1864624811181,394.48309246951067,395.71881103515625,15556736.0
2024-08-08,395.766359031384,396.38421831812144,385.7379159587989,387.54400634765625,16447385.0
2024-08-09,393.3424079941819,395.7663576613858,388.01928584178745,390.34814453125,10954753.0
2024-08-12,389.7302873463853,389.7302873463853,380.3197325512528,381.03265380859375,26254763.0
2024-08-13,383.07635664187103,384.5021991603892,375.4718632097744,376.612548828125,11355664.0
2024-08-14,379.1790476289783,380.22467127675736,374.1885988184708,376.755126953125,9424614.0
2024-08-16,378.3710632324219,381.1277152977386,373.8558952749522,378.3710632324219,13844122.0
2024-08-19,382.4109504905436,387.35388280720224,381.6029962733553,383.1714172363281,10677045.0
2024-08-20,384.54971348285216,388.01928679884855,383.1714164613233,386.1656799316406,10126083.0
2024-08-21,387.35391263025474,389.4451600811207,385.1676322115841,388.7322387695313,9726854.0
2024-08-22,389.5401630188982,389.7778034377748,382.36343397236266,383.4090576171875,10445288.0
2024-08-23,383.4090581336238,385.8329788058934,379.7969063565307,382.0782775878906,11513586.0
2024-08-26,382.5535266090836,395.38610817840873,382.0782458102197,394.3404846191406,13772637.0
2024-08-27,394.95837458899234,395.6237793627144,388.8747856919167,389.3975830078125,8441188.0
2024-08-28,389.7778016614085,393.9127507327839,387.2113025545424,388.8272399902344,15884745.0
2024-08-29,388.82724016604055,392.2017515055384,383.7892749100759,389.6352233886719,19014705.0
2024-08-30,392.2968437074416,398.47549504903446,391.1561580100721,395.6238098144531,22633988.0
2024-09-02,397.1446550849644,398.3804026642633,387.5440054017687,389.7302856445313,11107165.0
2024-09-03,390.2055667172164,391.2036448702043,385.54782032187273,386.3082580566406,7538160.0
2024-09-04,380.2246699397039,388.0668037572103,380.1296079704509,385.0725402832031,11052003.0
2024-09-05,385.31015000366233,388.2093512774327,381.9831844067544,383.31396484375,14246871.0
2024-09-06,383.3139960512665,384.6447765966076,373.28558196765846,375.28173828125,17956121.0
2024-09-09,371.8597411215917,373.33310012325234,366.2514039979639,370.5764770507813,12293356.0
2024-09-10,370.8140855408211,379.65429680725055,370.4813831794312,376.7075500488281,15852309.0
2024-09-11,379.2741100423236,379.5592669425787,368.3426507303268,370.3863525390625,11492592.0
2024-09-12,371.6696149026185,386.1656804454956,371.3369125146205,384.83489990234375,24028069.0
2024-09-13,384.8349306007224,387.16378948480167,379.6068409714912,381.5554809570313,12017217.0
2024-09-16,382.55355675726526,391.6314091274356,382.1257924010415,390.7759094238281,11479712.0
2024-09-17,391.4888290151848,397.002075089536,389.8253460951326,395.71881103515625,14432501.0
2024-09-18,397.81005892991215,398.9982610175164,392.5819697444533,393.6751098632813,10303840.0
2024-09-19,403.0381170622446,410.5000313992448,399.75866794959455,402.9906005859375,59601773.0
2024-09-20,406.8878799259314,408.59890820555495,395.95642156221487,402.9906005859375,36084164.0
2024-09-23,406.3650820277009,409.21676681386015,403.98867803923474,407.1730651855469,14139629.0
2024-09-24,410.1198427075273,410.1198427075273,405.8898316871116,406.9354553222656,12539885.0
2024-09-25,406.9354841548269,415.3954777862335,404.6065963028318,414.53997802734375,19443168.0
2024-09-26,416.29852335550765,416.29852335550765,409.2643433109764,413.1141357421875,20041825.0
2024-09-27,414.4448848270497,420.6235356329576,412.0684806709313,415.3003845214844,53885913.0
2024-09-30,415.3003845505462,426.2793891578854,412.1635426677863,421.2889404296875,20903229.0
2024-10-01,423.9505325390118,425.6140155702748,417.10647646399326,418.34222412109375,15984996.0
2024-10-03,410.64263898991896,420.6235364653684,410.64263898991896,413.8270263671875,13563784.0
2024-10-04,411.4981089925328,417.6292428885679,405.2243966589048,409.1692504882813,18347292.0
2024-10-07,409.31189331079815,411.5932356976541,388.8272702951361,394.910888671875,23431004.0
2024-10-08,393.5325613378291,406.5552688117241,390.9660330299151,400.1389770507813,18706355.0
2024-10-09,403.4659127490482,403.75106964673415,396.3842166985007,397.7625427246094,13916492.0
2024-10-10,399.9013362338858,408.6464868499715,399.7112122820578,401.8024597167969,15866037.0
2024-10-11,402.990661331804,405.5571606248507,398.8557119604685,401.6123352050781,8639087.0
2024-10-14,403.6085202276325,404.93930086061727,399.2359304259607,403.5134582519531,8483177.0
2024-10-15,405.5571600380884,406.07998639970896,402.6104128461792,405.5096435546875,9365964.0
2024-10-16,404.2738655006484,408.1711741383608,400.4241023516051,403.2757873535156,6219440.0
2024-10-17,402.7054454997017,404.5590523588446,396.00399733296655,397.0971374511719,11968387.0
2024-10-18,397.0496205304247,404.8917542954398,393.9602951078429,403.9411926269531,8828971.0
2024-10-21,404.9868172359335,407.5533455343808,398.3804305561917,403.9887390136719,9139781.0
2024-10-22,401.945039103548,405.22445971383,393.00976451502027,395.196044921875,14242323.0
2024-10-23,393.5325319784316,394.2454532320157,381.8406350231881,388.11431884765625,22522821.0
2024-10-24,389.0173941307117,394.7207646005572,386.6885062519879,391.536376953125,9400171.0
2024-10-25,382.6010744651104,387.35388284355895,372.2399580018605,379.1790466308594,19642277.0
2024-10-28,379.179076018814,386.4033511157352,378.1334522927471,383.931884765625,11716022.0
2024-10-29,388.7797233551699,393.8176886068476,384.4546793565885,391.7739868164063,20284308.0
2024-10-30,393.6751419488806,394.293001283024,385.7379455550128,388.3044738769531,12264297.0
2024-10-31,391.1737068199442,392.7517856187659,385.9134246988936,390.3607482910156,12204072.0
2024-11-01,394.0429590454627,397.342602294981,392.46488021687617,393.4212951660156,2145479.0
2024-11-04,395.8123571485053,396.2427263898956,376.5406005626167,383.474609375,13866505.0
2024-11-05,382.5659915173096,386.4872987678558,379.84020299025497,385.5308837890625,6665326.0
2024-11-06,388.9739686048246,392.89524651723633,385.5786780480831,391.07806396484375,9700643.0
2024-11-07,392.9908688773398,392.9908688773398,384.4787822715085,386.2003173828125,7589295.0
2024-11-08,385.578671991196,386.5829251770488,378.30991270833965,380.3183898925781,7536509.0
2024-11-11,380.7966033411183,383.4267444317655,374.7233626215848,375.440673828125,12243693.0
2024-11-12,376.0144847484399,377.5925633811665,362.5290298017987,363.72454833984375,10549517.0
2024-11-13,367.26331439859086,370.7064138085708,362.8159910382886,364.7288208007813,20602407.0
2024-11-14,363.485446703134,368.4110064579136,355.1646551434126,356.2645263671875,15086601.0
2024-11-18,363.4376523486218,363.4376523486218,346.84384843679027,350.71734619140625,16383636.0
2024-11-19,351.9606738534021,362.0030300367193,349.139238298341,350.71734619140625,17055094.0
2024-11-21,347.8481168816721,348.4697807400389,339.3360007729977,340.6271667480469,21276150.0
2024-11-22,341.48794176092724,351.0999293953261,340.19680494527046,349.5218505859375,15949254.0
2024-11-25,357.6991602944101,360.75969954410783,351.48246365827737,352.3432312011719,18388844.0
2024-11-26,353.8735216188755,354.25608175069976,344.54847611675643,345.887451171875,11222231.0
2024-11-27,347.9437280729496,355.4037817867321,345.60052908630234,353.2040100097656,14225274.0
2024-11-28,353.5866172182708,355.64290351471845,343.9268204259837,346.27001953125,16837860.0
2024-11-29,347.4177328237811,349.4740191420236,344.5006788824916,347.80029296875,14280017.0
2024-12-02,347.80027329354465,348.03937701905755,341.4401200323953,342.5878295898437,12510350.0
2024-12-03,343.3529443959696,353.8735081518349,342.5878241614385,351.4346618652344,14205760.0
2024-12-04,352.8692668749683,358.7990213701867,351.96066110202884,356.5036315917969,22035954.0
2024-12-05,356.5036462781575,357.6513558083652,348.5175761980818,353.060546875,18758283.0
2024-12-06,353.3474851209766,355.0212111421716,352.00848095404825,353.3952941894531,9736086.0
2024-12-09,354.73429603527165,357.02968605783377,351.72159480644217,353.7300720214844,10878679.0
2024-12-10,352.9170904805905,355.02121489014945,350.4304059567842,353.060546875,7913822.0
2024-12-11,353.15619693865693,354.5908192688072,348.8045208788542,349.56964111328125,9998662.0
2024-12-12,350.04790693271656,351.0043219789808,337.6145113312813,340.1011962890625,22538216.0
2024-12-13,340.2446125771388,342.6834589824658,332.880205914537,341.5835876464844,14269143.0
2024-12-16,341.583561990009,343.2572879978436,336.3711185066604,337.518798828125,12168143.0
2024-12-17,336.65804451431103,338.42741791530284,332.1150737431662,333.83660888671875,15646176.0
2024-12-18,334.31479081489147,335.7016039878326,325.1810408998948,326.8547668457031,14672392.0
2024-12-19,322.3118063503156,325.7549056681087,320.4467857068336,322.6943664550781,14513129.0
2024-12-20,323.07695709113017,328.91109409935586,316.57334713317,318.72528076171875,20375797.0
2024-12-23,321.2597520816882,323.50733288527266,316.09511757156724,319.1078186035156,8884187.0
2024-12-24,320.4946476131742,322.1683737340559,317.2906517728502,320.6859130859375,7755462.0
2024-12-26,320.68590334762325,322.694380469183,317.7688495862276,320.0642395019531,9030212.0
2024-12-27,321.9770655408446,325.1810612465019,319.6338665825773,320.39898681640625,9090597.0
2024-12-30,320.39900168657044,322.1205368863173,313.1302423779787,316.9559020996094,36657549.0
2024-12-31,315.71257432810154,320.01644151443213,311.9825619374418,318.8209228515625,8580998.0
2025-01-01,318.4861547695367,320.06423348270346,314.4692006019617,319.1078186035156,7843971.0
2025-01-02,319.107808563084,323.84207374109064,315.6169002013799,323.2682189941406,16543382.0
2025-01-03,323.3160333870435,329.48492094030235,322.35961852219503,325.03759765625,8689629.0
2025-01-06,326.80699486096626,326.80699486096626,312.2216671068363,313.22589111328125,10538077.0
2025-01-07,312.7476843650352,315.9516802411307,310.93050182242604,314.2779541015625,13891401.0
2025-01-08,316.0951291262153,316.0951291262153,307.8221459563206,311.2174072265625,8993608.0
2025-01-09,309.9262297454876,311.74344136485973,305.86146651130457,306.38751220703125,12403467.0
2025-01-10,306.38753772130883,307.0092016066948,294.1932470032859,294.8149108886719,15941143.0
2025-01-13,287.97653933549753,296.440817246911,283.91177591016867,285.20294189453125,29630336.0
2025-01-14,287.35487436210485,299.0709571310088,287.11577063212724,296.8711853027344,22732888.0
2025-01-15,298.92746449618426,310.1653395402132,298.92746449618426,307.34393310546875,21894626.0
2025-01-16,310.5479595155245,313.03461514425373,307.630876278024,311.3130798339844,14865186.0
2025-01-17,311.12176437417355,314.6605112824279,309.2567727772292,311.9347229003906,7129232.0
2025-01-20,311.9825649552023,322.3118346273223,310.40445695497573,321.4032287597656,17991880.0
2025-01-21,323.0769455482693,323.5073439335889,309.68713678235576,310.16534423828125,12774630.0
2025-01-22,312.7476896706799,312.7476896706799,303.51829121055255,308.3481750488281,11068145.0
2025-01-23,307.00920732274795,310.93051456218336,305.6223939324396,309.543701171875,6477347.0
2025-01-24,310.6435725568771,315.5212947723958,308.06126963393336,309.543701171875,7492600.0
2025-01-27,309.543705609439,310.8826807576572,301.27072178521195,308.15692138671875,13803855.0
2025-01-28,308.44379146363167,309.7349573584143,294.7192324245786,304.3790283203125,22008929.0
2025-01-29,306.0528027723735,308.82640046000427,299.64481053933906,307.2483215332031,16056888.0
2025-01-30,308.2047163783212,312.5563927080552,307.15265410012586,308.9220275878906,10375720.0
2025-01-31,310.80156796003035,314.46428192986383,306.07855597901283,312.2955627441406,13195557.0
2025-02-01,314.2715410781492,318.8499489174682,305.3075122324861,306.22320556640625,10097627.0
2025-02-03,298.8977139222155,302.7050034216489,293.0180691516064,300.00616455078125,15881217.0
2025-02-04,303.47610135264443,308.8738081555695,299.09045170614604,307.57257080078125,12141064.0
2025-02-05,309.4039543752667,311.3798868661252,306.89787284932413,308.0545349121094,12226722.0
2025-02-06,310.94617872687024,311.042572140228,300.15076356387993,301.50018310546875,13384442.0
2025-02-07,302.1749234388664,307.7172067236302,300.82550382647383,305.50030517578125,8937447.0
2025-02-10,305.0665467488017,305.4039090026422,297.8374816599676,299.2832946777344,6806132.0
2025-02-11,301.06649231523926,301.06649231523926,293.16270213156025,294.5603332519531,13241830.0
2025-02-12,295.1386160988041,296.3916421695631,289.1625777264031,295.1867980957031,7616083.0
2025-02-13,295.09042587153056,297.451932191886,292.1506178863165,295.6205749511719,9086906.0
2025-02-14,295.76512812759324,297.1145476026962,287.57218845322853,289.4999389648437,7446248.0
2025-02-17,286.7529027530418,292.24700374831565,282.22267706113945,291.4277038574219,6464173.0
2025-02-18,290.2710137796279,301.1146098985217,286.7528751440808,299.9579772949219,15793327.0
2025-02-19,299.958020274916,304.92197243758386,299.37968918268047,303.4279479980469,13079903.0
2025-02-20,301.259188549492,315.33177265874565,300.24713133352384,313.4040222167969,22888146.0
2025-02-21,311.6208809748292,317.8378885904948,309.93409915516776,314.4643249511719,10809296.0
2025-02-24,310.4642496834838,313.64502650650394,307.9099859419506,308.5364990234375,6034113.0
2025-02-25,308.5364923035202,309.88591185313413,304.34362882621184,307.18707275390625,10686112.0
2025-02-27,303.95807843946125,307.7653681840605,303.1387785603244,304.2954406738281,7302366.0
2025-02-28,302.65684486370907,304.2472332291687,295.4759620969059,300.198974609375,21127180.0
2025-03-03,300.05436959826426,306.3195590581681,296.58444204489086,303.0423889160156,9779703.0
2025-03-04,300.0543568823976,303.5243137038591,296.8735802882221,302.4158630371094,8734999.0
2025-03-05,302.22309149917504,315.4763770035505,302.1749094997606,314.4161376953125,10493615.0
2025-03-06,317.11496682669656,326.5609327959042,311.5245019739229,325.6934509277344,26294903.0
2025-03-07,323.7174812601422,326.51271336607925,316.8257796876196,317.6450500488281,8992315.0
2025-03-10,317.54869969083074,322.8500133456684,314.5124692473141,317.50048828125,11383132.0
2025-03-11,315.1872346342649,321.211455479721,312.0064577939204,318.3680114746094,10299324.0
2025-03-12,319.04268846788625,322.70540243046605,314.60885670282795,318.223388671875,6984859.0
2025-03-13,320.0065801747548,322.46445027449965,316.58483483351966,319.9101867675781,8965150.0
2025-03-17,320.9222754416158,322.41627030928066,318.5607693190352,319.6692199707031,4353561.0
2025-03-18,319.6692199707031,319.6692199707031,319.6692199707031,319.6692199707031,0.0
2025-03-19,326.75371025986175,331.4766931092037,324.1994467264037,328.9706115722656,30582397.0
2025-03-20,332.2478015879448,332.2478015879448,328.00672706884234,329.40435791015625,15002119.0
2025-03-21,329.6453763478598,341.06730535873066,329.4044075055002,338.6094055175781,36406837.0
2025-03-24,344.10346036640385,354.70608799674125,340.874472432319,353.69403076171875,24588471.0
2025-03-25,355.66996323586284,358.0314693377659,350.9951624430956,353.69403076171875,23189083.0
2025-03-26,353.6940315038252,355.669963982115,340.5371109300999,341.8383483886719,18668095.0
2025-03-27,341.1154244867571,351.28432540908346,338.3201923136319,347.62158203125,37930538.0
2025-03-28,348.92283840439154,351.13973970002166,343.5733425650756,344.6817932128906,11327077.0
2025-04-01,339.62146724564155,349.7903398768485,338.1756542981634,339.4286804199219,18736320.0
2025-04-02,339.4286655573083,340.6817210393388,334.51289586810225,339.0431213378906,13593404.0
2025-04-03,339.0431423455,348.2963512605587,339.0431423455,345.9348449707031,10317410.0
2025-04-04,345.886639967418,345.886639967418,335.958707225485,337.74188232421875,10872963.0
2025-04-07,316.1510754524026,338.7057499522599,312.2955745322513,337.1635437011719,18025165.0
2025-04-08,343.95890636745287,345.30832590316726,337.3563546855786,340.1997985839844,17506712.0
2025-04-09,341.2118728795044,341.98296139114177,335.6214076322809,336.7298583984375,7462119.0
2025-04-11,338.3202208316663,348.4409111984255,338.3202208316663,347.09149169921875,11246077.0
2025-04-15,353.7422238685345,355.13985477521504,348.48909188426774,349.40478515625,17497327.0
2025-04-16,349.4047553828745,349.88669297650614,344.97092363843706,346.3203430175781,11541484.0
2025-04-17,346.27217856606285,352.2482167958886,344.3444280938788,350.8505859375,12288196.0
2025-04-21,352.58558145868125,354.8989057664617,348.7300801659012,351.3807373046875,7375594.0
2025-04-22,353.79045548707785,353.79045548707785,346.70599479548827,347.2361145019531,12077119.0
2025-04-23,349.83853596092564,351.09156202777655,344.97094826862974,350.6578063964844,9719205.0
2025-04-24,350.6096179059867,353.21209281526154,348.5372920268208,350.0794982910156,7491123.0
2025-04-25,350.0795225670266,352.5855748280934,338.4166254926667,343.5733642578125,9785640.0
2025-04-28,340.92267260002296,349.79030685841184,340.92267260002296,348.4408874511719,5315840.0
2025-04-29,350.8506069060777,351.1879691418999,341.3082473814952,344.0552978515625,9472828.0
2025-04-30,344.1034801143822,347.95898129213435,339.28410364219195,341.7419738769531,16739088.0
2025-05-02,341.7419485239872,345.0673298091527,335.04303337370203,336.1033020019531,8221620.0
2025-05-05,338.3202222723164,339.2840975494455,333.06709024590714,336.0069274902344,9492646.0
2025-05-06,336.3924586579658,336.8743962778196,327.717581500597,329.4525451660156,8904223.0
2025-05-07,325.7898591882048,331.2839602956005,324.8259838651627,329.69354248046875,8465490.0
2025-05-08,328.7296782067648,330.70564033450177,326.17541439787703,327.7176208496094,14286109.0
2025-05-09,322.1271374304685,326.5127582849185,318.6571804630842,322.6572570800781,11322011.0
2025-05-12,328.103162043946,336.5852827416716,325.8862605131986,335.958740234375,7978210.0
2025-05-13,336.0069422827867,337.1635750171784,328.1995463112961,329.1634216308594,14738980.0
2025-05-14,330.0791140750799,331.4285336358615,325.5488883190912,326.3199768066406,22485535.0
2025-05-15,327.2356617365541,331.3321317288379,320.633110101257,329.59716796875,43307763.0
2025-05-16,330.609234026592,335.0430663717843,329.6453587087302,330.70562744140625,6920351.0
2025-05-19,330.7056165020665,335.139448700593,330.0308920358262,332.6815490722656,6218209.0
2025-05-20,334.36831509882245,337.0671834217282,329.21157667831176,330.2236633300781,9986143.0
2025-05-21,330.17545943144233,334.85026033799323,327.5730138715538,333.6454162597656,5930972.0
2025-05-22,333.6453932657164,334.4646930654747,326.03078509912626,329.0669860839844,8717514.0
2025-05-23,329.6453163178798,332.4887599059746,327.8621413261154,332.1513977050781,4045937.0
2025-05-26,338.3201893635712,338.5129761663001,330.1754322980234,331.09112548828125,16655082.0
2025-05-27,331.5731090503845,332.055046708888,324.6331950018785,326.3199768066406,24937330.0
2025-05-28,326.36814569186095,328.3922894768332,324.92233290475747,327.7657470703125,10985957.0
2025-05-29,328.68145269604605,329.88629673085563,325.8380090078405,327.091064453125,15884093.0
2025-05-30,325.3079085679085,328.44050324300684,320.82589437733407,321.83795166015625,19143010.0
2025-06-02,321.83795015770926,322.7054320268128,318.367993266156,320.5367126464844,29479727.0
2025-06-03,320.97049784605866,322.65727974164605,315.18724563261617,316.39208984375,14081719.0
2025-06-04,317.1149577008293,318.0306509556864,313.1148812906702,317.3559265136719,15654279.0
2025-06-05,317.307767483912,319.62106237160947,315.7655610870669,316.7776184082031,16270360.0
2025-06-06,317.7414542883937,321.4523796971604,317.1631232844719,320.82586669921875,11402511.0
2025-06-09,321.8379506143509,325.3560895088476,320.7294999236381,324.92236328125,19416373.0
2025-06-10,326.5609290462194,328.5850729921332,324.63317851013755,326.9465026855469,12061248.0
2025-06-11,328.6814320533492,330.2236382040753,325.2596869754463,325.8861999511719,10807496.0
2025-06-12,325.9343991915783,329.3079624556952,320.6330854908232,321.6451721191406,11881618.0
2025-06-13,314.9944534606377,320.8740989944702,314.8016960392044,319.9584350585937,11711773.0
2025-06-16,320.00657248194324,322.5608359274614,318.65715305932395,321.6451721191406,8065112.0
2025-06-17,321.93434132380366,324.7295737337071,321.06685946074936,323.09100341796875,6796992.0
2025-06-18,323.0909886526616,323.76568366414176,318.8017321158864,320.3921203613281,17835507.0
2025-06-19,320.3921268782895,321.1150333150253,316.6812012866846,318.12701416015625,11610604.0
2025-06-20,318.0788402301054,323.8620918706528,317.78968941413365,323.09100341796875,16592862.0
2025-06-23,321.6451685136371,323.572918928666,318.4161806854362,320.5848999023437,8277787.0
2025-06-24,319.0426968603384,319.71742127836376,309.74130689834385,318.0306396484375,100814893.0
2025-06-25,319.52464535364925,321.6451826695628,317.50050144575687,318.89813232421875,17963666.0
2025-06-26,320.3921428758439,325.59706359720195,319.3318741659966,324.9705505371094,13754087.0
2025-06-27,326.7055525018375,328.9706359788093,322.368113548272,326.0790100097656,50845169.0
2025-06-30,323.6211187020816,325.0669315927834,321.59697477207146,322.80181884765625,11858890.0
2025-07-01,323.13916331922974,323.13916331922974,320.1511442929075,320.5848999023437,8903292.0
2025-07-02,320.6331211514771,323.5247471280396,319.33188357899587,321.6933898925781,11326880.0
2025-07-03,322.5126647949219,324.19944648379163,319.0427080090765,322.5126647949219,15786429.0
2025-07-04,323.5729748291448,323.8621256752981,320.247593022672,323.38018798828125,5899185.0
2025-07-07,323.38016648697067,326.75373007178257,321.6933846945647,325.2597351074219,9454556.0
2025-07-08,325.9826256392108,331.4766969879898,324.82596355781595,330.802001953125,12092302.0
2025-07-09,330.8501831542614,333.1152958993795,330.4164275209972,331.5730895996094,9079872.0
2025-07-10,331.5730738890914,332.53694910388526,328.8742350537234,329.1152038574219,6426072.0
2025-07-11,328.1995309892771,331.5730944502535,327.2356557147124,330.320068359375,17234194.0
2025-07-14,330.6573935770453,332.536962085322,327.6694038266501,329.7417297363281,11516965.0
2025-07-15,330.753836565602,331.6695299587207,328.63332834149224,329.6453857421875,8450777.0
2025-07-16,329.6453459202335,331.3803096590212,328.4886838176156,330.0791015625,6001484.0
2025-07-17,331.7658748818231,332.0550256925682,329.6453375525641,330.2718505859375,7562006.0
2025-07-18,330.60921158047955,331.476693424631,328.34409885426203,329.7417297363281,6370338.0
2025-07-21,329.7417274033043,330.4164224261425,327.04285906653723,329.2115783691406,4463318.0
2025-07-22,329.211590800268,330.2236774954491,327.76577787727143,328.5368957519531,4728372.0
2025-07-23,329.45256554381035,331.573102968385,328.63329507149444,330.65740966796875,5058422.0
2025-07-24,331.18754358088205,331.18754358088205,324.3440233857043,326.6573181152344,9098453.0
2025-07-25,326.6572786497821,327.6211537885629,320.5366656354971,321.1632080078125,7790739.0
2025-07-28,321.4042093467202,324.44041045838185,318.416190230824,320.9222717285156,4605823.0
2025-07-29,320.0065832598592,323.38014663759867,316.6330198821197,322.5126647949219,7551356.0
2025-07-30,322.8982291877406,329.93450719204424,320.48854091022014,326.5609436035156,12537358.0
2025-07-31,323.9102872842972,327.81399995243777,320.97047934464405,322.1753234863281,8935384.0
2025-08-01,320.9704635213486,322.65724523655086,318.27162454308046,318.9463195800781,7107542.0
2025-08-04,318.9462926932358,321.2595872531914,315.3799721593856,320.0065612792969,8193399.0
2025-08-05,320.4403165118763,322.27167347744904,319.3318365187726,321.5487670898437,9855535.0
2025-08-06,321.5487791379775,323.28374276718307,319.62102869879914,320.1029663085937,13872826.0
2025-08-07,320.1029728024356,320.4403350191633,316.7775914613369,317.8378601074219,8731389.0
2025-08-08,318.0788493993302,325.3079141584059,317.7414871608787,322.6572570800781,11247218.0
2025-08-11,322.8982022000437,326.8500965279076,321.8861449741285,324.00665283203125,11993280.0
2025-08-12,324.1030394017729,329.5007464614544,323.6211017967145,327.81396484375,7221182.0
2025-08-13,328.006735881636,330.6092108232681,326.898285226918,327.6694030761719,5417151.0
2025-08-14,327.6693954728611,328.1513330867849,324.1512273591071,327.091064453125,5689423.0
2025-08-18,329.11519739248826,329.45253017893,323.3319462173276,323.9102478027344,6511340.0
2025-08-19,326.65730609434587,328.34408772892954,322.07889880047594,322.9463806152344,10316115.0
2025-08-20,325.59709730912107,330.9948054148287,324.3440710591991,329.6453857421875,10824544.0
2025-08-21,329.9827186066787,331.9104692286951,324.7295863956281,326.5609436035156,11135121.0
2025-08-22,326.2717404690978,326.6572846486634,323.3801149996523,324.825927734375,8534844.0
2025-08-25,324.8741458119554,329.0670090914061,324.8741458119554,325.645263671875,7142387.0
2025-08-26,324.0066220181349,325.2114659416109,319.76557729052644,321.1632080078125,13113388.0
2025-08-28,319.28367017065307,320.8740584182869,316.82580009841325,318.84991455078125,10486948.0
2025-08-29,319.0426969397077,319.524634548378,315.1871960703457,315.7173156738281,11813425.0
2025-09-01,316.1511257728366,319.62108303629867,316.1511257728366,318.75360107421875,6897558.0
2025-09-02,319.139111306881,326.0308136805144,319.139111306881,324.1512451171875,9224639.0
2025-09-03,324.34404294135953,325.7898559113804,321.45241700131766,322.1753234863281,10778333.0
2025-09-04,324.7067646668845,326.0698455924642,320.6174921772097,321.34771728515625,7934237.0
2025-09-05,321.3477065754627,323.05156510388605,317.3558332220759,320.0333251953125,5678244.0
2025-09-08,320.0819655458704,322.22397081264296,317.7452514358026,318.0860290527344,5239184.0
2025-09-09,318.96234374910136,319.49783029431,315.1164795002645,315.5546264648437,9735495.0
2025-09-10,316.9176816311353,319.4004349937631,316.5769039878698,317.063720703125,6509477.0
2025-09-11,317.8426598818364,324.7067639972028,317.4045129327979,322.32135009765625,10309925.0
2025-09-12,323.2463323245451,324.70678262119213,319.7412456700048,322.9542541503906,5257048.0
2025-09-15,322.2726868602519,324.99884876120643,321.9319091943985,322.3700561523437,6566824.0
2025-09-16,322.4674162687391,326.9461064481625,322.4674162687391,326.21588134765625,8784889.0
2025-09-17,326.654039746334,328.55263695939334,325.729076034754,327.5303039550781,7936518.0
2025-09-18,328.1144656847304,328.6986516849162,325.29093468225574,328.0657958984375,6497322.0
2025-09-19,328.0658186662319,330.54857219815693,327.579001917781,329.7209777832031,10646331.0
2025-09-22,330.20780074061804,331.3761728440439,327.9684555408116,330.2565002441406,6966213.0
2025-09-23,330.49988150037825,335.02727103197225,329.185470420126,333.9562683105469,10738268.0
2025-09-24,334.24832570139404,341.1611286054272,333.2260225429728,338.4349670410156,14653575.0
2025-09-25,340.09014866507107,341.5505988248918,331.03536955935664,331.5221862792969,13228081.0
2025-09-26,331.5222062123097,331.76561458691486,327.5790024288797,328.9907531738281,6337702.0
2025-09-29,330.15912972696384,334.6865196133277,329.0881269216138,331.9603576660156,16922231.0
2025-09-30,332.10636652454434,334.00493387161475,330.2077694645398,331.4735107421875,8308029.0
2025-10-01,331.3274478630151,334.00493982395403,329.1367726222469,331.2787780761719,6022078.0
2025-10-03,331.2788073444924,334.4431163051672,329.8183570549502,332.982666015625,8506827.0
2025-10-06,331.61956887075905,332.78791121772986,326.8000712648142,330.1591186523437,8436245.0
2025-10-07,330.15910697960675,332.39845201683084,327.9684317294348,329.0881042480469,16130172.0
2025-10-08,330.3051546275822,330.3051546275822,323.5383901273404,324.99884033203125,13223442.0
2025-10-09,324.9988455389022,327.5302985435104,322.46742224723,326.99481201171875,6824759.0
2025-10-10,327.140830577588,332.9339613375731,327.0921607915448,330.7432861328125,8970962.0
2025-10-13,329.03945661263583,333.08002973683045,327.335597970017,332.6905822753906,6663149.0
2025-10-14,332.9826263284076,333.9562597387245,326.3619310234256,327.773681640625,7545848.0
2025-10-15,328.06583054248426,332.7392596116203,327.8710919508797,330.30517578125,8121744.0
2025-10-16,331.2301379089212,333.5668524321098,330.69462164108523,332.495849609375,6788416.0
2025-10-17,332.49584996735246,335.1246723793556,331.1814387613509,332.009033203125,7032129.0
2025-10-20,332.3984742204967,335.3680742524105,331.32747141739566,332.9339904785156,6896835.0
2025-10-21,333.9076297508433,334.4431163051672,332.0577022804067,332.982666015625,346988.0
2025-10-23,334.735181602865,336.09829225769107,332.05768950835625,333.6155090332031,8710859.0
2025-10-24,333.4207964133735,334.1996913105691,329.23415463037406,330.6459350585937,7584711.0
2025-10-27,331.7169240706307,333.85889980555856,331.47351571123426,332.7392272949219,6752390.0
2025-10-28,333.3721030511047,333.8589197990511,328.4065662794642,330.2077941894531,13186584.0
2025-10-29,330.3051401920456,340.77169953490335,330.2077709067345,338.3376159667969,15423201.0
2025-10-30,339.7980859204898,339.7980859204898,334.3944319693928,336.0495910644531,6721032.0
2025-10-31,335.9035331193828,335.9035331193828,326.75138482625306,328.0657958984375,18651312.0
2025-11-03,327.96845836548454,328.60131421323376,324.6094108239077,326.3619689941406,10242245.0
2025-11-04,326.55666864209536,327.14085468232963,321.00697554221045,321.8832397460937,11887651.0
2025-11-06,323.29496808757773,324.17126194368166,316.0414168721309,318.037353515625,11587302.0
2025-11-07,318.5283289460286,321.1794707235281,315.04259620636043,320.19757080078125,8578167.0
2025-11-10,320.19755509731823,322.3086338346486,318.1355593676349,319.559326171875,5246998.0
2025-11-11,320.0502674312487,321.52311720320074,317.00637190950687,320.7375793457031,6103758.0
2025-11-12,321.5722171004597,322.30864202511725,319.6575003102673,321.2285461425781,6850550.0
2025-11-13,321.22855805298707,323.9778958527718,319.6575121624255,321.0321960449219,7276001.0
2025-11-14,321.0812685537484,323.92877228182584,320.2957606167639,322.5050354003906,9169855.0
2025-11-17,323.0450662911643,325.4507330262238,322.60319935118787,324.2233581542969,6283156.0
2025-11-18,323.0941513705254,323.78149328929214,321.2285475462821,322.5050354003906,6776200.0
2025-11-19,322.9959777931272,322.9959777931272,319.16654428563004,320.6885070800781,6935056.0
2025-11-20,322.063160920233,324.0269606819417,320.29575312077765,320.6885070800781,5155775.0
2025-11-21,320.93397130137885,322.4559040796471,319.117450589597,320.7375793457031,6142545.0
2025-11-24,320.7867253718314,321.1794793584478,316.2208666361393,317.5955505371094,13719726.0
2025-11-25,317.59552844775567,319.70660719854686,316.66271157486347,317.84100341796875,8074651.0
2025-11-26,318.4301329607124,321.86678269032626,318.1355749699714,320.19757080078125,7101095.0
2025-11-27,321.2285347987564,322.7995805755875,319.11745608232985,321.4249267578125,6755179.0
2025-11-28,322.0631620827824,322.21044107240084,318.3810375162871,320.5412292480469,8930988.0
2025-12-01,321.179443359375,322.3086221812875,319.55931461791755,321.179443359375,6936186.0
2025-12-02,321.52313434011546,323.9778840908716,320.835792423821,322.6523132324219,5806943.0
2025-12-03,323.0450661313389,323.0450661313389,315.484424937927,317.1045837402344,8546132.0
2025-12-04,317.0554707662575,318.43012462909417,315.2880629376399,317.1045837402344,5965357.0
2025-12-05,316.4172288065181,318.2828325411183,315.14077097895114,317.4482116699219,6574010.0
2025-12-08,317.3500520266732,317.3500520266732,312.0968816950888,313.7170104980469,7906928.0
2025-12-09,311.70411532889455,315.58260170700606,309.83848166590883,314.0606689453125,7152584.0
2025-12-10,314.0606669946609,317.84098733772913,313.7169960607083,315.77899169921875,5484712.0
2025-12-11,315.8280779401356,317.5955156334812,313.37332833704846,316.7608947753906,6317942.0
2025-12-12,317.0554557382619,320.050268261456,317.0554557382619,319.1665344238281,4261023.0
2025-12-15,317.2027224952664,319.4119970737621,315.7298727762693,318.0864562988281,10219819.0
2025-12-16,316.2208633208038,317.93918821379265,313.2751635042515,315.1898803710937,5241263.0
2025-12-17,314.2079584143969,316.56451210946364,313.7660914867942,315.4353332519531,5043027.0
2025-12-18,316.1717569539835,316.3190359408899,311.26225762239994,312.735107421875,5554193.0
2025-12-19,313.17698480349634,314.79711364396724,311.753217963721,314.1097717285156,10833662.0
2025-12-22,314.1588997474406,317.7919115689627,313.7170327856029,314.89532470703125,8925871.0
2025-12-23,315.23894766047425,318.8719892391196,314.4534397346514,317.3991394042969,6024641.0
2025-12-24,318.03736281353645,320.737587463793,316.4172340164237,316.7117919921875,5678004.0
2025-12-26,316.71180181921807,319.85389349582005,316.46632684339625,318.2337646484375,4174183.0
2025-12-29,318.23377503863554,319.9029869495987,317.2027621273976,319.6084289550781,14043845.0
2025-12-30,319.1174830972158,319.65751608252776,317.4973541760716,319.019287109375,8035909.0
2025-12-31,318.8719757222494,324.66517883393897,318.82289271591856,323.5850830078125,8497983.0
2026-01-01,323.83057185522665,330.8020670698365,323.6342098562783,330.2129211425781,10357315.0
2026-01-02,330.70387284694124,346.6106631415008,329.86928190785943,345.7269592285156,23128940.0
2026-01-05,344.0086448916721,348.3780815810187,342.09392805086566,344.2541198730469,18248271.0
2026-01-06,343.5667660613468,347.690757591952,339.8846414680231,344.4504699707031,8641743.0
2026-01-07,343.2231090921107,344.9905469480506,340.0319343145277,342.5357971191406,7165806.0
2026-01-08,340.4737915672416,343.46857428708546,336.00615899202387,338.16632080078125,8805975.0
2026-01-09,338.16631862243713,338.16631862243713,328.34731964986224,329.9183654785156,10161744.0
2026-01-12,330.65479065367214,334.4841942628559,327.6600079508352,331.3421325683594,9406174.0
2026-01-13,331.3421290941072,333.10953690590406,328.9855453914359,331.7839660644531,5583379.0
2026-01-14,332.7658593577418,344.1559038225124,331.3421225278992,342.78125,20389924.0
2026-01-15,342.78125,342.78125,342.78125,342.78125,0.0
2026-01-16,346.2669813321414,347.641635149834,339.14820731227024,340.0810241699219,14275582.0
2026-01-19,337.2826244547877,341.6520911099357,335.8588575765374,337.1353454589844,9974363.0
2026-01-20,336.79166588589715,341.9957233726868,331.58760839910747,332.6185913085937,7718407.0
2026-01-21,332.66765453744244,335.4169920746112,330.7038548531241,332.5694885253906,6948955.0
2026-01-22,332.56949297428673,336.9880423231114,330.99844721277464,336.2516174316406,5885972.0
2026-01-23,337.7244872641264,339.19733713450603,330.0165669494317,330.605712890625,10084314.0
2026-01-27,334.3369154228415,340.2283148135524,330.94934878710006,338.4609069824219,12203590.0
2026-01-28,338.4609034869478,346.8561355459258,338.4609034869478,341.750244140625,13566973.0
2026-01-29,343.6649716054019,353.97492075356394,341.01382983836294,351.6674499511719,20624409.0
2026-01-30,352.5020656800002,352.845736639582,344.74506242827283,349.5563659667969,22641103.0
2026-02-02,338.7063529524824,346.3651595184747,331.63666230294774,344.00860595703125,12622760.0
2026-02-03,359.3262947032176,359.3262947032176,347.3961864708703,352.0602111816406,11559806.0
2026-02-04,352.9439152761472,361.8791799948705,351.12739454924434,360.6027221679688,15515053.0
2026-02-05,363.0574940569719,363.9903109635528,358.39346945448204,360.3572692871094,18789794.0
2026-02-06,357.9334447872593,362.0391180448456,357.1420064340637,361.1487121582031,7328789.0
2026-02-09,362.6326786968706,364.6607885211468,357.1420034625941,358.0323791503906,7983235.0
2026-02-10,358.03237774559113,364.21558415246943,357.3893303175633,362.97894287109375,8319282.0
2026-02-11,365.0565002149359,365.0565002149359,362.08856118879817,364.5123901367188,5782448.0
2026-02-12,366.0458119192337,368.024437929608,362.92948199118166,364.31451416015625,6763353.0
2026-02-13,363.6219982726669,364.0672012202996,358.5270421199639,359.1206359863281,7111972.0
2026-02-16,358.72489167178406,365.699536086429,358.62595433574904,365.1554260253906,6292850.0
2026-02-17,364.8091562013766,365.551140925854,362.1379991166838,364.462890625,4442793.0
2026-02-18,364.51237438816,366.7383285615921,363.4735776590302,364.462890625,4871319.0
2026-02-19,363.077858640768,366.9361731711429,358.3291684789889,359.3184814453125,5375352.0
2026-02-20,358.92274335746885,369.656795416868,358.82383621088445,368.96429443359375,16736731.0
2026-02-23,370.00307557353455,372.47635816426674,368.1728404181052,371.4375915527344,16135451.0
2026-02-24,370.94291667388126,380.8855001199176,369.5578543384779,378.6595458984375,20774629.0
2026-02-25,378.659543189351,384.3975463982063,378.6100896169131,380.78656005859375,12750016.0
2026-02-26,380.8855104150926,381.7264325153354,374.356038483975,377.8186340332031,10721570.0
2026-02-27,376.9282583588319,381.0833850944805,376.08733625858906,377.8186340332031,11548959.0
2026-03-02,361.0992402897032,374.9001685362541,361.0992402897032,373.5151062011719,14732253.0
2026-03-04,366.7877974984261,369.8546738596943,360.2088720374161,361.89068603515625,11433169.0
2026-03-05,363.0284155353574,375.8400007037527,362.6821499488739,374.009765625,16158714.0
2026-03-06,372.9709989198574,381.4296129461071,370.64610734453646,376.5325317382813,14940896.0
2026-03-09,369.01373676287375,374.9496145660299,367.4308299770783,372.22900390625,11286578.0
2026-03-10,380.885514106757,381.3307170439763,370.8439929549573,373.2677917480469,10875834.0
2026-03-11,373.4656512161283,379.79724827130656,372.42688466018114,375.8399963378906,9963701.0
2026-03-12,374.9496368130693,388.20642532173457,371.63543213804354,386.3761901855469,23847146.0
2026-03-13,387.6623104086712,390.2839838563644,379.1047588795124,380.3414001464844,27107369.0
2026-03-16,380.3908568408736,384.1007806722215,371.4375860711289,378.3132934570313,16793109.0
2026-03-17,378.80794038547214,381.7758793754728,374.257094562517,379.2531433105469,9720902.0
2026-03-18,380.88552134827546,382.2210999938882,373.5646108723365,374.4549865722656,10681498.0
2026-03-19,369.5084106709135,376.680930021286,369.1126915036632,370.0525207519531,10568326.0
2026-03-20,371.8333121545404,379.2036761883169,371.4870465522228,376.8788146972656,20930288.0
2026-03-23,373.06994932918553,375.4442945608481,365.3532895869853,368.420166015625,13148432.0
2026-03-24,373.9603280410193,374.10871895830354,367.0351367810004,371.5364990234375,9339144.0
2026-03-25,371.9817033244563,376.87881495277634,371.58598414644126,374.3560485839844,9266292.0
2026-03-27,375.8400174268992,375.8400174268992,370.6461239728528,371.6354370117188,20263654.0
2026-03-30,370.0030780228232,373.9108766186234,365.6995602481738,366.6888732910156,17974103.0
2026-04-01,377.2250466508289,377.8186405077277,357.58720713825926,360.75299072265625,15449629.0
2026-04-02,356.1032390273179,357.438787471427,348.23818832243774,355.8064270019531,16551512.0
2026-04-06,354.9654968921836,362.8305474199893,351.89865070585967,362.1875,11534034.0
2026-04-07,360.9508595127945,365.8479408215277,358.3786396358509,364.9081115722656,12603971.0
2026-04-08,369.5084113183961,371.53649092375616,364.3145179866114,370.1514587402344,19491331.0
2026-04-09,372.92154904467407,380.0940683257955,372.4763461161676,374.6033630371094,18503665.0
2026-04-10,377.1261381021732,380.3414054410589,368.073899748776,376.08734130859375,14953758.0
2026-04-13,370.3493427224312,383.853459685983,370.3493427224312,382.1221618652344,15240045.0
2026-04-15,386.07940524459264,389.739875487484,382.9630752764215,388.404296875,7722460.0
2026-04-16,392.75725725678825,393.004585504431,383.65556566695807,386.6235046386719,9896906.0
2026-04-17,388.8000218647279,392.0152892211156,384.2986596423602,389.39361572265625,15320653.0
2026-04-20,388.8000169303549,396.5661301770477,386.4751252946467,393.74658203125,9895187.0
2026-04-21,394.3401654598922,398.3963547737153,391.4711638154834,391.9658203125,9493644.0
2026-04-22,393.7465643823424,402.8977094088164,388.9978741749087,401.0674743652344,16411131.0
2026-04-23,399.682469701678,401.5621584466409,396.1209367056527,397.951171875,9144699.0
2026-04-24,400.42445221194913,400.9191087310497,394.93377692650745,397.5554504394531,6266676.0
2026-04-27,399.5835027971541,409.9712889887167,398.2974080119159,405.8161926269531,13001752.0
2026-04-28,409.5755963191683,409.7734710026609,401.6116384673152,402.50201416015625,7726655.0
2026-04-29,405.1236701126512,405.6183266085152,395.3789311058422,397.0112915039063,11920835.0
2026-04-30,395.72519943082784,396.0219812538263,388.9483993522876,394.88427734375,7706357.0
2026-05-01,394.88427734375,394.88427734375,394.88427734375,394.88427734375,0.0
2026-05-04,395.7252046291212,400.47389500809584,393.004593847296,395.774658203125,6333200.0
2026-05-05,394.0433523347002,396.219852992005,390.3334286175466,394.3896179199219,6791514.0
2026-05-06,395.7252049995189,398.69314403701526,387.4644353068665,390.6302490234375,11120409.0
2026-05-07,392.50993927051593,399.18780213145095,388.9484063730631,396.0714721679688,9700378.0
2026-05-08,393.7465907998322,400.7707194378153,392.9056686756656,397.8522338867188,4740939.0
2026-05-11,397.60488241237664,400.6717587024605,386.8213769201532,388.7505493164063,10088836.0
2026-05-12,388.0085783534943,395.5768169149478,387.068718908324,388.5032348632813,10247516.0
2026-05-13,387.810705827126,389.8387854519429,381.676952995122,386.27728271484375,12322076.0
2026-05-14,389.4925381497376,394.2906820216197,387.0192556626081,392.0647277832031,7363948.0
2026-05-15,391.76795522266366,393.74658125914175,388.3053596588269,391.0259704589844,7107857.0
2026-05-18,388.8000213615194,389.64094347654304,380.7865797684525,384.1502380371094,7632596.0
2026-05-19,382.5673374521917,388.552668842187,381.9242598687504,385.2384643554688,6693518.0
2026-05-20,381.9737464504646,389.1462655335733,379.8961831605183,388.2558898925781,5386249.0
2026-05-21,389.29468082050215,391.3227604737416,383.705068188813,384.6448974609375,10596954.0
2026-05-22,385.78261549025615,387.3160385599597,383.309332996259,384.4964904785156,11755213.0
2026-05-25,387.761249649884,388.6021415623989,382.3200280485236,385.8815307617188,10489850.0
2026-05-26,386.5740448671816,388.0580143292437,384.8427471614425,385.5352783203125,9062218.0
2026-05-27,386.1783292983541,398.7920698429061,386.1783292983541,393.89495849609375,14418621.0
2026-05-28,393.89495849609375,393.89495849609375,393.89495849609375,393.89495849609375,0.0
2026-05-29,395.7252042307508,397.3575646599152,380.9844464114427,382.7651977539063,17003143.0
2026-06-01,382.7652114101271,384.8427748447488,372.4763617713314,374.6528625488281,18408900.0
2026-06-02,371.9322468421442,373.4656699667571,359.17008456297765,363.4736022949219,17496468.0
2026-06-03,364.1166461619816,367.5297881690634,359.813158663623,362.8800048828125,10825715.0
2026-06-04,362.88000261584017,364.8586286501499,360.45620383867305,362.4842834472656,14363519.0
2026-06-05,362.0390981204508,364.56183414993416,354.8170952313841,357.7850341796875,10277061.0
2026-06-08,355.11392671139623,361.4455241099741,351.3545190558946,358.52703857421875,14933986.0
2026-06-09,358.9227333059097,359.8131391317271,351.20610421935453,351.8491516113281,14246656.0
2026-06-10,355.16336324978846,355.16336324978846,347.34779667060127,347.89190673828125,14939921.0
2026-06-11,348.2381736255446,349.57375220472534,345.0723599705559,348.0897827148437,15079402.0
2026-06-12,353.1847351744197,353.1847351744197,345.9627624701168,350.11785888671875,8740239.0
2026-06-15,353.5804508767408,354.17404469944046,343.24214841308515,344.3798522949219,17190759.0
2026-06-16,346.01221048640843,352.39329120526247,344.77556927666427,351.7502136230469,14555184.0
2026-06-17,351.7502136230469,352.2448701069445,348.2876182357633,351.7502136230469,9299676.0
2026-06-18,353.1847367765176,359.6647247724534,350.266251384843,358.08184814453125,12260776.0
2026-06-19,358.0818551097652,364.06718672804,356.1032290949389,361.89068603515625,17465450.0
2026-06-22,361.890678103774,364.56183524182177,360.1593803787449,363.1273193359375,11946682.0
2026-06-23,363.9187889418816,365.3038210878136,358.03236458237546,360.7035217285156,11696171.0
2026-06-24,358.9722253658766,360.15938284201127,351.70076883273526,353.23419189453125,12770898.0
2026-06-25,352.64062950948494,355.1633655727726,347.6940645293628,348.2876281738281,19767157.0
2026-06-26,348.2876281738281,348.2876281738281,348.2876281738281,348.2876281738281,0.0
2026-06-29,348.2381831371744,354.0751239185157,347.79298020147525,352.2943725585937,49895302.0
2026-06-30,350.9587818236566,354.52031461195133,349.1285467610599,352.8384704589844,10291360.0
2026-07-01,354.1740410944479,356.9935890799953,350.46411747963174,354.0751037597656,6915166.0
2026-07-02,356.1032309165304,356.1032309165304,348.5349622179558,354.42138671875,6513560.0
2026-07-03,354.4213762934975,356.30106492361955,351.65131201662666,352.640625,6588714.0
2026-07-06,352.1954207785088,355.55907887125227,350.8598422176064,352.4427490234375,6204261.0
2026-07-07,351.9975494811349,353.33312805484354,348.78228226623173,350.4146728515625,8149003.0
2026-07-08,348.1887169060533,349.227483463009,343.8357156219206,344.97344970703125,9572223.0
2026-07-09,345.27023274513823,347.24885872075504,339.4332921553558,340.0268859863281,17821421.0
2026-07-10,340.81834427584806,345.0723782961847,339.53224939289186,340.8677978515625,13016441.0
2026-07-13,341.36243560757714,351.2061119486274,340.0268872223302,347.9908447265625,8226337.0
2026-07-14,344.7755868837612,350.1673549101683,343.7862738654434,344.4293212890625,8579646.0
2026-07-15,343.78628243971525,344.7261419071329,339.3838273218257,340.6699523925781,11352533.0
2026-07-16,340.5215504547561,342.3517553719133,338.4439870934176,338.7902526855469,10347549.0
2026-07-17,338.8397026855022,340.2247348479731,336.61374843428354,338.1966552734375,7612446.0
2026-07-20,339.3343601652493,345.5670200100771,337.454671497082,343.5389404296875,14463484.0
2026-07-21,343.4894942942517,345.4186365777892,340.4720714536867,344.8250427246094,8575793.0
2026-07-22,343.6873350439277,347.1004770189875,341.95603726933393,346.75421142578125,7035952.0
2026-07-23,344.825027954766,346.9520750201726,343.3905422450819,344.87451171875,6863144.0
2026-07-24,344.2314867382846,346.25956640781226,341.4119385163905,343.489501953125,6300466.0
2026-07-27,349.227495590697,349.227495590697,344.0830558170353,347.0509948730469,12350753.0
2026-07-28,346.21010785960067,346.2595614346591,338.44399451485003,340.07635498046875,12409670.0
2026-07-29,340.02688468314346,341.6592450684839,337.5041184590389,339.8290100097656,8471125.0
2026-07-30,339.8290027606085,343.9346455184102,338.1966424100892,341.1645812988281,9943764.0
2026-07-31,340.42261050727365,344.5282534330847,339.87847024054304,343.5389404296875,8519119.0
2026-08-03,343.5389463747265,347.1499328613281,341.60977390814224,347.1499328613281,5460220.0
2026-08-04,344.2809347144051,345.2207941702293,337.9493373556461,339.9774169921875,7201524.0
2026-08-05,339.7795632536122,346.1606140136719,339.08703207433274,346.1606140136719,18554536.0
2026-08-06,343.7862708050272,345.5175685716712,339.4332996014668,341.31298828125,10079779.0
2026-08-07,341.312973579351,343.2915995131444,338.8396911621094,338.8396911621094,7012048.0
2026-08-10,338.8396945158717,340.02688216447257,333.5468640523001,336.8116149902344,8818488.0
2026-08-11,335.9707117612012,336.76215011035725,332.45863238215605,334.8330078125,10043994.0
2026-08-12,334.83301361086006,337.70201541553126,331.7661371197543,335.82232666015625,10152704.0
2026-08-13,334.4372614728004,340.5710144042969,334.3878078973198,340.5710144042969,9672695.0
2026-08-14,339.97741102121824,339.97741102121824,333.8931420270134,336.3664245605469,7507624.0
2026-08-17,336.3664069020076,336.6631887138763,332.1123732442329,333.3984680175781,7839848.0
2026-08-18,333.3984686712306,335.67387641051346,330.3315924463536,333.4974060058594,9943991.0
2026-08-19,332.7059493382513,335.2287155994345,330.0348223570086,332.9532775878906,7502595.0
2026-08-20,333.4974082916147,335.92120695373524,330.82625119550914,333.89312744140625,4185077.0
2026-08-21,333.3984855203068,339.1859726870624,333.3984855203068,336.3664245605469,6534716.0
2026-08-24,337.0589528190787,338.39450122243744,333.8436855534105,335.87176513671875,5401943.0
2026-08-25,335.37709551862594,337.1578467810886,332.06289104379783,336.218017578125,5260835.0
2026-08-26,337.8998467135045,340.76887859756096,331.0241394042969,331.0241394042969,5903358.0
2026-08-27,331.419867469414,332.3597269313501,324.8903953854603,327.3636779785156,12911842.0
2026-08-28,325.9786255355717,329.5401582868424,325.2860943759172,326.5227355957031,7332490.0
2026-08-31,326.57221912108184,326.91848470065645,320.04274744708897,323.90106201171875,18400774.0
2026-09-01,323.90106266400284,324.7419847328244,321.57617112953244,324.0,7377499.0
2026-09-02,324.0,331.1000061035156,321.0,330.0,11993091.0
2026-09-03,330.45001220703125,332.70001220703125,329.1000061035156,330.8999938964844,8100926.0
2026-09-04,332.75,334.04998779296875,329.79998779296875,332.5,7032282.0
2026-09-07,332.5,333.79998779296875,330.3500061035156,332.0,5245813.0
2026-09-08,330.0,333.20001220703125,328.6499938964844,330.79998779296875,7351373.0
2026-09-09,331.1000061035156,337.5,330.8999938964844,334.5,11795145.0
2026-09-10,335.6499938964844,335.70001220703125,333.1000061035156,335.0,6905905.0
2026-09-11,333.0,336.25,331.6000061035156,333.3999938964844,4968535.0
2026-09-14,333.3999938964844,333.3999938964844,333.3999938964844,333.3999938964844,0.0
2026-09-15,333.0,333.29998779296875,326.3999938964844,329.5,8445501.0
2026-09-16,329.5,329.95001220703125,326.54998779296875,327.0,6556304.0
2026-09-17,327.79998779296875,331.29998779296875,327.20001220703125,329.6000061035156,5589949.0
2026-09-18,329.79998779296875,330.8500061035156,323.6499938964844,323.6499938964844,9448827.0
2026-09-21,325.0,328.75,324.8500061035156,326.3999938964844,5098202.0
2026-09-22,326.5,329.0,325.54998779296875,327.79998779296875,6219007.0
2026-09-23,326.5,329.3999938964844,325.0,326.0,10525477.0
2026-09-24,326.95001220703125,327.70001220703125,324.3999938964844,326.6000061035156,7662580.0
2026-09-25,327.3,327.3,323.5,326.6,6075589.0
