Date,Open,High,Low,Close,Volume
2021-09-23,99.783207776674,102.4110318427118,99.48710840167698,101.96688842773438,18688982.0
2021-09-24,102.81814533988054,103.55837680034055,99.5611314318708,100.7455062866211,33667173.0
2021-09-27,102.18897404823136,104.18759709766933,101.7818444115775,103.6324234008789,34196564.0
2021-09-28,104.96483718777132,106.29725625123416,104.37264968233926,105.26092529296876,46109879.0
2021-09-29,104.26160050196404,110.1464380588775,103.15125336688467,107.14849853515624,68003697.0
2021-09-30,107.14851308116452,108.11081632121166,104.63173041799811,106.96345520019533,26714630.0
2021-10-01,107.48160481230698,110.77563252208326,106.66735699030323,108.25885009765624,42893182.0
2021-10-04,109.40623803788922,109.92439792397774,108.8140504702002,109.25819396972656,16099471.0
2021-10-05,111.03472962058808,121.84211448834002,110.29449808978414,121.13888549804688,131238378.0
2021-10-06,122.87843166159584,127.87499439482336,122.7303876173964,124.43292236328124,101221817.0
2021-10-07,125.9504049222098,125.9504049222098,118.066942731213,118.73314666748048,59769140.0
2021-10-08,121.32394724487068,123.32258147772644,118.80716447799344,119.14026641845705,30561341.0
2021-10-11,121.21290946729256,123.0264744033684,120.4356641246782,122.13819885253906,18143592.0
2021-10-12,122.21224160945768,122.76741530914624,120.47269283241836,121.06488037109376,11619888.0
2021-10-13,121.13889835120936,121.24993986963382,118.21498575330624,118.4370574951172,16690451.0
2021-10-14,119.17728261358634,119.73245629035772,117.43773390835446,117.73383331298828,14821875.0
2021-10-18,121.21293195738156,122.5083373370788,119.32533900224364,119.9915542602539,22899876.0
2021-10-19,121.02784846753082,121.02784846753082,116.95657527749157,117.40071868896484,10331930.0
2021-10-20,117.88185353857143,117.95588119852492,113.7365530719483,114.6618423461914,17118996.0
2021-10-21,116.66047657572574,118.65909915527088,114.40276848057646,114.73587036132812,31555789.0
2021-10-22,116.21634310035074,117.21566012273124,114.36576438856171,116.25335693359376,27317028.0
2021-10-25,117.69682964138062,120.62074233258336,117.6228019600688,119.47338104248048,34568006.0
2021-10-26,121.06486767293777,121.36095576370067,118.65911522661996,120.73176574707033,33022684.0
2021-10-27,120.73176606072371,121.10188182265723,116.2163492471203,116.88255310058594,21652522.0
2021-10-28,111.0347181141843,116.1053080927463,110.07241496485425,111.1827621459961,24815027.0
2021-10-29,110.96068713252616,112.40414746087296,108.07378906590311,110.3314971923828,18736450.0
2021-11-01,111.03473026066575,113.69956830493648,109.85035528653724,113.366455078125,11444653.0
2021-11-02,113.95863818385774,114.58783948249224,112.03404304368928,113.2184066772461,20609479.0
2021-11-03,111.9230178328021,114.14371267589355,110.88669809070798,112.51520538330078,11591857.0
2021-11-04,112.51519411075984,113.14439543794664,111.96002045560806,112.55220794677734,1114216.0
2021-11-08,113.21839333737915,115.14299954581888,112.29310406313608,114.6618423461914,16568525.0
2021-11-09,115.84622992468306,117.06760738351022,114.73588267300876,115.95726013183594,13601954.0
2021-11-10,115.99425804142574,117.4747208404102,115.80920019155268,116.73448944091795,13900618.0
2021-11-11,115.92024841807716,116.10530627870943,113.29242453809164,113.62552642822266,14158749.0
2021-11-12,113.99566824026738,115.18004333740224,113.47750837091012,114.47681427001952,10552485.0
2021-11-15,115.80920810979434,120.10255277940578,115.47610621625456,116.80852508544922,45750584.0
2021-11-16,117.99289821742082,118.21496992950608,116.06830306776683,116.32737731933594,12956283.0
2021-11-17,116.21633260516398,117.88185329536536,115.9202445560311,116.51242065429688,11420415.0
2021-11-18,116.21633501298678,116.21633501298678,113.77356902440738,114.21771240234376,18351511.0
2021-11-22,116.09831183966436,117.97891025092548,112.06845308159336,112.49063110351562,21558590.0
2021-11-23,111.91496079272872,113.373381492185,110.07273222693598,112.60578918457033,21216047.0
2021-11-24,114.3712201433123,119.62923058658892,114.3712201433123,117.78700256347656,36294271.0
2021-11-25,118.20919464488342,119.74437899092086,117.09618833651167,119.05355072021484,11554142.0
2021-11-26,116.86592200632631,116.86592200632631,112.26036842972232,112.91282653808594,23135841.0
2021-11-29,111.30087471719357,112.10684891109952,108.92133408995268,110.61004638671876,18736522.0
2021-11-30,110.03434989829375,113.4117509959017,108.3072673958181,109.07485961914062,22980651.0
2021-12-01,109.30513659903949,110.26462695441212,107.19425781721966,109.19000244140624,14278744.0
2021-12-02,107.8467066552904,111.03220967575584,107.76994274846058,110.53327941894533,8561767.0
2021-12-03,110.5332711686685,112.72091351222582,109.88081314689826,111.99169158935548,10690334.0
2021-12-06,111.9149538581978,111.95333581370612,109.5737951225312,110.03435516357422,7749262.0
2021-12-07,111.30086332956203,112.26035353067896,110.91706724911528,111.99169158935548,10253663.0
2021-12-08,112.83607335200443,115.4075123617048,112.68255722736475,113.91069793701172,12266948.0
2021-12-09,114.75503195698752,115.0620641467779,112.33712125293816,113.1047134399414,7989291.0
2021-12-10,112.26033722181666,113.60362330823156,111.72302512975573,113.25820922851562,10324085.0
2021-12-13,114.33284380122387,115.52261392837347,111.56951919988816,112.03006744384766,13595587.0
2021-12-14,110.72516291796256,113.18145535076049,110.49488294027265,112.75927734375,12331999.0
2021-12-15,112.29871904598748,113.37334322895332,110.22622285739612,110.494873046875,10361033.0
2021-12-16,111.53115997487086,112.26037029410462,110.95546576823442,111.56954193115234,12156709.0
2021-12-17,110.68679482001632,111.37763483953204,106.3115215465276,107.00234985351562,17667617.0
2021-12-20,105.5439258689311,105.65906001214084,101.05350688331475,102.85735321044922,17238729.0
2021-12-21,103.66333124493936,105.04499957799936,102.70384097372096,104.43092346191406,8615570.0
2021-12-22,105.46715531197778,105.88933333132692,103.85521884608995,105.00660705566406,4968143.0
2021-12-23,106.311510676591,108.23049101371356,105.2752566095342,107.84669494628906,6324169.0
2021-12-24,108.6526742749049,108.69105622600529,105.31364364213049,106.31151580810548,5657495.0
2021-12-27,104.81471874956355,105.96610706600872,104.39254069102816,105.42879486083984,4404298.0
2021-12-28,106.8104472436782,107.8467013724816,106.31151701130749,107.07910919189452,8738089.0
2021-12-29,107.61642537598134,108.11536733942526,105.50554680090404,106.6185531616211,6571286.0
2021-12-30,106.50340871030323,108.38400709817807,106.311510676591,107.84669494628906,11556524.0
2021-12-31,107.80831243346805,109.72729276055904,107.04072030263164,109.30511474609376,6393760.0
2022-01-03,109.26674971497104,110.11109407159924,108.38401169494024,109.80406188964844,3765911.0
2022-01-04,109.8424531280108,114.0642104056942,109.8424531280108,113.45013427734376,16351836.0
2022-01-05,113.98744331616352,115.98318774947104,113.14308719918088,115.4074935913086,12977680.0
2022-01-06,115.59939070089776,116.21345509457234,113.87230824050104,115.7529067993164,9012777.0
2022-01-07,116.29020770995848,120.89576049055088,116.1750735754542,120.55034637451172,30889365.0
2022-01-10,121.47149199874808,122.35421853521196,120.05144143570963,121.54825592041016,16418985.0
2022-01-11,121.89365710365097,124.08128808664544,120.9725487048886,123.54397583007812,14457548.0
2022-01-12,124.8872516147197,127.19002827035384,123.88937938810602,126.61433410644533,21220614.0
2022-01-13,126.61432525816424,127.036503291366,125.15590482986022,125.84673309326172,7445346.0
2022-01-14,125.0791248922016,125.34778680048362,122.9682467093514,123.6207046508789,11646259.0
2022-01-17,124.73374460606196,129.10901822819963,124.58022849366792,127.30518341064452,32577835.0
2022-01-18,129.1857876984272,129.2625399016619,125.42457836405283,125.77000427246094,11175409.0
2022-01-19,126.88299238221327,131.2582655583184,126.57594847619784,130.6825714111328,36648534.0
2022-01-20,131.18150834847253,131.18150834847253,127.80410719763044,128.07276916503906,14474454.0
2022-01-21,126.883020022935,127.72736459522628,124.5802429325461,125.61648559570312,8625926.0
2022-01-24,126.80623683556408,129.18577748578124,125.6932304201508,127.19003295898438,28783449.0
2022-01-25,125.11754922495696,127.95763849062496,125.11754922495696,126.7678680419922,14249846.0
2022-01-27,126.72948463839693,129.5311916543539,126.26892460528128,127.19003295898438,25936832.0
2022-01-28,128.61007457587598,134.0983540834559,127.61220238017218,129.56956481933594,32790065.0
2022-01-31,131.71881229997695,134.2134866866241,130.14524611358664,132.4864044189453,24031034.0
2022-02-01,133.56103761195618,134.25186588011067,129.33928067594607,131.21987915039062,14220953.0
2022-02-02,130.91284652372707,133.59941911026635,130.87446457284256,131.48854064941406,12478192.0
2022-02-03,130.49066617595616,131.45015636842643,127.42029756005132,128.57168579101562,12529302.0
2022-02-04,130.49067171598213,132.5631682772011,129.7614614812512,130.1836395263672,17434362.0
2022-02-07,131.02797930545444,133.02372360548975,129.87659106601717,132.1026153564453,11723574.0
2022-02-08,132.02589543136585,132.79348784666448,127.80413714722332,128.14955139160156,13231599.0
2022-02-09,128.87871980212125,130.18363585247707,125.19428678061074,125.84673309326172,17938632.0
2022-02-10,127.30517572240484,130.7977109904298,126.76785179268296,129.7998504638672,26763203.0
2022-02-11,128.91713206678605,130.87449489005232,128.26468560071712,129.07064819335938,12884995.0
2022-02-14,129.6463341374157,135.3649061138751,126.8062449841075,127.57383728027344,44604164.0
2022-02-15,130.4906707118804,130.4906707118804,120.05141236991908,126.00025177001952,31146458.0
2022-02-16,126.2689194722514,129.6463205360422,126.2689194722514,129.37767028808594,15960268.0
2022-02-17,129.37766128089524,132.3328840778395,129.33927933027996,131.83395385742188,24640791.0
2022-02-18,131.41177969690858,131.83395774105935,127.95761486526511,128.87872314453125,11829998.0
2022-02-21,129.84832881718154,129.9646874720784,126.47414087123056,126.74562072753906,14222260.0
2022-02-22,129.15022349801757,129.15022349801757,126.6292731894977,127.94792175292967,29399172.0
2022-02-23,128.95629437863363,129.07264118807743,123.83682171706528,124.69007110595705,21301826.0
2022-02-24,124.69007654623212,125.96993884951956,121.00561083180226,121.50979614257812,28766189.0
2022-02-25,123.6429094379683,124.4185864403041,121.6261563334303,123.7204818725586,20225258.0
2022-02-28,124.49615623822822,125.54332490356056,120.8504767716391,124.6125030517578,20210070.0
2022-03-02,128.49088613360215,130.58522343415035,125.5820974782756,126.39656066894533,41103406.0
2022-03-03,130.5464396012751,133.2613090624714,126.35777675960873,132.09779357910156,42345653.0
2022-03-04,131.94267200207997,132.6407766183458,127.09469040053222,128.18063354492188,32658756.0
2022-03-07,129.61564918456958,147.2235171287004,129.61564918456958,145.01283264160156,132538155.0
2022-03-08,147.37862617740169,151.21822486063468,137.91536939003103,138.9237518310547,73127816.0
2022-03-09,141.94890732625467,142.5694513648049,134.85146669429918,136.0537567138672,51977091.0
2022-03-10,130.50762449324804,137.21722422763895,127.98667483736064,135.2392578125,62112814.0
2022-03-11,133.80428909196308,136.82942480664184,133.18374509421318,136.2864532470703,26187452.0
2022-03-14,134.96779374167616,136.13130920496647,132.33049675924133,133.2613067626953,20214021.0
2022-03-15,130.54645340114206,131.47726351905416,125.38819377806236,127.01712036132812,42333127.0
2022-03-16,128.76238472340776,130.1973919381158,125.54332983967936,129.77076721191406,25545119.0
2022-03-17,129.22779108730091,133.02860359861913,127.67643710947446,132.09779357910156,66314748.0
2022-03-21,133.18373319655285,135.74346956117031,132.09779017442,133.8430633544922,20614652.0
2022-03-22,136.6743177035168,140.5914898570579,134.8126971928708,136.09255981445312,39742745.0
2022-03-23,136.90699742321118,137.8378075031027,135.62713504284687,136.20889282226562,10994784.0
2022-03-24,138.76858897107743,139.9321042900162,136.90696919513132,137.64385986328125,20332589.0
2022-03-25,138.45833912336957,139.04009685077867,135.82104216013806,136.364013671875,13608989.0
2022-03-28,136.13130401684688,137.9929239528064,135.47197387842033,136.79063415527344,15253027.0
2022-03-29,135.7046996152862,135.89861888076555,132.2917252772063,132.64077758789062,14210783.0
2022-03-30,126.43536796098874,127.87037533784807,125.0003605841294,125.6596908569336,95239532.0
2022-03-31,125.54332501532689,128.18062203540524,125.0003416559947,127.13345336914062,33523683.0
2022-04-01,127.13348372470078,130.50768415641608,126.86200381610516,130.2749786376953,28335224.0
2022-04-04,129.49927435896927,131.12820081315178,128.25819824539906,130.35252380371094,17745513.0
2022-04-05,132.05902181087768,133.9982144953252,131.32213095796618,133.30010986328125,20054934.0
2022-04-06,132.33047015125564,134.57992819362343,132.09776473820992,134.03695678710938,12969222.0
2022-04-07,132.3305030085819,134.81266708031043,130.46887107786657,130.9730682373047,24550313.0
2022-04-08,131.08940516791722,132.87346452850497,130.85669971464213,132.5631866455078,9529874.0
2022-04-11,132.64076540654202,133.99820014023467,131.5160361372321,132.7958984375,9724979.0
2022-04-12,132.6407672578356,133.57157729246663,130.46886928643536,131.0118408203125,13184429.0
2022-04-13,132.95104354664073,135.62713887632012,132.40807197101472,135.16172790527344,23458303.0
2022-04-18,136.5191466986725,138.84617760830898,135.82104216013806,136.364013671875,23916912.0
2022-04-19,137.5275219710405,139.46671429484002,136.5191395954866,137.41116333007812,17880666.0
2022-04-20,137.21724485283045,137.56630894174785,135.58833039340902,136.1313018798828,10076403.0
2022-04-21,136.28645400477464,137.06213104730142,134.890232961048,135.0841522216797,12246720.0
2022-04-22,135.08413550391225,136.75184804048715,134.73508324515174,134.96778869628906,10267952.0
2022-04-25,132.64076608927613,134.19212007862438,130.5464405708343,131.59359741210938,12583497.0
2022-04-26,132.71833410028273,133.18373318004288,128.52967136709398,129.499267578125,20086229.0
2022-04-27,130.2749452128436,131.0118359698155,126.706838239546,127.87035369873048,13981957.0
2022-04-28,128.76239121515977,128.76239121515977,126.00873530091006,127.83158111572266,13030499.0
2022-04-29,129.15022287627752,129.88711367265748,123.72048377637395,124.4573745727539,15964743.0
2022-05-02,122.6733318454332,123.52658141215086,120.92805832469638,121.2771224975586,23405519.0
2022-05-04,123.332664125322,126.28023959738267,122.51820076863642,125.8536148071289,23661920.0
2022-05-05,127.36615656488242,130.62399748342068,126.74561261947242,127.87035369873048,26878516.0
2022-05-06,127.13345045603106,129.84831984691792,124.96156441203456,129.499267578125,16768573.0
2022-05-09,128.18063179676017,129.77077210755957,126.2414391825883,127.79279327392578,9952775.0
2022-05-10,124.45736843572844,125.3881784397779,118.60100489957576,119.80330657958984,22602956.0
2022-05-11,119.45425807748886,124.10832008050792,119.26033882736309,123.02237701416016,15084514.0
2022-05-12,123.33264808532913,124.88400214929553,119.45426292541308,121.3934555053711,21459069.0
2022-05-13,124.10834763565292,124.34105315464863,118.63982120077809,119.10523223876952,12934346.0
2022-05-16,119.60939305077127,121.19953329477714,117.74777295372029,119.06642150878906,13205775.0
2022-05-17,121.00559641712584,126.9783061807931,120.65654417925448,126.55168151855467,17843200.0
2022-05-18,125.65968972860018,127.5988824713255,124.26346858665931,126.59049987792967,12616832.0
2022-05-19,122.9836004015604,125.69847011534364,122.40184260574968,124.10832977294922,8932407.0
2022-05-20,125.38818828471383,127.05590101563988,124.18589834619254,125.58210754394533,7235654.0
2022-05-23,125.46575781774337,127.36616414703155,119.95844624872828,120.30751037597656,18029557.0
2022-05-24,122.09156352079708,122.36305522395529,116.46790488134432,116.85574340820312,19141394.0
2022-05-25,118.60100264065797,118.87249431145166,114.4899242147497,118.3683090209961,19366472.0
2022-05-26,118.52344904951168,118.91128755305331,114.87776948339835,117.82533264160156,12824105.0
2022-05-27,120.22993869850596,120.6177772104366,109.44803280119032,111.5423583984375,52469252.0
2022-05-30,112.9773585374154,114.25723278209152,109.48681178339564,111.7362823486328,40261336.0
2022-05-31,112.78343633695636,118.67858654684272,112.78343633695636,117.32115173339844,57675204.0
2022-06-01,117.28235250161352,118.60100094975904,115.3819463408252,116.15762329101562,22780094.0
2022-06-02,114.64504511230676,118.60099009467103,113.24882436257646,118.25193786621094,25429955.0
2022-06-03,119.4154776762185,119.60939693578882,117.24357960185256,117.59264373779295,16747177.0
2022-06-06,118.7561707521662,121.00562964584049,118.5234652510532,119.41548919677734,30327268.0
2022-06-07,120.07480210795336,126.39656493100829,119.60939117305102,125.54332733154295,61411715.0
2022-06-08,126.82319316413697,129.07265179477093,125.73725006711892,126.74562072753906,45994327.0
2022-06-09,128.76239766219317,129.8095664739237,127.59888202066732,128.41334533691406,31122996.0
2022-06-10,127.21102465853768,129.26656392018796,126.70683935613782,127.7152099609375,17812698.0
2022-06-13,125.65969152094308,127.17225951466465,122.9060354198178,123.75928497314452,12237777.0
2022-06-14,123.75926936409502,124.53494637441727,120.4626420702254,120.96682739257812,12844437.0
2022-06-15,121.74252578952112,121.97523130067576,116.97211607237374,117.43751525878906,16223385.0
2022-06-16,115.69222642422784,117.5538584321032,110.6115512527223,111.34844207763672,25130676.0
2022-06-17,110.49517459864104,112.58949991000075,109.0989537791044,109.71949768066406,22922034.0
2022-06-20,107.50882919673948,107.74152281127868,100.83800274249498,104.2509765625,28656582.0
2022-06-21,105.56963665201198,108.74990501603506,104.71638728055484,107.89666748046876,20581784.0
2022-06-22,106.22896653589744,106.22896653589744,101.6136905900178,104.6000518798828,31824106.0
2022-06-23,103.9407200586173,105.80234016113128,102.54449906378584,104.56126403808594,26829020.0
2022-06-24,106.267746298619,109.37045421974656,104.87152536693333,106.53923797607422,25461812.0
2022-06-27,108.5947701282299,110.61153487925328,106.46165857213968,109.75828552246094,24188349.0
2022-06-28,110.76666495393656,117.70897092115268,110.26246786163632,115.84735107421876,54387675.0
2022-06-29,115.8473771440502,122.0915681969162,113.40398722972208,119.57061767578124,165860322.0
2022-06-30,118.67856211162707,119.80329121544166,115.7697738245774,117.5538330078125,38725546.0
2022-07-01,115.53707837562504,117.24356528427208,100.83800266239956,101.6524658203125,125788305.0
2022-07-04,100.79923555621644,100.79923555621644,96.26152575979911,97.73531341552734,85993413.0
2022-07-05,98.51097893215189,99.75206686565376,97.7353019326861,98.82125091552734,44595740.0
2022-07-06,95.40827846413944,95.79611699448148,92.9648945393954,93.8181381225586,59092334.0
2022-07-07,94.05084625429473,96.30031097716198,94.05084625429473,95.7961196899414,36229792.0
2022-07-08,98.00679099635046,98.00679099635046,93.8569200931753,94.24475860595705,42778692.0
2022-07-11,94.24475006468268,97.65772985143724,93.89569780199167,97.3474578857422,31521678.0
2022-07-12,96.88206439075682,98.31706574466364,95.79611534095432,96.2615203857422,25216226.0
2022-07-13,94.98165068877884,96.88206297770164,94.16719335176572,96.5330047607422,27166975.0
2022-07-14,96.4942227828459,102.85477791813044,96.02881775293386,98.62733459472656,38464081.0
2022-07-15,98.97638356504956,99.59692161145222,96.64935257566152,98.16192626953124,18088858.0
2022-07-18,98.54975721340033,101.38097329910472,98.47218478534371,100.76042938232422,21010247.0
2022-07-19,101.22584245306446,103.32016786077725,96.53299451622313,99.2090835571289,33778758.0
2022-07-20,104.71638510719198,105.95747292430012,102.54448734519802,102.81597900390624,60317150.0
2022-07-21,103.16504231075147,103.5528808156791,102.23423226610352,103.24261474609376,20853780.0
2022-07-22,103.78557957970555,103.78557957970555,102.04030642030207,102.73841094970705,11630255.0
2022-07-25,102.38935585458444,102.73840810963785,99.59691414237584,100.68286895751952,21705935.0
2022-07-26,101.49733884411874,102.07909658643683,99.09273544151402,99.44178771972656,22172845.0
2022-07-27,100.13990606837348,100.99314367224058,99.13152359481076,99.75206756591795,20187969.0
2022-07-28,101.14826819330682,101.22584062162608,99.48056750746012,101.03192138671876,25736737.0
2022-07-29,101.18706525399958,104.32855956342232,100.76044052429415,104.05706787109376,19738642.0
2022-08-01,104.01828949975604,107.8191020312492,103.32017310449358,107.35369110107422,20592826.0
2022-08-02,106.03504180908205,106.30653348902528,104.40612723709722,106.03504180908205,15037928.0
2022-08-03,105.49206509187108,107.39247125024497,103.7855781707984,105.22057342529295,15853543.0
2022-08-04,104.21221536332143,106.38410161296332,103.94072366417002,105.68599700927734,14311959.0
2022-08-05,104.79397023540852,107.43126737154448,103.63045470430876,105.87991333007812,66480753.0
2022-08-08,105.7247802931099,106.65559035081132,104.75518401719344,105.87991333007812,12451233.0
2022-08-10,105.80234434362104,106.0738360440872,103.51409942502212,103.78559112548828,15829467.0
2022-08-11,104.32855142274992,105.49206686612632,102.42814523241336,103.00990295410156,19479706.0
2022-08-12,103.86315242536404,108.3620816896776,103.55288633922898,107.9742431640625,40876891.0
2022-08-16,108.20693984896909,110.0685598862076,105.56964282356586,108.55599212646484,31230003.0
2022-08-17,108.5560010760742,109.2153313047275,107.5864047609326,108.32329559326172,15694770.0
2022-08-18,109.79248904277132,109.83219941898994,106.97322198192558,107.64826202392578,42597708.0
2022-08-19,109.19685492111796,109.99101386599882,106.45700898485975,106.893798828125,35382493.0
2022-08-22,106.8143911095049,106.8143911095049,103.08184603706609,104.74957275390624,31231393.0
2022-08-23,104.74955875147134,106.57612672680987,103.32008236180992,106.21875762939452,24268146.0
2022-08-24,106.97321375104966,109.11744060491122,106.81438437630148,108.00562286376952,22730039.0
2022-08-25,108.79979010924308,109.71306817175704,108.12475006797246,108.44242095947266,14620592.0
2022-08-26,108.40270106819344,109.79247928701643,108.08504232248136,108.52182006835938,12105053.0
2022-08-29,106.57614055408588,108.48212951742516,106.21877141030517,107.92620849609376,9198908.0
2022-08-30,109.5145363873461,111.06315634568344,109.23658796967744,110.0704574584961,21720398.0
2022-09-01,107.21147096202532,108.20416976722926,106.5364309273245,106.97322082519533,20349294.0
2022-09-02,106.97322167751244,107.80709110410874,105.067244803497,105.42461395263672,17495310.0
2022-09-05,105.54373163697024,106.33789067748287,105.34519187684208,105.94081115722656,14865879.0
2022-09-06,106.49675035898844,106.53644862346638,104.59076106566104,104.90843200683594,10870488.0
2022-09-07,104.03483564268868,105.58344336798731,103.2803869680976,105.22607421875,12042788.0
2022-09-08,104.5510355076749,106.53643315968472,104.43191649571654,104.70987701416016,14629497.0
2022-09-09,105.22605895996094,106.57612672680987,104.78926912182942,106.41729736328124,12327341.0
2022-09-12,107.21145629882812,107.5291150258854,106.09963863622396,106.41729736328124,13500202.0
2022-09-13,106.57614840710546,107.33059712576828,106.02023946271738,106.33789825439452,10846178.0
2022-09-14,105.1863707242715,106.49674051441092,104.82900155165392,105.78199005126952,8597956.0
2022-09-15,106.09965527591578,106.73497282966768,104.8289959326008,105.30549621582033,10810473.0
2022-09-16,104.11424891803236,104.82898716517856,103.2406691778274,104.23336791992188,20909579.0
2022-09-19,104.90841630849368,106.69527418728242,103.00242730037566,103.6774673461914,19411428.0
2022-09-20,104.352501242893,106.09966096307888,104.27309260337034,105.78199005126952,13080582.0
2022-09-21,104.98781529204892,105.7819742762821,103.28037832310928,103.95540618896484,11156865.0
2022-09-22,103.55834227423392,103.91572356522016,101.731786030068,102.16856384277344,11366882.0
2022-09-23,101.85087712819164,102.52591702844413,101.25525796369928,102.12883758544922,10407849.0
2022-09-26,101.0964421382607,102.28768062665048,97.40360161246193,98.03892517089844,12848954.0
2022-09-27,98.7536770423195,101.5729441044377,98.35659751576496,98.83309173583984,14465123.0
2022-09-28,98.436013705911,98.436013705911,96.49032641979262,97.3241958618164,15267018.0
2022-09-29,98.07865116523112,101.81119659975984,98.07865116523112,100.58025360107422,20597761.0
2022-09-30,99.66694703286956,105.14663887516464,99.66694703286956,100.69935607910156,33530494.0
2022-10-03,104.59075090540496,107.21147835545284,103.71718316732644,105.14665985107422,50966493.0
2022-10-04,107.13205735149354,107.2114781083659,104.67017142123032,106.33789825439452,14137567.0
2022-10-06,108.40270126015862,108.44241163291905,105.14664458027414,105.34518432617188,14570735.0
2022-10-07,104.86870551248128,106.6158530078368,104.19366546936628,106.45702362060548,13532236.0
2022-10-10,105.62315365789532,106.41731270795468,104.98782399426672,105.82169342041016,10183057.0
2022-10-11,105.82169494760684,106.02023471298696,103.43921776304532,104.1142578125,13176461.0
2022-10-12,104.11425016619312,104.82898842190788,102.52593215980058,104.3127899169922,9401804.0
2022-10-13,104.193658898299,104.70986952162735,101.3743980695494,103.12155151367188,13320136.0
2022-10-14,104.8290028446999,105.46433255824904,100.89791766160492,101.33470153808594,13205955.0
2022-10-17,100.85819302033396,101.81118139694516,100.06403402017384,101.49352264404295,9320940.0
2022-10-18,102.00971983503294,102.5259304492408,101.33468590536896,102.20825958251952,6490293.0
2022-10-19,102.2082608970252,102.2082608970252,101.17585783218848,101.49352264404295,7381712.0
2022-10-20,100.85820099827323,104.03483725018737,99.90521254628014,102.92301940917967,18748363.0
2022-10-21,102.7244637778214,105.9407977918028,102.24796356646668,104.47161102294922,11945173.0
2022-10-24,105.6231543386263,106.41731339380397,105.14665405835753,105.46432495117188,2154912.0
2022-10-25,105.186364046785,105.5437331967159,103.12155778168116,103.83629608154295,10232002.0
2022-10-27,103.83630415176822,104.98783244344555,103.47893497406234,104.67017364501952,13865026.0
2022-10-28,104.90842222652418,107.68797908366092,104.6701720723312,106.17906951904295,22918037.0
2022-10-31,106.7349720187839,107.37030168561468,105.46432480302784,106.45702362060548,8753855.0
2022-11-01,106.49673956776796,107.767386849992,106.49673956776796,107.33059692382812,11630848.0
2022-11-02,107.8865184033304,110.5469441131768,107.48943885398862,108.36300659179688,21117499.0
2022-11-03,108.32329559326172,108.56154574508432,107.41001748216544,108.32329559326172,7561534.0
2022-11-04,108.32326765542844,109.91158543405878,108.0453193149099,109.4748077392578,7498344.0
2022-11-07,110.0307159423828,110.3880850170589,108.60122752577556,110.0307159423828,9987481.0
2022-11-09,110.3484109951953,110.3881213761062,108.79980308292484,110.11016082763672,12033732.0
2022-11-10,109.19686237413,111.8572998682252,109.11744162705968,111.06314086914062,15908521.0
2022-11-11,111.6587505562041,112.21465938437537,110.54692078195797,111.53961944580078,18492513.0
2022-11-14,111.65877429513291,111.9764330879362,110.07045609530402,110.58665466308594,12743505.0
2022-11-15,111.18225971561948,113.84269720597652,111.18225971561948,113.0485382080078,24636519.0
2022-11-16,113.40591241231152,113.8029919290788,112.1352531114942,113.48532104492188,11460200.0
2022-11-17,112.7308729801988,114.20007204713542,112.5323332207698,113.72357177734376,13368536.0
2022-11-18,113.68387759535868,113.76329835760532,111.3411105239667,112.57205963134766,19958908.0
2022-11-21,113.40591027155914,113.69776880663112,112.07171800237356,112.94728088378906,16348881.0
2022-11-22,112.5303485586298,113.32251966002174,110.82091867217314,112.7388153076172,11198874.0
2022-11-23,113.0306667777336,113.94791278164092,112.1967998339271,113.82283782958984,9010911.0
2022-11-24,113.82285530301746,116.74139005437688,112.98898823120048,116.2827606201172,11803087.0
2022-11-25,115.90751578125705,117.82541247203804,114.86518200624572,117.20001220703124,9789098.0
2022-11-28,116.32443750159857,117.74200874718068,115.9491999253856,116.40782928466795,8925344.0
2022-11-29,116.78305827148937,117.65862103412177,116.32442894593918,116.9498291015625,13558920.0
2022-11-30,116.40782241229972,118.24232701732586,116.40782241229972,117.65862274169922,17720938.0
2022-12-01,117.95048211108696,118.40911149614902,116.57460667970116,116.78307342529295,27727625.0
2022-12-02,118.28402025106011,120.743924965564,117.1999907784893,117.49183654785156,24518337.0
2022-12-05,117.99217699133833,120.0351485358276,117.241701803175,119.86837768554688,18440387.0
2022-12-06,119.11790960784666,119.36805953629968,117.70032548634062,118.78435516357422,10977472.0
2022-12-07,117.40846627483914,118.2006373134853,116.82476196866828,117.28337860107422,9731670.0
2022-12-08,117.78368713437467,119.24295405462358,117.03321209348007,118.95109558105467,10150945.0
2022-12-09,118.82604397177504,119.20128156587322,116.99153917100593,117.32508087158205,9438307.0
2022-12-12,116.74138095518836,118.8260484722453,116.07428480497,118.7009735107422,8946335.0
2022-12-13,119.28467611186632,120.6188556688294,118.86774261460276,120.36870574951172,12593054.0
2022-12-14,120.36871322735496,123.91264817426035,120.16024646577227,123.07878112792967,17692988.0
2022-12-15,123.1204757139492,124.12112644134316,122.28660859032256,122.95370483398438,11426194.0
2022-12-16,123.70419409367668,125.4970033375492,122.57846837621084,122.7452392578125,20540447.0
2022-12-19,122.62013056421824,123.03706401549148,120.91070086923816,121.57779693603516,10635055.0
2022-12-20,121.32764829690578,121.91135265116856,119.32637258977604,121.6195068359375,6714207.0
2022-12-21,122.1615286371849,122.4116913088474,118.99283115166476,119.65992736816406,10011408.0
2022-12-22,120.91071854576283,121.03579350991046,118.03387985615836,118.61758422851562,9123323.0
2022-12-23,117.24170398646696,119.65991317007013,116.157674353755,116.5746078491211,8007752.0
2022-12-26,117.1583052086032,119.11789760944136,116.3244382676167,117.82540130615234,7150680.0
2022-12-27,118.49250394063246,121.2442548186552,118.49250394063246,120.7439422607422,8765357.0
2022-12-28,119.61821638122896,120.61885421786438,118.99281614285675,119.9934539794922,9534858.0
2022-12-29,119.03450857308744,121.74457619384076,118.8260418330295,120.6188507080078,36752195.0
2022-12-30,121.2859502348246,124.03771382580422,120.53547503901218,122.36997985839844,9644998.0
2023-01-02,122.82862317048532,125.74715794434846,122.78692727181264,125.4552993774414,9631496.0
2023-01-03,124.82987841832217,125.58036629887305,123.41230716457014,124.70480346679688,14991139.0
2023-01-04,124.07942762488868,124.12112352485076,120.91073008480237,121.95306396484376,13535874.0
2023-01-05,121.61949823160558,122.57844012263692,120.20191425522916,122.16150665283205,16320559.0
2023-01-06,122.32828673639403,123.49570817431191,121.99474502487504,122.87030792236328,16804116.0
2023-01-09,124.4963617295631,125.24683703700347,123.24556106796094,123.53740692138672,18660445.0
2023-01-10,123.91266269129936,125.33023429137744,123.91266269129936,124.5380630493164,18490715.0
2023-01-11,124.66309724827286,125.0800306838858,121.95302991678868,122.41165924072266,12538238.0
2023-01-12,123.16214813440487,123.62077750972377,121.53611009809266,121.8696517944336,13270422.0
2023-01-13,122.07811380651012,122.9953725216149,121.66118034033516,122.5367431640625,8854484.0
2023-01-16,123.16216019828192,123.24555199243557,121.74458876428004,123.07878112792967,9696320.0
2023-01-17,123.6624690213514,124.24617333116744,122.28658094414256,123.2872314453125,18484595.0
2023-01-18,123.62077629306609,124.87157672773456,123.5790804004838,124.45464324951172,12139643.0
2023-01-19,123.45403131755772,126.83119574364098,123.45403131755772,126.53933715820312,18437610.0
2023-01-20,126.74778732469755,127.16472083563406,125.53868268774188,126.41424560546876,17512691.0
2023-01-23,127.20641318895444,127.66504258297256,126.20577533533348,127.03964233398438,16742252.0
2023-01-24,127.03963207604578,127.7484113333876,126.41423187755616,126.8728485107422,8276792.0
2023-01-25,126.12239368217055,127.91520278383447,126.03900188608318,127.12303161621094,9827342.0
2023-01-27,127.12302475416016,128.5405961445142,122.24491031760648,123.1204605102539,13052535.0
2023-01-30,122.99537544941822,124.12110092440744,119.45144090257055,120.82731628417967,12688399.0
2023-01-31,121.03578302222954,123.32891714077802,120.28530785477,120.82731628417967,19050398.0
2023-02-01,121.57782059187228,121.74459146007096,118.70098176308984,120.28532409667967,11526089.0
2023-02-02,119.24297226112708,120.91070613890508,117.28337986521804,119.6182098388672,11886667.0
2023-02-03,119.65991496106788,121.20257400653226,116.82477223966391,120.32701110839844,9250428.0
2023-02-06,118.15896406199114,120.2436317861752,118.075584987305,119.65992736816406,6436143.0
2023-02-07,119.99345048783398,120.86901334083736,118.57587920019996,120.6188507080078,8681511.0
2023-02-08,121.24425445623658,121.66118794848472,119.36805374111998,119.9934539794922,10325869.0
2023-02-09,120.6188576573561,122.0781249218361,119.40975304011852,121.9113540649414,8078404.0
2023-02-10,121.8696558267914,122.57844785971815,120.74394302154371,122.32828521728516,6396208.0
2023-02-13,122.95370249073284,124.07942817569572,122.24492308343966,123.53740692138672,6563018.0
2023-02-14,123.95433037247132,124.41295978910576,122.57845484636933,123.78755950927734,6991500.0
2023-02-15,124.24618473376258,124.57972644889664,121.3276501930366,122.9953842163086,12631259.0
2023-02-16,125.0800523673048,130.45849207433872,123.7458600525332,129.99986267089844,30949761.0
2023-02-17,129.66629848100027,132.4180617009195,128.7490398330943,130.58355712890625,19874561.0
2023-02-20,131.0839087108747,131.58423407236378,128.7490782302632,129.12432861328125,8348393.0
2023-02-21,129.16598474442367,129.9998516897687,127.95688021843334,128.4989013671875,7599927.0
2023-02-22,128.62399397297725,128.83246073792537,126.49763042574632,128.0819854736328,9599697.0
2023-02-23,128.16536363363167,130.25003126828346,127.79012600415464,128.95753479003906,18675946.0
2023-02-24,129.89912818170362,132.98076017047129,128.18711331275202,132.68115234375,14648507.0
2023-02-27,131.8251778177209,133.5799961087913,130.9691701695539,132.8951873779297,11904749.0
2023-02-28,131.95355276260565,133.06636514063837,129.4283332142948,130.15594482421875,17607584.0
2023-03-01,130.11312538732238,132.76675356395523,129.98472950139734,132.50994873046875,7707977.0
2023-03-02,132.2531511800774,132.72395789045686,130.6695321710656,131.86795043945312,8219892.0
2023-03-03,131.82515218230856,133.28036228887666,131.3543454550442,132.03915405273438,8260104.0
2023-03-06,132.4243534826763,136.70439084838426,131.4399501132185,135.42037963867188,14491522.0
2023-03-08,134.00797047235196,135.97679024263567,133.87956151637243,135.4631805419922,7339476.0
2023-03-09,136.14799647210506,136.23358938574145,133.5799739535302,133.79397583007812,5314022.0
2023-03-10,133.1947526755405,134.13635295035826,131.99633451445072,133.36595153808594,4689681.0
2023-03-13,133.70834926317676,135.2491651493574,132.85234188881373,133.36595153808594,8785721.0
2023-03-14,133.36598640257716,134.26479699295228,131.0119655076915,131.22596740722656,7177342.0
2023-03-15,131.82517759159597,132.21037842028235,129.94196338118692,130.58396911621094,9832270.0
2023-03-16,129.42832481883534,131.31153861092957,126.68910357018578,130.28433227539062,18551936.0
2023-03-17,131.39714200826995,132.59554719932575,130.07032786426296,131.0975341796875,16593429.0
2023-03-20,130.9691213412345,131.95352454496222,129.77071630524986,130.3699188232422,8749355.0
2023-03-21,131.0975707574162,131.61118058925,129.21435647675997,129.72796630859375,6148489.0
2023-03-22,130.45556499844426,130.79797590688034,129.12876354588138,129.72796630859375,4329409.0
2023-03-23,129.3427330387206,131.09753789066048,128.6579244551737,130.79794311523438,4484564.0
2023-03-24,130.71233950158475,131.14034324131595,127.37391555633631,127.88751220703124,8301726.0
2023-03-27,128.0159249225966,130.49834146122984,127.75912005889435,128.61512756347656,7437261.0
2023-03-28,128.61511292385254,128.61511292385254,125.53348103346836,126.00428771972656,8964539.0
2023-03-29,126.04710557079108,129.12873782468125,125.40509993970046,127.8447265625,24012834.0
2023-03-31,128.48670713722035,130.96912320201616,128.44390415783377,129.29991149902344,7998472.0
2023-04-03,132.25312410435922,135.12075370279683,131.05471914295407,131.5255126953125,20016785.0
2023-04-05,134.17919475005823,134.69280454792008,130.58396534994444,130.88356018066406,15880397.0
2023-04-06,131.14034553526972,131.3543474088787,128.74352193852133,128.91473388671875,10670936.0
2023-04-10,129.00033006132887,134.82118378301854,128.4011274123986,134.52157592773438,17431401.0
2023-04-11,134.4787829884794,136.36199686934353,133.8795672913354,136.1479949951172,13305621.0
2023-04-12,136.10521576693202,136.1480187615767,134.0508026403891,134.94960021972656,7333339.0
2023-04-13,135.3775646533905,137.3891872616265,135.24916876845472,135.89117431640625,11610851.0
2023-04-17,136.19075668312323,137.3463586165322,135.24914349741178,137.0895538330078,9358885.0
2023-04-18,137.0896038930282,137.43201474997437,136.4475982305976,137.04681396484375,8008560.0
2023-04-19,135.50599776268254,137.34640877032817,135.29199587520569,137.04681396484375,11374283.0
2023-04-20,136.61881064982393,137.0468144262186,135.67719711710026,136.2335968017578,5733670.0
2023-04-21,136.019574028594,136.83279152819023,135.8483751566504,136.61878967285156,3512214.0
2023-04-24,136.61881696442998,137.60322047098194,136.3620120743958,137.1752166748047,7028440.0
2023-04-25,137.1323926386699,138.5020098009128,136.96119375879886,137.51759338378906,10169778.0
2023-04-26,136.96116872386523,138.33078563575785,136.7471668977342,137.94557189941406,9177783.0
2023-04-27,137.13242424439863,137.73162699286777,136.61882748641378,137.0040283203125,6456825.0
2023-04-28,136.79000480778856,136.79000480778856,132.5527701806448,136.06239318847656,12656744.0
2023-05-02,136.53317757756017,141.07001931942386,136.4047816947749,140.59921264648438,16612560.0
2023-05-03,139.44358468233133,139.82879841867512,137.68878015736473,137.94557189941406,8029435.0
2023-05-04,137.64603130870805,137.9884291405107,136.2764138582174,137.81723022460938,9929482.0
2023-05-05,137.86000793243798,138.63040944350536,136.70439260419926,137.21800231933594,5488707.0
2023-05-08,137.21800870474598,141.54084931312298,136.96120383522728,141.24124145507812,9699470.0
2023-05-09,141.24122885099518,142.52524002236785,140.72761915779128,141.45523071289062,7600834.0
2023-05-10,141.4552209599739,143.50963346786972,141.24121911283325,142.91043090820312,10901429.0
2023-05-11,142.18285867570387,144.365667469621,142.18285867570387,142.99606323242188,7877677.0
2023-05-12,143.93764978343637,144.66526135217026,141.24123149768104,141.6692352294922,16373574.0
2023-05-15,141.66924631720477,142.61085982553942,140.72763280887014,141.75485229492188,8559162.0
2023-05-16,144.06605472218197,144.23725359780448,142.73924057824271,143.8092498779297,12249266.0
2023-05-17,143.80927252662556,143.80927252662556,142.182863359611,143.16726684570312,7360259.0
2023-05-18,143.3812693349076,144.1944739217927,142.09725796772935,142.39686584472656,7433090.0
2023-05-19,142.26843669572116,142.7392434092485,140.38522290324892,141.15562438964844,5969632.0
2023-05-22,140.47084099899556,142.43964787010523,140.47084099899556,141.75485229492188,7331865.0
2023-05-23,141.75485119411553,142.99605949154463,140.77043470456687,141.24124145507812,10119254.0
2023-05-24,141.24123938997886,142.48244766926015,140.9416315363146,142.31124877929688,6107980.0
2023-05-25,142.3112461365849,143.29564953182197,141.4552386410265,142.0972442626953,8077606.0
2023-05-26,142.14005407754416,143.29565641507506,138.9300258150054,140.17123413085938,14873707.0
2023-05-29,136.9611862470519,137.1751881005629,133.96516029789765,136.1051788330078,43253971.0
2023-05-30,136.7044052323705,138.41642035879127,134.60718931483285,135.976806640625,16117505.0
2023-05-31,136.10520201593337,136.4475998152173,128.44393696761583,132.59556579589844,83741017.0
2023-06-01,132.42432294718358,133.53713501799376,131.14031203354904,131.5255126953125,13982606.0
2023-06-02,132.6811517653788,132.6811517653788,131.3115346515331,132.42434692382812,9851058.0
2023-06-05,133.10916554451393,133.5371692922455,132.2103550619501,133.0235595703125,11850547.0
2023-06-06,133.10913138011557,133.45152906576433,131.14031203354904,131.5255126953125,8118800.0
2023-06-07,131.48274497111578,132.25314642466304,130.5839345675529,131.69674682617188,12180164.0
2023-06-08,132.25315503065931,134.0935658792465,131.99635017555383,133.62277221679688,13850599.0
2023-06-09,134.13636977057996,134.3075686545931,131.65395329829542,132.03915405273438,11764248.0
2023-06-12,132.55278485340034,132.89518267589654,130.62676771316995,132.72398376464844,11017643.0
2023-06-13,132.8523785333175,133.708386143792,132.03917391569462,133.23757934570312,10073644.0
2023-06-14,133.62279054466688,135.59159756003208,133.40878864633245,135.1208038330078,9695952.0
2023-06-15,134.82120429743267,135.16360213130977,133.70839174487188,134.94960021972656,7426254.0
2023-06-16,135.46318255867928,135.80558032311416,133.83677358515737,134.39317321777344,11466647.0
2023-06-19,135.1635653164454,135.63437200602166,133.96516016264823,135.07797241210938,4718221.0
2023-06-20,134.8639825935726,135.07798446596428,134.0079751040058,134.607177734375,6059738.0
2023-06-21,134.39317909256303,137.43200836590083,134.05078131316077,137.1324005126953,8284206.0
2023-06-22,137.13240259238347,137.77440823472764,134.8211848922722,136.06239318847656,10629027.0
2023-06-23,136.1051769212411,136.1051769212411,133.0235450493132,134.30755615234375,8722650.0
2023-06-26,134.39316211720035,135.46317136972584,133.40875882953145,134.30755615234375,4273205.0
2023-06-27,135.9768114263455,135.9768114263455,134.69280003633898,135.1208038330078,9730174.0
2023-06-28,135.12078334974004,137.08959006664935,134.00797103476694,135.71998596191406,40243993.0
2023-06-30,137.81720494590363,137.81720494590363,136.0623869910972,137.21800231933594,7840112.0
2023-07-03,137.2179920602514,139.74321133732755,136.96118722188305,139.443603515625,9548822.0
2023-07-04,139.10121565790325,139.4436134256369,136.96119695547398,137.9884033203125,5394282.0
2023-07-05,138.67322357190437,140.72763647424006,138.1168238871664,139.3580322265625,8795342.0
2023-07-06,139.35803680788425,141.9260595510456,139.1440349126208,141.58364868164062,9845699.0
2023-07-07,141.6692446554108,142.09724841569908,139.3580269621819,139.9572296142578,7597171.0
2023-07-10,140.29963479918098,141.58364614778228,139.10122943180863,139.3152313232422,5437687.0
2023-07-11,139.74321892393837,141.3268379618202,139.44361108597022,140.89883422851562,6343183.0
2023-07-12,142.0544184001138,144.66524345346502,141.45521586204197,143.50962829589844,15614026.0
2023-07-13,144.36566006353723,144.9220727771125,143.12445179731233,143.6380615234375,11350009.0
2023-07-14,144.66527058137925,145.307276220054,143.9804619544652,144.8792724609375,9448062.0
2023-07-17,143.63805451238605,144.15165115180437,142.2256343653018,142.43963623046875,4968847.0
2023-07-18,142.4396415174516,143.93765462922255,142.14004673208007,142.86764526367188,4322257.0
2023-07-19,143.124427994635,143.7664335147021,142.182827735518,142.73922729492188,5968174.0
2023-07-20,142.95326703730072,143.8948806077111,142.09725945025102,143.1244659423828,5217131.0
2023-07-21,143.2528443479922,146.37726614933214,142.5252328296129,145.9920654296875,7842863.0
2023-07-24,146.93368849272116,147.44729823954623,145.73528316564727,146.37728881835938,8451631.0
2023-07-25,147.23331729249458,148.38893285636505,146.63411454374855,148.08932495117188,10480578.0
2023-07-26,148.8168927739501,149.20209349436473,147.23327384802317,148.04647827148438,9103949.0
2023-07-27,148.4745046715579,148.6457035666201,146.12048394494684,146.37728881835938,7731146.0
2023-07-28,146.12045939679695,149.75849081764508,144.57964347681636,147.06207275390625,9004252.0
2023-07-31,147.91810505158793,151.94133786440216,146.71968666243492,151.55613708496094,9277749.0
2023-08-01,150.0581102841134,151.51332035314385,149.2021028244911,151.2565155029297,5584773.0
2023-08-02,151.51335840012612,152.92576583852193,148.94533537639518,150.6145477294922,8975495.0
2023-08-03,150.0153273245093,150.4861341024775,146.80529892241566,147.31890869140625,6152393.0
2023-08-04,148.38890075683594,149.33050114070952,147.31889141495404,148.38890075683594,4605271.0
2023-08-07,149.20209349436473,149.37329236325607,147.31887981328703,148.04647827148438,2240015.0
2023-08-08,148.00368694444848,148.77410150758593,147.7468951517068,148.38890075683594,3631238.0
2023-08-09,148.3889029888672,151.7273269610995,148.34610000222057,151.42771911621094,4852294.0
2023-08-10,152.45494179540856,153.8673489533572,151.42772234056812,152.9257354736328,10430692.0
2023-08-11,153.13970384568873,153.82451231187977,151.25649035988968,151.6844940185547,4112277.0
2023-08-14,154.0813386038448,154.46653933802705,151.8129241212763,152.36932373046875,12876956.0
2023-08-16,150.91410709357064,153.61052517643688,150.48610339396416,153.26812744140625,8371665.0
2023-08-17,152.9685236521906,153.3109344578677,151.5989196143924,152.1553192138672,5199363.0
2023-08-18,152.49868364939744,152.49868364939744,149.49420624376407,150.4813995361328,6734650.0
2023-08-21,150.48141224056013,151.33983442892787,149.6229900521924,151.12522888183594,3599820.0
2023-08-22,151.12522521264958,152.713298363483,150.73893785695944,151.2110595703125,5348036.0
2023-08-23,151.94072469075522,152.11240650573745,150.223880343967,150.65309143066406,6379611.0
2023-08-24,150.65308818134105,151.68319214749985,148.33535098286308,148.59288024902344,7976333.0
2023-08-25,148.59288672157285,150.43848919556308,148.378281173505,149.9663543701172,4757915.0
2023-08-28,150.30971923550865,150.9106121029469,149.8375844473493,150.3955535888672,4354221.0
2023-08-29,150.73894896120936,151.16816007659037,150.18096665212377,150.8247833251953,4596468.0
2023-08-30,150.82478256780882,151.85488661985372,150.22388962898958,150.86770629882812,5937955.0
2023-08-31,150.9105905636839,151.0822723443792,148.54993005830298,149.4941864013672,15823452.0
2023-09-01,149.70879658424082,158.59346982176726,149.70879658424082,156.01820373535156,22460960.0
2023-09-04,157.82089701992166,158.33594238394068,156.0611292212748,157.04830932617188,10998180.0
2023-09-05,157.5204571103038,159.66651238428614,156.5761875503588,157.17709350585938,13506519.0
2023-09-06,158.7222435834798,160.310329733215,156.53327767233392,157.13417053222656,11954407.0
2023-09-07,158.80807532896858,158.9797571150335,155.37438721374764,156.01820373535156,11137801.0
2023-09-08,156.66201719622953,158.76514850601708,156.23280619021244,158.3359375,9737214.0
2023-09-11,159.19439953443833,159.6236106483616,156.4903747561153,157.43463134765625,10845871.0
2023-09-12,158.6793368715132,158.72224749947125,154.68766608524308,155.28855895996094,15524470.0
2023-09-13,156.14697114723643,158.55055559146578,155.28854906704606,157.8638153076172,10578786.0
2023-09-14,158.5934913507269,162.15593801447608,158.12135655109591,161.29751586914062,17746404.0
2023-09-15,164.5595374060744,164.5595374060744,159.32316970878895,160.22450256347656,19924829.0
2023-09-18,159.49485002690363,160.9541651714279,158.89395709662702,160.3103485107422,5022956.0
2023-09-20,160.05282999373563,162.67102054301668,159.83822442573694,161.55506896972656,12687099.0
2023-09-21,161.72674068852444,161.7696644191362,159.7094563346071,160.26742553710938,7814108.0
2023-09-22,160.1815693089108,161.12582576105683,158.8080887077216,158.89393615722656,7814821.0
2023-09-25,159.6665157513477,160.26740862103807,159.02269915557616,159.2373046875,5540062.0
2023-09-26,159.66652341149302,161.51212583518972,159.02270678483376,161.16876220703125,12446655.0
2023-09-27,162.4993311840847,162.4993311840847,159.9240644873432,160.73956298828125,5630907.0
2023-09-28,162.15593382410904,162.67099233739336,160.09572596793595,160.91122436523438,14890642.0
2023-09-29,161.81255904479107,165.03164178440895,161.51210608303427,164.6882781982422,10085766.0
2023-10-03,162.49933414258507,162.49933414258507,157.6492405829964,158.46475219726562,22118500.0
2023-10-04,158.33593218340175,158.46470333997124,156.31864838194605,156.87661743164062,9360058.0
2023-10-05,155.589027268093,157.94968837147096,155.37442171324045,156.40452575683594,11128340.0
2023-10-06,157.5204644373501,157.5204644373501,155.0310454431283,155.7606964111328,5759904.0
2023-10-09,157.00541530065024,158.55057788192198,155.58902390859976,155.97531127929688,14622727.0
2023-10-10,156.49035809210525,158.3788841725695,156.27575255799607,157.5204620361328,11819690.0
2023-10-11,158.29304268144804,158.55057195177503,156.87665134237375,157.3058624267578,8499601.0
2023-10-12,157.26290998495733,158.6793141639019,157.09122820224658,158.3359375,8677885.0
2023-10-13,158.3788806551393,159.88111936054037,157.9925933220183,158.7222442626953,7435899.0
2023-10-16,161.3404270278809,161.55503254749726,159.88111211418595,160.13864135742188,12376549.0
2023-10-17,160.524920039849,160.56784376116008,159.2802107127121,159.881103515625,4381065.0
2023-10-18,161.383371062006,161.42629479102763,159.70945041802756,160.48202514648438,10181113.0
2023-10-19,159.66651249529357,160.22448162752414,158.85101411030968,159.92404174804688,9148124.0
2023-10-20,160.52492079073963,160.78245002133002,158.93683478416622,159.8381805419922,7912216.0
2023-10-23,159.62360838479137,159.62360838479137,158.12136950736274,158.67935180664062,4723090.0
2023-10-25,158.67934842779889,159.5377706251936,157.09126212322545,158.25013732910156,6812004.0
2023-10-26,157.52046175003554,158.07843089831306,154.43013682508334,155.28855895996094,8474867.0
2023-10-27,155.3744075708041,159.49483646862134,154.77351469160794,158.59349060058594,6422123.0
2023-10-30,158.80810715290477,162.41347777667949,158.4647435119675,162.0701141357422,7352638.0
2023-10-31,162.41346291986633,162.92852143264045,158.1213523083557,159.79527282714844,9404675.0
2023-11-01,159.79529069734707,162.070117434935,158.85103411630607,160.26742553710938,9167869.0
2023-11-02,160.52492079073963,161.08288987495152,159.451893245347,159.8381805419922,11471209.0
2023-11-03,160.2244850969751,163.6581736120861,159.4948341466033,163.10020446777344,7464912.0
2023-11-06,163.27186982788066,166.70555799712517,162.71390073977076,165.9329833984375,8962124.0
2023-11-07,166.01884979065628,169.9675971869174,165.1175169510275,165.84716796875,13921916.0
2023-11-08,166.27635994286777,168.72286819363538,165.07457422930446,167.69276428222656,10186886.0
2023-11-09,168.67994487514915,168.85162667771755,164.98872717675994,165.41793823242188,5303833.0
2023-11-10,165.4179383363435,168.6799449811201,165.4179383363435,168.16488647460938,6025889.0
2023-11-13,168.1648901401009,169.36668898199417,166.61974078385305,168.0790557861328,11181086.0
2023-11-15,170.39679635796034,174.25969602350602,169.66713229285315,171.25521850585938,19769385.0
2023-11-16,173.83049190690627,174.60306663154375,172.54285863352175,173.22959899902344,18629240.0
2023-11-17,172.41409288584353,172.75745650409846,167.86445290231242,168.5511932373047,13199928.0
2023-11-20,169.96759475989214,170.39680585777066,169.10917256413512,169.83883666992188,6423265.0
2023-11-21,170.6345187970807,171.47442694279053,168.86628544167053,169.04310607910156,10720353.0
2023-11-22,169.04310787075045,169.6177918116796,167.76114137260078,168.8662872314453,7538825.0
2023-11-23,168.8663005090745,169.52938807651853,167.62854244606612,168.55685424804688,6541617.0
2023-11-24,168.73367218613117,169.61778885781004,166.3465463801584,166.96543884277344,5751331.0
2023-11-28,166.96545418282213,171.9164999047741,166.56759085157287,171.4744415283203,9277764.0
2023-11-29,172.84480500221252,172.84480500221252,169.48515903551743,169.75039672851562,8791333.0
2023-11-30,170.32506480242947,172.97741471468458,169.794602914308,172.35853576660156,14965403.0
2023-12-01,172.62379234588408,175.27614254838167,171.7396756117182,172.00491333007812,9935740.0
2023-12-04,173.7289225754479,182.0396137299111,173.33107277911023,178.63577270507812,28615290.0
2023-12-05,178.7683848070075,180.31558895208147,176.07182631319725,178.63577270507812,14557746.0
2023-12-06,180.13877602522706,180.13877602522706,176.02763880295726,178.54736328125,12662213.0
2023-12-07,177.61903289344548,177.61903289344548,173.3310751554962,175.85079956054688,16425880.0
2023-12-08,176.69073922679016,177.08858906920412,171.6070678756479,173.24267578125,10414387.0
2023-12-11,174.2151931348145,177.57483919074977,171.73966375199117,174.87828063964844,10108266.0
2023-12-12,174.12679236104063,174.8782969997098,172.00491754328814,172.75640869140625,10719911.0
2023-12-13,172.7564136364472,172.7564136364472,169.7946305139949,170.76715087890625,10892122.0
2023-12-14,173.19846724530376,173.55212204232257,170.85556323621515,173.24267578125,15257294.0
2023-12-15,174.3920170881738,178.5473628327224,174.03837580842287,177.7516632080078,22863981.0
2023-12-18,177.75168160196796,178.2821435764872,174.4804522088359,175.93923950195312,8061011.0
2023-12-19,178.5915729586837,179.9619565384074,176.20446057269254,177.0885772705078,16739742.0
2023-12-20,178.37054507369012,187.4327412918082,177.66324901221475,179.6525115966797,57762576.0
2023-12-21,180.3155682057544,182.791097251159,177.88424768608962,179.1662139892578,22823936.0
2023-12-22,180.3598213296402,180.80187971525208,178.41476713105826,180.31561279296875,9910694.0
2023-12-26,180.80187141848967,184.33833834110072,180.05036680121455,183.3216094970703,17052969.0
2023-12-27,185.22245242995564,185.5760937209525,180.80186883974187,181.73019409179688,20361303.0
2023-12-28,182.570101498416,184.6919762164631,181.5533726732164,184.16151428222656,22010872.0
2023-12-29,183.89628875447727,183.89628875447727,180.5808508562596,181.28814697265625,12171663.0
2024-01-01,182.12806102742653,183.1005949048617,181.0229150260465,181.5533905029297,4820168.0
2024-01-02,181.5533551370192,186.32757953675923,180.05034607548149,183.0563507080078,21141219.0
2024-01-03,181.6859885555785,186.0623636839896,180.801871822948,184.1173095703125,11650902.0
2024-01-04,186.1065710041627,190.43873756955952,185.04563363004007,189.7756500244141,31054419.0
2024-01-05,190.4829486908204,192.2953907036082,188.36107391375947,191.3670654296875,20743811.0
2024-01-08,192.73746110128903,195.21299082271867,191.9417613828713,192.69325256347656,19310595.0
2024-01-09,195.38978188629204,195.78763168523565,190.9249900545813,191.5438690185547,11951525.0
2024-01-10,190.08509706273,190.08509706273,185.3992756928409,187.5211639404297,16500666.0
2024-01-11,189.20095518504223,189.20095518504223,186.41599325026704,187.30010986328125,12586419.0
2024-01-12,189.02416042181025,198.7052359607184,187.7421938556577,197.5116729736328,39228118.0
2024-01-15,202.0206700719143,208.1652785641753,198.6168153112439,206.4412536621093,57884916.0
2024-01-16,207.7232246148749,211.259691562106,204.3193832724955,207.85585021972656,34505065.0
2024-01-17,205.29188334145616,209.7566751200993,203.96570836704035,205.1592712402344,26010955.0
2024-01-18,203.3910499181652,207.3253665425035,198.61681163479656,206.48545837402344,19232183.0
2024-01-19,208.6515488348381,214.4425161298473,207.7674321024871,214.00045776367188,26391844.0
2024-01-23,216.60860660769964,217.1832771065608,201.5786216594103,203.2584381103516,20282617.0
2024-01-24,204.23095275394604,207.7674194683001,201.6670197822593,207.1927490234375,14458601.0
2024-01-25,207.7674289367789,209.9777207339787,205.82237485335324,206.92752075195312,18291957.0
2024-01-29,213.07211460831144,225.40553929105604,211.3922983540923,223.2394561767578,54127939.0
2024-01-30,226.77593891610303,232.78792182592187,219.83561726065707,220.32188415527344,51491099.0
2024-01-31,221.42701989445536,224.87508304213333,217.7579410672409,223.0184326171875,33293192.0
2024-02-01,225.14030912338228,225.14030912338228,217.006438294768,218.9514923095703,29758133.0
2024-02-02,221.02916483976404,229.8703314333546,220.14504818040496,227.4390106201172,30482663.0
2024-02-05,229.9145403148388,236.9874740155049,225.5381787762121,232.4785003662109,34001868.0
2024-02-06,234.60038464410945,241.7175136781073,230.0471887849063,240.74497985839844,36708949.0
2024-02-07,243.13210952118155,243.70678002019287,236.5454288526213,240.391342163086,23756939.0
2024-02-08,241.408058152038,243.70676700643668,237.9158133176965,241.49647521972656,25252940.0
2024-02-09,243.1320746205292,243.70674503704896,229.1188205598172,236.5453948974609,26743792.0
2024-02-12,231.59437588835263,235.70551306779973,227.041153386336,228.01368713378903,30906374.0
2024-02-13,228.1021086411669,231.9922167256489,225.18452083253032,229.42828369140625,20711842.0
2024-02-14,228.102136207718,238.4020916131248,226.33390259370464,237.6948089599609,36168962.0
2024-02-15,240.1703037447688,247.4200717061992,237.82739981198617,245.16555786132807,32831246.0
2024-02-16,246.82512206372,249.3817388908577,242.51926126348465,246.4214630126953,27044984.0
2024-02-19,246.4214409075814,250.3236149307542,244.3581944532215,246.37657165527344,15322964.0
2024-02-20,246.51113622917023,252.20745096415897,245.83834379691163,248.1258544921875,18968785.0
2024-02-21,247.58761993759856,252.1626140420792,243.6405763992996,244.8516082763672,16340579.0
2024-02-22,245.6589594149882,247.58762566142707,240.85970105106225,246.4214630126953,16791453.0
2024-02-23,246.6008387360476,247.5876064107092,243.19203481557275,244.1788024902344,9464646.0
2024-02-26,243.90966415803072,243.90966415803072,240.23172692300787,242.0707092285156,8661999.0
2024-02-27,240.45598723214457,242.38468063486883,237.67513394410835,241.62217712402344,19582774.0
2024-02-28,242.2052823028134,242.4743883327519,237.3611821319561,238.39279174804688,9118196.0
2024-02-29,237.719977410534,238.9310091857484,234.5802795956779,237.3611602783203,17179832.0
2024-03-01,239.0655708349624,244.85159653915147,239.0655708349624,242.6986389160156,12930057.0
2024-03-04,244.6721803294761,251.669210649729,244.4479161861861,250.4582061767578,22280353.0
2024-03-05,251.17586298871143,255.61630437408903,248.1707177241829,254.53982543945312,18544484.0
2024-03-06,255.0331997808557,255.0331997808557,245.3898405991428,251.400131225586,16807149.0
2024-03-07,251.4000863046089,255.07802346169453,248.7089167812768,249.471420288086,11386963.0
2024-03-11,249.47145574624875,251.6243861957188,245.0758837085816,245.79351806640625,10684598.0
2024-03-12,245.79348052422068,247.2287763966408,241.3530399074193,242.56407165527344,13780189.0
2024-03-13,242.9228916458859,243.10231389805253,226.73103261156007,229.0633850097656,20079496.0
2024-03-14,226.50680281158188,237.13692952764148,225.3406264357444,236.1501617431641,21404057.0
2024-03-15,236.77810875289683,238.97588107371388,223.27739002789565,232.1134033203125,34961065.0
2024-03-18,232.29278869039032,235.9706983931267,231.03688770546512,234.66998291015625,9246173.0
2024-03-19,235.02882578011992,236.7780970750644,230.2295675647545,232.5619201660156,8758348.0
2024-03-20,232.74134151792984,237.3611774473284,230.72296420524168,236.6883850097656,10484778.0
2024-03-21,237.45089152088568,239.46926885856453,235.34280304855545,235.88104248046875,12163200.0
2024-03-22,235.88105570012303,237.9442750327608,231.8443007985305,236.1501617431641,13025089.0
2024-03-26,234.7148448151033,240.32144834774,232.6067564116332,238.16851806640625,10830926.0
2024-03-27,237.7199839361532,240.5905758246473,232.9207259550737,234.80455017089844,28563001.0
2024-03-28,235.4324989488652,243.10232138534897,234.98397068062656,240.4559936523437,18888942.0
2024-04-01,240.45600988861955,243.5508660988369,240.23174573935725,242.1155700683593,6440401.0
2024-04-02,242.29499140351567,245.8383485225944,241.711910092882,244.4479217529297,14439120.0
2024-04-03,246.7354289482608,250.27881378558828,245.65897735757707,247.0045623779297,22600929.0
2024-04-04,249.96483413677583,249.96483413677583,238.0339914469834,241.3082427978516,24624383.0
2024-04-05,240.27660661724747,243.9096747582268,239.0655747782564,240.36631774902344,13029904.0
2024-04-08,240.00745516002388,243.99936752769352,239.15526791226856,242.56407165527344,13011300.0
2024-04-09,242.20529574987,244.5824903996232,240.4111824480192,241.26339721679688,13173933.0
2024-04-10,242.160434610676,245.075868494343,241.4427729214076,243.9993896484375,11137195.0
2024-04-12,243.9096805819784,244.4479200094918,237.71999560556085,238.3479461669922,21894584.0
2024-04-15,241.3979173411764,253.82215573849973,239.60380428382985,251.0412750244141,75063828.0
2024-04-16,248.48470887695635,262.4339297786749,246.91485963314884,254.0016021728516,79082544.0
2024-04-18,256.55818070926125,258.0831878387,245.2104204992428,245.9280548095703,34136482.0
2024-04-19,248.2603949772889,251.893462977779,245.8832006451169,246.9148101806641,32658724.0
2024-04-22,248.7537956545848,249.3817462538238,245.5692555287204,248.3052673339844,14184019.0
2024-04-23,248.35013659164207,250.0545387347244,247.18394653248336,248.3052673339844,8799147.0
2024-04-24,249.0229091820001,251.5346566263398,247.85671921599013,250.5927581787109,9253985.0
2024-04-25,250.59275731529124,253.5081911562803,249.3817254753739,252.92510986328125,17050557.0
2024-04-26,253.86697857739324,256.6927009556184,253.1493443586661,253.7772674560547,11070290.0
2024-04-29,254.7192249250556,255.8853875198844,253.10450666760707,254.0464324951172,8952420.0
2024-04-30,255.2125748872868,256.8721348916292,252.4765635058514,253.73243713378903,10658906.0
2024-05-02,252.07291581011333,255.30232518892964,250.3236444119223,253.68760681152344,15677336.0
2024-05-03,254.7640639258448,262.7927311161588,254.7640639258448,256.6478881835937,28913016.0
2024-05-06,258.9802288317405,259.02507070744,246.91480766137784,253.1044921875,15491865.0
2024-05-07,254.674348622394,255.6611163008592,243.99938117134627,245.43467712402344,13179001.0
2024-05-08,245.34499812661647,251.40013062151468,244.3133884360184,248.3501434326172,12797721.0
2024-05-09,248.7089067867182,249.8750692495688,236.1052743093296,237.94422912597656,14869187.0
2024-05-10,239.51410109725515,243.28174959300267,237.22661782369005,242.4295349121093,9530738.0
2024-05-13,243.9096755434961,243.9096755434961,235.0736628669948,239.4243927001953,7163239.0
2024-05-14,240.36630360525515,246.3765658166725,239.0207188357747,244.8067169189453,9123849.0
2024-05-15,246.24202355137768,247.5876083795273,244.4479104471782,245.3001251220703,6368662.0
2024-05-16,247.58758083476263,250.5927254251653,245.61404568930683,249.0677185058593,23757779.0
2024-05-17,250.09935588550465,254.2258215021852,248.12584789560933,248.8883514404297,11529157.0
2024-05-21,252.16260526882107,254.7640638256448,249.6956997212136,251.2655487060547,17559555.0
2024-05-22,254.7640686035156,254.7640686035156,248.39496141322888,249.38172912597656,17935064.0
2024-05-23,251.1310080526009,255.2574465435539,250.36850446153528,254.2707061767578,17719819.0
2024-05-24,254.7640552167228,256.5133264054037,252.83538914714683,254.0912628173828,11041667.0
2024-05-27,254.7640324531616,254.9434546940177,247.31847484946888,249.0677185058593,13719808.0
2024-05-28,250.54790520958903,250.54790520958903,244.94130128549327,246.0626220703125,6927361.0
2024-05-29,245.6140661900908,245.6140661900908,242.4295264690169,243.8648223876953,8327205.0
2024-05-30,244.89644048569065,246.78026473385617,237.71998801724547,239.2449951171875,15390964.0
2024-05-31,240.8148701360509,240.8148701360509,235.9259004128387,237.13693237304688,24167379.0
2024-06-03,249.3368975656207,257.05156256855133,245.0758786362366,254.85379028320312,30195397.0
2024-06-04,255.6610878347676,255.6610878347676,200.0435880250988,211.9744415283203,72779900.0
2024-06-05,221.57295612373736,224.0398615056818,206.72666826934525,222.021484375,37078551.0
2024-06-06,227.8523707640153,232.7861819419763,223.5913520194127,226.327377319336,30881233.0
2024-06-07,227.40382151810425,233.9523229822329,225.87882821396465,233.593505859375,22010688.0
2024-06-10,236.822928210855,236.822928210855,231.48543081025093,232.47219848632807,14138524.0
2024-06-11,239.3795536292729,246.69055927438777,237.94425762738675,245.3898162841797,47270206.0
2024-06-12,249.3817406739168,250.368508432358,246.3317536372766,247.1390991210937,20560662.0
2024-06-13,249.3817366825609,249.3817366825609,244.447925345316,248.0809936523437,16013386.0
2024-06-14,248.4846581017246,249.5611368850533,246.3317279110598,247.0493621826172,10642648.0
2024-06-18,250.23396879221065,250.2788106752662,245.7935273298313,247.40821838378903,17044769.0
2024-06-19,247.49788921639467,248.12583973288127,243.1920288564632,243.5956878662109,13361607.0
2024-06-20,243.81995313574097,245.79348844592283,241.3979169379644,243.8648223876953,12826509.0
2024-06-21,243.5059839020769,246.4662592318081,241.21847353274808,241.89126586914065,17406416.0
2024-06-24,241.89130591909708,243.32660194957464,239.1552942484952,242.1155700683593,7282347.0
2024-06-25,242.29497990444,242.92290306455467,237.7199860190631,239.5140991210937,14425434.0
2024-06-26,239.42438611086288,241.4427633347993,236.91263873813924,240.1868896484375,10650910.0
2024-06-27,239.8729506000232,240.5009012260117,236.37443502550929,239.9626617431641,22830930.0
2024-06-28,241.30819569446183,247.0942210025881,240.7251144514393,245.972900390625,19532912.0
2024-07-01,246.69056334362176,247.4081976684053,243.6405763992996,244.8516082763672,11750972.0
2024-07-02,245.07586191447416,250.99641328001505,243.5508548197176,246.5559997558593,24470518.0
2024-07-03,247.58762566142707,249.11263285684123,245.79351243199645,246.4214630126953,9125400.0
2024-07-04,246.690540343458,250.18905525858497,244.94126919789844,248.5294952392578,13444669.0
2024-07-05,248.7089276248452,259.5184480644547,248.03613521467875,258.5317077636719,39781962.0
2024-07-08,260.1463997061172,271.8081348653569,257.7692053219324,268.3544616699219,53136198.0
2024-07-09,269.83458515775806,270.7765109115233,263.1515306358607,266.8294677734375,18686252.0
2024-07-10,268.84785150032144,268.9375352520299,259.1147827286041,267.4573974609375,19278800.0
2024-07-11,269.117002041248,275.57582104063675,264.76627169971505,273.3780212402344,36020507.0
2024-07-12,275.21692009428733,279.6573606687752,272.8845951218205,275.4860534667969,31788101.0
2024-07-15,279.70220474879176,290.3323297109541,276.8764822591009,289.3007202148437,51435537.0
2024-07-16,290.28751744364183,293.87574379677466,286.8338441035526,289.435302734375,37468292.0
2024-07-18,291.6330715688914,298.9889183914302,288.53821571531654,297.5536499023437,48189915.0
2024-07-19,298.7197882892503,298.8992105239039,285.3087838405834,286.7440795898437,26579496.0
2024-07-22,287.05809203865994,290.06323691488825,282.12428108174544,287.7757263183594,22234557.0
2024-07-23,287.1029618639423,288.3139937828201,266.7846347840881,281.8103332519531,37871058.0
2024-07-24,280.82358107707813,292.2162117966799,279.97139366167306,286.6544494628906,28259305.0
2024-07-25,285.3088142100476,302.8014162871696,283.55957042793074,301.2315673828125,42054664.0
2024-07-26,301.8594994104935,303.65361233418145,296.1183435298903,297.46392822265625,25703985.0
2024-07-29,299.4374723916705,304.5955476739261,296.70146080104564,298.630126953125,26721790.0
2024-07-30,297.8227738741206,303.42937729795574,296.92571732630705,297.7330627441406,19792253.0
2024-07-31,297.8676320991463,302.7117596239973,295.8044128763355,299.7963256835937,21393361.0
2024-08-01,303.0257072909609,309.21541970645586,302.4426259785433,306.569091796875,36044960.0
2024-08-02,303.2051190763334,303.2051190763334,294.81763471544315,296.1183776855469,22939377.0
2024-08-05,287.37210634954147,290.0184070695008,274.4993378103596,278.31182861328125,37986023.0
2024-08-06,282.39336407334434,289.25586792754103,273.7367746661438,274.5889892578125,28386636.0
2024-08-07,280.24045827328536,296.88087355462505,279.8816411316485,295.2213134765625,66110716.0
2024-08-08,295.1316400790828,295.1316400790828,288.5831374350216,289.4801940917969,23478224.0
2024-08-09,299.5720632532432,301.2764653222137,294.41398779062496,298.316162109375,29814474.0
2024-08-12,298.49555257473406,309.2153887791296,295.93893605569497,306.1653747558594,34754596.0
2024-08-13,308.6771324454966,309.48447778190354,298.67495842136657,301.3212585449219,28943385.0
2024-08-14,301.2764254632963,301.859506702382,293.15804786190193,294.3690795898437,17812763.0
2024-08-16,298.3161305935722,301.186722367727,294.8176156898157,295.6698303222656,16584396.0
2024-08-19,300.5139750125374,303.8779374193942,299.21323193148766,300.7830810546875,19636518.0
2024-08-20,301.2764529361058,301.41100594570423,294.2793953010557,296.1183776855469,14972714.0
2024-08-21,296.61175460393633,297.37425817702507,292.8889752482615,293.9654541015625,11835143.0
2024-08-22,294.72794861717495,296.47722001851474,290.28753466730626,290.9603271484375,13387819.0
2024-08-23,293.26556159104,293.62716589712056,287.07298784058986,288.2934265136719,13229612.0
2024-08-26,292.4519179438795,297.5144605264779,291.8190897753156,296.3844299316406,21346682.0
2024-08-27,297.78565457093265,300.63332613055576,294.7119768940595,297.2884521484375,20165503.0
2024-08-28,297.10759858231654,298.5992332494827,293.4915011643942,296.33917236328125,12446738.0
2024-08-29,294.80240583260706,298.46369415708773,293.76278313701965,297.96649169921875,13799961.0
2024-08-30,298.73493769085167,302.3058182788043,297.9212934865151,299.0061340332031,19666466.0
2024-09-02,298.3281045553518,300.09096348136217,294.5311903710095,294.892822265625,8975511.0
2024-09-03,295.6159784425806,296.5200028414876,290.77944239070126,291.27667236328125,10321111.0
2024-09-04,284.7677315237367,285.8525720126163,278.80116401217805,284.2253112792969,25397204.0
2024-09-05,286.53059752863453,286.53059752863453,280.3832139202252,281.51324462890625,15571640.0
2024-09-06,281.60365817623074,283.0952932234809,274.55227744997086,279.16278076171875,27946491.0
2024-09-09,279.072377914132,279.072377914132,266.3708169662439,270.2129211425781,30369085.0
2024-09-10,271.2978169449098,272.5634460023161,266.687285474903,267.2297058105469,15618589.0
2024-09-11,264.33676192933183,264.33676192933183,256.06494315793304,257.9181823730469,44826300.0
2024-09-12,260.3590623355678,266.46122785905766,259.00302555257,265.8283996582031,21964895.0
2024-09-13,267.32007064865496,268.72129766663306,263.1163344174408,263.4779663085937,13672371.0
2024-09-16,266.50643052103425,267.04885077734406,263.3875623273735,264.4271850585937,10971110.0
2024-09-17,265.511981932466,268.13364722032736,264.11072753491834,266.37078857421875,11873436.0
2024-09-18,269.0376733946232,269.21846172576755,260.2686254693641,262.5286865234375,13421760.0
2024-09-19,259.8166637237198,261.44392455190314,255.38694871506289,257.8730163574219,17067311.0
2024-09-20,259.4550570158979,261.3082963876979,257.8278237913243,258.77703857421875,16585530.0
2024-09-23,260.72066576360555,267.9528619156536,259.95223940472266,267.09405517578125,14621229.0
2024-09-24,267.86244483405983,273.01539545256,266.41602772376456,270.71014404296875,16986759.0
2024-09-25,270.7101228051857,272.2921655355147,268.2240556575257,270.0321044921875,10609614.0
2024-09-26,268.5404959460595,270.03215860448137,263.52317045989537,266.8680725097656,27812412.0
2024-09-27,264.6079762667756,269.80611702550505,261.89590282743853,268.67608642578125,35706130.0
2024-09-30,268.4952994624456,272.83460639809954,265.557219586173,269.0377197265625,16294341.0
2024-10-01,268.49527481916806,270.4389219642728,262.7999315402773,263.9299621582031,10919818.0
2024-10-03,266.6872386465305,269.399312259885,262.6643184179321,264.0203552246094,28124665.0
2024-10-04,268.4952507309748,270.9361276821652,265.05996899613376,266.9132080078125,23104209.0
2024-10-07,267.5912405434522,267.862436846386,254.48288585466824,261.6698913574219,20917962.0
2024-10-08,260.4946341887133,265.692774665243,253.62404299765987,265.2859802246094,10572360.0
2024-10-09,263.2971330242719,263.8847434257401,259.3194307812895,260.8110656738281,13147475.0
2024-10-10,260.9918581548062,264.1107258155555,259.9522080125876,261.0370483398437,7237212.0
2024-10-11,263.342350859327,265.46681415409853,261.7151176400267,264.4723815917969,7011704.0
2024-10-14,264.6080153967542,264.78880376626216,257.782613011906,259.0030517578125,12690951.0
2024-10-15,258.91259011996965,258.91259011996965,253.8952655905176,256.47174072265625,15087155.0
2024-10-16,255.838952513514,259.6810569240526,253.71448926289983,258.00860595703125,18188885.0
2024-10-17,257.6470273159411,259.99749694251693,253.98573848954027,254.57334899902344,13343303.0
2024-10-18,254.93491708762545,257.1949784093242,252.40365944277843,256.1101379394531,14028398.0
2024-10-21,254.16646172183,256.74293685233584,248.1998949955625,250.0531616210937,10299773.0
2024-10-22,251.31881731081523,251.45441547149247,244.08662112920905,244.8098297119141,10028511.0
2024-10-23,244.08663037157527,248.06433290434703,239.6116977793071,244.8550567626953,18823321.0
2024-10-24,245.8042679410862,246.3014979933592,242.59499184605733,243.27301025390625,7488521.0
2024-10-25,244.0866136408553,244.3578099538899,236.49281340086745,238.7076568603516,12961181.0
2024-10-28,235.633967310562,239.6116693717507,230.7974447809709,238.0748443603516,13835091.0
2024-10-29,238.0748628624452,240.06370025328448,234.5039549729488,239.5664978027344,9122757.0
2024-10-30,239.5664972969228,240.65133775410024,235.995589414966,236.5380096435547,11166643.0
2024-10-31,238.12004230136347,242.5497567316752,236.08598722318217,240.60610961914065,16173656.0
2024-11-01,243.90578145354905,247.70269511485168,242.86615887134167,245.66864013671875,2955757.0
2024-11-04,247.7027008000368,248.0191148771803,235.1819565739864,239.83767700195312,14355959.0
2024-11-05,239.74732281223987,242.8210007788296,238.3008780077741,241.7361602783203,11676017.0
2024-11-06,242.0073721864236,244.6290377457889,239.02407475241043,243.227783203125,19244545.0
2024-11-07,244.538648951666,244.538648951666,239.3856978089103,239.7473297119141,6766663.0
2024-11-08,240.4253443895956,240.92254686549416,234.72997306998508,237.3516387939453,7836093.0
2024-11-11,237.17084121353045,237.17084121353045,231.4302799242442,232.243896484375,8450657.0
2024-11-12,235.81479841517967,237.9392615265781,230.8878538114241,231.5658721923828,22445400.0
2024-11-13,231.56586597300023,232.28910211311472,225.10209643252475,228.31138610839844,17483332.0
2024-11-14,228.3113977857277,229.893440713057,225.1021079457101,226.72935485839844,12454540.0
2024-11-18,227.00057208665484,227.9045966448744,223.38447385377668,226.59375,14636541.0
2024-11-19,231.54890921808047,236.5503600041416,228.8629475242004,229.696517944336,17397559.0
2024-11-21,229.6964935724043,229.6964935724043,223.02788852102023,224.2782440185547,16189440.0
2024-11-22,226.73265833663072,228.7239729832011,225.52860137545304,227.4736175537109,9637581.0
2024-11-25,230.1595821470152,241.2739281661869,229.65017179461216,238.8658142089844,31973671.0
2024-11-26,237.985953478258,239.18999636489733,233.91068465403583,235.48521423339844,9242451.0
2024-11-27,236.1798739994857,236.64297179164163,232.0583064758233,235.5315399169922,11689970.0
2024-11-28,236.1798831559121,238.4027469913889,232.6603369725541,233.58653259277344,14202863.0
2024-11-29,235.0684342064397,239.56047415946105,233.632828272591,237.75440979003903,11476347.0
2024-12-02,236.64298202905,239.23631847121456,234.04963145426163,238.5416717529297,13677959.0
2024-12-03,241.1813339912437,245.1639921196334,239.74574208517413,242.9874267578125,15345326.0
2024-12-04,244.37669296658663,244.79346399035128,240.810834570854,241.4591827392578,10713838.0
2024-12-05,241.4591978450077,243.82098525649369,237.93963769887188,242.014892578125,12896743.0
2024-12-06,241.5517938958669,243.5894354605708,240.39404943075016,240.85714721679688,8783386.0
2024-12-09,240.8571725897188,242.06124391942964,238.68063537821007,239.79205322265625,6800856.0
2024-12-10,238.6342676044884,239.65308831898983,235.71675739974071,237.9396209716797,11318782.0
2024-12-11,238.4953593004696,239.6068052906865,236.78189184273745,237.6617889404297,5353032.0
2024-12-12,238.9584574742869,239.51418047029955,234.8832026122708,235.29998779296875,7123877.0
2024-12-13,234.32746981730503,237.8470015361312,231.0857854522435,235.48521423339844,11143128.0
2024-12-16,235.2536612457971,237.38389962814568,232.66031097246864,233.21603393554688,7283872.0
2024-12-17,233.16974948385945,233.81808359730965,228.30722243404705,229.1407928466797,10066884.0
2024-12-18,229.14078139424785,229.2334066055215,225.43599906526973,226.13064575195312,8430930.0
2024-12-19,222.28692932855904,225.9453988805671,220.94394862372343,224.0003967285156,9518542.0
2024-12-20,223.67623765766075,226.1306503474388,217.93382775757053,219.6009826660156,15556528.0
2024-12-23,220.66610450632544,224.4171995605547,219.3694363028844,223.07421875,7722901.0
2024-12-24,223.21312630082056,225.2970662766581,220.9902626463095,221.31442260742188,3577400.0
2024-12-26,222.28694475156087,224.13933595782387,221.36074914842936,222.5184936523437,6330006.0
2024-12-27,222.28693763889265,223.21313321238804,218.86001684348432,219.4157257080078,6487888.0
2024-12-30,218.62845867179183,219.5083416027468,214.09009207469336,215.47938537597656,19401112.0
2024-12-31,215.4793888782009,222.19430661020857,215.20154151952627,221.59228515625,12004845.0
2025-01-01,220.25858019758005,221.58304729557125,218.9063424939617,219.4620513916016,9418453.0
2025-01-02,219.5546628030203,228.56654174641872,219.50835019797296,227.9089508056641,19745810.0
2025-01-03,230.11327808936355,243.3578770804974,229.68723605707817,239.78277587890625,49760410.0
2025-01-06,239.98652737630903,240.3477572261638,232.89187984984872,235.5871124267578,19265884.0
2025-01-07,240.02357333488703,247.6646866925968,239.00475256747671,244.0432586669922,52956766.0
2025-01-08,246.78484588660103,253.3145140092596,246.1364976159441,251.30465698242188,42237794.0
2025-01-09,251.95297016816264,252.4716374063634,242.394625466615,243.75613403320312,14706472.0
2025-01-10,244.5156224782126,246.83111132743807,239.3937622743356,243.60794067382807,13053552.0
2025-01-13,246.39582055486667,248.7761500905904,235.81866823188085,236.8560028076172,20416370.0
2025-01-14,238.5138709310162,242.66323722392124,237.86555099681712,241.15353393554688,8470150.0
2025-01-15,241.6444209526344,244.95094595393343,238.67134105776464,239.1251678466797,9344731.0
2025-01-16,240.8108390165821,246.0253243992649,240.8108390165821,243.75613403320312,14195450.0
2025-01-17,242.6632449399345,247.2942228968035,242.01489671987432,246.89596557617188,12148143.0
2025-01-20,248.313069417072,250.50814867352327,245.4511281351577,249.4800567626953,9676264.0
2025-01-21,248.26672518378703,249.47079645159727,245.2658604132316,246.1827850341797,8989218.0
2025-01-22,246.36801276872632,246.72924259536632,242.3946260019096,244.5619201660156,7919682.0
2025-01-23,243.58944371342503,244.3581736275992,241.8945181957777,243.6357421875,5026675.0
2025-01-24,243.5801749094499,246.03461589298848,236.8745277247029,237.5784454345703,6306281.0
2025-01-27,236.1798628400477,237.5135866796582,231.09504423468857,232.2713165283203,6944911.0
2025-01-28,231.54887880908305,233.7717423926014,228.5017017823092,230.3262939453125,8029472.0
2025-01-29,230.5300768196758,233.4012888032412,228.77031085079588,232.84556579589844,5651586.0
2025-01-30,233.4012746485729,240.2551159494901,232.4195096434136,237.77291870117188,12588155.0
2025-01-31,238.0415377547153,244.0432670912825,236.37438286532267,243.22821044921875,8850307.0
2025-02-01,240.3940630016893,243.1263513997088,235.0221396863852,238.5416717529297,10921673.0
2025-02-03,236.73559231120515,237.4302389856716,226.77898997718648,230.6226959228516,25719512.0
2025-02-04,233.77175445453227,238.4953574790103,233.40128188237125,235.34629821777344,8402532.0
2025-02-05,239.88465294112365,243.58943522592864,238.7269084771221,242.3390655517578,11590755.0
2025-02-06,243.2652664621281,243.5431420987347,235.53154175243213,237.2449951171875,12327998.0
2025-02-07,238.9453412369297,239.79552110377188,233.79708507464792,235.1195678710937,10098454.0
2025-02-10,235.1667977049992,235.78081888755963,228.412665594702,229.02667236328125,7582536.0
2025-02-11,229.02666495651013,229.02666495651013,223.68948502075327,225.720443725586,6711630.0
2025-02-12,225.7676926435024,227.893120712322,221.18620859623195,224.2562713623047,5985956.0
2025-02-13,225.2953657053467,226.19276574674373,221.2334337972549,221.94190979003903,10079210.0
2025-02-14,221.9891526228435,224.7758220814829,214.19591641374367,217.73829650878903,8065352.0
2025-02-17,217.45489575351928,221.32790362340748,212.5900330222524,220.71388244628903,6692422.0
2025-02-18,219.34416345528413,224.0201021029509,216.84088739143675,223.5005645751953,6170974.0
2025-02-19,222.9337826832148,225.57876264869324,221.51683067463503,225.1064453125,6168581.0
2025-02-20,223.68949758158124,229.2156018723304,223.40610429164963,228.5071258544922,8929816.0
2025-02-21,228.50712828773845,229.5934668417137,224.9175279569864,226.61785888671875,5697387.0
2025-02-24,223.2171720249221,224.7758134412363,221.04450943401383,221.3751373291016,6883143.0
2025-02-25,221.98913803428027,223.59501402237044,219.67478607374028,220.0998687744141,5519036.0
2025-02-27,220.5721884062796,220.9028162958213,215.84901520700168,218.21060180664065,9664032.0
2025-02-28,217.26596032078072,217.7382776258259,210.7952074760697,212.7789459228516,17237276.0
2025-03-03,212.3066226247313,213.4874158540123,206.27040821320577,212.66558837890625,11928529.0
2025-03-04,207.9140968296656,215.1405462964228,203.54987484862173,214.20535278320312,12428265.0
2025-03-05,214.5454216778581,218.44676747815825,214.2053526200356,216.26466369628903,7466729.0
2025-03-06,218.6734855763729,220.6383274253028,214.15813299390248,219.72203063964844,10439208.0
2025-03-07,219.72203396260832,223.37776558883783,218.3711988649229,219.9959716796875,9079049.0
2025-03-10,219.99596094659864,221.9891406154928,210.1623108752974,210.8330078125,16489167.0
2025-03-11,208.66979136223927,214.6776683975266,207.9140951627666,214.1675720214844,10941588.0
2025-03-12,214.5265383117608,216.1701934048681,210.0489648080256,211.9760131835937,6994310.0
2025-03-13,215.5183819185348,217.643809804966,212.41998153054453,212.948974609375,16105085.0
2025-03-17,213.9786457460201,217.6910530155519,213.71414919615947,217.02037048339844,8788971.0
2025-03-18,217.02037048339844,217.02037048339844,217.02037048339844,217.02037048339844,0.0
2025-03-19,219.6275637218611,222.1213987075629,218.77739827304643,219.6936950683593,8626593.0
2025-03-20,220.55329854278764,223.9161956591144,219.1646844258577,222.5464782714844,18955995.0
2025-03-21,222.7448598393583,234.26940002216872,222.7448598393583,228.9983367919922,29285333.0
2025-03-24,230.6703455517025,232.7579801293364,229.3100693019237,230.3302764892578,10566066.0
2025-03-25,230.5003051586743,231.7850089116316,227.2318772081972,228.83775329589844,8915800.0
2025-03-26,229.87684326509097,230.96316732536445,226.1171870548984,226.44781494140625,7543985.0
2025-03-27,225.64487921702155,229.92407312292096,225.43705843631275,228.76217651367188,9935664.0
2025-03-28,229.9618617851665,240.78736681565613,229.7918200526872,232.7390899658203,32905564.0
2025-04-01,233.3247595143071,238.2368568318121,233.0413662353397,234.3355255126953,11258957.0
2025-04-02,236.20589838298147,237.5756157500364,234.26939445729235,236.7632293701172,15337906.0
2025-04-03,234.2693890288233,235.7996925221023,229.08333970362804,229.83905029296875,11141370.0
2025-04-04,227.2413089815068,227.8553301520811,211.78708553885383,213.4968719482422,38336194.0
2025-04-07,196.48400180073705,208.5753278712708,193.65009792861105,207.66847229003903,27024128.0
2025-04-08,210.65351946461607,214.6587754273261,207.04500831113057,214.1108856201172,11309092.0
2025-04-09,209.70889745384343,211.6548425744304,208.0652279334152,209.6522216796875,16889575.0
2025-04-11,215.66009229610933,218.58845104667523,212.7789537466001,217.615478515625,13886447.0
2025-04-15,221.0445217741193,221.0445217741193,217.36045217681,219.8070526123047,12102239.0
2025-04-16,219.8070440165877,228.60159050197632,218.89074723211831,227.86477661132807,18748952.0
2025-04-17,227.65696389271383,231.06709575413907,226.01329431706915,230.0091094970703,12891813.0
2025-04-21,230.50029034325368,236.67820888097003,228.36542127343264,235.95083618164065,11698653.0
2025-04-22,235.1856867381875,236.7254458090445,233.57035516668924,234.0615692138672,9896443.0
2025-04-23,234.9684365628756,238.7564164579024,231.35992515012225,238.20852661132807,16555874.0
2025-04-24,236.15866203846704,237.452806893964,234.2693927421593,235.56353759765625,6538518.0
2025-04-25,235.214021472318,236.8010007225772,230.8686964345464,232.6918487548828,15616265.0
2025-04-28,232.3801234610148,238.0006967351009,230.84981994337952,236.72544860839844,7669983.0
2025-04-29,237.3300158716764,238.14240225140023,231.5299596675024,232.0778350830078,8030552.0
2025-04-30,231.9078086050333,233.74040214831209,228.8094080790296,230.9159393310547,9822483.0
2025-05-02,227.6569439715055,232.63517246688,225.7676747269287,229.3006134033203,10203190.0
2025-05-05,226.7123299118645,227.79865406043285,221.51683901805097,225.9566192626953,20086323.0
2025-05-06,227.7797793135566,229.5368005053193,222.9337984881824,223.87843322753903,11350559.0
2025-05-07,219.438644681138,226.7973426851293,219.2213827350744,225.4559631347656,16689539.0
2025-05-08,224.5018736195053,226.08885290743024,218.5884515055457,220.3076934814453,15026122.0
2025-05-09,216.4158104507601,222.27254257035608,215.80178926179804,221.9513702392578,11184507.0
2025-05-12,225.76766546221745,231.0576248955433,224.92694125944035,230.50973510742188,11374237.0
2025-05-13,230.63255396899712,231.7094369398368,226.9862634863329,227.80810546875,9336026.0
2025-05-14,227.80810259974376,233.23029643113105,227.80810259974376,232.3895721435547,8234859.0
2025-05-15,231.38825409527587,235.13845480015164,228.884978044204,233.90098571777344,16812750.0
2025-05-16,233.3814391028712,235.58243961212963,232.56905271067265,233.579818725586,8030229.0
2025-05-19,234.2693884794968,235.63910581160093,231.35047092916804,232.92800903320312,8043270.0
2025-05-20,233.12637652956047,238.70917071289907,233.12637652956047,235.45962524414065,13183059.0
2025-05-21,237.5756044242881,238.00068711600863,234.04266579371708,234.91172790527344,7158307.0
2025-05-22,234.911739717325,236.61208498368583,226.34391086874416,228.28985595703125,18502235.0
2025-05-23,229.07390557206307,231.1332022168453,226.85400835041148,230.7175750732422,8725218.0
2025-05-26,231.71890541019388,233.44758872008023,231.25602919695143,232.323471069336,7159571.0
2025-05-27,233.1830795505817,233.1830795505817,229.47065771471983,231.0009613037109,9712093.0
2025-05-28,231.0954131685244,231.7566545206104,227.94033699287075,229.23448181152344,7385958.0
2025-05-29,230.11300714700755,231.0576417996406,227.9875791785832,229.58399963378903,12938112.0
2025-05-30,229.5839925238286,231.61496561248129,225.66376460239883,226.14552307128903,10108840.0
2025-06-02,225.7676907447897,226.79733909678072,224.5018837204716,225.1158905029297,6278145.0
2025-06-03,227.18463452766727,227.70418647071384,223.5005651387569,224.1334686279297,9515918.0
2025-06-04,224.82305041810235,225.2953677509135,222.46146375404663,224.8702850341797,6733580.0
2025-06-05,224.87028573865467,226.35335467305765,223.14160256547257,224.6057891845703,8941808.0
2025-06-06,224.6246724497203,227.1563008674945,224.36017589451748,226.7689971923828,5985346.0
2025-06-09,228.39376840938093,230.60421006863024,227.18463718992936,229.3572998046875,7719525.0
2025-06-10,230.72700799820493,231.4354839695403,229.15891105562744,231.13319396972656,7659657.0
2025-06-11,230.96316809025268,236.5365066671246,230.06576807044863,233.6270446777344,20842417.0
2025-06-12,237.57562460203297,241.07077007322283,233.0886098232669,234.1560516357422,35613271.0
2025-06-13,241.40138449759,241.77923258700028,235.327376283153,237.5850524902344,39320377.0
2025-06-16,239.92775875772617,243.24342117381968,238.22741351332647,242.5727386474609,41444122.0
2025-06-17,242.7144221916366,242.8561116194079,237.6228421533352,238.3407592773437,18781097.0
2025-06-18,239.96554098520733,241.722562025402,235.94140253172085,236.4987335205078,12691905.0
2025-06-19,236.6309832638572,238.9925699231772,234.45832065448667,237.63229370117188,10790997.0
2025-06-20,238.2935409834785,239.2287345127592,235.5446649985896,237.94403076171875,15907673.0
2025-06-23,239.00199434843248,241.34469852853329,236.4703805455888,237.4622497558593,16776881.0
2025-06-24,233.79707699601784,234.2693943232825,230.0090972203882,230.415283203125,22215004.0
2025-06-25,230.49085399891783,231.7188819235116,228.12926738007647,228.51657104492188,13056178.0
2025-06-26,228.6015866073308,231.78500078356225,228.16704832369413,231.1804351806641,15769123.0
2025-06-27,231.4449320085112,232.58794628506965,228.6015868813752,229.38563537597656,21691960.0
2025-06-30,230.49085987875824,232.0967359377402,229.546225207124,230.68923950195312,8783448.0
2025-07-01,231.7188891159412,231.7188891159412,227.9403504085112,229.895736694336,8470489.0
2025-07-02,229.45175223269152,230.25469745607947,226.9012415436665,227.7230834960937,10419419.0
2025-07-03,228.60158204973703,232.56904464053144,228.41265800521936,230.5380859375,13891239.0
2025-07-04,231.6244227271555,231.86058139927005,229.0833531089659,231.66221618652344,7717259.0
2025-07-07,231.90780468219648,231.90780468219648,227.49636263237983,228.14816284179688,9222263.0
2025-07-08,228.9889006894313,230.2074731081671,227.32633439536488,229.77294921875,7537067.0
2025-07-09,229.8768615722656,231.0481993832749,228.85665435965703,229.8768615722656,9590680.0
2025-07-10,230.02798568055013,231.1426620979432,228.91332367713844,229.63124084472656,8012201.0
2025-07-11,229.5934647540947,229.63124379961968,227.4680366972734,228.3748779296875,5608382.0
2025-07-14,229.45174480900224,231.3315729031132,227.7891930568607,230.6986694335937,7568906.0
2025-07-15,230.94427468336903,231.78499894344333,229.26282616322047,230.1791229248047,7843083.0
2025-07-16,230.4908498161971,230.63253924516405,228.884973827323,229.404525756836,5656962.0
2025-07-17,229.54621447874968,231.0198421913888,229.3761871645131,230.3680419921875,7006298.0
2025-07-18,231.18988946854645,233.6553864820164,229.98075826946348,232.67295837402344,10293817.0
2025-07-21,232.38013751965337,232.66353081405904,230.89705411352,231.4732818603516,5424455.0
2025-07-22,231.473266276382,233.20194940049288,230.55698393473045,232.7674255371093,5869862.0
2025-07-23,232.38011504213333,233.51367369612817,230.7364456247536,231.9550323486328,7357753.0
2025-07-24,231.96448160011275,232.56904719760493,230.264136352797,231.27490234375,4590999.0
2025-07-25,230.49086819013257,231.2465788374867,226.0038533380705,226.9862670898437,7427827.0
2025-07-28,226.9862574122617,228.18594747326327,224.63412632030725,226.7312164306641,6865890.0
2025-07-29,226.7312066223753,229.08333761257776,226.54228258025967,228.0725860595703,6157824.0
2025-07-30,229.11166784001023,230.21690299810308,226.80677154087428,228.42208862304688,8767763.0
2025-07-31,226.90124129733704,229.36673832398017,226.39114492567825,227.65695190429688,10254214.0
2025-08-01,226.80679133555523,227.3830190641248,221.09174866642715,223.68003845214844,12629251.0
2025-08-04,223.4060903510301,225.19144922801613,221.04450377226647,221.8285522460937,16174972.0
2025-08-05,222.4614714918401,222.9337888410797,220.1471193633625,221.49794006347656,9562689.0
2025-08-06,221.5640538435084,222.33864673957424,220.01485363739627,220.8272399902344,7568954.0
2025-08-07,220.2415492089704,221.2334184126898,218.50342502023125,220.9783630371093,5560413.0
2025-08-08,220.95002677306937,222.10248213609444,219.7975714100444,220.5155029296875,5249568.0
2025-08-11,220.51551688915325,221.9891446495259,218.75849584855948,220.8461303710937,4699743.0
2025-08-12,220.8555891498604,223.27385160343388,220.67610625598124,222.48036193847656,7036778.0
2025-08-13,224.57745977852008,226.6650944030929,223.2171834981564,225.4559631347656,8501906.0
2025-08-14,225.3048158013003,225.4559608117793,221.4507045179746,223.82174682617188,7258450.0
2025-08-18,224.11456117463456,225.38036809240896,222.46145060748765,224.97418212890625,8501972.0
2025-08-19,224.35073112518467,225.333144826697,223.57612378743104,224.7663726806641,5538059.0
2025-08-20,223.8784089378682,225.85269186956828,223.8784089378682,224.7569122314453,7438061.0
2025-08-21,224.8230471563768,227.6475099546433,224.0956744384856,225.09698486328125,8111371.0
2025-08-22,224.82303414012887,225.41815854885576,222.8298545634198,223.20770263671875,5423818.0
2025-08-25,223.2171637683498,224.3412812732909,222.60314261646764,223.6516876220703,8854258.0
2025-08-26,223.55723242706392,224.16179800675985,220.8555768397397,221.22398376464844,14671897.0
2025-08-28,221.3279132733851,222.2536512442256,219.51421637758304,220.46829223632807,13870643.0
2025-08-29,220.4682788430623,222.33865140105,218.5223337839261,220.77056884765625,9928988.0
2025-09-01,221.0445123010564,225.94716853397057,220.1660089785708,225.5031890869141,4366396.0
2025-09-02,225.5315254640952,229.07390544520663,224.25626290530263,226.2305603027344,5921193.0
2025-09-03,226.24001780223915,228.5449288493425,225.2576040253336,225.8338317871093,4364007.0
2025-09-04,227.0208102184579,227.2866969787739,223.56425335486668,223.8396453857422,8778730.0
2025-09-05,223.86813512549315,225.2070742150225,221.26622666318883,222.3297882080078,7210683.0
2025-09-08,222.3297901737241,223.13694125310937,220.36411177089835,220.8104248046875,8418326.0
2025-09-09,220.8104305076261,222.76660369020752,219.12963487930207,219.67091369628903,11665314.0
2025-09-10,221.25673211581272,221.29470972867244,219.3575326985096,220.06024169921875,11775053.0
2025-09-11,220.40208440777465,223.36483067699928,220.40208440777465,221.97840881347656,11047708.0
2025-09-12,222.69063108795325,223.5452795526989,220.9718578670569,221.494140625,6073522.0
2025-09-15,221.3991592475611,222.38675102746143,220.30712541317675,220.55401611328125,6153784.0
2025-09-16,220.76293820144315,223.41232952673352,220.7059645367688,223.24139404296875,7319921.0
2025-09-17,224.10552501106665,225.9667467637633,223.3268463165456,224.9411773681641,7628371.0
2025-09-18,225.71985783572475,225.71985783572475,222.6811415315371,223.71620178222656,6497852.0
2025-09-19,223.26038816726856,225.4349651254379,222.9185316924317,224.76075744628903,16484017.0
2025-09-22,224.10553681932225,226.43205326547275,223.7731711171256,225.5014495849609,9962796.0
2025-09-23,225.2925449314141,225.6154053749578,223.2983796229524,224.73228454589844,7014239.0
2025-09-24,224.7322639117711,228.02737596297604,224.3524153456468,226.4985198974609,8299331.0
2025-09-25,226.87837634113697,229.9360887736183,226.49854222730707,227.590576171875,10150654.0
2025-09-26,227.9039461745937,228.1508368999755,224.90320740575663,226.02374267578125,6349466.0
2025-09-29,226.9543450130661,229.00548399365127,226.1661754652558,227.88494873046875,10631271.0
2025-09-30,227.9039380545407,228.7490812452366,226.47953844169984,227.4291381835937,7167687.0
2025-10-01,226.5744998478004,233.8769095509316,226.4510472470145,230.79071044921875,10375310.0
2025-10-03,230.2779316744927,231.8922482975614,227.61904956545743,231.3794708251953,10702610.0
2025-10-06,230.49633046411063,235.025925077273,230.49633046411063,233.4685821533203,9465503.0
2025-10-07,233.468588020808,236.92513042619368,232.3290712533799,232.955810546875,12498420.0
2025-10-08,234.1238036149176,234.3612035345252,228.98646587707225,229.6226959228516,5073558.0
2025-10-09,229.6512100767352,232.17714899942047,228.4357235029115,231.1230926513672,9292031.0
2025-10-10,231.749815706164,234.6271017127657,231.32249872800625,233.9243927001953,9050771.0
2025-10-13,232.65193525757405,233.2976561228046,229.21438885089387,231.7877960205078,12607116.0
2025-10-14,232.9368156163788,236.20344099120464,231.6073673065295,232.3575592041016,13865005.0
2025-10-15,232.35756197836344,235.6811610580561,231.97771338969616,235.2348480224609,8520238.0
2025-10-16,235.500718425674,236.1654352974756,233.6015190835314,235.8330841064453,6083826.0
2025-10-17,236.02301621213343,236.02301621213343,232.4335303854845,235.20635986328125,14250215.0
2025-10-20,235.2063628058621,236.6402532023618,232.64244639614267,236.2034454345703,10920554.0
2025-10-21,236.20343145901387,236.73520496559664,234.9214660851337,235.6146697998047,569979.0
2025-10-23,237.399932798674,240.4766411440519,236.52630278474388,239.593505859375,13879042.0
2025-10-24,241.1983327128117,244.4269660162201,240.1062988133552,242.1099548339844,17882209.0
2025-10-27,242.5467451822868,243.1829752203447,239.21365556775453,240.505111694336,7889080.0
2025-10-28,240.34370730634907,240.9989189755114,237.26699883878192,237.9127197265625,8529692.0
2025-10-29,238.30203620428057,244.3699775647716,237.9222021291235,242.7556610107422,8806213.0
2025-10-30,243.57232697823216,243.57232697823216,240.6380673354477,241.7016143798828,5266883.0
2025-10-31,241.86303752622183,244.9017536284987,240.5525998103988,242.499267578125,7199008.0
2025-11-03,242.1479292717324,245.47152830095223,241.4832123638368,244.56939697265625,5450040.0
2025-11-04,243.1924837844816,244.5219175402603,239.29911930153628,239.6314849853516,6006851.0
2025-11-06,240.7710078527168,242.6227243776113,237.8272429743521,238.82432556152344,6987258.0
2025-11-07,237.39992772343524,240.8184924785494,237.39992772343524,239.48904418945312,4449104.0
2025-11-10,239.2991204649257,242.622719360272,236.92512125396416,238.72935485839844,7418162.0
2025-11-11,241.38823829796888,241.38823829796888,233.6015237379844,236.8776397705078,16183880.0
2025-11-12,239.86889330306929,242.71769244210927,237.30496248613983,241.055892944336,11917811.0
2025-11-13,240.91345818827773,240.91345818827773,234.83602547037165,238.2071075439453,13057927.0
2025-11-14,238.8394450657108,242.87684726229904,238.4503032316334,240.88247680664065,9185042.0
2025-11-17,240.8824784461137,242.9254953561392,240.7365391237344,241.3202667236328,6281588.0
2025-11-18,240.29876851468245,242.68229584070403,239.6177628279349,240.2501220703125,7708871.0
2025-11-19,240.2501213809767,243.5092401618744,238.74217067869853,242.2445068359375,7075882.0
2025-11-20,242.24448971946404,244.28752147429896,240.8824784461137,241.3202667236328,6918642.0
2025-11-21,240.3474149590524,241.5635018442481,239.52046993919504,240.2501220703125,7589240.0
2025-11-24,240.25011251352743,240.7365472482561,237.6720143573895,239.08267211914065,15875282.0
2025-11-25,239.08268435023555,240.78520600888424,237.9638903410479,238.69354248046875,8983620.0
2025-11-26,238.69353247820703,241.2716306582033,238.4016686657069,240.97976684570312,7232643.0
2025-11-27,241.27163546202613,242.0499340292528,236.2127170422683,237.38015747070312,5600832.0
2025-11-28,238.3530343693795,238.69354464211725,235.96950699464787,236.6505126953125,3804191.0
2025-12-01,237.4288003198673,239.1799683584119,236.41700774434804,238.1876373291016,6307936.0
2025-12-02,236.89372419785,239.5788386844618,235.9208546939574,236.93263244628903,5413988.0
2025-12-03,237.4287956873881,237.7303828460957,233.0606064493589,233.5081329345703,11829802.0
2025-12-04,233.97509739501984,236.11540716730136,233.1870755336406,235.6581573486328,10825420.0
2025-12-05,236.1154220711521,236.6018568157753,234.3739922171175,234.685302734375,7645591.0
2025-12-08,234.6852960527018,235.4344096946406,231.2510680410218,232.048828125,5285903.0
2025-12-09,231.2510828837404,233.6832566937184,230.40469114820755,233.33302307128903,9026401.0
2025-12-10,232.82712759763405,233.82918195946547,231.9515361718407,232.7979278564453,3492031.0
2025-12-11,232.79793329242307,234.75341046432283,231.679139318952,231.9418182373047,8868641.0
2025-12-12,232.0293816626182,232.9049582970056,230.5895389224748,231.5624084472656,4252781.0
2025-12-15,231.5429419981901,232.3115023747868,223.7016161695555,228.96484375,12334408.0
2025-12-16,227.81685009548133,228.9161973859448,224.4896381713504,225.9100341796875,7238404.0
2025-12-17,225.4625017770583,227.08719202574665,222.40769220653587,226.59103393554688,5848233.0
2025-12-18,226.6785884725637,227.7779357335209,224.9371586379029,225.70571899414065,3964839.0
2025-12-19,225.7057105112412,227.1650146740293,225.21927579031177,226.57156372070312,5070902.0
2025-12-22,227.4471500986048,228.89673097367955,226.4548339133367,227.8265686035156,4614185.0
2025-12-23,228.23519044071244,231.44564791209,228.23519044071244,229.10104370117188,5810236.0
2025-12-24,229.14967215906543,230.1517413866887,226.814791331014,227.42770385742188,4114036.0
2025-12-26,227.49578619295283,228.8967205611441,226.72722586738624,228.1670684814453,3710774.0
2025-12-29,228.16707828729764,232.53526760295628,227.6514586497356,228.44921875,12621499.0
2025-12-30,228.5756824574505,229.208056529381,226.9801770963618,228.31300354003903,6236729.0
2025-12-31,228.3227382611392,234.46154224090785,228.2449069221716,233.85836791992188,11514802.0
2026-01-01,234.36424334941364,234.5685524645684,230.9689384872325,231.48455810546875,5840586.0
2026-01-02,231.48456812499663,235.96949705411183,231.48456812499663,234.90907287597656,5925943.0
2026-01-05,240.10419294829103,240.10419294829103,229.3053356782333,231.6304931640625,21201434.0
2026-01-06,231.63050068821448,235.7846576993612,231.63050068821448,235.3274078369141,10840459.0
2026-01-07,233.6929817703001,235.12308623305623,231.69859638911925,232.5741729736328,8253161.0
2026-01-08,231.7375027352814,232.4087850388134,224.73284558220075,225.1414489746093,9218488.0
2026-01-09,225.987845633827,231.7861542831837,225.7057200155241,227.739013671875,12706408.0
2026-01-12,227.7390048807528,229.75285175797256,225.3749392542527,229.3150634765625,9807980.0
2026-01-13,231.54293798727448,237.52607939650048,229.4026280840852,237.16612243652344,22527192.0
2026-01-14,237.37041966793188,244.1902290883803,236.971539635352,241.4953765869141,33094088.0
2026-01-15,241.4953765869141,241.4953765869141,241.4953765869141,241.4953765869141,0.0
2026-01-16,240.2014629358315,241.0575928081184,235.82355038041675,240.46414184570312,12287680.0
2026-01-19,238.35303556758385,241.2716441663705,235.726290797638,236.51431274414065,6459249.0
2026-01-20,236.51430930602845,238.6838041763758,233.20655888007795,233.8681030273437,6496057.0
2026-01-21,233.48867662723907,237.856865963272,233.01196523499345,235.7943725585937,9610477.0
2026-01-22,237.9638815966437,239.78314278040835,235.9889577327682,237.389877319336,10746306.0
2026-01-23,238.64488618673087,239.6177556658086,234.99662564018936,238.81027221679688,8080247.0
2026-01-27,239.90961183653675,242.23476922367573,239.2188679966777,241.2229766845703,15915509.0
2026-01-28,242.4390733498711,262.3342514030605,242.4390733498711,261.29327392578125,73427983.0
2026-01-29,262.67476767457373,270.2339530782784,261.71163636044577,267.9185485839844,48267023.0
2026-01-30,266.45923290976685,268.99840797087944,260.73875568612283,261.6629638671875,24420043.0
2026-02-02,244.77397672072271,250.02746618115737,240.88249864786425,247.06021118164065,17015974.0
2026-02-03,252.65420997245343,254.8917978487126,242.58500515004795,250.02745056152344,19213406.0
2026-02-04,251.04895740857384,262.67475956905224,251.04895740857384,259.70751953125,26628393.0
2026-02-05,260.7290290853365,263.11257126439057,258.7832900623116,261.896484375,15268335.0
2026-02-06,260.7290213928269,262.6261287601528,257.51856397540524,261.6532592773437,10013728.0
2026-02-09,262.1396882979516,263.5503312034673,258.54005941426624,259.36700439453125,10824044.0
2026-02-10,259.999364025544,265.64199503593795,259.75614665975763,264.76641845703125,13459684.0
2026-02-11,264.9123457759344,267.6363981156888,259.123790221994,267.14996337890625,18388416.0
2026-02-12,268.51199826137605,272.69532548887446,266.03119276198413,268.8525085449219,22753270.0
2026-02-13,262.67476078680573,263.98814052866385,258.78328284922344,260.1452941894531,20748628.0
2026-02-16,260.38852351482706,264.8150976858205,258.44278445670824,264.1827087402344,13247757.0
2026-02-17,265.5933728417247,265.5933728417247,260.8263182414641,264.4745788574219,21292868.0
2026-02-18,263.87711980963303,264.9724648751754,261.4374889994827,263.47882080078125,11621040.0
2026-02-19,269.1546324446272,275.2785970596768,266.71503218232203,273.4862060546875,37728943.0
2026-02-20,276.22456543046064,279.61015251476704,273.1875013669503,277.4692687988281,31971956.0
2026-02-23,278.71398629588566,278.71398629588566,271.04663139102456,274.48199462890625,13113050.0
2026-02-24,274.4819952452532,276.9714021137722,272.14194671119185,275.3283996582031,16311581.0
2026-02-25,275.32839678943435,277.76802765047034,272.8389899468536,276.2743835449219,7573116.0
2026-02-26,276.2245754442095,279.859103333949,274.4322146840896,278.91314697265625,13301761.0
2026-02-27,277.3199041811372,281.30295486955566,275.82626017298026,278.51483154296875,18554482.0
2026-03-02,286.77965336271905,291.75846678915514,276.47350349234324,281.0042419433594,65843426.0
2026-03-04,285.7838921408893,287.12817785056404,273.93432220294454,275.7764892578125,53722773.0
2026-03-05,276.822018418327,286.4311219728211,274.1832534571002,275.17901611328125,40569479.0
2026-03-06,278.76376802825735,279.75953068542094,270.0010384122588,277.7680053710937,30725344.0
2026-03-09,287.775420140746,287.775420140746,266.4661044501917,269.65252685546875,56512457.0
2026-03-10,269.7023285196578,269.7521044984557,264.2256337682049,268.059326171875,18476370.0
2026-03-11,266.8644052436807,271.2457550730133,266.8644052436807,269.6027526855469,16130216.0
2026-03-12,270.4491640721989,271.84322581925966,266.6154714765816,269.4035949707031,20059801.0
2026-03-13,269.4035774848489,270.15039948532984,262.3336868575747,262.9809265136719,18411729.0
2026-03-16,262.9311264063263,264.8728758091054,257.2552973005192,259.3464050292969,21725887.0
2026-03-17,259.5455406959097,264.2754135030244,258.05189665155774,263.628173828125,15662659.0
2026-03-18,264.02646403469777,265.5201080292991,261.88558038675563,263.8771057128906,8780857.0
2026-03-19,263.87711418711257,270.3495717049097,261.3877074494983,267.9597473144531,28685305.0
2026-03-20,267.8601730303024,271.89299991132555,262.88135940520385,264.2754211425781,19436124.0
2026-03-23,266.167362549031,268.5572173844868,262.78177538315737,264.3252258300781,23991581.0
2026-03-24,267.41206592962163,272.14193884305826,265.71928754093057,266.9141845703125,18567283.0
2026-03-25,266.2171545557159,270.34956353766256,265.2711678686944,269.0550842285156,13380625.0
2026-03-27,269.3538147999261,283.7923741884619,268.55721678207215,280.7553100585937,60048871.0
2026-03-30,281.5519045960342,287.1281818168803,280.7553065880274,283.44384765625,44866906.0
2026-04-01,288.7711867010524,291.75847483933904,281.60168301385755,286.8294372558594,31626297.0
2026-04-02,287.2775421130872,287.57625877106983,282.2987285582676,285.9830627441406,20935809.0
2026-04-06,286.08261984038904,287.27754727030367,279.26166945844943,280.6557312011719,24449779.0
2026-04-07,280.655715100604,286.331544096422,278.81354808027766,285.43536376953125,22891122.0
2026-04-08,278.8135578001861,286.6303011233088,273.5858035914326,284.2902526855469,42071040.0
2026-04-09,283.69280189371534,288.5720332995989,283.69280189371534,287.37713623046875,13585661.0
2026-04-10,287.3771184692598,290.61334721240854,283.344261340992,285.2860107421875,12889209.0
2026-04-13,285.98305034563424,289.06989030518247,279.8093096500078,286.33154296875,23986567.0
2026-04-15,282.84637197334666,288.5720072795947,282.14935634293624,286.38134765625,16529148.0
2026-04-16,286.77966470490713,286.87924705502746,280.80508835688823,281.5519104003906,13626398.0
2026-04-17,282.19913485329164,284.29024253981896,281.0042378811796,282.84637451171875,17846605.0
2026-04-20,282.7966232599407,283.99155072479687,281.30297912300443,282.1493835449219,11057036.0
2026-04-21,281.950197121335,283.6430058347845,281.2033751103894,281.9004211425781,13645673.0
2026-04-22,281.9004322586266,283.8421513306928,281.4025508983635,282.4480895996094,7395183.0
2026-04-23,283.6430171258162,288.5720243613077,282.8463887161368,285.0370788574219,13525025.0
2026-04-24,287.5762514257131,287.5762514257131,282.69702034427,283.5932006835937,11789941.0
2026-04-27,284.78811994102284,285.48516595632424,282.9957593134831,284.68853759765625,6497916.0
2026-04-28,285.03706865432366,301.1186299435433,284.7881279830098,300.0232849121094,51575179.0
2026-04-29,302.6122704537315,306.1970221566329,298.4798614356121,300.12286376953125,27267649.0
2026-04-30,303.608037135769,306.14725022013613,295.6419356411564,298.2807006835937,17490096.0
2026-05-01,298.2807006835937,298.2807006835937,298.2807006835937,298.2807006835937,0.0
2026-05-04,297.1356001849412,298.6292443182988,291.1112476690395,291.6589050292969,15468437.0
2026-05-05,293.1027548014301,294.6461748204803,285.78389292924743,288.7214050292969,10750753.0
2026-05-06,288.7214219435816,289.02013861371506,278.81357041116354,279.61016845703125,22858013.0
2026-05-07,280.8050784518913,283.9915312137438,278.5148364212424,282.697021484375,15608370.0
2026-05-08,282.3983177298807,282.79661674623605,277.4195040547709,278.0169677734375,9290168.0
2026-05-11,279.51060950920464,280.6059241978405,276.47351496014414,279.809326171875,6948202.0
2026-05-12,285.68430335877594,298.62921804219724,285.6345273806842,293.2521057128906,52080828.0
2026-05-13,295.74151081887453,298.92796349478783,292.85380517472703,295.890869140625,24381295.0
2026-05-14,298.728819618797,302.4131538827356,297.43434022242235,299.625,22660293.0
2026-05-15,301.7161013022498,303.6578507431649,297.28494508491355,298.0815734863281,13695307.0
2026-05-18,298.0815574631119,299.42584312777126,293.84956617068434,295.940673828125,10521642.0
2026-05-19,293.84959058571627,297.2351778233031,292.40572245773336,295.24365234375,9565497.0
2026-05-20,293.55084118086927,300.47140432222227,292.6048848186145,297.0360107421875,12258794.0
2026-05-21,295.39300304523016,298.33051520698376,292.9035962601056,294.5964050292969,14084672.0
2026-05-22,294.5465906278969,295.5423533147907,288.1737155094293,288.77117919921875,11563330.0
2026-05-25,288.7213975654732,288.7213975654732,283.09531418409915,283.7425842285156,12837047.0
2026-05-26,283.89194445868225,288.4226524704533,282.79659943953806,286.2817687988281,10629491.0
2026-05-27,282.99577942660864,282.99577942660864,271.2955673736959,272.8887634277344,29178516.0
2026-05-28,272.8887634277344,272.8887634277344,272.8887634277344,272.8887634277344,0.0
2026-05-29,274.7807361244961,274.8802880863847,260.4417285735989,264.2754211425781,74403401.0
2026-06-01,265.420550429286,267.16313525210734,262.1345454901299,263.1800842285156,9095622.0
2026-06-02,262.0349369135972,265.07203124810763,259.94382925782674,263.9268798828125,16831714.0
2026-06-03,264.02648926657787,267.56146529124896,263.18008484443027,266.615478515625,14618721.0
2026-06-04,265.569916324061,270.0010419739327,264.7732879548627,266.4162902832031,15217360.0
2026-06-05,266.6652378963344,267.3125079594996,262.58263515238497,263.628173828125,7493239.0
2026-06-08,263.03071361599245,265.12182138343053,261.5868759202913,263.5285949707031,6974540.0
2026-06-09,263.0306984353667,264.3749840931543,257.2054808437968,257.90252685546875,10796349.0
2026-06-10,257.90254782409903,260.74047769055045,250.28496899497887,250.83262634277344,10176332.0
2026-06-11,251.87817091305592,255.41313152266403,248.9904651723242,251.5296630859375,13516341.0
2026-06-12,249.23940186484185,249.78707437771672,242.31885427705703,245.15676879882807,31112657.0
2026-06-15,246.9989493776128,247.2478900612842,241.7711950205129,242.6175842285156,25211118.0
2026-06-16,243.1154581796166,247.74576387113763,242.4682184994684,247.14830017089844,17468010.0
2026-06-17,244.9576310138313,246.70021578730368,242.96610555843432,243.9618682861328,12816262.0
2026-06-18,244.90782926702155,245.8040247997454,241.9703323859365,244.2605895996093,13816485.0
2026-06-19,244.26060192693348,245.65466367823788,242.26907645699376,245.20657348632807,7609532.0
2026-06-22,243.9120765230928,246.7002151927559,242.76695546665263,244.4099578857422,7334095.0
2026-06-23,244.36015964771656,245.1567728437571,242.5180077756392,243.3146209716797,7400255.0
2026-06-24,243.3146212986768,244.75847417174083,238.4851661364237,238.9830474853516,10278033.0
2026-06-25,239.7796591131926,239.7796591131926,231.11652673737223,232.1122894287109,36085563.0
2026-06-26,232.1122894287109,232.1122894287109,232.1122894287109,232.1122894287109,0.0
2026-06-29,233.0084668838645,236.14511324503272,228.72668432537725,233.05825805664065,38227413.0
2026-06-30,232.95867631846727,234.9999928545473,226.68536838564225,233.90464782714844,24134402.0
2026-07-01,234.7012609491269,235.099575138136,232.53050559702527,233.9942779541016,11835312.0
2026-07-02,233.00847297330068,235.3286018992795,229.82203535608213,234.96017456054688,14033169.0
2026-07-03,236.1949115705916,238.68431834345648,235.32860287575724,236.8321990966797,11086950.0
2026-07-06,238.5847486645654,243.354445305488,235.8364338921572,242.86651611328125,22386040.0
2026-07-07,243.0158858902168,244.23071757933351,241.65168068213023,243.14532470703125,15287101.0
2026-07-08,245.7741544084201,247.29767010840004,240.45677009694043,245.9533843994141,24753835.0
2026-07-09,248.53241730361,248.53241730361,241.88072952909368,242.6175842285156,14066120.0
2026-07-10,242.61758091896343,244.3502135235697,242.37860759014416,243.9220428466797,8237303.0
2026-07-13,245.25636352187288,248.1938605375528,244.50954147411693,247.39724731445312,12453319.0
2026-07-14,250.93220744842264,250.93220744842264,246.25212566579063,247.8453369140625,16299949.0
2026-07-15,248.3631280286448,248.3929996937796,245.2563533015681,246.1326141357422,13302251.0
2026-07-16,246.8694930801757,246.90933209791,244.5692836153552,245.70445251464844,6243845.0
2026-07-17,245.1567792613972,246.740038343714,244.55933074432664,246.24215698242188,6214332.0
2026-07-20,247.37732469552387,251.33050390081087,247.04873636947963,248.5224609375,10627783.0
2026-07-21,248.9506329048705,250.62352218044325,247.40721283954247,248.8311462402344,12240171.0
2026-07-22,249.9364459608064,251.70890240985835,249.07013724529605,250.83262634277344,10909821.0
2026-07-23,252.8639834000492,253.12287623311445,250.94215348102423,251.3006286621093,9104521.0
2026-07-24,251.43009071790715,252.48559678649323,247.2180186010299,247.7059326171875,7645869.0
2026-07-27,246.949150929228,247.1184287658432,237.1309300466152,237.5491485595703,19910285.0
2026-07-28,236.9915268407403,238.9631327676631,235.08961640311549,237.89767456054688,13362577.0
2026-07-29,238.983042773272,239.0029622811936,236.9218067361688,237.3002014160156,9139712.0
2026-07-30,238.48517423467,243.35445338476487,238.0470362016743,240.5663146972656,11419363.0
2026-07-31,240.5563630365148,241.9305204711776,237.1608084679214,241.50233459472656,10070729.0
2026-08-03,240.426906321192,241.59194688328105,239.0427967446109,240.97457885742188,8277525.0
2026-08-04,240.97457885742188,242.1694910856568,239.5805171235033,240.97457885742188,10470809.0
2026-08-05,243.96186935287423,243.96186935287423,238.09682746885008,239.1822052001953,19409088.0
2026-08-06,240.37711026920024,240.37711026920024,235.4978791053473,236.79237365722656,13959109.0
2026-08-07,237.48939812846825,240.6658834946649,236.0455452876877,237.83792114257807,10078070.0
2026-08-10,238.98305615277724,240.2775507457648,237.18072803535307,238.82373046875,10611162.0
2026-08-11,239.9788142751406,242.61757939179904,238.4353790283203,238.4353790283203,16004168.0
2026-08-12,238.9830503930678,240.30741662062536,237.63876465695355,238.03707885742188,10695237.0
2026-08-13,237.98728826441987,239.5307235074718,237.1010600581461,238.8834686279297,7266320.0
2026-08-14,238.4752185133129,238.58475301992485,234.25317912424617,235.39830017089844,12128656.0
2026-08-17,236.9815650724157,238.48516124545344,235.14935019839632,237.4794464111328,25342938.0
2026-08-18,238.48516845703125,240.27754436943889,237.0114439042219,238.48516845703125,14903605.0
2026-08-19,240.0784019339818,241.1637796705644,236.51356951273613,236.9915313720703,17345994.0
2026-08-20,238.2262802882925,238.2262802882925,232.65000293918337,237.48941040039065,11886277.0
2026-08-21,237.6885574583362,238.206358325423,235.39830017089844,235.39830017089844,13313403.0
2026-08-24,235.9957586307948,236.93177799482208,234.6315686012541,235.54766845703125,7122883.0
2026-08-25,234.999994000818,235.5476665171888,232.3612289593941,233.0084686279297,12124076.0
2026-08-26,232.520538290624,233.2175843229905,229.8120625813732,231.2260589599609,6500323.0
2026-08-27,231.226069372602,233.446615998019,230.1207721385812,231.01695251464844,11219541.0
2026-08-28,232.3612294343949,232.4010532565156,230.27012171093435,231.2658843994141,7638954.0
2026-08-31,232.8093201816941,233.9544411986273,230.71821245305708,230.8177947998047,11732655.0
2026-09-01,232.8093244973436,235.59746312249976,231.51482993629253,235.44808959960935,11985775.0
2026-09-02,236.59321943086036,238.19639795739104,234.64151788781444,236.4936370849609,13073915.0
2026-09-03,236.49364406779665,236.79237592018256,234.0042372881356,235.0,5175513.0
2026-09-04,235.44000244140625,235.44000244140625,233.6000061035156,234.6499938964844,5338085.0
2026-09-07,235.97999572753903,235.97999572753903,232.7700042724609,233.6999969482422,5391548.0
2026-09-08,234.8000030517578,238.0,232.22000122070312,236.0,7965065.0
2026-09-09,237.8000030517578,239.2700042724609,234.0200042724609,234.0200042724609,12781171.0
2026-09-10,236.1000061035156,239.8000030517578,235.6000061035156,237.2700042724609,12771340.0
2026-09-11,239.8999938964844,243.16000366210935,232.5,232.5,27128531.0
2026-09-14,232.5,232.5,232.5,232.5,0.0
2026-09-15,234.8999938964844,236.3000030517578,233.3300018310547,235.9499969482422,14549134.0
2026-09-16,236.4499969482422,236.8000030517578,233.30999755859372,236.8000030517578,8748123.0
2026-09-17,235.1000061035156,235.6499938964844,231.25,232.42999267578125,11062410.0
2026-09-18,232.42999267578125,234.32000732421875,231.75,232.8000030517578,11146237.0
2026-09-21,232.8000030517578,236.0,232.32000732421875,235.6300048828125,6114044.0
2026-09-22,235.50999450683597,236.3699951171875,233.75,236.1300048828125,8097173.0
2026-09-23,235.5,236.8999938964844,234.1999969482422,236.8999938964844,8913385.0
2026-09-24,235.5,239.0,235.22999572753903,239.0,8493746.0
2026-09-25,238.0,238.0,234.71,235.86,5066494.0
