Date,Open,High,Low,Close,Volume
2021-09-23,2141.2047033836698,2162.7118593739283,2108.418192245005,2150.85888671875,45738.0
2021-09-24,2169.8332121283825,2173.6567067753044,2145.9363705851183,2161.8994140625,45795.0
2021-09-27,2180.729573508314,2239.037853370756,2156.020385095327,2213.324951171875,72527.0
2021-09-28,2226.9945254095305,2233.2555446282126,2181.6383663932806,2204.531494140625,52995.0
2021-09-29,2175.6161466336944,2225.082605267265,2165.053696715716,2215.237060546875,32289.0
2021-09-30,2215.285059798476,2255.861850218937,2198.461589941331,2231.534912109375,629428.0
2021-10-01,2237.795539066642,2237.795539066642,2198.461204611288,2219.156005859375,156197.0
2021-10-04,2234.8323836272625,2314.1698891195906,2210.648735881991,2302.41259765625,160957.0
2021-10-05,2321.530388379836,2456.5953876918206,2313.2143339354884,2405.93408203125,186231.0
2021-10-06,2417.8821318644245,2437.4775395351976,2351.162111755791,2416.87841796875,86430.0
2021-10-07,2417.4046767297286,2446.5109852979704,2384.3313521391697,2418.12158203125,61371.0
2021-10-08,2433.654382368759,2558.39589725451,2418.9340210856017,2497.267822265625,102396.0
2021-10-11,2504.388976593984,2527.616753088584,2453.249736041397,2490.52880859375,43025.0
2021-10-12,2485.271418402031,2523.506363300524,2453.249652049544,2464.2900390625,39907.0
2021-10-13,2453.7277311959856,2485.080434504966,2404.787045560493,2439.2939453125,107537.0
2021-10-14,2428.63592878976,2560.5464899126514,2419.555129292169,2464.433349609375,154504.0
2021-10-18,2518.726822628262,2537.175228951387,2427.5841856237003,2481.44775390625,83696.0
2021-10-19,2483.3592413042006,2575.027412484156,2448.0397637413007,2477.480712890625,122318.0
2021-10-20,2479.535550436443,2479.535550436443,2303.654848323757,2331.04052734375,107226.0
2021-10-21,2308.434729595055,2322.7728335055835,2165.579467640007,2225.5126953125,343086.0
2021-10-22,2250.5085941482184,2322.3426314951544,2203.7664708716816,2263.65185546875,145184.0
2021-10-25,2337.111207607745,2436.522072880221,2231.773972040622,2253.9501953125,63096.0
2021-10-26,2238.655784144714,2265.993860167458,2209.405961081709,2238.75146484375,68306.0
2021-10-27,2246.2554178858945,2246.2554178858945,2174.708409447015,2184.6015625,39503.0
2021-10-28,2184.171112822729,2212.7994796411363,2145.936169928677,2167.252197265625,35257.0
2021-10-29,2132.9409353585806,2276.2231954511926,2132.9409353585806,2232.08837890625,80392.0
2021-11-01,2265.201905005594,2299.2254580530657,2184.4078998448017,2228.542724609375,56253.0
2021-11-02,2242.6789245482973,2268.9392593863354,2206.259352269308,2235.538818359375,89185.0
2021-11-03,2254.802806769956,2268.5081142202835,2213.9267208647184,2261.032470703125,181746.0
2021-11-04,2276.2234038890024,2290.5995517030383,2261.8472560749665,2276.4150390625,6734.0
2021-11-08,2300.183927411636,2300.183927411636,2252.5030314163323,2263.189208984375,44611.0
2021-11-09,2279.5303894308663,2367.2728783383027,2256.576514999001,2350.117431640625,112360.0
2021-11-10,2362.863826629443,2388.884797488829,2302.819536107169,2326.77978515625,79916.0
2021-11-11,2327.88145034852,2327.88145034852,2215.843439250993,2240.90576171875,162036.0
2021-11-12,2265.249680862524,2274.4502751648865,2177.698846191103,2203.38427734375,356527.0
2021-11-15,2216.370834651511,2233.0470731182263,2151.6301998800345,2201.27587890625,112950.0
2021-11-16,2199.5511578827186,2212.250091582913,2156.9498761537743,2180.62255859375,286312.0
2021-11-17,2184.790954515928,2193.8958471193464,2154.505112893015,2165.1435546875,312917.0
2021-11-18,2166.9650464261226,2175.063564264893,2108.5020354433746,2140.65673828125,89949.0
2021-11-22,2156.422422632523,2156.422422632523,2027.1807451746904,2089.14208984375,218493.0
2021-11-23,2072.081972202034,2100.307093804936,2039.6876744054084,2060.5810546875,107464.0
2021-11-24,2083.8230002904493,2105.9623654991647,2050.087014152216,2078.455810546875,225884.0
2021-11-25,2093.5026139262686,2118.996175111706,2062.545929499088,2095.41943359375,212717.0
2021-11-26,2095.4195457809774,2095.4195457809774,2023.2512346391068,2032.88330078125,31167.0
2021-11-29,2031.8291993092564,2098.9178992864486,1967.855331831005,2068.248779296875,113708.0
2021-11-30,2068.248093356756,2089.285139075248,1964.7398477207369,2078.263427734375,150212.0
2021-12-01,2127.6702149498133,2255.857553350506,2078.695370010971,2219.246337890625,145675.0
2021-12-02,2252.2629057653007,2362.4800266857305,2209.086499859556,2297.97900390625,229994.0
2021-12-03,2281.9740357862006,2306.461456214109,2219.198185578726,2233.5263671875,55294.0
2021-12-06,2251.352782067849,2257.055274073352,2171.804761792652,2207.936767578125,60461.0
2021-12-07,2233.094713866421,2244.5956308477075,2186.180603477608,2232.998779296875,55087.0
2021-12-08,2251.30501768913,2344.4144526037726,2236.401695870455,2291.701904296875,113714.0
2021-12-09,2293.4749549081807,2303.72989432792,2220.6358004689737,2233.5263671875,135341.0
2021-12-10,2245.0747551446816,2314.6074266958185,2226.6253681493627,2275.360595703125,62783.0
2021-12-13,2305.358716153092,2305.358716153092,2234.05312443756,2246.512451171875,102056.0
2021-12-14,2233.0950302806773,2304.8321037108044,2221.0669394361,2243.302001953125,195503.0
2021-12-15,2255.761140572193,2298.266708955124,2213.9266462411747,2239.8037109375,192851.0
2021-12-16,2266.160038030076,2266.160038030076,2189.966456713353,2217.4248046875,42552.0
2021-12-17,2229.069735133716,2229.069735133716,2177.2196672768137,2190.0625,47884.0
2021-12-20,2188.097601523985,2189.966453888592,2065.373176424471,2084.397705078125,144368.0
2021-12-21,2062.498007115035,2319.3518481498068,2062.498007115035,2106.824462890625,44931.0
2021-12-22,2125.561554809958,2161.5498938906035,2110.8978363232704,2135.48095703125,40632.0
2021-12-23,2154.504935443624,2183.113557651749,2116.839388662765,2142.8603515625,42799.0
2021-12-24,2143.962673368234,2143.962673368234,2109.987093535768,2126.663330078125,16026.0
2021-12-27,2137.829476735096,2155.080857034802,2108.5979712272583,2118.90087890625,16632.0
2021-12-28,2123.1173576122583,2136.487127828193,2113.2936569394105,2118.181640625,35484.0
2021-12-29,2118.085850334081,2161.2142952503864,2112.4313255953257,2134.71435546875,76664.0
2021-12-30,2103.7096738521827,2148.7549379392226,2084.493509077269,2137.1103515625,60840.0
2021-12-31,2136.295523349366,2148.323613582358,2097.0007200935006,2136.15185546875,131320.0
2022-01-03,2151.6304311890467,2153.451316578401,2096.042651675032,2137.39794921875,31251.0
2022-01-04,2165.0480821869737,2174.6321817097137,2120.5299867012072,2133.66015625,24864.0
2022-01-05,2161.2143100312665,2165.9104249151105,2132.462013223755,2141.662841796875,222566.0
2022-01-06,2132.94140580898,2146.838350488481,2100.834671549442,2109.7958984375,108125.0
2022-01-07,2098.917524999625,2120.81728318166,2086.4581972256547,2104.859619140625,44125.0
2022-01-10,2115.9773365394635,2132.222336875511,2096.138299227,2106.92041015625,22365.0
2022-01-11,2117.9901030731894,2183.3538503389987,2108.501937947151,2161.358154296875,69207.0
2022-01-12,2179.423742391467,2197.7771952641347,2151.6778272968945,2173.09814453125,101260.0
2022-01-13,2180.38245278042,2180.38245278042,2138.7875580451687,2154.697021484375,323250.0
2022-01-14,2156.422304589333,2156.422304589333,2122.877957629055,2127.23876953125,111077.0
2022-01-17,2157.380617864113,2240.7622765732103,2137.397678475322,2202.186279296875,161024.0
2022-01-18,2212.537149355457,2228.2070103178403,2166.964713297899,2174.967529296875,82333.0
2022-01-19,2187.42677141153,2205.2530538763417,2154.4573328325528,2171.325439453125,42436.0
2022-01-20,2183.161589510442,2199.406822807513,2157.380459488867,2167.875,25387.0
2022-01-21,2170.798176473861,2184.599183868658,2138.26021086888,2144.537841796875,37849.0
2022-01-24,2155.847141038969,2173.961228587876,1993.492597153937,2041.4610595703125,176153.0
2022-01-25,1993.4923411659768,1998.284390063011,1923.5284272692868,1962.679443359375,342630.0
2022-01-27,1964.7403492647056,2010.744025735294,1881.502470549415,1967.3759765625,152471.0
2022-01-28,2040.4547351705287,2048.0260800012893,1979.1164998248669,2002.7412109375,77406.0
2022-01-31,1985.202503533668,2040.7902795138057,1985.202503533668,2012.3253173828125,49497.0
2022-02-01,2050.4698412915814,2060.1978413504294,1997.75730122526,2049.0322265625,29730.0
2022-02-02,2070.164827741815,2073.423326931532,1989.9459874641648,2005.6158447265625,199459.0
2022-02-03,2016.206923456348,2030.151834738754,1915.478063186413,1930.8126220703125,405647.0
2022-02-04,1952.089414047825,1954.149901825644,1921.563963841298,1932.39404296875,117900.0
2022-02-07,1945.571991960252,2001.591000793476,1916.8196965125635,1935.748291015625,37439.0
2022-02-08,1945.9553700932508,1960.0919152881609,1888.115359423264,1903.1143798828125,218271.0
2022-02-09,1912.554905829497,1963.6859331502667,1870.816108256238,1946.242919921875,184656.0
2022-02-10,1940.1091739597985,1940.1091739597985,1916.723949403799,1931.10009765625,56553.0
2022-02-11,1942.6009258193624,1942.6009258193624,1883.275333394172,1894.82421875,81050.0
2022-02-14,1866.982280577496,1866.982280577496,1794.7181586390122,1831.5211181640625,147071.0
2022-02-15,1914.902982891664,1914.902982891664,1799.1270200115664,1885.3839111328125,144639.0
2022-02-16,1958.9898305568968,1958.9898305568968,1902.1082265370087,1916.484375,69955.0
2022-02-17,1922.5222198160443,1923.720232145996,1869.857644588721,1884.5213623046875,77509.0
2022-02-18,1884.2339733185445,1889.0260230980928,1856.344267000252,1883.8505859375,49148.0
2022-02-21,1876.566600011408,1895.7827654656764,1851.6959096942128,1870.5765380859373,67587.0
2022-02-22,1832.4797053992588,1964.740269910293,1812.3530977562752,1955.6353759765625,159109.0
2022-02-23,1965.8902169965784,2001.0638113269715,1934.2626922768047,1970.8739013671875,90362.0
2022-02-24,1897.6516679412305,1969.532412939004,1870.816189808728,1955.300048828125,284376.0
2022-02-25,1988.7005168994435,2007.2935751253776,1919.455402515836,1961.0504150390625,172757.0
2022-02-28,1959.948141036633,2002.1181743890104,1913.6090482401416,1957.456298828125,121304.0
2022-03-02,1921.659690966318,1963.446219478153,1914.7112196462888,1932.7772216796875,125874.0
2022-03-03,1961.8650547221605,1961.8650547221605,1932.0105630994483,1944.9490966796875,86337.0
2022-03-04,1949.8370584309807,1949.8370584309807,1889.9844043895343,1901.19775390625,68665.0
2022-03-07,1870.816027706639,1936.946307374548,1854.6188778385747,1891.0384521484373,75629.0
2022-03-08,1888.0675910718644,1959.9483369248544,1868.5639720957668,1931.1480712890625,48487.0
2022-03-09,1940.732026397936,1978.157978752604,1916.9635317329903,1930.9083251953125,54376.0
2022-03-10,1957.264520190148,1963.973389041833,1907.235573550647,1909.6795654296875,70201.0
2022-03-11,1912.9862136569093,1925.445542703773,1900.5748519037395,1909.0087890625,60252.0
2022-03-14,1919.024191762964,1921.7556365824096,1879.96898829328,1882.6524658203125,65965.0
2022-03-15,1901.485091134649,1901.485091134649,1869.857566937349,1875.56005859375,30339.0
2022-03-16,1887.923756075685,1913.9446087825504,1887.923756075685,1911.548583984375,70404.0
2022-03-17,1944.6135145417047,1983.9083169548203,1924.438941139569,1967.5673828125,117789.0
2022-03-21,1974.3243331841552,2002.789059539988,1939.869545137837,1959.3251953125,67352.0
2022-03-22,1967.2798598964248,1969.6281511883733,1921.611724721568,1939.5819091796875,72807.0
2022-03-23,1940.875947103097,1955.1083113208067,1928.320800281258,1933.73583984375,19651.0
2022-03-24,1916.819583972392,1971.305274241513,1916.819583972392,1938.575439453125,37970.0
2022-03-25,1939.3902064549488,1948.7347020476752,1899.5682322855148,1919.838623046875,32688.0
2022-03-28,1919.838738832358,1929.566622332203,1895.2555024686624,1914.375732421875,34245.0
2022-03-29,1945.5720413233707,1963.2546566749872,1893.817908204424,1907.8106689453125,46699.0
2022-03-30,1949.4055402686768,1949.4055402686768,1894.1053414055084,1908.960693359375,147152.0
2022-03-31,1916.819741522428,1980.0268257017729,1904.647982961117,1962.056640625,162635.0
2022-04-01,1944.2304181428765,1967.615644525691,1932.154476066144,1954.5333251953125,82583.0
2022-04-04,1964.7403140001632,1975.043220524798,1927.745714901084,1953.4310302734373,178406.0
2022-04-05,1973.8445848527576,2126.998486789442,1966.656512803039,2065.6123046875,312919.0
2022-04-06,2076.490737292552,2085.4996956921045,2030.9662724279488,2072.609130859375,111645.0
2022-04-07,2066.331906512721,2066.331906512721,1997.853560582656,2010.648193359375,148485.0
2022-04-08,2039.4000400396776,2039.4000400396776,1989.0835275081656,2009.7373046875,70127.0
2022-04-11,2020.327857668929,2036.524889688361,1982.949875482455,2007.8685302734373,54104.0
2022-04-12,1989.6589715791488,2012.564874815232,1943.6552959357,1996.8470458984373,107326.0
2022-04-13,2007.389553258159,2024.784599501892,1950.5557988894425,1954.7249755859373,60955.0
2022-04-18,1959.6608548118263,1959.6608548118263,1906.2774653008644,1914.4239501953125,51245.0
2022-04-19,1934.071194328959,1939.6300185926748,1905.2230794970628,1905.8460693359373,48108.0
2022-04-20,1905.845927730429,1935.9878702998712,1902.4435260124967,1913.8006591796875,17846.0
2022-04-21,1923.9120738242425,1926.547701072758,1893.817979297057,1897.7474365234373,55907.0
2022-04-22,1907.1399502093336,1907.1399502093336,1879.441879730485,1881.981689453125,64916.0
2022-04-25,1881.9814727363,1900.5266794166505,1845.945286782448,1866.02392578125,51712.0
2022-04-26,1881.8379629720057,1894.0576900042915,1849.731229200902,1856.823486328125,29595.0
2022-04-27,1864.586424829682,1869.905646470424,1838.4697555536045,1844.22021484375,20791.0
2022-04-28,1853.9480487741628,1868.8034015415944,1851.264454380109,1854.5230712890625,15389.0
2022-04-29,1872.7329094197407,1937.9047813954537,1842.7826006073733,1865.92822265625,166017.0
2022-05-02,1848.9642588461577,1964.6442823842624,1839.188525051785,1931.962646484375,107854.0
2022-05-04,1940.779854108012,1952.2807717619849,1878.483216815656,1911.739990234375,54480.0
2022-05-05,1911.740313895485,1930.956480526352,1881.023344656924,1899.0413818359373,95893.0
2022-05-06,1871.7743393890696,1926.3557307013973,1854.5229629891703,1898.0826416015625,39237.0
2022-05-09,1907.2356563345013,1907.2356563345013,1838.23014515054,1845.4661865234373,27126.0
2022-05-10,1855.19383632828,1855.19383632828,1803.7272759427824,1822.5120849609373,68449.0
2022-05-11,1832.096268602206,1837.463340430147,1797.0184910554813,1818.0076904296875,41188.0
2022-05-12,1811.2989214111624,1811.2989214111624,1742.964247687357,1771.6207275390625,119417.0
2022-05-13,1780.917206565989,1811.394687792878,1769.2246527331497,1796.826904296875,52909.0
2022-05-16,1806.315127222728,1824.5728829738105,1769.2247101613414,1801.571044921875,21369.0
2022-05-17,1801.8106479680685,1830.562945542027,1773.106317687426,1820.595458984375,26372.0
2022-05-18,1821.122551556873,1823.9019635994264,1787.4823882658943,1799.3665771484375,23075.0
2022-05-19,1783.025931035218,1805.404780429116,1730.8884052846624,1751.0150146484375,44636.0
2022-05-20,1760.2156914559052,1768.3621760340736,1716.5122211175883,1727.533935546875,115794.0
2022-05-23,1753.8899727600804,1759.6404316871626,1696.385383489258,1703.238037109375,57529.0
2022-05-24,1712.1993344996183,1712.1993344996183,1667.633272896354,1675.4921875,73397.0
2022-05-25,1684.3093934023102,1691.1620468200638,1625.271373559708,1648.46484375,189161.0
2022-05-26,1648.464973088513,1677.2172691307544,1630.303152885854,1649.902587890625,20569.0
2022-05-27,1658.6240702204152,1746.2707215798994,1645.637686892505,1718.812255859375,117191.0
2022-05-30,1739.513738330622,1758.6819337943202,1715.553494000999,1745.6954345703125,31691.0
2022-05-31,1748.1876450753907,1767.2599087108654,1746.3186755527756,1760.69482421875,50357.0
2022-06-01,1760.6947139255087,1824.908173944408,1741.4306993185166,1813.74267578125,58532.0
2022-06-02,1820.978664570279,1823.230904256728,1768.2661242800868,1807.7047119140625,53849.0
2022-06-03,1817.240862455635,1817.240862455635,1770.1829630150914,1782.1630859375,13828.0
2022-06-06,1782.642298703845,1811.3466265549728,1775.1666551699896,1798.5040283203125,23282.0
2022-06-07,1784.990521177141,1807.80072422986,1765.5348698612572,1790.884765625,59772.0
2022-06-08,1800.2772507702282,1818.966244559488,1788.0575240618662,1804.6859130859373,97512.0
2022-06-09,1811.3947089572127,1811.3947089572127,1744.3539833251762,1763.1387939453125,21355.0
2022-06-10,1753.8901436130866,1758.4905580002503,1725.1378461768063,1730.8883056640625,18891.0
2022-06-13,1705.9695685068375,1705.9695685068375,1681.0509118881985,1697.439697265625,25843.0
2022-06-14,1677.217386119432,1704.4841019706992,1663.847614324583,1675.635986328125,50142.0
2022-06-15,1667.6330746752324,1735.6801714004862,1667.6330746752324,1705.77783203125,24549.0
2022-06-16,1749.002157460973,1749.002157460973,1661.8347114673795,1684.8365478515625,36385.0
2022-06-17,1669.5499428306346,1717.8058549207756,1665.572518592263,1688.7181396484375,60266.0
2022-06-20,1688.718177127064,1723.5563522179257,1678.415271108837,1712.19921875,86408.0
2022-06-21,1713.5545821129583,1723.4782694537012,1675.8929548122355,1684.5096435546875,35328.0
2022-06-22,1693.4167790008323,1693.4167790008323,1633.7778597284655,1638.9091796875,28794.0
2022-06-23,1647.525796050886,1657.0623127388703,1613.20440526505,1634.5040283203125,125610.0
2022-06-24,1648.7845353078746,1659.385891828464,1635.3754774332504,1651.108154296875,28551.0
2022-06-27,1657.4981874397,1678.6042279880144,1637.6992639580335,1645.492919921875,125777.0
2022-06-28,1643.5562219644507,1677.8292728717142,1643.5562219644507,1661.273681640625,57632.0
2022-06-29,1655.561495003594,1691.5288341605328,1650.8659202481638,1662.5806884765625,115445.0
2022-06-30,1671.3426790069718,1717.4272926119315,1662.1934521734722,1710.6016845703125,28749.0
2022-07-01,1704.0182801793735,1723.3331181342348,1696.6601341164128,1713.4578857421875,10943.0
2022-07-04,1713.4578857421875,1736.8874235577623,1704.502362515928,1713.4578857421875,175444.0
2022-07-05,1713.748186444948,1734.9994709655757,1689.4472778897834,1721.203125,40880.0
2022-07-06,1716.0719665807237,1734.7091374448585,1708.9559795239788,1715.5394287109375,81570.0
2022-07-07,1719.7025850661282,1805.0946661543644,1719.7025850661282,1786.2154541015625,42617.0
2022-07-08,1795.6550388732626,1820.585280135075,1778.1312812736378,1800.5927734375,43554.0
2022-07-11,1819.1815890877128,1855.9718500697952,1800.7864585966715,1844.257080078125,19632.0
2022-07-12,1844.2567541566448,1849.5332039071493,1810.467786273324,1843.433837890625,19988.0
2022-07-13,1852.631635889135,1852.631635889135,1768.2076019114188,1777.5504150390625,129839.0
2022-07-14,1777.5500711481927,1792.7986624448072,1753.7815847423512,1763.1728515625,14450.0
2022-07-15,1764.0928446641208,1799.1888144110665,1760.123393101989,1767.2393798828125,27303.0
2022-07-18,1776.0495774048552,1822.231101664947,1768.9820464400464,1810.2742919921875,128413.0
2022-07-19,1810.274335915361,1839.512861492792,1796.720030620151,1832.638916015625,26801.0
2022-07-20,1833.268254857446,1853.6965057209,1821.1177409971167,1833.9459228515625,41233.0
2022-07-21,1836.511314596928,1861.9256334264403,1812.4039942418176,1819.1326904296875,77229.0
2022-07-22,1828.669429949156,1858.82766411336,1806.7888144104752,1834.720458984375,38116.0
2022-07-25,1870.4941523181976,1870.4941523181976,1753.346226629532,1764.6737060546875,105553.0
2022-07-26,1764.9643095789424,1769.9019260841008,1720.3319389910982,1725.5115966796875,55990.0
2022-07-27,1715.587678386046,1788.6356504883586,1715.587678386046,1777.98583984375,36363.0
2022-07-28,1788.2001710429192,1821.1177702933032,1774.6943209770898,1815.9864501953125,35530.0
2022-07-29,1817.4871548357469,1851.179333145921,1806.0144269558384,1836.7052001953125,75094.0
2022-08-01,1837.5767742222824,1864.6853883836227,1807.0795832907745,1836.269775390625,160051.0
2022-08-02,1839.513030807328,1848.2749690961589,1797.8819464258988,1805.0947265625,63635.0
2022-08-03,1814.631264734816,1814.631264734816,1771.741518408951,1794.2998046875,22192.0
2022-08-04,1801.0282049163964,1839.5127479323487,1794.299508191043,1832.735595703125,53285.0
2022-08-05,1832.735880522972,1860.81265840737,1795.945619846863,1809.9840087890625,41525.0
2022-08-08,1812.5011066259287,1820.6821692306337,1791.2014832800708,1810.129150390625,23851.0
2022-08-10,1801.754532675247,1838.5447918056389,1800.979953630413,1827.5076904296875,69707.0
2022-08-11,1835.3494540661936,1839.5126088229783,1821.1174827347488,1835.0106201171875,28122.0
2022-08-12,1835.9306834030745,1849.1944919090715,1812.40423500198,1833.703857421875,38038.0
2022-08-16,1839.512948376804,1870.494219086308,1827.0720554943523,1839.6097412109373,84547.0
2022-08-17,1849.2913686733257,1959.565351570997,1843.3855876438631,1906.4130859375,221274.0
2022-08-18,1912.1251928055865,1920.8386746968524,1866.040578884168,1876.3031005859373,54553.0
2022-08-19,1892.7619113487808,1901.814227287964,1841.449184340348,1847.209716796875,45523.0
2022-08-22,1839.5129217334768,1849.1945686899687,1772.709557733682,1782.1007080078125,44814.0
2022-08-23,1778.518536836351,1826.9267713719075,1762.0597370942614,1778.324951171875,130517.0
2022-08-24,1787.7161984075365,1829.831364738827,1765.9324916844553,1796.3812255859375,197887.0
2022-08-25,1805.8208434529115,1855.971824749547,1800.8832268674078,1848.9041748046875,65028.0
2022-08-26,1856.794600350637,1873.3986481819509,1835.6402258154928,1863.3297119140625,59628.0
2022-08-29,1846.3868989574908,1886.9045685252988,1820.9725752628228,1868.896728515625,36550.0
2022-08-30,1885.9849817990653,1912.1254307254385,1862.7490271978447,1903.024658203125,39351.0
2022-09-01,1897.6028696204392,1912.125340561412,1879.2077397618737,1904.5736083984373,26074.0
2022-09-02,1904.573604826218,1930.810963491035,1900.7494014259364,1919.14453125,31215.0
2022-09-05,1950.8518448925647,2017.6552083156853,1921.7101114419213,1995.096923828125,171710.0
2022-09-06,2004.1008128121089,2034.113916772097,1995.3873310172733,2013.6373291015625,117606.0
2022-09-07,2023.2709390880725,2066.935031749216,1996.5979503513463,2055.656005859375,72727.0
2022-09-08,2071.8726512724675,2129.187959585399,2010.5393172587176,2037.454345703125,157691.0
2022-09-09,2047.329235191022,2091.235595599666,2043.1178608819853,2069.35498046875,76195.0
2022-09-12,2069.355140391309,2105.758227749391,2043.7956867949265,2049.023681640625,53219.0
2022-09-13,2049.0236953036087,2058.4150820743107,1997.9047877699804,2001.632080078125,58296.0
2022-09-14,1965.374189209188,2001.3414104890148,1961.501530708284,1985.27001953125,41456.0
2022-09-15,1995.6779630947287,2017.606799218984,1965.3743604117567,1991.853759765625,65171.0
2022-09-16,1994.4190226465685,2032.1774410364792,1915.8524438215009,1957.4835205078125,143226.0
2022-09-19,1967.2620440188643,1992.4827795369083,1932.2629877011468,1953.4656982421875,38867.0
2022-09-20,1971.4255056743807,2031.209680002383,1967.4560537687903,2023.5128173828125,66076.0
2022-09-21,2033.145703141255,2033.2426141506355,1992.0471622728485,2010.781005859375,34442.0
2022-09-22,1991.7568536055264,2019.7851747420568,1980.768207762024,2011.41064453125,24646.0
2022-09-23,2010.8782518183089,2015.3801235063809,1978.105897590893,1995.8232421875,38390.0
2022-09-26,1981.8331477252104,2013.6374527770745,1960.5335242518568,2001.4869384765625,66754.0
2022-09-27,1995.4844723262445,2012.814526904247,1984.7377489916817,1994.0804443359373,30483.0
2022-09-28,1986.1895456016343,2071.8721070375327,1985.7054633336352,2046.6998291015625,80799.0
2022-09-29,2057.350089993278,2064.7082366271807,1999.453790775327,2049.991943359375,424581.0
2022-09-30,2049.9917870841696,2071.2914099215614,2001.1963820403853,2065.482421875,53697.0
2022-10-03,2065.4821869701605,2065.4821869701605,2008.8445599575173,2025.4002685546875,75684.0
2022-10-04,2025.4006385987448,2035.3243271960853,1991.0792457967325,2003.4718017578125,52896.0
2022-10-06,2004.100780739859,2026.2234370455944,1963.0505768598528,1982.9462890625,51529.0
2022-10-07,1974.6204045652405,1976.411485662779,1945.0913805661264,1950.7066650390625,83973.0
2022-10-10,1936.3291271039293,1950.3675132754329,1923.7429877777536,1934.1507568359373,43301.0
2022-10-11,1943.5421990976072,1958.5004147720808,1871.994921602382,1899.297119140625,30633.0
2022-10-12,1908.7850386235707,1970.2150376085112,1902.7340096382864,1957.5321044921875,55537.0
2022-10-13,1964.4061933033136,1964.7934828234995,1902.4436519669848,1912.6578369140625,20382.0
2022-10-14,1927.6159833150327,1939.476001293742,1868.6547274411896,1877.803955078125,20361.0
2022-10-17,1881.628148648886,1936.329455774516,1845.8060537170568,1931.3433837890625,33857.0
2022-10-18,1931.3431823111328,1979.122083011235,1915.5621698033503,1957.33837890625,103171.0
2022-10-19,1960.5335466004888,1980.380923245087,1900.1200447869287,1967.6011962890625,18175.0
2022-10-20,1967.3107124305327,2024.432430950908,1962.469888827112,1992.14404296875,66509.0
2022-10-21,1973.9907301512617,2052.46039623768,1973.9907301512617,2025.158203125,69131.0
2022-10-24,2032.17785212386,2052.5093122927974,1971.812802354348,1987.061279296875,11490.0
2022-10-25,1987.060984382925,2003.0357007161683,1966.390811433324,1981.639404296875,24402.0
2022-10-27,1981.6393131296973,2031.9838713789225,1979.896569608948,2024.5772705078125,49410.0
2022-10-28,2006.1341984412247,2052.5091936948243,1955.692722294125,1972.4903564453125,34913.0
2022-10-31,1970.6991230376248,2120.2805597899287,1890.0509613208103,2101.207763671875,370014.0
2022-11-01,2091.235738643608,2202.574678432504,1984.7376223237943,2191.295654296875,377065.0
2022-11-02,2169.8991902557937,2270.3462804907244,2167.623908604341,2211.5302734375,257999.0
2022-11-03,2191.4408118592382,2203.2039184888818,2116.8436739941176,2130.6884765625,126820.0
2022-11-04,2141.3866536503506,2173.529673259634,2121.2487813415846,2167.527099609375,38363.0
2022-11-07,2178.0112932641337,2305.472714625047,2174.5164398986176,2289.6494140625,184873.0
2022-11-09,2289.6496730619065,2357.9915312451285,2277.4665076220417,2330.615966796875,134366.0
2022-11-10,2342.847459093784,2378.3776029846726,2334.7417021183696,2375.853515625,105129.0
2022-11-11,2358.9625016653745,2407.500824744909,2302.6580468931147,2349.934326171875,87290.0
2022-11-14,2312.3652431627665,2385.706681882081,2312.3652431627665,2349.788330078125,39021.0
2022-11-15,2340.6147217388493,2358.7680041559643,2302.9489418819385,2344.740478515625,27438.0
2022-11-16,2326.44191069995,2367.5539666606155,2286.689070037581,2300.037109375,43682.0
2022-11-17,2287.611071678313,2328.82005885972,2195.436847381221,2209.12451171875,60443.0
2022-11-18,2220.1912533630903,2232.7626303375505,2178.64240571089,2222.472412109375,47334.0
2022-11-21,2222.4723628630645,2299.7454582891223,2189.078095585467,2215.774169921875,61751.0
2022-11-22,2213.3471206741983,2218.2009520791858,2180.923621690278,2191.60205078125,23700.0
2022-11-23,2202.5717069019943,2244.411831961855,2166.799108616298,2237.470947265625,53382.0
2022-11-24,2247.2752796026216,2249.265397812776,2205.969128327548,2211.502685546875,17151.0
2022-11-25,2211.55106832174,2279.2620151987403,2211.55106832174,2274.748046875,28138.0
2022-11-28,2281.3008894766986,2344.400701313288,2271.447705968232,2335.85791015625,39795.0
2022-11-29,2329.790637611907,2329.790637611907,2281.300906177057,2301.83251953125,19385.0
2022-11-30,2280.91279353285,2386.920435399033,2280.91279353285,2364.01025390625,112943.0
2022-12-01,2376.387290199561,2399.685681139901,2339.983554355279,2360.078369140625,45251.0
2022-12-02,2392.9389303874614,2457.931686795867,2366.776825993457,2434.779052734375,67225.0
2022-12-05,2434.77882494632,2493.364423489921,2388.133461177274,2415.654541015625,49519.0
2022-12-06,2426.916063790089,2426.916063790089,2382.357979660312,2392.50244140625,13805.0
2022-12-07,2382.600654952148,2387.308729881549,2316.5885384690664,2374.00927734375,51395.0
2022-12-08,2352.4585289689294,2386.1440794349387,2322.073489832536,2333.2373046875,26488.0
2022-12-09,2345.565617630025,2373.523736031837,2328.1404089727416,2350.1767578125,51339.0
2022-12-12,2335.1782653434966,2492.345229847492,2335.1782653434966,2462.154541015625,160756.0
2022-12-13,2461.863127300527,2483.025878240319,2431.186820029621,2441.671142578125,48168.0
2022-12-14,2454.485423821665,2531.418653275421,2442.739293766467,2490.88916015625,87161.0
2022-12-15,2494.869525053933,2506.373201128444,2418.6157806909805,2432.740478515625,31372.0
2022-12-16,2408.956622950893,2475.356944433936,2398.0355018514783,2434.00244140625,93028.0
2022-12-19,2434.002782124844,2517.1974199895067,2422.110893040821,2484.870849609375,72749.0
2022-12-20,2469.6295302487333,2469.6295302487333,2416.2373823856515,2430.022216796875,333814.0
2022-12-21,2409.4421827879305,2454.0002653394527,2335.71252278221,2356.34130859375,38929.0
2022-12-22,2356.341215279862,2396.0940500217275,2259.749963187423,2297.75537109375,75580.0
2022-12-23,2297.7557079830863,2302.415434559882,2211.988630350334,2251.498779296875,198755.0
2022-12-26,2251.498642379403,2421.576874563171,2222.2298921323577,2377.067138671875,77748.0
2022-12-27,2388.085206679359,2408.0345024529297,2321.1509146489448,2373.0869140625,43728.0
2022-12-28,2373.5236026722982,2395.6085359895965,2345.7112429883937,2374.737060546875,35323.0
2022-12-29,2387.211661138648,2409.39353035975,2368.669928779992,2379.78515625,51844.0
2022-12-30,2392.3568707620066,2411.3839889869914,2311.395039363135,2378.426513671875,66122.0
2023-01-02,2378.4262911715555,2411.2865919610745,2325.9563192893866,2336.87744140625,54376.0
2023-01-03,2351.7785305811667,2351.7785305811667,2305.5699599508603,2314.695068359375,55355.0
2023-01-04,2314.6950333186915,2331.7806147225497,2293.969315352455,2315.277587890625,53642.0
2023-01-05,2318.141482157709,2380.4646350742883,2305.570105195345,2316.24853515625,95383.0
2023-01-06,2327.9947530324075,2397.7927550271456,2310.42378824478,2378.52294921875,238849.0
2023-01-09,2463.8050810861564,2463.8050810861564,2329.93649161578,2397.841552734375,86302.0
2023-01-10,2388.133768623221,2446.331162976669,2358.962192870358,2418.421630859375,53374.0
2023-01-11,2412.3541261224004,2414.975147591134,2321.1020988163623,2342.84716796875,73745.0
2023-01-12,2354.5939797590327,2411.38381600554,2299.502984767763,2380.998779296875,65109.0
2023-01-13,2393.472891841834,2407.403246006769,2368.669765543741,2397.35595703125,14235.0
2023-01-16,2388.133865101989,2397.8415288393167,2349.25462443329,2356.923583984375,17200.0
2023-01-17,2356.049595738592,2365.174703326962,2324.014310753272,2332.9453125,26559.0
2023-01-18,2329.839502269585,2357.020963129397,2310.715450422495,2320.083251953125,18289.0
2023-01-19,2329.3055437015587,2378.2806643898352,2310.424183385105,2353.623291015625,115253.0
2023-01-20,2341.8767908204163,2354.205713820428,2281.883616332935,2291.9794921875,33957.0
2023-01-23,2291.979362176699,2315.8117235720792,2266.7394369684844,2282.70849609375,15009.0
2023-01-24,2294.115002598846,2361.049295371414,2284.261818897584,2327.70361328125,101211.0
2023-01-25,2324.062962477932,2412.256933111737,2316.248246851271,2343.235595703125,103598.0
2023-01-27,2354.982106400013,2483.220442175369,2345.4201995968724,2464.727294921875,513556.0
2023-01-30,2471.0854707190724,2567.6767118648386,2423.0811274196863,2474.53173828125,260622.0
2023-01-31,2486.423928443395,2494.869548385477,2383.76538574232,2454.922607421875,119559.0
2023-02-01,2440.215400079893,2493.801656812909,2437.594378256663,2457.88330078125,78256.0
2023-02-02,2429.82819340632,2542.339919466201,2429.82819340632,2473.75537109375,137608.0
2023-02-03,2475.4544249317,2568.64800328207,2450.942572292671,2552.824462890625,141312.0
2023-02-06,2572.5796386766856,2629.7091011788566,2572.5796386766856,2598.013671875,145410.0
2023-02-07,2596.799841353394,2608.449036903391,2577.91848430014,2592.528564453125,67435.0
2023-02-08,2591.994700681244,2599.9549372291217,2537.5832001930085,2579.666015625,107359.0
2023-02-09,2567.6770719452907,2628.9325252494355,2556.9986417784107,2577.821533203125,71817.0
2023-02-10,2572.531130818277,2621.069454041264,2551.174268600163,2585.539306640625,140939.0
2023-02-13,2566.366517825896,2594.9557781233457,2557.1442369566585,2576.705322265625,31481.0
2023-02-14,2562.823044619262,2567.191492990772,2446.282502329722,2479.579833984375,111366.0
2023-02-15,2475.4542377011294,2588.5485195412007,2475.4542377011294,2548.35888671875,95463.0
2023-02-16,2534.671012230277,2638.2517373324363,2534.671012230277,2630.388671875,236863.0
2023-02-17,2633.6892860088974,2692.906037371427,2629.223665694906,2666.2099609375,143401.0
2023-02-20,2681.4508646032045,2707.467451154477,2569.618624311904,2622.476806640625,168235.0
2023-02-21,2636.11556642416,2684.071320999079,2628.68929993549,2676.0625,110107.0
2023-02-22,2664.7534219447225,2669.6072533143847,2594.22734694492,2649.657958984375,85580.0
2023-02-23,2641.455285735849,2650.192183042583,2593.353764829741,2615.8271484375,103194.0
2023-02-24,2629.611901026812,2656.0166979921155,2601.653783120932,2647.037109375,67943.0
2023-02-27,2640.484541472548,2679.266610774724,2611.3615502063067,2660.433837890625,75689.0
2023-02-28,2660.433745114062,2771.829182822773,2626.0201257019185,2680.625732421875,230556.0
2023-03-01,2658.880638359713,2702.5165415331085,2632.281733256108,2654.803466796875,65349.0
2023-03-02,2650.192434843277,2668.1030286231053,2590.4902975748296,2623.156494140625,78045.0
2023-03-03,2619.1276907494307,2656.356676188433,2598.0621077241644,2622.816650390625,37658.0
2023-03-06,2621.74807493706,2669.606893186512,2604.565561607059,2621.35986328125,72011.0
2023-03-08,2603.5953949889304,2696.7889661742165,2603.5953949889304,2672.034423828125,94920.0
2023-03-09,2657.715642905108,2682.9069829332752,2649.2214371246605,2660.482421875,68734.0
2023-03-10,2645.338297910444,2668.636690259013,2584.568229733192,2620.341064453125,64793.0
2023-03-13,2596.897024828029,2641.406517496302,2543.4562925938794,2588.54833984375,105626.0
2023-03-14,2602.139062174077,2606.458924800118,2440.3609533898325,2461.0380859375,96983.0
2023-03-15,2465.795001845867,2494.820819580802,2373.52361710141,2415.800537109375,140995.0
2023-03-16,2409.442089595039,2453.369267094706,2363.8160709766,2436.47802734375,106914.0
2023-03-17,2455.067987501685,2533.7000582757605,2415.800537830639,2498.315673828125,1105513.0
2023-03-20,2448.272605306563,2592.916783811986,2447.593116298175,2513.605224609375,156651.0
2023-03-21,2497.782045735171,2546.7571651464905,2482.2983684450573,2496.811279296875,35042.0
2023-03-22,2495.403459185486,2522.7790225343656,2486.0840075331653,2500.791259765625,29770.0
2023-03-23,2504.091593225363,2507.052477749276,2427.1583663352253,2465.891845703125,100625.0
2023-03-24,2465.892054640524,2490.015693293128,2415.266684176726,2432.740478515625,47004.0
2023-03-27,2432.7403960338283,2441.477292907054,2360.0784422367665,2388.958740234375,103351.0
2023-03-28,2375.0284070193657,2427.352617293868,2360.9037095471567,2399.8798828125,68340.0
2023-03-29,2397.7928916437354,2471.619720181888,2377.2126923631217,2451.476318359375,64393.0
2023-03-31,2451.4760836324444,2510.110270931554,2407.500324656372,2440.069580078125,125574.0
2023-04-03,2422.0620312383467,2448.175551122441,2391.9682745375894,2440.506591796875,99199.0
2023-04-05,2440.457628371268,2465.7461351501747,2426.915487352534,2461.3291015625,28610.0
2023-04-06,2474.289319286901,2547.2909013768794,2463.1740919845665,2537.77734375,121978.0
2023-04-10,2528.846634202683,2533.7004665140125,2476.522416687963,2510.790283203125,145917.0
2023-04-11,2510.4015572905905,2531.807000800435,2494.481085371347,2514.964111328125,65630.0
2023-04-12,2514.2845311828887,2582.238167160805,2513.3623506667404,2542.679443359375,145136.0
2023-04-13,2542.679801503278,2571.560100861768,2526.904848072171,2559.668212890625,86205.0
2023-04-17,2558.9401222931856,2589.7619541910644,2539.6703152658656,2578.6953125,68322.0
2023-04-18,2563.2597696542684,2603.4979844501395,2505.54776186592,2548.164306640625,99247.0
2023-04-19,2535.2530061739285,2560.5898608269704,2429.196802862759,2522.72998046875,203247.0
2023-04-20,2522.7304377226133,2577.093352705838,2496.32564070289,2556.949951171875,271781.0
2023-04-21,2570.395048078324,2619.127468777186,2548.6983265433582,2607.4296875,99984.0
2023-04-24,2607.42971389585,2628.1556693438274,2573.6955847404097,2607.090087890625,47823.0
2023-04-25,2596.800042664311,2664.7536886405737,2596.751456945055,2653.1044921875,138838.0
2023-04-26,2666.452258767736,2666.452258767736,2581.267518362941,2600.97412109375,65973.0
2023-04-27,2611.361603877769,2611.361603877769,2554.1835579846024,2569.7158203125,95619.0
2023-04-28,2572.5310990463017,2659.9000797686285,2532.729674495019,2642.232177734375,163319.0
2023-05-02,2654.0749840090507,2669.6072443397547,2627.378911565653,2668.539306640625,109190.0
2023-05-03,2668.5396943273004,2695.818325297545,2650.28947539011,2677.616455078125,157966.0
2023-05-04,2679.314996491268,2756.4909175858525,2661.889788751741,2723.48486328125,309368.0
2023-05-05,2724.0191793739214,2742.3665700393767,2666.7925459136927,2684.509033203125,80613.0
2023-05-08,2697.759844311649,2718.145938853047,2646.988713838798,2704.021240234375,46029.0
2023-05-09,2703.58427084942,2742.4149246497705,2698.8276105602777,2717.95166015625,71820.0
2023-05-10,2731.542503291171,2737.512621761401,2635.6307369900574,2674.995361328125,37397.0
2023-05-11,2679.314854908913,2720.766526459163,2679.314854908913,2691.88623046875,77330.0
2023-05-12,2684.168737897115,2718.388248931789,2676.49977916166,2702.37060546875,34192.0
2023-05-15,2689.022806894318,2719.553361398609,2685.9164019549244,2706.15673828125,27972.0
2023-05-16,2706.1564917569967,2736.590109055334,2670.675174270045,2698.730224609375,173475.0
2023-05-17,2698.730261137785,2737.5609123771774,2679.3149355180885,2716.93212890625,27511.0
2023-05-18,2737.560866405553,2746.3463485016296,2689.0225531714123,2717.611572265625,95593.0
2023-05-19,2716.301223895066,2727.8046621153176,2696.206172288689,2716.980712890625,31294.0
2023-05-22,2674.461182370364,2703.3900657908944,2645.338193088654,2651.988037109375,49395.0
2023-05-23,2648.250103683486,2718.145267710323,2648.250103683486,2703.001220703125,64634.0
2023-05-24,2686.7899394456326,2716.9322815645387,2664.8021767472787,2710.81640625,46415.0
2023-05-25,2718.097333016189,2732.7074147301028,2694.3135562272414,2719.310791015625,75419.0
2023-05-26,2719.3105511911463,2763.771695770021,2713.874402035213,2737.997802734375,67598.0
2023-05-29,2737.561140552986,2744.7933025484267,2684.2175763673804,2732.17333984375,46163.0
2023-05-30,2719.11641709107,2794.69066864739,2718.0970650713266,2764.69384765625,82208.0
2023-05-31,2780.2263916547263,2780.2263916547263,2648.056640726495,2681.7421875,181064.0
2023-06-01,2689.022915191332,2741.444300541632,2682.810105062332,2704.506591796875,37962.0
2023-06-02,2718.728008564424,2793.865220242095,2704.5061410403973,2737.706298828125,75600.0
2023-06-05,2738.483654578429,2759.500891074263,2708.438479420688,2727.0771484375,33149.0
2023-06-06,2738.726061871604,2764.5485423623045,2710.719594030996,2742.706298828125,16882.0
2023-06-07,2726.882595979429,2789.108811963555,2726.882595979429,2763.917236328125,39667.0
2023-06-08,2777.3628499708307,2805.5150773910177,2746.6865349460427,2754.015869140625,58249.0
2023-06-09,2756.976579153797,2763.8205296823294,2715.233623906046,2737.949462890625,27829.0
2023-06-12,2754.1613344901552,2830.7547054853208,2732.7073031348345,2814.737060546875,65589.0
2023-06-13,2815.222411106216,2965.6911951481,2815.222411106216,2916.473388671875,302069.0
2023-06-14,2931.665639731376,2985.057786221306,2852.5967720119866,2899.97021484375,85156.0
2023-06-15,2910.2600824671817,2951.1294369046554,2878.370552957982,2916.7158203125,38008.0
2023-06-16,2931.3258457412016,2955.740521981053,2895.795706402654,2921.2783203125,63514.0
2023-06-19,2950.401459350094,2967.5839753550044,2888.029724954028,2907.736328125,41708.0
2023-06-20,2890.4570442644067,2959.2842893247425,2890.4570442644067,2950.1591796875,146181.0
2023-06-21,2964.719259590771,2989.686702249545,2943.6608453207105,2980.843017578125,67944.0
2023-06-22,2990.126200172498,3117.210768539207,2971.364057987036,3102.064208984375,275583.0
2023-06-23,3116.282646935877,3122.096924009264,3035.2730743091897,3052.813720703125,64216.0
2023-06-26,3052.3246589445203,3071.819697267821,2990.2237231237577,3034.881591796875,130733.0
2023-06-27,3016.7550313928955,3038.693305142842,2990.8106297903987,3006.005859375,68681.0
2023-06-28,3009.7680144614365,3070.696368235569,3000.777846029061,3031.266357421875,169456.0
2023-06-30,3024.474722447736,3257.536291703104,3024.474722447736,3124.783935546875,264385.0
2023-07-03,3117.259952883953,3156.298944391086,3081.934359505633,3099.083984375,62732.0
2023-07-04,3102.601670564882,3214.9304612852634,3102.0152567095174,3173.1552734375,119988.0
2023-07-05,3154.3928164606614,3208.1386668030827,3114.1812438611623,3124.63720703125,38390.0
2023-07-06,3102.601530336212,3169.6373627675484,3098.741648587987,3125.1259765625,66346.0
2023-07-07,3112.373500864702,3154.7351006151603,3068.3996209466764,3081.00537109375,146810.0
2023-07-10,3078.1718017200465,3160.256383099248,3073.920897612047,3122.927490234375,92437.0
2023-07-11,3107.48762707302,3129.9631665141137,3105.0935412385747,3117.064208984375,89889.0
2023-07-12,3109.002284292975,3205.207315923589,3109.002284292975,3163.57861328125,83685.0
2023-07-13,3151.461893190228,3336.1522180934685,3151.461893190228,3298.9208984375,217440.0
2023-07-14,3288.171210480128,3411.542373775049,3227.73169857642,3272.4384765625,275977.0
2023-07-17,3245.370182085181,3317.5849700991484,3237.210488864788,3278.936767578125,85725.0
2023-07-18,3303.562558058516,3444.621109415364,3303.562558058516,3401.0869140625,231104.0
2023-07-19,3401.086583718446,3435.142007943133,3375.2397606545537,3405.581787109375,81364.0
2023-07-20,3384.03474023089,3431.9174148688667,3364.881574946261,3388.28564453125,122306.0
2023-07-21,3400.597795671329,3420.190649822885,3382.568552674834,3413.8388671875,62873.0
2023-07-24,3431.428327639783,3633.1706630209655,3382.763854261833,3555.1416015625,342679.0
2023-07-25,3550.20733663417,3728.008369614429,3550.20733663417,3662.829345703125,379972.0
2023-07-26,3675.0930660016793,3710.3208426472606,3591.884561331745,3609.180908203125,148975.0
2023-07-27,3639.864946418954,3693.8061955278176,3548.301597170455,3563.350341796875,139595.0
2023-07-28,3579.278544788596,3582.112321708601,3109.6863048250943,3283.187744140625,909746.0
2023-07-31,3319.344420403981,3516.5915869711152,3304.930757692851,3469.051025390625,547206.0
2023-08-01,3499.4903217993497,3499.4903217993497,3410.418875536755,3479.897705078125,310044.0
2023-08-02,3480.77715375856,3518.203862054117,3371.428859658072,3444.767333984375,335252.0
2023-08-03,3445.1093535646305,3493.4317161559056,3386.477510928444,3473.399169921875,204862.0
2023-08-04,3502.275556272225,3547.2266376306297,3480.28861430344,3497.5849609375,128417.0
2023-08-07,3497.584794763546,3711.3956279985578,3497.584794763546,3674.45751953125,338583.0
2023-08-08,3651.7869512378834,3796.3143618528857,3635.174594221281,3766.021240234375,349062.0
2023-08-09,3679.148192065915,3791.428077318653,3674.26220509106,3688.920166015625,121025.0
2023-08-10,3694.050538739888,3791.5259811681135,3694.050538739888,3763.333740234375,269583.0
2023-08-11,4140.532086047212,4384.684964725283,3908.7898058616297,3978.512939453125,3256078.0
2023-08-14,4093.4804202196615,4104.229592963136,3987.014797897876,4045.842041015625,605849.0
2023-08-16,4067.77952429805,4226.085492063478,4046.0368836636007,4140.62939453125,539281.0
2023-08-17,4176.541976400393,4295.76006744411,4154.359403027641,4255.0107421875,845546.0
2023-08-18,4248.903392506737,4320.043656686079,4218.170817467149,4253.30078125,411866.0
2023-08-21,4264.489907476979,4305.239234252867,4178.545196140869,4205.173828125,392433.0
2023-08-22,4278.169980001012,4353.41417562917,4217.779374888178,4311.00390625,499592.0
2023-08-23,4311.395028481191,4363.040007694677,4271.96501705012,4331.671875,417786.0
2023-08-24,4383.218815114091,4436.47607192464,4311.492623389498,4347.94189453125,370820.0
2023-08-25,4418.886501046317,4462.273968785054,4369.098104254615,4395.62939453125,520398.0
2023-08-28,4395.629005053935,4447.322645845872,4324.7822021040565,4352.92529296875,528678.0
2023-08-29,4382.388051421702,4429.586970266135,4328.984311050029,4354.3427734375,510991.0
2023-08-30,4397.24182173509,4398.365503317168,4280.173286769295,4306.1181640625,702240.0
2023-08-31,4381.75332449008,4596.736761463278,4154.799218867239,4356.05322265625,9680689.0
2023-09-01,4421.377961183648,4470.579941873562,4226.622725380827,4295.51513671875,384228.0
2023-09-04,4299.66845220169,4334.065990678166,4202.974581037065,4230.23876953125,143718.0
2023-09-05,4243.919879458397,4446.248421724361,4216.704834898184,4399.53857421875,245715.0
2023-09-06,4407.159754896621,4439.798048782841,4319.2606682610685,4353.951171875,203647.0
2023-09-07,4385.662037674884,4503.805110773723,4361.329917253584,4450.2548828125,436253.0
2023-09-08,4450.25509983633,4571.37844012543,4379.603436367311,4523.10498046875,195041.0
2023-09-11,4523.10444684744,4529.163261314071,4468.72350941033,4480.7919921875,100555.0
2023-09-12,4558.625778522082,4590.873292067898,4401.297000313711,4477.7626953125,194240.0
2023-09-13,4465.791921320254,4465.791921320254,4232.095268832016,4314.375,319237.0
2023-09-14,4335.87284852688,4356.882589311139,4177.616040861154,4196.96435546875,245695.0
2023-09-15,4182.404550710488,4219.195934564766,4001.6230455980026,4026.199462890625,471210.0
2023-09-18,4056.297882486504,4079.7992899325104,3923.4966079646647,4018.67578125,238348.0
2023-09-20,4039.7824801853785,4093.381849814871,4018.724068327527,4074.71728515625,118891.0
2023-09-21,4073.545228534658,4073.5938975464055,3942.991558815808,3983.78955078125,189007.0
2023-09-22,3983.05674473476,4041.639921817101,3961.020894862592,4013.789794921875,183993.0
2023-09-25,4013.447714659325,4121.623185340344,3982.07958130111,4095.043701171875,115250.0
2023-09-26,4098.3653692719645,4102.127674208228,4010.46628357144,4077.404296875,89102.0
2023-09-27,4087.616506956536,4138.723737401486,4035.825047509082,4051.460205078125,103845.0
2023-09-28,4072.763363134042,4072.763363134042,3969.473878402385,4023.80615234375,100821.0
2023-09-29,4016.281272983517,4073.2030209522,4002.649178533868,4027.51904296875,91685.0
2023-10-03,4007.9748465731,4042.665351767138,3912.111693128601,3924.03369140625,201015.0
2023-10-04,3928.333255756844,3944.6524034080862,3844.0499862769866,3864.6689453125,127114.0
2023-10-05,3883.969050713555,3893.985324500015,3738.806322903366,3773.7900390625,168713.0
2023-10-06,3810.092990215655,3936.151465654952,3793.0409418341296,3823.28515625,257858.0
2023-10-09,3811.069602837284,3955.6948082782887,3793.528958405605,3920.3203125,205823.0
2023-10-10,3910.6462485378697,4040.4670208448015,3908.545369520285,3935.80908203125,162193.0
2023-10-11,3962.535464552612,4054.196389988451,3891.2978693862665,4030.74365234375,217384.0
2023-10-12,4006.997928401654,4126.704609593997,4006.997928401654,4073.984619140625,161266.0
2023-10-13,4049.5548916033,4079.799343463421,4032.9425349951857,4066.753662109375,90134.0
2023-10-16,4102.275053707052,4294.782958800023,4084.294715361314,4240.01123046875,538584.0
2023-10-17,4250.808805529772,4591.850707398713,4240.988162251731,4520.12451171875,469250.0
2023-10-18,4498.039921270052,4707.111509295069,4407.111888215358,4599.96142578125,335904.0
2023-10-19,4543.967541738417,4566.39441110972,4424.798137607522,4539.814453125,256324.0
2023-10-20,4531.26426126937,4776.540804202001,4454.11433708568,4606.41064453125,1371567.0
2023-10-23,4595.7591259075525,4752.0620325199525,4055.368992667732,4223.49560546875,281863.0
2023-10-25,4229.31037963596,4353.414450387754,4095.483003820728,4288.1865234375,202808.0
2023-10-26,4237.176899677404,4250.418211686547,4026.200061296861,4082.242431640625,215575.0
2023-10-27,4088.984433974495,4215.336335703922,4056.394807416202,4111.89990234375,118955.0
2023-10-30,4104.229002940312,4534.195850867392,4033.72430728352,4418.984375,311575.0
2023-10-31,4420.840927177774,4421.818124553365,4163.88668640702,4230.53173828125,240451.0
2023-11-01,4251.639542791972,4410.824909048266,4153.235570522706,4373.984375,234568.0
2023-11-02,4348.528216919171,4436.378163445032,4348.039618243113,4410.92236328125,107152.0
2023-11-03,4413.072690788058,4416.981480887058,4256.672417810722,4279.587890625,133753.0
2023-11-06,4302.111621393343,4346.574103795024,4218.07264366709,4300.1572265625,93111.0
2023-11-07,4307.988859327767,4374.216566550011,4231.139154644838,4252.28515625,97300.0
2023-11-08,4258.550607581281,4345.581580716888,4243.865950313759,4294.33203125,68395.0
2023-11-09,4269.318869322972,4300.00989511498,4106.808680763556,4136.66748046875,148406.0
2023-11-10,4136.717012173542,4228.202624841347,4104.019268538606,4158.646484375,75980.0
2023-11-13,4204.7068323254025,4223.748128977447,4119.584578471503,4181.5048828125,66927.0
2023-11-15,4202.405946375065,4219.293301324601,4015.76405814473,4064.566162109375,251597.0
2023-11-16,4081.355840976891,4084.880254408751,3963.584839068886,3984.9755859375,203402.0
2023-11-17,4004.0168205577856,4140.094653823686,3989.3321622916815,4099.6630859375,193822.0
2023-11-20,4112.683380810615,4155.513635014487,4046.3089152165926,4108.3759765625,104134.0
2023-11-21,4127.220763557296,4127.220763557296,4013.8061692450287,4037.693115234375,162464.0
2023-11-22,4051.007693124326,4051.007693124326,3964.8576986837897,3993.88427734375,104117.0
2023-11-23,4013.806516593166,4043.175832568238,3994.275969271365,4024.6240234375,56111.0
2023-11-24,3969.801589102464,4077.636072348832,3951.152025422671,4042.441650390625,143208.0
2023-11-28,4062.706508668219,4103.089317038272,3988.4019978624647,4036.567626953125,235636.0
2023-11-29,4052.966002173825,4147.926799809298,4013.806910365382,4034.658935546875,180837.0
2023-11-30,4023.400216992092,4497.323164707096,4003.037682885776,4337.99462890625,1282443.0
2023-12-01,4327.275390813135,4412.837906052299,4234.517297251141,4367.021484375,173440.0
2023-12-04,4376.909713574219,4681.273674351842,4361.980309071779,4614.1162109375,257944.0
2023-12-05,4650.141425116873,4742.899509333678,4492.574862884598,4529.53125,458965.0
2023-12-06,4571.823293745731,4581.515071934374,4442.549552202928,4482.44287109375,112367.0
2023-12-07,4436.724262750578,4504.81192954815,4409.3129036691535,4431.04638671875,127828.0
2023-12-08,4431.829340452934,4473.974113484706,4386.943144726051,4427.17919921875,68948.0
2023-12-11,4427.179697111769,4454.297557091542,4415.1872262643765,4430.06787109375,64837.0
2023-12-12,4452.387918595494,4463.107909210189,4318.366047168006,4347.09912109375,108755.0
2023-12-13,4336.868714949911,4364.231317123166,4295.751675214495,4338.1904296875,72369.0
2023-12-14,4365.259116096129,4371.132979001843,4341.95965110994,4355.86083984375,105703.0
2023-12-15,4399.523737615173,4399.523737615173,4310.534801676537,4348.763671875,160020.0
2023-12-18,4348.763620040975,4400.5026624091415,4318.758063452265,4377.251953125,52263.0
2023-12-19,4377.251898072668,4399.132134558647,4301.870652078462,4338.435546875,95062.0
2023-12-20,4356.447773045177,4581.612489404816,4338.826186547467,4540.3974609375,203060.0
2023-12-21,4488.6102203943165,4488.6102203943165,4316.310242468602,4361.29443359375,164534.0
2023-12-22,4449.45148181423,4511.9592731520925,4402.558568401215,4444.85009765625,91596.0
2023-12-26,4492.526437658259,4527.720859728511,4408.334397205304,4492.5751953125,61344.0
2023-12-27,4543.971581989757,4647.204922356237,4430.067963409239,4529.48291015625,124661.0
2023-12-28,4553.173794033119,4568.934943136435,4386.796442504483,4402.21533203125,86028.0
2023-12-29,4418.906285088273,4466.925394766097,4329.085143433782,4447.44384765625,81387.0
2024-01-01,4444.556124555546,4469.0305525542,4362.322046480069,4382.04833984375,78967.0
2024-01-02,4382.048146940414,4403.438891672824,4317.729639801038,4389.92919921875,50198.0
2024-01-03,4356.448373718009,4394.090236827735,4327.079058839012,4344.35791015625,35101.0
2024-01-04,4344.700778616758,4401.481455759564,4249.788748634499,4305.982421875,98876.0
2024-01-05,4311.856068391916,4356.350292728451,4268.340343182129,4287.5771484375,53534.0
2024-01-08,4310.093272149733,4376.02747296645,4251.79537923647,4271.96240234375,57436.0
2024-01-09,4291.542734772973,4297.7101002023055,4178.2748764609205,4194.28125,88741.0
2024-01-10,4215.18174696408,4272.500663008384,4199.8116158116445,4215.5732421875,38046.0
2024-01-11,4219.195741842094,4253.6559304599,4123.15846101499,4139.99658203125,68146.0
2024-01-12,4145.772397789413,4145.772397789413,4097.019525112832,4128.10205078125,61056.0
2024-01-15,4111.655362187103,4111.7041198391935,3956.438244853455,4071.174560546875,275531.0
2024-01-16,4093.152373531047,4150.716518894617,4052.965551240328,4075.384033203125,105065.0
2024-01-17,4048.070476328408,4049.000695818439,3964.857419378489,3977.192626953125,77970.0
2024-01-18,3973.668277121787,3973.668277121787,3828.7796580003214,3841.995849609375,170956.0
2024-01-19,3886.539264159505,4106.515619763117,3842.6810402787055,4036.812255859375,664795.0
2024-01-23,4043.175409411284,4144.989027469098,3989.3806657486975,4075.138916015625,437848.0
2024-01-24,4062.755173981178,4062.755173981178,3965.836436095844,4017.281494140625,172155.0
2024-01-25,4017.184004890488,4017.184004890488,3901.3219627911294,3930.446533203125,152664.0
2024-01-29,3948.215302524453,4087.2300739002208,3920.803939154583,4080.719970703125,129389.0
2024-01-30,4071.615164499283,4149.835829650132,4055.413282122404,4121.8857421875,148586.0
2024-01-31,4121.494382096863,4135.151306469696,3997.50700418644,4043.12744140625,239012.0
2024-02-01,4042.196753992224,4053.210247206662,3955.067785451341,3984.9755859375,121930.0
2024-02-02,3984.9754094190807,4062.2656061298017,3940.3829532889386,4050.7138671875,64558.0
2024-02-05,4048.560370409218,4109.8931988069735,4029.911045219557,4087.8662109375,86647.0
2024-02-06,4086.691398368955,4087.865884151701,4039.259763741903,4061.531494140625,64070.0
2024-02-07,4039.2597459877807,4108.913875039664,4039.2597459877807,4095.64892578125,161758.0
2024-02-08,4116.109793589529,4124.382342449922,4002.54843408034,4022.960205078125,63542.0
2024-02-09,4028.442588817164,4062.706792250103,3939.012922253946,3968.969482421875,118865.0
2024-02-12,3974.1087796981255,3997.7512214892463,3827.800691109387,3853.058349609375,75400.0
2024-02-13,3872.833893370636,3879.4419896244913,3760.251512749396,3831.91259765625,164605.0
2024-02-14,3827.409389806776,3827.409389806776,3705.4287340291503,3716.980712890625,114859.0
2024-02-15,3740.231265589645,3780.3203328024656,3704.498598971157,3723.93115234375,105379.0
2024-02-16,3720.1132268930105,3896.3291165879423,3720.1132268930105,3872.78466796875,198581.0
2024-02-19,3928.58670684378,4009.450323281752,3867.93911401936,3971.074462890625,111700.0
2024-02-20,3991.975368007368,4004.3105766005806,3899.609010570687,3981.255615234375,75726.0
2024-02-21,3983.360278285589,3983.360278285589,3843.464530435144,3874.987548828125,89096.0
2024-02-22,3873.812719580468,3916.887715704183,3552.7571996827164,3750.41259765625,232309.0
2024-02-23,3828.681533314102,3989.331774741913,3818.010778280604,3966.570556640625,192111.0
2024-02-26,3966.57083906391,4025.015968653096,3903.426810157975,4002.009765625,129468.0
2024-02-27,4002.058834454908,4131.283826174097,3966.326166290132,4086.985107421875,136720.0
2024-02-28,4086.985265267422,4110.431961558808,3984.486395224025,4031.966552734375,335337.0
2024-02-29,4006.610613994482,4131.2834458119705,3899.55960934257,4063.342529296875,287549.0
2024-03-01,4051.986450499308,4066.671107845886,4010.575907988431,4040.5322265625,83612.0
2024-03-04,4073.719957850605,4101.9143089106265,3944.298985823607,3962.508056640625,89374.0
2024-03-05,3955.3615826503137,3961.920682011895,3834.017407932692,3868.036865234375,117797.0
2024-03-06,3868.037012176853,3928.978344478416,3827.80095259619,3883.35791015625,90322.0
2024-03-07,3882.721495178595,3883.1129904479576,3796.5225065452737,3812.57763671875,113516.0
2024-03-11,3799.410350515256,3959.815853470189,3799.410350515256,3943.27099609375,117377.0
2024-03-12,3919.628808118324,3919.628808118324,3794.564475701505,3838.32470703125,77655.0
2024-03-13,3818.108826171091,3843.317487439295,3525.296669002037,3641.01171875,244268.0
2024-03-14,3641.012055491676,3959.9628839055154,3577.623280032373,3904.993408203125,278942.0
2024-03-15,3897.651192273911,3920.754912101719,3739.693116476053,3818.696533203125,335277.0
2024-03-18,3792.606499740172,3814.486495776165,3698.575696086486,3731.2734375,92109.0
2024-03-19,3739.692801354403,3807.242226300333,3691.0376836514906,3749.58056640625,80539.0
2024-03-20,3769.0624198608007,3788.641964899039,3653.641097463636,3764.36328125,109814.0
2024-03-21,3806.263366280201,3939.795761201809,3762.209392133439,3874.64501953125,152508.0
2024-03-22,3847.380331308944,3878.6586045214,3795.543537242164,3847.674072265625,85415.0
2024-03-26,3836.954312988579,3884.5814572786367,3754.3774921027134,3867.057861328125,125739.0
2024-03-27,3876.7494812015257,4117.577858064044,3857.316689335196,4081.991943359375,290934.0
2024-03-28,4062.951407848429,4175.337800341642,3964.8577002071866,4143.2275390625,184571.0
2024-04-01,4160.555483864349,4216.895913641786,4063.734725610017,4084.635986328125,113371.0
2024-04-02,4106.123751610946,4111.704112684639,3989.3319664737865,4003.869873046875,114387.0
2024-04-03,4032.30914957742,4160.653157886285,3989.3321455027326,4107.984375,186608.0
2024-04-04,4119.535953530981,4167.946566054501,4038.5255922774895,4104.998046875,104727.0
2024-04-05,4104.998301985583,4293.74539991706,4073.524279447937,4264.767578125,195289.0
2024-04-08,4287.919813350573,4287.919813350573,4183.169260832648,4218.95068359375,109371.0
2024-04-09,4219.3917710823125,4222.671440335933,4020.26790236116,4095.7958984375,92265.0
2024-04-10,4064.713059268429,4067.6012330194185,4016.204933498322,4037.105712890625,270169.0
2024-04-12,4033.3856193096735,4181.994150678747,3994.226535627056,4063.587158203125,189469.0
2024-04-15,4051.007241516871,4060.307523970812,3936.466920768327,3957.857666015625,85829.0
2024-04-16,3958.9346956215,4070.587090135469,3952.669337310149,4009.009521484375,53861.0
2024-04-18,4013.8065402338975,4151.156850879806,3992.3670350490615,4110.529296875,108680.0
2024-04-19,4048.11954135853,4048.11954135853,3953.0609971944273,3982.038818359375,167579.0
2024-04-22,4015.274937201406,4159.674072453681,3992.807458534961,4116.892578125,96681.0
2024-04-23,4125.801579003912,4126.095558985247,4020.708276830554,4097.802734375,88694.0
2024-04-24,4106.808792198253,4171.421278559417,4053.9927882768734,4161.09326171875,107095.0
2024-04-25,4160.701316293113,4234.271825713619,4122.863948039481,4213.02783203125,96264.0
2024-04-26,4231.139286850211,4356.448363369605,4014.785334422192,4247.24365234375,584275.0
2024-04-29,4373.38441873266,4894.885736282693,4373.38441873266,4850.978515625,2767650.0
2024-04-30,4831.300845849796,5017.15974772351,4752.787167619244,4955.68017578125,900529.0
2024-05-02,4796.987948750888,4894.885661990702,4690.768929885689,4710.88671875,402887.0
2024-05-03,4710.886945383447,5040.753497220839,4701.048415936,4853.328125,943433.0
2024-05-06,4874.18066215914,5188.530332447518,4824.937822852804,5162.29345703125,796893.0
2024-05-07,5176.830968532945,5421.575246546038,5090.6809826723365,5137.03564453125,783297.0
2024-05-08,5089.702026960389,5355.004825442071,4872.417864820307,5220.052734375,440695.0
2024-05-09,5230.870992715528,5358.823021701071,5131.015321628179,5287.2109375,293594.0
2024-05-10,5279.672680820626,5279.672680820626,5075.996670058788,5166.111328125,227711.0
2024-05-13,5166.111295497225,5235.569917073252,4995.720509877488,5183.390625,188791.0
2024-05-14,5151.916231799609,5171.789755611741,5047.606403173254,5078.34619140625,153757.0
2024-05-15,5090.680619930476,5335.424880504056,5061.360066307307,5280.357421875,205820.0
2024-05-16,5276.344572287922,5482.272529791459,5242.423106613083,5422.0654296875,312637.0
2024-05-17,5409.82812065025,5547.570406785347,5335.474609544487,5494.75439453125,216871.0
2024-05-21,5467.58735789497,5482.272015078215,5287.455563113828,5464.9931640625,219451.0
2024-05-22,5464.993293442149,5502.2924191738575,5308.993186002384,5350.9912109375,132429.0
2024-05-23,5368.7106653356,5474.2442104024985,5353.047031009311,5396.41552734375,144355.0
2024-05-24,5377.570159040188,5419.42143155237,5322.453937558101,5357.59912109375,74545.0
2024-05-27,5405.862981128097,5717.030481035093,5363.228240094594,5487.06884765625,542046.0
2024-05-28,5462.594810908836,5574.932445189425,5415.505911742226,5522.89990234375,116779.0
2024-05-29,5448.350445190655,5459.706675458415,5298.9584401213415,5399.54833984375,194650.0
2024-05-30,5363.8160972595215,5483.153322746977,5355.005302429199,5388.29052734375,136948.0
2024-05-31,5422.55494621144,5468.5181189533405,5092.6396154887,5166.650390625,882534.0
2024-06-03,5286.477539131876,5467.588343713246,5286.477539131876,5450.26025390625,138837.0
2024-06-04,5472.482259825201,5508.851165286813,5086.814020987576,5177.22265625,150767.0
2024-06-05,5319.761915476663,5606.259487257349,5238.604804088181,5410.90478515625,239205.0
2024-06-06,5433.32387223607,5727.017054519101,5382.906542610816,5609.05029296875,211647.0
2024-06-07,5570.331536968792,5687.808801530251,5470.3778687678405,5627.69921875,249263.0
2024-06-10,5803.328242860582,5878.758246979617,5678.165908809986,5873.27587890625,328433.0
2024-06-11,5819.921327396648,6123.15950815229,5733.673342448543,6025.947265625,258046.0
2024-06-12,6030.20559318667,6324.1922328672,6022.667278111302,6031.1845703125,298038.0
2024-06-13,6050.422374271586,6226.295548363865,5890.604332090706,5928.6376953125,221110.0
2024-06-14,5991.241961627271,6104.852542844006,5816.249801995586,5912.5810546875,188087.0
2024-06-18,5951.44710279104,6123.208842574189,5896.575622309168,6026.97509765625,176022.0
2024-06-19,6059.86850037673,6117.4321650381335,5961.970786315716,6056.24609375,105079.0
2024-06-20,6045.184694192077,6069.561132821278,5942.392079958851,6020.26953125,94694.0
2024-06-21,6120.925445177667,6199.230253118905,5727.928626867704,5761.87353515625,299096.0
2024-06-24,5782.064306139734,5915.0936394400105,5722.2795663995485,5853.73681640625,155150.0
2024-06-25,5894.903367414821,5913.472371213724,5753.080544047841,5784.8642578125,112013.0
2024-06-26,5798.323939734358,5844.845032874762,5649.329120697576,5666.86669921875,143838.0
2024-06-27,5683.814788648712,5890.039771611525,5612.928084007749,5653.0625,232493.0
2024-06-28,5715.892849199311,5875.30217665109,5660.234773188055,5851.6240234375,134124.0
2024-07-01,5855.848883558502,5915.092957983351,5769.241831846947,5861.89111328125,107551.0
2024-07-02,5862.529695524195,5963.775303048652,5765.262988660294,5917.10693359375,207560.0
2024-07-03,5899.864711451362,6008.233391777051,5876.284902446394,5982.39404296875,88034.0
2024-07-04,6008.872267137606,6209.693540263791,5894.952125420875,5908.95263671875,118265.0
2024-07-05,5959.158240034711,6002.977481327525,5875.351380490276,5934.00634765625,79914.0
2024-07-08,5934.006434933876,5955.8179506160095,5767.228407311868,5775.57958984375,57878.0
2024-07-09,5826.177541199947,5978.95504670696,5810.163113544591,5923.24755859375,156814.0
2024-07-10,6141.017354813892,6160.273814358152,5778.526737070035,5814.3876953125,266304.0
2024-07-11,5853.687177152219,5900.895724578182,5656.2062905111325,5729.5986328125,154612.0
2024-07-12,5894.952053402721,5894.952053402721,5654.634412079185,5689.66015625,154608.0
2024-07-15,5771.108773024196,5836.002174332358,5660.627361517824,5745.318359375,267850.0
2024-07-16,5781.866796447524,5811.931146146363,5659.15364750284,5698.35498046875,88215.0
2024-07-18,5699.288980966868,5747.578368233832,5511.780281331931,5621.08251953125,229785.0
2024-07-19,5624.766770939372,5786.288361829992,5605.90273240849,5682.537109375,396724.0
2024-07-22,5624.766700200293,5761.234743058668,5513.302790903354,5594.60400390625,250921.0
2024-07-23,5673.645886130166,5673.645886130166,5374.477061102825,5412.64697265625,281648.0
2024-07-24,5413.628980791746,5482.305072038001,5253.38444806222,5264.68310546875,133587.0
2024-07-25,5208.189897636068,5254.367019912788,5146.292903945996,5182.841796875,241048.0
2024-07-26,5244.443838190685,5452.8304828605405,5204.554567901115,5344.5107421875,245224.0
2024-07-29,5393.88063779534,5393.88063779534,5215.067108454948,5258.59130859375,121553.0
2024-07-30,5304.179784601548,5389.951144831026,5227.447062987672,5232.998046875,59442.0
2024-07-31,5269.104704724112,5332.033126729624,5236.682468055103,5260.70458984375,182296.0
2024-08-01,5294.501905297855,5318.032299947992,5136.467977265834,5152.72802734375,91327.0
2024-08-02,5151.205809175564,5190.603836258414,5059.882981394188,5072.6064453125,79847.0
2024-08-05,4838.773339817687,5048.0930788989535,4833.909812283674,4883.86962890625,116960.0
2024-08-06,4913.541083945452,5103.014771608882,4903.617818300538,4937.21923828125,146863.0
2024-08-07,5083.3650123057,5233.587953118571,4998.968560124516,5112.3974609375,137200.0
2024-08-08,5118.783997665182,5128.6578516793925,4972.73663847676,4997.00390625,76747.0
2024-08-09,5058.802794079351,5069.659139685111,4962.125189490084,5042.88623046875,75002.0
2024-08-12,5039.201710990349,5068.82375027224,4934.173407072368,5022.1064453125,60418.0
2024-08-13,5096.431746589769,5128.608360344807,4981.234556886622,5006.04248046875,52221.0
2024-08-14,5012.182712951142,5107.975678650002,4984.574593044272,5091.56787109375,53013.0
2024-08-16,5118.390518231758,5187.557860424261,5099.182511420463,5167.7607421875,25333.0
2024-08-19,5186.329689948457,5214.429057338471,5130.622201172687,5175.375,43523.0
2024-08-20,5177.732638522107,5398.7933299201095,5168.350032180175,5336.2578125,86914.0
2024-08-21,5374.231287847064,5619.854290033858,5374.231287847064,5488.59326171875,320465.0
2024-08-22,5550.588486075009,5551.079732068998,5384.498407400496,5447.869140625,94700.0
2024-08-23,5447.869514747085,5500.973018451048,5376.687773436928,5409.74853515625,40755.0
2024-08-26,5397.811738054178,5397.811738054178,5280.895175107609,5318.27880859375,75627.0
2024-08-27,5328.054342210695,5361.557416779604,5231.770122122802,5278.19287109375,62770.0
2024-08-28,5298.23563741041,5339.647581214507,5232.4580827516165,5281.9755859375,65931.0
2024-08-29,5254.465927047474,5325.107010820165,5229.510724456173,5269.3505859375,56448.0
2024-08-30,5290.7199301535375,5333.900649610173,5133.61954015174,5192.22509765625,258816.0
2024-09-02,5207.256799492899,5282.221230773041,5136.468439159134,5210.59765625,85612.0
2024-09-03,5234.9139985823485,5256.28319930595,5097.070084925827,5123.4990234375,72628.0
2024-09-04,5108.516430703531,5174.982402765144,5064.206422305728,5139.66162109375,160931.0
2024-09-05,5147.963521745624,5195.417693429175,5122.71328546515,5139.12109375,79915.0
2024-09-06,5133.520777935899,5384.056241739469,5132.538285920983,5222.7802734375,372769.0
2024-09-09,5263.455631908137,5344.756850544638,5108.95875419708,5292.58642578125,101534.0
2024-09-10,5283.842347762071,5394.863951573359,5248.669323580326,5280.25634765625,258937.0
2024-09-11,5261.244532913342,5320.194051489401,5189.031372657668,5211.97265625,75721.0
2024-09-12,5262.620571913349,5320.784295943089,5211.973296210904,5241.30078125,90431.0
2024-09-13,5246.507236619263,5320.93100500389,5158.082957350399,5176.60302734375,69950.0
2024-09-16,5177.7329999551,5316.264376234734,5176.7505079247485,5299.56201171875,140698.0
2024-09-17,5256.430567809193,5311.695743047465,5223.909986522499,5302.95166015625,105056.0
2024-09-18,5295.533204365731,5306.4389608316005,5231.769573491626,5263.9951171875,85560.0
2024-09-19,5297.596882828927,5379.143719118763,5177.290545108361,5313.85693359375,110225.0
2024-09-20,5376.147436565162,5516.692729069955,5234.471894443892,5436.61962890625,197096.0
2024-09-23,5436.619637807593,5448.360609437045,5325.106792611757,5350.3076171875,53605.0
2024-09-24,5334.9313293958185,5352.173871357535,5273.525582050103,5300.93701171875,150496.0
2024-09-25,5300.593549389298,5328.79126315414,5129.738277617417,5138.04052734375,147623.0
2024-09-26,5188.540269596654,5207.207617659963,5138.138621718688,5178.4697265625,108862.0
2024-09-27,5170.954039002425,5213.741376174081,5109.941186341493,5174.5400390625,132376.0
2024-09-30,5169.872963101511,5302.509384617799,5113.870918461301,5228.478515625,160721.0
2024-10-01,5243.265313840948,5336.749332863141,5207.207665097209,5303.63916015625,87884.0
2024-10-03,5303.6394478154725,5313.169812744492,5031.833113821753,5087.73681640625,104867.0
2024-10-04,5114.558499540168,5227.348382702995,5055.019391848214,5191.19287109375,93027.0
2024-10-07,5255.301042583419,5403.706274838505,5138.482354055954,5337.6826171875,123479.0
2024-10-08,5351.634272783921,5427.777407746424,5203.179625962151,5342.1533203125,210649.0
2024-10-09,5355.612671566803,5482.305203237082,5309.288271037904,5353.30419921875,118801.0
2024-10-10,5355.563500878883,5363.669059286928,5199.838530251604,5218.26025390625,63017.0
2024-10-11,5251.419284941424,5251.812185760893,5127.625303668718,5132.9306640625,40325.0
2024-10-14,5108.958189790079,5267.139395281657,5059.833591811328,5189.96484375,67151.0
2024-10-15,5207.010932980571,5302.509347700385,5140.398166975804,5255.05517578125,101187.0
2024-10-16,5217.032632065337,5237.664964508534,5128.1171041553725,5140.2509765625,56803.0
2024-10-17,5166.925551714573,5178.813801145705,5071.820515730389,5152.33544921875,41864.0
2024-10-18,5118.881592891993,5155.135451233776,4848.646884266981,4971.75341796875,127453.0
2024-10-21,4981.234443233208,5046.324538275456,4883.967735170074,4892.76123046875,98142.0
2024-10-22,4892.761308321913,4960.356567148388,4327.877331673909,4407.36083984375,558667.0
2024-10-23,4518.480400817991,4710.754264039514,4106.816280804349,4512.58544921875,500122.0
2024-10-24,4536.313894174037,4576.596075518578,4274.823683660806,4294.5224609375,192310.0
2024-10-25,4322.965226385409,4340.650084129713,4138.895236083618,4215.13671875,218791.0
2024-10-28,4159.92021739896,4311.666304407756,4110.845027989894,4246.0849609375,164249.0
2024-10-29,4307.393111360909,4322.425529960502,4205.066643996152,4260.43017578125,313114.0
2024-10-30,4287.658293460925,4384.116025954669,4249.252534745956,4322.125,132713.0
2024-10-31,4303.51302584667,4308.289222724058,4190.560513646953,4229.31103515625,194224.0
2024-11-01,4229.35942189515,4298.489968362009,4229.35942189515,4273.13232421875,7408.0
2024-11-04,4272.837461187344,4272.837461187344,4099.1744160655735,4149.98828125,262620.0
2024-11-05,4149.988320823652,4382.195237949728,4121.282095434607,4295.880859375,298250.0
2024-11-06,4342.80502630638,4652.266813044879,4342.80502630638,4612.5810546875,658009.0
2024-11-07,4613.614528902951,4677.624122153472,4544.681120787005,4605.490234375,200187.0
2024-11-08,4569.3001431439225,4569.3001431439225,4483.034811514585,4527.79248046875,65633.0
2024-11-11,4514.153621557749,4708.1519338280095,4492.488835415892,4562.4560546875,148460.0
2024-11-12,4579.148324793839,4603.176447792229,4529.910170763797,4544.23828125,171018.0
2024-11-13,4520.062033620718,4554.479691768791,4396.96666233475,4447.38671875,200789.0
2024-11-14,4431.433415128212,4596.627405214381,4352.652376637044,4474.0244140625,116213.0
2024-11-18,4545.370514668203,4612.629631432207,4410.950372761607,4564.42529296875,164487.0
2024-11-19,4553.346869838398,4610.955504108312,4443.791988427662,4579.39404296875,109097.0
2024-11-21,4542.711418342429,4555.4642906849085,4432.417969642158,4482.2470703125,104722.0
2024-11-22,4495.443575966767,4502.336917704284,4432.418737223749,4480.2783203125,101349.0
2024-11-25,4483.626002745533,4622.4775877196425,4465.998840963182,4538.82177734375,289620.0
2024-11-26,4538.723375036003,4608.247254392438,4480.720452808653,4501.9423828125,58113.0
2024-11-27,4515.138498315185,4571.614754326061,4431.433640658306,4509.13134765625,107057.0
2024-11-28,4515.138130484143,4523.754806305678,4436.357094401542,4451.32568359375,71782.0
2024-11-29,4413.756495313936,4708.151565390119,4387.118850410579,4580.23095703125,289339.0
2024-12-02,4524.985672247272,4731.785887953894,4524.985672247272,4699.9287109375,384423.0
2024-12-03,4748.083457797008,4776.051109358014,4671.616713336653,4690.42578125,368050.0
2024-12-04,4733.706333195242,4736.7096677790505,4622.033832861904,4643.501953125,633495.0
2024-12-05,4672.50283011413,4691.705706723848,4583.97274129707,4685.4033203125,138757.0
2024-12-06,4633.506842036032,4748.526962690444,4618.587298614609,4666.20068359375,468988.0
2024-12-09,4668.2688283168745,4972.905347233751,4666.348348201597,4936.27197265625,619707.0
2024-12-10,4973.052740643827,4990.926091454323,4803.722564395695,4846.85546875,212532.0
2024-12-11,4869.9975317302005,4899.146611103413,4826.323198901814,4882.20849609375,171218.0
2024-12-12,4875.3152915591045,4879.451488384751,4739.171810458656,4773.7861328125,177752.0
2024-12-13,4752.219742707545,4767.089759222873,4670.336800673214,4730.60400390625,63547.0
2024-12-16,4750.496724917258,4862.070180784118,4721.741452902545,4826.71728515625,445853.0
2024-12-17,4809.877304338524,4919.875514073347,4801.408727958488,4893.779296875,290439.0
2024-12-18,4907.418645250316,5078.17644816818,4893.779581940519,5027.412109375,546131.0
2024-12-19,4963.205415950136,5017.61357055951,4891.071527712369,4951.9296875,131940.0
2024-12-20,5011.951171772141,5016.333559356599,4747.542312430198,4766.0556640625,143686.0
2024-12-23,4771.176622561463,4787.376165866224,4650.050776415939,4692.93701171875,106460.0
2024-12-24,4692.937001780152,4730.062758263139,4585.745936656293,4689.244140625,158708.0
2024-12-26,4677.624213486872,4710.121392233201,4644.929889805557,4684.07421875,37776.0
2024-12-27,4682.499022141839,4753.352431531773,4670.238530447578,4704.5576171875,101992.0
2024-12-30,4661.769028918534,4691.213343667304,4506.816489345814,4572.30322265625,239616.0
2024-12-31,4559.403848138099,4664.57634890616,4547.635737425164,4628.927734375,105787.0
2025-01-01,4628.336462392929,4672.306028552582,4585.104987547595,4627.99169921875,244103.0
2025-01-02,4650.838564769952,4663.7885830620335,4577.719911065549,4630.306640625,89529.0
2025-01-03,4726.8621399862695,4744.538827200439,4506.767621593159,4544.82861328125,340152.0
2025-01-06,4579.29551577237,4629.6660464765255,4435.372501140952,4450.39013671875,152044.0
2025-01-07,4464.521631874548,4529.811226422029,4442.758273411618,4460.68115234375,69323.0
2025-01-08,4453.590327577986,4601.797147766042,4372.347386278885,4536.9013671875,223288.0
2025-01-09,4554.5288536185,4605.687483564856,4492.685929845348,4599.53271484375,335334.0
2025-01-10,4549.604938969277,4595.347371438938,4446.844826484688,4475.60009765625,89914.0
2025-01-13,4332.957306779247,4435.274088832429,4186.867615960823,4223.94384765625,180135.0
2025-01-14,4200.999065722623,4328.378259207159,4200.999065722623,4299.5244140625,134638.0
2025-01-15,4322.1247730948,4371.165777773571,4283.768062209168,4310.3076171875,120336.0
2025-01-16,4401.890314969391,4401.890314969391,4223.64822391582,4252.69873046875,80126.0
2025-01-17,4249.251945111346,4289.183888666907,4121.0356222410055,4140.189453125,145192.0
2025-01-20,4136.004293388335,4193.563878807831,3940.036470915888,3960.617919921875,889323.0
2025-01-21,3940.1842062844216,3992.229024691192,3871.103181070812,3898.725830078125,581392.0
2025-01-22,3902.763388589647,3945.305342540427,3760.809898260337,3824.671875,295796.0
2025-01-23,3830.728073369746,3993.164682278505,3817.0399638259673,3907.19482421875,293011.0
2025-01-24,3911.1337628861056,3941.218319774916,3729.642139422208,3745.25048828125,176404.0
2025-01-27,3726.195379093731,3726.195379093731,3474.2929687668243,3492.264892578125,646293.0
2025-01-28,3492.264990781204,3588.771762454304,3399.4510802690647,3562.281494140625,371615.0
2025-01-29,3582.567820609697,3776.516846816132,3574.689716551182,3761.40087890625,177677.0
2025-01-30,3732.448647754398,3848.9461579032472,3683.1121660605295,3715.56005859375,211347.0
2025-01-31,3739.144829681959,3917.386919271749,3739.144829681959,3908.3271484375,284772.0
2025-02-01,3908.47506917493,3988.782540081842,3533.3296516019377,3689.06982421875,524100.0
2025-02-03,3698.1296969217337,3859.38463244662,3637.025106857029,3807.29052734375,420339.0
2025-02-04,3822.751298187581,3984.8433801130655,3822.751298187581,3931.12451171875,695882.0
2025-02-05,3915.171419212944,4011.924382034468,3887.8935327407767,3945.452880859375,145710.0
2025-02-06,3948.7521774797815,4012.909393454725,3881.935908956693,3908.2783203125,93710.0
2025-02-07,3918.322744662949,3968.594944588581,3862.191252890852,3958.747314453125,86749.0
2025-02-10,3968.594837244344,3973.5186521788905,3846.238036120868,3868.296630859375,83830.0
2025-02-11,3866.1792757161456,3904.9297933055495,3771.297270934735,3840.575439453125,223172.0
2025-02-12,3803.154637258621,3875.042334959264,3710.980725956387,3827.822998046875,77011.0
2025-02-13,3870.16794887266,3896.707264136641,3807.2414477392094,3818.664794921875,61870.0
2025-02-14,3837.9169092030806,3851.3095418247326,3632.052154830772,3707.87890625,113727.0
2025-02-17,3643.672318792457,3674.396875739638,3474.933085697434,3572.523193359375,330073.0
2025-02-18,3575.674362568749,3619.003933472915,3505.756191337028,3606.79296875,91844.0
2025-02-19,3545.1959855812124,3674.150648685884,3545.1959855812124,3657.015869140625,168985.0
2025-02-20,3651.550531545112,3709.011308992788,3556.028519464445,3683.407470703125,292962.0
2025-02-21,3633.775367744274,3767.653845742756,3585.0788868487416,3614.12939453125,168663.0
2025-02-24,3578.628542132208,3717.480117377293,3539.090406058689,3638.05908203125,343931.0
2025-02-25,3628.900872189749,3676.317113569334,3505.7562132985995,3521.463134765625,162102.0
2025-02-27,3521.463000490653,3546.623741786679,3423.5283738224043,3436.281005859375,198567.0
2025-02-28,3395.856732523488,3438.25082899968,3265.4742036718044,3278.276123046875,347300.0
2025-03-03,3298.266696331522,3514.569788676545,3234.404720923169,3478.970703125,436195.0
2025-03-04,3367.8894499533235,3441.697388499018,3306.8341441354564,3325.889404296875,273251.0
2025-03-05,3308.8035299202456,3411.21887727492,3285.513982194868,3354.250244140625,460298.0
2025-03-06,3348.1940114536283,3425.0055211281524,3327.5139896181795,3347.65234375,185155.0
2025-03-07,3347.652417477349,3395.9550890552173,3318.601909973469,3338.78955078125,196395.0
2025-03-10,3356.072145506623,3424.808647744614,3254.1984660518256,3268.871337890625,217312.0
2025-03-11,3266.458706698714,3341.7930724094326,3234.946292283774,3283.150390625,218791.0
2025-03-12,3298.955937667686,3329.975971111427,3231.0072929813964,3305.70166015625,181396.0
2025-03-13,3308.803668224299,3335.392269129673,3277.586729319528,3292.80126953125,101656.0
2025-03-17,3249.766996589149,3312.102538935597,3249.766996589149,3294.130615234375,110944.0
2025-03-18,3294.130615234375,3294.130615234375,3294.130615234375,3294.130615234375,0.0
2025-03-19,3369.8095536793667,3421.952704184749,3367.544550793428,3377.5400390625,247244.0
2025-03-20,3407.2798747763864,3495.908542039356,3377.73698568873,3440.515625,190485.0
2025-03-21,3428.94469218062,3494.9238117602013,3349.178890897844,3375.619873046875,368671.0
2025-03-24,3426.975246750029,3539.2382289711504,3399.8942641966883,3450.510986328125,224293.0
2025-03-25,3473.652844271493,3496.400965309107,3376.7522630741946,3405.4580078125,105228.0
2025-03-26,3409.7420482939283,3432.096121363953,3348.1943578915107,3363.753662109375,168022.0
2025-03-27,3348.194153127484,3452.431411386492,3320.916266493487,3407.526123046875,160654.0
2025-03-28,3415.1087579907226,3450.708084278496,3342.285583073012,3374.044189453125,132706.0
2025-04-01,3374.044234518476,3407.230699591083,3274.3369805980105,3280.984130859375,120051.0
2025-04-02,3281.2301774310044,3326.4799872859376,3249.717762761799,3304.02734375,554232.0
2025-04-03,3287.483452794157,3383.793075868856,3270.8901011077123,3372.123779296875,246697.0
2025-04-04,3364.4920496827426,3379.55897155021,3206.388303172815,3228.64404296875,92962.0
2025-04-07,3066.945844393643,3124.45614884666,3047.841538029508,3064.976318359375,202784.0
2025-04-08,3139.473685592556,3187.38230869306,3066.94574742147,3159.1689453125,127568.0
2025-04-09,3146.317746220589,3151.1922749263776,3058.082886339851,3085.65625,129669.0
2025-04-11,3111.9002366275727,3151.1921825228533,3098.11355520177,3120.221435546875,156605.0
2025-04-15,3207.274453958288,3340.316028747965,3157.2486869020013,3327.021728515625,181024.0
2025-04-16,3308.8034903589164,3364.639501174596,3213.281484833674,3346.42138671875,256805.0
2025-04-17,3350.163671508137,3384.6303759475213,3291.8657509405093,3345.830810546875,134499.0
2025-04-21,3343.270223269752,3478.872033725902,3338.346408507941,3461.244873046875,283157.0
2025-04-22,3470.3048480650527,3523.482050617695,3442.928388296413,3468.5322265625,274955.0
2025-04-23,3476.2132217312023,3484.091325349857,3413.2869652454583,3472.274169921875,168446.0
2025-04-24,3466.365719560651,3570.0613103350474,3383.6456285256813,3458.192138671875,1473276.0
2025-04-25,3490.984615097336,3563.3646910380003,3348.193989091945,3424.80859375,239037.0
2025-04-28,3446.6705777343163,3620.284346634037,3425.005791245701,3579.712158203125,588862.0
2025-04-29,3574.6897741959738,3575.182155707571,3496.992067834193,3529.883056640625,225836.0
2025-04-30,3515.6040704085285,3516.68740592622,3437.906362331631,3485.076416015625,291426.0
2025-05-02,3417.7184496994705,3489.212096856743,3373.502448225406,3378.8203125,129685.0
2025-05-05,3397.6293535329232,3457.5029937619506,3379.706714494735,3449.033935546875,104551.0
2025-05-06,3451.5943213847763,3466.3657664121006,3357.057073209901,3395.3642578125,134893.0
2025-05-07,3328.5974234459363,3421.5589519914465,3328.49885098031,3402.552978515625,216529.0
2025-05-08,3402.356255924816,3480.8418210381387,3386.3045705117183,3427.369140625,257778.0
2025-05-09,3318.65121101471,3440.761819372521,3300.433096058101,3430.71728515625,132159.0
2025-05-12,3495.908586894925,3548.101024952793,3457.798307566989,3525.550048828125,195016.0
2025-05-13,3525.549931549216,3566.7128305003544,3478.773691449611,3533.5263671875,179740.0
2025-05-14,3525.5497271668323,3530.3749691712283,3476.3115825479867,3515.209716796875,232376.0
2025-05-15,3520.52739992141,3609.1560617376135,3494.037373835709,3587.19580078125,257763.0
2025-05-16,3604.2326143875016,3663.318394951231,3560.9030419741,3625.798828125,341068.0
2025-05-19,3658.887123810471,3807.093963302728,3612.701832788128,3780.899169921875,540336.0
2025-05-20,3834.666907891955,3834.666907891955,3653.4705260090273,3667.060302734375,531681.0
2025-05-21,3528.1102462016784,3795.670297192954,3528.1102462016784,3767.703125,316823.0
2025-05-22,3741.902469790493,3779.1265590190255,3693.747415168756,3763.76416015625,356914.0
2025-05-23,3745.5461090344697,3868.1491037958185,3730.7746638825,3854.559326171875,744447.0
2025-05-26,3858.301498977001,3987.206881679613,3843.530053728238,3974.700439453125,709810.0
2025-05-27,3975.488258360817,4156.1922701044905,3946.930131164269,4136.3984375,791753.0
2025-05-28,4136.398130509134,4208.778206135453,4106.46143349317,4188.984375,656796.0
2025-05-29,4185.24260878812,4226.602653392614,4116.80158259735,4182.68212890625,376234.0
2025-05-30,4182.682388111746,4202.279076196713,4026.8929251978334,4083.024658203125,1135941.0
2025-06-02,4084.403143195426,4165.54751878795,4057.3221605082704,4142.1103515625,178670.0
2025-06-03,4184.257881129428,4204.937903606179,4111.877802460796,4128.81591796875,158694.0
2025-06-04,4185.24267458518,4241.374164573735,4130.883565628165,4221.1865234375,283143.0
2025-06-05,4229.556663607081,4293.763397146654,4202.081874812669,4286.771484375,205473.0
2025-06-06,4267.076753017695,4284.703914968932,4191.151427742536,4279.48486328125,224313.0
2025-06-09,4301.444483834491,4357.674543378879,4277.022555475238,4333.5478515625,78815.0
2025-06-10,4321.139735605183,4362.499778653364,4289.036367928102,4339.25927734375,198635.0
2025-06-11,4339.259208940905,4365.060189629323,4266.485325750144,4284.408203125,122884.0
2025-06-12,4265.993151611196,4315.822253659308,4161.017323688147,4216.9521484375,176893.0
2025-06-13,4165.54755573117,4299.4753258445135,4147.723248981646,4283.52197265625,218524.0
2025-06-16,4282.635366907704,4547.536592405516,4187.999554121087,4487.85986328125,468588.0
2025-06-17,4487.8598659431045,4666.791480961772,4480.671288958865,4573.6328125,1090766.0
2025-06-18,4549.604933876422,4651.330756619868,4511.199177941102,4546.2568359375,279483.0
2025-06-19,4539.757648105463,4539.757648105463,4352.258860065643,4373.6279296875,256502.0
2025-06-20,4391.152651805312,4458.084410110957,4328.973727591924,4421.64794921875,397703.0
2025-06-23,4344.61733435478,4466.995439825448,4223.724398893578,4437.68798828125,876039.0
2025-06-24,4438.5793568630215,4538.481704318587,4413.7274133132605,4428.67822265625,202444.0
2025-06-25,4427.886283809611,4439.173480008801,4339.271133489373,4368.38037109375,246940.0
2025-06-26,4413.925443711424,4431.549268476621,4289.171157953766,4331.2509765625,251092.0
2025-06-27,4352.538387767734,4370.5586445381,4257.487503958429,4299.072265625,137916.0
2025-06-30,4335.706577253325,4355.409737216443,4273.725381741815,4347.98388671875,271888.0
2025-07-01,4356.498532969084,4397.093178389933,4314.220501551721,4332.53759765625,365171.0
2025-07-02,4332.5379959579805,4345.310845503254,4227.784192257342,4259.86376953125,139098.0
2025-07-03,4259.863717757787,4282.735433571306,4210.160316056796,4219.46728515625,140745.0
2025-07-04,4256.4973767992005,4274.022576826298,4198.080687980602,4223.03173828125,58985.0
2025-07-07,4227.784127957654,4250.4576276439975,4197.288829268659,4231.3486328125,67070.0
2025-07-08,4227.784523226726,4241.942952487377,4135.208913643191,4154.615234375,178168.0
2025-07-09,4183.229247494921,4183.229247494921,4142.634596809171,4153.22900390625,131005.0
2025-07-10,4158.476278254869,4197.090700838664,4099.16858231052,4108.1787109375,59546.0
2025-07-11,4112.237704567918,4137.5847037669255,4036.692247114309,4073.524658203125,106582.0
2025-07-14,4039.662563457563,4089.069124099288,4020.6524350337295,4071.34619140625,263406.0
2025-07-15,4094.118724598551,4208.3777091215,4084.910863774802,4198.57568359375,140399.0
2025-07-16,4198.080557474516,4205.704623566536,4141.248148505122,4194.02099609375,88762.0
2025-07-17,4207.78367410651,4232.635616783893,4180.7537720523815,4223.62548828125,64849.0
2025-07-18,4227.7840663477,4227.7840663477,4152.733666701311,4174.912109375,178120.0
2025-07-21,4176.397739172003,4305.904388121501,4130.753411353858,4158.6748046875,226221.0
2025-07-22,4203.031310268501,4203.031310268501,4012.335376037644,4047.6826171875,429794.0
2025-07-23,4051.7418021572025,4150.85200344708,4017.186942936093,4092.534423828125,249937.0
2025-07-24,4079.266810525892,4217.8826730194905,3979.760423521559,4200.75390625,562779.0
2025-07-25,4159.664255942023,4299.36885804583,4111.445544078488,4269.07177734375,441380.0
2025-07-28,4235.507038525574,4318.577942086287,4197.28904688113,4253.13134765625,209022.0
2025-07-29,4268.378694776122,4331.745949813392,4257.685663870098,4282.63623046875,242347.0
2025-07-30,4295.112030600418,4295.112030600418,4203.823379583721,4236.8935546875,121793.0
2025-07-31,4217.883113839745,4286.992836267144,4195.407346119215,4264.3193359375,158166.0
2025-08-01,4272.240086725835,4297.883926337306,4193.130125094272,4207.0908203125,86273.0
2025-08-04,4188.179741892552,4260.1611804834365,4153.723988461345,4248.57666015625,101812.0
2025-08-05,4248.576365329193,4260.061776827179,4201.842822042405,4226.19970703125,41508.0
2025-08-06,4225.803772503268,4230.358390598317,4111.247464670343,4142.43603515625,232677.0
2025-08-07,4138.673927290421,4152.238673974303,4063.227094373128,4135.50537109375,146642.0
2025-08-08,4114.910955287766,4133.723108355733,4075.801479172784,4109.46533203125,144702.0
2025-08-11,4109.960681739132,4316.399323546554,4098.57437775455,4311.64697265625,201475.0
2025-08-12,4286.201149135342,4304.221407408137,4164.318086064682,4178.08056640625,126898.0
2025-08-13,4178.278238553779,4297.09183775436,4178.278238553779,4257.4873046875,283201.0
2025-08-14,4257.487028059384,4297.09155855296,4223.129904474711,4255.2099609375,211708.0
2025-08-18,4277.1907398905405,4472.342185892669,4277.1907398905405,4451.5498046875,269556.0
2025-08-19,4485.213804232365,4570.26445054018,4429.074179791241,4552.640625,289685.0
2025-08-20,4519.471336725773,4570.164848408275,4488.282767286807,4496.69873046875,139786.0
2025-08-21,4507.1943313816855,4602.442948667522,4477.787770551767,4531.15478515625,301906.0
2025-08-22,4505.115098405821,4612.740135400287,4505.115098405821,4591.94775390625,136020.0
2025-08-25,4594.126379142488,4618.780107201862,4540.759361213474,4585.41357421875,107201.0
2025-08-26,4585.21482752978,4613.532165435684,4510.164430557856,4529.17431640625,168139.0
2025-08-28,4527.788338394021,4563.3333108806855,4439.668250461139,4461.94580078125,111504.0
2025-08-29,4461.945433819175,4476.202968160713,4407.489204181973,4426.99462890625,105834.0
2025-09-01,4428.777445328786,4538.680037868802,4428.777445328786,4529.57080078125,54770.0
2025-09-02,4529.570356301555,4581.749523183177,4500.065171878453,4545.9072265625,84896.0
2025-09-03,4544.620681067467,4595.116466412661,4506.006256979965,4585.21533203125,119399.0
2025-09-04,4589.17569625478,4596.799762961261,4503.431777493754,4544.521484375,74360.0
2025-09-05,4551.452270348414,4584.225121144987,4499.273583339853,4532.4423828125,47524.0
2025-09-08,4532.442049502472,4543.3332962895765,4400.954707309516,4417.8857421875,213671.0
2025-09-09,4412.935325957984,4430.658258734276,4249.566618580136,4335.21142578125,212205.0
2025-09-10,4262.4381960787,4343.429278989682,4209.268913003929,4240.16064453125,581572.0
2025-09-11,4247.586272222109,4338.379859814057,4233.229628644668,4310.26025390625,116333.0
2025-09-12,4313.03308368738,4503.530805388793,4313.03308368738,4487.88720703125,307480.0
2025-09-15,4485.312768001892,4493.926464428893,4410.955155667885,4451.5498046875,65475.0
2025-09-16,4445.609246169369,4586.205351504792,4429.173266742211,4548.48193359375,214415.0
2025-09-17,4546.303897896692,4582.640769650247,4456.500419021882,4463.92626953125,149641.0
2025-09-18,4503.728907796383,4503.728907796383,4415.905657944093,4431.05419921875,58444.0
2025-09-19,4431.7470593711005,4448.2821445961,4358.478676352008,4367.78564453125,174009.0
2025-09-22,4367.785745151866,4401.350489563363,4318.874244484177,4328.67626953125,47757.0
2025-09-23,4346.59775975022,4353.924502107786,4277.784879499049,4283.52734375,92703.0
2025-09-24,4287.19076315434,4339.171713515912,4262.437929648831,4305.90380859375,89655.0
2025-09-25,4305.904166038405,4340.558135822838,4214.31867446526,4228.87353515625,123469.0
2025-09-26,4228.873466912919,4298.874194675546,4179.268688559791,4192.33837890625,198687.0
2025-09-29,4192.139724946664,4214.912330915906,4150.059909568715,4176.79296875,137451.0
2025-09-30,4176.793591013662,4223.823979913307,4107.485649477345,4177.8828125,397074.0
2025-10-01,4164.416546000538,4201.050738155084,4119.366390783462,4148.77294921875,51242.0
2025-10-03,4148.575139077276,4181.248881222753,4100.851479895388,4168.08056640625,171752.0
2025-10-06,4166.5951919547215,4175.506212102803,4109.56456631624,4130.4560546875,51705.0
2025-10-07,4137.485798991307,4251.447951229625,4137.485798991307,4185.1103515625,155036.0
2025-10-08,4168.377057174534,4182.733700245562,4101.0493517379855,4113.32666015625,116555.0
2025-10-09,4145.307633559808,4156.693936748966,4071.94013979804,4137.4853515625,52464.0
2025-10-10,4136.693709463777,4222.833573686694,4120.6536792959205,4195.50634765625,115703.0
2025-10-13,4109.069474958359,4231.051148550237,4109.069474958359,4222.04150390625,51444.0
2025-10-14,4217.882882787892,4240.061325199118,4119.861660863948,4126.59423828125,43736.0
2025-10-15,4128.772373110855,4183.2286034516455,4118.87124032162,4156.00048828125,75387.0
2025-10-16,4178.278325596821,4206.00149932116,4158.476058650865,4198.27880859375,29283.0
2025-10-17,4198.278937799173,4223.823669564104,4137.683805698169,4167.38720703125,43475.0
2025-10-20,4202.041179407292,4202.041179407292,4142.337536050296,4151.4462890625,45131.0
2025-10-21,4151.445986391404,4168.37702062436,4139.762842755482,4148.970703125,6931.0
2025-10-23,4164.416682585898,4170.852419256561,4099.069202545321,4109.96044921875,96465.0
2025-10-24,4119.663612369444,4133.426575295712,3862.432346239791,3964.116943359375,716862.0
2025-10-27,3930.750076002189,4024.216681370525,3846.788413942707,3961.344482421875,987205.0
2025-10-28,3920.8490604503127,3960.2556220800175,3772.3320505847705,3776.490478515625,1649586.0
2025-10-29,3782.133930358473,3820.352402777418,3773.3220181378097,3811.243408203125,528787.0
2025-10-30,3816.8870487671743,3823.916950398594,3760.252612238499,3771.638916015625,401882.0
2025-10-31,3784.213450435451,3800.94627036226,3751.836790295945,3774.807373046875,233131.0
2025-11-03,3773.317750250509,3911.3417416412512,3761.501404792635,3901.908447265625,316701.0
2025-11-04,3901.411882100285,3920.2784704840738,3835.478217561165,3861.295654296875,100488.0
2025-11-06,3870.629530912986,3875.296480579407,3805.6888450919128,3818.10107421875,200648.0
2025-11-07,3811.944468749787,3821.874252192232,3738.5634660806577,3804.298583984375,220703.0
2025-11-10,3811.944530363458,3876.488123782591,3798.0428333193368,3839.350830078125,169752.0
2025-11-11,3839.350697406464,3863.6786663930047,3788.1129188152927,3846.99658203125,126103.0
2025-11-12,3852.7559798173424,3910.34872384554,3826.442053666528,3886.815185546875,106866.0
2025-11-13,3887.5102202031208,3887.5102202031208,3776.296645576621,3805.093017578125,312787.0
2025-11-14,3805.092877349709,3805.092877349709,3666.473008542527,3683.7509765625,346218.0
2025-11-17,3653.167248147869,3684.247518124585,3586.8362477255846,3600.241455078125,441046.0
2025-11-18,3603.518343001394,3629.335779462688,3570.750058262059,3592.99267578125,173788.0
2025-11-19,3609.4762024418687,3610.7671227464434,3546.422078960422,3565.78515625,206982.0
2025-11-20,3584.1554115148424,3589.616792526986,3522.2928108374736,3543.641845703125,213608.0
2025-11-21,3541.953771204417,3541.953771204417,3439.08111726814,3450.897705078125,347471.0
2025-11-24,3464.9979594253577,3464.9979594253577,3396.8795475052298,3408.398193359375,445302.0
2025-11-25,3420.810286787764,3434.910530340923,3393.999872348498,3403.234619140625,139324.0
2025-11-26,3585.148360947254,3585.148360947254,3378.112373339581,3439.57763671875,260828.0
2025-11-27,3434.7119542811315,3434.7119542811315,3377.516306987786,3392.907470703125,221239.0
2025-11-28,3395.9858879869944,3396.978866316815,3360.238668113447,3367.785400390625,208536.0
2025-12-01,3376.126261082059,3383.573598422681,3298.872499916736,3311.086181640625,477985.0
2025-12-02,3310.887628797575,3332.931698802824,3287.2546965251745,3308.703125,134251.0
2025-12-03,3308.6037285236725,3316.547555002721,3265.3097772423207,3274.24658203125,159519.0
2025-12-04,3261.933713019941,3321.5124109746434,3261.933713019941,3317.639892578125,62801.0
2025-12-05,3317.739244966233,3360.238767221325,3257.4655070536514,3347.429443359375,571062.0
2025-12-08,3328.463490971886,3331.5418208845576,3286.7583994978945,3324.888671875,279616.0
2025-12-09,3324.4914071976023,3324.888501554088,3278.218520628674,3306.220703125,77489.0
2025-12-10,3324.4914750340654,3330.1514030743906,3255.4794805553115,3273.948974609375,80444.0
2025-12-11,3258.954891353948,3266.302834053127,3159.6570579793606,3211.490478515625,397486.0
2025-12-12,3211.291989783552,3241.8757715048564,3188.8505820618934,3198.482666015625,57392.0
2025-12-15,3207.8165451460186,3265.806383552827,3159.7564901942364,3249.025146484375,554912.0
2025-12-16,3261.9339079839747,3396.879569946467,3261.9339079839747,3381.8857421875,902022.0
2025-12-17,3375.232861026784,3375.232861026784,3299.7665052066336,3321.711181640625,256897.0
2025-12-18,3321.7110173575056,3331.640800526951,3299.8654943847264,3317.441162109375,160105.0
2025-12-19,3316.547651165889,3359.841603702548,3303.738327567556,3344.450439453125,305064.0
2025-12-22,3356.2666547080826,3374.1402641118534,3311.682025999213,3319.228515625,68046.0
2025-12-23,3316.547726582892,3352.9899839555824,3282.985009487291,3327.37109375,152437.0
2025-12-24,3336.4072762331684,3339.3862113012337,3291.0282138482444,3296.986083984375,77105.0
2025-12-26,3299.6669527691474,3308.206663279805,3242.0742102892764,3250.117431640625,85228.0
2025-12-29,3250.1175300718373,3283.7793991219287,3233.733387318432,3252.9970703125,64403.0
2025-12-30,3252.997096752474,3276.828577314763,3238.3009685871243,3251.30908203125,158800.0
2025-12-31,3252.996970772353,3356.068168697846,3252.996970772353,3330.250732421875,243761.0
2026-01-01,3343.358034857094,3474.431174328771,3337.0030705199165,3459.93359375,379188.0
2026-01-02,3475.82134750244,3514.150409093214,3460.033088580193,3509.284912109375,231479.0
2026-01-05,3515.1432098352866,3599.446971202324,3505.014879580352,3569.1611328125,282803.0
2026-01-06,3584.15528368552,3622.583496587874,3564.2957170769287,3611.36279296875,175351.0
2026-01-07,3587.2337089069592,3629.43528907285,3560.820387644353,3601.43310546875,103561.0
2026-01-08,3600.5395554628303,3608.185440396495,3514.944868790657,3532.421142578125,106887.0
2026-01-09,3500.347975392169,3549.897496626288,3451.89058485505,3471.253662109375,183964.0
2026-01-12,3467.4803943289485,3510.972894495665,3444.641892304445,3474.13330078125,502803.0
2026-01-13,3476.218656146684,3506.0080066465243,3402.6388634415352,3440.471435546875,205745.0
2026-01-14,3450.599696862689,3487.8363842389053,3425.378144250405,3460.72802734375,231183.0
2026-01-15,3460.72802734375,3460.72802734375,3460.72802734375,3460.72802734375,0.0
2026-01-16,3485.254554180616,3573.729020625377,3448.415203480494,3464.699951171875,301600.0
2026-01-19,3464.699986164629,3485.254589380968,3398.666926350283,3442.953857421875,100352.0
2026-01-20,3444.7413257694807,3456.657066089906,3335.017216985565,3349.01806640625,272913.0
2026-01-21,3335.0171544733985,3371.161469130649,3245.053219769945,3325.1865234375,794428.0
2026-01-22,3318.434132884378,3476.218532544065,3298.67396139263,3463.309814453125,536820.0
2026-01-23,3462.614810129625,3485.353916775656,3414.455361422041,3464.0048828125,360984.0
2026-01-27,3480.3889691790805,3480.488363980408,3397.7732224473166,3420.115234375,260210.0
2026-01-28,3425.8745546856085,3533.413911415685,3425.8745546856085,3488.2333984375,170674.0
2026-01-29,3496.574641045419,3507.199460688509,3441.364948940598,3483.16943359375,146564.0
2026-01-30,3475.424138312492,3508.192423045152,3437.69096195367,3488.829345703125,578316.0
2026-02-02,3460.529420307729,3584.651709414893,3428.3570199416904,3575.516357421875,148477.0
2026-02-03,3611.263542031464,3693.680741207755,3593.588479746943,3654.16015625,511008.0
2026-02-04,3661.011708954826,3725.456148046091,3617.8171515874574,3714.73193359375,367285.0
2026-02-05,3714.731963163735,3732.8041204334977,3668.459075633603,3714.632568359375,153458.0
2026-02-06,3713.7390375313935,3713.7390375313935,3618.1151737214495,3652.770263671875,116106.0
2026-02-09,3676.0057137698377,3711.7529330285392,3622.881374038156,3678.88525390625,236674.0
2026-02-10,3692.886492104607,3796.35478792622,3653.862394374993,3664.78515625,439128.0
2026-02-11,3673.9203482820008,3838.754747566285,3629.435113982499,3822.37060546875,597885.0
2026-02-12,3807.178339640685,3842.7267701714727,3787.0208309101936,3817.207275390625,193500.0
2026-02-13,3801.021650288383,3804.7950164255208,3719.0017857325456,3748.393798828125,82044.0
2026-02-16,3748.393934677767,3866.260660594973,3723.172381166478,3858.515380859375,171503.0
2026-02-17,3872.615409012773,3900.3194068913263,3844.31552717768,3892.077880859375,256640.0
2026-02-18,3892.475014954761,3916.306494638157,3846.003581086868,3907.171142578125,179069.0
2026-02-19,3907.171224889229,3939.244473790746,3838.4571721731286,3846.003662109375,155016.0
2026-02-20,3838.059862126725,3922.165079715353,3829.81809335322,3890.787109375,455886.0
2026-02-23,3890.786955154361,3927.229210595477,3882.545186707539,3912.930419921875,186576.0
2026-02-24,3900.8159438836656,3973.899245366696,3894.758921574173,3933.584228515625,422784.0
2026-02-25,3967.047789478424,4035.463898864119,3950.2663103880654,4024.14404296875,361416.0
2026-02-26,4024.14404456261,4046.1881148249454,3960.494037154166,3979.26123046875,197079.0
2026-02-27,3967.9413509749374,3995.347649468728,3933.981541050962,3947.287353515625,404124.0
2026-03-02,3852.755871782149,4019.576229117045,3823.065917060345,3926.434814453125,513269.0
2026-03-04,3885.127158583201,3905.085877805203,3820.682718719921,3870.828125,368073.0
2026-03-05,3882.545210855439,3936.563134209845,3798.142054097712,3922.462890625,195617.0
2026-03-06,3922.2643673732337,4039.137867252478,3907.965576523475,3919.98046875,181964.0
2026-03-09,3875.19746743608,3959.898328099798,3753.656770003383,3788.808349609375,224138.0
2026-03-10,3833.889231941229,3928.222170826082,3833.889231941229,3906.5751953125,329143.0
2026-03-11,3935.76899381768,4031.392612765484,3910.348651676263,4009.646484375,833617.0
2026-03-12,3986.807967097738,4031.49199163557,3897.5393128249184,4015.306396484375,398294.0
2026-03-13,3977.47401886966,3987.701501530232,3848.2874436588895,3859.210205078125,247814.0
2026-03-16,3838.159130981252,3932.1941289638817,3827.832011045338,3900.021728515625,154649.0
2026-03-17,3900.0218700914174,3942.1240552219865,3837.861328320649,3896.34765625,182453.0
2026-03-18,3872.6154060231775,4000.709607914714,3872.6154060231775,3982.637451171875,282357.0
2026-03-19,3907.369754397091,3932.2936076155015,3805.192380534732,3816.412841796875,108587.0
2026-03-20,3822.9666333921273,3869.537220864726,3793.47522499123,3807.47607421875,190267.0
2026-03-23,3778.084057798269,3778.084057798269,3646.7129741910176,3678.48828125,210951.0
2026-03-24,3723.668834002188,3755.54353619179,3657.139284168016,3728.037841796875,212380.0
2026-03-25,3772.721826564513,3892.078017560108,3746.705842413941,3805.093017578125,393484.0
2026-03-27,3777.885376945971,3828.3284811762537,3701.326652238981,3721.384765625,347157.0
2026-03-30,3654.259631518611,3774.608556046908,3645.620526148341,3718.80322265625,683986.0
2026-04-01,3753.358784098722,3815.8172680341927,3614.441209315624,3632.7119140625,202689.0
2026-04-02,3576.0128040198083,3638.7689841602537,3389.0349414487505,3616.5263671875,494260.0
2026-04-06,3623.576537070888,3697.15632958832,3491.3118696742995,3646.4150390625,224359.0
2026-04-07,3624.370925623312,3777.388984138661,3620.59755946205,3745.911376953125,273661.0
2026-04-08,3913.724662714101,3913.724662714101,3719.299701140324,3761.302490234375,264233.0
2026-04-09,3764.380777635711,3780.169035812735,3679.084037676968,3745.414794921875,269784.0
2026-04-10,3745.414844700627,3798.042695891955,3724.165205529762,3775.70068359375,242366.0
2026-04-13,3748.393919562288,3812.2424766870095,3687.623692328519,3771.232421875,329863.0
2026-04-15,3839.6487075538166,3852.5574260207377,3779.7720649489033,3803.504150390625,157385.0
2026-04-16,3806.979439403503,3808.071812513224,3605.702784786704,3638.073974609375,602516.0
2026-04-17,3634.300605895288,3717.214294581697,3626.5553266105694,3682.95654296875,1177024.0
2026-04-20,3713.739001322916,3725.654741434113,3648.301825516136,3685.737060546875,145589.0
2026-04-21,3666.870476308645,3733.5985725238,3629.7329407963466,3640.8544921875,179930.0
2026-04-22,3625.4633906045137,3711.653718393161,3619.4061256322266,3665.480224609375,266549.0
2026-04-23,3683.056007310721,3687.524409779388,3624.370891251696,3651.479248046875,351905.0
2026-04-24,3640.060114608468,3676.4029770691,3597.6599871912185,3638.272705078125,622295.0
2026-04-27,3675.012855269779,3799.6316375816814,3597.9576387183306,3666.47314453125,1110497.0
2026-04-28,3674.416965756641,3745.216370141936,3591.702063674274,3606.39794921875,560369.0
2026-04-29,3644.72704278955,3701.823298057333,3614.5405978446033,3641.549560546875,324795.0
2026-04-30,3649.1952966572026,3649.493238636077,3509.185354663008,3597.163330078125,302540.0
2026-05-01,3597.163330078125,3597.163330078125,3597.163330078125,3597.163330078125,0.0
2026-05-04,3643.2374510130544,3665.281521201128,3556.053906153038,3594.680908203125,146015.0
2026-05-05,3608.483329585944,3640.159242030314,3578.098095057524,3605.50439453125,132574.0
2026-05-06,3623.377964962061,3703.809210553162,3607.1923695245073,3683.353759765625,303451.0
2026-05-07,3713.739030858485,3719.994842951887,3632.314806117738,3639.166259765625,204661.0
2026-05-08,3649.1952891258593,3667.863329838493,3612.256544480385,3629.236328125,138853.0
2026-05-11,3649.195437088519,3649.195437088519,3575.9135863564093,3591.900634765625,93789.0
2026-05-12,3613.94473407594,3614.341828448613,3500.248712080695,3509.284912109375,112529.0
2026-05-13,3486.346828279763,3545.7269793942346,3466.5866569840614,3496.276611328125,98343.0
2026-05-14,3503.1282169348087,3529.938632330779,3454.571672688204,3484.5595703125,112658.0
2026-05-15,3492.304756835252,3525.5695306066427,3462.713954368268,3484.06298828125,68250.0
2026-05-18,3473.835403579404,3484.3610711839024,3403.6318818929167,3479.5947265625,104903.0
2026-05-19,3475.4242069928227,3479.594667555943,3404.922744508111,3422.101318359375,168782.0
2026-05-20,3405.915596352753,3455.564511751481,3376.126247113516,3443.350830078125,81862.0
2026-05-21,3463.5084879437604,3497.269751874405,3410.880635345992,3442.06005859375,218587.0
2026-05-22,3475.0271239968265,3574.7220531759704,3436.201573615401,3531.031005859375,172744.0
2026-05-25,3540.265627757892,3612.3557078245353,3539.570591424075,3587.53125,84056.0
2026-05-26,3583.857289865656,3599.447000942647,3530.037913620065,3545.826171875,94449.0
2026-05-27,3512.164378038575,3615.136183102244,3512.164378038575,3608.88037109375,78050.0
2026-05-28,3608.88037109375,3608.88037109375,3608.88037109375,3608.88037109375,0.0
2026-05-29,3614.441105769231,3619.4059973980334,3490.418209852249,3524.080078125,452509.0
2026-06-01,3563.7992282252003,3563.7992282252003,3456.061079364116,3495.978759765625,196487.0
2026-06-02,3459.536468277249,3543.8402307087586,3443.748209953412,3528.1513671875,125837.0
2026-06-03,3535.002932092839,3559.827390885626,3489.325927914111,3547.812255859375,67033.0
2026-06-04,3547.812106233704,3659.820108068196,3500.447089339913,3617.221435546875,204194.0
2026-06-05,3617.221572877102,3617.320725256043,3547.117204570757,3576.7080078125,133176.0
2026-06-08,3554.365855426459,3554.365855426459,3455.56451372652,3466.586669921875,134628.0
2026-06-09,3505.213512653952,3513.554433673863,3447.918711371479,3475.126220703125,260175.0
2026-06-10,3476.715053843277,3512.760215484944,3449.606697116418,3464.0048828125,144420.0
2026-06-11,3443.6489241131576,3482.375079834153,3405.6178047531653,3419.618896484375,52870.0
2026-06-12,3436.30096630732,3495.283783177905,3409.887645293445,3460.529541015625,110844.0
2026-06-15,3523.087041428257,3581.573366876018,3495.4821959441983,3525.072998046875,154908.0
2026-06-16,3525.6689560588834,3572.736031938224,3525.6689560588834,3541.65576171875,53697.0
2026-06-17,3541.6557547946472,3562.111205326621,3473.438192130864,3492.80126953125,276981.0
2026-06-18,3505.213578194824,3538.478352945397,3481.0841557860017,3499.752197265625,129836.0
2026-06-19,3482.375018004981,3532.0239347144907,3452.0891788121808,3500.7451171875,183436.0
2026-06-22,3544.9326328515417,3573.729004378907,3505.213499710348,3562.50830078125,117394.0
2026-06-23,3562.508205369959,3620.398888858088,3500.24851432385,3515.540283203125,170453.0
2026-06-24,3517.129198284241,3562.011769720611,3482.4743519967,3535.39990234375,124669.0
2026-06-25,3549.5,3549.699951171875,3406.89990234375,3421.89990234375,546323.0
2026-06-26,3421.89990234375,3421.89990234375,3421.89990234375,3421.89990234375,0.0
2026-06-29,3397.699951171875,3413.0,3176.0,3194.0,669253.0
2026-06-30,3219.89990234375,3219.89990234375,3147.199951171875,3157.800048828125,358225.0
2026-07-01,3181.39990234375,3231.199951171875,3141.0,3221.199951171875,365563.0
2026-07-02,3231.300048828125,3288.39990234375,3210.0,3275.60009765625,360647.0
2026-07-03,3292.0,3309.300048828125,3223.800048828125,3228.699951171875,117412.0
2026-07-06,3245.0,3262.0,3211.10009765625,3234.0,256252.0
2026-07-07,3247.0,3269.5,3169.0,3181.39990234375,270096.0
2026-07-08,3176.10009765625,3208.300048828125,3140.0,3179.39990234375,196587.0
2026-07-09,3180.0,3239.89990234375,3180.0,3228.39990234375,85405.0
2026-07-10,3241.0,3327.39990234375,3230.0,3319.60009765625,174648.0
2026-07-13,3319.60009765625,3344.39990234375,3289.39990234375,3334.60009765625,209558.0
2026-07-14,3285.0,3436.800048828125,3275.10009765625,3427.5,273774.0
2026-07-15,3430.0,3478.0,3409.800048828125,3457.800048828125,329173.0
2026-07-16,3458.39990234375,3538.10009765625,3454.800048828125,3522.699951171875,249000.0
2026-07-17,3527.0,3529.60009765625,3400.5,3433.699951171875,88775.0
2026-07-20,3433.699951171875,3479.5,3424.300048828125,3436.699951171875,49530.0
2026-07-21,3435.0,3435.0,3350.10009765625,3399.10009765625,193552.0
2026-07-22,3390.0,3466.0,3368.10009765625,3452.800048828125,110536.0
2026-07-23,3430.0,3442.800048828125,3401.699951171875,3417.0,47302.0
2026-07-24,3380.10009765625,3499.0,3380.10009765625,3458.89990234375,129919.0
2026-07-27,3483.199951171875,3505.0,3320.0,3338.199951171875,184892.0
2026-07-28,3320.0,3492.800048828125,3297.0,3395.39990234375,704099.0
2026-07-29,3399.10009765625,3507.300048828125,3379.60009765625,3479.300048828125,296570.0
2026-07-30,3487.699951171875,3534.0,3430.0,3459.89990234375,127628.0
2026-07-31,3475.0,3481.10009765625,3430.0,3465.39990234375,137594.0
2026-08-03,3465.39990234375,3539.10009765625,3455.0,3530.0,145252.0
2026-08-04,3530.0,3568.0,3500.0,3501.0,182306.0
2026-08-05,3512.89990234375,3524.0,3460.5,3460.60009765625,137058.0
2026-08-06,3459.199951171875,3525.39990234375,3450.0,3477.0,172388.0
2026-08-07,3477.0,3477.0,3415.300048828125,3442.0,177284.0
2026-08-10,3422.89990234375,3495.0,3403.10009765625,3495.0,97715.0
2026-08-11,3475.10009765625,3489.0,3396.10009765625,3435.0,182104.0
2026-08-12,3419.10009765625,3459.89990234375,3383.0,3459.89990234375,102447.0
2026-08-13,3470.699951171875,3516.60009765625,3425.0,3497.0,149586.0
2026-08-14,3497.0,3585.0,3446.5,3558.89990234375,239576.0
2026-08-17,3590.0,3649.0,3565.0,3590.0,329696.0
2026-08-18,3590.0,3622.800048828125,3580.0,3604.0,105998.0
2026-08-19,3622.89990234375,3635.199951171875,3568.10009765625,3610.0,305616.0
2026-08-20,3611.0,3674.89990234375,3602.0,3650.0,143243.0
2026-08-21,3658.699951171875,3674.800048828125,3606.0,3642.0,154087.0
2026-08-24,3660.0,3660.0,3601.0,3601.0,127773.0
2026-08-25,3588.10009765625,3614.300048828125,3563.300048828125,3593.0,226949.0
2026-08-26,3593.0,3600.0,3540.0,3540.0,155752.0
2026-08-27,3540.0,3633.5,3540.0,3585.0,152254.0
2026-08-28,3615.39990234375,3710.0,3581.10009765625,3636.89990234375,269330.0
2026-08-31,3621.5,3681.0,3559.0,3559.0,580445.0
2026-09-01,3570.0,3661.39990234375,3563.300048828125,3605.0,169663.0
2026-09-02,3580.0,3584.10009765625,3506.0,3530.60009765625,177650.0
2026-09-03,3530.699951171875,3558.39990234375,3472.60009765625,3508.10009765625,243267.0
2026-09-04,3509.89990234375,3526.39990234375,3475.0,3475.0,139232.0
2026-09-07,3475.0,3603.10009765625,3470.10009765625,3598.0,370941.0
2026-09-08,3598.0,3598.0,3521.699951171875,3553.0,151985.0
2026-09-09,3553.0,3561.39990234375,3493.800048828125,3516.89990234375,99750.0
2026-09-10,3502.60009765625,3512.199951171875,3477.10009765625,3510.0,54496.0
2026-09-11,3499.10009765625,3499.10009765625,3364.39990234375,3364.39990234375,130229.0
2026-09-14,3364.39990234375,3364.39990234375,3364.39990234375,3364.39990234375,0.0
2026-09-15,3369.0,3413.89990234375,3300.0,3300.0,157956.0
2026-09-16,3300.0,3346.60009765625,3270.0,3300.0,84649.0
2026-09-17,3300.0,3381.39990234375,3300.0,3344.39990234375,84838.0
2026-09-18,3347.39990234375,3580.300048828125,3347.39990234375,3580.300048828125,469754.0
2026-09-21,3500.0,3563.300048828125,3488.800048828125,3500.0,134302.0
2026-09-22,3495.0,3511.199951171875,3435.89990234375,3460.5,194956.0
2026-09-23,3477.8,3513.0,3465.1,3497.1,78063.0
