Date,Open,High,Low,Close,Volume
2021-09-23,1358.9439369128602,1382.2934890934937,1353.3400443895082,1365.4818115234375,458922.0
2021-09-24,1370.525483275747,1370.525483275747,1321.631538614652,1340.59130859375,139046.0
2021-09-27,1354.2743230784338,1354.2743230784338,1326.2548543250869,1331.7186279296875,158067.0
2021-09-28,1331.718439395957,1353.3401491919012,1284.2254693849995,1303.698974609375,112774.0
2021-09-29,1307.6684536792077,1326.3014669513352,1303.979269598712,1316.7281494140625,189896.0
2021-09-30,1316.0743196450317,1325.3675111144198,1285.8600177165313,1299.8697509765625,169039.0
2021-10-01,1301.7843958732235,1323.452736641299,1288.89539630557,1317.52197265625,156580.0
2021-10-04,1326.254724359085,1353.3402081664185,1307.6684557717529,1335.080810546875,205131.0
2021-10-05,1349.5108862988811,1372.767065583335,1343.8602484566502,1355.441650390625,250426.0
2021-10-06,1363.5206677271842,1418.718994205698,1335.59457650701,1379.9119873046875,355060.0
2021-10-07,1391.6334455901049,1391.6334455901049,1359.0374447669367,1373.6075439453125,262504.0
2021-10-08,1376.3629552356326,1379.8186439302224,1352.4530326165016,1361.88623046875,127554.0
2021-10-11,1354.3674505261215,1364.2676382039845,1326.7683472642648,1338.5831298828125,221580.0
2021-10-12,1347.7362418237203,1349.5108307101943,1296.4139683096664,1301.2706298828125,180783.0
2021-10-13,1302.905138875102,1400.9732676076364,1302.905138875102,1359.8780517578125,565097.0
2021-10-14,1379.491791703966,1382.293738471137,1332.092192225986,1344.9344482421875,168722.0
2021-10-18,1386.0296118628016,1417.0845206191616,1356.6091719883557,1363.8475341796875,652808.0
2021-10-19,1382.2937054863644,1438.3326394925684,1368.2839719848134,1398.358154296875,845994.0
2021-10-20,1408.4450846967263,1418.7188883649385,1308.6957452953052,1346.9423828125,340905.0
2021-10-21,1382.29362468092,1419.6529118344583,1307.5750503738432,1332.4656982421875,1082843.0
2021-10-22,1352.4527844149172,1361.6991157147754,1281.5167776684368,1296.8341064453125,426017.0
2021-10-25,1326.2547051838694,1326.2547051838694,1237.573142156631,1246.9595947265625,272362.0
2021-10-26,1258.9612450570107,1301.9711704308647,1249.9950388520388,1268.6746826171875,159984.0
2021-10-27,1275.819717999354,1288.7553489996092,1242.1963579349492,1247.3800048828125,267266.0
2021-10-28,1251.489406223457,1256.7197977649355,1215.2042204705722,1220.8548583984375,210716.0
2021-10-29,1221.4621167047253,1244.9516807089788,1207.9660038511156,1221.0885009765625,297187.0
2021-11-01,1214.176876359233,1214.176876359233,1175.883605643288,1181.0205078125,407981.0
2021-11-02,1191.154312385264,1213.243016747284,1188.0254944592343,1198.1591796875,259784.0
2021-11-03,1208.4795366657015,1211.3748585523097,1161.87380419358,1192.9287109375,265721.0
2021-11-04,1209.507022932225,1236.59250838785,1179.0592241533752,1223.7969970703125,79442.0
2021-11-08,1225.1979423900275,1228.1398952232655,1186.437679608662,1197.3184814453125,296073.0
2021-11-09,1198.906191438332,1210.347472602038,1175.2763977976729,1184.6629638671875,241771.0
2021-11-10,1186.1573574136107,1187.0913395848029,1153.3746060070769,1158.83837890625,213932.0
2021-11-11,1159.258683858107,1186.1574173522704,1151.8803155420455,1155.98974609375,241188.0
2021-11-12,1158.604849908538,1167.337560154724,1133.9944432105624,1144.82861328125,450710.0
2021-11-15,1152.5339686745092,1156.269897260164,1131.6127457925436,1135.7222900390625,181319.0
2021-11-16,1139.4582661326797,1155.8496990902524,1121.899355443413,1128.1571044921875,223836.0
2021-11-17,1128.25048425336,1174.6693534396484,1128.25048425336,1164.7691650390625,255852.0
2021-11-18,1171.8207480602618,1188.3055561021122,1139.4582431871156,1177.051025390625,389045.0
2021-11-22,1179.6194481654643,1184.4294790105594,1130.1183945211494,1141.4195556640625,214763.0
2021-11-23,1139.4583698107622,1161.827199580723,1130.1185471073952,1152.0203857421875,284851.0
2021-11-24,1157.9044961856273,1178.685601279501,1150.5727583143594,1163.2281494140625,368193.0
2021-11-25,1163.2280753204532,1213.2428673022948,1155.8497072134944,1208.1527099609375,3071326.0
2021-11-26,1190.8273846542695,1241.2624268278623,1170.5132704454618,1212.4957275390625,938335.0
2021-11-29,1219.7808194134557,1227.205932701914,1167.9915492167745,1198.6260986328125,362155.0
2021-11-30,1198.6259792500423,1227.1124350591328,1198.6259792500423,1213.476318359375,459543.0
2021-12-01,1237.526390705919,1241.2623194325784,1181.720955351445,1192.088134765625,411702.0
2021-12-02,1191.761335803954,1222.5827496609531,1186.157442375409,1191.5745849609375,610446.0
2021-12-03,1194.563212330502,1240.32833930798,1188.025337048005,1217.2122802734375,440498.0
2021-12-06,1222.5826866161683,1231.8757638013562,1188.8192076479604,1207.0318603515625,302455.0
2021-12-07,1212.9160028653464,1267.227090420017,1203.4828054784984,1252.7969970703125,917670.0
2021-12-08,1270.2156622026016,1282.4041742717145,1260.8758411569945,1268.7679443359375,466515.0
2021-12-09,1279.3687744140625,1290.1095689689676,1260.8758825323252,1279.3687744140625,255062.0
2021-12-10,1279.5556377495172,1302.8118177634694,1260.9693688222424,1299.8697509765625,281714.0
2021-12-13,1302.9051254700637,1369.8716013681203,1291.603964029934,1360.8587646484375,558702.0
2021-12-14,1372.953720623506,1404.1487463297667,1340.8247127943723,1349.977783203125,1221855.0
2021-12-15,1356.1421297140112,1363.5672424642514,1316.9148780280686,1321.1177978515625,791700.0
2021-12-16,1327.0021280287767,1354.2743662127311,1271.3834351772966,1280.676513671875,367768.0
2021-12-17,1288.475247090034,1288.475247090034,1223.5167365778088,1264.7987060546875,395470.0
2021-12-20,1245.4655064174108,1255.6925678958698,1197.505533903229,1224.2174072265625,314808.0
2021-12-21,1238.4603137847746,1273.8115148714307,1221.0415241256994,1266.8533935546875,298616.0
2021-12-22,1276.753737249223,1306.3142982987351,1253.4041809718046,1302.625,488220.0
2021-12-23,1306.6411385532183,1326.2547653649535,1286.7940161842005,1303.465576171875,308354.0
2021-12-24,1309.3963051573137,1329.990658357976,1279.5556193472105,1284.8326416015625,236195.0
2021-12-27,1287.9613841813623,1298.2351878260288,1264.7519505682098,1273.9049072265625,162999.0
2021-12-28,1284.599179047077,1300.1032612278098,1279.7891477711253,1288.568603515625,297095.0
2021-12-29,1296.273751917756,1323.4526076494024,1280.6761827714547,1308.3221435546875,380830.0
2021-12-30,1308.0421645988486,1321.5849074668838,1280.723183296088,1305.10009765625,291883.0
2021-12-31,1314.953518358688,1400.039271140725,1312.2916919796987,1367.7701416015625,2793690.0
2022-01-03,1371.0858718546394,1381.3596760715338,1344.1405081426296,1349.884521484375,403575.0
2022-01-04,1353.807230768041,1368.050459653321,1308.742588557239,1327.37548828125,1225469.0
2022-01-05,1327.1886561433892,1441.274600372792,1312.7586773022338,1403.07470703125,2827021.0
2022-01-06,1400.9733652866282,1432.2150257279184,1374.5883669070631,1383.601318359375,1631797.0
2022-01-07,1391.633544598716,1393.9685002104588,1349.6510883041822,1366.5093994140625,734840.0
2022-01-10,1377.6237454752063,1403.4016314017988,1368.2839234719847,1387.5706787109375,519905.0
2022-01-11,1389.5788639263883,1402.1876245443102,1369.2180048795117,1381.6400146484375,1297785.0
2022-01-12,1386.9168092600091,1482.2297374794662,1376.12938335822,1454.864013671875,3723084.0
2022-01-13,1464.8109527760553,1472.9366662797322,1435.1103873809384,1443.469482421875,984456.0
2022-01-14,1446.4581548265994,1463.550074304699,1435.530608938304,1443.2359619140625,915219.0
2022-01-17,1443.6095996023942,1486.8529067370762,1438.3325774089517,1449.166748046875,1414763.0
2022-01-18,1455.9848488567209,1461.3085016987898,1377.063354340332,1387.3837890625,937640.0
2022-01-19,1382.2936576235338,1438.332589689353,1316.914903546745,1423.0152587890625,969255.0
2022-01-20,1384.161582761362,1408.351743885874,1343.8602291249515,1354.08740234375,1714708.0
2022-01-21,1348.6702909534204,1355.0214154904872,1265.5458755137704,1283.618408203125,1229939.0
2022-01-24,1283.618376304535,1283.618376304535,1188.212074556725,1207.9658203125,1304711.0
2022-01-25,1194.6098612477283,1223.5165618955514,1153.5146484817712,1207.171875,1392034.0
2022-01-27,1209.5071023032522,1212.2623045378705,1168.4118802944931,1193.7227783203125,837894.0
2022-01-28,1212.7291980063678,1241.215656422275,1176.8176263620635,1183.682373046875,848119.0
2022-01-31,1202.9690162291774,1216.8386284354217,1190.827248208231,1198.579345703125,377823.0
2022-02-01,1213.2428531159414,1226.3186036499085,1188.1187096448054,1219.453857421875,424481.0
2022-02-02,1228.186623545418,1234.5843789722328,1214.1768901969915,1225.7115478515625,765713.0
2022-02-03,1231.8291494999528,1240.9821066762188,1206.705005454066,1217.44580078125,563851.0
2022-02-04,1210.4409037307032,1233.697082785236,1202.9690463002669,1225.151123046875,461335.0
2022-02-07,1229.58749912578,1229.58749912578,1184.2893649004852,1191.6678466796875,358386.0
2022-02-08,1188.258911358606,1216.0448831510355,1172.661453469642,1184.80322265625,532828.0
2022-02-09,1195.3103862010669,1208.2926467142452,1188.212030740793,1199.5599365234375,201937.0
2022-02-10,1204.9770240923012,1225.3845100899005,1193.6291188223267,1220.714599609375,342830.0
2022-02-11,1217.912825903847,1217.912825903847,1167.477785567338,1172.0543212890625,310184.0
2022-02-14,1157.2039844953206,1177.751593582405,1121.8060351293618,1131.0057373046875,568830.0
2022-02-15,1135.7223891782414,1186.1574294871436,1107.5628022034705,1182.374755859375,437885.0
2022-02-16,1190.827259477345,1190.827259477345,1163.9285275410234,1172.4278564453125,464194.0
2022-02-17,1180.2266977484055,1182.374788525118,1149.8255297843716,1160.93994140625,388915.0
2022-02-18,1153.4680619355593,1167.4777954813353,1145.0622218080937,1155.0557861328125,311006.0
2022-02-21,1149.779032996531,1162.294305445211,1127.8770781883031,1151.9271240234375,285832.0
2022-02-22,1127.316653791191,1147.8642647136485,1097.5225951513248,1139.9254150390625,376638.0
2022-02-23,1140.4390487184694,1156.1766265078472,1126.7094415164538,1134.414794921875,204207.0
2022-02-24,1099.2970602655987,1113.5870336714424,1052.3177095366489,1059.883056640625,699330.0
2022-02-25,1075.0136129630205,1122.5533342013064,1066.3742768032394,1099.6240234375,339236.0
2022-02-28,1094.6271000323525,1111.2052835012726,1072.2115280180385,1105.1343994140625,713268.0
2022-03-02,1101.1649781586214,1125.4952592857233,1092.7591386306929,1099.4837646484375,555169.0
2022-03-03,1109.29069323665,1120.7787207287222,1079.9169965354877,1089.070068359375,451613.0
2022-03-04,1089.817089389638,1089.817089389638,1057.2678330558967,1068.802490234375,312460.0
2022-03-07,1041.4368014974675,1066.6543185676508,1013.3705933758724,1055.446533203125,418415.0
2022-03-08,1057.3147102238615,1071.8380666081118,1042.3242486772588,1063.152099609375,280011.0
2022-03-09,1072.9121330524313,1095.5612031081628,1058.201912294585,1083.41943359375,424030.0
2022-03-10,1107.7029075187354,1107.7029075187354,1068.4756544700112,1080.5240478515625,371965.0
2022-03-11,1087.9026068721037,1092.4323981341454,1067.5884922536557,1070.9508056640625,267547.0
2022-03-14,1064.7396959764214,1083.4193397654817,1050.7767078486982,1071.137451171875,502613.0
2022-03-15,1074.0795015115923,1086.1745250761896,1044.7524384071503,1050.403076171875,371130.0
2022-03-16,1060.069824636352,1107.4694225220744,1060.069824636352,1092.0587158203125,1020810.0
2022-03-17,1121.7126840165042,1121.7126840165042,1075.3871871458505,1080.9443359375,948146.0
2022-03-21,1081.2246049630205,1090.0974365878872,1068.7559643766938,1072.02490234375,334496.0
2022-03-22,1074.9667052429088,1077.441780731897,1047.7412168985124,1067.2613525390625,380821.0
2022-03-23,1071.2775323017845,1115.8284355121784,1067.9618500453375,1106.1151123046875,886196.0
2022-03-24,1103.2663031227512,1107.329102262113,1078.0955323301728,1087.948974609375,612810.0
2022-03-25,1093.6931458630315,1101.2117481065695,1079.9636532573943,1089.3968505859375,486092.0
2022-03-28,1095.4677295038332,1103.359833376281,1055.3998708949894,1080.1971435546875,501828.0
2022-03-29,1084.35341104461,1088.089340109363,1069.9234306366038,1077.6754150390625,525621.0
2022-03-30,1083.4194865130785,1090.7979696114614,1075.994372705805,1081.5982666015625,794522.0
2022-03-31,1089.9573152320324,1154.4020922251862,1082.4854570299276,1147.4906005859375,2658948.0
2022-04-01,1148.7981559073746,1191.621218835442,1139.4583335016234,1157.3441162109375,1813614.0
2022-04-04,1157.951219437011,1167.1509216405575,1144.314987610005,1153.8416748046875,661811.0
2022-04-05,1161.3135294718725,1178.685576175808,1146.0429427888523,1159.5389404296875,794674.0
2022-04-06,1156.7370405318882,1202.9691628623916,1153.4681025893274,1183.962646484375,1515622.0
2022-04-07,1181.4874901828996,1255.2720844314758,1170.7466948176004,1240.328369140625,1883356.0
2022-04-08,1270.2158544659203,1308.3223757045,1244.111096296756,1260.2222900390625,4001182.0
2022-04-11,1265.5459305143704,1284.2255752452097,1238.553821076007,1247.5667724609375,698320.0
2022-04-12,1247.5667064776112,1254.4314527508202,1195.5905749607475,1229.821044921875,1102759.0
2022-04-13,1230.9885735331743,1243.270462604034,1206.518284823231,1216.55859375,387696.0
2022-04-18,1202.0351596649386,1231.9225917622796,1181.4875500980163,1221.4620361328125,536533.0
2022-04-19,1237.5263962178667,1242.1963071469906,1168.4117144668312,1197.8321533203125,761385.0
2022-04-20,1195.4972457324222,1232.0159278583544,1182.3747498914618,1225.7115478515625,754984.0
2022-04-21,1236.5924885432917,1236.5924885432917,1192.9288187250145,1197.365234375,666921.0
2022-04-22,1157.2039771123846,1189.986730417142,1146.976917350254,1152.62744140625,1231435.0
2022-04-25,1156.1766619901537,1156.1766619901537,1038.5882727012618,1045.5931396484375,2873081.0
2022-04-26,1065.673742578564,1069.082800578421,1016.1726835455544,1031.7235107421875,2131036.0
2022-04-27,1031.7700500406384,1052.504522469735,1004.03082539932,1006.8795166015624,1119620.0
2022-04-28,1017.1532509049669,1024.111371940552,999.6410865420984,1013.6974487304688,844587.0
2022-04-29,1022.6172680751872,1035.5061557234123,1006.3192081347944,1022.24365234375,757799.0
2022-05-02,1008.7475943769598,1019.9553815953924,979.187032786042,1011.9697875976562,569417.0
2022-05-04,1018.0405814568792,1023.5977298519762,963.2158728123784,969.9872436523438,613028.0
2022-05-05,987.7328856394496,1047.9279906568045,940.9403449013256,953.2689208984376,597075.0
2022-05-06,939.5861157091288,989.647540026122,933.748726819286,969.2400512695312,1125162.0
2022-05-09,960.7874424953797,973.8631932812256,941.454056580907,955.3236694335938,578547.0
2022-05-10,951.7278474797336,974.0966752285592,926.1367127824932,935.7567749023438,487168.0
2022-05-11,946.4975247749998,956.8179590292438,891.392578439506,908.5311279296876,690092.0
2022-05-12,902.4135673842552,912.5005632327618,884.7145941885707,909.7919921875,607197.0
2022-05-13,924.642318354141,928.3782469131476,890.2250993065908,901.10595703125,602775.0
2022-05-16,912.9208945448383,918.2912920875016,892.7001575166853,906.0560913085938,316654.0
2022-05-17,911.2864783952352,943.1352498170796,907.83073272343,941.3607177734376,398471.0
2022-05-18,947.945267403199,950.2335352477256,908.8113895080508,919.5521850585938,671198.0
2022-05-19,901.1060244577244,915.8629319688572,886.9094834700747,909.1383056640624,572240.0
2022-05-20,915.5360453586004,926.4636484258516,907.73731684364,916.42333984375,294311.0
2022-05-23,916.4233863911086,923.6150610489068,904.3283049674144,908.2977294921876,290182.0
2022-05-24,911.2865098609836,913.6681532421148,893.0271679313054,901.66650390625,332407.0
2022-05-25,904.0481032093847,907.8307198074322,872.10589981501,877.2894897460938,421298.0
2022-05-26,877.663041606679,884.4810999304424,846.4680148575201,881.2588500976562,625692.0
2022-05-27,889.1044079736579,924.6424209325936,888.0303055914858,914.6021118164062,553467.0
2022-05-30,926.510362641892,947.9919537112104,916.4233660626668,938.3719482421876,639756.0
2022-05-31,937.4379560669448,937.718139328941,917.6375218034708,920.0191650390624,949422.0
2022-06-01,923.7083829201406,926.9773205745596,897.6502571011861,906.6632080078124,660008.0
2022-06-02,909.4651379000755,910.6326156123991,898.8644630744765,904.7952270507812,469199.0
2022-06-03,905.9626993250704,932.0675122170812,888.8241494133331,892.1864624023438,2102715.0
2022-06-06,891.9530485440719,895.6889775432093,872.8531001348309,879.811279296875,329384.0
2022-06-07,873.2734492440715,888.8709650327905,865.8949662823809,869.3973999023438,624350.0
2022-06-08,871.4053834992061,875.841798902873,852.8658598251293,859.310302734375,563767.0
2022-06-09,855.9946562154215,900.5456169907943,852.0719197121391,895.081787109375,727623.0
2022-06-10,895.4159570672855,914.5079817382298,883.960742264719,905.4392700195312,700910.0
2022-06-13,893.697703042584,900.5230670302465,874.9397651504673,879.47412109375,517357.0
2022-06-14,877.2785305966096,904.7233159661988,873.4601256756233,879.1400146484375,464531.0
2022-06-15,878.2331369414605,881.9083283936192,817.3773081588322,835.6101684570312,2951944.0
2022-06-16,854.3681487165179,862.9595602678572,828.0211765981062,835.276123046875,1303796.0
2022-06-17,831.1235769415351,846.588070120994,819.0478481818776,830.55078125,679590.0
2022-06-20,838.4740630840557,838.4740630840557,819.0479491346362,831.2191162109375,642289.0
2022-06-21,840.1445047400898,850.5019628656531,836.8988955725587,845.5380249023438,497499.0
2022-06-22,845.5380529109264,855.8000162965233,837.2330104250844,853.4135131835938,485450.0
2022-06-23,853.4134886243195,865.4892173339256,850.3110346667926,861.5753173828125,312336.0
2022-06-24,866.1097717677088,883.9608282237803,863.9619187833638,879.7605590820312,247987.0
2022-06-27,897.3728892047577,901.0481389585782,878.328582703648,887.2064208984375,207964.0
2022-06-28,880.3810246384663,890.6429883303758,868.4485087176414,883.8175659179688,328037.0
2022-06-29,878.2331997708698,893.9841212884995,870.6918261627936,882.672119140625,202250.0
2022-06-30,882.6720780664971,886.6336383356165,863.9618584182758,872.7442016601562,556271.0
2022-07-01,875.7989255157323,894.84323204194,867.6370965085679,892.2180786132812,283046.0
2022-07-04,895.32054249391,909.5917846786224,883.0061629695055,904.5324096679688,225772.0
2022-07-05,906.8711715632668,921.1901900616342,897.5638095393281,906.4415893554688,521843.0
2022-07-06,905.9166262752116,923.0994495343832,901.3822701373748,920.1879272460938,174617.0
2022-07-07,923.0994007956853,938.27758384559,920.2355970703626,933.5045776367188,337993.0
2022-07-08,936.2251800538698,942.191437892602,922.1448115544616,930.306640625,265431.0
2022-07-11,929.7815518732536,962.3812055654676,916.417135316554,953.789794921875,524618.0
2022-07-12,952.596653459791,959.3742993334662,945.1507167640208,948.4918212890624,276566.0
2022-07-13,945.0551662466283,966.3904792698368,935.8910182432631,938.7548217773438,188534.0
2022-07-14,935.5091785767904,954.2193388426329,916.6080864175754,921.3333740234376,386482.0
2022-07-15,921.1901803019268,943.3369403309443,921.1901803019268,938.9457397460938,287638.0
2022-07-18,944.1006072753614,981.9505689819332,942.6687054443069,965.9609985351562,827545.0
2022-07-19,967.9655832014377,973.6931902026296,944.1005540298044,949.9713745117188,524687.0
2022-07-20,964.147242431834,964.147242431834,928.779278508345,934.4591674804688,768426.0
2022-07-21,961.2834070163856,1045.2883124954735,949.8281926328734,1028.200927734375,6074127.0
2022-07-22,1030.9694276952296,1042.6155172115052,998.417545922771,1008.2022094726562,1721722.0
2022-07-25,1007.0088194164202,1032.878488379758,999.1810197352796,1007.6293334960938,805146.0
2022-07-26,1011.7819362853332,1028.8693227784386,987.2009529291432,994.0740356445312,774056.0
2022-07-27,996.6036762236628,999.5152565634818,975.6024493300608,988.2509155273438,487963.0
2022-07-28,997.4628690023576,1002.2835353957038,978.4662808298208,987.10546875,593927.0
2022-07-29,997.4629401861912,1005.7202648901228,986.1031611996854,998.4175415039062,529253.0
2022-08-01,1007.1042996744868,1013.2614310089758,990.9238554048492,1001.5675659179688,481067.0
2022-08-02,1004.383637759482,1023.2846708849222,998.3696038163868,1010.7794189453124,799758.0
2022-08-03,1015.695838554886,1031.9240615393153,1005.4816506996096,1024.621337890625,885938.0
2022-08-04,1031.398799670037,1035.360417877917,984.0029442437526,1003.3336181640624,614855.0
2022-08-05,1004.240431138144,1057.6980966740148,1003.2858299678606,1051.3499755859375,1145421.0
2022-08-08,1044.8111138220454,1053.6889524467258,1032.974034498631,1042.13818359375,461999.0
2022-08-10,1035.169489234544,1049.1066424343496,1026.291652109385,1034.40576171875,371267.0
2022-08-11,1043.95187643865,1057.1730801002743,1037.842405292463,1044.333740234375,407034.0
2022-08-12,1045.2883135859547,1067.5782282914322,1032.8784979908703,1044.715576171875,451379.0
2022-08-16,1049.1066424343496,1051.9704458258902,1025.7189147367687,1034.40576171875,398305.0
2022-08-17,1043.9996386114517,1045.8134042196011,1026.196302705335,1027.0076904296875,270470.0
2022-08-18,1029.1079600124838,1040.5153987358576,1021.7574602144196,1037.078857421875,238323.0
2022-08-19,1041.5653863622745,1089.009137757222,1035.7423421223957,1073.9263916015625,3194343.0
2022-08-22,1078.4608139424229,1113.1605477394553,1069.153451308266,1082.4700927734375,2654954.0
2022-08-23,1078.6993901785988,1103.5667988379096,1064.0462846000084,1098.9368896484375,959418.0
2022-08-24,1097.5049609343314,1121.6086414079589,1094.9753609588831,1115.8333740234375,1029471.0
2022-08-25,1121.6565986475491,1129.9139237220136,1099.414340335314,1104.807861328125,683918.0
2022-08-26,1116.215346351188,1124.1862438979915,1106.1920327043329,1115.0220947265625,457550.0
2022-08-29,1091.538630957289,1127.3361738396404,1083.6631715231713,1111.7762451171875,612350.0
2022-08-30,1122.5633723402152,1152.2037898504109,1118.8881805747233,1147.66943359375,808362.0
2022-09-01,1140.748512248399,1212.7731311174623,1129.436510558158,1199.9815673828125,1477986.0
2022-09-02,1211.9616764697478,1212.2003267729488,1181.796301450848,1188.955810546875,769056.0
2022-09-05,1193.155986331854,1226.041948942209,1189.0034946850185,1207.0931396484375,790938.0
2022-09-06,1210.43446423673,1218.8826625465665,1186.4739945989388,1190.721923828125,436448.0
2022-09-07,1183.7054999272432,1203.5612516987003,1174.1594878310557,1193.2037353515625,322553.0
2022-09-08,1198.4063790077796,1206.5681494135067,1170.6275071797063,1193.4423828125,480532.0
2022-09-09,1199.4087465199657,1202.7976277173857,1181.7963992969237,1192.8697509765625,365671.0
2022-09-12,1197.2608392414074,1213.3936236465377,1185.280663489975,1197.404052734375,306515.0
2022-09-13,1207.522694848434,1219.9802866403008,1154.971970728306,1179.934814453125,1222950.0
2022-09-14,1164.7089425125355,1193.2515427200944,1159.8404995239318,1174.5413818359375,399358.0
2022-09-15,1180.7463122214858,1195.160767824861,1175.1141415274792,1182.8941650390625,318500.0
2022-09-16,1182.8941050509125,1188.6693724170975,1143.1349416050516,1148.862548828125,523995.0
2022-09-19,1150.2945205745702,1157.3585932182334,1125.6657614064802,1139.125732421875,427947.0
2022-09-20,1147.4306100422953,1171.295639369298,1132.4910783778987,1164.2315673828125,480440.0
2022-09-21,1164.852081168353,1184.4691818817744,1151.2012377852343,1153.9696044921875,390072.0
2022-09-22,1153.9220692738868,1170.3411646130216,1148.6717622548235,1153.7310791015625,582217.0
2022-09-23,1167.2864517369533,1167.2864517369533,1104.6645166952048,1115.78564453125,519723.0
2022-09-26,1107.3375697386543,1107.3375697386543,1046.290859811439,1079.4632568359375,656237.0
2022-09-27,1100.130102950581,1102.1825188299722,1055.5024969876133,1065.4781494140625,315509.0
2022-09-28,1061.707521693934,1096.8368962262357,1053.8320609507953,1077.9835205078125,523890.0
2022-09-29,1083.6632897630934,1096.3117562949485,1058.7005603588518,1070.9671630859375,389319.0
2022-09-30,1064.4758409081662,1119.6995004513387,1062.566638389623,1098.55517578125,520598.0
2022-10-03,1106.001134060349,1125.04550148258,1091.4434630351184,1107.3853759765625,367199.0
2022-10-04,1126.1907298177655,1140.6529608426692,1117.9334063951635,1135.68896484375,313405.0
2022-10-06,1145.5215432438065,1153.2537903550065,1119.7473085208203,1128.48193359375,298283.0
2022-10-07,1134.4481498186062,1167.4773297924023,1127.1454269438912,1162.60888671875,685248.0
2022-10-10,1154.4469824429425,1179.6484784006927,1141.655302563856,1164.040771484375,588542.0
2022-10-11,1175.1139703296162,1176.2594450540548,1120.224406321531,1123.135986328125,316866.0
2022-10-12,1129.0067830846144,1133.827565715249,1110.6784868109385,1129.5318603515625,189725.0
2022-10-13,1129.29324271647,1134.257122446693,1085.4770234338648,1112.635498046875,382393.0
2022-10-14,1123.5656275077283,1138.6483732819213,1106.4305823487132,1110.869384765625,330303.0
2022-10-17,1112.110390926139,1149.3398374893316,1111.2035664032935,1141.559814453125,441261.0
2022-10-18,1150.1990319452595,1191.342321173689,1142.562222194146,1181.9871826171875,1678706.0
2022-10-19,1182.751034444165,1191.3424463166407,1142.323691883267,1155.6881103515625,645352.0
2022-10-20,1153.1581889924023,1168.4318073896527,1131.2023625463548,1154.3514404296875,411816.0
2022-10-21,1157.883514819955,1170.3411074774942,1150.2944816561017,1156.4993896484375,211677.0
2022-10-24,1168.431983935308,1174.1595916996966,1147.8602794368203,1170.3411865234375,113871.0
2022-10-25,1173.1570507331874,1186.569243662723,1153.2059796819822,1177.69140625,298589.0
2022-10-27,1178.0733417256413,1191.3423219829076,1159.506394617023,1169.7205810546875,308157.0
2022-10-28,1175.1141443614188,1185.423884522039,1164.613530561276,1182.655517578125,305974.0
2022-10-31,1188.478646251381,1210.1480496559773,1183.7056396399296,1201.7952880859375,768875.0
2022-11-01,1206.5205891100074,1217.116640082679,1198.597351822,1211.8663330078125,296553.0
2022-11-02,1216.1621806294593,1229.3357265286786,1204.7069638574392,1212.2005615234375,492017.0
2022-11-03,1176.0688249932955,1221.6032612976337,1176.0688249932955,1212.2958984375,308442.0
2022-11-04,1212.2958949388103,1239.072508470541,1210.19581865449,1235.3018798828125,439193.0
2022-11-07,1240.981660868522,1249.5730723668426,1233.3448506477928,1243.3681640625,417444.0
2022-11-09,1253.1528950458446,1281.5522845926844,1246.4706857407057,1261.9351806640625,1023689.0
2022-11-10,1260.6941659464983,1265.2285218905745,1245.754633056638,1254.4892578125,389144.0
2022-11-11,1267.7103890260194,1286.3251123588564,1246.9955896721465,1254.2027587890625,622358.0
2022-11-14,1254.8711444142168,1264.8466810610062,1228.5718328494452,1260.83740234375,334116.0
2022-11-15,1254.4892601570662,1275.2994975590552,1250.57541832477,1272.7698974609375,321614.0
2022-11-16,1267.710399310398,1277.256411353398,1238.547285907646,1247.472900390625,323056.0
2022-11-17,1244.800004494075,1249.573010646276,1229.526384807031,1244.609130859375,181492.0
2022-11-18,1252.675470767063,1261.791959173708,1221.8895809349135,1233.869873046875,313416.0
2022-11-21,1198.024513195808,1239.4542288303444,1198.024513195808,1230.7196044921875,189200.0
2022-11-22,1228.0944092667903,1244.3226292104634,1226.5670706954315,1232.294677734375,141938.0
2022-11-23,1232.2947962704882,1247.6638533309974,1226.6626255014016,1234.5380859375,175703.0
2022-11-24,1234.5381519028747,1241.984088778982,1220.457782492036,1229.0491943359375,177117.0
2022-11-25,1230.4809744453344,1244.513565789219,1222.6532910408555,1237.306396484375,268507.0
2022-11-28,1233.4879632922969,1264.3215121203837,1231.7696345217366,1249.954833984375,545982.0
2022-11-29,1254.345956973997,1259.5008266782136,1213.2981060227935,1216.352783203125,525462.0
2022-11-30,1222.4622041274008,1255.3005068518796,1194.2060335146018,1241.17236328125,654220.0
2022-12-01,1246.2319973567578,1255.3007097082625,1231.435677204303,1238.97705078125,234094.0
2022-12-02,1234.2994320781795,1279.070254582998,1231.4356282914553,1261.5533447265625,847039.0
2022-12-05,1271.4333741685862,1292.9595615245426,1258.5462578410472,1263.0328369140625,849892.0
2022-12-06,1260.455491230229,1273.29483120138,1228.7626603807814,1234.1085205078125,386340.0
2022-12-07,1236.208555769361,1237.1631569707274,1205.470443696753,1210.6729736328125,347239.0
2022-12-08,1217.1166701356788,1229.9560111425806,1212.8687409179695,1227.760498046875,241863.0
2022-12-09,1231.4356455697468,1238.642931812185,1199.8383666519082,1211.054931640625,202907.0
2022-12-12,1202.7975333051968,1223.1782459805077,1200.0769431427002,1219.264404296875,150634.0
2022-12-13,1223.7987575599327,1324.031885129194,1221.889555130042,1305.369384765625,3437569.0
2022-12-14,1307.803784067317,1317.3020204132029,1289.3322721746902,1297.8282470703125,954600.0
2022-12-15,1297.7804419321917,1304.6535245461864,1245.0864978156255,1253.15283203125,769451.0
2022-12-16,1253.1526984143788,1258.8803054914963,1221.9849465973705,1243.8453369140625,650205.0
2022-12-19,1244.8000346356737,1262.937458453218,1226.6626108181297,1254.2506103515625,713601.0
2022-12-20,1253.39137391013,1254.155101480487,1227.9990053300585,1243.7021484375,458677.0
2022-12-21,1245.7068074839688,1255.4438097829593,1204.7067319578064,1213.2503662109375,599398.0
2022-12-22,1227.617128753574,1239.0723430187709,1193.394699441992,1208.0955810546875,608629.0
2022-12-23,1200.9361672665227,1205.0886594608871,1132.3479731979328,1154.92431640625,937987.0
2022-12-26,1155.0675541379803,1194.1107699761085,1152.442400605849,1187.8104248046875,424039.0
2022-12-27,1193.251517390854,1226.6625598777982,1190.8650143560726,1213.2503662109375,804491.0
2022-12-28,1214.2527402322587,1217.021107049488,1193.2515135930214,1197.4517822265625,484479.0
2022-12-29,1197.4520129132463,1214.9689252016956,1184.8035444324587,1202.4158935546875,328518.0
2022-12-30,1208.4297817205445,1226.6626428336217,1206.7114528079085,1216.591552734375,250586.0
2023-01-02,1248.618375169201,1271.4810273997884,1227.7603621618616,1257.73486328125,1682597.0
2023-01-03,1255.3006852876354,1289.6663314247874,1255.3006852876354,1275.4427490234375,1068908.0
2023-01-04,1281.981580528015,1286.2772857457278,1263.5100713975428,1273.0084228515625,605578.0
2023-01-05,1278.9270534631355,1278.9270534631355,1258.1644758084813,1266.3740234375,421447.0
2023-01-06,1266.3740234375,1282.9841088669186,1259.0236402585067,1266.3740234375,495657.0
2023-01-09,1280.311177147816,1291.575518749035,1267.3286231770978,1286.89794921875,502449.0
2023-01-10,1286.8502273946322,1311.6220825608675,1281.552143986874,1298.40087890625,966180.0
2023-01-11,1305.7035859570888,1358.0634391926378,1300.1668523094352,1352.9085693359375,1762623.0
2023-01-12,1365.079646795783,1365.652384181054,1326.8956007315653,1333.2913818359375,1153415.0
2023-01-13,1326.8480523963508,1336.155415226183,1308.7584040718125,1314.1995849609375,520001.0
2023-01-16,1312.576673408867,1326.895691664237,1301.6941962290923,1305.1307373046875,250009.0
2023-01-17,1307.851514621178,1339.3055798093008,1302.123907009734,1334.198486328125,724473.0
2023-01-18,1338.8281898355644,1341.214692847749,1323.1250466267766,1325.0819091796875,397384.0
2023-01-19,1316.395132999307,1321.1681392828432,1298.687233075998,1308.853759765625,378360.0
2023-01-20,1305.8945385052934,1312.5289707262218,1278.2111016510146,1284.893310546875,335914.0
2023-01-23,1291.57550186277,1324.7478955728448,1284.129565440198,1320.8817138671875,520873.0
2023-01-24,1307.2786882439782,1307.2786882439782,1256.4939462947752,1264.46484375,1282825.0
2023-01-25,1259.7395569700216,1263.8442724087192,1217.4506751816314,1226.4239501953125,536238.0
2023-01-27,1235.6836049516753,1237.783797726686,1167.7638157466224,1198.406494140625,433530.0
2023-01-30,1198.453981511194,1214.6822012555756,1167.5726572444898,1177.69140625,419670.0
2023-01-31,1182.7986743437143,1196.3539648969283,1160.3655459375084,1177.16650390625,667441.0
2023-02-01,1191.342489850738,1195.6859726230466,1124.615831897151,1147.8603515625,700831.0
2023-02-02,1147.860250720019,1183.8010118480995,1136.930112787815,1158.695068359375,447078.0
2023-02-03,1170.9139182685567,1177.8825542925451,1142.6577434081037,1170.8184814453125,307741.0
2023-02-06,1170.961654469879,1208.0001133011503,1170.818440975724,1200.9361572265625,449222.0
2023-02-07,1208.5251017244318,1209.1456158011522,1174.1594590213674,1177.54833984375,416429.0
2023-02-08,1179.8393776682367,1192.774271319546,1172.8230817308754,1188.192138671875,198248.0
2023-02-09,1183.7055068790503,1193.2515190313006,1176.593774437011,1178.4552001953125,121016.0
2023-02-10,1174.1596777153568,1191.1516286058843,1170.436709090074,1177.21435546875,170808.0
2023-02-13,1176.0686950445088,1189.433112033651,1163.8497529001916,1166.42724609375,159507.0
2023-02-14,1167.0000449665251,1188.0012727696037,1158.265420097277,1181.700927734375,186711.0
2023-02-15,1180.8417470977854,1192.2491854320865,1176.5938181436247,1188.9080810546875,131612.0
2023-02-16,1189.4332051475908,1204.7068257594378,1183.8488109170796,1197.5950927734375,245136.0
2023-02-17,1188.5263465310363,1197.069981204961,1179.457634552211,1183.9442138671875,141916.0
2023-02-20,1183.9441144709488,1200.888285429916,1174.159452367883,1182.034912109375,236553.0
2023-02-21,1179.9348491520204,1195.4471185110958,1172.250262950446,1174.5889892578125,149283.0
2023-02-22,1172.298058857123,1172.298058857123,1156.260711968281,1165.1385498046875,183558.0
2023-02-23,1163.6111155492745,1171.2957020149577,1146.5715070041394,1150.7239990234375,167369.0
2023-02-24,1156.7857493366123,1160.7950276562765,1146.0941462700684,1147.9556884765625,122675.0
2023-02-27,1146.4760707328385,1146.4760707328385,1122.754253607466,1130.2000732421875,207103.0
2023-02-28,1134.0185912686131,1159.7928269037495,1130.2479626667173,1153.6834716796875,468191.0
2023-03-01,1153.1583230111062,1161.6065208632326,1147.621589087246,1151.392333984375,148166.0
2023-03-02,1154.1606801566793,1156.9767072138388,1139.793884829475,1146.8101806640625,257579.0
2023-03-03,1148.5762791843224,1158.122292530364,1141.703196186566,1143.9942626953125,279571.0
2023-03-06,1150.2945285855844,1169.0524668180071,1150.2945285855844,1156.45166015625,173575.0
2023-03-08,1155.0198485882931,1168.2888305644108,1142.657807805302,1159.076904296875,185432.0
2023-03-09,1164.8522552367624,1180.6986137683375,1154.876718101198,1159.93603515625,395605.0
2023-03-10,1156.0221756831352,1156.0221756831352,1140.1280407134227,1147.3353271484375,135642.0
2023-03-13,1146.476001946737,1150.9149206804498,1116.8833657599353,1123.6610107421875,195613.0
2023-03-14,1123.7088124204165,1130.4864575535073,1111.6808607502394,1123.517822265625,177237.0
2023-03-15,1133.1115603929975,1141.1302333257331,1118.124369010978,1123.80419921875,132934.0
2023-03-16,1129.2932032176293,1132.6820840398543,1104.282698751837,1123.7564697265625,189152.0
2023-03-17,1129.675073311424,1135.9276411985843,1121.1790994014966,1131.5364990234375,132628.0
2023-03-20,1126.7634442562362,1130.7250623349887,1115.928744507895,1127.336181640625,242565.0
2023-03-21,1127.336272115577,1166.3794855952267,1127.336272115577,1158.74267578125,365958.0
2023-03-22,1160.7949910587956,1164.3747453486562,1146.4759738993532,1148.5760498046875,97072.0
2023-03-23,1147.5738721269245,1170.7229515545455,1140.9393237759475,1166.42724609375,277072.0
2023-03-24,1168.4319405088831,1176.9755751618354,1155.1629597088472,1167.668212890625,423363.0
2023-03-27,1170.4843132637386,1174.0640678511402,1156.0220814249417,1163.468017578125,217959.0
2023-03-28,1160.317751861114,1168.193211715375,1155.878833001201,1160.0791015625,165820.0
2023-03-29,1155.0676275377273,1177.9780598194673,1155.0676275377273,1173.3482666015625,192892.0
2023-03-31,1174.1594917484192,1195.1607184300983,1173.2048905356155,1188.955810546875,220070.0
2023-04-03,1189.8625652313578,1197.069850576276,1180.077903374574,1190.9127197265625,101136.0
2023-04-05,1187.7147837387731,1218.930313350799,1183.800942067425,1213.2503662109375,204188.0
2023-04-06,1211.3890441056708,1224.658025420089,1197.022247995627,1202.6544189453125,158636.0
2023-04-10,1193.8720770208795,1212.29581123501,1193.8720770208795,1207.4273681640625,125483.0
2023-04-11,1212.343652611092,1228.476437908227,1207.7615197536113,1220.457763671875,234883.0
2023-04-12,1220.2191724488343,1220.9351234594635,1200.9839319909026,1205.4228515625,131535.0
2023-04-13,1203.7522149679282,1217.4984967157634,1202.7021768648492,1208.572998046875,130255.0
2023-04-17,1208.5729265416844,1208.5729265416844,1176.784659163598,1187.7625732421875,205706.0
2023-04-18,1187.76273896923,1188.0968261386297,1124.5203990401872,1157.64501953125,1003086.0
2023-04-19,1159.172282712404,1166.3317917058637,1132.1570221656978,1139.077880859375,672020.0
2023-04-20,1125.474928880648,1191.676505505294,1118.7927198033244,1176.355224609375,2706008.0
2023-04-21,1173.9686468498628,1188.4785390282163,1146.0942208366966,1184.564697265625,809633.0
2023-04-24,1187.523955946448,1205.0408655922142,1174.2073151097238,1197.1654052734375,546831.0
2023-04-25,1197.9768521509711,1200.888432720867,1177.2142739222916,1180.1258544921875,384412.0
2023-04-26,1175.3526117984622,1190.3875792184224,1164.9952131037364,1187.9056396484375,284299.0
2023-04-27,1185.614738370099,1200.8883581880714,1183.7055358928526,1192.5833740234375,324668.0
2023-04-28,1201.8430195012493,1219.980443941697,1198.1678278545382,1211.8663330078125,387631.0
2023-05-02,1211.3889779229428,1213.6800442128888,1193.585641427128,1199.885986328125,246846.0
2023-05-03,1193.3469884017384,1197.117733221825,1178.9325329643063,1182.082763671875,258337.0
2023-05-04,1183.7056488647415,1192.5357111647406,1174.159635567445,1178.7894287109375,197613.0
2023-05-05,1178.7893408851962,1185.4238895495994,1169.3865417936115,1175.925537109375,147489.0
2023-05-08,1177.9778957510346,1187.4761312002006,1170.4365228696252,1172.441162109375,445652.0
2023-05-09,1176.0687328111148,1245.659186816428,1173.1094922598984,1240.6951904296875,1740003.0
2023-05-10,1250.5276797566685,1250.5276797566685,1215.2074323131594,1218.5963134765625,571544.0
2023-05-11,1219.9804523137886,1237.258712409407,1212.3436419706663,1219.40771484375,520448.0
2023-05-12,1219.4075903896082,1227.9990011487716,1193.5855814409588,1197.11767578125,200541.0
2023-05-15,1197.1177144248686,1215.255137724144,1191.9628444972757,1197.785888671875,466435.0
2023-05-16,1202.7977497864883,1202.7977497864883,1183.8011588452737,1189.0992431640625,313277.0
2023-05-17,1188.908100918463,1195.160785826309,1171.295754160448,1179.4576416015625,285053.0
2023-05-18,1180.8895566707963,1188.0490662503971,1161.7497544499388,1165.759033203125,180190.0
2023-05-19,1173.2050763513607,1188.765125195894,1155.831378138024,1177.21435546875,690996.0
2023-05-22,1179.8393946850235,1183.944226763119,1167.4773548327312,1170.7230224609375,502433.0
2023-05-23,1169.3865221207425,1188.0966831689798,1166.5227183930997,1185.8533935546875,374799.0
2023-05-24,1185.7103444585537,1204.7069351247767,1179.1235716660408,1202.55908203125,506662.0
2023-05-25,1212.3436115422987,1213.3459894860664,1188.62179331506,1203.5135498046875,430034.0
2023-05-26,1208.525095465614,1217.8324569828253,1200.6974123907296,1212.82080078125,268601.0
2023-05-29,1213.3459120543298,1226.6625522947022,1210.6252053887229,1220.218994140625,195053.0
2023-05-30,1219.0258297420253,1228.5718425042965,1207.5706144273,1216.8302001953125,242783.0
2023-05-31,1210.434348221163,1241.9361885139851,1210.434348221163,1239.31103515625,399837.0
2023-06-01,1239.311114515679,1285.6092766986258,1239.311114515679,1273.4381103515625,716301.0
2023-06-02,1269.6197130501723,1310.6675684345014,1265.8967447212472,1305.2740478515625,779360.0
2023-06-05,1307.7560292331964,1327.8504335923376,1298.2577927286695,1320.213623046875,439351.0
2023-06-06,1320.213630251725,1356.488480540637,1309.5698021902028,1343.792236328125,680260.0
2023-06-07,1341.2148585208242,1386.0811206919834,1340.2602571980335,1380.5921630859375,1101503.0
2023-06-08,1406.5572736196264,1427.0812020766266,1339.019229976242,1350.044921875,2801595.0
2023-06-09,1360.545392091754,1407.989026228979,1346.751451040819,1403.025146484375,1464086.0
2023-06-12,1408.9915013537498,1419.8739793446978,1381.4035008196508,1411.42578125,643162.0
2023-06-13,1411.4256632119414,1541.77638829456,1409.039160191075,1525.8345947265625,4728989.0
2023-06-14,1536.9079400192447,1598.0024171380223,1527.4097046410718,1565.3551025390625,4588929.0
2023-06-15,1560.7731372036596,1575.0921568110325,1536.9081045247046,1555.2841796875,1165402.0
2023-06-16,1557.9092668494816,1584.9721894476977,1551.2270579843184,1554.5203857421875,709583.0
2023-06-19,1560.7731629763105,1589.411202663949,1507.3154888927183,1518.8184814453125,1151061.0
2023-06-20,1526.4074356204464,1550.081593803686,1517.6728106662663,1539.533203125,574501.0
2023-06-21,1547.4086076154686,1556.0000187620071,1514.3316513956,1540.296875,588578.0
2023-06-22,1540.2968660784777,1549.8428784082291,1499.6785370039954,1505.9788818359375,525643.0
2023-06-23,1508.699665209284,1517.5297277448535,1484.9301846876738,1489.989501953125,560598.0
2023-06-26,1497.3915846595703,1528.742488633969,1479.5873573799918,1518.340576171875,699266.0
2023-06-27,1517.4213141058449,1530.677776157748,1499.8106810974384,1515.09912109375,338264.0
2023-06-28,1522.0659510555697,1540.4507273238826,1509.873965153798,1531.500244140625,382823.0
2023-06-30,1536.580319033989,1557.6744789730803,1463.4765922510207,1543.0150146484375,1373498.0
2023-07-03,1553.900563083438,1561.447926179965,1530.0487128843522,1538.7088623046875,464828.0
2023-07-04,1538.7088795733907,1544.0792164342415,1488.1991758582883,1493.47265625,336244.0
2023-07-05,1499.8106696148477,1504.6487685490893,1481.038822126461,1488.5863037109375,445126.0
2023-07-06,1489.2153689805448,1505.3261448979474,1480.8937438234077,1486.699462890625,449559.0
2023-07-07,1494.585548290513,1517.421352387539,1475.668651706153,1499.5203857421875,1171045.0
2023-07-10,1507.3098381714003,1507.3098381714003,1477.4587890890502,1482.6839599609375,476885.0
2023-07-11,1499.8106546728216,1595.9436559149335,1496.5691520427035,1585.3482666015625,5049950.0
2023-07-12,1597.5402747820406,1606.2004246635688,1553.0297644004695,1557.04541015625,979346.0
2023-07-13,1559.8030840396766,1565.2217311795605,1513.4057628750102,1533.0968017578125,1228718.0
2023-07-14,1547.2240672480405,1583.9936198155362,1533.6773899863315,1570.88232421875,1311066.0
2023-07-17,1577.2202963264267,1577.2202963264267,1544.7082942097315,1550.6591796875,636293.0
2023-07-18,1552.0136673262784,1588.8316464537045,1541.9505163130152,1549.981689453125,939349.0
2023-07-19,1559.80318108411,1579.4459110706314,1555.4973200459217,1565.9959716796875,759183.0
2023-07-20,1549.1592245602144,1594.5406145996549,1533.967641685102,1552.3524169921875,2075648.0
2023-07-21,1547.224094732824,1555.9326731271929,1520.7597162356903,1538.902587890625,920836.0
2023-07-24,1536.580344348658,1578.3331651123942,1515.7765172683708,1571.027587890625,849258.0
2023-07-25,1578.4298225461505,1584.7193513409704,1550.07851473167,1559.1258544921875,379687.0
2023-07-26,1561.738355866556,1639.1479398004622,1561.738355866556,1613.554443359375,2952404.0
2023-07-27,1621.0050970273494,1679.788000859262,1597.5403164853924,1671.563232421875,1838056.0
2023-07-28,1676.8851660644734,1722.1698213737498,1668.1765875909705,1714.4771728515625,1803161.0
2023-07-31,1722.3147235833742,1745.1022159008312,1698.172658112536,1737.990234375,861930.0
2023-08-01,1741.667161197582,1762.5194145292446,1688.5932403319932,1705.6717529296875,872077.0
2023-08-02,1697.4470040371182,1730.104171707777,1645.1955357640643,1656.758544921875,1812059.0
2023-08-03,1657.4359717112798,1681.67477672346,1621.6823493888578,1632.1326904296875,1159578.0
2023-08-04,1644.953609228785,1654.5813786945646,1628.2137399583974,1631.697265625,517698.0
2023-08-07,1638.4707234818686,1656.5651672556476,1628.5041918757329,1642.00244140625,1115156.0
2023-08-08,1650.7593650922545,1650.7593650922545,1623.3273676135773,1629.181396484375,762634.0
2023-08-09,1629.9071850138653,1658.8390417251117,1628.504183499149,1636.0999755859375,767439.0
2023-08-10,1638.373787118477,1648.049985053544,1601.072114949384,1618.8763427734375,487096.0
2023-08-11,1619.9407457674934,1668.1765701855816,1617.2797912616868,1625.93994140625,1199599.0
2023-08-14,1629.1331402399865,1659.4195698594572,1599.2820922942376,1650.4207763671875,944413.0
2023-08-16,1652.743140175374,1667.6928196844026,1629.4718354212555,1647.372802734375,909587.0
2023-08-17,1653.7590278325226,1666.1929190245146,1638.0352055949936,1641.421875,704525.0
2023-08-18,1645.2440350366442,1648.8241811406508,1622.6984458760985,1639.1964111328125,566394.0
2023-08-21,1645.921359209947,1664.2093979358112,1637.2127805897887,1648.82421875,993633.0
2023-08-22,1655.1137402613112,1729.1366581975817,1650.7594509709425,1724.4437255859375,1977963.0
2023-08-23,1728.9914364796446,1772.5827562328743,1712.735494517747,1759.3262939453125,2097639.0
2023-08-24,1769.4379275273648,1797.7891161019304,1742.9251220336218,1770.453857421875,1437663.0
2023-08-25,1764.0193466524718,1788.161413730396,1745.973213523491,1758.4071044921875,963518.0
2023-08-28,1761.4550636964073,1763.003231714339,1732.0878271209633,1739.5384521484375,800777.0
2023-08-29,1739.780510051976,1746.5538490788747,1723.9599489483944,1730.2010498046875,522338.0
2023-08-30,1732.813660373342,1762.8098754766,1730.2010159292383,1745.9732666015625,930634.0
2023-08-31,1748.4889973306374,1755.8428842658857,1715.6383520157865,1731.1685791015625,3906307.0
2023-09-01,1736.2002584252716,1820.092848033336,1736.1518301880983,1792.4189453125,1682163.0
2023-09-04,1795.5153279514768,1826.721067382547,1771.9538087797655,1821.931396484375,1309335.0
2023-09-05,1828.752937460396,1830.7366052363843,1802.4337269577568,1805.5784912109373,830866.0
2023-09-06,1817.0932620018643,1828.8014380611592,1791.0642655297383,1815.2547607421875,707828.0
2023-09-07,1819.07676081524,1846.218542930858,1803.6917007849347,1828.60791015625,842678.0
2023-09-08,1835.5747326723288,1842.686714470592,1810.948856384064,1824.2052001953125,661621.0
2023-09-11,1861.9907744318004,1893.9705370245256,1844.3317135935104,1870.1671142578125,1558699.0
2023-09-12,1885.7942038813017,1889.567944628853,1782.2588879145608,1790.8707275390625,1056762.0
2023-09-13,1796.8698976200567,1856.3300847342,1777.952884030256,1849.8955078125,1063082.0
2023-09-14,1857.781608784995,1869.2479980388653,1841.4289284740744,1862.184326171875,894007.0
2023-09-15,1877.1822875763105,1878.827193880222,1854.927033651437,1865.280517578125,615683.0
2023-09-18,1871.279906964918,1871.279906964918,1830.3495432251027,1836.6875,355992.0
2023-09-20,1824.011766618817,1850.089073201665,1818.1576195323896,1824.640625,466556.0
2023-09-21,1816.609440784924,1847.8151794146536,1809.9328405243348,1813.948486328125,624059.0
2023-09-22,1821.0120513556888,1847.6700243268688,1805.7720393718464,1815.2547607421875,1007396.0
2023-09-25,1819.1252713650656,1825.076156913541,1792.515726172226,1796.5313720703125,699248.0
2023-09-26,1798.8051411038475,1837.509931660144,1797.8375213399402,1815.49658203125,633338.0
2023-09-27,1826.769480481749,1832.6719377559536,1809.0619905414808,1814.9161376953125,668492.0
2023-09-28,1817.6253405564223,1856.8623701428744,1815.9320059301847,1828.994873046875,921883.0
2023-09-29,1838.4291384904293,1876.2147378325687,1827.737010880848,1870.1671142578125,462039.0
2023-10-03,1870.167235381346,1870.3607121012096,1833.397681665402,1840.1710205078125,731565.0
2023-10-04,1833.687918400874,1836.348872806126,1794.9346988155064,1803.5948486328125,1085861.0
2023-10-05,1812.4001897657763,1827.8336772738903,1786.226028717629,1790.3868408203125,370323.0
2023-10-06,1804.1270260861688,1804.1270260861688,1762.035566909581,1778.2916259765625,991191.0
2023-10-09,1775.727450254358,1775.7757603724249,1740.747971832744,1748.7308349609375,775466.0
2023-10-10,1749.3597924807862,1782.7909844090357,1749.3597924807862,1770.5989990234375,721590.0
2023-10-11,1779.9367593694824,1789.5645298749196,1765.906271187445,1774.0343017578125,600920.0
2023-10-12,1785.210050165155,1785.210050165155,1752.1659294628578,1757.0040283203125,598411.0
2023-10-13,1756.2297655209586,1773.8403969143883,1744.1345192019437,1750.5692138671875,345109.0
2023-10-16,1756.1814379240082,1761.0679649639617,1733.152158483529,1738.7642822265625,410841.0
2023-10-17,1746.3118665886734,1751.82725230438,1725.4113021427677,1729.7171630859375,520373.0
2023-10-18,1739.6837082607074,1751.3918845282217,1714.960974466852,1728.2657470703125,535166.0
2023-10-19,1730.0073723534056,1730.0073723534056,1701.4141615317808,1719.411865234375,485800.0
2023-10-20,1683.658392127887,1698.1242603764097,1638.954406204654,1654.8717041015625,1602892.0
2023-10-23,1638.1803766354485,1638.1803766354485,1550.8042585022783,1562.8511962890625,1479531.0
2023-10-25,1559.803153353502,1562.7060128200408,1508.7127794953578,1533.3870849609375,1740515.0
2023-10-26,1516.2601615266003,1520.7596170270272,1493.4243588501756,1508.7611083984375,1002839.0
2023-10-27,1521.0982719376973,1561.9802070454375,1514.6152667534695,1555.8841552734375,2036119.0
2023-10-30,1564.4961194375155,1603.2009131552022,1549.159368550413,1594.34716796875,919616.0
2023-10-31,1603.9266011134298,1624.2466174741176,1583.0260364802532,1609.3936767578125,1467544.0
2023-11-01,1610.3127683136215,1632.3745462389545,1601.459141943432,1617.5216064453125,463534.0
2023-11-02,1630.391018841037,1661.403282277378,1623.9080130937737,1659.3228759765625,896355.0
2023-11-03,1659.419595336131,1667.257410524692,1639.1964351989318,1648.4371337890625,434636.0
2023-11-06,1657.484337924732,1688.1095291192296,1650.56595064532,1681.52978515625,737712.0
2023-11-07,1680.5136807856327,1680.5136807856327,1649.8401804979849,1653.6622314453125,627049.0
2023-11-08,1659.2744934911043,1679.44934285812,1652.694631551683,1660.8709716796875,264051.0
2023-11-09,1661.3066083555873,1669.579687522534,1647.276119987823,1651.872314453125,277248.0
2023-11-10,1651.4367085915885,1662.2256932672087,1636.2451245814482,1653.3719482421875,244826.0
2023-11-13,1652.7430401457302,1659.5646888383465,1624.3433046331522,1651.82373046875,315877.0
2023-11-15,1655.839391461065,1677.852742026873,1627.1011304969386,1629.7620849609375,986584.0
2023-11-16,1634.3583421308529,1659.0326481132315,1633.8745322096297,1651.388427734375,523556.0
2023-11-17,1652.6946005812142,1666.0478009243052,1645.921262054242,1650.5174560546875,737076.0
2023-11-20,1658.161729001001,1672.9179312634271,1637.2127362639278,1667.1605224609375,900511.0
2023-11-21,1673.9823799198666,1677.852859411011,1649.6951447364688,1652.0174560546875,660536.0
2023-11-22,1654.533269577835,1673.353429146263,1637.2128499647229,1650.0338134765625,862890.0
2023-11-23,1662.3708064650248,1665.031760899122,1648.630652634202,1661.9354248046875,632911.0
2023-11-24,1667.1604272532584,1712.0096978657136,1659.5646357197447,1667.9345703125,2258443.0
2023-11-28,1672.0469956563709,1672.0469956563709,1625.891578960833,1628.9879150390625,1494681.0
2023-11-29,1637.212824308951,1663.9191091670543,1628.600983819964,1657.726318359375,1374620.0
2023-11-30,1669.1441322154103,1680.4652364738115,1631.358532294141,1650.323974609375,17650692.0
2023-12-01,1677.756055806233,1677.8043659273976,1595.653536416498,1606.103759765625,1666654.0
2023-12-04,1644.9536916827674,1644.9536916827674,1603.249301123047,1609.006591796875,619259.0
2023-12-05,1624.4402739433592,1627.197966930552,1598.7983475629376,1624.391845703125,621734.0
2023-12-06,1628.2621353524617,1630.3425414398196,1605.3779046268166,1614.908935546875,593405.0
2023-12-07,1620.4245927760958,1660.0002679556776,1611.2805143943851,1651.388427734375,893846.0
2023-12-08,1659.46802234567,1664.3061215361822,1622.6984684977776,1639.970458984375,843230.0
2023-12-11,1640.1156462521794,1655.0170155702735,1640.1156462521794,1651.7755126953125,327107.0
2023-12-12,1654.5330037163,1688.448004459406,1645.969592709838,1682.013427734375,1332079.0
2023-12-13,1695.2698585707792,1695.2698585707792,1660.1936414627935,1664.112548828125,500422.0
2023-12-14,1673.9822193793918,1700.6401915651234,1665.370379713968,1692.9959716796875,660902.0
2023-12-15,1705.913668583355,1761.067995928364,1696.2858990394873,1754.63330078125,1919310.0
2023-12-18,1780.4204283330548,1782.3556679290689,1741.715636412771,1750.0855712890625,876824.0
2023-12-19,1753.3270298358148,1758.7941051804107,1724.5403415700223,1733.8294677734375,665516.0
2023-12-20,1741.715614265541,1743.6992820732924,1642.195942929509,1649.4046630859375,935231.0
2023-12-21,1650.082073013467,1683.9487656199435,1633.390631657418,1672.9661865234375,511339.0
2023-12-22,1678.09465901204,1699.1403899236802,1663.0481236879211,1674.12744140625,386580.0
2023-12-26,1672.047122317994,1689.6094464450396,1665.5641164866256,1679.5946044921875,234496.0
2023-12-27,1688.496503839053,1694.0118892979438,1661.8869600822773,1675.8690185546875,310986.0
2023-12-28,1688.448080422775,1770.7441895961472,1670.5471145716665,1748.92431640625,1412545.0
2023-12-29,1739.248200647858,1751.0048051008548,1706.0589116459669,1712.9774169921875,1065841.0
2024-01-01,1726.2336181997623,1726.2336181997623,1699.1402654477483,1709.638916015625,381834.0
2024-01-02,1712.6871262989025,1714.5256276286304,1678.8204317110713,1683.4166259765625,400171.0
2024-01-03,1692.3670969587054,1700.5918655831472,1674.5628683128527,1693.334716796875,238662.0
2024-01-04,1693.3346251704088,1716.412333438487,1688.0127163484449,1709.20361328125,572327.0
2024-01-05,1710.751802644902,1736.2969889323606,1682.6908285064958,1701.510986328125,901783.0
2024-01-08,1703.0108935694675,1706.3491347217323,1658.5971199375058,1663.6771240234375,280952.0
2024-01-09,1678.8203422091483,1691.3509712915454,1667.4508096322274,1673.1597900390625,340843.0
2024-01-10,1662.4676013751105,1680.8040679698895,1643.0184664732517,1662.7579345703125,501923.0
2024-01-11,1663.144879461728,1685.73877708105,1643.6473178063593,1660.725830078125,1474994.0
2024-01-12,1669.434438217481,1717.5250935909692,1660.725860278147,1687.8192138671875,1688219.0
2024-01-15,1698.0760501143902,1712.6870858104855,1674.079031269532,1696.237548828125,1967685.0
2024-01-16,1693.2863523269568,1706.8814588122937,1661.306586341688,1675.5789794921875,555077.0
2024-01-17,1659.467891732442,1683.65838578102,1633.8259680409494,1642.5345458984375,941316.0
2024-01-18,1642.0507548582375,1743.6024027923052,1636.0515595124148,1712.2999267578125,4604722.0
2024-01-19,1741.7640845954136,1746.4570170459583,1662.6611652024922,1681.4813232421875,3493574.0
2024-01-23,1683.658348678978,1700.8820273090737,1637.4060778302794,1648.9207763671875,868651.0
2024-01-24,1653.9526054980054,1675.0950749405154,1636.051638828818,1672.676025390625,420843.0
2024-01-25,1672.6759790356518,1675.4821000592892,1648.3403176146412,1661.01611328125,365596.0
2024-01-29,1657.6294079598183,1670.934179826184,1651.2915693231564,1658.0164794921875,436769.0
2024-01-30,1661.2096974545182,1672.9661833716405,1645.0503761421385,1648.4854736328125,327585.0
2024-01-31,1655.113603146161,1685.400148948306,1646.6953584625728,1680.803955078125,454051.0
2024-02-01,1687.1903181422351,1687.1903181422351,1637.2127309526843,1649.114501953125,401889.0
2024-02-02,1654.6299523920738,1669.1442502200744,1641.6155125866965,1643.69580078125,376792.0
2024-02-05,1649.791761024603,1656.855432820332,1622.504929878177,1628.6492919921875,410131.0
2024-02-06,1628.649312425537,1652.7913795209945,1617.42494621447,1649.8402099609375,498733.0
2024-02-07,1659.4678415345752,1659.4678415345752,1627.826723523218,1639.1478271484375,167847.0
2024-02-08,1645.3407713998408,1715.3964702403823,1645.3407713998408,1702.86572265625,2131671.0
2024-02-09,1713.606188027085,1717.5735235865209,1662.370768345227,1703.833251953125,808998.0
2024-02-12,1711.3807281777804,1724.7338101202688,1657.484236170352,1669.04736328125,368071.0
2024-02-13,1670.0632297854422,1693.7699132277762,1649.791643639973,1689.560791015625,373890.0
2024-02-14,1666.2412635137837,1702.0431954243586,1666.2412635137837,1695.9471435546875,256106.0
2024-02-15,1701.9948257719834,1709.7357842893673,1681.7232379016457,1697.68896484375,243156.0
2024-02-16,1698.1243697389614,1769.7766652425637,1691.4478874205245,1753.665771484375,1911155.0
2024-02-19,1768.8089926049124,1779.4043821570992,1750.1338832368044,1756.7137451171875,1179354.0
2024-02-20,1760.100339540202,1783.17804714154,1754.8268591069448,1762.8580322265625,894471.0
2024-02-21,1770.7442059609584,1778.4851642383835,1728.6527453274605,1737.1678466796875,606897.0
2024-02-22,1742.1509210947906,1775.582230501981,1706.5425853809234,1763.003173828125,455473.0
2024-02-23,1770.7441836379553,1788.8386261362675,1759.6649844901217,1765.470703125,545762.0
2024-02-26,1768.8089243721424,1828.801349597018,1754.6816994749752,1809.78759765625,1275655.0
2024-02-27,1809.7875848493204,1852.991830526643,1809.4005133238536,1847.669921875,1603806.0
2024-02-28,1850.0406809542665,1869.44150573235,1840.2194342045063,1851.00830078125,1194566.0
2024-02-29,1849.1214770381243,1874.2795923719764,1826.8177929277824,1860.9263916015625,1710716.0
2024-03-01,1865.7160835740776,1886.56821875174,1839.5903497781253,1843.847900390625,526663.0
2024-03-04,1862.668110785503,1948.7862727906504,1862.668110785503,1920.2899169921875,2194110.0
2024-03-05,1920.7252397290565,1941.9161362745333,1902.630797312169,1929.7724609375,883772.0
2024-03-06,1933.3528631619813,1939.06172570792,1877.279222719921,1927.4019775390625,935010.0
2024-03-07,1925.56336222968,1972.396183205931,1913.0327333255457,1946.3671875,1245000.0
2024-03-11,1933.884934426452,1968.041961068672,1883.5203940359104,1891.2613525390625,820370.0
2024-03-12,1902.3405581425684,1941.3356839721048,1881.391565503887,1923.28955078125,947277.0
2024-03-13,1925.611908395317,1932.3368190312124,1800.740520889878,1824.5439453125,702854.0
2024-03-14,1809.449069854664,1873.9409547112505,1757.1491711500385,1867.5546875,814168.0
2024-03-15,1867.506286162191,1891.3097105384472,1835.1394498485663,1872.19921875,718014.0
2024-03-18,1869.925238815032,1909.06541196128,1840.993383553432,1899.0989990234373,712910.0
2024-03-19,1895.6156461811115,1902.2921284117508,1842.880366253644,1848.395751953125,587021.0
2024-03-20,1857.055851115557,1876.2147701777376,1792.612396815499,1827.156494140625,643347.0
2024-03-21,1847.186252484811,1857.1527839647665,1814.9161548299928,1846.412109375,440321.0
2024-03-22,1867.506269226161,1869.8768905592049,1838.719579324877,1860.394287109375,478386.0
2024-03-26,1860.3941886832024,1893.8253811225304,1850.1374426660632,1884.5362548828125,469695.0
2024-03-27,1885.5039198510144,1931.7561935673773,1871.2315277919724,1909.259033203125,568678.0
2024-03-28,1909.2588993294903,1952.3662875536013,1894.2607934716275,1945.302734375,792545.0
2024-04-01,1955.559544513001,1984.29780427833,1947.3347765128224,1970.6060791015625,649428.0
2024-04-02,1977.6696528991336,2015.551990702208,1971.960672604868,2006.6983642578125,581309.0
2024-04-03,2001.9569026604352,2017.1484860054863,1982.797983711223,1987.587890625,724183.0
2024-04-04,1990.39390932903,2012.1653546182392,1984.9751440073733,1990.9261474609373,513272.0
2024-04-05,1992.32906959547,1998.2798365768328,1961.3652375279344,1995.0384521484373,768390.0
2024-04-08,1997.11882963574,2005.972692505571,1973.121929578404,1981.92724609375,214289.0
2024-04-09,1988.4586546676903,1991.9421803816656,1938.481069237063,1947.47998046875,488171.0
2024-04-10,1954.592039049614,1954.592039049614,1905.291856400845,1906.7432861328125,365580.0
2024-04-12,1911.0490216366488,1919.902766043963,1874.4246374278,1882.455810546875,601527.0
2024-04-15,1877.085636819707,1906.1142302502367,1842.783444712041,1847.379638671875,574096.0
2024-04-16,1837.7034627272265,1852.991902696272,1809.4490120323903,1822.7537841796875,520016.0
2024-04-18,1792.9993626219132,1861.990696730785,1777.8560901991225,1794.063720703125,2078642.0
2024-04-19,1789.9998760708966,1789.9998760708966,1684.7227954997252,1698.3662109375,2968937.0
2024-04-22,1704.9461236980146,1715.8318466784929,1655.59751285318,1667.1605224609375,1774498.0
2024-04-23,1678.8203503693346,1705.8652764898957,1674.0306796139005,1688.4481201171875,821183.0
2024-04-24,1697.2534387583153,1700.0594414879872,1683.6583342718786,1689.560791015625,476505.0
2024-04-25,1689.561012701173,1695.5118984594033,1665.3222060962892,1686.948486328125,519313.0
2024-04-26,1698.1728128261489,1707.7038445908445,1681.7717038467706,1699.7694091796875,316817.0
2024-04-29,1699.769357040415,1710.751818222783,1659.758301657434,1677.61083984375,510632.0
2024-04-30,1680.2233029936556,1701.0755562919614,1669.144103870099,1673.8370361328125,469868.0
2024-05-02,1674.9499228878517,1693.47986622444,1672.240540121387,1687.2386474609375,302126.0
2024-05-03,1701.5592926012098,1701.5592926012098,1656.758451923709,1665.999267578125,343210.0
2024-05-06,1674.6111634756887,1675.8689982947594,1651.8236708505824,1668.6602783203125,264859.0
2024-05-07,1671.853414314483,1676.8849896561228,1656.5649753556158,1664.1607666015625,442393.0
2024-05-08,1662.37076413022,1716.0736613416443,1651.7753749004305,1699.9627685546875,697275.0
2024-05-09,1707.8489295527484,1714.6222680835526,1664.4027773530606,1670.20849609375,345276.0
2024-05-10,1669.1441253002445,1692.270261732282,1658.9841175810257,1685.64208984375,207663.0
2024-05-13,1683.658424679492,1691.9799312009295,1656.5650707191323,1686.7547607421875,179448.0
2024-05-14,1691.3510735214545,1719.6539542002376,1676.35296581133,1712.880615234375,360123.0
2024-05-15,1722.3147746500852,1724.0081092596645,1695.269849132727,1711.57421875,259897.0
2024-05-16,1717.5250398134012,1754.2945899615193,1713.3159175647113,1746.989013671875,682620.0
2024-05-17,1736.1518589904863,1751.7305144416368,1732.7651896264251,1743.6993408203125,300442.0
2024-05-21,1753.3271247685414,1771.0829249526832,1742.1994967691826,1761.93896484375,421584.0
2024-05-22,1770.405602135261,1770.7442454439197,1736.4904806790148,1758.9393310546875,265165.0
2024-05-23,1775.5823840546602,1785.258582332887,1762.5195163790536,1775.1953125,286711.0
2024-05-24,1777.5174761287162,1785.2584341085908,1767.1155638432597,1779.017333984375,194443.0
2024-05-27,1780.420526017322,1782.7428372834847,1748.440642691524,1759.61669921875,264144.0
2024-05-28,1764.8901070624297,1768.905752901692,1723.4276217837637,1741.4737548828125,373270.0
2024-05-29,1727.2013727618169,1750.2307716457026,1727.2013727618169,1732.474853515625,205857.0
2024-05-30,1727.5884539171352,1738.2805820802296,1699.1888357634075,1705.6234130859375,283686.0
2024-05-31,1711.7194721603776,1726.2337695500923,1704.607490062948,1720.7183837890625,592937.0
2024-06-03,1746.5053513241123,1762.4227682743722,1711.7678941914842,1717.76708984375,1016552.0
2024-06-04,1714.0901325960024,1714.0901325960024,1534.20969733607,1614.2318115234375,889190.0
2024-06-05,1615.9250217531344,1698.8499890954424,1602.039701626869,1691.689697265625,660369.0
2024-06-06,1691.689704161391,1740.747979631003,1691.3993709810968,1733.103759765625,375930.0
2024-06-07,1740.748083709898,1758.890955621827,1722.460045199142,1754.0528564453125,406704.0
2024-06-10,1769.7765823044144,1816.8028801133585,1760.342289424443,1798.80517578125,1139930.0
2024-06-11,1804.610877528797,1847.186147561648,1791.0642007001622,1817.9156494140625,573625.0
2024-06-12,1833.639467487728,1855.0722690557704,1826.817700849751,1835.57470703125,666238.0
2024-06-13,1863.6357835496303,1863.6357835496303,1804.610974205639,1816.222412109375,732633.0
2024-06-14,1821.108912952928,1824.7374872450016,1800.3050870117063,1807.90087890625,276056.0
2024-06-18,1815.061157847782,1817.3833507326203,1795.031358333718,1807.7071533203125,342146.0
2024-06-19,1810.4166218936648,1811.8196233380777,1768.6638044514757,1771.9537353515625,516880.0
2024-06-20,1775.5338236758212,1819.125140922104,1760.003597465664,1804.8043212890625,531539.0
2024-06-21,1809.4489094985947,1817.1414391662504,1780.4203173676012,1785.984130859375,364804.0
2024-06-24,1785.3069571027524,1796.2894181960928,1769.8250403212608,1789.4676513671875,188241.0
2024-06-25,1793.91876404386,1805.530202181615,1768.663909717774,1778.00146484375,215959.0
2024-06-26,1778.4850983870426,1804.0785934970777,1761.213109493592,1781.968505859375,371714.0
2024-06-27,1782.1622657501605,1818.1092482553784,1772.7762824463598,1798.2247314453125,426729.0
2024-06-28,1807.513761174392,1822.898939403208,1782.4523850806177,1794.4024658203125,343288.0
2024-07-01,1802.8972579199533,1824.0366176005343,1794.6954862484652,1812.0755615234373,220507.0
2024-07-02,1813.1984705000084,1860.5544887117749,1793.2308775077393,1844.931884765625,1280752.0
2024-07-03,1849.9603659655788,1857.1369755502456,1825.9406371231617,1850.0579833984373,651064.0
2024-07-04,1851.2784955743573,1855.1841464089027,1830.0903874733528,1832.043212890625,391028.0
2024-07-05,1834.386596100544,1848.349346180744,1829.0163259452383,1843.76025390625,247619.0
2024-07-08,1843.7603321662327,1848.3005563192603,1796.5995463969075,1813.393798828125,269813.0
2024-07-09,1809.292804157839,1827.356439817267,1780.9768347457627,1800.260986328125,482737.0
2024-07-10,1809.7810709503783,1819.25222715216,1767.3559837291336,1811.0015869140625,248412.0
2024-07-11,1815.10240959115,1827.8446434841487,1799.577542427184,1824.9154052734373,262273.0
2024-07-12,1829.5045398762709,1830.7739241400789,1811.245668949252,1815.6395263671875,172882.0
2024-07-15,1819.105850943282,1838.536369629286,1806.3636166735853,1827.0147705078125,183187.0
2024-07-16,1827.0147889676864,1838.536388205572,1802.9950585252675,1807.388916015625,223941.0
2024-07-18,1791.7173925187983,1843.467268161031,1782.4903397269177,1826.3311767578125,856144.0
2024-07-19,1830.773999419681,1839.46409717513,1738.063651765475,1746.2166748046875,1554675.0
2024-07-22,1742.9456272605485,1775.069511386365,1725.565432632184,1743.5802001953125,605985.0
2024-07-23,1752.7097590393105,1759.7398831808573,1679.478802602321,1743.433837890625,476069.0
2024-07-24,1744.8495430733533,1814.3700815563368,1732.693252299133,1804.89892578125,794721.0
2024-07-25,1781.9533669870173,1802.7997565105525,1773.8003439132524,1788.153564453125,287249.0
2024-07-26,1798.552279503221,1849.2768740201896,1791.8150077124826,1841.905029296875,588627.0
2024-07-29,1850.2533042002576,1850.302172514459,1819.056964324241,1831.3597412109373,388102.0
2024-07-30,1840.53803730136,1886.136465137939,1832.336146347332,1862.50732421875,1307192.0
2024-07-31,1864.948370834249,1957.2193766163623,1864.948370834249,1943.793701171875,2224136.0
2024-08-01,1945.74650009046,1958.5374832281384,1910.4980237890231,1924.363037109375,601244.0
2024-08-02,1907.9106379116167,1943.0126308866547,1884.135009736951,1905.3231201171875,476193.0
2024-08-05,1852.6456197172072,1893.2643672443287,1814.174932614731,1825.843017578125,527971.0
2024-08-06,1835.9489040783103,1866.4129335809428,1792.2544344064574,1798.25927734375,273051.0
2024-08-07,1816.127752118856,1840.538071367765,1801.3350748158143,1832.482666015625,470443.0
2024-08-08,1835.6559714335065,1844.4925545043109,1807.388869975336,1810.7574462890625,218275.0
2024-08-09,1822.4255892395968,1860.993894127584,1819.105881133696,1842.9791259765625,249046.0
2024-08-12,1826.233511615016,1855.330658420729,1808.8045683573048,1842.2467041015625,356132.0
2024-08-13,1841.465603959752,1844.883048632583,1794.5490421802003,1805.8265380859373,179437.0
2024-08-14,1805.8265449588405,1814.1260534815904,1772.0915553603882,1790.1063232421875,237215.0
2024-08-16,1799.47978132041,1825.891793170753,1796.745897208876,1820.619140625,146375.0
2024-08-19,1820.8633610859424,1839.2687182734628,1820.8633610859424,1827.1124267578125,170949.0
2024-08-20,1830.7739074205008,1842.490860427992,1822.327913289399,1835.118896484375,405109.0
2024-08-21,1834.7284497500536,1847.812285419723,1821.2050376314749,1842.5885009765625,193195.0
2024-08-22,1847.2752413344947,1886.1852642309127,1842.7837666788623,1873.6871337890625,354780.0
2024-08-23,1884.3790021835089,1888.723991272552,1856.1606496888069,1861.9215087890625,186732.0
2024-08-26,1870.318590863447,1907.6175096036368,1866.119968433344,1901.759033203125,464678.0
2024-08-27,1908.8869566760943,1918.651084331727,1881.1080611722257,1900.2457275390625,262769.0
2024-08-28,1910.839849763316,1928.220045281208,1878.2276384023253,1883.0120849609373,508814.0
2024-08-29,1886.429511189521,1903.028528627524,1863.142089974996,1887.3570556640625,163374.0
2024-08-30,1898.048756309864,1934.2736452628023,1887.3569652517813,1915.5753173828125,787434.0
2024-09-02,1916.7471213896813,1927.048204520996,1897.609335889,1918.8463134765625,305124.0
2024-09-03,1918.846305369344,1972.2561547750568,1916.6982449770017,1934.7130126953125,597370.0
2024-09-04,1913.768982384068,1922.751931971916,1898.195246759948,1906.0552978515625,178351.0
2024-09-05,1914.7454363398529,1941.64565575066,1897.853447792117,1930.5145263671875,216620.0
2024-09-06,1925.7788835317435,1933.199596474204,1893.264291803227,1895.558837890625,180122.0
2024-09-09,1878.6180987582657,1889.016918205498,1864.3624966911289,1880.4244384765625,224997.0
2024-09-10,1890.286192164466,1958.6839521272675,1884.476584050661,1950.189208984375,1071168.0
2024-09-11,1962.5896305406725,1982.117885570928,1930.4656271777,1935.884765625,924112.0
2024-09-12,1943.9889419911733,1984.2659684477835,1934.273682679862,1973.76953125,1491829.0
2024-09-13,1985.9258853369208,2021.1743612283533,1974.8436246340875,2011.60546875,1011923.0
2024-09-16,2025.080015644078,2029.962079326923,1991.8819826007325,1999.205078125,173824.0
2024-09-17,1987.9764368420888,1999.205183906768,1960.148672377453,1982.069091796875,285534.0
2024-09-18,1973.427746628981,1982.020226337501,1930.4655864683973,1948.041015625,226556.0
2024-09-19,1952.825517537337,1981.0926192272857,1902.0520540813664,1928.6593017578125,501366.0
2024-09-20,1938.7651630980909,1940.034547369488,1896.388825242445,1921.580322265625,372956.0
2024-09-23,1931.3932891762609,1977.2358201446928,1931.3932891762609,1960.3927001953125,319324.0
2024-09-24,1965.3236367699635,1993.834841479058,1962.638501699411,1975.234130859375,435601.0
2024-09-25,1977.2358827404385,2084.0067157612325,1964.6401340195928,2077.513427734375,2690694.0
2024-09-26,2089.52332740077,2107.879935149668,2066.0894209252474,2094.5517578125,1742981.0
2024-09-27,2094.405227751882,2116.862719704466,2070.092647034278,2076.292724609375,504339.0
2024-09-30,2068.0420602346585,2092.35464066082,2044.705892490383,2084.39697265625,474793.0
2024-10-01,2092.4525536515634,2123.69776210553,2081.370173425238,2107.8310546875,826483.0
2024-10-03,2069.995062734261,2123.6977648334987,2051.589586752895,2092.55029296875,673756.0
2024-10-04,2092.452494155482,2106.805713704504,2023.3224247402973,2032.940185546875,469613.0
2024-10-07,2032.940209829552,2046.951589735379,1922.166112044552,1933.2972412109373,520672.0
2024-10-08,1933.2972932081784,1976.259455279472,1923.5331654647032,1956.877685546875,266871.0
2024-10-09,1957.7076346000003,1965.567805198366,1899.1228674798008,1903.3702392578125,309945.0
2024-10-10,1906.9340987942696,1937.4958655143296,1899.1227968022808,1905.762451171875,417120.0
2024-10-11,1909.1799019131065,1946.6740562420296,1908.838062097053,1917.4305419921875,333881.0
2024-10-14,1917.4306628449017,1927.536511628185,1889.3587944518829,1905.3231201171875,171601.0
2024-10-15,1904.981254973545,1909.375112301777,1865.14356752117,1885.7459716796875,342243.0
2024-10-16,1889.309896306308,1904.004956596445,1862.9956190697524,1877.104736328125,210463.0
2024-10-17,1883.5001467471816,1883.5001467471816,1768.2834451835906,1786.8841552734375,1131344.0
2024-10-18,1776.0947574548268,1836.3393752731808,1765.4518348501283,1828.821044921875,669944.0
2024-10-21,1828.8699716124704,1861.042724445232,1804.6060191230067,1809.1463623046875,326575.0
2024-10-22,1811.196727908666,1823.8900932730185,1750.8544933065778,1756.76171875,365598.0
2024-10-23,1747.7788301862402,1784.7848974121844,1730.3010180461756,1737.087158203125,262322.0
2024-10-24,1756.5665625437184,1798.5034430836856,1731.912140251207,1744.849609375,780077.0
2024-10-25,1745.093671437751,1750.1709700147962,1697.0542122546003,1735.6712646484375,405214.0
2024-10-28,1737.135879087709,1770.5780153786498,1727.4693691391333,1745.1912841796875,213902.0
2024-10-29,1754.4185010150366,1755.9807375983291,1719.8534653512625,1741.96923828125,331846.0
2024-10-30,1738.014718654282,1781.9532930022835,1727.2741782581038,1744.99609375,383592.0
2024-10-31,1749.829248197926,1749.829248197926,1705.93954319422,1732.7908935546875,556947.0
2024-11-01,1752.6608222472798,1755.05298572102,1736.5500124606056,1748.5599365234375,41081.0
2024-11-04,1739.039918003736,1745.7283212797329,1683.3355247995978,1705.1583251953125,368439.0
2024-11-05,1703.8403515274551,1718.4865436609289,1674.5968355773591,1714.6297607421875,240637.0
2024-11-06,1718.095835049452,1772.384359605291,1713.409125407737,1766.3795166015625,379098.0
2024-11-07,1769.2598880803596,1785.95652212636,1756.664139873374,1763.2061767578125,334850.0
2024-11-08,1766.3306473485604,1769.2598855697024,1724.3448995121933,1732.7908935546875,129546.0
2024-11-11,1724.3449441505609,1752.416811163204,1709.4057811596012,1726.2489013671875,124439.0
2024-11-12,1734.1091005353917,1752.514457634741,1711.651606553233,1718.144775390625,149047.0
2024-11-13,1718.1447194000425,1737.770591837119,1696.0289467740274,1703.9378662109375,447599.0
2024-11-14,1699.153480332763,1735.4272391241554,1699.153480332763,1708.624755859375,121569.0
2024-11-18,1708.624722930832,1714.3855820879933,1674.7431284386182,1686.6065673828125,227643.0
2024-11-19,1686.5089091755235,1731.1797921367513,1680.406329536012,1695.7359619140625,162668.0
2024-11-21,1684.3607706281869,1692.953130847144,1659.1692753693062,1671.17919921875,126914.0
2024-11-22,1671.6186380643203,1703.5961558193474,1660.878097749655,1697.15185546875,162339.0
2024-11-25,1709.698706503513,1748.9504509467222,1709.698706503513,1742.0179443359375,506465.0
2024-11-26,1747.7788086413648,1774.3860558678882,1720.4392518581478,1723.4173583984375,241531.0
2024-11-27,1730.984541880175,1733.3278370881142,1703.4008821547368,1721.4156494140625,148132.0
2024-11-28,1715.703687525008,1723.7102243987176,1687.3877177746067,1703.9378662109375,460400.0
2024-11-29,1689.1940897130216,1717.6076774416683,1688.4129118217209,1713.7020263671875,351952.0
2024-12-02,1713.70203293568,1755.9318853403693,1700.6180779478163,1749.878173828125,173554.0
2024-12-03,1762.4249710522738,1772.4820698100275,1748.0717516514087,1765.256591796875,445536.0
2024-12-04,1765.256682555742,1779.756388449248,1747.7788700173658,1758.3729248046875,293897.0
2024-12-05,1771.2126716789162,1772.1402160852565,1746.802353712007,1763.1083984375,196144.0
2024-12-06,1764.3779318362806,1768.5765545580084,1741.627465891039,1745.9237060546875,183784.0
2024-12-09,1738.0147408784346,1760.960441109133,1735.1831199904864,1743.238525390625,211992.0
2024-12-10,1752.3678904053193,1756.1271747934045,1727.420616503984,1733.230224609375,181819.0
2024-12-11,1737.917024767686,1800.505056303146,1732.351400747156,1796.550537109375,609522.0
2024-12-12,1799.0404962381492,1817.885310035257,1784.7848938917775,1807.4376220703125,786410.0
2024-12-13,1795.7206378167932,1802.8972475837047,1738.9910817288596,1797.5269775390625,345271.0
2024-12-16,1797.6247602415085,1816.713558193048,1797.6247602415085,1812.4661865234373,294052.0
2024-12-17,1806.656482472192,1814.809504751131,1756.0782564882602,1770.7733154296875,259393.0
2024-12-18,1769.3575578868004,1771.3103834281335,1744.1173116032703,1753.197998046875,361677.0
2024-12-19,1708.7223001195296,1754.7113164731163,1708.6734318059798,1726.2977294921875,224198.0
2024-12-20,1726.2977026986714,1743.2873080000836,1664.0025229904954,1670.1051025390625,302890.0
2024-12-23,1681.3338210039446,1691.9767433982104,1659.901609661482,1669.128662109375,216183.0
2024-12-24,1678.355879221539,1686.948239801514,1661.854480110792,1681.1875,167662.0
2024-12-26,1681.187591666192,1697.0054312081825,1663.3680582257148,1692.465087890625,326464.0
2024-12-27,1692.4649370413836,1702.8148878680363,1664.7836607146228,1673.1807861328125,194715.0
2024-12-30,1673.1808788721676,1687.7294528098005,1645.304366135851,1657.070068359375,331539.0
2024-12-31,1657.021238671004,1676.9399626201005,1641.3986352969646,1663.221435546875,142307.0
2025-01-01,1669.6657721752692,1691.0492348501014,1658.8763638073244,1684.9466552734375,115875.0
2025-01-02,1689.1941002206995,1711.0169018969088,1671.0328464495929,1703.88916015625,151336.0
2025-01-03,1701.8874141367476,1718.1447101753952,1690.1704611994894,1695.589599609375,132681.0
2025-01-06,1692.7579970790202,1707.452937531809,1642.3751227432963,1651.3092041015625,342429.0
2025-01-07,1650.1375776506763,1664.783769168286,1640.37344997227,1646.6712646484375,194557.0
2025-01-08,1647.1595176073315,1693.0997873096424,1620.1129308497832,1664.4908447265625,872411.0
2025-01-09,1656.2401793227714,1704.2308913341292,1653.7991473709326,1666.5413818359375,476320.0
2025-01-10,1667.9082687354646,1690.0240421151314,1631.6833783136976,1678.35595703125,370084.0
2025-01-13,1660.6828575475045,1666.6389515010555,1586.182516836549,1593.798583984375,287238.0
2025-01-14,1609.128205419386,1666.394836810893,1596.727811221502,1637.3465576171875,382855.0
2025-01-15,1635.491370443194,1664.539650007782,1628.8517160091696,1635.7354736328125,163380.0
2025-01-16,1641.3987853941176,1676.4519095672356,1641.3987853941176,1666.931884765625,169629.0
2025-01-17,1664.7837404200702,1681.7733461253156,1655.019612910275,1658.0953369140625,72086.0
2025-01-20,1655.1172242613252,1701.3503440120046,1639.4458711803331,1689.096435546875,146076.0
2025-01-21,1706.769545959304,1706.769545959304,1645.2555405843405,1657.0213623046875,195763.0
2025-01-22,1656.972414414737,1667.517719648995,1550.6899118480806,1638.3717041015625,1056383.0
2025-01-23,1645.1090243908031,1654.9707694858073,1566.4101793164864,1607.4683837890625,1122214.0
2025-01-24,1609.4212232147856,1646.231937121707,1583.8880053340372,1591.0157470703125,355209.0
2025-01-27,1576.9065999560537,1578.1759842144654,1523.2038984095625,1532.3822021484375,318852.0
2025-01-28,1537.850058199179,1549.567011023554,1514.9532272312836,1522.4715576171875,261611.0
2025-01-29,1520.2746416446205,1540.3887203227184,1513.4397524400522,1518.41943359375,304022.0
2025-01-30,1520.0794389886316,1563.7739101867446,1520.0794389886316,1549.5181884765625,240945.0
2025-01-31,1554.4491320374696,1600.0964290994991,1542.8297962198412,1594.4820556640625,253718.0
2025-02-01,1595.0678051555335,1603.953137122819,1555.0348833945498,1578.56640625,154011.0
2025-02-03,1562.455678246526,1562.455678246526,1514.025628340336,1523.692138671875,161248.0
2025-02-04,1526.621403351965,1552.5939598330217,1521.153515544008,1549.030029296875,93419.0
2025-02-05,1549.0300273093728,1589.0629518102503,1546.6867319596945,1567.4842529296875,265015.0
2025-02-06,1573.2939783688696,1583.2533411641718,1540.9746196225742,1549.469482421875,173485.0
2025-02-07,1549.4693598496112,1583.7414222764555,1546.6866074526165,1567.923583984375,176864.0
2025-02-10,1560.2100134140817,1567.8748299402137,1528.086008940641,1534.9208984375,90171.0
2025-02-11,1533.749248355329,1534.7744102636343,1477.5566449754144,1489.3712158203125,160158.0
2025-02-12,1493.9115204171346,1501.7228224846751,1444.5050586781424,1486.2467041015625,141347.0
2025-02-13,1496.7431257593828,1516.8572045368612,1484.098509153852,1487.2718505859375,115689.0
2025-02-14,1490.982324328617,1497.8660821468152,1448.6059855749843,1467.74365234375,235776.0
2025-02-17,1467.9390322785423,1494.302177966908,1445.0909488437553,1471.8934326171875,193536.0
2025-02-18,1474.822514300752,1474.822514300752,1433.862049232646,1453.195068359375,170265.0
2025-02-19,1453.1952578920782,1482.6828775868412,1435.180369721901,1466.3768310546875,147128.0
2025-02-20,1464.3261449914935,1473.7485518124552,1441.185210627336,1451.2423095703125,207052.0
2025-02-21,1451.291039489618,1460.1763715072266,1405.1555379306046,1415.9449462890625,282141.0
2025-02-24,1407.6455000029346,1410.916458958858,1381.7216931671126,1402.1776123046875,741744.0
2025-02-25,1395.1473996699283,1418.923027413363,1368.149562023418,1372.29931640625,597426.0
2025-02-27,1373.4221858845692,1378.3042497610188,1344.4227741348643,1356.1884765625,458204.0
2025-02-28,1335.4885612896762,1345.4479238308952,1311.6153168267772,1320.5982666015625,796779.0
2025-03-03,1319.1824373677828,1332.9985818389184,1285.4961989277897,1292.7215576171875,915284.0
2025-03-04,1278.2219936675835,1296.676219729345,1260.5489455350782,1285.203369140625,810532.0
2025-03-05,1285.3009210430996,1363.804531289519,1282.5670368121466,1357.2137451171875,908298.0
2025-03-06,1369.077074925376,1376.7418906913797,1359.4594337825054,1365.41552734375,246884.0
2025-03-07,1365.5133340107911,1366.9290849288177,1343.6416629206449,1351.2088623046875,160240.0
2025-03-10,1352.3316546146082,1364.976152012038,1328.8977486862684,1340.8099365234375,239890.0
2025-03-11,1333.779809642782,1467.0112810189096,1333.779809642782,1457.1495361328125,4316906.0
2025-03-12,1451.9257126427458,1484.0497149247576,1441.1851727375204,1472.479248046875,962745.0
2025-03-13,1464.6191693455662,1490.9823143937865,1459.4930022528567,1468.4759521484375,445092.0
2025-03-17,1474.8225307823714,1484.196188155238,1451.9745687112716,1467.15771484375,328175.0
2025-03-18,1467.15771484375,1467.15771484375,1467.15771484375,1467.15771484375,0.0
2025-03-19,1479.2652306977243,1540.5351272167225,1479.2652306977243,1524.27783203125,1269986.0
2025-03-20,1538.924180100139,1576.9066616080338,1530.0388475168972,1567.3377685546875,748197.0
2025-03-21,1566.9472374813342,1586.6707274632424,1556.9877558620358,1572.0245361328125,473951.0
2025-03-24,1581.5934021500632,1593.066251832163,1559.38001234004,1573.928466796875,501821.0
2025-03-25,1586.6707340012672,1586.6707340012672,1538.1430675362174,1541.0234375,268096.0
2025-03-26,1549.0788599950563,1570.9016615718488,1540.095910185199,1567.0936279296875,278624.0
2025-03-27,1565.7266794055424,1574.270290785063,1543.0250834542453,1556.93896484375,489224.0
2025-03-28,1567.1425196854047,1581.7887114581656,1537.801267824235,1540.974609375,444943.0
2025-04-01,1542.732101474032,1572.6591752553843,1529.062323359705,1542.390380859375,296042.0
2025-04-02,1546.5889646980602,1561.137538859429,1524.863780490647,1557.5736083984375,191301.0
2025-04-03,1544.6849869791668,1599.998793694973,1544.6361186647416,1592.7733154296875,241455.0
2025-04-04,1592.7733009880053,1592.7733009880053,1551.8615828592915,1560.3564453125,205897.0
2025-04-07,1476.336134790012,1528.0860125306672,1460.4694269921697,1513.2933349609375,297314.0
2025-04-08,1530.3804363540114,1550.7386175083186,1509.8270203342113,1528.5740966796875,198820.0
2025-04-09,1528.085880905729,1528.085880905729,1492.153845742215,1510.8521728515625,168850.0
2025-04-11,1528.0370789410038,1562.2603933594376,1506.6537351597035,1527.3536376953125,298412.0
2025-04-15,1548.5907142778224,1560.6006394987544,1503.6757250869146,1553.4727783203125,692147.0
2025-04-16,1550.6409993863335,1578.859350515756,1542.1462564940978,1556.10888671875,273529.0
2025-04-17,1561.283970646965,1572.0245107827477,1523.4968453002052,1528.0859375,244987.0
2025-04-21,1540.7793527589922,1549.86003920641,1500.8440465837537,1536.678466796875,520767.0
2025-04-22,1547.4190463592654,1579.7382860599332,1523.789785187838,1560.9910888671875,541851.0
2025-04-23,1611.0810973230282,1616.2561327665926,1539.9005813667352,1547.0284423828125,1786931.0
2025-04-24,1559.624125391189,1584.7178852633174,1519.2982313430202,1570.1693115234375,1610300.0
2025-04-25,1572.024490590141,1584.7178560421112,1498.8911534940505,1532.577392578125,699413.0
2025-04-28,1529.843642706228,1554.4491979113322,1523.3016053461367,1543.8062744140625,180311.0
2025-04-29,1540.7792773993947,1568.4118051457608,1530.5269438045316,1542.243896484375,263086.0
2025-04-30,1546.637803028961,1563.2368198543977,1531.2104338324446,1553.86328125,382030.0
2025-05-02,1561.284039526692,1561.284039526692,1517.150229425357,1520.0794677734375,321740.0
2025-05-05,1520.762867730972,1560.307584355758,1518.419453277968,1553.5703125,457874.0
2025-05-06,1547.7118591335177,1570.5599418080951,1505.1402861654828,1509.1435546875,260143.0
2025-05-07,1484.733180924312,1515.685536136781,1484.733180924312,1507.190673828125,312215.0
2025-05-08,1503.6756759820687,1525.156757067527,1459.7371010345407,1471.9422607421875,216957.0
2025-05-09,1449.9729481147233,1486.100220222632,1436.107934603768,1480.0465087890625,192516.0
2025-05-12,1513.3420986876909,1534.920795963222,1505.726031794677,1530.4293212890625,207887.0
2025-05-13,1530.4293491613062,1539.802887606569,1516.3689818979085,1528.37890625,351388.0
2025-05-14,1534.8232344517276,1581.7886641605137,1523.2038988212353,1565.9708251953125,483675.0
2025-05-15,1571.926973632015,1580.8123061781364,1558.1595771384627,1577.0042724609375,397953.0
2025-05-16,1577.1018305596035,1595.751409489868,1566.26367284232,1593.798583984375,537281.0
2025-05-19,1586.6707388956495,1622.7980111043505,1575.734963633204,1604.734375,759428.0
2025-05-20,1611.080974674239,1615.767803367875,1581.7885933165255,1595.7513427734375,561074.0
2025-05-21,1596.434794051164,1631.5856519018316,1585.6942541523488,1625.4342041015625,458448.0
2025-05-22,1630.6093280781265,1645.25551964769,1612.1551028622732,1628.0706787109375,656893.0
2025-05-23,1628.0707056846643,1649.5517870092551,1625.532056275416,1635.100830078125,191866.0
2025-05-26,1635.49141190165,1653.65266583143,1622.6028108394871,1650.821044921875,475476.0
2025-05-27,1650.1376012066585,1655.996077897333,1629.6329327892977,1648.087158203125,351665.0
2025-05-28,1645.25554811059,1657.4607079630423,1630.6093562876467,1650.2352294921875,309830.0
2025-05-29,1651.1139667045345,1658.9252687350706,1639.3970136587309,1648.5753173828125,440526.0
2025-05-30,1656.4843134327598,1656.6795483161452,1626.1178992233597,1636.6630859375,1147427.0
2025-06-02,1636.6630859375,1642.5215627312498,1611.0811182811988,1636.6630859375,204201.0
2025-06-03,1630.6092587310882,1649.4540720922275,1611.6668279351725,1623.9696044921875,384326.0
2025-06-04,1623.9697160859391,1646.134358089609,1607.761287496019,1643.009765625,201572.0
2025-06-05,1643.790953892109,1678.258373515288,1643.790953892109,1672.6927490234375,268839.0
2025-06-06,1681.3828468085603,1684.116850333436,1668.0060390835283,1672.6927490234375,118217.0
2025-06-09,1674.5479126682972,1708.6247424261053,1674.5479126682972,1703.44970703125,160012.0
2025-06-10,1713.6044274585734,1718.4864913544668,1687.7294888103386,1694.076171875,325350.0
2025-06-11,1688.9987967693212,1692.904447709529,1656.972411383213,1672.3997802734375,471313.0
2025-06-12,1689.1941478599042,1691.0493560223467,1652.5786677762358,1660.585205078125,324324.0
2025-06-13,1626.703622296994,1672.0091972003702,1615.2796409332564,1665.7601318359375,329268.0
2025-06-16,1664.783782468348,1676.500735776043,1647.7941763339877,1670.154052734375,117822.0
2025-06-17,1670.642148117646,1682.2614832139416,1660.8780210100033,1669.275146484375,335254.0
2025-06-18,1674.2548332904964,1678.4534556377785,1650.820928150702,1659.608642578125,155711.0
2025-06-19,1662.879034810068,1667.833978298775,1622.7439925515414,1633.843017578125,315327.0
2025-06-20,1633.84291576534,1648.7077453051604,1615.3114766604808,1639.5906982421875,243281.0
2025-06-23,1634.833993664016,1653.4646294259494,1623.2394743780071,1628.8880615234375,344916.0
2025-06-24,1640.8790490981116,1660.7978966967034,1621.2574255112636,1631.0682373046875,405865.0
2025-06-25,1635.1313252345374,1661.2934506323495,1628.6898988017954,1657.1312255859375,456321.0
2025-06-26,1666.842970442786,1667.3384647859618,1642.4646729526053,1657.924072265625,330788.0
2025-06-27,1661.4916272816831,1686.46461505961,1657.924092162065,1663.671875,235914.0
2025-06-30,1672.6898574033808,1684.581721849445,1656.9331128182855,1675.365478515625,183593.0
2025-07-01,1671.4014626616322,1740.1761003904862,1668.923990992511,1710.248291015625,250794.0
2025-07-02,1774.860722939899,1802.311060942308,1731.3562957659055,1791.2120361328125,3532942.0
2025-07-03,1785.7616340285344,1791.2120718682445,1750.6806099207065,1761.9779052734375,1210447.0
2025-07-04,1761.9778314663654,1775.2571036591023,1738.5905233642454,1746.5184326171875,696115.0
2025-07-07,1741.2662104874382,1761.4824040443702,1739.1851584235555,1752.3653564453125,256506.0
2025-07-08,1744.437405150184,1752.1670441982646,1729.4733794487026,1747.6085205078125,249301.0
2025-07-09,1745.2301489583722,1755.833800470045,1727.6896976220023,1745.3292236328125,257462.0
2025-07-10,1745.3292486465962,1753.5545032380935,1728.7797857580413,1737.599609375,269342.0
2025-07-11,1737.5996176067988,1750.086051081839,1682.7978938931828,1696.37451171875,873701.0
2025-07-14,1702.5184844900386,1703.5094731306033,1684.779763629873,1697.9599609375,519669.0
2025-07-15,1699.6446485562335,1716.7888009841051,1694.5906305189203,1713.1220703125,148444.0
2025-07-16,1718.0770659874663,1726.59966560943,1702.617666414866,1708.5635986328125,172293.0
2025-07-17,1715.4014026665836,1722.239248743023,1689.6356970228337,1715.9959716796875,209083.0
2025-07-18,1684.9781025508496,1796.761553176079,1684.9781025508496,1747.9058837890625,3463462.0
2025-07-21,1747.8067204977333,1788.1400331398183,1725.4104000885047,1755.2391357421875,650988.0
2025-07-22,1757.9147768349092,1761.8787314042554,1714.6085005826249,1721.0499267578125,456869.0
2025-07-23,1719.068037612295,1736.3112650670955,1700.1401777672656,1725.9058837890625,278934.0
2025-07-24,1724.3203201271876,1724.3203201271876,1697.5636255045242,1712.9239501953125,166058.0
2025-07-25,1709.2573586753397,1725.2122525562008,1687.1582622704032,1713.2213134765625,376869.0
2025-07-28,1704.500558220766,1730.8608333573295,1681.7078181980464,1709.05908203125,497095.0
2025-07-29,1702.617575762743,1741.4644034338587,1700.437449120359,1713.8157958984375,442463.0
2025-07-30,1714.3113585400413,1749.0950373551404,1710.9419728009348,1742.752685546875,385517.0
2025-07-31,1750.085960802455,1766.8336932284287,1685.9690433559642,1709.1580810546875,622290.0
2025-08-01,1704.5995945997904,1716.5905333656783,1645.041199463863,1652.17626953125,214125.0
2025-08-04,1650.9871722711978,1668.1313251492888,1608.275583545157,1660.302490234375,210226.0
2025-08-05,1672.88792030841,1697.365412610515,1641.9691227345131,1675.9599609375,197782.0
2025-08-06,1673.8789473436352,1688.5456281269694,1644.9421264114649,1669.81591796875,159501.0
2025-08-07,1664.1673603669944,1665.8519927567963,1640.1853614167514,1657.4285888671875,248032.0
2025-08-08,1651.5816365435842,1657.428493689972,1624.6267940328269,1639.5906982421875,108931.0
2025-08-11,1635.131339046567,1657.7259295742392,1630.275470269884,1649.8970947265625,369305.0
2025-08-12,1643.554767254605,1649.0052051321452,1605.5007767882646,1612.338623046875,211374.0
2025-08-13,1622.8430677118254,1630.6719026203805,1604.4107021223915,1625.0233154296875,134127.0
2025-08-14,1625.2214071957744,1691.4194982672327,1625.2214071957744,1679.626708984375,243641.0
2025-08-18,1683.689719869281,1697.8609059820196,1637.0141785507776,1658.3204345703125,148861.0
2025-08-19,1658.8159809808192,1682.698784051567,1609.4646961699862,1653.761962890625,236976.0
2025-08-20,1653.6627454669335,1659.6086774877465,1625.221419022164,1630.37451171875,86667.0
2025-08-21,1635.1313404349728,1639.1943698747211,1566.6540460689985,1574.6810302734375,3645917.0
2025-08-22,1574.681056863387,1594.99632537547,1568.5369752624874,1590.0413818359375,554087.0
2025-08-25,1590.0413750453324,1603.1223775457122,1571.6090093510516,1580.4288330078125,1961794.0
2025-08-26,1575.5729322168784,1590.0413428030774,1541.482897307689,1548.7171630859375,737402.0
2025-08-28,1568.8341320755108,1570.71703473392,1531.8703274365057,1545.5458984375,323930.0
2025-08-29,1545.7441651404995,1547.7261424667622,1506.401842632005,1534.64501953125,458704.0
2025-09-01,1545.94236091648,1553.7711957844117,1526.122587058576,1546.933349609375,135915.0
2025-09-02,1550.8972679381598,1554.3657282817917,1535.1405238973166,1537.5189208984375,89974.0
2025-09-03,1546.9332867531534,1562.690030524006,1540.6900098534757,1551.9873046875,954704.0
2025-09-04,1552.7801339198966,1563.879158369184,1534.0504243127175,1540.293701171875,525937.0
2025-09-05,1536.032405981792,1547.7261204283516,1522.554984549172,1535.635986328125,167009.0
2025-09-08,1546.536869746961,1546.536869746961,1527.113516316232,1533.0594482421875,105826.0
2025-09-09,1535.041411792076,1599.8520933981436,1533.25758384216,1589.05029296875,623935.0
2025-09-10,1597.4737610136704,1609.7620449078352,1560.906254324943,1568.437744140625,248548.0
2025-09-11,1568.7351257024266,1576.56396069437,1559.8162273250912,1569.032470703125,218717.0
2025-09-12,1571.113437149909,1605.2034710611886,1564.2755912393147,1599.4556884765625,372217.0
2025-09-15,1599.4557029409568,1659.9060114164204,1588.7529769866908,1655.2484130859375,358797.0
2025-09-16,1669.815922988436,1709.4554701216928,1658.4195531876248,1698.3564453125,406161.0
2025-09-17,1704.5005149649871,1710.347372320845,1665.7528821037376,1677.8428955078125,227022.0
2025-09-18,1687.653670799216,1729.473343437362,1660.8969772516068,1668.428466796875,399160.0
2025-09-19,1675.6627397294335,1714.1130269336263,1658.9150072779096,1669.2213134765625,660439.0
2025-09-22,1669.2213931229749,1683.6898039718749,1632.9512308394771,1638.0052490234375,119952.0
2025-09-23,1651.3834946367904,1659.9059727505855,1627.5997672660358,1640.383544921875,140911.0
2025-09-24,1649.005136972026,1654.7529196116095,1633.0502436749496,1639.6898193359375,125768.0
2025-09-25,1640.0862454549267,1658.2213864665046,1622.9420931112977,1643.85205078125,155533.0
2025-09-26,1627.2033521868946,1645.338492746157,1590.5367723873117,1599.1583251953125,147048.0
2025-09-29,1603.419665020294,1627.9962323778211,1582.9062479783013,1598.4647216796875,418238.0
2025-09-30,1613.230495486994,1628.2934750266668,1586.7710251632334,1598.7620849609375,183007.0
2025-10-01,1598.7620374381106,1610.2574815840878,1577.1584364799255,1598.662841796875,218770.0
2025-10-03,1598.6628783795293,1607.9781960967823,1584.789036962007,1599.257568359375,174603.0
2025-10-06,1599.257542923843,1653.8609937260155,1578.446781128546,1643.5546875,254214.0
2025-10-07,1650.9871371299344,1659.8069605559604,1635.1313182859494,1647.5186767578125,99963.0
2025-10-08,1657.4285648008236,1692.6086628877767,1644.149292314787,1673.97802734375,449032.0
2025-10-09,1661.8880192682311,1689.635702356789,1656.4375815186934,1681.5096435546875,140768.0
2025-10-10,1686.2662617235749,1930.346814473184,1686.2662617235749,1853.346923828125,14534247.0
2025-10-13,1816.482180666512,1836.69837315604,1769.9057144955752,1781.9957275390625,1042994.0
2025-10-14,1782.8876752368335,1881.887466632908,1773.8697026186971,1855.725341796875,3585496.0
2025-10-15,1927.4729721739493,1980.9863606044864,1863.0587083223784,1937.48193359375,7094725.0
2025-10-16,1920.5360396906533,1985.9412918163416,1891.103724622213,1953.5360107421875,2679217.0
2025-10-17,1950.2657438170584,1960.6711250721803,1898.7343318869328,1909.5361328125,669152.0
2025-10-20,1918.0585749445795,1922.5180239692504,1845.61732720454,1887.9324951171875,778439.0
2025-10-21,1894.57218906655,1912.509059812484,1883.8694630346783,1898.0406494140625,52989.0
2025-10-23,1901.707246423996,1902.1036660836987,1829.7614936037864,1835.5091552734373,303295.0
2025-10-24,1848.1939014805016,1891.2028346956088,1826.491225038494,1878.91455078125,348115.0
2025-10-27,1878.518140670341,1935.995484815801,1872.9686281882875,1923.806396484375,569518.0
2025-10-28,1923.5090264938744,1924.5000151731604,1875.7434205404147,1889.51806640625,316026.0
2025-10-29,1887.9324432243468,1901.1126405897696,1861.3740201229296,1892.490966796875,162596.0
2025-10-30,1892.491048822276,1940.7522705033432,1883.076656287585,1896.55419921875,566326.0
2025-10-31,1897.4459030908545,1897.4459030908545,1853.9415985144344,1858.5001220703125,151996.0
2025-11-03,1858.500220469766,1892.7884050797688,1844.229959085576,1883.8695068359373,172062.0
2025-11-04,1889.5180711025323,1922.5180425928904,1873.9595971871936,1888.2298583984373,266994.0
2025-11-06,1888.2298286747955,1888.2298286747955,1819.45519104998,1825.401123046875,244304.0
2025-11-07,1823.4191792431627,1837.3920954987384,1801.2210085191862,1832.7344970703125,235066.0
2025-11-10,1814.9957737482828,1847.59932562802,1804.7885419205743,1827.2840576171875,147135.0
2025-11-11,1829.761541262674,1836.3020424220872,1809.7434971441069,1823.419189453125,103987.0
2025-11-12,1826.986724542778,1838.284019801928,1791.8066260506116,1823.419189453125,252740.0
2025-11-13,1825.5002489081369,1888.0316113015303,1819.554316744512,1871.6802978515625,357069.0
2025-11-14,1877.8244806489608,1900.121726028788,1848.5903144842976,1857.11279296875,284656.0
2025-11-17,1864.2478273330512,1892.788349259746,1858.7973896781148,1889.71630859375,205924.0
2025-11-18,1889.0225015918188,1889.0225015918188,1858.797348001226,1863.9505615234373,131300.0
2025-11-19,1863.9506061547552,1894.6712548020948,1846.211884838522,1858.5992431640625,127977.0
2025-11-20,1876.9325449800829,1919.445983207746,1849.085787487796,1900.1217041015625,367033.0
2025-11-21,1907.653239419668,1930.5450540986435,1878.9145672413968,1903.5902099609373,485135.0
2025-11-24,1909.5361165708048,1911.3198236171893,1836.7975230786744,1863.8515625,333641.0
2025-11-25,1857.2118959494,1862.8606041138955,1803.5994315463936,1809.4462890625,253693.0
2025-11-26,1814.797639520764,1843.63538625553,1793.8876813493955,1834.320068359375,316546.0
2025-11-27,1834.0227300617173,1857.8064587496715,1809.545357675152,1826.2930908203125,215165.0
2025-11-28,1826.986630841228,1840.860471788556,1791.7074594835092,1798.842529296875,297113.0
2025-12-01,1809.3471994128129,1826.8876508456688,1801.6174392391788,1820.0498046875,178517.0
2025-12-02,1823.4191548214503,1843.8334972520224,1803.599381399478,1831.6444091796875,248199.0
2025-12-03,1834.320081525085,1879.8064869952127,1826.6895169322524,1848.0948486328125,559106.0
2025-12-04,1848.094830058776,1852.058784814236,1814.6984386618387,1830.157958984375,143925.0
2025-12-05,1838.0858677951271,1844.725443619876,1800.725521656961,1821.338134765625,179118.0
2025-12-08,1833.3289842669576,1833.4280589369127,1769.9057112977223,1795.4732666015625,228640.0
2025-12-09,1793.887632586152,1807.067830215768,1765.0498866352816,1790.1219482421875,301851.0
2025-12-10,1801.617424843837,1801.7164995180303,1768.914798320269,1779.815673828125,78895.0
2025-12-11,1779.815663312856,1781.4012210014805,1750.185077686138,1759.30224609375,289405.0
2025-12-12,1769.212124223292,1796.46431269888,1769.212124223292,1782.8876953125,495707.0
2025-12-15,1782.8877448429732,1790.9147291138122,1768.9148283759123,1776.2481689453125,63859.0
2025-12-16,1776.7436379193969,1831.842584623396,1770.3022114654873,1808.356201171875,328010.0
2025-12-17,1807.166951033487,1829.166972535414,1788.7345855920828,1811.22998046875,121148.0
2025-12-18,1794.7795253523725,1807.3651538283373,1768.9147457017173,1775.5543212890625,123552.0
2025-12-19,1775.8516772409207,1820.941661233366,1775.8516772409207,1808.2569580078125,227855.0
2025-12-22,1803.5994344802089,1821.2390817330247,1777.8337282733485,1781.6986083984375,155929.0
2025-12-23,1791.1129946806332,1798.0499155578082,1771.1941460702335,1777.536376953125,121814.0
2025-12-24,1773.869743246457,1788.7345734971257,1749.590520503698,1755.4373779296875,103089.0
2025-12-26,1756.9238225764216,1788.1399654209386,1754.1490059354574,1761.5814208984375,95640.0
2025-12-29,1761.5814919734746,1790.7165839979382,1749.0950585259332,1783.7796630859375,322808.0
2025-12-30,1782.788637643529,1806.671440668596,1758.0139206112397,1795.3741455078125,404889.0
2025-12-31,1795.374141756668,1813.5092829745324,1780.6085072125124,1808.8516845703125,367823.0
2026-01-01,1808.8517178032496,1817.671420434118,1787.4462651625674,1795.176025390625,112678.0
2026-01-02,1790.2209879792008,1807.2659442925733,1767.3291744636997,1773.96875,155242.0
2026-01-05,1776.7436021514245,1798.8425768047027,1773.968785500558,1786.7525634765625,147231.0
2026-01-06,1792.6985556511988,1802.9057876342367,1778.1310701708433,1788.437255859375,143989.0
2026-01-07,1787.7435713694222,1788.536410698281,1769.4102808648022,1783.6805419921875,295013.0
2026-01-08,1774.8607557113874,1789.6265114856258,1743.545537091109,1759.8968505859375,107731.0
2026-01-09,1759.8967672147724,1770.797642361587,1710.6445587419887,1726.0048828125,125140.0
2026-01-12,1724.3202743233855,1732.2481836306197,1665.8519431825353,1721.6446533203125,160794.0
2026-01-13,1719.4644010156164,1731.257190272205,1708.4644510757191,1722.932861328125,70975.0
2026-01-14,1718.374375508641,1751.8698413663058,1704.500533953208,1737.7977294921875,86369.0
2026-01-15,1737.7977294921875,1737.7977294921875,1737.7977294921875,1737.7977294921875,0.0
2026-01-16,1744.140059301433,1757.1219866851286,1726.5004125862883,1738.7886962890625,183380.0
2026-01-19,1726.5004458788712,1754.9418938401477,1706.6806720955285,1746.1220703125,167121.0
2026-01-20,1739.7796844142151,1746.1220360946568,1683.3924049115371,1696.770751953125,195048.0
2026-01-21,1693.104183779121,1728.0861330670964,1586.5728991690798,1603.2215576171875,994813.0
2026-01-22,1585.5819025224523,1643.95116050312,1515.8162746174048,1533.951416015625,2035590.0
2026-01-23,1541.978398827399,1569.7260820967865,1527.1135685045126,1546.1405029296875,617465.0
2026-01-27,1546.9333076568885,1557.437763322639,1524.239643010976,1542.176513671875,141753.0
2026-01-28,1542.3747351271095,1553.176535438599,1494.708205995622,1515.6180419921875,409930.0
2026-01-29,1516.7082201252151,1547.9243644793112,1501.1497457717703,1514.8253173828125,449086.0
2026-01-30,1514.8252081165117,1574.5818713864337,1508.7802016177177,1556.34765625,482770.0
2026-02-02,1602.3296601101297,1603.122378491356,1502.9334446848504,1556.0504150390625,538226.0
2026-02-03,1605.4017079203609,1605.5998572739588,1550.897328947756,1569.032470703125,371475.0
2026-02-04,1569.0323940291796,1582.1133959552544,1541.3837862164849,1548.1224365234375,132201.0
2026-02-05,1548.122484342475,1552.08643910558,1525.3297444546222,1536.032470703125,87008.0
2026-02-06,1536.032386881533,1546.239618227637,1518.1945914209734,1538.7080078125,79648.0
2026-02-09,1547.924355036886,1568.73511781267,1532.7621794835518,1559.4197998046875,309924.0
2026-02-10,1569.726024082387,1672.788843845372,1565.7620694761183,1661.6898193359375,507715.0
2026-02-11,1669.8159087576578,1692.410498819174,1644.4466230026394,1687.9510498046875,575397.0
2026-02-12,1678.7347633304887,1694.5905816382146,1654.9510358688997,1689.9329833984375,121469.0
2026-02-13,1664.8609298016515,1676.3563739324136,1626.5097174854095,1641.9691162109375,141869.0
2026-02-16,1610.4556429180257,1630.9691807080178,1600.4466816725228,1606.9871826171875,100016.0
2026-02-17,1596.4827850038257,1640.4827071830937,1596.4827850038257,1636.419677734375,80666.0
2026-02-18,1635.1313518852814,1645.5367332154606,1618.2845440173726,1642.662841796875,80604.0
2026-02-19,1650.5907267303292,1662.7799359231851,1624.428601296834,1641.57275390625,180291.0
2026-02-20,1640.086196826823,1688.2482204670748,1631.8609427386075,1671.50048828125,526249.0
2026-02-23,1671.5005512561668,1678.734816978372,1641.671816305569,1666.446533203125,187804.0
2026-02-24,1670.1133075344794,1670.1133075344794,1575.77111054078,1608.176513671875,334083.0
2026-02-25,1616.1044201548505,1644.9421671273417,1569.329680938264,1614.9151611328125,276162.0
2026-02-26,1617.2934738446918,1654.7528931343593,1607.680932345375,1645.3385009765625,133512.0
2026-02-27,1645.6357298069438,1646.0321494614388,1566.257563048648,1583.1043701171875,974472.0
2026-03-02,1560.807186286015,1582.212517789592,1525.3297428064418,1530.58203125,199684.0
2026-03-04,1500.0595647721584,1509.2758081806865,1458.3389641964177,1469.4381103515625,207874.0
2026-03-05,1478.951577863699,1478.951577863699,1430.2940563024797,1448.4290771484375,295136.0
2026-03-06,1437.032619211957,1485.2938391176788,1426.8255086846364,1443.5731201171875,359915.0
2026-03-09,1413.14981986935,1473.600127731924,1389.2670175144249,1470.0325927734375,579665.0
2026-03-10,1476.771244751185,1477.7622334058212,1437.9245378775522,1463.2938232421875,241682.0
2026-03-11,1465.672229403609,1482.5190366381332,1452.7893768125025,1469.537109375,279168.0
2026-03-12,1461.708351772045,1462.203846128578,1425.6363384223898,1436.239990234375,146992.0
2026-03-13,1427.0236697317396,1438.9155336461708,1382.2310307088335,1385.501220703125,548247.0
2026-03-16,1387.3841369456002,1412.1588536767715,1364.8887425418152,1399.2760009765625,344382.0
2026-03-17,1408.6903786901812,1428.1137322114423,1387.8796168523384,1422.0687255859375,343567.0
2026-03-18,1423.951598499052,1490.6450612712686,1417.510172350411,1483.212646484375,199413.0
2026-03-19,1475.8795269363538,1475.8795269363538,1424.0507692700005,1427.9156494140625,207893.0
2026-03-20,1431.780520481769,1450.411035437906,1397.39314004961,1404.0328369140625,269220.0
2026-03-23,1397.4921974019994,1400.9606578049672,1349.3301714291326,1370.537353515625,649938.0
2026-03-24,1408.194904638047,1421.077757389838,1359.6364596505282,1394.618408203125,230988.0
2026-03-25,1405.2219844095555,1444.5641876300806,1399.1769775000205,1436.7354736328125,210536.0
2026-03-27,1436.7353778208112,1436.7353778208112,1372.5192655982073,1385.699462890625,287286.0
2026-03-30,1387.384147994244,1391.3481027027992,1330.0058793938513,1335.753662109375,344621.0
2026-04-01,1364.7895109206531,1404.6273269563671,1349.825606603557,1377.67236328125,251619.0
2026-04-02,1349.52837375032,1385.3030393385905,1310.5824719426591,1374.798583984375,243243.0
2026-04-06,1367.5644191351814,1397.0959310669457,1351.2131054281303,1390.059814453125,261005.0
2026-04-07,1372.519311577222,1394.3210623748384,1353.888676143867,1385.798583984375,197988.0
2026-04-08,1446.8434882519166,1458.7353525389187,1411.266970065909,1455.365966796875,222887.0
2026-04-09,1455.0687636507764,1481.2307686813424,1433.9606558503465,1457.744384765625,424150.0
2026-04-10,1459.1316954943816,1505.2126671837766,1456.7532985679672,1495.40185546875,404524.0
2026-04-13,1472.3118453345946,1519.1856586638762,1417.113823802572,1498.6722412109375,291368.0
2026-04-15,1516.2126894024675,1553.8702594660583,1511.5550909669323,1547.4288330078125,239338.0
2026-04-16,1547.428786585619,1555.8521901629342,1517.2036325728996,1547.3297119140625,247776.0
2026-04-17,1541.38378159554,1560.509790097231,1501.3478156507929,1507.392822265625,576905.0
2026-04-20,1520.1766452593276,1520.1766452593276,1481.9245061502518,1502.04150390625,260472.0
2026-04-21,1511.6541935517344,1515.6181483684582,1486.4830562714772,1499.7623291015625,353133.0
2026-04-22,1501.7442235889102,1522.1585655737706,1484.798341877167,1511.2576904296875,540645.0
2026-04-23,1521.1675562012292,1597.473681170281,1498.1766682350344,1566.4556884765625,2928832.0
2026-04-24,1575.6719763694475,1580.6269196913645,1477.465023923122,1506.8973388671875,1139761.0
2026-04-27,1506.897304305558,1564.7710651722311,1504.5189073715287,1560.509765625,567338.0
2026-04-28,1560.5098046853757,1608.374605663479,1555.5548613530789,1584.1944580078125,672007.0
2026-04-29,1592.5187567875043,1599.6538266625294,1568.4376842612808,1587.761962890625,431680.0
2026-04-30,1567.744051341051,1575.771035248043,1554.167555163194,1566.257568359375,277687.0
2026-05-01,1566.257568359375,1566.257568359375,1566.257568359375,1566.257568359375,0.0
2026-05-04,1572.401692809282,1583.0053442852732,1536.0324565803062,1555.455810546875,399484.0
2026-05-05,1555.8521690148432,1558.7260602726872,1524.8341761106974,1544.9512939453125,418928.0
2026-05-06,1564.7710999033873,1594.996254144713,1543.0684239753923,1576.6629638671875,456933.0
2026-05-07,1584.7890901654762,1595.293667224776,1565.7621553993763,1579.1405029296875,223943.0
2026-05-08,1579.5368516095034,1594.8971758613004,1560.906216386947,1577.9512939453125,369396.0
2026-05-11,1562.6901083017872,1577.654013507199,1545.9423750447424,1557.3387451171875,158224.0
2026-05-12,1557.338654464762,1577.0593526797234,1516.6090453794686,1526.0234375,257072.0
2026-05-13,1531.0774819122469,1561.699055744551,1518.4919743001803,1544.753173828125,278572.0
2026-05-14,1559.8161260332322,1654.9510358802402,1559.6179766925018,1641.17626953125,1323852.0
2026-05-15,1654.951075236003,1700.5365539550785,1652.4736035664876,1664.8609619140625,505345.0
2026-05-18,1652.4735645416038,1662.8789453078327,1622.545755868758,1653.365478515625,134209.0
2026-05-19,1653.3655648548693,1661.5906984507549,1615.6089197255194,1631.761962890625,378037.0
2026-05-20,1615.5097081140532,1788.734578877697,1615.5097081140532,1759.5994873046875,3191014.0
2026-05-21,1768.9148237244997,1912.6081847553407,1755.140056645414,1879.2119140625,1722042.0
2026-05-22,1882.680333261941,1961.1665879383595,1867.5181581454465,1946.3017578125,2440357.0
2026-05-25,1946.3017600824023,1966.418878597646,1894.274854581218,1918.5540771484373,824325.0
2026-05-26,1918.355962625264,2031.4276274694064,1870.9866546542653,1990.995361328125,2522180.0
2026-05-27,1990.8962397365128,2029.5447978996408,1907.157697049736,1948.8782958984373,1155522.0
2026-05-28,1948.8782958984373,1948.8782958984373,1948.8782958984373,1948.8782958984373,0.0
2026-05-29,1952.247667928992,1968.4008315390608,1890.211801761449,1947.292724609375,1178387.0
2026-06-01,1966.7161294612097,2006.7520967207097,1904.2838420076764,1925.0946044921875,586383.0
2026-06-02,1918.1576745416269,1944.3198000203645,1878.0226327980872,1889.0225830078125,496274.0
2026-06-03,1889.0225913153813,1942.3378311923525,1888.725367290746,1916.2747802734373,764419.0
2026-06-04,1924.995462702046,1990.6980589291063,1901.707229305136,1968.00439453125,902558.0
2026-06-05,1981.97737946152,2011.409695158404,1943.031475566981,1954.92333984375,951148.0
2026-06-08,1945.3107231894005,1957.6980813350283,1840.9595697825127,1888.626220703125,479458.0
2026-06-09,1902.797341310198,1976.923343002686,1888.6262757606592,1957.9954833984373,721557.0
2026-06-10,1956.409767296566,1975.0404025223256,1936.391844720836,1960.7701416015625,678230.0
2026-06-11,1948.28369140625,1967.7070448070856,1897.7432701134123,1948.28369140625,445629.0
2026-06-12,1962.1575682818795,1962.1575682818795,1926.6801254773509,1948.8782958984373,281125.0
2026-06-15,1981.9773496735904,1999.1215021363853,1901.7072670118096,1916.4730224609373,596415.0
2026-06-16,1922.518082972984,1934.3108727275485,1873.1667971972065,1896.35595703125,510643.0
2026-06-17,1902.6982203230937,1950.1666011595885,1877.0315899278007,1882.6802978515625,839867.0
2026-06-18,1910.626158599382,1948.283728115345,1884.8604531410915,1924.5,801616.0
2026-06-19,1921.0,2016.5,1921.0,1988.800048828125,1088874.0
2026-06-22,2003.0,2110.0,1981.300048828125,2061.699951171875,2750046.0
2026-06-23,2076.0,2076.0,1978.0999755859373,2023.199951171875,797690.0
2026-06-24,2025.0,2070.0,2011.0999755859373,2028.5,1421800.0
2026-06-25,2032.0,2053.89990234375,1985.0,1991.9000244140625,464660.0
2026-06-26,1991.9000244140625,1991.9000244140625,1991.9000244140625,1991.9000244140625,0.0
2026-06-29,1990.0999755859373,2017.800048828125,1949.5,1993.4000244140625,769232.0
2026-06-30,1987.0,2002.199951171875,1955.199951171875,1970.5999755859373,579724.0
2026-07-01,1970.5999755859373,1990.0,1900.0,1911.699951171875,452813.0
2026-07-02,1924.9000244140625,1951.0,1876.199951171875,1938.0,704700.0
2026-07-03,1938.0,1968.0,1893.9000244140625,1906.699951171875,452279.0
2026-07-06,1908.699951171875,1928.9000244140625,1888.0,1892.0,276858.0
2026-07-07,1891.0,1926.0,1879.699951171875,1906.9000244140625,337759.0
2026-07-08,1906.699951171875,1920.4000244140625,1858.800048828125,1886.199951171875,254484.0
2026-07-09,1898.0,1907.4000244140625,1865.5999755859373,1870.4000244140625,214737.0
2026-07-10,1886.199951171875,1901.5,1850.0,1856.199951171875,577543.0
2026-07-13,1857.0,1895.9000244140625,1829.4000244140625,1835.4000244140625,324577.0
2026-07-14,1838.9000244140625,1852.9000244140625,1831.0,1848.5999755859373,112339.0
2026-07-15,1852.9000244140625,1863.9000244140625,1825.0,1855.699951171875,144266.0
2026-07-16,1866.0,1866.0,1833.4000244140625,1839.9000244140625,113550.0
2026-07-17,1842.9000244140625,1849.9000244140625,1801.0,1817.0999755859373,180878.0
2026-07-20,1815.0,1862.5999755859373,1815.0,1822.5999755859373,106024.0
2026-07-21,1808.0,1836.4000244140625,1808.0,1818.800048828125,132112.0
2026-07-22,1830.0,1854.0,1680.0,1761.4000244140625,1705525.0
2026-07-23,1765.699951171875,1817.5999755859373,1742.800048828125,1800.699951171875,653698.0
2026-07-24,1799.9000244140625,1799.9000244140625,1751.699951171875,1775.300048828125,187353.0
2026-07-27,1787.699951171875,1796.9000244140625,1713.0,1735.199951171875,387586.0
2026-07-28,1735.199951171875,1784.199951171875,1727.800048828125,1764.5,427084.0
2026-07-29,1779.4000244140625,1799.0999755859375,1761.800048828125,1780.699951171875,210812.0
2026-07-30,1781.199951171875,1805.0,1758.0999755859375,1773.699951171875,176583.0
2026-07-31,1781.699951171875,1799.0,1751.0,1756.4000244140625,175054.0
2026-08-03,1765.9000244140625,1793.800048828125,1755.0,1780.0999755859375,206782.0
2026-08-04,1781.199951171875,1784.0,1752.199951171875,1778.5,178632.0
2026-08-05,1783.0999755859375,1783.0999755859375,1725.0,1747.800048828125,474605.0
2026-08-06,1747.9000244140625,1755.5,1721.5,1735.5,204750.0
2026-08-07,1736.0,1764.0,1730.0,1755.199951171875,156599.0
2026-08-10,1750.0,1783.800048828125,1734.4000244140625,1739.4000244140625,193310.0
2026-08-11,1731.0,1759.0,1705.199951171875,1746.0999755859375,259631.0
2026-08-12,1754.0,1754.0,1709.4000244140625,1736.199951171875,195930.0
2026-08-13,1730.0999755859375,1779.5,1727.5999755859375,1758.199951171875,208826.0
2026-08-14,1758.199951171875,1765.0,1714.4000244140625,1718.0999755859375,242658.0
2026-08-17,1725.0,1736.9000244140625,1686.0,1711.9000244140625,249346.0
2026-08-18,1700.0999755859375,1709.199951171875,1682.0,1689.800048828125,357284.0
2026-08-19,1685.0,1697.800048828125,1652.9000244140625,1660.0,284561.0
2026-08-20,1675.699951171875,1704.0999755859375,1670.5,1677.5,202057.0
2026-08-21,1677.0999755859375,1683.5999755859375,1650.0,1655.4000244140625,152406.0
2026-08-24,1660.0,1699.199951171875,1653.0,1688.5,214293.0
2026-08-25,1688.699951171875,1710.9000244140625,1677.300048828125,1699.9000244140625,416394.0
2026-08-26,1700.0,1706.5999755859375,1640.199951171875,1649.300048828125,310370.0
2026-08-27,1649.300048828125,1705.699951171875,1641.5,1689.5999755859375,290206.0
2026-08-28,1685.4000244140625,1704.0,1678.0999755859375,1694.699951171875,205459.0
2026-08-31,1695.0,1733.0,1690.0,1723.4000244140625,325333.0
2026-09-01,1735.0999755859375,1744.9000244140625,1707.9000244140625,1733.800048828125,196386.0
2026-09-02,1733.0,1733.0,1692.199951171875,1710.0,505913.0
2026-09-03,1707.0,1722.5,1685.0,1696.4000244140625,228034.0
2026-09-04,1696.4000244140625,1763.0,1696.4000244140625,1756.0999755859375,276930.0
2026-09-07,1754.0999755859375,1754.0999755859375,1725.0,1738.5,185621.0
2026-09-08,1746.9000244140625,1760.0,1718.199951171875,1752.800048828125,257972.0
2026-09-09,1752.0,1784.0,1734.9000244140625,1772.800048828125,207805.0
2026-09-10,1760.0,1782.0,1753.699951171875,1764.4000244140625,187640.0
2026-09-11,1756.199951171875,1785.0,1747.800048828125,1761.5999755859375,167102.0
2026-09-14,1761.5999755859375,1761.5999755859375,1761.5999755859375,1761.5999755859375,0.0
2026-09-15,1767.9000244140625,1819.800048828125,1742.4000244140625,1748.199951171875,285951.0
2026-09-16,1754.9000244140625,1815.9000244140625,1740.0,1799.300048828125,317034.0
2026-09-17,1810.0,1831.5,1771.199951171875,1791.5999755859375,310186.0
2026-09-18,1794.800048828125,1805.0,1743.300048828125,1780.0999755859375,713124.0
2026-09-21,1771.0,1789.5999755859375,1725.0,1732.699951171875,110793.0
2026-09-22,1733.0,1741.0,1682.0999755859375,1692.4000244140625,136660.0
2026-09-23,1692.9000244140625,1708.699951171875,1681.199951171875,1700.5999755859375,157911.0
2026-09-24,1696.0,1701.0,1666.5999755859375,1670.0,111964.0
2026-09-25,1671.9,1682.0,1650.1,1666.5,126901.0
