Date,Open,High,Low,Close,Volume
2021-09-23,114.6936462710096,115.50858112640404,112.6282945954969,113.71917724609376,99462510.0
2021-09-24,113.8312888423058,114.17622687841089,108.52347487359228,109.70059204101562,132866160.0
2021-09-27,109.69197054885348,111.13210729696304,108.74769375914664,109.5626220703125,86688770.0
2021-09-28,109.81701456390952,111.83061374857252,108.91585175391874,110.46378326416016,81007360.0
2021-09-29,109.51950493939356,112.95168731530676,109.2780456662264,111.72282409667967,94945770.0
2021-09-30,112.36528130379487,113.52083818734556,110.71385790540982,111.14935302734376,75145680.0
2021-10-01,109.95068125785512,113.0551763450236,109.0883229734798,111.92117309570312,90374700.0
2021-10-04,111.9211848877428,114.49962800822274,110.4163605751499,114.18917846679688,96902370.0
2021-10-05,113.31386372872096,114.9264825320493,112.98186055436554,113.55963897705078,57952160.0
2021-10-06,113.82266954114998,114.57291700387302,109.79114211241858,110.37322998046876,86316930.0
2021-10-07,111.67540133326216,112.69297782467667,110.6879973822554,111.17523193359376,46033670.0
2021-10-08,112.27905022926572,115.90526853087464,111.79181567484764,112.20575714111328,107220150.0
2021-10-11,112.537770991059,114.46514253782236,111.93412274388872,113.24491119384766,63496580.0
2021-10-12,113.24489657244976,115.12483132213367,112.53775646096211,114.61604309082033,60970190.0
2021-10-13,114.30558654547598,118.70792164554116,113.66312071335363,116.78916931152344,132857180.0
2021-10-14,118.488018044062,119.91953589418222,116.76330154759216,118.57857513427734,82273710.0
2021-10-18,122.28239733762597,122.86449176359736,119.96265163734442,121.68305206298828,109232300.0
2021-10-19,122.54110882805035,123.01971132601322,117.06944484702356,117.87574768066406,87569240.0
2021-10-20,118.31555552838104,118.66050674175804,114.40475749966004,115.84059143066406,69757740.0
2021-10-21,116.99614685230354,117.09532279207389,111.218348979185,113.3742446899414,83575730.0
2021-10-22,113.83129647382776,114.23228992835556,109.60573945553584,111.78319549560548,80712890.0
2021-10-25,112.27904847762402,113.48635799758162,109.2823546889858,111.52880096435548,64185010.0
2021-10-26,112.36528485371252,116.50460716819636,112.23162037497298,115.87077331542967,77228750.0
2021-10-27,116.07343802309232,116.56497543527804,113.93909586457666,114.36165618896484,72418040.0
2021-10-28,113.39149729160646,113.4820412284648,111.33908033252835,112.07209014892578,93076820.0
2021-10-29,111.2657657999616,115.01271337673242,111.24421210754376,113.4820327758789,79147600.0
2021-11-01,115.55600838411678,118.3931613076694,114.69365011259352,117.70328521728516,96875330.0
2021-11-02,118.143091113546,118.143091113546,113.0379313831392,113.28370666503906,72161370.0
2021-11-03,114.24521730368444,114.86611629652045,113.1413997960966,114.35301208496094,57302440.0
2021-11-04,114.7798914019365,115.12482944772596,114.18486208818813,114.34008026123048,6744340.0
2021-11-08,115.63361847145546,116.215712941481,112.63261534496915,115.83627319335938,54936670.0
2021-11-09,115.8017859161614,117.3065969186897,114.59447641727218,115.20675659179688,47565160.0
2021-11-10,114.52118065186022,114.60740858355688,110.9941384928742,111.98152923583984,118804170.0
2021-11-11,112.52913899398284,114.21935388854088,111.1019370640992,112.07209014892578,136638600.0
2021-11-12,115.55600701364916,115.55600701364916,109.6143591196622,111.00707244873048,232395580.0
2021-11-15,111.6753993509823,112.0203374060236,107.06178378245242,107.40241241455078,121082150.0
2021-11-16,107.402418312796,108.74770180256868,105.526792863236,105.96659088134766,123148800.0
2021-11-17,105.63889059639972,106.70821303452642,104.78515773091875,105.21202087402344,87802040.0
2021-11-18,105.518169278822,105.9234787600252,101.93075534919308,102.32744598388672,101083510.0
2021-11-22,102.45678361535047,103.20703767631328,98.82625610013936,100.46904754638672,96210010.0
2021-11-23,100.72776304862276,104.25912139428534,100.47767834825204,102.79742431640624,93829630.0
2021-11-24,103.51748046738828,103.73737944271824,100.9950800677876,101.62891387939452,67671010.0
2021-11-25,101.75827745280344,102.32743707796268,100.55097454005144,101.21067810058594,47502860.0
2021-11-26,99.8524641887572,99.99043808979084,95.39838296520804,95.92011260986328,106455260.0
2021-11-29,95.92011985269524,98.0501393992508,92.70782981297756,96.1313934326172,93929910.0
2021-11-30,95.80370483268808,97.265402016811,91.66869799886746,92.3758316040039,133559840.0
2021-12-01,94.16952736078764,94.60070652741992,91.970517558526,93.35459899902344,93791140.0
2021-12-02,93.39340494051272,96.23918333476928,92.61728116779852,95.9287338256836,91286810.0
2021-12-03,96.15295673150744,97.80868319664798,95.0534485113241,96.4116668701172,100737840.0
2021-12-06,96.0667161341302,98.3950809172271,95.04913307485909,95.6182861328125,82159400.0
2021-12-07,96.67899637035386,99.64982066059142,96.67037094454834,99.0677261352539,85053900.0
2021-12-08,99.94732961643246,101.4995706295341,99.08497130495206,101.15463256835938,74485010.0
2021-12-09,101.93074729399736,101.93074729399736,99.94732717363206,101.48663330078124,52123940.0
2021-12-10,101.19344185465962,102.52578392929706,100.6889630083194,101.75828552246094,48121300.0
2021-12-13,102.44817295190374,103.3967658056808,100.17585689427229,100.49061584472656,53537780.0
2021-12-14,99.94301515616829,101.5771878660296,98.91249722122016,100.65446472167967,53522640.0
2021-12-15,100.90022631331868,101.37883541302158,99.08496585194506,99.52045440673828,44308330.0
2021-12-16,100.3785073557586,100.79243565503616,98.614986212691,99.44715881347656,42460080.0
2021-12-17,99.51615322470924,99.93439754373551,97.015312736102,97.6275863647461,47435020.0
2021-12-20,96.32542070565636,96.34267155626831,91.93171063776056,92.5267333984375,73526500.0
2021-12-21,93.99705435372208,96.95063415205,93.56587520531052,95.2992172241211,70268490.0
2021-12-22,96.15294490838542,97.53271679301022,95.72176578323572,97.3473129272461,43669170.0
2021-12-23,98.13638716808003,98.89526018084258,96.60138371113324,97.24384307861328,46214780.0
2021-12-24,97.45079183027704,97.7439970569722,95.1914174223576,96.1917495727539,40936300.0
2021-12-27,95.8123244285634,96.9894416979597,95.062070318571,96.7393569946289,27588510.0
2021-12-28,97.18777426583978,97.57583943437778,96.75659513142296,97.2265853881836,28807810.0
2021-12-29,96.58411888472844,97.15758788011904,95.54929167124332,96.26073455810548,41935200.0
2021-12-30,96.40303583615204,97.18777847354458,94.77317916383426,94.94564819335938,41140930.0
2021-12-31,95.29059118422389,96.88595270720046,95.08793645943608,95.84680938720705,36870210.0
2022-01-03,96.15295044095824,99.25743900481196,96.15295044095824,98.52012634277344,38658030.0
2022-01-04,99.4299216470919,100.00770016989058,98.00702903570075,99.0677261352539,59757310.0
2022-01-05,98.91248700307638,101.8272620504758,98.41663364925738,101.55130767822266,61861760.0
2022-01-06,101.06839103390966,102.0169904358269,99.64981451257812,100.31382751464844,53354000.0
2022-01-07,100.481988954651,101.24086849002956,98.98580331637844,100.06375122070312,39738570.0
2022-01-10,100.46474890771844,101.18912677183503,99.5032211788236,100.81400299072266,38225000.0
2022-01-11,99.91714250770156,100.26639656623983,95.9804813452426,97.46804809570312,96978850.0
2022-01-12,98.29590705661656,99.24019040653778,97.6534477826522,98.92974090576172,50358430.0
2022-01-13,99.51614457516244,105.6820074534435,99.3566038230692,105.30687713623048,157231160.0
2022-01-14,104.6040604750417,105.75099197052198,104.00903116512497,104.65579986572266,52679070.0
2022-01-17,104.77653054900186,107.36360537737228,102.65082055640784,106.04850769042967,89696070.0
2022-01-18,106.07006821598787,106.39345257030492,102.62063510327282,103.03887939453124,58408970.0
2022-01-19,103.13804431657913,105.28531449465706,102.01698255074584,104.31085205078124,73043210.0
2022-01-20,104.35398100364932,105.55265852899272,103.22428714290454,104.06077575683594,59205970.0
2022-01-21,103.48299304464302,103.85380736622383,99.71880101484015,100.87004852294922,71662670.0
2022-01-24,100.03356045219434,100.34831938211082,93.99705249387226,94.79042053222656,83920760.0
2022-01-25,94.402366944978,96.67036697250056,93.74266335231358,95.6441650390625,57330630.0
2022-01-27,93.99705675783082,95.1569297494068,91.5220860141097,93.85476684570312,90566560.0
2022-01-28,95.36390005958587,97.07999138273492,93.21662954916418,93.53569793701172,78648930.0
2022-01-31,95.7131444623285,96.11845391003068,93.17781557164808,93.6133041381836,55709390.0
2022-02-01,95.2819738216464,101.27967782389575,93.68661216367416,100.66740417480467,170752680.0
2022-02-02,101.74965078542628,101.74965078542628,99.88696033703422,100.68032836914062,75247340.0
2022-02-03,99.4299068162998,101.90487073227722,98.85212180041036,100.60271453857422,65140900.0
2022-02-04,101.22361178658058,103.2889635362436,100.91747828384476,101.43920135498048,93174180.0
2022-02-07,100.74932289377304,104.74203949884884,100.11979843285933,102.0169906616211,145105250.0
2022-02-08,103.0518171390008,105.41467704543118,101.02527644417188,105.1732177734375,140839840.0
2022-02-09,106.15629261160096,106.41500270210896,104.18580755496453,105.4103546142578,73520600.0
2022-02-10,106.070069665323,108.16129115018944,105.72512503348388,107.65249633789062,93920570.0
2022-02-11,106.84619348196316,109.08401429793196,106.33739866947477,108.17853546142578,96762260.0
2022-02-14,105.21633665167492,105.87604021622124,101.76690349670471,102.34899139404295,80216130.0
2022-02-15,103.21135503582514,104.51782738468836,99.3048728378958,104.15132904052734,101889210.0
2022-02-16,104.77653466346068,105.0266193628696,102.31881479585114,102.77586364746094,66092140.0
2022-02-17,103.57785355279525,104.30223135005438,102.28862555546266,102.70256042480467,56557920.0
2022-02-18,102.36192823424038,103.91417581589609,102.01699017544732,102.68962860107422,47251200.0
2022-02-21,102.44817126712096,103.65546765428914,101.27536342306745,101.91781616210938,49787320.0
2022-02-22,99.86109093161328,100.6070289977024,96.51945261415102,98.19673919677734,93858570.0
2022-02-23,98.998726560229,99.39541055300845,97.79142373305136,98.22260284423828,49608380.0
2022-02-24,94.3419955841474,96.57981633633926,92.02224974403002,92.61727905273438,121268670.0
2022-02-25,94.66106694623512,99.23156853173722,94.4799724941823,98.77021026611328,92128860.0
2022-02-28,97.79143049475957,105.63888954511371,97.37749562451964,105.27238464355467,176054460.0
2022-03-02,105.27237815186206,112.07208120759869,105.08266486810876,111.18815612792967,248475320.0
2022-03-03,112.6239994835057,114.57724051082782,111.5589864543936,112.3911590576172,174503380.0
2022-03-04,112.31354687243976,113.8183578569318,109.77821142955774,110.13177490234376,162829230.0
2022-03-07,110.02828731547652,112.26179205245278,109.00208545923375,111.40806579589844,110400010.0
2022-03-08,111.50292658596466,111.58915451756302,107.27736976062968,109.47637939453124,91078220.0
2022-03-09,109.85582020893412,110.10590489838572,107.67405482421864,108.2561492919922,69348880.0
2022-03-10,108.47173485199156,113.29663027862736,107.0186567373168,112.85681915283205,136740620.0
2022-03-11,113.40011190013249,115.54738871805452,111.7788741504463,112.253173828125,118822990.0
2022-03-14,112.53775915089132,113.11553763800477,110.18351807607355,111.84786987304688,52780820.0
2022-03-15,111.39943913219774,111.5029310762435,105.89760211344786,106.3934555053711,96143130.0
2022-03-16,107.36360177364956,109.62298274979332,106.94966692012478,109.10987854003906,63024510.0
2022-03-17,109.950687988818,113.64158061921007,109.61436876366454,112.4040985107422,106239760.0
2022-03-21,112.79646468183078,115.03858829534656,111.63227575046508,112.36096954345705,84227630.0
2022-03-22,113.83129263627464,114.69365091382215,111.0760516234096,112.27904510498048,81795880.0
2022-03-23,114.17623064685148,116.22864755748284,111.44687248905755,114.77989196777344,130552380.0
2022-03-24,114.77558247381457,117.23761181062768,114.34440331073132,116.4657974243164,94605270.0
2022-03-25,116.84093191460832,117.79815016304808,114.99978850514113,115.46546936035156,69457440.0
2022-03-28,115.55601329832,116.84955076061462,114.48668425908076,115.46546936035156,46554910.0
2022-03-29,115.90093782843824,116.0863548435488,114.43493150734788,115.09463500976562,43202370.0
2022-03-30,115.1248433934065,115.17226678806642,112.10658907223105,112.80078125,58483160.0
2022-03-31,112.79646827036814,113.87010014312148,112.11519784459192,112.72747802734376,40067950.0
2022-04-01,112.96894232419,115.63362643164896,112.57656770121427,113.58122253417967,55321590.0
2022-04-04,113.5812189641012,116.76331007942603,113.35269453796248,115.71986389160156,69670320.0
2022-04-05,116.28471018323437,117.10826396827152,114.62898376692678,115.97857666015624,63296420.0
2022-04-06,116.41838030969971,119.58323395835288,116.14241931434572,118.20777130126952,114097540.0
2022-04-07,118.74673713204068,119.09168835255171,115.6422550987028,116.37525177001952,55650640.0
2022-04-08,117.36266378045084,119.00113942509547,116.957354292615,118.20777130126952,52287710.0
2022-04-11,118.20344763279932,119.3503724868651,116.6770698976994,117.09961700439452,44778820.0
2022-04-12,116.67708325914232,117.2764154487474,111.77026231585886,113.85285186767578,69191680.0
2022-04-13,115.1205117945164,116.0734271466836,113.40011127525663,113.78816986083984,44937800.0
2022-04-18,114.85750975413254,117.11256839852156,114.5944836172015,115.47840881347656,80700420.0
2022-04-19,116.6425830538689,117.85419545561597,112.88270020630492,114.40045928955078,64772190.0
2022-04-20,114.66779129562714,115.24988581583705,112.36959891520485,113.33544921875,54100210.0
2022-04-21,113.4863515324166,114.06843282725092,110.88634192197232,112.29197692871094,66690280.0
2022-04-22,112.24455516110456,113.10259742580908,109.842884230094,110.17057800292967,55848230.0
2022-04-25,107.79478120296297,108.91153355720054,104.58680746167936,105.2378921508789,72310460.0
2022-04-26,106.5012533210069,107.0790318207272,105.638894994521,106.38052368164062,44812710.0
2022-04-27,105.81134620144776,108.22595174051416,104.37983504187773,107.51019287109376,71209740.0
2022-04-28,108.6140256486965,109.40308428558164,107.1911397119339,108.7304458618164,51295830.0
2022-04-29,109.34702686179573,111.39081166861187,109.14437215016954,109.61004638671876,57173520.0
2022-05-02,108.3984348445452,112.34372140499136,107.68699188422596,111.6926498413086,54426170.0
2022-05-04,114.46080669538296,114.69364710698456,108.1828396958946,108.7735595703125,138374020.0
2022-05-05,110.38186240036045,113.52946493195336,110.20939337206856,110.74836730957033,87338160.0
2022-05-06,109.34703208282484,111.24421765925864,107.19113639175394,110.700927734375,69256760.0
2022-05-09,108.65713662011328,109.88168372363236,107.27736477253752,107.98880767822266,50552970.0
2022-05-10,107.88102934600752,108.19578830470324,99.90853053141063,100.45612335205078,145537420.0
2022-05-11,101.32710183209532,102.69824839245364,96.87732977656732,100.52510833740234,107063150.0
2022-05-12,99.76622183480268,100.24051489520272,95.11811168311118,96.38577270507812,94191610.0
2022-05-13,97.87766446353116,99.32642663241772,94.16952123981213,94.60070037841795,82924410.0
2022-05-16,96.49789765633764,97.86042538565744,94.34200184890948,95.16123962402344,62665270.0
2022-05-17,96.92907061767325,103.24153287486996,96.1831325582138,102.50852966308594,112876010.0
2022-05-18,103.22428475117668,104.25911864744025,101.32709914360088,101.77983856201172,81575800.0
2022-05-19,99.25744455599812,99.59376378543416,96.17020009060244,96.76953887939452,66545630.0
2022-05-20,100.23621937460948,101.62030078723166,98.41233337868378,100.94766235351562,65527500.0
2022-05-23,94.60069706944029,94.60069706944029,86.36948918039369,88.21493530273438,273883460.0
2022-05-24,88.90913430678005,89.67663262334955,86.40829406458593,86.7834243774414,123116660.0
2022-05-25,86.78342681709562,87.81825411503256,85.52869394837522,86.15821838378906,99343400.0
2022-05-26,86.83948032739987,92.06106022629471,85.8262132473865,90.7200927734375,150536730.0
2022-05-27,91.62557321904816,92.06968723583871,88.99537766199256,89.98709106445312,74772200.0
2022-05-30,91.32375111891923,91.73767944496568,89.98709303683505,90.32772827148438,72701590.0
2022-05-31,90.11643742949865,92.43618323520376,89.42654819545902,91.03485107421876,121248850.0
2022-06-01,91.8842851038722,93.04846756406111,90.83220686098647,91.71612548828124,94055290.0
2022-06-02,92.0783118280181,93.5443183545456,91.33237371617048,93.26836395263672,79177040.0
2022-06-03,94.16952449667464,94.2385147402628,91.84115969938486,92.0395050048828,53954860.0
2022-06-06,91.84115325650107,93.3847753073201,90.4786256479429,92.97084045410156,57262490.0
2022-06-07,92.01362742283668,93.26405089785132,91.71611933772088,92.14298248291016,43341570.0
2022-06-08,93.22092928421236,93.90219311881334,92.62159053936246,93.71678924560548,64734340.0
2022-06-09,92.69920833502589,93.7599053654463,89.78874905657668,90.10350799560548,98547810.0
2022-06-10,88.82290832034751,88.94363796065477,87.15424705095849,88.27962493896484,95225630.0
2022-06-13,86.60663893705986,87.270651891816,85.37346638170877,85.5416259765625,82235750.0
2022-06-14,85.22255997715742,87.41726694390617,84.98972612117046,85.90382385253906,77202600.0
2022-06-15,86.70364758729237,88.54870200788935,86.40371884916738,87.21263122558594,92443330.0
2022-06-16,88.61686084380074,88.61686084380074,81.6365786045791,81.9546890258789,122741050.0
2022-06-17,81.61841084459988,84.29054554719517,81.39118810498161,82.40914154052734,121290260.0
2022-06-20,82.25461939736817,82.25461939736817,76.58768456701651,78.29185485839844,139866890.0
2022-06-21,79.52795451266856,81.39118364925173,78.52817589993819,80.41867065429688,124526970.0
2022-06-22,79.34162613919364,79.42342992260815,75.95600906488202,76.17414093017578,109877390.0
2022-06-23,76.34683538816734,77.796517479131,75.16527444773081,76.4649887084961,111515840.0
2022-06-24,77.25573325022123,78.59634605799984,76.76947324777636,77.5147705078125,85433810.0
2022-06-27,79.11895306014786,79.87787610499116,78.44182686520152,78.87809753417969,72814730.0
2022-06-28,78.70994574991913,80.38230850969366,78.20096909595102,79.88241577148438,84647330.0
2022-06-29,79.07350613241984,80.78221848123682,78.93717111429963,80.12782287597656,72318470.0
2022-06-30,80.11873651501601,81.30029055826209,78.46455530704152,78.80538940429688,84672090.0
2022-07-01,78.79629320366364,79.5279506268017,78.08281748101243,79.3325424194336,54761890.0
2022-07-04,78.93716537453508,79.18256977616477,76.64676358694865,77.66926574707031,77554410.0
2022-07-05,78.34638048612631,79.90967369778062,77.96464803238361,78.17823791503906,79058290.0
2022-07-06,78.02374083738647,78.26459637243198,76.16960255935298,77.99647521972656,81439710.0
2022-07-07,78.80083587476338,82.39550093985422,78.02828001996903,81.80017852783203,111007940.0
2022-07-08,83.42709354695954,83.42709354695954,80.02784364463878,80.51863861083984,112000630.0
2022-07-11,80.45500872839806,84.43595477946988,79.53248514219908,82.9590072631836,150193340.0
2022-07-12,82.2455314204035,83.24985886495878,81.21848725193227,81.99104309082031,100175050.0
2022-07-13,82.34096823399213,83.09080041670671,81.85925718965069,82.2409896850586,70135110.0
2022-07-14,82.70905809077938,82.79994577874719,81.3457219684039,82.52728271484375,74498580.0
2022-07-15,82.25463303586635,82.73634414194947,79.75518286074335,80.3277816772461,81253510.0
2022-07-18,81.52750850396114,82.5272940113177,81.09578672630467,82.19100189208984,73060810.0
2022-07-19,81.89106552105342,83.79065103406948,81.89106552105342,83.5679702758789,85341580.0
2022-07-20,85.0676391986901,85.2539634849424,84.09057738604372,84.38597106933594,77088650.0
2022-07-21,84.52684786621522,85.33121819880047,84.02695513200139,84.91767120361328,50877140.0
2022-07-22,85.66296803446411,85.7993030574507,84.70862980784534,85.07673645019531,48608940.0
2022-07-25,84.98130444937364,87.69434450979988,84.85406027018176,87.31715393066406,99635630.0
2022-07-26,88.34419119659647,88.77137102178247,85.98562517620263,86.29918670654297,126264690.0
2022-07-27,86.43551795271095,87.39439807133631,85.76294066916637,87.19898986816406,52559020.0
2022-07-28,89.16219460153312,92.7068704466446,88.29875103285276,91.20719909667967,137156107.0
2022-07-29,93.61575723833498,99.34177234798672,92.84320140526437,97.7966537475586,166959934.0
2022-08-01,100.43244035469742,101.29588390077414,96.47876648777262,98.38743591308594,125365761.0
2022-08-02,98.16021842600028,98.16021842600028,95.7516561240604,97.25132751464844,64935371.0
2022-08-03,97.25132087229812,98.5692098300304,96.3424300230243,97.29676818847656,61428846.0
2022-08-04,97.7057749417807,99.52355680116268,96.38788586744376,97.8875503540039,79526154.0
2022-08-05,97.84211280956444,99.29633695244524,97.34222001000182,97.56944274902344,54469112.0
2022-08-08,98.023878287766,98.29654832065916,96.97865240739152,97.43309783935548,41384943.0
2022-08-10,98.06932344387074,99.88710513167452,96.79687487555074,99.2508773803711,73880698.0
2022-08-11,100.2506615625011,100.56877196690463,98.70554298723334,99.15998840332033,75321498.0
2022-08-12,99.3872158692412,102.61378125163596,98.88733004818698,102.38655853271484,95942333.0
2022-08-16,103.3408869595238,103.3408869595238,100.9777721343634,102.70466613769533,69207437.0
2022-08-17,103.15911210801866,103.15911210801866,102.02299853854709,102.2502212524414,54008422.0
2022-08-18,102.25022223873204,102.7046676709042,101.25044367481074,102.29566955566406,49396425.0
2022-08-19,102.2956723523768,102.61378277673688,99.56899968479809,100.02344512939452,57134813.0
2022-08-22,99.52355024440934,99.61443794453312,95.16087129559712,95.47898864746094,74037526.0
2022-08-23,94.7064234809892,98.38743418494914,94.07020266182204,97.7966537475586,70531639.0
2022-08-24,97.75120645656033,98.29653953934236,96.11520027392784,96.84231567382812,55686404.0
2022-08-25,97.29677185258664,98.06932771670576,96.1152109303194,96.56965637207033,42186335.0
2022-08-26,97.47855504027233,99.25088963092584,97.34222001000182,97.56944274902344,71257092.0
2022-08-29,94.57010212465974,96.02432619634637,93.84298662167276,95.29721069335938,59895805.0
2022-08-30,96.79688537550076,98.61466726048668,96.38788722509396,98.43289184570312,67401780.0
2022-09-01,97.25131913591945,97.93298726070394,96.25154060642625,96.70598602294922,52454732.0
2022-09-02,97.25132151237597,97.25132151237597,95.43353980186426,95.8879852294922,45601352.0
2022-09-05,96.3878750911957,97.52398862629094,96.16065238417664,97.16043090820312,40352735.0
2022-09-06,97.61487728730684,98.88732584605086,96.3878760441306,98.7055435180664,59505849.0
2022-09-07,97.751213365782,98.97821462233968,97.34220832407152,97.7966537475586,43945660.0
2022-09-08,98.52376722145507,98.52376722145507,95.75164742010642,96.20609283447266,71228405.0
2022-09-09,97.25132410058676,97.569434521535,95.88798778141964,96.06976318359376,63647166.0
2022-09-12,97.06953991481087,98.11475878416316,96.7968699019359,97.9329833984375,40838533.0
2022-09-13,98.1602060977378,98.79642688206413,97.75120801271184,97.9329833984375,44179394.0
2022-09-14,96.61509919590968,100.34155025807397,96.16065377529728,99.20543670654295,86379872.0
2022-09-15,98.75099890523646,99.06910933735216,96.7968820589725,97.25132751464844,62926791.0
2022-09-16,96.52420862331611,97.70576954030912,95.43354234169728,96.06976318359376,107967267.0
2022-09-19,96.52420230589335,96.52420230589335,93.61575445574036,93.7066421508789,51146568.0
2022-09-20,94.7064212916737,96.6605379543524,94.5246459001957,96.16065216064452,52140254.0
2022-09-21,96.1606476310496,97.43308918003136,94.7973114563237,94.9336395263672,46142823.0
2022-09-22,94.93364284193515,95.70620558202413,94.07019934150075,94.1610870361328,61380323.0
2022-09-23,96.5242045556242,98.06932314613864,94.29742476853968,94.7973175048828,109765520.0
2022-09-26,94.88821054520264,94.93365092924638,89.52575289364944,90.75275421142578,101291962.0
2022-09-27,92.11609023259852,92.11609023259852,87.70797080688209,88.7531967163086,104949032.0
2022-09-28,87.75341351789005,88.9349674512323,86.34462993989287,86.52640533447266,71724106.0
2022-09-29,88.16241228460943,89.29852584497812,87.61707916248984,88.02607727050781,60884592.0
2022-09-30,88.02608924005123,91.25265496395248,86.98086323552774,90.25287628173828,66436616.0
2022-10-03,90.52552546609068,90.5709727813982,89.07130152197696,89.38941192626953,37282313.0
2022-10-04,91.16175507703385,92.25242132389718,90.88908504817456,91.93431091308594,40186702.0
2022-10-06,92.70687034509324,94.34287671313326,92.47964762365918,94.11565399169922,48169310.0
2022-10-07,93.88843536376952,94.07021077512726,92.61598668140309,93.88843536376952,36080875.0
2022-10-10,92.7068799841498,94.07021645450492,91.93432403780612,93.79754638671876,36641275.0
2022-10-11,94.11565409479375,94.20654179660951,90.70731326954947,91.20719909667967,41083734.0
2022-10-12,91.20719472158248,91.97975055138852,89.9801934702097,91.38897705078124,41357469.0
2022-10-13,91.8888636907662,92.52509144732583,89.79841889309367,90.97997283935548,34668093.0
2022-10-14,92.57053182932422,93.43398229873657,90.79819744278808,90.97997283935548,32456805.0
2022-10-17,90.66186267734032,91.252643119238,89.16219138153444,90.48008728027344,37568783.0
2022-10-18,91.16176321800728,91.79798409644586,90.70731775218329,91.47987365722656,30722156.0
2022-10-19,91.43441797162686,92.02519841000525,90.616414821125,90.93453216552734,38764542.0
2022-10-20,90.43464365094876,91.97975539187324,89.79842280098863,91.70709228515624,38091315.0
2022-10-21,91.661642264976,92.20697539662233,90.2983059687167,91.07086181640624,30973997.0
2022-10-24,92.70687473302772,92.79776243904574,91.79798380427256,91.9797592163086,7480281.0
2022-10-25,91.93431883044332,93.1613201974053,91.525313751931,91.9797592163086,37163180.0
2022-10-27,92.93408656888252,95.1154259289948,92.75231117815927,94.7064208984375,74349009.0
2022-10-28,94.61553458374846,95.0699800014747,91.61619898732724,92.3433074951172,51006232.0
2022-10-31,92.61598488152124,92.84320760844632,91.16176081605818,92.2978744506836,38715841.0
2022-11-01,89.57120380253737,92.2069819484974,89.57120380253737,91.9797592163086,69031178.0
2022-11-02,91.79798478491512,93.61576666184412,91.61620937093724,92.02520751953124,42336049.0
2022-11-03,91.57075741711785,93.11586916061488,90.88908924775964,92.70687103271484,39110676.0
2022-11-04,93.16131719256929,95.43354444116852,92.88864714902245,95.2063217163086,70299020.0
2022-11-07,96.25154441943242,97.66032110589032,95.0699835159504,96.97865295410156,74426059.0
2022-11-09,97.47854497017596,97.7512150025486,95.93343327816302,96.43331909179688,38295904.0
2022-11-10,95.61531885810408,96.342434343848,94.93365069057688,95.16087341308594,27864285.0
2022-11-11,96.56965973965428,98.34199425057298,96.56965973965428,97.751220703125,77933417.0
2022-11-14,98.6146647144213,99.97800109296168,98.38744198466456,98.79644012451172,55474425.0
2022-11-15,99.06910094598868,99.38721135115972,97.4330946704136,98.66010284423828,35007427.0
2022-11-16,98.56920261359018,98.88731993497554,95.6153075697106,96.84231567382812,40404167.0
2022-11-17,96.25154014962396,97.0695432823405,94.9790916025412,96.20609283447266,32894825.0
2022-11-18,96.20609564197436,96.61510068741164,95.16086977157272,95.8879852294922,28992538.0
2022-11-21,97.88754767908692,97.88754767908692,94.38831908225552,94.75187683105467,58404309.0
2022-11-22,94.88820975113984,95.7971006358552,94.11565388598925,95.61531829833984,27846186.0
2022-11-23,96.06976728522638,96.34243733441608,95.38809909653946,95.84254455566406,22809651.0
2022-11-24,96.20609564197436,96.29698334064256,95.06998207290454,95.8879852294922,23737867.0
2022-11-25,95.9788749311708,96.7968781048296,95.52442949405894,96.52420806884766,27361785.0
2022-11-28,96.34242991339364,96.70598763954683,94.9790936410343,95.3426513671875,33516118.0
2022-11-29,95.4335405302422,97.84210270191048,95.38809321341778,96.43331909179688,40661568.0
2022-11-30,96.43331845004296,98.11476514705237,96.25154305252887,97.84210205078124,61142050.0
2022-12-01,98.79643883534264,101.1595607414068,98.16021797404063,100.65966796875,91702642.0
2022-12-02,100.7051101083967,102.25022179739815,100.11432966226543,101.7957763671875,70541914.0
2022-12-05,102.97733824270787,105.52222851561476,102.3865577909357,105.29500579833984,96441799.0
2022-12-06,104.84056503372771,104.84056503372771,102.0230046008729,102.6592254638672,50581245.0
2022-12-07,103.06822089607046,103.15910859167276,100.75054651963538,101.06865692138672,39494279.0
2022-12-08,101.56855901232728,102.70467264781192,100.70511542307388,101.6594467163086,32416724.0
2022-12-09,102.52288469969572,103.38632818333646,99.70531768089648,100.3869857788086,35665257.0
2022-12-12,100.15977310376456,101.88666717816474,98.79643677149396,101.52310943603516,37082389.0
2022-12-13,102.295665082021,102.56832816882785,100.70510613897758,101.06865692138672,32264080.0
2022-12-14,101.43221853406146,102.88644252241436,100.97777310430824,102.75011444091795,38606984.0
2022-12-15,102.38655691833016,103.1136654468408,100.61421557811865,100.84143829345705,34361613.0
2022-12-16,100.29609954264406,101.88665846087358,99.47809642641155,100.9323272705078,34736665.0
2022-12-19,100.93233028491484,101.8866615037823,100.70510757552448,101.61399841308594,17297590.0
2022-12-20,101.02322062629992,101.34133104091624,99.06910388753248,100.84143829345705,34836506.0
2022-12-21,101.614002447478,101.79577784849263,98.79643519174188,99.4326629638672,32303565.0
2022-12-22,99.97799417586276,100.5233273026919,96.660541164079,97.84210205078124,39639329.0
2022-12-23,96.3424303572452,97.02409849656532,92.66141963120172,92.93408966064452,46756489.0
2022-12-26,93.43398322502615,95.93343309118478,92.38875734868428,95.43354034423828,33995681.0
2022-12-27,96.93320754874478,101.38677396319936,96.2060921174632,101.0232162475586,76033410.0
2022-12-28,100.93233502413656,102.06844862443396,99.70532678838566,99.97799682617188,50660601.0
2022-12-29,99.06910777251991,101.79578046350672,98.93277275111312,101.5685577392578,51751642.0
2022-12-30,102.61378125163596,104.29522798479483,101.88666577737354,102.38655853271484,56048485.0
2023-01-02,103.9771192172099,108.79423677430252,103.38633875177092,108.38523864746094,143444095.0
2023-01-03,108.88513512197504,109.52135599303288,107.02190595999686,107.65812683105467,74419090.0
2023-01-04,107.93079722262355,108.20346727353252,104.84056669423413,105.2041244506836,55634568.0
2023-01-05,105.88578894876176,106.34023439489378,104.06800716423366,105.93123626708984,58806907.0
2023-01-06,106.3402368193058,107.112792708486,104.74967772158114,105.1132354736328,58551863.0
2023-01-09,106.24934557697142,107.34001186252206,105.9312351548764,106.84012603759766,37763131.0
2023-01-10,106.93100887393506,108.83967825395284,106.8401211766555,108.02167510986328,56750710.0
2023-01-11,108.5670082278274,109.38501137191696,107.24911928155689,108.02167510986328,49321252.0
2023-01-12,108.11256745822196,108.38523749607788,106.88556615644455,107.34001159667967,33740024.0
2023-01-13,107.74901920570194,110.52113229622668,107.38546145804489,109.47590637207033,68884010.0
2023-01-16,110.38479012208802,110.38479012208802,107.97623493527396,109.02145385742188,44362359.0
2023-01-17,108.8396777167277,108.9760127291175,107.24911875218262,108.4761199951172,27880531.0
2023-01-18,109.06691349892576,111.79358633639892,109.06691349892576,111.29369354248048,64749065.0
2023-01-19,110.7029132317342,112.975140457884,110.1121327660778,112.29347229003906,53564076.0
2023-01-20,112.15713585445846,112.88424439707973,110.88468723701236,111.74813079833984,37784498.0
2023-01-23,112.1571379725308,112.5661361020862,110.4302438829766,110.88468933105467,28601260.0
2023-01-24,111.3391352005368,111.3845825192315,109.1577956546484,109.4304656982422,27707765.0
2023-01-25,109.385019085141,111.11191319237072,109.15779635877624,109.97579956054688,46522102.0
2023-01-27,110.79380561665954,112.02080698378262,108.24890824209594,109.6576919555664,58771746.0
2023-01-30,109.4758977711044,110.0666781978466,106.24933948307444,107.9307861328125,46551837.0
2023-01-31,107.93079166984823,109.47590338740702,107.02190079262846,108.7942352294922,43986769.0
2023-02-01,109.15778870296884,112.8387993856244,108.43068019016988,110.9301300048828,72919626.0
2023-02-02,110.8392355436434,111.33912828106908,107.61267721117228,109.02145385742188,38768010.0
2023-02-03,109.11236189854397,109.97580553189748,106.52201712990797,109.38502502441406,46977350.0
2023-02-06,109.0669039130188,109.0669039130188,106.34023131519334,106.74922943115234,49546361.0
2023-02-07,102.34111675861568,104.840566802133,100.4778945231116,101.29589080810548,110953246.0
2023-02-08,101.29589080810548,102.47745178421046,100.0688894463272,101.29589080810548,66523699.0
2023-02-09,101.93211605271398,102.65922461378838,99.932551907613,101.1141128540039,64710455.0
2023-02-10,100.88688623521227,101.11410895195824,98.43288366807056,98.8873291015625,60810058.0
2023-02-13,98.88733574785292,100.52333525780844,98.52377798976698,98.84188842773438,56186469.0
2023-02-14,99.5689880628452,99.8870984500746,98.38742727109442,99.29631805419922,31163587.0
2023-02-15,99.06910287591506,100.52332685237388,98.8873274792153,100.25066375732422,35544190.0
2023-02-16,100.88688550676618,101.97755176555698,100.56877509247612,101.7957763671875,30956191.0
2023-02-17,101.3867741920249,102.79555080866832,101.1595514860224,102.0229949951172,34107244.0
2023-02-20,102.06845121696868,102.43200203086836,100.93233758781405,102.1138916015625,19896764.0
2023-02-21,102.61378070026856,103.79533467173736,102.477445682791,102.84100341796876,29830864.0
2023-02-22,102.93188558681436,103.34088368298109,100.56877083657928,101.0232162475586,24391211.0
2023-02-23,101.3867792357975,103.29544867431323,101.20499690138024,101.84122467041016,30845778.0
2023-02-24,102.2502204008689,102.61377812692936,99.56899517296088,99.75077056884766,34326940.0
2023-02-27,99.79621944248235,100.02344215803056,95.56987554642852,96.43331909179688,56217189.0
2023-02-28,97.11499499771216,97.29677734524688,94.11565907340793,94.47920989990234,76540448.0
2023-03-01,95.16086977157272,97.34220921104416,94.97909437423634,95.8879852294922,76175319.0
2023-03-02,96.38788136828782,97.1604372356066,94.8427626993631,95.1154327392578,55276248.0
2023-03-03,96.34243660329658,97.66032565104184,95.43354569194472,97.25132751464844,117175295.0
2023-03-06,97.7057692447954,97.79665694560757,95.43354205305596,96.02432250976562,106868143.0
2023-03-08,95.70621630305996,97.16044038293518,94.52465533762472,96.79688262939452,43939583.0
2023-03-09,98.02387719788284,99.02365575023003,97.7057667859024,98.34198760986328,51967449.0
2023-03-10,97.251327645235,98.47832899035012,96.8877698933486,98.25110626220705,47699832.0
2023-03-13,98.38743857373188,99.06910673936974,96.66054450059184,97.06954956054688,34552596.0
2023-03-14,97.25131913591945,98.66010270085542,96.52420369576797,96.70598602294922,48584984.0
2023-03-15,97.70577350999822,99.20544490886964,97.61488580521848,98.7509994506836,38930902.0
2023-03-16,97.47854578733244,97.47854578733244,94.25198042578518,95.47898864746094,81088340.0
2023-03-17,96.75143473968996,97.56943794676413,95.43354569194472,97.25132751464844,48962238.0
2023-03-20,96.43331945714492,96.7514298732602,94.38831500946344,94.97909545898438,41569640.0
2023-03-21,95.52443214425504,95.79710218780184,94.79732358527563,95.2063217163086,26434897.0
2023-03-22,95.2063227003746,96.29698901726064,94.88821226914013,95.25177001953124,25891259.0
2023-03-23,94.88820594306772,95.88798448927386,94.842758626941,95.3426513671875,20913844.0
2023-03-24,95.43354502101296,95.478992339976,92.2978741726089,92.79776000976562,39014278.0
2023-03-27,93.20676067938564,93.979316525291,92.79775563088025,92.9795379638672,24753289.0
2023-03-28,93.47942634156291,93.70664906331406,93.02498089806063,93.16131591796876,18703734.0
2023-03-29,93.16130852660704,94.97909015639448,92.38875272080467,94.1610870361328,37221124.0
2023-03-31,95.43354089180248,95.88798632462058,94.61553772587249,94.97909545898438,34579415.0
2023-04-03,95.5244304339478,95.66076545328022,94.34287644640357,94.61553955078124,21840428.0
2023-04-05,94.61554250966684,95.43354571695536,93.79753930237833,95.29721069335938,25194802.0
2023-04-06,95.297203600683,95.52442631166905,94.70642316526197,94.84275817871094,21053782.0
2023-04-10,94.9790939317706,96.11520749554776,94.9790939317706,95.38809204101562,19992257.0
2023-04-11,95.9334388727315,98.0238838171116,95.52443380032054,97.751220703125,49304956.0
2023-04-12,98.3419868688857,98.52376919885263,97.20587331016804,97.7966537475586,27349538.0
2023-04-13,97.7057647705078,98.2965452001636,96.25154082124598,97.7057647705078,34880922.0
2023-04-17,97.79664761792152,98.43287533149842,97.02409183327264,97.3876495361328,24642162.0
2023-04-18,97.43309602191157,98.06932377536558,97.114985612328,97.7966537475586,25476339.0
2023-04-19,98.02388353406396,100.34155813483824,97.9329958296642,98.25110626220705,62100775.0
2023-04-20,98.34199269159905,98.79643814199328,97.6148841315406,98.16021728515624,18337948.0
2023-04-21,98.16021412040988,98.251101820701,95.75165192411647,96.47876739501952,37638506.0
2023-04-24,96.70599492458122,96.97865803902116,95.75165668832294,96.79688262939452,23475012.0
2023-04-25,96.97865084380123,97.79665399500504,96.56965273534276,97.29676818847656,23333425.0
2023-04-26,96.7968798096514,97.2967725729936,96.20609934414352,97.114990234375,23590297.0
2023-04-27,96.61510078184396,98.02387744829532,96.61510078184396,97.84210205078124,22364308.0
2023-04-28,97.97844089561303,98.61466174606632,97.52399544977862,98.1147689819336,30072920.0
2023-05-02,98.16021202384243,100.75054956539202,98.16021202384243,100.25066375732422,52822162.0
2023-05-03,99.7962168969554,100.88688313005204,98.84187874228073,99.705322265625,51272624.0
2023-05-04,99.97798914585547,101.70488307250484,99.52354374064704,100.9323272705078,38636907.0
2023-05-05,100.7505566929872,100.7505566929872,98.52377672159058,98.7509994506836,32958346.0
2023-05-08,99.29633020213612,99.84166335185792,98.3874393078374,99.56900024414062,23130472.0
2023-05-09,99.61444062828323,101.06866467230375,99.20544249956367,99.56900024414062,27999202.0
2023-05-10,99.6144284414286,99.97798614152782,98.70553765832382,99.29631805419922,19213215.0
2023-05-11,99.25087633914733,99.5235463631721,98.3874328202135,98.66010284423828,19817637.0
2023-05-12,98.4783330194748,98.5237803406778,96.84233347048212,97.02410888671876,36794838.0
2023-05-15,97.29677679713475,98.3419958188494,96.02432810870988,97.8875503540039,22148028.0
2023-05-16,98.34199197763114,98.75099704058891,97.43310108344124,97.61488342285156,18587658.0
2023-05-17,97.61488642195846,97.70577412731242,95.93343960290404,96.34243774414062,28895465.0
2023-05-18,96.79687922218466,97.38765968410706,95.52443059672574,95.61531829833984,24208481.0
2023-05-19,95.97887630844576,96.06976401031494,94.57009959375556,95.1154327392578,29848841.0
2023-05-22,95.43354034423828,95.6607630593436,94.79731951565816,95.43354034423828,21588716.0
2023-05-23,95.5244287728621,96.38787925742795,95.43354107298332,95.97887420654295,21304034.0
2023-05-24,95.52443059672574,96.16065837659876,95.34265519349752,95.61531829833984,28454367.0
2023-05-25,95.43354571695536,95.61532112555842,94.79732485255724,95.29721069335938,25885062.0
2023-05-26,95.4335374698275,97.02409642765797,95.3880901544605,96.70598602294922,28362042.0
2023-05-29,97.25132485547768,98.93277160864486,96.61510400864267,98.5692138671875,41062311.0
2023-05-30,99.02365525466732,99.02365525466732,97.16043317422812,97.29676818847656,33475211.0
2023-05-31,96.70598526936524,97.2058710630731,95.97886983487984,96.16065216064452,41249944.0
2023-06-01,96.25154143005436,96.97864994214098,96.16065373282936,96.29698181152344,21211538.0
2023-06-02,96.79688093397353,98.4328873291077,96.79688093397353,98.16021728515624,46686933.0
2023-06-05,98.75099480863176,99.88710840069082,97.978438952889,99.4326629638672,39642539.0
2023-06-06,99.75077522347826,99.84166292566272,98.43288620608568,99.06910705566406,26751372.0
2023-06-07,99.52354975131595,101.5685541982608,98.97821661898806,101.3413314819336,45157197.0
2023-06-08,101.34132664838678,102.70466288132472,100.84143392259486,101.0232162475586,46380294.0
2023-06-09,101.11411025672948,101.47766799507176,98.75099535893524,98.97821807861328,36392617.0
2023-06-12,99.2054415179186,100.52333052789623,99.2054415179186,99.52355194091795,23472313.0
2023-06-13,99.97799041544884,101.65943704921496,99.65988001462064,101.0232162475586,30018212.0
2023-06-14,101.3413337723252,103.61356098695131,101.25044607059758,103.4317855834961,66696433.0
2023-06-15,103.52266465925386,103.7953277417172,102.9318842458201,103.3863296508789,39430138.0
2023-06-16,103.97711718323664,104.34067491903244,103.47722442973154,103.84078216552734,31715807.0
2023-06-19,104.93144614929356,105.06778116402836,102.75011365068391,103.7044448852539,33502185.0
2023-06-20,103.70444714781804,104.74967303787332,103.15911401126786,103.84078216552734,30371599.0
2023-06-21,104.43155776121638,104.43155776121638,102.5683287858704,103.52266693115234,35627983.0
2023-06-22,103.8042360476534,105.30592340366556,103.75731256939028,104.27351379394533,34769987.0
2023-06-23,103.7103859171956,103.9450247993612,102.4902608656903,102.86568450927734,22190233.0
2023-06-26,102.86567242469648,103.42880424361552,101.45783929709404,103.10031127929688,25332751.0
2023-06-27,103.80423782458824,104.64893921449546,103.38189070993975,103.9450225830078,24129403.0
2023-06-28,104.6489388063072,105.16514719829544,104.08580693543568,104.69586944580078,23895274.0
2023-06-30,104.74278622874928,105.30591806362126,103.61652255900532,105.1182098388672,26741918.0
2023-07-03,105.3528563819414,107.22996740879113,105.16514814350056,106.15062713623048,30979256.0
2023-07-04,106.24447717046569,106.43219256229936,105.2120675775154,105.49363708496094,25080307.0
2023-07-05,105.63442544368608,106.57298095305472,105.30592528691882,106.00984191894533,27877180.0
2023-07-06,105.11821660314708,105.91598735060248,104.64893885045446,105.72827911376952,34320086.0
2023-07-07,105.1182215033394,106.33834658146168,104.41430484148668,104.7427978515625,30034274.0
2023-07-10,105.35284947952708,108.59086292445348,104.789717640489,108.21544647216795,60652690.0
2023-07-11,108.49701600139204,108.96629375845744,107.74617588645366,108.07466888427734,37999385.0
2023-07-12,108.07465984542868,108.9193611696216,106.9953196623271,107.65230560302734,32771204.0
2023-07-13,108.8724387139066,109.76406358050914,107.46460545467504,107.79309844970705,44847814.0
2023-07-14,108.5908724060653,110.65569887697504,107.7461781540586,109.9517822265625,34521821.0
2023-07-17,110.70262371113668,112.01660290676476,109.90485292970156,110.5149154663086,49115369.0
2023-07-18,110.74954117304888,110.8903259202213,109.24785391129896,109.43556213378906,23433431.0
2023-07-19,109.52942657470705,109.99870433579936,108.96629469351832,109.52942657470705,17222355.0
2023-07-20,109.52942210315408,110.04563048352551,109.20092911592228,109.7640609741211,22303831.0
2023-07-21,109.43556213378906,110.7026105371215,108.40315258887412,109.43556213378906,31546136.0
2023-07-24,109.3417232893246,109.3417232893246,107.32382739306472,108.40316772460938,38113555.0
2023-07-25,107.93388382693756,112.5328072655987,107.32382131231545,111.92274475097656,88035259.0
2023-07-26,112.43894957907564,113.18978966811748,111.54731757503772,112.57972717285156,29716336.0
2023-07-27,112.86129668753097,113.98756040145771,111.82888708966308,112.43894958496094,39664251.0
2023-07-28,112.81437280044152,113.6590742167418,111.40653949347788,113.1897964477539,33996691.0
2023-07-31,113.18979516506268,116.24010062891716,113.18979516506268,115.58311462402344,52330311.0
2023-08-01,115.95854320683632,116.52167511510716,115.01998763951464,115.63004302978516,27863562.0
2023-08-02,115.34848073564916,115.34848073564916,110.984195912466,111.64118194580078,54951586.0
2023-08-03,111.40653360355276,112.29816561385653,110.2802698817702,110.937255859375,34624188.0
2023-08-04,112.06352634831408,112.39201933596314,110.74954723710772,111.68810272216795,22303966.0
2023-08-07,112.25123411576,112.25123411576,110.74954677801068,111.5473175048828,20711952.0
2023-08-08,111.68809815114234,112.15737587446648,110.70261206791776,110.89032745361328,21275054.0
2023-08-09,111.07804294391596,113.095938718315,109.71714032150814,112.81436920166016,34154214.0
2023-08-10,112.6266632080078,113.2367257325066,111.92274656295776,112.6266632080078,24439101.0
2023-08-11,112.90823364257812,113.94064329820472,111.82889334599147,112.90823364257812,26337436.0
2023-08-14,112.908223096029,113.00207720857186,110.13948023205076,110.89032745361328,33095516.0
2023-08-16,110.70261913073176,110.70261913073176,108.30930688545152,108.82550811767578,31252473.0
2023-08-17,108.77858017687264,109.6232815302222,107.6523093188699,108.91936492919922,28461865.0
2023-08-18,109.1540082830906,109.24786240162965,107.69924438359962,108.68473052978516,30381609.0
2023-08-21,109.57635543958529,109.90484843490523,108.73165405118375,109.7171401977539,22629651.0
2023-08-22,109.95177821129614,110.5149100789394,109.34171570442837,110.32720184326172,17343131.0
2023-08-23,110.6087722531558,111.9227514804361,110.42106400380608,111.64118194580078,43744909.0
2023-08-24,112.15737860197748,112.72051045153906,110.79647603548618,110.98418426513672,27103446.0
2023-08-25,110.74954982330677,110.89033458147536,109.52942479999231,109.7171401977539,23692527.0
2023-08-28,109.81099835624174,110.98419278312468,109.81099835624174,110.37413024902344,19218821.0
2023-08-29,111.2188214637486,112.76743939726454,110.51490487220588,112.20430755615234,36038317.0
2023-08-30,113.09593835649092,115.16075760331972,112.86129948023266,114.59762573242188,51467177.0
2023-08-31,115.30154195588406,116.00545858218447,114.64455596891445,115.34847259521484,60626985.0
2023-09-01,115.91160204190336,120.79208768468683,115.81774792581332,119.24347686767578,76460408.0
2023-09-04,121.26136660715213,124.73401906058736,120.93288077794163,123.6546859741211,68525900.0
2023-09-05,123.65468057572328,124.31166652668244,120.93287549836978,123.60774993896484,36466807.0
2023-09-06,124.264738911686,124.264738911686,120.322808788855,121.63679504394533,36058850.0
2023-09-07,121.54293690376116,122.76306191452947,120.6982426846556,122.15299224853516,30268235.0
2023-09-08,123.32618796834758,123.56082684524414,121.26136871590188,121.54293823242188,34313523.0
2023-09-11,121.54294182951436,123.74855306610588,121.26137230466124,123.091552734375,33377857.0
2023-09-12,124.640175636319,124.96866147483829,120.74516164445924,121.07366180419922,38065283.0
2023-09-13,121.6367972769448,122.48149148976545,119.8535332525609,121.5898666381836,23371459.0
2023-09-14,122.95076398800568,125.95413856469014,122.7630557621916,123.60774993896484,58800620.0
2023-09-15,124.45246161879123,125.10944758654732,121.87143406450517,123.84239196777344,85058495.0
2023-09-18,126.7049851968103,126.7049851968103,122.05913860383784,122.43455505371094,62420823.0
2023-09-20,122.43456031992622,123.70161595488136,120.13510224280408,120.41667175292967,43627379.0
2023-09-21,120.4166730729874,121.30829793047604,119.38425629828244,119.94739532470705,29826091.0
2023-09-22,119.33733770862604,120.79209449152503,117.78871964373766,118.9619140625,34059194.0
2023-09-25,119.47812158732307,120.41667711539124,118.35185065727502,119.5719757080078,23466981.0
2023-09-26,121.07365864110356,122.52842252002756,120.51051961661032,120.97979736328124,48936598.0
2023-09-27,120.83902558725802,120.83902558725802,118.91498386900312,120.27588653564452,33277329.0
2023-09-28,120.46360638444771,121.35523126171633,118.5395647095708,119.00884246826172,29982233.0
2023-09-29,120.322811382186,121.58986702668564,119.71275604000188,120.97979736328124,28406435.0
2023-10-03,121.07366448640823,121.16752576876206,119.43119229376316,120.1351089477539,18613557.0
2023-10-04,119.1965547530518,119.29040887585332,116.85016587996022,117.60101318359376,33272725.0
2023-10-05,118.1641396595734,118.3987785361172,116.897091158359,117.5540771484375,27063441.0
2023-10-06,118.7272783271568,119.19655610710603,117.4132991111768,118.16414642333984,21928671.0
2023-10-09,117.1317290657536,117.22558318347252,115.06690267288651,116.24009704589844,21457836.0
2023-10-10,117.0378741255633,118.1641450810136,116.14624921803274,117.60101318359376,28745957.0
2023-10-11,118.2579928518769,118.5395623657683,117.03786783916108,117.2725067138672,24455932.0
2023-10-12,117.64793800115145,119.10270198323832,117.4132991111768,118.16414642333984,19361688.0
2023-10-13,117.31943288799144,118.0233494853194,116.38087742488752,117.36636352539062,26912800.0
2023-10-16,117.41328406510792,119.43117969242608,117.27249931704206,119.19654083251952,23868700.0
2023-10-17,120.0412534720419,120.6513159974083,119.19655206465846,119.5719757080078,24241710.0
2023-10-18,119.9943219141076,120.79209267474498,118.82112751299076,119.2904052734375,20926079.0
2023-10-19,117.78871784512958,118.7272733658079,116.70937756422744,118.25799560546876,30941319.0
2023-10-20,117.31943543967222,118.02335205231024,115.16075496333822,115.5361785888672,30746140.0
2023-10-23,115.77082279044262,115.81775343102343,112.34509368574363,112.6266632080078,30699479.0
2023-10-25,113.75292251977352,115.25461703220904,113.33057541353236,113.89370727539062,27346103.0
2023-10-26,113.42443126131572,113.47136190077433,111.59425089219444,112.53280639648438,36298907.0
2023-10-27,113.09593826693629,114.31606328675728,112.15738276264636,112.53280639648438,28424007.0
2023-10-30,113.6121448005632,113.7998530341074,111.64117254529884,111.82888793945312,18753217.0
2023-10-31,112.62665501644736,112.76743976733992,111.12496771501672,111.45346069335938,22319950.0
2023-11-01,111.68809660671876,111.78195071796382,108.87243030570906,109.43556213378906,24717941.0
2023-11-02,107.55845491847046,111.26575330370936,107.55845491847046,110.84339904785156,72538804.0
2023-11-03,110.93725401141432,111.31267763262484,109.90484442354288,110.09255981445312,31747230.0
2023-11-06,111.2188285722994,112.29816884710624,110.28027305692136,112.06352996826172,27883152.0
2023-11-07,111.96967898959583,112.8143732486415,111.12497756993965,112.29817199707033,25818033.0
2023-11-08,112.39202476435392,113.09594141214738,111.2657609921286,111.73503875732422,22552386.0
2023-11-09,111.87581770693696,113.09594277539708,111.54732469946248,112.29817199707033,22979112.0
2023-11-10,112.15737562561986,113.04900043371352,111.50038967866767,112.673583984375,23584510.0
2023-11-13,113.42443130663136,113.79985494061935,112.53280644144378,113.56521606445312,17951775.0
2023-11-15,114.22219955278254,116.7563036562642,114.0344913202032,116.42781066894533,38344393.0
2023-11-16,116.38088630439827,117.5540807227894,115.4423307696854,117.03787231445312,30836413.0
2023-11-17,117.03787098066732,118.02335714512924,116.66245449954886,117.50714874267578,23319439.0
2023-11-20,117.36636661193766,117.9294984724875,116.42781112415123,116.7093734741211,18780290.0
2023-11-21,117.36636628690222,118.63341475978292,117.27250500989544,118.4926300048828,29643312.0
2023-11-22,118.6334142962978,119.102692037058,117.78871293080743,118.35184478759766,19588063.0
2023-11-23,118.58648503711332,119.57197116841472,118.16413792976137,118.91497802734376,30736851.0
2023-11-24,118.91497617869612,119.1965456862936,117.8356431076626,118.2110595703125,14719450.0
2023-11-28,119.19654800116176,119.19654800116176,118.25799250508962,119.0557632446289,18377843.0
2023-11-29,119.33732744907996,120.27587574279144,118.91497319826944,119.90045928955078,23092165.0
2023-11-30,119.94739801659011,120.93288417433943,118.72727297943482,120.04125213623048,40165104.0
2023-12-01,120.97979788502786,122.29378417410548,120.18203430497894,122.01221466064452,31192397.0
2023-12-04,124.07703122552148,124.21782313983796,122.387628502264,122.95076751708984,41230928.0
2023-12-05,122.95077695755992,124.3116796397925,122.01222140826556,123.513916015625,35192149.0
2023-12-06,124.35860577146744,125.20330000670992,122.76306425977576,123.74855041503906,40753593.0
2023-12-07,123.60775614196274,124.07703389065752,121.82450642541068,122.01221466064452,34686333.0
2023-12-08,122.15300034455692,123.3261947939715,120.08818097783151,121.2613754272461,34393711.0
2023-12-11,121.87144245226864,122.48149782405332,120.83902563101046,122.05915069580078,24038059.0
2023-12-12,122.0591484612334,124.0301064640694,121.73064830015036,122.1060791015625,30696410.0
2023-12-13,122.52843113051362,123.42005604760185,121.21444475476454,123.3261947631836,22767972.0
2023-12-14,124.17089752172592,125.06252239689682,123.42005024534282,123.88932800292967,43372143.0
2023-12-15,125.20330540085536,128.34747224091285,124.82788890706698,128.06590270996094,77377446.0
2023-12-18,128.44133444724852,129.1452511190722,126.79886221299328,128.20669555664062,38461877.0
2023-12-19,128.25360823810502,129.14524745408846,126.51728908961402,127.08041381835938,27726431.0
2023-12-20,127.549683062776,127.78432193104544,120.8390171587582,121.77757263183594,39495961.0
2023-12-21,120.79208705521754,123.3731146175992,119.99431633169432,122.95076751708984,34914399.0
2023-12-22,124.26475343915268,126.4703647873087,123.6546980387972,125.34410095214844,37357334.0
2023-12-26,126.4234300484905,127.73741641462952,126.18879116038222,126.89270782470705,25936447.0
2023-12-27,127.50276463327606,130.3653473217519,127.17426449465437,128.76980590820312,48101400.0
2023-12-28,129.66143798828125,130.2245770228141,128.44132728216107,129.66143798828125,34661176.0
2023-12-29,130.08379862169656,132.57096497955038,128.72288168351415,131.02235412597656,49202910.0
2024-01-01,131.39776611774306,132.2893909521552,130.50614128333095,131.25698852539062,21186105.0
2024-01-02,131.86704835134037,131.96090963025657,128.62903472581846,131.02235412597656,27764060.0
2024-01-03,130.9284847870951,131.02234606023316,126.0949299660952,127.03348541259766,45176618.0
2024-01-04,127.64355559677608,127.9720557698151,125.76644448505876,126.00108337402344,43913498.0
2024-01-05,126.70499050906704,127.59661535581272,124.68710194426257,125.43793487548828,71330190.0
2024-01-08,126.98656406724704,127.5966194236217,123.65468912413624,123.88932800292967,39559717.0
2024-01-09,125.2971572811885,126.5172822762606,124.35860179593617,125.43793487548828,30736868.0
2024-01-10,125.57872103044022,126.42341519993133,123.9831796429462,125.86029052734376,27213624.0
2024-01-11,126.56422106982724,127.31505404943226,125.95415137237175,126.61113739013672,23113349.0
2024-01-12,127.4558270807422,127.87817414946916,126.37647977041898,126.9865493774414,32883921.0
2024-01-15,127.64355421892527,127.87819310535714,125.71951248593992,126.61113739013672,34158775.0
2024-01-16,126.42342256213486,129.98993631442823,125.76643657858038,128.81674194335938,56361287.0
2024-01-17,127.12734302255868,127.40891254435944,123.3261902813005,123.56082916259766,58982971.0
2024-01-18,123.56082284880112,124.12396186362696,120.32280931660269,122.95076751708984,45273496.0
2024-01-19,124.45247243534516,126.42343050991558,123.51391687948652,126.00108337402344,32653013.0
2024-01-23,126.5172871893049,126.89270366949631,121.35523181995896,122.1060791015625,35373970.0
2024-01-24,122.19992486678572,127.221202587294,122.10607790826536,126.84577178955078,39340119.0
2024-01-25,128.11283475216305,128.11283475216305,123.88933470538844,125.53180694580078,61358839.0
2024-01-29,126.42340945875426,127.08039537421428,125.29714584350586,126.7049789428711,29745400.0
2024-01-30,127.26813231504262,129.23909028449148,126.23571553017383,126.42342376708984,35704185.0
2024-01-31,126.70497863039934,128.30051994150134,126.23570093176824,127.59660339355467,36079354.0
2024-02-01,128.01896074213494,128.34746088605343,126.23571107257172,126.51728057861328,31701793.0
2024-02-02,126.98655990378806,131.0223513509592,126.51728216158725,130.17764282226562,69296192.0
2024-02-05,131.39777511660765,134.54194189252914,130.78771974634034,132.8525390625,80737626.0
2024-02-06,134.2134435158952,136.18441589741428,131.82012400154235,135.76205444335938,53192936.0
2024-02-07,137.82687715458675,138.3430712085699,135.19891896182332,135.52740478515625,61517064.0
2024-02-08,136.37212686652762,136.70061272252704,134.26037683896303,134.82350158691406,38997666.0
2024-02-09,135.33969451067205,135.57433337574645,130.59998657192511,132.61788940429688,35961925.0
2024-02-12,133.27486477536152,134.16648952757268,128.25358773315443,128.95750427246094,36477544.0
2024-02-13,129.28602153298965,129.7552992881003,125.86029964916996,129.3798828125,39155909.0
2024-02-14,128.58210239101555,132.80560210458907,127.40890802613404,132.52403259277344,29141690.0
2024-02-15,132.80560210458907,134.6357824495602,132.33632435863646,132.52403259277344,31587387.0
2024-02-16,133.321818632224,134.63579067265613,132.8056102159038,133.55645751953125,22316127.0
2024-02-19,134.16650655465884,134.54193734933278,132.66482633962443,133.2279510498047,16973568.0
2024-02-20,133.22794921915667,133.50951873098805,131.44469951292507,132.3832550048828,24291123.0
2024-02-21,132.8525390680821,137.21681658472158,132.75867778593508,135.05813598632812,88000833.0
2024-02-22,136.09053231318023,137.1698652892455,134.68269922028526,136.9352264404297,46728176.0
2024-02-23,137.40451853141337,138.0615188338946,136.0905465688915,136.5128936767578,28414697.0
2024-02-26,136.888322464166,136.98216941941865,133.50951700822895,133.8849334716797,22570277.0
2024-02-27,133.88494246517038,135.6212759480105,133.2748870907785,135.33970642089844,24119469.0
2024-02-28,135.1989205363827,136.0436147447563,131.44469859477525,132.1016845703125,20721926.0
2024-02-29,132.14862599827916,133.1341122026565,130.83463961870223,132.195556640625,32248156.0
2024-03-01,134.2134315404417,141.39337512163473,134.2134315404417,140.73638916015625,123709943.0
2024-03-04,145.3822443139194,145.3822443139194,141.76881415479082,143.69285583496094,67577785.0
2024-03-05,143.78669460738936,144.53754184485334,141.48723657864704,142.5196533203125,37165490.0
2024-03-06,142.4727271558528,143.27049073471392,138.8123521287512,142.28501892089844,51782444.0
2024-03-07,143.03584517727774,149.3710944792063,142.89506758794496,147.5878448486328,124847699.0
2024-03-11,149.1364561555137,149.1364561555137,143.59898469636403,144.02133178710938,54155385.0
2024-03-12,144.7252410362429,145.05374115750072,141.6280053258797,143.12969970703125,34947937.0
2024-03-13,143.41129362507633,143.50514058912412,133.74416841242518,134.82350158691406,70937597.0
2024-03-14,134.7765825816387,135.10506843109684,129.84916594877632,133.69723510742188,91956952.0
2024-03-15,134.11956504187438,134.87041224912937,131.25698244111993,132.99330139160156,68482621.0
2024-03-18,133.79108869885854,141.01796314732255,133.4625885470655,140.5017547607422,166913078.0
2024-03-19,139.84477682674634,143.08279060714824,138.53080478639288,139.61013793945312,105004268.0
2024-03-20,140.40789742994804,141.39336917007512,135.0112037315296,136.70059204101562,77550319.0
2024-03-21,138.90620978811123,141.9095844327994,138.71850155804697,140.87718200683594,84225737.0
2024-03-22,139.844774191538,143.36435743461362,139.2347188245599,142.4727325439453,68241556.0
2024-03-26,141.8626637326861,143.97441369158548,141.2526083619369,143.03585815429688,52965508.0
2024-03-27,143.0827897030566,144.63141494213914,142.66044257284173,143.3174285888672,35328794.0
2024-03-28,143.3174215952071,147.3532130984534,143.3174215952071,146.2738800048828,62575327.0
2024-04-01,147.16550174482964,153.82923704273637,146.8839322373192,153.1253204345703,84583929.0
2024-04-02,152.93761586285498,155.33093525213192,151.85828276632833,154.5331573486328,69533405.0
2024-04-03,154.5331446563247,156.03483906149447,153.07839520776437,153.59458923339844,50938559.0
2024-04-04,155.37785764464343,155.75327409623506,151.10742748199527,153.35995483398438,61094750.0
2024-04-05,153.8292433933958,154.06388227247126,150.91972988559223,153.31304931640625,44668121.0
2024-04-08,156.69184969040677,156.69184969040677,154.1108218705488,155.04937744140625,48255703.0
2024-04-09,155.80020141601562,159.36671491508395,155.04935420759818,155.80020141601562,63884687.0
2024-04-10,157.02031895460647,158.80356845966168,154.39236100935247,154.9085693359375,64134758.0
2024-04-12,155.80021569488244,155.80021569488244,152.98454914617977,153.45382690429688,55317636.0
2024-04-15,151.85826906744555,154.5800740434652,148.85489460257782,150.96664428710938,66426404.0
2024-04-16,150.96666762509545,152.46834792906498,149.23033410979482,150.2158203125,41391261.0
2024-04-18,151.01358394614033,153.92311191198962,149.37111171537214,150.2158203125,68093672.0
2024-04-19,150.1688745942207,152.5152632597554,147.63477769968722,152.1398468017578,60078229.0
2024-04-22,153.73539275103772,154.58008696698252,151.5767122510206,151.90521240234375,39304790.0
2024-04-23,153.45382589886722,153.45382589886722,150.91972888588234,151.2482147216797,30295177.0
2024-04-24,152.46834082211518,156.64491000714344,151.52978530542475,155.37786865234375,59894921.0
2024-04-25,155.2370714736159,157.6773214628384,154.0638771174936,157.395751953125,50128523.0
2024-04-26,157.67732226479075,160.21141922265943,155.0962946681945,155.6125030517578,65355111.0
2024-04-29,157.86502876629712,159.1790150301514,156.64490377886818,157.1141815185547,44906151.0
2024-04-30,158.05274692006748,158.05274692006748,154.39238604921283,154.86166381835938,55043389.0
2024-05-02,154.86166474431158,158.52202563705234,154.86166474431158,157.06727600097656,69320283.0
2024-05-03,158.56894350674858,160.25834621395077,155.0024298629262,156.2694854736328,62573586.0
2024-05-06,157.63039623865563,158.28738223640633,154.5800908079654,157.30191040039062,37621296.0
2024-05-07,157.63039794814583,157.63039794814583,152.32756494730995,154.15774536132812,43611824.0
2024-05-08,154.11080411662664,156.83262355128622,153.45381815695703,155.84713745117188,30128705.0
2024-05-09,155.75328590443846,156.4572025454539,151.57671669865766,151.95213317871094,30223088.0
2024-05-10,153.17224921828685,154.25159659713955,151.9052079316596,152.28062438964844,31472419.0
2024-05-13,152.46833187623184,154.39237343680068,148.33869357358347,153.78231811523438,36561003.0
2024-05-14,154.01696419618196,156.31642232063896,153.4538251643384,154.81472778320312,46261468.0
2024-05-15,154.8147349877422,157.25498514433107,154.8147349877422,155.4248046875,29601304.0
2024-05-16,156.9734155830228,157.67733224483007,152.327568479339,155.70635986328125,41126570.0
2024-05-17,156.36335934304788,158.09967850653933,155.2840118748246,157.06727600097656,39181277.0
2024-05-21,158.1465909669722,164.43490952396698,157.63038261292516,163.63714599609375,84833644.0
2024-05-22,164.6695609765295,164.71649161616284,160.96226958502524,162.65167236328125,42919832.0
2024-05-23,162.4170335682316,164.99806121594014,160.02371415793047,164.71649169921875,49377680.0
2024-05-24,164.20029227572033,166.6405424589897,163.4494449638512,164.1064453125,38674485.0
2024-05-27,166.78131095314149,166.78131095314149,164.10643634733947,164.71649169921875,30410585.0
2024-05-28,165.09192167387206,166.59361633836858,162.79246335485442,164.1533660888672,39208456.0
2024-05-29,164.01258221794578,165.18577665441177,162.8393877814798,163.54330444335938,36575550.0
2024-05-30,161.43153939296138,161.43153939296138,153.3130403787219,154.06387329101562,108813875.0
2024-05-31,155.8471348597988,157.6303844808536,153.92309332894308,156.9264678955078,83713848.0
2024-06-03,162.6047488941866,164.24722110523896,158.47511020631475,163.54330444335938,86397540.0
2024-06-04,163.77793642417495,163.91871402212587,139.04699301788153,149.1833953857422,125042158.0
2024-06-05,152.1867696808004,159.17901966259458,149.23032556322474,158.8035888671875,60098501.0
2024-06-06,159.5544433672781,163.96565158436454,158.99130430925808,161.47848510742188,57920819.0
2024-06-07,161.4315501275546,168.6114941576465,160.30528636300187,167.90757751464844,84319867.0
2024-06-10,169.1370863687229,170.91095562178475,166.46219756941727,169.212158203125,74286848.0
2024-06-11,169.40926019066714,172.45956542955724,169.40926019066714,170.18826293945312,55555544.0
2024-06-12,171.05173410368323,172.57218937959226,170.34781750243351,171.032958984375,33304643.0
2024-06-13,172.13108036030343,172.78808069548174,169.4186554217204,171.3426971435547,36669164.0
2024-06-14,171.70873035796066,172.22493876072468,170.253966430615,171.8964385986328,28509237.0
2024-06-18,172.50650131241707,173.2573485659894,169.50312661934797,169.9911651611328,35032118.0
2024-06-19,171.23945381879082,171.27700405992593,168.29239002340327,168.95877075195312,27476795.0
2024-06-20,170.4416841551151,171.70872548460727,168.34869508342138,171.07989501953125,38837494.0
2024-06-21,171.7692612390028,173.20545912431135,170.60115245683764,172.2863006591797,65494855.0
2024-06-24,169.89264739401358,171.33841475642944,167.6521820690212,170.39053344726562,47597307.0
2024-06-25,170.41924602528815,171.38628067348515,167.79578596663842,168.20748901367188,30599989.0
2024-06-26,168.20748646059263,168.513882350278,164.530823442929,165.22019958496094,44006436.0
2024-06-27,165.22020124495944,167.50854260865793,164.49253291428585,166.7521514892578,49767976.0
2024-06-28,166.76171845196177,169.56709919137518,166.1872480760421,166.6085205078125,37521949.0
2024-07-01,167.0776881572447,168.50431665661114,166.12979228870128,166.66598510742188,27807688.0
2024-07-02,167.04896708373604,168.27452146244843,166.21597697267265,167.11598205566406,33359495.0
2024-07-03,167.11598556691845,169.35646545267204,166.98194101048543,168.86814880371094,29090492.0
2024-07-04,169.471356467363,170.61074250094825,168.34155443693248,168.7915496826172,29504744.0
2024-07-05,168.7053767114824,168.7053767114824,166.02447104847684,167.2787628173828,38123217.0
2024-07-08,167.1734443909643,168.0064345127249,164.77019717844297,164.95211791992188,31479861.0
2024-07-09,166.215978882566,166.31171664495758,164.214865338763,164.49253845214844,25127904.0
2024-07-10,165.1627536837332,165.53616454245383,159.9158482661364,160.8350067138672,41525591.0
2024-07-11,162.76909536932962,163.67868445091202,161.49566481121008,161.7350311279297,33987236.0
2024-07-12,162.96058356043804,163.14250429654055,160.86373231337913,161.5148162841797,33311402.0
2024-07-15,161.51481617364936,161.80205867204833,158.74774217160137,159.66690063476562,32635187.0
2024-07-16,160.6626600901209,162.59674384402217,159.60944254845214,159.96371459960938,26505901.0
2024-07-18,160.48075185594854,160.48075185594854,157.44558875302025,159.28392028808594,36568852.0
2024-07-19,158.9392305226065,159.02539888823415,150.5135334524681,151.05929565429688,77987514.0
2024-07-22,151.66249305680057,153.86466610167955,149.75714651808016,153.50083923339844,40353690.0
2024-07-23,154.72638936891312,155.08064683428643,148.40711291074504,153.21359252929688,37077411.0
2024-07-24,153.21359821093546,155.12852877111797,152.41890027528842,153.4912567138672,28086566.0
2024-07-25,151.75825217012866,151.75825217012866,150.22630182482223,150.69546508789062,45155876.0
2024-07-26,151.99761529209434,156.01896660149205,151.48059046207274,155.635986328125,45642032.0
2024-07-29,157.69451536236318,157.69451536236318,155.4253275157265,155.94235229492188,31754833.0
2024-07-30,155.97107670142609,158.26900196887053,154.4487105254659,157.09132385253906,42824600.0
2024-07-31,159.2169032862457,159.41797743382668,156.59345763247694,158.29774475097656,52769925.0
2024-08-01,161.04565368510555,161.76375262954843,154.05615437057605,156.12428283691406,118341338.0
2024-08-02,154.1519103961325,154.3338311372673,148.13902959418223,151.4901580810547,72427529.0
2024-08-05,147.12411173191094,147.4496464059453,142.66232022393407,143.44744873046875,102883971.0
2024-08-06,144.77832143456956,147.25815283244157,143.24637124829383,143.92617797851562,53507102.0
2024-08-07,147.16241483742957,147.73689986582087,145.43897436201678,147.31561279296875,32029697.0
2024-08-08,146.8751653605634,146.9134721525128,143.61978931336463,143.88787841796875,51858615.0
2024-08-09,146.4921844563585,146.4921844563585,144.8166202550603,145.35279846191406,23290101.0
2024-08-12,144.57725226192537,146.87516301026378,143.5048958606688,145.5921630859375,30550334.0
2024-08-13,145.63046344357585,146.4443001015184,142.18358286358512,142.54742431640625,29396493.0
2024-08-14,143.52403914556635,143.52403914556635,136.29518799367844,139.95269775390625,97911180.0
2024-08-16,141.7048659227837,143.61979654336187,140.23037577323345,143.16021728515625,54131721.0
2024-08-19,144.4336440738492,147.7368963848656,143.99320361449196,147.41136169433594,62889770.0
2024-08-20,149.0773470982104,149.0773470982104,146.30070351977406,147.38262939453125,37559016.0
2024-08-21,146.4921941831591,147.62199624979473,145.31451592849825,145.4581298828125,49749381.0
2024-08-22,146.0230214105015,147.78476859071984,146.0230214105015,147.5836944580078,36719176.0
2024-08-23,147.44965366407368,147.8230645402611,146.06133192490307,147.64114379882812,31490857.0
2024-08-26,148.03371311350293,149.74756960110676,147.16241616946866,149.0773468017578,32497603.0
2024-08-27,149.1730906785343,149.84331343969902,148.02413528657172,148.119873046875,24523684.0
2024-08-28,148.11986449832884,148.40710698218177,146.5400527517772,147.1623992919922,25195197.0
2024-08-29,146.6932521114545,147.02835617106115,144.76873767783806,146.4634552001953,44452983.0
2024-08-30,146.49218706221254,148.64648393077448,145.9847316352877,146.26239013671875,55134023.0
2024-09-02,147.35389283246997,147.35389283246997,145.66875928970663,146.37728881835938,19200143.0
2024-09-03,146.3389828166072,146.92303719357153,145.54428491944196,145.67832946777344,19780066.0
2024-09-04,143.14105342171146,145.70705325297433,142.81551874635903,144.7495880126953,39613696.0
2024-09-05,144.57725591620016,146.2911123229386,144.57725591620016,145.26663208007812,28347324.0
2024-09-06,145.47726368059728,146.3964220838978,143.2846602083886,144.7878875732422,30709532.0
2024-09-09,144.481503529731,144.481503529731,141.7527362736201,143.11233520507812,32624586.0
2024-09-10,144.09851732810043,145.1421509240014,142.48039874944587,143.064453125,41607844.0
2024-09-11,143.52402542585267,143.8112679033811,141.34100597225154,141.86761474609375,24633287.0
2024-09-12,145.53471756509396,145.95600461139665,142.42295551189292,145.28578186035156,73191476.0
2024-09-13,146.28154271760843,148.7900970487839,146.01345361090696,146.9613494873047,54894255.0
2024-09-16,148.4071174564557,149.03904804358055,146.97091954558672,147.65072631835938,32575460.0
2024-09-17,147.44965678210306,147.67945371452424,145.79324589729697,146.31985473632812,18275113.0
2024-09-18,145.91770069332145,146.47303230076827,143.2463790294976,144.19427490234375,24856345.0
2024-09-19,145.4294010626895,145.71664356917074,141.50378756355423,143.17935180664062,36913781.0
2024-09-20,144.57726008887275,146.81772538125833,144.2421413904577,145.5538787841797,53873369.0
2024-09-23,147.81348959751986,147.82305899048202,146.30069275316202,147.44007873535156,33281905.0
2024-09-24,148.55073627904147,154.6306468118322,148.26350837524944,153.701904296875,137414352.0
2024-09-25,154.6306460397091,155.77003208493187,152.73486883534235,154.78384399414062,58044967.0
2024-09-26,155.10937615315066,158.8434849203407,153.65402482937571,158.56582641601562,88661662.0
2024-09-27,159.89669199903508,161.82119183483928,158.83390501872296,159.46583557128906,72795668.0
2024-09-30,160.37544157015515,162.94144162259218,160.14564463316742,161.3807830810547,92381529.0
2024-10-01,162.2807859160864,162.2807859160864,158.07751417123993,159.9254150390625,50761579.0
2024-10-03,158.46050369539955,162.7595280581904,157.5221918125888,159.87754821777344,75959797.0
2024-10-04,159.89669969092603,161.90738259681194,157.024303888095,159.65733337402344,53880875.0
2024-10-07,159.99244806433083,160.8062847556103,155.42533476120158,157.36898803710938,48775098.0
2024-10-08,156.0668383152851,156.63173931572797,150.03480421918394,152.73486328125,74956764.0
2024-10-09,152.7348740754111,155.3008741562495,151.38484444896807,152.29443359375,42766218.0
2024-10-10,151.56676209160358,154.324252260621,149.93907398014832,152.92636108398438,46507936.0
2024-10-11,152.52421691767853,156.81365713768548,152.42846454898114,153.8263702392578,53263433.0
2024-10-14,154.9944809706072,156.43067886066913,151.3178032686307,151.58590698242188,35566857.0
2024-10-15,152.7157162581054,152.7444390484953,148.45499856972177,149.0103302001953,38964393.0
2024-10-16,148.58904092772988,149.89119430858034,147.46880828982898,148.6369171142578,28518262.0
2024-10-17,149.02947164968103,149.6518328753569,145.6304814415555,145.91770935058594,28404223.0
2024-10-18,145.9176913564781,149.55606205639228,144.67299827814077,148.780517578125,34750795.0
2024-10-21,149.4603316239252,151.2124801778258,148.0145497437117,148.4358367919922,25799090.0
2024-10-22,148.3113732009961,148.3113732009961,143.71555132253332,143.9932098388672,39079846.0
2024-10-23,143.9070420666232,145.48685401772,141.7527450734395,142.45169067382812,42107893.0
2024-10-24,143.1314898604578,143.45702454907357,141.71443072808205,142.64317321777344,22115070.0
2024-10-25,142.66232412927562,143.1410567605819,138.28670086645107,139.6558837890625,39730802.0
2024-10-28,139.7899314876512,143.3612729068424,138.5739464860324,143.0261688232422,28386897.0
2024-10-29,143.47618655450094,144.05065699068842,140.31654802130427,143.67724609375,32258407.0
2024-10-30,141.8006158267189,144.52938314763492,141.8006158267189,142.63360595703125,21362130.0
2024-10-31,142.73892913916487,143.57191927773744,141.89635499731423,142.2410430908203,26383702.0
2024-11-01,143.2942485065543,143.8591494807019,142.66231795424014,143.3804168701172,5106804.0
2024-11-04,143.61979603375312,143.61979603375312,138.92822187388833,140.69952392578125,25571021.0
2024-11-05,140.7473931356187,146.06132824738492,140.69951695069528,145.8123779296875,42772283.0
2024-11-06,147.4496416240549,148.35923064718642,143.22721656211465,147.08580017089844,48928986.0
2024-11-07,149.46989724917992,150.24544174589212,143.81127424832144,144.5293731689453,88254789.0
2024-11-08,145.53471583725118,145.53471583725118,140.68994408180956,141.29315185546875,61980989.0
2024-11-11,141.29316451094266,141.40805567440268,137.97075867645088,138.842041015625,47497863.0
2024-11-12,139.45481000440753,140.8718691156459,137.492017898951,138.0377655029297,28861672.0
2024-11-13,137.49200558734287,137.49200558734287,132.70467969098357,133.25042724609375,57609083.0
2024-11-14,133.76747889794598,134.7440829513831,131.65147422931113,132.11105346679688,36345184.0
2024-11-18,133.5568329184097,137.15689699718155,132.1302044370754,135.20367431640625,40233848.0
2024-11-19,135.96006193234294,136.42922515204555,133.14511183364692,133.52810668945312,37611903.0
2024-11-21,133.56640690887318,135.57708984602934,131.4121100232462,134.2557830810547,58398744.0
2024-11-22,134.1887555149593,137.09945819896518,133.71002286651526,136.70689392089844,43710169.0
2024-11-25,138.77500586842004,139.93353055760713,136.76432314156614,137.55902099609375,53883890.0
2024-11-26,138.08564588350688,139.5984428013521,137.472868679675,138.32501220703125,25608469.0
2024-11-27,138.17181800864472,138.73671904117154,136.82178840093584,138.38246154785156,24895631.0
2024-11-28,137.87499370823693,139.07182525084315,137.00369683887718,137.2909393310547,30947861.0
2024-11-29,137.77923640632747,139.30161717741578,136.96539975235902,138.3920135498047,29742979.0
2024-12-02,137.98032205176875,140.5846287815188,137.05157956161287,140.1824951171875,23840351.0
2024-12-03,140.5080352043417,141.89635699139313,140.1154709182117,140.3069610595703,35527228.0
2024-12-04,140.74739575323386,140.79527193904764,137.8749999215352,139.6463165283203,38537808.0
2024-12-05,140.26866039728668,141.5899671293947,138.64097237947502,140.81442260742188,36328245.0
2024-12-06,141.22612231953772,142.35592428540917,140.36440945098354,141.98251342773438,30604899.0
2024-12-09,141.9825172020591,144.26128919959288,140.39313597135887,143.50489807128906,39059139.0
2024-12-10,143.8017028255748,146.01344513231254,142.9591287621472,143.92617797851562,36278104.0
2024-12-11,144.1846908994371,145.64004219447833,143.67723547724202,144.19427490234375,20499709.0
2024-12-12,144.4527760312419,145.18045896362426,142.3750782143673,144.36660766601562,25761723.0
2024-12-13,143.61978231613364,143.66765849885763,139.35906502937362,142.61444091796875,39701388.0
2024-12-16,142.60487799324102,143.42829870025722,140.84314542326788,141.5037841796875,22634773.0
2024-12-17,141.50378810321808,142.18359488415763,139.14843168256274,139.48353576660156,27110781.0
2024-12-18,139.7899196721864,140.6516325111933,137.20476654540607,138.3154296875,19850229.0
2024-12-19,135.5292008332253,137.68349751496578,135.0983444188291,137.1664581298828,27104579.0
2024-12-20,136.81221753148526,138.25798488975394,134.0451433705829,134.6962127685547,46503449.0
2024-12-23,136.3909338197047,137.68351786368822,134.62920111260664,135.6824188232422,27514178.0
2024-12-24,135.19409525951502,135.48133776683858,133.32704087655316,134.4089813232422,25882917.0
2024-12-26,134.95473256972352,135.14622270983824,133.57598018527978,134.38983154296875,23939932.0
2024-12-27,134.71536710834124,135.72070861260912,132.71426810321762,133.0015106201172,19562177.0
2024-12-30,133.00149932801168,133.32703400163734,130.3014403520621,131.05784606933594,32555723.0
2024-12-31,131.04826869538877,132.78127852119832,130.75145679502504,132.17808532714844,20080291.0
2025-01-01,132.22595087276264,132.5610549292103,130.77059966802656,130.92379760742188,18169498.0
2025-01-02,131.17273407301693,132.5610557087721,130.59824910178597,132.3025360107422,23388424.0
2025-01-03,132.30254794117715,133.78662207588437,131.97701324601226,132.4748992919922,23351832.0
2025-01-06,132.47489758236378,132.50362037216877,125.76307118564904,126.55775451660156,44620509.0
2025-01-07,127.13224105173092,128.18545872303827,126.39498868181578,127.70672607421876,24239451.0
2025-01-08,128.23332329741976,128.5301498188251,126.16520930959798,126.99819946289062,31570331.0
2025-01-09,126.38541779701264,126.76839806764472,124.18324471647615,124.40345764160156,31903107.0
2025-01-10,124.40345972299296,124.84390019037356,121.31085088710218,122.00980377197266,34855510.0
2025-01-13,120.64062821078628,121.11936086241636,117.40439811552376,117.70121002197266,38968332.0
2025-01-14,117.71078251633102,122.21086635898128,117.71078251633102,121.53106689453124,36877365.0
2025-01-15,122.55555402802852,122.85236592287846,120.42997996907404,121.14807891845705,18773125.0
2025-01-16,122.55555507800952,123.00556492559244,121.17680274582024,122.3736343383789,22164393.0
2025-01-17,122.45981399969992,125.58115294011137,122.21087097497396,124.73857879638672,27421959.0
2025-01-20,125.41837553836952,126.48116252637492,123.42684610995578,126.05987548828124,20571916.0
2025-01-21,126.44286142309578,126.76839610907965,123.752386347607,124.18324279785156,32238213.0
2025-01-22,124.7098471446168,124.8055995122403,121.71298358195402,123.43641662597656,27505569.0
2025-01-23,122.41192837972493,125.1885790119018,122.26830713403162,124.82473754882812,20722538.0
2025-01-24,124.94921833698494,127.53437165648766,123.80983232263388,124.22154998779295,37092106.0
2025-01-27,123.532172721781,123.94387577351505,120.39168051290343,120.99488830566406,24650571.0
2025-01-28,120.9948880126621,124.93964752916088,119.4342149575899,123.14917755126952,40373804.0
2025-01-29,123.51301744996476,125.75348263224956,123.08216100871928,125.23645782470705,16674706.0
2025-01-30,125.23645015623808,126.52901940082803,124.56622744314409,125.54283142089844,25256096.0
2025-01-31,125.54285317761016,129.2578234450815,124.40346706301384,128.89398193359375,26689228.0
2025-02-01,129.25781661499312,129.73654926912272,124.70985640076188,127.3141632080078,21173846.0
2025-02-03,125.70560371719078,126.87371246748953,122.37362880490517,126.21307373046876,27765357.0
2025-02-04,127.15139419713158,128.62588432428686,126.26094387501132,127.7450180053711,25032519.0
2025-02-05,127.48648757267765,129.6312149144528,127.41947260468204,128.68331909179688,16958362.0
2025-02-06,128.7790813262184,129.1333388079031,126.40457150104794,126.9024429321289,22408168.0
2025-02-07,127.6301215391534,132.84830426209064,126.92159199024184,132.42701721191406,52950146.0
2025-02-10,132.22595957234125,132.22595957234125,127.34288085359974,128.33863830566406,26120805.0
2025-02-11,127.3428796833171,128.62587962641553,124.18324140080148,124.5758056640625,23635428.0
2025-02-12,123.8481297585838,127.62053038336173,122.85235776674917,126.65349578857422,37927696.0
2025-02-13,126.65349754556124,131.83338786808585,126.25136390819702,130.4546356201172,52036196.0
2025-02-14,130.45463789680852,133.32703359361898,127.65884117175086,128.75035095214844,41469242.0
2025-02-17,127.2567108097113,129.06631956098687,125.16942895244972,128.5780029296875,21189637.0
2025-02-18,128.57801647304558,129.16207092570485,126.14606089248382,128.8173828125,23957576.0
2025-02-19,128.77907270932425,131.05784461900643,127.3715976603746,129.9854736328125,18447487.0
2025-02-20,129.51633446121855,132.47489871450335,129.25781474100347,132.1685028076172,24139808.0
2025-02-21,132.04404451970584,135.57709385414466,131.31636153324553,134.77281188964844,41987785.0
2025-02-24,132.9057529509142,134.6770695597755,130.84720844635495,131.7950897216797,25193205.0
2025-02-25,132.599360176902,133.42278082937636,130.88548929558743,131.23976135253906,23575603.0
2025-02-27,131.3738185025967,133.07810554526,130.10038791727888,132.79086303710938,30747044.0
2025-02-28,131.938712279716,131.938712279716,128.35778704198734,131.36422729492188,45540594.0
2025-03-03,131.17273692690625,133.13554357659663,128.59715311245867,132.67596435546875,31154401.0
2025-03-04,130.3588914408109,134.94515829281517,130.0333567534201,133.4132080078125,28634645.0
2025-03-05,133.08767192247157,140.25909202154875,133.08767192247157,139.88568115234375,62109377.0
2025-03-06,140.54631968054383,145.72621026535774,139.9814186811011,144.04107666015625,79121467.0
2025-03-07,143.3708546453163,145.96557734294433,142.92084480008745,145.11343383789062,81821791.0
2025-03-10,145.11343937543094,147.67945399144855,144.0123601179238,144.62513732910156,54450331.0
2025-03-11,141.80061348279318,145.24747971693674,141.70486111111111,144.337890625,35916900.0
2025-03-12,144.57726627276725,145.8028207386164,141.41762773028424,143.90704345703125,26377549.0
2025-03-13,145.53472830699454,147.02837186521504,143.63895106846553,144.46237182617188,48286431.0
2025-03-17,145.52514980540872,146.14749637912962,144.48150157089648,145.35279846191406,35879780.0
2025-03-18,145.35279846191406,145.35279846191406,145.35279846191406,145.35279846191406,0.0
2025-03-19,150.1305634274742,152.42847432600115,149.843320912718,151.85400390625,66161413.0
2025-03-20,153.19444163277876,153.29019400270343,149.9869271671883,152.2752685546875,39889517.0
2025-03-21,152.2656978580057,152.95507400823206,150.14970783253443,150.5901336669922,49184821.0
2025-03-24,151.27950697987026,152.2369722139201,150.42736350595635,151.681640625,30905773.0
2025-03-25,152.23697251519428,152.23697251519428,149.4124529911097,150.0635223388672,28467187.0
2025-03-26,149.5560738387384,150.83907380780764,148.41668781778858,149.1826629638672,23182869.0
2025-03-27,148.2156260881754,149.4603338558387,147.6411410847122,148.8092498779297,25909068.0
2025-03-28,148.77095314475795,150.23587378804137,146.84643866885847,147.679443359375,24589315.0
2025-04-01,145.60174412203705,148.73264489614846,145.60174412203705,146.60707092285156,29142122.0
2025-04-02,147.44965240855873,149.6039492781643,145.7932415728839,148.1103057861328,24977582.0
2025-04-03,146.49217641870388,149.33584924737713,146.1091961804673,147.08580017089844,15117526.0
2025-04-04,146.12834473777897,146.48261682208707,134.04513771331628,134.41854858398438,80846143.0
2025-04-07,122.55555075002935,124.80559990848474,119.9991203117742,123.97259521484376,121806340.0
2025-04-08,129.1524944378805,130.40677165016805,122.57471246608434,124.73857879638672,68999181.0
2025-04-09,124.47048324757613,124.47048324757613,119.97039946750046,121.77043151855467,73399980.0
2025-04-11,128.94184962505463,128.97057241514617,124.93965170151816,127.7450180053711,73706472.0
2025-04-15,129.8322893734728,131.17273483444643,129.1046064577216,130.6078338623047,38967608.0
2025-04-16,130.6078494615327,131.74723554432347,128.89397833556225,131.14402770996094,42684087.0
2025-04-17,128.6833329803231,132.09192178685484,128.0131101792325,131.30679321289062,62282856.0
2025-04-21,131.79508906581256,134.3323808066835,131.2206186675147,133.260009765625,26503486.0
2025-04-22,135.96006451631428,136.76433181415285,131.84296104914992,132.2834014892578,58429662.0
2025-04-23,133.46107472782782,135.48132690063045,131.47912934480175,135.15579223632812,37851304.0
2025-04-24,134.71535975191557,135.8451763607548,134.31322609412004,135.50048828125,23061444.0
2025-04-25,135.9600710970525,137.3483928447533,132.1493633359104,132.94406127929688,37764696.0
2025-04-28,132.64723372335874,136.53455503999055,132.49405038167612,136.027099609375,26971589.0
2025-04-29,136.0271007288247,137.20477894449593,134.9260068797447,135.48133850097656,25758449.0
2025-04-30,135.43345734283497,135.53877910523266,132.1302051363776,134.12173461914062,29205042.0
2025-05-02,134.04512889576648,137.01327687950518,133.5185201102955,135.3855743408203,29588258.0
2025-05-05,135.54836484352708,136.63029066045345,135.19409276014787,136.0366668701172,17213477.0
2025-05-06,136.03667639362217,139.21545370509273,135.51963693184993,138.29629516601562,42658262.0
2025-05-07,136.15156122934144,140.69952135394513,136.15156122934144,139.78993225097656,34674594.0
2025-05-08,139.78991662415723,140.42184715085523,136.77390714363565,137.55902099609375,29687927.0
2025-05-09,134.99303746776363,137.17605717588756,134.53344360622944,136.70689392089844,21875453.0
2025-05-12,139.41652059742424,145.48684699206808,138.35373354771914,145.1804656982422,47087413.0
2025-05-13,145.53472852771824,146.482624453301,142.67190196361287,143.07403564453125,54389876.0
2025-05-14,144.57724576642528,150.4656509255911,144.57724576642528,148.70391845703125,60002060.0
2025-05-15,148.88584894041847,151.12631415768095,147.73689354257314,150.65716552734375,57066105.0
2025-05-16,150.6571579495732,151.42311843643668,150.32203927925056,150.84864807128906,22884754.0
2025-05-19,151.2795161733279,151.41356072985053,149.48906075196962,150.86781311035156,21839582.0
2025-05-20,151.6146203674169,155.20511486986828,151.2795017032843,151.94015502929688,58061639.0
2025-05-21,152.6678277670375,154.96575308136366,151.78696150996174,154.76467895507812,36044599.0
2025-05-22,154.13276876597152,156.6413379308529,153.5391449209614,154.42958068847656,60715453.0
2025-05-23,154.72639370833107,156.57429466952186,154.630641337283,156.03811645507812,29483665.0
2025-05-26,156.16258710604288,158.50837403137618,155.1572456781114,155.59767150878906,25581584.0
2025-05-27,155.59768073375614,156.92855691713785,153.78807190009675,154.78384399414062,23296776.0
2025-05-28,155.49236253792478,155.77003566293013,153.8167982234654,154.3817138671875,13044476.0
2025-05-29,155.2912964778573,156.97643011523544,154.63064309549128,156.18173217773438,26455081.0
2025-05-30,156.1721652494822,156.91898701270287,153.6827496322393,154.1710662841797,32739340.0
2025-06-02,152.2369763725739,153.30933278888003,150.6092883521777,152.2752685546875,31365564.0
2025-06-03,152.27526955552628,153.81678921897827,150.48481418229866,150.65716552734375,28398746.0
2025-06-04,150.80077391717384,152.21781836864687,150.14012057007034,151.45184326171875,16660138.0
2025-06-05,152.10293698314624,152.3231499097348,150.36992714091605,151.25079345703125,23708504.0
2025-06-06,152.55391497441923,154.68987355895635,151.13321673748325,154.30775451660156,25804151.0
2025-06-09,154.50370854827648,155.00339807472366,153.6512926059639,154.1411895751953,15315437.0
2025-06-10,154.80743070129662,156.08116571614772,152.35794603830144,152.5343017578125,22764080.0
2025-06-11,153.2887579330468,154.34693717546995,152.17179344667835,153.24957275390625,17605668.0
2025-06-12,152.84784934308564,153.10259037648876,148.78171061318454,149.80068969726562,27846151.0
2025-06-13,146.77312403171527,149.41856447828644,146.77312403171527,149.05604553222656,24277592.0
2025-06-16,148.93846640213576,151.37815861242703,147.7921093251464,151.05482482910156,16188193.0
2025-06-17,150.7020980381509,151.7602772489202,149.27160731004182,149.5165557861328,16740382.0
2025-06-18,149.12463111144888,150.10442502801618,147.75292560844213,149.0364532470703,14860746.0
2025-06-19,148.92867698416805,149.3695812614616,147.4589860928769,147.94888305664062,20145922.0
2025-06-20,147.70392700702223,150.07502639609703,147.5863565258928,148.89927673339844,29944714.0
2025-06-23,147.45898055307632,150.2024064371807,147.43938048913083,149.3499755859375,17096676.0
2025-06-24,150.69230607959693,153.79825097470666,150.5355354661638,151.66229248046875,25403324.0
2025-06-25,152.7498608237262,153.72965470957556,152.3677418062637,153.22996520996094,18240433.0
2025-06-26,153.70027010597835,157.84480922363562,153.28875844651355,157.29611206054688,40650557.0
2025-06-27,157.74682459820806,160.00035365399057,157.4528834256331,158.18772888183594,31989509.0
2025-06-30,157.7370329296518,158.92257523340902,156.27713456626822,156.53187561035156,15842285.0
2025-07-01,156.77681298008653,157.19813212171806,154.54288413508942,156.8258056640625,17823415.0
2025-07-02,156.8258059465753,162.7927470840807,156.60045754044165,162.52821350097656,63315210.0
2025-07-03,162.64579505453744,165.36962102869035,161.87176441531565,162.5576171875,60571824.0
2025-07-04,162.55761312522574,163.12589539382557,158.7266153035522,159.71620178222656,22938753.0
2025-07-07,159.7064126190942,160.0493464791388,156.81602347896515,159.1185302734375,17469909.0
2025-07-08,159.167516736486,159.6084210032526,158.33470088825314,158.6972198486328,11398248.0
2025-07-09,158.67762048517898,158.67762048517898,154.3273331395368,155.7872314453125,29839077.0
2025-07-10,156.76702870753138,158.28571228822938,156.06157588231,157.4136962890625,17566887.0
2025-07-11,157.39409815300198,158.35429202947023,156.1007779245607,156.61026000976562,20689511.0
2025-07-14,156.61025305703114,157.8643880503442,156.08117093035503,157.19813537597656,15152964.0
2025-07-15,157.02176638780475,157.59985615615295,154.75844485133464,155.7872314453125,17993051.0
2025-07-16,155.787224418252,156.05177294773478,153.82763668972055,154.15097045898438,14591157.0
2025-07-17,154.31753751190692,157.45287496649962,153.94521104995056,156.66903686523438,21733241.0
2025-07-18,156.86500525657647,159.4614530433001,156.86500525657647,159.08912658691406,30728478.0
2025-07-21,159.21651614579585,162.25388335707254,159.20672358850962,159.72601318359375,29812899.0
2025-07-22,160.0003461911957,161.08791801366775,159.44185649430568,159.74559020996094,13615524.0
2025-07-23,159.95136074796844,160.82337675678392,158.60904783395793,159.48106384277344,14287149.0
2025-07-24,159.70639990852942,161.42103917135103,159.52023668220534,160.17669677734375,14377270.0
2025-07-25,160.19630187733304,160.28447973979533,157.79580982400492,158.16812133789062,12443495.0
2025-07-28,157.97217482791075,159.0107540258306,155.87541636688312,156.4534912109375,19296285.0
2025-07-29,155.00339590063598,159.16752008069668,155.00339590063598,158.42288208007812,15262937.0
2025-07-30,158.42288212915784,159.5006464764026,157.79581461516142,158.09954833984375,16083106.0
2025-07-31,157.74682428993594,158.85399622593465,153.39653680564152,154.7486572265625,26213891.0
2025-08-01,154.73884284196984,154.73884284196984,149.42836171891963,149.9182586669922,23927359.0
2025-08-04,150.39835854214874,156.68863337246128,150.39835854214874,156.33590698242188,30064719.0
2025-08-05,156.33591385416722,156.90419611590218,155.0817788456723,156.3946990966797,14441034.0
2025-08-06,156.39469532092863,156.57106599467667,154.61147822240403,155.4541015625,13438851.0
2025-08-07,153.97461017769194,156.76702885943823,153.10259417768006,156.44369506835938,23159540.0
2025-08-08,156.277121592409,156.71802584191784,153.83742948444055,154.75843811035156,11951173.0
2025-08-11,154.75845058288553,156.76703115971318,153.97461243699314,155.3169403076172,14325736.0
2025-08-12,155.31693617876937,158.38368097798784,155.29733611426408,156.92379760742188,20056598.0
2025-08-13,157.70762760542405,159.11851821725458,156.66903354672746,156.94337463378906,18079396.0
2025-08-14,156.78663117732714,157.35491345916554,151.7014982135466,152.16200256347656,47256126.0
2025-08-18,154.80743468913022,155.78722857956774,152.84784690825515,154.76824951171875,61022494.0
2025-08-19,155.29732790547314,156.23793659591405,153.59248119487864,156.0125732421875,21224239.0
2025-08-20,155.00338943303922,159.47124715126446,154.836826266843,158.64822387695312,28520245.0
2025-08-21,158.6482248201789,159.25569224762015,157.93297946685604,158.2465057373047,17282594.0
2025-08-22,157.9917693246473,158.02116194615854,154.90542446221374,155.34632873535156,16063984.0
2025-08-25,155.98319133210362,157.09036326188237,155.43450912103523,156.40451049804688,16376542.0
2025-08-26,155.9439992314392,155.9439992314392,151.51532665935787,151.89744567871094,19621100.0
2025-08-28,152.63229248106538,152.72047034391545,150.06523724830674,150.52574157714844,22269875.0
2025-08-29,151.3781510886852,151.96603338377983,149.95745298441892,151.35855102539062,16971859.0
2025-09-01,151.35856538616036,153.20058279845597,150.59432730030775,153.01441955566406,10798622.0
2025-09-02,153.01441621642076,155.85582758300345,152.35795607753843,155.18955993652344,21202113.0
2025-09-03,155.19935505065737,164.6053829115023,155.19935505065737,164.4584197998047,82352014.0
2025-09-04,165.58517370010776,165.8791148683674,163.25325936917514,163.43942260742188,26316842.0
2025-09-05,163.6255869010279,164.60538083456697,162.5870077235515,164.29183959960938,16798170.0
2025-09-08,166.56496310305295,169.01444785456843,165.05608707432555,165.4088134765625,36402317.0
2025-09-09,165.87911001307,166.29062165640096,164.59558239805637,165.7321319580078,14028910.0
2025-09-10,165.77132876392503,167.28020475923196,165.34021706513215,166.0064697265625,13128306.0
2025-09-11,165.92810745667194,167.44677608258883,165.05609145998108,165.9868927001953,13829526.0
2025-09-12,166.1730552808698,167.5447607925511,165.22265397975173,166.3494110107422,12119036.0
2025-09-15,166.33961343200357,166.76091762984797,165.2226489917924,165.81051635742188,10611401.0
2025-09-16,165.9672960709935,168.7891074222772,165.60477709478272,168.54415893554688,26629438.0
2025-09-17,169.0144559572989,169.40636755614264,165.92811100261414,167.89749145507812,21381306.0
2025-09-18,167.9954650825129,168.72050298472064,166.3787962117765,168.55393981933594,16413388.0
2025-09-19,168.62254283312726,169.1810176039512,167.152851925054,168.0150604248047,25406461.0
2025-09-22,167.34880505629351,168.73031807598298,167.0646564463308,167.9268798828125,20970704.0
2025-09-23,167.9856654323302,170.2979796930898,167.74071695110763,169.78848266601562,24533561.0
2025-09-24,169.66111582354708,170.91525082329014,168.8968777752808,169.1712188720703,20168891.0
2025-09-25,169.40636317875388,170.3371793652769,168.3873840778086,168.89688110351562,17026549.0
2025-09-26,168.74010016487503,169.86685712635648,163.8215307898951,164.01748657226562,20157657.0
2025-09-29,164.21346161741062,166.83930206116054,164.1742614896264,165.56556701660156,16832342.0
2025-09-30,166.07506285197854,166.71192289452748,165.00709110965636,165.3598175048828,24553596.0
2025-10-01,165.5851729856298,166.3102258708126,162.7731692107931,164.12527465820312,17542776.0
2025-10-03,164.72295104958138,171.2091970451847,164.72295104958138,169.71011352539062,55172705.0
2025-10-06,169.7982864077036,169.9746421340475,165.879110795064,166.62374877929688,21474004.0
2025-10-07,166.95687791202062,168.72050995731377,166.95687791202062,167.966064453125,19189843.0
2025-10-08,168.52454451707715,170.12161329868525,166.62374202986783,168.46575927734375,22662699.0
2025-10-09,169.29858318947913,174.22696031292153,169.28879063254445,172.85523986816406,68504717.0
2025-10-10,172.44372797158246,172.58089852081383,169.40636087371374,170.3469696044922,18085975.0
2025-10-13,169.50434456167864,170.2881826711327,167.45657890046212,169.5337371826172,19386219.0
2025-10-14,171.3757535932804,172.88462961188387,165.83011656494588,167.0646514892578,22082970.0
2025-10-15,167.37819504744152,170.48413994081272,166.67274223785583,169.739501953125,15031989.0
2025-10-16,169.5043521749562,170.96425053250476,168.74011409529163,170.48414611816406,12205250.0
2025-10-17,170.09223271611626,170.7878780361492,167.5349699534617,168.7401123046875,21659007.0
2025-10-20,169.79828314395053,169.79828314395053,167.36839849695085,168.47555541992188,18049579.0
2025-10-21,168.91646137785548,169.74929216810278,168.62253516997373,169.28878784179688,2471987.0
2025-10-23,170.38615892617537,172.52211747382847,170.1314178858275,170.6409149169922,31472510.0
2025-10-24,171.07202329984003,173.76645656232023,170.2097998716964,170.91525268554688,25226376.0
2025-10-27,172.3359475811792,174.30532792781943,171.98322118098574,173.09039306640625,23832477.0
2025-10-28,173.76644971125117,178.3812704902341,173.44311593844537,178.13632202148438,59511794.0
2025-10-29,179.95873770095284,183.1626678311612,178.37147642106427,181.44802856445312,51610530.0
2025-10-30,180.6739929944484,181.44803856405343,178.94956107620848,180.62501525878903,24270977.0
2025-10-31,180.28207229114344,180.57601344258129,178.44005502923633,179.1455078125,16041321.0
2025-11-03,178.71440957861506,180.38007124540465,178.1265421819268,178.9789581298828,16652212.0
2025-11-04,179.30227816307968,179.3904560232443,175.2851173169437,175.667236328125,18746387.0
2025-11-06,175.66723744027053,177.01935777322672,172.9532191682353,173.6880645751953,23664538.0
2025-11-07,173.42352088090925,178.56743887313962,171.47372563120948,177.70521545410156,19165876.0
2025-11-10,178.35187790269174,178.82217477664634,176.55885331705906,177.81298828125,18376132.0
2025-11-11,179.20429897242093,179.20429897242093,175.40270879310737,177.3818817138672,14109340.0
2025-11-12,177.7738103958271,178.46945570347353,174.40331693489793,175.00099182128906,19037263.0
2025-11-13,180.2820726109348,180.2820726109348,171.56191312244096,173.08058166503906,82083661.0
2025-11-14,173.93301396354244,174.1093696859203,168.64211803518344,170.73887634277344,38345500.0
2025-11-17,171.59131638445135,171.70888687233943,169.13202404268722,169.67091369628906,28204282.0
2025-11-18,168.91646141674815,169.62191421676354,167.10385168236368,168.9654541015625,34278387.0
2025-11-19,168.9654605688343,170.3861587800188,168.58334153340576,169.71011352539062,19621610.0
2025-11-20,170.5821269287805,170.8368679650301,168.779294759156,168.9752655029297,15968891.0
2025-11-21,168.3285970525356,168.42656747344327,164.31143603360536,164.60537719726562,28412865.0
2025-11-24,164.60537787418383,164.97770434638255,161.84235185507077,162.0187225341797,31202769.0
2025-11-25,162.6457824397421,163.89012484092416,161.74437387328885,162.9691162109375,19983310.0
2025-11-26,163.6255751049081,166.51596401038026,163.52758973843058,166.2416229248047,15044796.0
2025-11-27,167.005871702516,167.54476135192886,163.80194137825137,164.73275756835938,17546627.0
2025-11-28,164.73275579853328,165.58517172087537,163.90971754715025,164.56619262695312,11975539.0
2025-12-01,165.58517522225367,166.2220353006132,164.3114401150656,165.22265625,11758473.0
2025-12-02,165.0266763271307,165.4382029138782,163.6255782524512,164.3898162841797,15355023.0
2025-12-03,164.38981878370706,164.59558208020945,161.66599294706072,163.5471954345703,18873943.0
2025-12-04,164.40942458986666,164.57598776405808,162.84174832028913,163.40023803710938,11419966.0
2025-12-05,163.6255747384361,164.26243476770992,161.6659870170177,163.7333526611328,33500436.0
2025-12-08,163.7137651572728,164.80133702411302,159.70641154765582,160.1669158935547,15772400.0
2025-12-09,160.08853317640472,160.08853317640472,156.82581752306186,157.42349243164062,25766371.0
2025-12-10,157.74682298233478,160.37266354271006,157.56065974326197,158.95196533203125,22537548.0
2025-12-11,160.1963009956089,163.2924532757465,159.87296721789184,163.0181121826172,32603566.0
2025-12-12,164.21346916961272,169.01445346166966,164.01749842261532,168.41677856445312,41130927.0
2025-12-15,167.49576587124238,169.6709095467895,167.05486160197606,169.37696838378906,23254201.0
2025-12-16,169.21041081212448,169.21041081212448,165.83012470194237,166.39840698242188,22981935.0
2025-12-17,166.65313807694636,167.83869525433352,166.23183388321416,166.89808654785156,11624504.0
2025-12-18,166.4865781822587,167.00586775474434,164.17426397345784,164.7229461669922,13152378.0
2025-12-19,165.73212992099573,166.1926342436874,164.4388097650615,165.28143310546875,28448892.0
2025-12-22,165.62434954364147,167.99546387027857,165.58516436696766,165.80072021484375,23729300.0
2025-12-23,165.92810870639488,167.88769657443396,165.83012333280536,167.44677734375,17348078.0
2025-12-24,167.88769520997894,168.18162142742085,166.24163363996013,166.63356018066406,17430406.0
2025-12-26,166.45718903737267,166.46698159443727,164.42902339031292,165.70274353027344,16904834.0
2025-12-29,166.08486327402076,170.61152138554397,165.8693074139259,168.81849670410156,48001907.0
2025-12-30,169.28879042506475,172.78666185691725,167.34880267109995,172.24777221679688,33741158.0
2025-12-31,176.3628988750202,177.73460433052753,174.8932080510617,176.4412841796875,50897201.0
2026-01-01,176.9507789067716,178.51844012853144,176.55885238848066,178.21470642089844,21507757.0
2026-01-02,178.32248425227598,180.13510889107147,177.93057268465597,179.18470764160156,23006840.0
2026-01-05,179.18471974336657,183.11368804331968,179.1749122357095,181.9673309326172,30646009.0
2026-01-06,182.24166627946056,184.05429098339528,180.7425828012637,182.4376220703125,28514282.0
2026-01-07,182.4376199695518,182.8785242315089,179.20429713108635,180.08612060546875,18231588.0
2026-01-08,181.7027719205664,182.1142835558037,175.92199401305942,176.48046875,38454951.0
2026-01-09,175.43210206069315,177.83259414305388,173.74685534440192,174.79522705078125,25318701.0
2026-01-12,174.7952310860447,179.93914921719784,174.05059308160847,179.53744506835938,25782267.0
2026-01-13,179.7921826060008,180.6641985884689,177.4406832006057,178.8809814453125,19155081.0
2026-01-14,178.8809788220487,186.7977003476668,177.98936278831158,185.42599487304688,55907778.0
2026-01-15,185.42599487304688,185.42599487304688,185.42599487304688,185.42599487304688,0.0
2026-01-16,186.20983009255903,187.14063128950747,183.52518947618503,184.40701293945312,26028519.0
2026-01-19,183.3194479641688,185.61216214325307,183.02550679879343,184.4658050537109,19709364.0
2026-01-20,184.4658032933141,186.16084256846423,179.33167783188887,179.85096740722656,20094927.0
2026-01-21,179.85096134014822,181.95752714211503,177.22512093082943,180.6837921142578,35037961.0
2026-01-22,182.13389239341228,186.1510534721251,182.03590702057767,185.279037475586,35681682.0
2026-01-23,186.65074139853988,188.5123438627473,183.48601122919985,183.8191375732422,28492706.0
2026-01-27,185.83751263902195,189.23739876721945,183.92691746839185,188.394775390625,42314287.0
2026-01-28,189.5803332788552,191.25577253025963,188.21842031143703,189.9330596923828,33310718.0
2026-01-29,190.5209151482256,198.88836317541825,190.18778882033365,198.23190307617188,60610904.0
2026-01-30,194.53808122494425,194.9789854884677,186.77811535533883,189.22760009765625,52262849.0
2026-02-02,181.6341982477284,185.181047387077,178.8613797123736,184.7009429931641,25601945.0
2026-02-03,189.6685064801252,194.978987666741,187.64032591460304,189.03163146972656,28467895.0
2026-02-04,190.0702231611729,192.1767740562104,189.54112608536585,191.45172119140625,13859145.0
2026-02-05,189.1002244606821,194.4009130971484,187.6501336613117,193.7640380859375,31293689.0
2026-02-06,193.60728312025088,193.60728312025088,190.442538018047,193.07818603515625,18446912.0
2026-02-09,197.9183654785156,202.1706673665258,193.55828566475088,197.9183654785156,68967709.0
2026-02-10,198.88837576458045,206.8345051561425,197.01696576516483,203.8069305419922,82443790.0
2026-02-11,205.1688408628477,206.00167167501505,201.15169476122617,203.3954162597656,40897457.0
2026-02-12,203.79712930054828,206.13883610170413,202.03349730689217,203.9049072265625,24109860.0
2026-02-13,202.41562482198435,202.67038081260225,198.46705647209663,199.07452392578125,25870923.0
2026-02-16,196.93857612609287,201.9551161666473,196.4976718562028,201.65138244628903,17932490.0
2026-02-17,201.3476466879569,201.641587848398,197.58524169562287,198.9765472412109,18506676.0
2026-02-18,199.43705373982053,205.4627803172888,199.43705373982053,204.8063201904297,48357001.0
2026-02-19,206.7365202146824,207.1186392511836,200.12291115568183,201.2594757080078,27749813.0
2026-02-20,202.23926146215945,205.07086522079007,200.5931999442581,204.1498565673828,26605844.0
2026-02-23,205.75671285186064,205.85469821912017,201.3476404336065,203.93429565429688,23377191.0
2026-02-24,203.02309443812595,205.30600099945755,202.572382679593,204.904296875,23413086.0
2026-02-25,205.8547055045304,212.0763878335333,205.1688378103761,210.302963256836,48873839.0
2026-02-26,211.5864958634085,211.5864958634085,208.7058993216261,211.16519165039065,25522669.0
2026-02-27,211.14558722909865,211.53749881221347,207.3831822095093,208.0396423339844,25598534.0
2026-03-02,200.85775136163767,210.00902288434327,200.3678544070972,206.74630737304688,30523310.0
2026-03-04,202.8173399663396,202.8173399663396,190.50132330520216,192.75485229492188,72096617.0
2026-03-05,194.489092366452,198.9373501678109,193.63667644350463,196.51727294921875,41033397.0
2026-03-06,195.46888448076024,198.1143250400302,193.1173850837355,194.4499053955078,28551376.0
2026-03-09,189.54112056999347,189.7860690367292,183.25084573827675,187.15042114257807,43019965.0
2026-03-10,190.0898130898865,192.66667588435303,188.1204326923077,191.059814453125,25783308.0
2026-03-11,193.1565683433964,194.86141510711136,190.080016103452,190.80506896972656,34207226.0
2026-03-12,190.0702270025327,190.72668713169747,186.25882927020857,189.56072998046875,24413736.0
2026-03-13,188.0714342621568,188.61032389194173,178.5772290726122,179.80197143554688,42683952.0
2026-03-16,179.30228359439403,183.85831924652325,177.58764427040396,183.1626739501953,44789516.0
2026-03-17,184.00529252685664,192.34333301240835,183.07449133665247,191.48110961914065,45672442.0
2026-03-18,192.43151900070097,192.4609116221249,189.26678884015053,191.46153259277344,26353743.0
2026-03-19,186.9446863339689,190.2955798073972,185.5435732285838,186.66053771972656,24146344.0
2026-03-20,189.4921364764287,195.4101000732928,189.4333512338221,192.79405212402344,46881257.0
2026-03-23,189.10023150282484,190.03103276106097,182.74136341364385,183.3880310058593,44393392.0
2026-03-24,188.12043271012945,188.30659594707384,183.9857011701505,186.93487548828125,34321983.0
2026-03-25,189.12961869832031,193.16636485425607,188.43397338916023,192.6764678955078,34767360.0
2026-03-27,190.39355992170923,191.5497095602212,188.7474983773317,189.31578063964844,36938046.0
2026-03-30,188.120431658464,190.4915311384363,184.4951971634728,187.98326110839844,45914996.0
2026-04-01,195.95878903870104,196.1547448376459,190.08002536754,190.6679077148437,35813622.0
2026-04-02,189.01205125174704,190.9128538743309,184.152266764611,190.2171936035156,27633959.0
2026-04-06,189.1198215148549,192.6764631820421,186.40578824365195,192.13758850097656,28115748.0
2026-04-07,191.6476942656149,194.4107053102103,189.3745652242459,194.12657165527344,32090982.0
2026-04-08,197.92815511760955,202.22944962673407,197.91836256103736,200.05430603027344,37018381.0
2026-04-09,200.3776507354345,203.98330016296072,199.93674645814323,201.0537109375,36853400.0
2026-04-10,203.77753935341,204.77693335784272,200.66180180198944,202.4352264404297,28385501.0
2026-04-13,199.5840175038078,202.8173404135377,197.4284738808108,202.2196655273437,25848544.0
2026-04-15,204.7769198242461,206.8834706747868,203.40521437977333,204.5025787353516,30858355.0
2026-04-16,205.5117763499998,208.6177213069781,204.7867234612804,206.4327850341797,26751249.0
2026-04-17,206.4327794608164,208.1670188522808,204.2870284248544,207.83387756347656,22837792.0
2026-04-20,207.7163119279305,209.08801744160672,205.56076828481,207.4419708251953,24992602.0
2026-04-21,207.441971076176,210.15600443559268,206.8149035619556,207.72610473632807,17427021.0
2026-04-22,206.736513953666,209.4603398135109,206.2564095580504,208.7254943847656,20795714.0
2026-04-23,208.73528148524096,208.79408167639707,205.9134852789404,206.64833068847656,19304122.0
2026-04-24,206.73651855852788,207.71631248534555,204.385019114353,205.8253173828125,22379072.0
2026-04-27,206.7365112615041,210.65568683044256,206.6679185128229,208.9606475830078,33068230.0
2026-04-28,208.89205669947847,213.83022633269505,207.9122627984955,210.7046813964844,34950491.0
2026-04-29,211.73346967433537,212.6152782120782,207.08924116440056,211.5179138183593,32800573.0
2026-04-30,211.41992051892456,211.41992051892456,205.7567131344055,207.0892333984375,24894783.0
2026-05-01,207.0892333984375,207.0892333984375,207.0892333984375,207.0892333984375,0.0
2026-05-04,208.25519550756448,210.1657906139613,207.12842355730183,207.9514617919922,23140911.0
2026-05-05,207.91225727175217,208.0494278162248,205.21782411567264,207.050048828125,20733709.0
2026-05-06,209.6758974302321,212.35073062720625,208.1278212532798,211.1161956787109,24082651.0
2026-05-07,212.3213416586462,214.77082648385087,211.3905404151622,212.7034606933593,21243369.0
2026-05-08,212.6152832465557,213.00719483917288,209.92084993352336,210.156005859375,17760366.0
2026-05-11,209.1859985430476,210.6556893993219,207.2460107988966,207.7946929931641,16301350.0
2026-05-12,207.71630859375,211.9588180114428,207.22641163951943,207.71630859375,28371348.0
2026-05-13,208.931252478677,216.44626974872804,208.7646893130333,215.1823272705078,46231533.0
2026-05-14,217.8081918112732,218.3960591940855,214.5944689437323,216.66183471679688,34985006.0
2026-05-15,218.49404552557328,219.8657510419588,211.6354880427077,212.45851135253903,33231023.0
2026-05-18,206.73650747568587,207.53994562883025,200.90673691374,205.4725799560547,73796001.0
2026-05-19,206.3348007769117,208.03964760262085,204.67894663795,205.06106567382807,32573663.0
2026-05-20,203.30723757974263,203.30723757974263,198.93735013596705,202.8271331787109,56670462.0
2026-05-21,205.51177457198688,205.8253158023861,203.4640088687742,204.36541748046875,24385712.0
2026-05-22,205.3648080776564,206.618943077634,204.051872885097,204.9630889892578,22023114.0
2026-05-25,207.0304539859507,207.4713582506991,205.2080367345846,205.97227478027344,23090495.0
2026-05-26,205.6587344197238,206.8736842425589,205.2766153952749,206.2172241210937,17801824.0
2026-05-27,206.4425796214676,214.53568711274585,206.4425796214676,210.3617553710937,39110042.0
2026-05-28,210.3617553710937,210.3617553710937,210.3617553710937,210.3617553710937,0.0
2026-05-29,211.33174393465907,211.3415364912704,202.52339158940543,203.8167266845703,67467374.0
2026-06-01,205.7567263452908,207.12843187407185,202.3274475728693,206.31521606445312,23733470.0
2026-06-02,204.7867208048832,209.1468156872828,204.35562404064967,206.3446044921875,29358964.0
2026-06-03,206.4523861024366,208.19641810630952,203.40522637423723,207.6085357666016,23198930.0
2026-06-04,206.16823800392515,207.9514701418094,205.08066613808128,206.31521606445312,18939468.0
2026-06-05,205.16884311070905,206.2466224146788,199.7799764917982,202.5919952392578,35802398.0
2026-06-08,199.3292778931529,201.063517321306,197.5264606647005,198.6238250732422,31036948.0
2026-06-09,198.8981681942479,199.87796212623925,196.2919127470383,199.07452392578125,42111455.0
2026-06-10,198.89815663475216,199.2900682045841,193.999187259512,195.28271484375,34008938.0
2026-06-11,193.450509700546,195.3219196346834,192.08859677972976,193.9600067138672,38292223.0
2026-06-12,200.0,200.82000732421875,195.8000030517578,197.8600006103516,27622963.0
2026-06-15,199.9600067138672,200.9499969482422,196.82000732421875,197.27999877929688,27071539.0
2026-06-16,197.509994506836,197.6000061035156,193.3099975585937,196.0,29255187.0
2026-06-17,196.7899932861328,199.5,195.6000061035156,199.009994506836,22491220.0
2026-06-18,199.009994506836,200.6999969482422,198.1499938964844,200.5200042724609,22111931.0
2026-06-19,199.25,199.3600006103516,196.5,198.9600067138672,31571461.0
2026-06-22,199.3000030517578,200.6600036621093,198.6999969482422,198.97000122070312,19238506.0
2026-06-23,197.75,197.97999572753903,192.72999572753903,193.5599975585937,34634510.0
2026-06-24,192.8000030517578,193.3800048828125,189.58999633789065,190.1600036621093,51305789.0
2026-06-25,190.0,190.8600006103516,187.6100006103516,188.7100067138672,34151735.0
2026-06-26,188.7100067138672,188.7100067138672,188.7100067138672,188.7100067138672,0.0
2026-06-29,188.72999572753903,191.2700042724609,188.6000061035156,189.57000732421875,62549132.0
2026-06-30,189.5,190.3999938964844,187.0500030517578,188.0599975585937,33686235.0
2026-07-01,188.5,188.7100067138672,184.6999969482422,185.1699981689453,20614036.0
2026-07-02,186.0,188.6000061035156,185.13999938964844,187.6699981689453,29139217.0
2026-07-03,190.6000061035156,192.97999572753903,189.1100006103516,189.8000030517578,28474469.0
2026-07-06,190.38999938964844,191.4499969482422,189.19000244140625,190.8699951171875,14466645.0
2026-07-07,191.0,191.3000030517578,189.0,189.7899932861328,22805982.0
2026-07-08,187.6600036621093,189.7899932861328,186.5200042724609,188.1999969482422,17816943.0
2026-07-09,189.5,189.8699951171875,186.6199951171875,187.9100036621093,21203724.0
2026-07-10,189.67999267578125,193.3000030517578,188.7400054931641,191.19000244140625,23145573.0
2026-07-13,189.0,189.2700042724609,185.3999938964844,187.1100006103516,47597415.0
2026-07-14,186.6999969482422,190.3500061035156,186.6999969482422,188.2700042724609,24096425.0
2026-07-15,188.7400054931641,189.3300018310547,184.8099975585937,185.259994506836,24924570.0
2026-07-16,186.5,186.75,184.9100036621093,185.4900054931641,13166990.0
2026-07-17,185.1999969482422,186.58999633789065,183.4100036621093,185.88999938964844,20132684.0
2026-07-20,186.67999267578125,187.19000244140625,185.759994506836,186.4100036621093,11188887.0
2026-07-21,186.75,188.1000061035156,184.6999969482422,187.2400054931641,21618426.0
2026-07-22,187.9900054931641,187.9900054931641,184.9100036621093,186.52999877929688,16643117.0
2026-07-23,186.0,186.0,183.5,184.22999572753903,20581098.0
2026-07-24,183.4100036621093,183.5200042724609,181.1999969482422,182.6699981689453,16117953.0
2026-07-27,183.6000061035156,184.88999938964844,183.3300018310547,184.25,11857396.0
2026-07-28,184.3099975585937,185.13999938964844,182.009994506836,182.6300048828125,19135253.0
2026-07-29,183.5,188.6699981689453,183.0399932861328,187.2700042724609,24872418.0
2026-07-30,188.009994506836,188.9900054931641,186.1000061035156,186.9199981689453,13769746.0
2026-07-31,188.25,191.83999633789065,186.3099975585937,189.69000244140625,34249584.0
2026-08-03,192.94000244140625,193.5,188.4900054931641,191.0,27563681.0
2026-08-04,190.6999969482422,192.6000061035156,189.0,190.9499969482422,22165429.0
2026-08-05,192.25,192.9900054931641,189.83999633789065,192.9900054931641,22780522.0
2026-08-06,193.4499969482422,193.6499938964844,188.9900054931641,189.3000030517578,18802510.0
2026-08-07,189.4100036621093,189.69000244140625,186.75,187.5500030517578,9924021.0
2026-08-10,187.5599975585937,192.3500061035156,187.5500030517578,190.2400054931641,33338101.0
2026-08-11,190.2400054931641,190.5599975585937,186.77999877929688,188.25,20973262.0
2026-08-12,188.3500061035156,188.8800048828125,183.6000061035156,186.1999969482422,36484049.0
2026-08-13,186.1999969482422,186.6600036621093,183.4600067138672,184.8500061035156,19940424.0
2026-08-14,184.0,184.19000244140625,180.0,183.5,16131505.0
2026-08-17,183.5,186.3500061035156,182.0599975585937,186.0,16278106.0
2026-08-18,186.33999633789065,187.1100006103516,184.3300018310547,185.5,13393441.0
2026-08-19,184.1600036621093,184.9499969482422,182.5,184.0,15509632.0
2026-08-20,185.0,185.6000061035156,182.9499969482422,183.5,21782667.0
2026-08-21,184.3999938964844,184.94000244140625,182.0,183.0,26299054.0
2026-08-24,184.1499938964844,186.3000030517578,183.0599975585937,186.3000030517578,37800944.0
2026-08-25,186.3000030517578,187.2700042724609,183.5,186.94000244140625,24578020.0
2026-08-26,186.4900054931641,189.9499969482422,184.2899932861328,188.00999450683597,32199274.0
2026-08-27,188.0500030517578,190.25,186.5,186.8000030517578,40921836.0
2026-08-28,187.6000061035156,188.7899932861328,184.0800018310547,186.5,39370394.0
2026-08-31,185.3500061035156,185.82000732421875,181.3999938964844,184.3500061035156,36802869.0
2026-09-01,183.6999969482422,188.67999267578125,182.1199951171875,184.07000732421875,46663321.0
2026-09-02,182.5,184.05999755859372,181.44000244140625,183.8500061035156,19496175.0
2026-09-03,184.1100006103516,187.6499938964844,182.0,184.1999969482422,21964971.0
2026-09-04,184.1999969482422,189.8999938964844,182.83999633789065,188.7899932861328,36500951.0
2026-09-07,189.0,190.2400054931641,184.3699951171875,185.6100006103516,23695657.0
2026-09-08,185.8999938964844,186.5,183.6100006103516,184.1499938964844,24272812.0
2026-09-09,184.8000030517578,190.25999450683597,183.41000366210935,188.75,45985325.0
2026-09-10,189.0,189.0,185.0,186.77999877929688,23334612.0
2026-09-11,184.0,184.2400054931641,180.7899932861328,183.0,31510206.0
2026-09-14,183.0,183.0,183.0,183.0,0.0
2026-09-15,186.1000061035156,186.4900054931641,182.3800048828125,183.6499938964844,31857708.0
2026-09-16,183.6499938964844,185.3999938964844,180.27999877929688,183.0,29476234.0
2026-09-17,183.0,189.4900054931641,182.8699951171875,187.2899932861328,29397693.0
2026-09-18,186.3999938964844,187.9600067138672,185.5399932861328,185.5399932861328,29014128.0
2026-09-21,184.5500030517578,186.8699951171875,183.33999633789065,183.3999938964844,9933718.0
2026-09-22,183.6000061035156,185.4900054931641,183.1000061035156,184.97000122070312,17525509.0
2026-09-23,184.8800048828125,191.5,184.8699951171875,190.82000732421875,39798327.0
2026-09-24,188.21,191.8,187.72,188.02,15701549.0
