Date,Open,High,Low,Close,Volume
2021-09-23,2056.180787343494,2079.546478108761,2042.997714735122,2070.9873046875,711634.0
2021-09-24,2070.938237166723,2080.776423566565,2051.261864367039,2059.033935546875,540771.0
2021-09-27,2065.0354154285897,2073.250397506933,2043.5881201031248,2056.427001953125,507550.0
2021-09-28,2049.490837650215,2103.4041443939327,2049.343360937821,2094.844970703125,923489.0
2021-09-29,2094.5498437954743,2132.8202920706085,2075.906528968333,2112.75048828125,912912.0
2021-09-30,2115.111340593546,2149.643466730089,2101.731552832288,2126.8681640625,1374265.0
2021-10-01,2122.096529733536,2139.805262944108,2088.3022677806675,2128.7373046875,626710.0
2021-10-04,2125.0484605480065,2139.117116449844,2103.404448449832,2120.424560546875,870878.0
2021-10-05,2120.423958510387,2170.942891927445,2095.5333036264847,2157.16943359375,1329784.0
2021-10-06,2158.49803803076,2169.0248491572493,2100.551217771331,2112.89794921875,895210.0
2021-10-07,2218.5104477814434,2345.668973446965,2213.591355879489,2336.9130859375,8361061.0
2021-10-08,2380.8408036825463,2380.8408036825463,2314.9249632500128,2320.040771484375,1845797.0
2021-10-11,2338.536698500164,2367.165914444244,2319.401475698537,2324.1728515625,1056932.0
2021-10-12,2326.730543728556,2467.21986096083,2304.742106150496,2452.265869140625,3517011.0
2021-10-13,2498.80054906068,2566.733265529217,2449.7081012600493,2496.144287109375,4023645.0
2021-10-14,2533.6277723214075,2542.186945034868,2491.372816764509,2522.559814453125,1546459.0
2021-10-18,2577.604513508225,2634.5675095436964,2533.824589519249,2546.909423828125,2572741.0
2021-10-19,2595.3131341157286,2595.3131341157286,2428.8018574102366,2444.6904296875,3546129.0
2021-10-20,2446.855136921037,2465.006540575191,2364.1159033213617,2372.3798828125,2868983.0
2021-10-21,2394.5159030789487,2396.532779169994,2341.537417604888,2356.93408203125,2303014.0
2021-10-22,2378.282738651704,2454.57791113463,2359.196755885287,2372.97021484375,3063724.0
2021-10-25,2366.083414793928,2372.9701440677563,2302.135214394092,2340.651611328125,1446182.0
2021-10-26,2351.326313898755,2428.50683043202,2332.63376161253,2415.028564453125,2567357.0
2021-10-27,2428.06406227516,2442.181953851042,2412.519681909777,2420.2919921875,2082690.0
2021-10-28,2430.0318390677235,2430.0318390677235,2321.811797651752,2336.716552734375,3330380.0
2021-10-29,2361.1644797240524,2365.099753856926,2308.579427161546,2344.980712890625,1450019.0
2021-11-01,2401.9436736733346,2401.9436736733346,2351.670691497896,2367.362548828125,1276469.0
2021-11-02,2383.595603672719,2424.915982299373,2381.873921229941,2414.241455078125,1546219.0
2021-11-03,2422.16122904025,2431.6549818107846,2367.116630138865,2378.823974609375,1554405.0
2021-11-04,2399.533563751349,2405.2397596654464,2382.8086475628406,2392.40087890625,181506.0
2021-11-08,2437.803843492779,2507.458243571421,2408.6829590700618,2495.70166015625,3449086.0
2021-11-09,2488.0278821012853,2502.637683692478,2450.839492751949,2471.45068359375,1097405.0
2021-11-10,2464.4655550076927,2485.9620871623365,2432.19625738714,2444.395751953125,911235.0
2021-11-11,2443.805158386719,2501.653734328572,2436.229803961134,2487.191650390625,1726010.0
2021-11-12,2506.622207592969,2520.297189465046,2482.1742203651065,2498.4072265625,1673817.0
2021-11-15,2509.720984384575,2531.0697977190225,2490.7332393655265,2498.30859375,846885.0
2021-11-16,2508.8358820434664,2510.0656552807745,2479.370323125497,2490.78271484375,1133767.0
2021-11-17,2482.0757170601582,2497.915291748695,2450.7904794061496,2458.906982421875,892518.0
2021-11-18,2451.6756198361354,2479.222536912946,2416.750064256608,2438.098876953125,739912.0
2021-11-22,2452.069130740545,2452.069130740545,2314.924928061061,2352.605224609375,1361329.0
2021-11-23,2341.488121853342,2371.937257584807,2326.7800827393785,2349.0634765625,1247942.0
2021-11-24,2361.164640699125,2366.329688350654,2326.730989688929,2337.405517578125,614145.0
2021-11-25,2321.811613408246,2364.312523717368,2317.0399977029724,2359.0,662071.0
2021-11-26,2339.3235068703925,2346.505429435055,2248.074347644762,2255.20703125,1289322.0
2021-11-29,2252.9445175134297,2296.6259657944265,2195.292653434652,2286.591064453125,1094276.0
2021-11-30,2298.5933925069726,2351.3261589254234,2298.5933925069726,2337.060791015625,2675375.0
2021-12-01,2370.8060421549326,2402.435713159512,2309.4156191659167,2322.008544921875,2177426.0
2021-12-02,2330.665989026817,2383.3002779305466,2321.860861631402,2347.8828125,1682636.0
2021-12-03,2366.083622685185,2366.526292996529,2316.9419339443543,2330.912109375,1062389.0
2021-12-06,2323.140046880431,2341.340690194587,2280.8848476828025,2287.67333984375,547641.0
2021-12-07,2298.692041716248,2347.2435832272013,2287.7225609614907,2342.029296875,904175.0
2021-12-08,2346.4072366626942,2378.8732487423035,2338.635166210576,2366.624755859375,926476.0
2021-12-09,2384.7760461428525,2384.7760461428525,2317.7289113836323,2334.748779296875,1250492.0
2021-12-10,2346.800747257149,2346.800747257149,2259.142655796039,2301.49609375,2288164.0
2021-12-13,2314.531691269377,2347.391135820504,2302.2339589987328,2312.465576171875,992852.0
2021-12-14,2304.791821043268,2332.8798905361336,2281.229413254891,2316.745361328125,765269.0
2021-12-15,2316.9913021790107,2329.928420811588,2279.950387435354,2285.55810546875,567271.0
2021-12-16,2306.169083738342,2326.53407901956,2287.6240086010826,2319.106201171875,998086.0
2021-12-17,2298.1999139662275,2301.446562910098,2220.5767338385094,2243.49951171875,1591893.0
2021-12-20,2223.135068384349,2226.5291948613763,2169.320233531588,2203.114501953125,1063366.0
2021-12-21,2214.8709056619746,2272.6210105767063,2214.8709056619746,2250.632568359375,883858.0
2021-12-22,2268.980680380014,2270.7516017381568,2245.4182750751875,2262.53662109375,643034.0
2021-12-23,2282.459266058699,2299.725331389534,2272.6210795670668,2292.198974609375,613686.0
2021-12-24,2302.233720328389,2304.0044014397304,2272.6206880146,2281.917724609375,534065.0
2021-12-27,2268.8327503880905,2306.0703736148425,2249.30409888938,2293.575927734375,537545.0
2021-12-28,2302.2337904148694,2346.357906456848,2289.8375811177543,2341.340576171875,871453.0
2021-12-29,2340.504238553395,2377.348193766254,2331.9943045060563,2363.279541015625,764644.0
2021-12-30,2355.064735776319,2408.387649587842,2352.014802398938,2397.86083984375,1152684.0
2021-12-31,2407.699113452876,2493.979949669708,2405.042851485324,2481.583740234375,2225749.0
2022-01-03,2469.384515302742,2504.801982454494,2461.809160644409,2483.010498046875,921729.0
2022-01-04,2484.141653358498,2552.959707757091,2483.551266196528,2541.203125,1037293.0
2022-01-05,2534.316634618756,2565.7988288376228,2518.674015442289,2534.464111328125,1244568.0
2022-01-06,2498.898930348207,2559.256289958428,2497.3739636715973,2553.894287109375,1130508.0
2022-01-07,2587.442922270433,2643.766537213392,2520.8876899466222,2531.070068359375,4625230.0
2022-01-10,2543.170720212547,2620.4497083173646,2529.3972617665218,2614.49755859375,1894316.0
2022-01-11,2607.1191508523734,2635.403934092753,2591.6732476947727,2610.4150390625,1123968.0
2022-01-12,2598.264613516493,2628.762986488477,2565.798603578574,2570.66845703125,1293999.0
2022-01-13,2568.7499529288857,2586.3602069706094,2546.12212875525,2576.866455078125,1023670.0
2022-01-14,2583.5076224794498,2596.2972641748925,2546.9588578642765,2550.795654296875,1166457.0
2022-01-17,2550.7954453730017,2562.1585972174203,2509.130635340154,2555.517822265625,1172956.0
2022-01-18,2555.960774340508,2592.3620632745333,2545.138769522284,2558.518798828125,1221314.0
2022-01-19,2555.960657607684,2575.4403134288536,2529.4960340187254,2547.0078125,629040.0
2022-01-20,2554.976726143116,2567.766367051803,2508.737255165555,2522.805908203125,1215237.0
2022-01-21,2506.769862626894,2520.44484547178,2464.4656616484967,2487.240966796875,1457884.0
2022-01-24,2479.2225619032943,2481.7313470575173,2337.552701223106,2364.1650390625,1411443.0
2022-01-25,2347.390953534281,2368.7890060235395,2292.6905485661737,2338.044677734375,2849686.0
2022-01-27,2289.345842961795,2322.205287562566,2223.4299978915583,2272.670166015625,2460051.0
2022-01-28,2275.572346742089,2339.3238379573154,2270.653253904341,2278.13037109375,1317407.0
2022-01-31,2314.925010258292,2341.488110673495,2298.544527744945,2322.10693359375,900510.0
2022-02-01,2340.307569040904,2402.583330076852,2320.778675129031,2392.449951171875,1246431.0
2022-02-02,2411.3390222524667,2437.803642495741,2402.238701585052,2424.128662109375,1144427.0
2022-02-03,2440.362096870054,2465.9906200636724,2377.88961424508,2434.90185546875,3883564.0
2022-02-04,2469.3845322436755,2479.2227176311003,2390.679049144276,2431.1630859375,2718069.0
2022-02-07,2439.869976772591,2457.726187179797,2349.35867118264,2370.215576171875,1119632.0
2022-02-08,2379.2669770037974,2425.113023131742,2362.050150267568,2404.1083984375,1524580.0
2022-02-09,2425.1126305925845,2454.627185934482,2416.307502953598,2444.59228515625,826261.0
2022-02-10,2459.496861423087,2463.4321351837,2425.653603157835,2451.528076171875,788689.0
2022-02-11,2439.8698609760468,2439.8698609760468,2382.0705245517147,2402.730712890625,1030760.0
2022-02-14,2341.488286544125,2383.7924866791664,2313.203501570116,2359.197021484375,816491.0
2022-02-15,2382.7593594316168,2459.349731884747,2360.180771081009,2455.5126953125,1293933.0
2022-02-16,2469.384564087735,2479.124271670856,2420.439591154124,2447.789794921875,1008929.0
2022-02-17,2468.8927362678974,2496.4396566167725,2446.756818130409,2452.8564453125,960885.0
2022-02-18,2439.1812962190606,2459.054382216161,2420.980653662149,2448.675048828125,654373.0
2022-02-21,2447.740653403784,2447.740653403784,2372.0358608954098,2414.63525390625,788568.0
2022-02-22,2338.5368642264893,2417.242353977486,2338.5368642264893,2410.4541015625,874150.0
2022-02-23,2412.322855317452,2484.14160264134,2412.322855317452,2455.315673828125,2096198.0
2022-02-24,2363.1320536358653,2426.096438079119,2356.245324087384,2367.65771484375,1875086.0
2022-02-25,2384.284480135096,2433.967321582103,2384.284480135096,2428.507080078125,1284338.0
2022-02-28,2390.6791577798126,2522.1664153816687,2390.6791577798126,2505.34326171875,2355891.0
2022-03-02,2508.7374972856524,2562.650806049653,2483.5026455948755,2550.697265625,3536974.0
2022-03-03,2577.60467058063,2597.0843264344853,2518.575555987181,2532.594970703125,2153478.0
2022-03-04,2523.494471480054,2523.494471480054,2390.678972981104,2401.5009765625,2652474.0
2022-03-07,2375.7249461220445,2380.7915152875025,2292.2970898359263,2351.031005859375,1545686.0
2022-03-08,2361.164420795993,2380.348881714961,2287.968419827344,2332.879638671875,1467595.0
2022-03-09,2354.2778898560728,2420.6856447935093,2336.56915520609,2394.27001953125,1581979.0
2022-03-10,2457.578456267141,2464.219230718624,2405.288602402969,2427.8671875,1051744.0
2022-03-11,2437.902334746391,2457.7754211562687,2409.2241204681595,2453.25,812330.0
2022-03-14,2449.7081745473733,2503.8181944670946,2434.9508963874496,2497.915283203125,1004492.0
2022-03-15,2517.5915830275308,2537.267953352092,2502.0472024331148,2515.57470703125,1571483.0
2022-03-16,2536.0875614620704,2551.5334649954552,2524.4784542812176,2545.433837890625,757197.0
2022-03-17,2558.026644404491,2677.609594035184,2558.026644404491,2659.261474609375,3336088.0
2022-03-21,2695.662929835396,2723.2098502862686,2656.310186334149,2663.44287109375,1889261.0
2022-03-22,2672.296880219853,2674.805665319828,2603.626303975917,2668.853515625,1279904.0
2022-03-23,2685.8246661898816,2698.565068491485,2634.5186244117726,2646.471923828125,1281815.0
2022-03-24,2650.406956548656,2650.406956548656,2570.274990254489,2576.128662109375,1835380.0
2022-03-25,2588.4263797829617,2591.3778351761007,2477.2548933080566,2483.059326171875,2863040.0
2022-03-28,2495.45562155015,2504.359226999962,2442.821331878188,2494.865234375,1316800.0
2022-03-29,2508.7372252420323,2517.591591919357,2484.436955843388,2497.718505859375,908172.0
2022-03-30,2514.9350129943464,2524.232048795809,2469.3841732349138,2482.3212890625,866666.0
2022-03-31,2484.387801968989,2504.211649743934,2479.173515597963,2495.111328125,910316.0
2022-04-01,2496.93122824661,2508.737049656759,2451.528102816097,2480.058837890625,1208002.0
2022-04-04,2499.243745393492,2520.543322593862,2468.154980701542,2476.271484375,1424995.0
2022-04-05,2491.028564319592,2536.0875018701813,2479.271980705309,2507.9501953125,1586304.0
2022-04-06,2505.785977569301,2523.396234456945,2482.469524755967,2498.948486328125,1349078.0
2022-04-07,2461.80908766122,2503.276941479339,2412.322968931025,2418.5703125,2785215.0
2022-04-08,2428.408739536559,2491.668083420509,2425.1128511476054,2469.33544921875,1217812.0
2022-04-11,2462.497909285217,2469.3354003880445,2437.3120575249245,2449.560791015625,660112.0
2022-04-12,2439.869991827637,2467.908820362753,2400.763204660239,2447.937255859375,1182427.0
2022-04-13,2451.872384718797,2455.561704044228,2401.5994041583,2421.521728515625,1165453.0
2022-04-18,2395.5981491938205,2459.54635440844,2371.002685649736,2453.102294921875,1109814.0
2022-04-19,2468.7942780784674,2479.8132384582123,2401.501182478337,2412.91357421875,929834.0
2022-04-20,2413.356000823199,2464.465323465438,2403.17338335082,2442.526123046875,639190.0
2022-04-21,2442.5262447936057,2484.092578169421,2426.0965231895825,2480.20654296875,880723.0
2022-04-22,2474.303602140649,2485.56827626745,2436.4265887480387,2472.040771484375,878780.0
2022-04-25,2431.0157770624605,2448.724511982381,2407.453369470917,2414.1923828125,682383.0
2022-04-26,2420.193563030429,2510.852343715887,2419.209744508872,2506.96630859375,1232557.0
2022-04-27,2487.732932646812,2496.735017406202,2447.986755272432,2452.0205078125,801135.0
2022-04-28,2488.9626822408304,2490.044978821296,2436.9187722403594,2472.532958984375,933881.0
2022-04-29,2480.2064577391498,2491.028461323097,2410.3553436973093,2418.422607421875,1496781.0
2022-05-02,2395.598337096045,2397.565974333906,2333.9621966960785,2347.932373046875,1287401.0
2022-05-04,2317.87627642227,2368.0510175502563,2238.186981689586,2252.89501953125,2357806.0
2022-05-05,2271.637179940491,2271.637179940491,2215.7069956532737,2225.397705078125,2118580.0
2022-05-06,2203.753360215054,2203.753360215054,2159.924199588837,2173.009033203125,1465638.0
2022-05-09,2159.4816652421778,2177.5348312759247,2135.870020610828,2147.87255859375,968069.0
2022-05-10,2144.724413010507,2150.627324238976,2090.614393416205,2102.7646484375,1092429.0
2022-05-11,2092.778688417908,2103.403976373994,2061.83764428709,2080.48095703125,1472911.0
2022-05-12,2067.986666684146,2069.855825920529,2002.6119697168529,2015.401611328125,1362031.0
2022-05-13,2022.8784729998213,2119.1452169294025,2022.8784729998213,2057.853271484375,2580348.0
2022-05-16,2083.72760244798,2117.177431760176,2062.7722201643846,2075.463623046875,1370151.0
2022-05-17,2110.290978682638,2149.6437242058573,2076.8411449879013,2141.1337890625,1256142.0
2022-05-18,2151.611291617991,2158.793215480797,2126.032007858472,2131.68896484375,1188772.0
2022-05-19,2090.6145154751484,2121.2113698717844,2021.8456917244948,2077.775634765625,981115.0
2022-05-20,2105.272976711941,2120.6698793610094,2094.7461674767924,2102.46923828125,1017542.0
2022-05-23,2125.047942372237,2164.400682045797,2103.403935551779,2116.48876953125,1346294.0
2022-05-24,2116.83311130382,2129.96718517295,2087.0236010490744,2105.61767578125,1150314.0
2022-05-25,2125.047942086431,2145.708130412271,2071.9217435342703,2079.201904296875,1125068.0
2022-05-26,2097.500849781961,2116.045922883489,2041.9151096259195,2107.289794921875,1382368.0
2022-05-27,2120.1288025851736,2124.9986559730537,2089.040042861034,2114.422607421875,865917.0
2022-05-30,2128.9834087396266,2223.4299924914767,2128.9834087396266,2219.396240234375,1691435.0
2022-05-31,2218.412290149594,2262.7826015871788,2141.379491995442,2180.141845703125,7005071.0
2022-06-01,2218.510634492305,2267.603079729439,2144.7242497530933,2162.03955078125,2126105.0
2022-06-02,2141.379750272346,2189.3409090254795,2141.379750272346,2185.011962890625,966727.0
2022-06-03,2195.538300227672,2208.6231333667674,2162.18695157235,2168.729248046875,1228695.0
2022-06-06,2168.729804545382,2173.2062275824187,2130.902024295029,2162.974609375,1285097.0
2022-06-07,2138.3787025324336,2144.183135481056,2054.21298363707,2066.805908203125,3255286.0
2022-06-08,2071.971231406387,2098.4850949050265,2062.6249546123886,2094.40234375,1775344.0
2022-06-09,2071.9220205903302,2119.145314506919,2068.970564720544,2105.07666015625,1035771.0
2022-06-10,2073.88942107816,2130.9508947131376,2073.88942107816,2107.585205078125,927889.0
2022-06-13,2073.889117603,2090.072881701886,2042.6036454948912,2068.379638671875,928411.0
2022-06-14,2066.018935184497,2082.645372444,2039.111402024041,2067.986572265625,893733.0
2022-06-15,2069.95424716302,2093.0739832886525,2056.180787343494,2070.9873046875,783714.0
2022-06-16,2091.991707328302,2110.2908287727128,2009.0067552153205,2027.600830078125,1265289.0
2022-06-17,2007.9736324462133,2018.4512037810384,1879.6345524329745,1905.1153564453125,6066708.0
2022-06-20,1906.6402150906715,1941.51653218422,1874.616875514372,1929.9566650390625,1967950.0
2022-06-21,1947.862220411632,2059.8699296414266,1934.6790288429208,2044.4732666015625,3289922.0
2022-06-22,2036.50436038388,2037.4389399508725,1974.523792893936,1998.3321533203125,1507811.0
2022-06-23,2006.9899395143825,2014.6637726152487,1964.833336617611,2008.3673095703125,1632845.0
2022-06-24,2020.3206973630524,2042.800807850584,2001.037757077348,2012.499267578125,854618.0
2022-06-27,2048.3100950823787,2049.9332995139844,1992.2324411824288,2007.284912109375,1067849.0
2022-06-28,1987.3135513332927,1989.2811885128303,1928.2844359471555,1936.2042236328125,3397585.0
2022-06-29,1918.4461754192264,1922.6766432286788,1891.8830745288064,1904.8203125,2375427.0
2022-06-30,1918.4461809049017,1933.941323135288,1894.8345356014568,1909.8377685546875,2489709.0
2022-07-01,1864.3361791527084,1922.725786918773,1795.5181186251664,1914.7076416015625,4064801.0
2022-07-04,1922.381438843551,1934.7775285038824,1896.8021566480893,1930.743896484375,1023678.0
2022-07-05,1935.1710053134395,1956.913370322103,1909.1490538138112,1922.6273193359373,1555345.0
2022-07-06,1926.316845551156,1992.7246019733736,1909.936241614666,1980.968017578125,1952701.0
2022-07-07,2095.53352099552,2136.460468937003,2068.5277497136635,2093.073974609375,5915740.0
2022-07-08,2112.8201425940124,2126.642330442758,2083.6948181984408,2117.114990234375,2039331.0
2022-07-11,2125.654894784603,2146.2401767816978,2099.590295788398,2136.120361328125,1219508.0
2022-07-12,2104.921375256749,2114.794364821743,2087.594230362228,2102.94677734375,1096542.0
2022-07-13,2102.946865589907,2114.5970419734344,2080.683224978637,2084.5830078125,1169721.0
2022-07-14,2104.9217025178345,2112.8200953978267,2086.163019427854,2100.429443359375,767221.0
2022-07-15,2107.8832242484705,2165.2945608489754,2105.118739025107,2161.888427734375,1742573.0
2022-07-18,2168.108728863632,2218.7572186884904,2166.1835439107176,2209.0322265625,2016386.0
2022-07-19,2204.145165471944,2224.3847963307007,2188.5457920167446,2212.734619140625,867223.0
2022-07-20,2251.041795323684,2268.813177918344,2232.381940015211,2242.353515625,1620332.0
2022-07-21,2255.978098071432,2268.812984406193,2235.2448201460493,2259.532470703125,1117118.0
2022-07-22,2269.8006818086355,2300.357541431022,2254.102722182479,2295.470458984375,1185176.0
2022-07-25,2309.5887112187474,2318.9680521748464,2283.622698048112,2299.271484375,1248393.0
2022-07-26,2305.293955644076,2305.293955644076,2257.508776235493,2264.07421875,1142159.0
2022-07-27,2256.077105747115,2281.6480541614765,2237.762660566115,2274.292724609375,1456382.0
2022-07-28,2291.52078068534,2311.760408433746,2275.7734112061207,2304.997314453125,1126799.0
2022-07-29,2325.0889973289386,2362.1127074774886,2309.341627487044,2322.176513671875,1239445.0
2022-08-01,2334.764810175346,2350.8084195215783,2309.292446820752,2346.0693359375,581266.0
2022-08-02,2339.898619629625,2367.34557991594,2327.113145844249,2354.65869140625,777687.0
2022-08-03,2364.5811261426284,2395.088569099489,2325.089165789516,2385.709228515625,1207016.0
2022-08-04,2399.0869747953475,2399.5806242578888,2340.8363382155026,2392.866943359375,1015590.0
2022-08-05,2394.397554019652,2440.998019923989,2386.647401275281,2401.901123046875,2443597.0
2022-08-08,2428.755638571496,2443.26888625256,2402.246562929702,2415.871337890625,1576547.0
2022-08-10,2438.5296784662914,2438.5296784662914,2386.400484637216,2402.69091796875,1065998.0
2022-08-11,2415.130959067227,2454.425510623057,2415.130959067227,2440.948974609375,1127878.0
2022-08-12,2440.60312409538,2461.3364030622097,2430.6313077954155,2440.5537109375,761420.0
2022-08-16,2429.8414970978624,2467.753679657282,2404.0728985659057,2462.175537109375,1035928.0
2022-08-17,2463.311116392346,2491.103488083215,2449.14327868575,2460.546630859375,863500.0
2022-08-18,2460.5467997362634,2472.098151143477,2435.963148253223,2447.21826171875,827663.0
2022-08-19,2467.210803165164,2467.210803165164,2400.025057589934,2409.60205078125,751505.0
2022-08-22,2409.009443079468,2426.7808242169394,2377.415876612852,2386.89404296875,947292.0
2022-08-23,2376.4289716828566,2470.1729745182183,2369.517877872396,2448.69921875,1417877.0
2022-08-24,2463.3109361647707,2463.3109361647707,2410.046204811169,2429.446533203125,672569.0
2022-08-25,2441.5906365097467,2469.8274867486325,2425.4976132208662,2435.123779296875,732577.0
2022-08-26,2451.513021951543,2523.5364414283204,2450.0320733356816,2500.729736328125,2398253.0
2022-08-29,2426.040793795046,2508.6282698283794,2426.040793795046,2499.545166015625,1149676.0
2022-08-30,2512.675829247685,2589.783973704559,2510.701231346508,2571.568115234375,1794736.0
2022-09-01,2560.017155102516,2613.5287181556364,2533.0638414438586,2588.6982421875,1438313.0
2022-09-02,2597.583685770114,2611.4058718593506,2573.937922775415,2579.41748046875,800453.0
2022-09-05,2591.659975453523,2606.469461027544,2577.689790477953,2593.980224609375,733481.0
2022-09-06,2598.274754955307,2613.281651690951,2577.837713667701,2598.225341796875,680071.0
2022-09-07,2573.8886013470287,2607.851591960772,2567.3723312568104,2604.248046875,438635.0
2022-09-08,2615.355196035157,2626.1166593160187,2582.774327228377,2593.33837890625,754150.0
2022-09-09,2618.317208489224,2618.46520693803,2560.066561694026,2570.3837890625,777186.0
2022-09-12,2583.56426084146,2635.792285355033,2576.850578941236,2627.350830078125,808360.0
2022-09-13,2645.961472605907,2688.415332054435,2638.063080150368,2671.18701171875,1536444.0
2022-09-14,2611.4061223914173,2677.555162164659,2611.4061223914173,2666.300048828125,915281.0
2022-09-15,2679.6776522262585,2682.491550968373,2614.367915702706,2622.414306640625,753648.0
2022-09-16,2614.3678626515984,2643.6411828246564,2571.173529573424,2578.627685546875,1425731.0
2022-09-19,2578.578317413746,2598.5711233590423,2520.1302613273097,2586.526123046875,808421.0
2022-09-20,2608.6412557831422,2659.3391536372296,2601.631577812835,2649.910400390625,844553.0
2022-09-21,2653.8599377181145,2665.7075267257846,2622.90801501965,2632.781005859375,1052572.0
2022-09-22,2626.2150980852048,2710.0860922014376,2616.342108994659,2702.82958984375,1352472.0
2022-09-23,2702.830002590171,2720.6999709491,2633.126592550671,2638.50732421875,1226889.0
2022-09-26,2632.139100304792,2643.9372749958,2530.990367257602,2621.7724609375,1371409.0
2022-09-27,2636.038862403913,2645.5170290240926,2552.710924940677,2567.322998046875,1246270.0
2022-09-28,2554.636267931586,2601.0393228466723,2531.928389994417,2544.22021484375,1419969.0
2022-09-29,2561.8929000153694,2572.950600579137,2485.3772277110133,2499.347412109375,1177076.0
2022-09-30,2505.7651303367925,2603.9025650301933,2490.560820524515,2573.83935546875,1453944.0
2022-10-03,2591.6597171659923,2591.6597171659923,2523.141267154735,2541.5048828125,1049142.0
2022-10-04,2595.6091771599,2595.6091771599,2538.9874807781657,2552.266845703125,1291070.0
2022-10-06,2565.052363921038,2586.7235300199222,2548.8113426370805,2559.91845703125,1409852.0
2022-10-07,2655.834456651426,2710.135904649875,2641.024970833668,2695.820068359375,5284814.0
2022-10-10,2675.5804481635028,2693.253004892275,2624.240897128631,2646.060302734375,1290447.0
2022-10-11,2658.796492672712,2659.783791778791,2583.169284731076,2591.16650390625,1067626.0
2022-10-12,2596.596436637624,2611.3070956992324,2572.901260029524,2588.056396484375,1131702.0
2022-10-13,2576.850716878036,2594.622101132368,2558.0920334984644,2565.644775390625,1038687.0
2022-10-14,2606.4692582678176,2629.769610174308,2574.6288667605686,2584.55126953125,1326916.0
2022-10-17,2580.700796636536,2601.434075933411,2569.495097449961,2591.659912109375,1111199.0
2022-10-18,2604.642938980998,2630.8557774358337,2589.833452965816,2607.5556640625,771852.0
2022-10-19,2620.6370034744555,2642.999227756597,2606.4691674551427,2610.96142578125,1001916.0
2022-10-20,2606.4694343174046,2610.418630430007,2548.564442732297,2598.077392578125,1022636.0
2022-10-21,2616.342324249242,2645.615642895208,2606.5187475038874,2631.79345703125,986521.0
2022-10-24,2662.7454812742435,2665.608552042489,2645.122097190267,2649.811767578125,184595.0
2022-10-25,2663.0912537858258,2663.0912537858258,2628.1901351024803,2636.384765625,505759.0
2022-10-27,2665.7074439051303,2729.8818823695133,2645.9614628391664,2669.459228515625,2117791.0
2022-10-28,2674.5437088615804,2704.113267152164,2659.0431620102045,2701.64501953125,1003160.0
2022-10-31,2715.072330693803,2755.551590896874,2703.4715670990204,2726.42626953125,1144647.0
2022-11-01,2734.966124537581,2748.640311584041,2706.186456196788,2719.959228515625,890107.0
2022-11-02,2710.135990656898,2712.45623992457,2668.6694290512182,2693.796142578125,1704942.0
2022-11-03,2670.643598314828,2743.7037189341613,2670.643598314828,2728.548583984375,1227960.0
2022-11-04,2739.6556346128164,2746.122490647445,2711.715268437782,2734.521728515625,1172058.0
2022-11-07,2736.792943943789,2736.792943943789,2671.927445103732,2706.729736328125,1825529.0
2022-11-09,2733.83106180734,2733.83106180734,2675.580418020184,2683.57763671875,1184702.0
2022-11-10,2675.5804214564205,2676.666546825701,2594.6218994787723,2607.456787109375,1198585.0
2022-11-11,2637.0757221680105,2660.1784231683123,2607.9998137987163,2618.11962890625,833729.0
2022-11-14,2624.2409557820283,2631.152049345036,2589.8828995751137,2596.399169921875,565428.0
2022-11-15,2609.3817671492525,2635.2489519810265,2587.760016100659,2622.90771484375,1033296.0
2022-11-16,2625.2280911191183,2644.1841840730567,2596.5964195725014,2610.71484375,835064.0
2022-11-17,2604.4950489188977,2611.406142680244,2543.2825041755423,2549.206298828125,1265647.0
2022-11-18,2547.231512161786,2550.5882324673184,2512.6760459115294,2533.2119140625,1038751.0
2022-11-21,2519.5868431323847,2546.194500810957,2507.393605057899,2540.665771484375,629040.0
2022-11-22,2547.2316886331096,2575.863362652629,2528.473005654804,2573.098876953125,912070.0
2022-11-23,2581.737621613695,2599.064768276836,2557.894445796424,2568.705322265625,992873.0
2022-11-24,2577.837738985775,2585.0450700334886,2559.572707131605,2577.0478515625,752066.0
2022-11-25,2586.723443427082,2586.723443427082,2553.1552766039827,2562.435791015625,633047.0
2022-11-28,2551.575533880816,2575.3695370798023,2546.244215498873,2559.325927734375,665149.0
2022-11-29,2564.1637173198387,2606.469579447633,2562.090533869168,2580.552978515625,866621.0
2022-11-30,2580.552954704322,2631.152032247544,2571.124200339525,2619.304443359375,1569918.0
2022-12-01,2628.189905640345,2631.1518026038766,2596.596338029341,2605.185791015625,539844.0
2022-12-02,2614.3679449940773,2617.7246654259543,2571.91408486011,2584.650146484375,731396.0
2022-12-05,2595.609004525233,2596.5468903432543,2556.36387028032,2582.428466796875,747114.0
2022-12-06,2586.5262044101987,2590.6728123805883,2558.388180342803,2583.76171875,706596.0
2022-12-07,2583.070840374859,2590.426170908491,2553.846688824522,2563.867919921875,712914.0
2022-12-08,2563.867550018333,2580.7008054349185,2545.9973413856114,2550.68701171875,648288.0
2022-12-09,2564.015582266697,2596.497623954964,2535.3344972220607,2582.231201171875,935047.0
2022-12-12,2580.305938209792,2580.305938209792,2538.345730681988,2551.822265625,726330.0
2022-12-13,2564.410523886484,2566.977597900309,2532.422130236266,2543.18359375,832740.0
2022-12-14,2542.1470642094505,2563.0283427741406,2538.4938648798134,2558.190673828125,767737.0
2022-12-15,2552.167956597996,2555.771501590812,2482.612789122269,2490.6591796875,1225728.0
2022-12-16,2468.2475111984027,2487.99349128799,2448.5015311088155,2451.3154296875,1177053.0
2022-12-19,2451.660912827804,2493.176885412196,2437.345076835932,2489.770751953125,572224.0
2022-12-20,2484.8339814930214,2485.6238688406097,2450.5747570194003,2476.293701171875,597902.0
2022-12-21,2483.0570350173502,2495.8919222758896,2449.4888683411714,2457.979736328125,519326.0
2022-12-22,2460.1516581792,2477.330564096336,2433.6919971824027,2451.46337890625,557608.0
2022-12-23,2436.308146924949,2473.1838589625186,2423.8189116778376,2451.5126953125,1310439.0
2022-12-26,2456.153333216565,2480.49015958781,2438.875598986321,2449.587890625,1076808.0
2022-12-27,2466.273127388149,2487.8948810482034,2454.030715085256,2471.752685546875,791283.0
2022-12-28,2471.0119622217057,2563.0281799503305,2465.779229362847,2547.37939453125,2443430.0
2022-12-29,2522.549062392906,2555.9692315141124,2509.911586396832,2520.8212890625,1583143.0
2022-12-30,2531.434759233638,2576.850515444538,2520.623882865309,2564.50927734375,1057182.0
2023-01-02,2573.888684435289,2582.7743760961707,2524.3263191570027,2533.16259765625,697408.0
2023-01-03,2535.383853950555,2585.736103386489,2522.598379997821,2580.40478515625,852511.0
2023-01-04,2585.538697729815,2592.8940271524257,2552.7604187787224,2564.55859375,832054.0
2023-01-05,2558.0914353821604,2586.723103319668,2511.342736316564,2529.55859375,1544601.0
2023-01-06,2527.4855219160954,2551.575521880937,2485.031663540161,2505.86376953125,879019.0
2023-01-09,2497.8169766279343,2497.8169766279343,2436.456442164365,2453.09228515625,2324487.0
2023-01-10,2463.311226284892,2466.964184705086,2424.8065618259293,2436.8515625,948787.0
2023-01-11,2441.5903221185968,2456.992282272905,2400.1237658998416,2406.4423828125,1000412.0
2023-01-12,2418.882843638444,2443.565321634754,2401.1114594811,2415.526123046875,874520.0
2023-01-13,2425.6949925112795,2425.6949925112795,2369.5177717551755,2386.499267578125,1416869.0
2023-01-16,2397.1620340312243,2403.8757156129127,2361.619269111486,2375.29345703125,737012.0
2023-01-17,2374.454459070768,2387.190521707648,2355.6957751945333,2377.366943359375,926137.0
2023-01-18,2387.2889033200745,2398.9884925003994,2382.1549968972363,2393.3115234375,601233.0
2023-01-19,2362.1128978269894,2381.167817060262,2337.1341844925832,2354.757568359375,1116874.0
2023-01-20,2359.5951585414546,2366.506251429275,2323.114509291562,2341.18212890625,1229902.0
2023-01-23,2353.6712762118573,2354.016927259179,2325.6814956916164,2334.665771484375,932554.0
2023-01-24,2342.366933447518,2360.2371421902662,2333.974891747074,2340.63916015625,714000.0
2023-01-25,2339.898901170396,2339.898901170396,2303.911896657828,2326.669189453125,650664.0
2023-01-27,2338.318931776103,2338.318931776103,2273.3548482800297,2301.640869140625,1238620.0
2023-01-30,2302.3810270369886,2313.093316481778,2258.001989839577,2305.885986328125,1401847.0
2023-01-31,2317.190794702082,2356.13969274508,2305.9848544344927,2346.957763671875,1252600.0
2023-02-01,2377.959166203475,2379.193290011365,2270.837219678589,2316.104736328125,1521514.0
2023-02-02,2311.3163658628127,2354.708108586671,2240.7739007129026,2278.784912109375,1788381.0
2023-02-03,2290.632640951688,2438.6286733344846,2290.632640951688,2431.81640625,3693638.0
2023-02-06,2443.417090863062,2448.4521712716805,2416.513192405101,2426.781005859375,1049075.0
2023-02-07,2425.102777456608,2428.508911073303,2401.210187937983,2415.822021484375,563195.0
2023-02-08,2415.920765715263,2448.5016342353297,2415.920765715263,2435.419921875,539085.0
2023-02-09,2435.6668702700263,2444.206911036035,2420.4625606048194,2431.2734375,464715.0
2023-02-10,2420.857270752101,2440.603251753342,2411.033693411945,2437.147705078125,597337.0
2023-02-13,2448.501588820888,2491.893332882556,2444.700391148129,2487.0556640625,1856317.0
2023-02-14,2496.829806031248,2496.829806031248,2448.501567256465,2475.059814453125,843477.0
2023-02-15,2471.653732281932,2496.138796670024,2451.759753051497,2492.239013671875,707224.0
2023-02-16,2497.866606334842,2513.317740112255,2486.1178440095064,2490.363037109375,704946.0
2023-02-17,2483.0569480479344,2513.515218160582,2464.298267327096,2468.543701171875,607239.0
2023-02-20,2468.24760674782,2475.405524807388,2434.97567721682,2442.725830078125,460090.0
2023-02-21,2454.376047942374,2454.376047942374,2419.376344502664,2432.31005859375,750272.0
2023-02-22,2420.807549690521,2431.5198394371264,2383.734426868039,2400.666748046875,1098118.0
2023-02-23,2401.6047635001764,2401.6047635001764,2349.77156716564,2364.08740234375,1602078.0
2023-02-24,2369.517623083362,2383.0929844656107,2347.7476317133246,2368.629150390625,1145691.0
2023-02-27,2368.6293550886644,2381.365416997475,2343.453228167672,2370.505126953125,862629.0
2023-02-28,2370.603695493969,2394.2000448812114,2333.579983459724,2342.6630859375,1430349.0
2023-03-01,2339.898701721917,2365.6178896682136,2336.2951566773804,2352.14111328125,479935.0
2023-03-02,2352.0919557471607,2363.8901310239976,2321.8805088178656,2328.989013671875,529609.0
2023-03-03,2339.8986359467176,2371.4922040270108,2328.3472858253194,2365.667236328125,710845.0
2023-03-06,2381.908590864797,2395.582539343964,2362.212021209505,2372.924072265625,682556.0
2023-03-08,2365.963238880372,2370.7023223117585,2342.120064328419,2366.654541015625,858496.0
2023-03-09,2370.307282172248,2377.366372995111,2334.961932824706,2338.170654296875,601071.0
2023-03-10,2324.9412287669643,2349.722289919251,2308.3051436128576,2345.328857421875,543004.0
2023-03-13,2342.613783298185,2346.7603910336875,2291.521058280513,2302.38134765625,631722.0
2023-03-14,2307.2686117019616,2361.47147757751,2299.271633518234,2325.681884765625,1470817.0
2023-03-15,2349.7716428910007,2383.191810782492,2349.7222297325607,2368.629150390625,1656307.0
2023-03-16,2382.8462058594546,2450.476189328016,2382.3525563450853,2419.228271484375,2317115.0
2023-03-17,2435.814877145321,2442.577972393462,2416.3157199283564,2424.4609375,1625905.0
2023-03-20,2430.730310129412,2443.515784876842,2410.5400923576235,2428.706298828125,918922.0
2023-03-21,2443.5650658229447,2489.5238832487057,2436.7033858662703,2482.119140625,1652107.0
2023-03-22,2485.969278840333,2491.9424855417624,2463.31081673007,2476.293701171875,754732.0
2023-03-23,2478.120559653399,2495.8919421529054,2462.373188368741,2487.0556640625,610778.0
2023-03-24,2484.8339964777774,2487.697066960301,2443.5154398206505,2461.681884765625,838919.0
2023-03-27,2448.501496809944,2478.120466529419,2435.4691983413336,2462.718505859375,728727.0
2023-03-28,2471.1105339097994,2475.3065545973554,2462.224843042033,2468.543701171875,599191.0
2023-03-29,2468.544027494768,2492.930267447577,2462.323994857132,2483.106689453125,710603.0
2023-03-31,2494.85525355798,2504.5308323293884,2468.2475927164564,2482.958251953125,848456.0
2023-04-03,2493.8184248850503,2512.3302809658107,2481.3786022226545,2505.17236328125,701713.0
2023-04-05,2527.485277495381,2548.7122046305963,2517.7111144397286,2540.02392578125,1438377.0
2023-04-06,2550.193506584454,2551.180805657851,2512.676141795368,2516.082275390625,1192271.0
2023-04-10,2535.383974521005,2568.9521424079653,2528.5222942932496,2550.884521484375,1497452.0
2023-04-11,2550.884306551769,2570.432874411483,2543.282152672933,2547.28076171875,820568.0
2023-04-12,2547.280853272054,2560.5105635606023,2531.5826544242195,2555.031005859375,553807.0
2023-04-13,2555.130063747649,2566.928239752121,2544.56601161477,2552.809814453125,481459.0
2023-04-17,2566.977376890108,2579.071789531225,2549.502232955392,2572.50634765625,1044487.0
2023-04-18,2569.98882049987,2574.530251470979,2527.5843748372035,2544.960693359375,674756.0
2023-04-19,2547.280945185523,2562.978903559989,2529.460149243818,2536.66748046875,687292.0
2023-04-20,2544.9111919679003,2585.7361023712383,2537.8521004754743,2546.490966796875,995472.0
2023-04-21,2560.658643186527,2561.5965289774267,2526.7448279698856,2535.679931640625,409932.0
2023-04-24,2538.444760738008,2602.915197823403,2537.358635334196,2596.15234375,1026391.0
2023-04-25,2601.385047462168,2603.5076440438525,2581.737651372042,2599.755859375,630987.0
2023-04-26,2599.558394721312,2614.02222936603,2592.301650298856,2607.456787109375,631279.0
2023-04-27,2607.4567667730785,2640.037635119732,2598.077425885406,2629.62158203125,620037.0
2023-04-28,2638.5071025055886,2645.2701969130057,2586.2296698887294,2608.2958984375,1567472.0
2023-05-02,2623.253506832015,2640.0375902404244,2599.9531534491257,2630.0166015625,726439.0
2023-05-03,2641.02517719409,2645.4680232865658,2609.530431310024,2620.34130859375,808211.0
2023-05-04,2645.665328199589,2660.030578193845,2622.8094506393863,2636.4833984375,1936641.0
2023-05-05,2636.680677118467,2730.868900705184,2632.435243417729,2698.189208984375,2190777.0
2023-05-08,2698.2387764251976,2734.818252889312,2698.189363266825,2716.306396484375,848638.0
2023-05-09,2718.330341286868,2754.5641657974643,2703.668854956223,2713.492431640625,893686.0
2023-05-10,2724.9450818083865,2732.5472354590984,2701.4473187645463,2710.579833984375,522149.0
2023-05-11,2722.9705081924344,2729.881600852821,2709.1977360271912,2722.822509765625,621067.0
2023-05-12,2725.7351278763144,2749.134065972376,2721.835345033603,2737.9775390625,705516.0
2023-05-15,2738.767512481514,2766.510711673473,2729.141346927551,2744.2470703125,772914.0
2023-05-16,2749.6277154054856,2765.227087815745,2739.310489061923,2754.81103515625,548885.0
2023-05-17,2749.627751376738,2754.564246442046,2715.1216990781923,2727.314697265625,539547.0
2023-05-18,2746.665471968117,2746.665471968117,2681.602572480824,2687.279541015625,612441.0
2023-05-19,2685.404046900658,2685.404046900658,2648.972807773831,2667.33642578125,846419.0
2023-05-22,2667.2872679065863,2699.275661406377,2666.79361837085,2678.09814453125,559506.0
2023-05-23,2685.404092306844,2691.772123183541,2643.295882837384,2649.36767578125,713749.0
2023-05-24,2641.0248414269554,2687.4278947155785,2636.088346396251,2672.865234375,814553.0
2023-05-25,2679.9738402667567,2685.4533981658283,2647.936034514982,2673.556396484375,651488.0
2023-05-26,2673.5566829295512,2724.649413901824,2664.8684022084253,2707.322265625,811400.0
2023-05-29,2710.135639226959,2785.960247395801,2710.135639226959,2776.531494140625,1107678.0
2023-05-30,2793.5623447605376,2805.804755174465,2762.166190327671,2766.9052734375,1263691.0
2023-05-31,2766.905391865052,2796.129538093352,2754.662980927132,2787.391845703125,1394580.0
2023-06-01,2787.391868500233,2801.608877514726,2778.9504139429696,2791.341064453125,538550.0
2023-06-02,2794.0565224832226,2834.53578658987,2790.551562383097,2825.304443359375,1116501.0
2023-06-05,2838.484606282306,2838.484606282306,2803.9291415101734,2819.4296875,724102.0
2023-06-06,2824.612910389768,2856.2558902543624,2821.9966645626214,2844.8525390625,1148132.0
2023-06-07,2858.230633633516,2873.040118781876,2833.548158386249,2870.02880859375,862821.0
2023-06-08,2869.9793722570294,2884.739685167527,2834.5848476621773,2840.459228515625,560514.0
2023-06-09,2853.294111255976,2882.8636681110324,2826.8838629943502,2839.71875,727880.0
2023-06-12,2848.308364616995,2848.802014145206,2797.265051607934,2816.369384765625,1112274.0
2023-06-13,2823.576277628477,2880.9384452119098,2818.837435320825,2875.50830078125,776313.0
2023-06-14,2882.913159742568,2891.008963558542,2860.2052821144584,2870.127685546875,617700.0
2023-06-15,2874.076739780103,2887.5038612648086,2863.167037858924,2871.0654296875,564711.0
2023-06-16,2874.81737889475,2922.405144183288,2874.81737889475,2916.777587890625,1022389.0
2023-06-19,2929.316221230249,2985.987089121244,2925.7126761876298,2930.89599609375,1382633.0
2023-06-20,2934.9440020176894,2948.4207794284694,2910.854000265116,2936.2275390625,672298.0
2023-06-21,2936.227084217707,2947.0873726932937,2920.5782994074257,2933.364013671875,509602.0
2023-06-22,2937.2148172009142,2946.840983408548,2918.258722723077,2932.525146484375,496441.0
2023-06-23,2934.74634301977,2943.1383847071265,2894.76073262707,2901.81982421875,869340.0
2023-06-26,2902.6589283470366,2943.13818551106,2902.6589283470366,2934.844970703125,839713.0
2023-06-27,2935.240102467357,2951.234299015524,2903.35029465304,2937.90576171875,913730.0
2023-06-28,2956.9606855480783,3005.733162710143,2947.137108106223,2989.640380859375,1525117.0
2023-06-30,3007.3129474923608,3028.9841137287376,2990.676861856067,3008.94189453125,946112.0
2023-07-03,3011.360870130278,3015.2112399343123,2987.863104990281,2999.710693359375,429100.0
2023-07-04,3002.870010408324,3050.7540135333625,3000.4017628245592,3035.598876953125,1291238.0
2023-07-05,3035.944768703376,3074.350607735434,3024.0971793620943,3060.479248046875,643663.0
2023-07-06,3060.626939375253,3072.3265290916875,3042.2630813230826,3066.945556640625,976956.0
2023-07-07,3100.118675329,3169.2296012121305,3086.6913133129365,3104.06787109375,3630808.0
2023-07-10,3114.928231611615,3114.928231611615,2991.7626858450385,3006.868408203125,1777220.0
2023-07-11,3023.9491131561167,3058.6525797414524,3006.128316379937,3048.384765625,1141925.0
2023-07-12,3074.4493649268834,3084.3223558226023,3048.433937500737,3057.171630859375,1300168.0
2023-07-13,3084.360474727965,3085.004443369284,3050.039823812549,3055.43798828125,932018.0
2023-07-14,3064.253446384884,3067.9184817303626,3013.688726753088,3026.515625,721349.0
2023-07-17,3040.8279839752254,3043.7499038692963,2991.30309824273,3004.625244140625,866575.0
2023-07-18,3004.625468965561,3011.063704592535,2935.241050498411,2967.97705078125,1359863.0
2023-07-19,2981.497456653359,2988.7278969722024,2956.685438963897,2967.1845703125,568891.0
2023-07-20,2973.72191723361,2987.935656900471,2937.816373225043,2960.89501953125,1021556.0
2023-07-21,2962.3314443940885,2976.446038754237,2941.778614010012,2948.018798828125,599594.0
2023-07-24,2949.702320196434,2964.4606400466887,2923.206505198027,2950.890869140625,523141.0
2023-07-25,2951.683382252806,3004.080618048391,2944.50227335303,3000.2177734375,874788.0
2023-07-26,3015.96641426544,3015.96641426544,2966.540674710576,2979.763916015625,588487.0
2023-07-27,2985.310494841205,2995.364191589619,2955.2983661641406,2973.5732421875,595544.0
2023-07-28,2979.565629336281,2981.3981468525067,2923.652081225403,2958.61669921875,837051.0
2023-07-31,2921.9686695752293,2989.272950396716,2921.9686695752293,2975.505126953125,656048.0
2023-08-01,2996.107362069374,2998.732084506703,2959.310223768196,2973.375244140625,602288.0
2023-08-02,2977.089538125585,2977.139111378441,2931.87341146424,2948.8603515625,1152335.0
2023-08-03,2910.0328816841507,2958.567272525508,2855.60507746192,2874.523681640625,3319847.0
2023-08-04,2892.203801755662,2907.903287522946,2870.4624249207027,2876.801513671875,709334.0
2023-08-07,2892.203996102626,2892.203996102626,2855.0603286879427,2877.0,580359.0
2023-08-08,2890.272581367672,2904.139550572315,2877.0000075715293,2893.49169921875,474417.0
2023-08-09,2896.215473786784,2933.854388972796,2890.4209651153765,2927.812255859375,600081.0
2023-08-10,2929.8923449777926,2967.0360106088497,2889.2819372211698,2960.152099609375,970990.0
2023-08-11,2960.102535299955,3038.3022845472947,2951.6833043981483,2988.579345703125,1823274.0
2023-08-14,2991.6502588683707,2991.6502588683707,2959.95432787081,2982.042236328125,542561.0
2023-08-16,2976.445903771089,2987.242233116367,2949.752036292767,2982.488037109375,544441.0
2023-08-17,2989.322268327297,3050.1883078984406,2983.3792817103445,3042.5615234375,1699758.0
2023-08-18,3041.422542299572,3050.237875704012,3006.1607250403235,3021.4638671875,860782.0
2023-08-21,3022.0086790749606,3053.20935865243,3021.0181813105964,3049.04931640625,706621.0
2023-08-22,3055.6362538239214,3061.628814101796,3011.212570927874,3046.375244140625,714220.0
2023-08-23,3046.375253773551,3055.685836742289,3027.2585970952573,3040.828369140625,602197.0
2023-08-24,3046.474034503457,3070.4440328946457,3027.2089006613537,3032.11181640625,618626.0
2023-08-25,3025.970663166723,3045.532993967883,3008.686525582505,3038.0546875,648003.0
2023-08-28,3044.790151183712,3050.683564563072,3011.80652701136,3019.58203125,471698.0
2023-08-29,3022.949798990473,3060.6382897248614,3015.0753896189253,3050.138916015625,482639.0
2023-08-30,3050.7330626943663,3081.4384928708355,3037.856591975202,3052.912109375,582766.0
2023-08-31,3061.480302392473,3089.3131462121823,3052.9123511046364,3074.950927734375,1420498.0
2023-09-01,3082.3795826880487,3095.2064808436453,3070.543182333205,3087.18359375,423739.0
2023-09-04,3087.3322688794283,3095.256251791553,3056.973606075656,3070.840576171875,539813.0
2023-09-05,3090.352923592152,3127.496588539173,3085.400434932549,3106.349365234375,721199.0
2023-09-06,3106.349597912397,3150.3278455962577,3091.195174935473,3145.87060546875,1163154.0
2023-09-07,3142.8491742209726,3152.7045778844035,3122.048722705485,3142.651123046875,805295.0
2023-09-08,3151.7638079373214,3174.545255951953,3142.651277095616,3168.701416015625,700158.0
2023-09-11,3179.448337232913,3190.938208341788,3156.3203588955,3182.7666015625,544452.0
2023-09-12,3185.4903894598174,3190.5417829751623,3147.405798712283,3155.52783203125,591509.0
2023-09-13,3147.8513538341854,3238.927571588561,3147.8513538341854,3232.192138671875,1370306.0
2023-09-14,3246.4061234706933,3271.069422043807,3209.212882593766,3230.360107421875,1264935.0
2023-09-15,3230.6076723772453,3232.9847703330142,3208.222325707302,3217.731201171875,1397407.0
2023-09-18,3226.051029082525,3320.148311171208,3215.9480008434653,3307.76708984375,1423507.0
2023-09-20,3282.509503148174,3317.176923972009,3268.69210806968,3275.229248046875,1201025.0
2023-09-21,3268.6426135880047,3290.928813226105,3254.577593736108,3273.099853515625,1091384.0
2023-09-22,3267.454154400138,3267.454154400138,3230.7065897035063,3243.385009765625,1019051.0
2023-09-25,3243.3849615855524,3283.400974934535,3230.360012583251,3252.7451171875,623515.0
2023-09-26,3262.6994315158854,3276.566399348679,3224.070021124532,3231.597900390625,1054827.0
2023-09-27,3215.948191591389,3235.9066248267573,3155.725879118513,3184.004638671875,1464192.0
2023-09-28,3186.926761717513,3194.256348916703,3111.8965512435107,3127.249267578125,1214383.0
2023-09-29,3130.022494329389,3146.26656086238,3113.1840324122013,3118.87939453125,697564.0
2023-10-03,3118.8793483250392,3181.974006327606,3084.8060807990805,3165.87841796875,1007308.0
2023-10-04,3155.726043934135,3174.545502451005,3121.0586203504267,3136.559814453125,486969.0
2023-10-05,3143.7407339828555,3200.2982526316937,3134.9254006745005,3185.93603515625,1109881.0
2023-10-06,3199.30785035572,3288.2545999464774,3190.492516784277,3278.300048828125,1102120.0
2023-10-09,3263.3929066004057,3264.6806020466715,3218.1767807912533,3236.451416015625,822467.0
2023-10-10,3263.690390745239,3267.850433319214,3228.329666135308,3238.135498046875,633934.0
2023-10-11,3258.440656654138,3264.6808413351623,3232.9849108367625,3249.328125,546575.0
2023-10-12,3260.718640601218,3263.7397071469686,3231.598103054401,3253.78515625,429096.0
2023-10-13,3253.7849971450323,3275.5759468976016,3235.510362648501,3252.546875,920545.0
2023-10-16,3252.7947321116,3297.367132521168,3243.8802520296863,3270.029296875,778014.0
2023-10-17,3286.422180424423,3296.8224074930285,3272.7039307644777,3277.012451171875,584625.0
2023-10-18,3277.755258971544,3292.563152661264,3246.356527194711,3251.556640625,324535.0
2023-10-19,3238.92753758271,3269.583393588039,3208.2221083273384,3253.438232421875,698767.0
2023-10-20,3241.5522360884106,3260.2232146627894,3213.174573406073,3235.16357421875,657550.0
2023-10-23,3215.353645588339,3243.8304549966115,3179.200478861315,3189.155029296875,566920.0
2023-10-25,3185.4410108448565,3205.54816509214,3148.7925912549126,3157.55859375,762466.0
2023-10-26,3130.3196381662606,3159.588653009223,3062.6685939693057,3071.33544921875,1124281.0
2023-10-27,3065.689788536253,3108.9249200873046,3057.91428420216,3091.04638671875,1050608.0
2023-10-30,3075.495519029056,3092.284407556226,3045.7805864780507,3086.836669921875,802316.0
2023-10-31,3089.957129017953,3175.337993650136,3058.5088228969125,3159.34130859375,1235478.0
2023-11-01,3163.501233116233,3182.3700211860782,3138.2435413092,3143.245361328125,756820.0
2023-11-02,3169.59286662502,3197.8220530933986,3149.7829112086133,3171.07861328125,774180.0
2023-11-03,3174.693891376844,3256.756729915827,3174.5949866904034,3243.385009765625,1355614.0
2023-11-06,3278.547691172744,3278.547691172744,3214.462532401282,3236.005859375,1137606.0
2023-11-07,3242.889672281035,3255.2213210518585,3219.315777184972,3239.125732421875,433992.0
2023-11-08,3257.7471562448354,3292.2165269067405,3241.1067453921146,3280.380126953125,632305.0
2023-11-09,3289.3933416720165,3289.3933416720165,3243.533249055872,3252.546875,1317398.0
2023-11-10,3232.0437573169834,3243.8305839078325,3192.3742737484827,3225.407470703125,1170763.0
2023-11-13,3243.880385937739,3247.198650389063,3219.712335668522,3233.727783203125,275538.0
2023-11-15,3244.127847872156,3269.5340191532973,3229.7656300890408,3264.631103515625,747863.0
2023-11-16,3264.0862437574046,3326.0915006830696,3228.2798462183723,3304.2509765625,1055389.0
2023-11-17,3307.2720130916146,3334.0154525505764,3295.0888423072724,3307.12353515625,633405.0
2023-11-20,3306.2816245229155,3322.080015916447,3280.7763064188216,3314.05712890625,497379.0
2023-11-21,3333.024957732374,3369.4257503613976,3323.219126650403,3362.195068359375,1038863.0
2023-11-22,3367.692576647491,3402.360000230627,3363.780158635831,3397.259033203125,980779.0
2023-11-23,3401.2701439225657,3409.243699213893,3364.027573429678,3376.012451171875,517362.0
2023-11-24,3373.635684786452,3386.6113033793204,3350.408558515184,3364.671630859375,589530.0
2023-11-28,3385.471830825103,3413.20576859988,3365.0677216975364,3409.689453125,733524.0
2023-11-29,3440.840588816913,3440.840588816913,3391.464180926476,3396.7138671875,819200.0
2023-11-30,3398.497022833831,3466.742223009928,3389.731020770208,3457.431640625,1480088.0
2023-12-01,3465.751770028277,3466.7422678190824,3437.027334094919,3456.342041015625,655263.0
2023-12-04,3516.2672028373054,3516.2672028373054,3445.000934231274,3455.25244140625,808838.0
2023-12-05,3455.2521075923355,3516.26686312872,3445.9415258661456,3511.611572265625,713651.0
2023-12-06,3516.267173096665,3539.989546928477,3488.6323813378112,3513.196533203125,474140.0
2023-12-07,3513.196402706055,3560.8394416156343,3485.6111852257613,3551.33056640625,820214.0
2023-12-08,3541.029454793228,3612.295719512261,3541.029454793228,3600.112548828125,1562141.0
2023-12-11,3600.0137616465563,3609.968312719016,3564.1082170519057,3596.002197265625,620604.0
2023-12-12,3602.440621818273,3609.869355572366,3529.391406569689,3537.4638671875,1075941.0
2023-12-13,3550.934639360996,3575.4494600929866,3518.991085073858,3568.119873046875,717618.0
2023-12-14,3612.345455730765,3612.345455730765,3550.2908656475674,3557.273681640625,992762.0
2023-12-15,3580.649558956141,3580.649558956141,3550.736573660409,3566.3369140625,906271.0
2023-12-18,3566.4852576770027,3632.353359116096,3559.7498245040447,3585.205810546875,699850.0
2023-12-19,3576.3406293122366,3593.476288871184,3565.8910714332733,3576.142578125,577926.0
2023-12-20,3576.142527723632,3616.80250843649,3507.352507838864,3520.328125,849001.0
2023-12-21,3490.613206275149,3564.751817531725,3485.363519852888,3545.98193359375,816722.0
2023-12-22,3545.981915280409,3603.876459918535,3526.716782568521,3592.882080078125,777099.0
2023-12-26,3600.45937188686,3630.1743048047706,3589.019074349316,3621.953125,526101.0
2023-12-27,3633.1457703335705,3659.889209755328,3610.3643219372575,3654.19384765625,666625.0
2023-12-28,3664.742823515765,3701.490389727313,3645.7253135489655,3679.798583984375,1033648.0
2023-12-29,3679.798529949203,3679.798529949203,3625.469628057603,3640.525146484375,709614.0
2024-01-01,3653.946235414736,3662.8607152517466,3632.650533581877,3642.208740234375,286683.0
2024-01-02,3653.946294013638,3672.617273811104,3607.888147450441,3663.1083984375,453685.0
2024-01-03,3672.7659017978303,3674.697324174916,3630.174495709021,3657.9580078125,356757.0
2024-01-04,3660.8797434951457,3691.5851742441578,3651.61849265384,3684.3544921875,545228.0
2024-01-05,3684.354667714816,3714.3667998215246,3652.213062037845,3677.272705078125,963628.0
2024-01-08,3734.1765111563714,3740.9615174606406,3660.681626595373,3670.834228515625,1202148.0
2024-01-09,3701.440511559224,3718.278973277656,3650.132679841263,3658.898681640625,572612.0
2024-01-10,3672.7656347902807,3694.556585158508,3654.936675398095,3679.154296875,556311.0
2024-01-11,3691.486217026915,3707.1361308978767,3657.512335364304,3663.455322265625,392818.0
2024-01-12,3664.841784294485,3698.815906496824,3613.286326505328,3690.5947265625,990582.0
2024-01-15,3704.461831939596,3739.129255500528,3700.4998406754894,3723.1328125,661292.0
2024-01-16,3723.132738082768,3821.3404978505487,3720.309722635216,3783.998779296875,1170685.0
2024-01-17,3782.661383960859,3818.368876684142,3763.891499714589,3793.656005859375,723356.0
2024-01-18,3755.323756927582,3788.307138684208,3683.512669751656,3699.2119140625,1293580.0
2024-01-19,3706.640677117774,3824.807108505276,3705.154930474563,3774.390869140625,2566367.0
2024-01-23,3750.0246598587273,3821.340501250652,3670.537211640644,3704.114990234375,1053510.0
2024-01-24,3728.233605998116,3744.081570316917,3676.480097519529,3732.047119140625,636988.0
2024-01-25,3734.5728070551536,3760.870571999893,3694.655939186041,3734.374755859375,646135.0
2024-01-29,3724.865867954824,3838.178711775463,3724.8162947040737,3829.907958984375,699215.0
2024-01-30,3845.1125021174216,3850.015417917485,3679.6993676883617,3700.252197265625,852445.0
2024-01-31,3713.376100425449,3739.129042172865,3618.535939951794,3662.4150390625,1386754.0
2024-02-01,3702.480781476151,3702.480781476151,3566.782582690107,3592.981201171875,1408462.0
2024-02-02,3600.4595661509325,3678.164071559695,3568.218813831289,3578.07421875,2320153.0
2024-02-05,3578.619072443684,3590.207848644902,3501.3106687524305,3518.2978515625,1771614.0
2024-02-06,3518.2976889771217,3543.95148475931,3498.04205773357,3525.330078125,1069901.0
2024-02-07,3544.000883316004,3585.6017880391096,3522.0118820407947,3542.51513671875,900220.0
2024-02-08,3570.546409849654,3575.6969498897784,3469.7136884941533,3515.375732421875,1011857.0
2024-02-09,3515.3757681727784,3563.71186638632,3499.2801792457344,3557.471923828125,838509.0
2024-02-12,3564.8014732399674,3584.2153262548736,3536.12661117058,3551.18212890625,487283.0
2024-02-13,3572.7255279700967,3574.4588991023247,3517.4061296789664,3526.12255859375,796060.0
2024-02-14,3512.3050137565924,3559.700427717898,3470.0108082889847,3551.479248046875,1046318.0
2024-02-15,3560.888885710702,3597.4877281936806,3537.067367119943,3587.63232421875,759063.0
2024-02-16,3613.335940420977,3654.936847629771,3590.0592423398657,3620.66552734375,915502.0
2024-02-19,3637.058126192384,3674.251364674751,3615.316749174509,3659.938720703125,528874.0
2024-02-20,3664.841637052744,3684.602018596488,3630.669465031575,3651.66796875,744107.0
2024-02-21,3617.347500594023,3672.270554658961,3605.4119538661134,3621.606689453125,660426.0
2024-02-22,3641.069785224039,3641.069785224039,3521.5663265695075,3617.347412109375,1017437.0
2024-02-23,3637.1077820746905,3701.49013660488,3620.269320120641,3656.8681640625,897831.0
2024-02-26,3654.936723602485,3654.936723602485,3576.5389228583863,3588.078125,546842.0
2024-02-27,3595.506902567591,3640.079302186197,3586.641995896484,3619.13037109375,673959.0
2024-02-28,3620.2692993991873,3634.136267987857,3548.1114411219905,3560.542236328125,538608.0
2024-02-29,3561.0377170741194,3619.279037302916,3551.231885376232,3589.960205078125,1692242.0
2024-03-01,3595.506927463672,3738.138607230826,3591.5449363590287,3730.115478515625,1533727.0
2024-03-04,3725.85656668397,3728.3328111477326,3679.699273151137,3696.933837890625,787542.0
2024-03-05,3712.385750193712,3723.429703922897,3672.7658382386026,3715.109619140625,733660.0
2024-03-06,3712.43514598388,3778.748922084625,3667.5159762237263,3774.539306640625,765602.0
2024-03-07,3775.827180344504,3787.91120511952,3732.294850473705,3750.916015625,838514.0
2024-03-11,3766.763894385598,3771.815529769839,3706.4922498282313,3714.51513671875,597848.0
2024-03-12,3726.252745328339,3730.214736551442,3678.213601748216,3713.17822265625,564569.0
2024-03-13,3723.281207016399,3726.252700397896,3555.8870798587045,3591.247802734375,1027729.0
2024-03-14,3595.457517463578,3613.3360514992096,3546.130677606921,3605.560546875,1293906.0
2024-03-15,3600.162260353328,3621.210338340575,3575.6970133628893,3598.676513671875,1207241.0
2024-03-18,3584.6114251294,3585.6019228981563,3531.223692121728,3545.684814453125,785257.0
2024-03-19,3544.9915159188763,3572.378682508589,3513.3451605575133,3549.349609375,554444.0
2024-03-20,3549.3496931632103,3562.721413362891,3516.2671636197083,3556.38232421875,526882.0
2024-03-21,3572.6757282194726,3602.440233281477,3555.936413360618,3593.080078125,767905.0
2024-03-22,3593.0802257548708,3691.4860338880912,3586.8400414539155,3671.47802734375,1281102.0
2024-03-26,3630.1743599923607,3694.5071423735058,3630.1743599923607,3663.058837890625,1158224.0
2024-03-27,3663.851277091759,3748.934939407035,3657.710239238561,3723.67724609375,1315714.0
2024-03-28,3724.271462948685,3801.827483533279,3697.082348637847,3765.67431640625,1590738.0
2024-04-01,3786.623342498054,3796.132217670295,3695.051873451509,3702.876708984375,964052.0
2024-04-02,3718.328587499612,3745.517702621576,3698.617778822677,3720.260009765625,677963.0
2024-04-03,3709.513223799792,3716.34756155303,3669.7941672585225,3677.222900390625,801601.0
2024-04-04,3704.461640475266,3756.2647219401774,3644.041276820456,3746.805419921875,1177617.0
2024-04-05,3742.496542292576,3765.77323904702,3705.452023760606,3718.774169921875,623873.0
2024-04-08,3762.554117698151,3772.112565916497,3684.998338640928,3713.27685546875,849267.0
2024-04-09,3719.319245567767,3725.262232378261,3629.530716567514,3644.38818359375,745285.0
2024-04-10,3654.9367982198623,3684.9985024890752,3646.467993859838,3675.935302734375,567546.0
2024-04-12,3654.4911609925534,3659.691274378007,3575.1521914690525,3584.90869140625,1910561.0
2024-04-15,3572.72531922508,3604.61929783045,3555.8868577815465,3566.38623046875,854076.0
2024-04-16,3554.896630860624,3618.486541733378,3548.953644016053,3611.255859375,1116890.0
2024-04-18,3611.255696034402,3625.221811215744,3467.732666958011,3491.603759765625,1677946.0
2024-04-19,3491.604014900752,3537.265820001978,3445.199094602513,3529.193359375,1507940.0
2024-04-22,3533.105446078708,3580.649337699616,3518.2479799471744,3562.57275390625,668659.0
2024-04-23,3585.5522276776537,3613.335737510322,3570.8928128345724,3598.478271484375,769991.0
2024-04-24,3607.393017202758,3610.216032684225,3546.0317263533693,3575.449462890625,652811.0
2024-04-25,3560.839548455736,3568.2682818669787,3507.3526678947874,3537.166748046875,1889163.0
2024-04-26,3553.906116870813,3559.106230336134,3522.507384882454,3550.736572265625,798783.0
2024-04-29,3550.934712795384,3579.1143276331923,3539.1972168072125,3570.59619140625,703524.0
2024-04-30,3568.416861119323,3585.106846052068,3545.982182308717,3555.144287109375,963220.0
2024-05-02,3550.934534639276,3563.811005755122,3512.602318989327,3534.541748046875,1435891.0
2024-05-03,3560.839580489033,3564.801571677337,3458.8183073901814,3500.320068359375,1681592.0
2024-05-06,3442.970029684059,3455.648448698365,3226.051031841479,3248.98095703125,6891728.0
2024-05-07,3298.357607321785,3300.3386028817386,3196.336335984205,3239.819091796875,3111444.0
2024-05-08,3244.2763145180847,3249.823198784693,3207.6774701071367,3228.874267578125,2054981.0
2024-05-09,3228.874331459845,3290.928921544108,3202.2793689547325,3214.858642578125,1860654.0
2024-05-10,3227.140807845126,3274.783604407242,3211.936570692766,3258.589111328125,1307103.0
2024-05-13,3276.071310765029,3276.566559640428,3199.802983953568,3222.73291015625,1294603.0
2024-05-14,3219.117683519687,3276.5665529486537,3219.117683519687,3257.64794921875,620163.0
2024-05-15,3272.6047985876285,3275.031469883447,3229.022894490214,3237.49169921875,657036.0
2024-05-16,3245.1679318283905,3316.186574440155,3220.4054872761194,3302.220458984375,1404971.0
2024-05-17,3316.1369038057446,3335.996432117624,3276.566566937381,3329.21142578125,1194228.0
2024-05-21,3323.120180807207,3348.1798239774453,3319.158189533517,3344.9111328125,827674.0
2024-05-22,3352.5873962049745,3370.76312738792,3328.072575891488,3351.696044921875,626567.0
2024-05-23,3350.8541240602544,3427.5185585770782,3345.654010506806,3419.248046875,977789.0
2024-05-24,3419.297565647304,3422.219485804724,3371.8525757469906,3379.974609375,878625.0
2024-05-27,3391.4148364025336,3403.647580753277,3358.084682726359,3371.06005859375,804488.0
2024-05-28,3371.654338569652,3390.473795806086,3359.916843512316,3377.0029296875,548576.0
2024-05-29,3372.991431324746,3385.521130471371,3339.066885181199,3348.2783203125,519533.0
2024-05-30,3333.0250252621013,3333.0250252621013,3223.0797718284925,3240.76025390625,2365535.0
2024-05-31,3266.6617499654712,3297.1691306215976,3186.1838035783594,3211.0947265625,2524214.0
2024-06-03,3278.5477675154166,3301.2796440045827,3219.117898617857,3230.21142578125,1378542.0
2024-06-04,3230.21118214246,3263.8881053109944,3026.614323269717,3208.172607421875,2934800.0
2024-06-05,3234.9656439200435,3302.3194907622246,3170.632863572432,3286.124755859375,1396386.0
2024-06-06,3297.3669249253867,3328.072354385491,3259.480386962516,3290.086669921875,1825503.0
2024-06-07,3263.095834696119,3423.754770283924,3263.095834696119,3411.323974609375,2084099.0
2024-06-10,3410.2835526963017,3419.1980319220543,3357.787175033536,3389.68115234375,1655552.0
2024-06-11,3385.7192602483765,3405.628361161068,3369.574099038175,3378.29052734375,1086157.0
2024-06-12,3378.934653016812,3386.412717698484,3338.8194934671656,3350.16064453125,2054168.0
2024-06-13,3392.4055201473457,3444.0601274649075,3357.787669091221,3439.20654296875,1753028.0
2024-06-14,3456.837350357924,3501.4097517235705,3445.941874468544,3496.5068359375,2346892.0
2024-06-18,3521.021509120975,3590.5544039730776,3504.381098277724,3554.896484375,1585048.0
2024-06-19,3560.8396333155783,3560.8396333155783,3423.1604374794542,3429.4501953125,1862394.0
2024-06-20,3440.9892699485017,3456.8372343466526,3385.620541060761,3403.30078125,2377432.0
2024-06-21,3398.100435752046,3440.642263912456,3351.249845836993,3367.444580078125,2707405.0
2024-06-24,3348.229121251178,3396.4167394172105,3340.255566105955,3379.925048828125,645002.0
2024-06-25,3380.1232649830336,3390.870020859161,3352.7358561319547,3370.119140625,1299560.0
2024-06-26,3369.17822743374,3369.17822743374,3337.9775470973705,3340.701416015625,1485709.0
2024-06-27,3348.8998650820854,3371.258988810378,3340.0059510547903,3359.43359375,1462935.0
2024-06-28,3359.433650911769,3398.4873935987493,3345.272872309567,3382.8857421875,1005498.0
2024-07-01,3360.824510240644,3413.4926648955093,3360.327640857108,3409.96484375,1001832.0
2024-07-02,3424.4239040870907,3428.398859286263,3364.1040074620505,3378.364013671875,878947.0
2024-07-03,3399.381624251513,3405.4930206265944,3320.975489931672,3339.210693359375,980605.0
2024-07-04,3343.930973263381,3348.800196209364,3309.150116186348,3315.112548828125,741143.0
2024-07-05,3311.1377673404545,3311.1377673404545,3236.6073554105224,3248.880126953125,2001382.0
2024-07-08,3183.9392416108085,3183.9392416108085,3106.5270830621457,3136.4384765625,5323920.0
2024-07-09,3150.152076192015,3201.876230571136,3145.1833820655293,3195.019287109375,2044328.0
2024-07-10,3197.6030109163034,3232.3341333150493,3170.523628724564,3204.8076171875,1437517.0
2024-07-11,3226.620195154524,3238.3463616877943,3209.776370771485,3228.260009765625,1105185.0
2024-07-12,3245.5510028900635,3248.532219365468,3199.888752397526,3209.62744140625,1496692.0
2024-07-15,3221.45286034576,3232.0360818673694,3185.3303567385806,3204.0126953125,1243810.0
2024-07-16,3207.739121645585,3230.64484958445,3203.913372820021,3213.801025390625,501336.0
2024-07-18,3212.7079046233434,3248.631708925215,3185.926691654763,3241.675537109375,1086374.0
2024-07-19,3241.6259227728287,3258.469748062457,3214.7452378719267,3238.594970703125,1111191.0
2024-07-22,3229.651152977365,3252.904544233996,3203.0189041781023,3234.0732421875,696255.0
2024-07-23,3234.719128520233,3468.148265751977,3211.912629932349,3445.143310546875,7159507.0
2024-07-24,3448.2737845152906,3530.2572390462738,3440.472837554504,3456.62109375,3862140.0
2024-07-25,3393.6179341924253,3432.771145085304,3363.259165936619,3384.4755859375,1476422.0
2024-07-26,3384.4757802386,3479.7752376807207,3371.755874600109,3472.2724609375,1830745.0
2024-07-29,3473.117113795065,3477.638673867616,3366.7870619564183,3390.338623046875,2213293.0
2024-07-30,3403.5054873790305,3457.217115403459,3389.2454818665988,3446.534423828125,1316880.0
2024-07-31,3457.2669712486936,3477.9862793653515,3424.9704607102985,3437.292724609375,1361595.0
2024-08-01,3453.2422991192257,3470.135858568154,3420.9457884080384,3446.634033203125,879399.0
2024-08-02,3393.6182424413964,3456.1243203452127,3388.649548089359,3440.671875,1168195.0
2024-08-05,3299.262597352156,3437.342557010321,3295.7347760406847,3354.8125,1932064.0
2024-08-06,3359.78103865771,3394.959536606987,3300.305918968777,3314.21826171875,976535.0
2024-08-07,3338.962514092447,3347.7571999020524,3296.2814792873896,3305.423828125,1277139.0
2024-08-08,3316.106283564244,3338.9125398688734,3263.338657703961,3275.85986328125,1280733.0
2024-08-09,3329.025068656079,3329.025068656079,3264.53151586334,3310.839599609375,1019809.0
2024-08-12,3310.7898022229747,3324.0563123529555,3274.717277586603,3300.0576171875,874598.0
2024-08-13,3309.1502285767515,3383.4322044284368,3284.704156870388,3362.364990234375,1314371.0
2024-08-14,3368.7745591991966,3394.810467447006,3335.8322147580275,3380.848388671875,997803.0
2024-08-16,3388.649218239713,3428.498240108976,3349.0983665249537,3423.181640625,1161982.0
2024-08-19,3414.6852434436632,3482.2594823860104,3414.6852434436632,3443.156005859375,1135205.0
2024-08-20,3458.2109871364046,3461.29167442837,3432.7711770827814,3453.142822265625,526591.0
2024-08-21,3453.1429952646795,3559.572521986988,3432.920555454328,3538.107666015625,1990034.0
2024-08-22,3552.566714278078,3602.3033930968973,3531.449763353028,3581.832275390625,1531544.0
2024-08-23,3588.837885035788,3600.1666527471625,3521.810252538516,3547.6474609375,1173387.0
2024-08-26,3569.509927804936,3617.2093923190328,3551.672364076756,3607.470703125,1156681.0
2024-08-27,3607.470771418856,3635.89179994136,3508.39505531448,3529.01513671875,1169007.0
2024-08-28,3537.362425569775,3557.53537289096,3497.861306000736,3505.413818359375,727481.0
2024-08-29,3514.854136823092,3531.4992617288835,3488.023189213755,3511.077880859375,927472.0
2024-08-30,3527.772591576962,3575.472051970115,3520.3195508905314,3542.82763671875,2116894.0
2024-09-02,3542.827752009322,3579.3973880231874,3529.7601839586705,3565.087646484375,718800.0
2024-09-03,3565.087573668653,3612.1409588719416,3537.8589857970906,3598.47705078125,1112614.0
2024-09-04,3563.6467161636992,3594.850016637185,3545.858646533523,3585.111328125,529856.0
2024-09-05,3593.9560187655698,3730.445904124736,3577.8572553202366,3699.540771484375,3437885.0
2024-09-06,3691.689987970196,3718.570671625541,3642.052782337683,3672.36181640625,1408795.0
2024-09-09,3666.99576780022,3701.130551175434,3630.873264145304,3661.48046875,923357.0
2024-09-10,3680.808620180345,3726.520606284096,3643.046544703333,3704.06201171875,1109078.0
2024-09-11,3708.5338313238576,3720.061298761515,3676.933130715832,3687.8642578125,831810.0
2024-09-12,3712.6080321860254,3750.37010531854,3687.864033941365,3740.68115234375,1337327.0
2024-09-13,3753.351450507698,3776.058479150094,3716.583114879214,3743.4140625,1003355.0
2024-09-16,3744.407857560472,3765.276372690188,3712.011875123821,3717.22900390625,386602.0
2024-09-17,3736.3584823073793,3753.351513128861,3703.962742428997,3743.8115234375,392339.0
2024-09-18,3745.401503528992,3762.295062977119,3684.783437273945,3702.02490234375,420638.0
2024-09-19,3726.520444449008,3771.238689782396,3717.676266305652,3757.276611328125,945257.0
2024-09-20,3769.2513942511737,3795.08860391385,3716.5832360926415,3773.425048828125,1951755.0
2024-09-23,3773.424876815344,3805.025818792328,3757.32635697409,3796.181640625,530107.0
2024-09-24,3794.094755772288,3815.857538547131,3757.87302486884,3761.201904296875,1281513.0
2024-09-25,3776.207451689912,3779.735272963236,3686.8206948756015,3713.850341796875,942343.0
2024-09-26,3714.59579459974,3753.500573252785,3678.224855906362,3734.0234375,1863893.0
2024-09-27,3750.370378610193,3842.788090642717,3727.713084557234,3792.802978515625,2164755.0
2024-09-30,3762.2949863878966,3839.359476588687,3762.2949863878966,3800.00732421875,1068609.0
2024-10-01,3800.007322304257,3813.919665088962,3733.4765601526574,3752.307861328125,774221.0
2024-10-03,3666.0017344833946,3758.3199676866334,3627.196187616689,3651.940185546875,1597560.0
2024-10-04,3602.303132897351,3730.2967382520783,3602.303132897351,3647.120849609375,1542987.0
2024-10-07,3716.5334929372552,3724.533139050202,3530.0584983217723,3566.777099609375,2523321.0
2024-10-08,3566.776993075991,3572.490991184283,3458.211029018444,3471.4775390625,1360120.0
2024-10-09,3495.973241356889,3536.517834577236,3464.7699388057326,3471.576904296875,1063802.0
2024-10-10,3488.0233727688283,3509.4384935656403,3393.7176526980365,3425.666259765625,1488328.0
2024-10-11,3442.3112095993424,3469.142157249222,3422.734603725351,3452.64599609375,858463.0
2024-10-14,3452.6460244814966,3502.9293053132096,3430.9329770498134,3475.899658203125,593206.0
2024-10-15,3501.8856861603062,3507.351249389284,3455.2296994826183,3486.532470703125,578719.0
2024-10-16,3486.0359158923943,3488.0233936095506,3418.461673509076,3449.267578125,591644.0
2024-10-17,3465.1671685513224,3465.1671685513224,3358.93658870535,3382.041015625,560796.0
2024-10-18,3373.7432856724404,3400.922139377966,3275.4626136589245,3360.278076171875,1249585.0
2024-10-21,3396.5496044541915,3398.4378538089536,3314.615885985293,3342.192138671875,714746.0
2024-10-22,3353.768889126404,3400.0772130092096,3298.4674234344056,3308.951416015625,882086.0
2024-10-23,3309.150210844666,3314.118904854944,3261.947617747032,3268.009521484375,877837.0
2024-10-24,3280.381476324016,3321.969299055836,3258.6681867503307,3310.04443359375,764369.0
2024-10-25,3311.137814804105,3321.4231088426777,3212.111836445183,3246.09765625,805013.0
2024-10-28,3249.525801061665,3294.244046030404,3233.675716089591,3262.494140625,736462.0
2024-10-29,3265.227159821356,3277.350725261409,3206.795266955297,3262.842041015625,702769.0
2024-10-30,3240.5822495532016,3301.001617539828,3214.844511497293,3287.735107421875,895278.0
2024-10-31,3270.394478799884,3279.2386573130584,3233.2287437246314,3246.594482421875,1170306.0
2024-11-01,3283.312950601494,3296.82789514272,3261.7986029185363,3273.077392578125,176636.0
2024-11-04,3297.225340887599,3297.225340887599,3170.1262453165136,3201.826416015625,1122152.0
2024-11-05,3185.9267353653936,3238.495423192958,3165.058219631559,3210.02490234375,872402.0
2024-11-06,3125.308339680096,3188.8578836290926,3094.502438716635,3157.15771484375,4522923.0
2024-11-07,3160.089367114235,3166.101535344512,3088.6396448208275,3101.309814453125,1608603.0
2024-11-08,3101.4588354195275,3172.908559030493,3086.552753224304,3166.30029296875,1719882.0
2024-11-11,3171.616867143465,3209.826075674043,3138.475580951276,3186.52294921875,1054929.0
2024-11-12,3181.6037437743908,3218.719985136844,3165.0580897378345,3178.423828125,992983.0
2024-11-13,3155.120740032077,3201.429065891212,3142.4008346679693,3167.890380859375,911537.0
2024-11-14,3125.358206382933,3175.144373818324,3116.364821879025,3163.76611328125,1161637.0
2024-11-18,3163.766269776537,3187.1191323201265,3137.730360909918,3152.437744140625,943251.0
2024-11-19,3172.0143106216506,3262.4445431613026,3152.437704407448,3204.509521484375,1174506.0
2024-11-21,3204.80766239563,3213.701576223132,3128.637679650474,3158.549072265625,1582159.0
2024-11-22,3154.9718447676346,3296.231723450436,3132.413779070443,3287.983642578125,2207527.0
2024-11-25,3338.962558416016,3348.75098319904,3277.4004847676256,3288.38134765625,1892510.0
2024-11-26,3289.275342934119,3322.814026566756,3275.064829939224,3306.665771484375,721345.0
2024-11-27,3304.1815698280107,3309.050792991372,3259.612286796201,3271.040283203125,732835.0
2024-11-28,3271.3882621285984,3284.306867051949,3180.312194463782,3192.237060546875,1701387.0
2024-11-29,3192.2370394926947,3239.588597873865,3192.2370394926947,3228.657470703125,1139585.0
2024-12-02,3228.657376769841,3289.175972936881,3201.876164503094,3286.145263671875,915980.0
2024-12-03,3269.400722030652,3317.7957541048727,3256.084718870228,3311.883056640625,1162310.0
2024-12-04,3321.075133517411,3361.8184251015564,3317.100178240909,3343.384521484375,1630076.0
2024-12-05,3353.818891757381,3443.702522444537,3332.6027128235,3419.505126953125,2383630.0
2024-12-06,3432.324262971644,3477.73808003365,3408.524265963487,3448.373291015625,1278516.0
2024-12-09,3445.789294642513,3466.409374776279,3425.318178284187,3446.48486328125,926422.0
2024-12-10,3448.273550869192,3494.929537854949,3414.536167964501,3453.987548828125,1063355.0
2024-12-11,3462.931452729116,3468.8938858208367,3438.634586402757,3451.3544921875,554702.0
2024-12-12,3448.770572890687,3451.354390866056,3390.63685195304,3424.175537109375,926472.0
2024-12-13,3398.586822522569,3495.97322854807,3359.0857037520223,3486.880615234375,1242351.0
2024-12-16,3483.0544061092105,3489.0168387587555,3407.5302592149737,3416.672607421875,1295227.0
2024-12-17,3400.624011596753,3427.8026230290257,3376.327145726565,3384.77392578125,1005604.0
2024-12-18,3379.90428489308,3402.561577565156,3368.774459096343,3380.599853515625,646145.0
2024-12-19,3328.6276689015035,3378.6622732277083,3311.137768517588,3335.832275390625,732634.0
2024-12-20,3329.024972358008,3397.592949400605,3312.280376571641,3335.23583984375,1235769.0
2024-12-23,3356.9493205087874,3384.9727076755817,3315.7586509114617,3375.68115234375,691202.0
2024-12-24,3364.153712912882,3397.592926182805,3317.298783353421,3332.403564453125,485245.0
2024-12-26,3343.931192245688,3350.738400335632,3291.90886699462,3302.243896484375,637094.0
2024-12-27,3299.06393279568,3324.056367181249,3280.431329840628,3288.48046875,568989.0
2024-12-30,3289.2258399205443,3297.175750676762,3227.1171621375915,3236.955322265625,941859.0
2024-12-31,3229.651069854022,3255.140372791297,3210.571333594517,3232.78125,616440.0
2025-01-01,3227.663825531203,3249.4266095760267,3223.738605546574,3233.477294921875,357376.0
2025-01-02,3243.5635813458825,3379.656067279765,3230.644976395669,3367.731201171875,1152493.0
2025-01-03,3373.7433659089947,3460.148909629827,3356.8000701439546,3430.03857421875,1630862.0
2025-01-06,3468.148520713473,3506.407465712748,3419.654017230949,3448.671142578125,2145936.0
2025-01-07,3468.148499431283,3554.3056070408834,3463.179805306024,3483.154052734375,2389563.0
2025-01-08,3465.8131540858853,3492.4951388754093,3370.066562811258,3462.23583984375,1317377.0
2025-01-09,3464.123831256132,3484.495477302536,3439.876700811562,3465.217041015625,826237.0
2025-01-10,3440.323780180401,3466.160989390306,3407.281964556196,3418.7099609375,570060.0
2025-01-13,3358.8372865434003,3445.292565812417,3331.5094683836537,3361.570068359375,1282557.0
2025-01-14,3378.712025018811,3407.53045111456,3289.2755302389014,3301.697265625,1133561.0
2025-01-15,3301.2003097614524,3319.5844776514546,3262.4444963717183,3302.69091796875,1169593.0
2025-01-16,3306.16893885495,3317.9448405061344,3261.4506935142604,3296.132080078125,1170734.0
2025-01-17,3299.113214444294,3346.912145876464,3264.481564202768,3336.37841796875,559153.0
2025-01-20,3352.974367564388,3386.3638475238195,3326.5408169776497,3361.0732421875,722342.0
2025-01-21,3379.65607143241,3391.332502844065,3314.268007004736,3332.354248046875,1016047.0
2025-01-22,3333.7949983257163,3363.805861775432,3313.77101579698,3335.4345703125,598329.0
2025-01-23,3335.4344962028053,3411.505248712668,3304.678329331191,3377.27099609375,713603.0
2025-01-24,3385.6681189355936,3426.063504436938,3359.2843050601705,3380.848388671875,564244.0
2025-01-27,3366.786964280382,3380.649571646916,3286.542558328304,3298.56689453125,618309.0
2025-01-28,3298.5668887290312,3349.744435469127,3278.8908125279136,3305.07568359375,579957.0
2025-01-29,3318.2927541040503,3353.8686538285483,3288.3316245079927,3349.645263671875,570137.0
2025-01-30,3349.545482541319,3368.774424753964,3324.254879408856,3347.3095703125,688608.0
2025-01-31,3378.712042699305,3505.3640088363204,3371.159530500228,3468.39697265625,1212261.0
2025-02-01,3504.916783650716,3612.3895389313498,3386.661865234375,3529.76025390625,2186692.0
2025-02-03,3542.6788045531,3619.7432966359775,3529.511765517945,3557.883056640625,1543897.0
2025-02-04,3567.5223319423576,3591.372063409382,3497.9606151635376,3575.174072265625,1279779.0
2025-02-05,3573.484770880986,3629.134144398599,3450.4598573321464,3469.042724609375,2165947.0
2025-02-06,3469.04284700302,3482.309357666964,3376.575641297843,3389.394775390625,1059617.0
2025-02-07,3393.5187732045847,3432.274589169833,3366.985993873859,3403.35693359375,740155.0
2025-02-10,3393.6180937521435,3403.5554820208176,3290.269255757935,3306.6162109375,904436.0
2025-02-11,3313.820637161762,3327.037411362515,3251.1158661647555,3261.251953125,903965.0
2025-02-12,3262.196012013508,3296.628964033137,3192.485332958168,3235.06689453125,774619.0
2025-02-13,3229.899447701248,3257.425963197407,3195.0688551770227,3211.266845703125,727243.0
2025-02-14,3216.037076584312,3232.6324667939875,3166.499098054817,3193.13134765625,587411.0
2025-02-17,3175.2439591957736,3218.223163087556,3156.114486943362,3212.956298828125,712614.0
2025-02-18,3214.546359334396,3223.6887078873824,3172.312459801345,3201.677490234375,592636.0
2025-02-19,3199.8389248352146,3233.278138293735,3171.8155392953954,3190.19970703125,521953.0
2025-02-20,3189.9016774479605,3198.497421371976,3168.1883867420183,3171.4677734375,653151.0
2025-02-21,3171.4674771496416,3185.876688988224,3142.450354245378,3159.98974609375,407794.0
2025-02-24,3111.3962700113752,3167.989647735266,3111.3962700113752,3153.13330078125,431232.0
2025-02-25,3120.339838432762,3191.3921627792406,3116.9114880880966,3178.771728515625,642281.0
2025-02-27,3178.7717759617603,3207.788900892286,3157.058485768101,3202.919677734375,604023.0
2025-02-28,3181.951579033888,3197.801664079753,3040.8406720311355,3057.982666015625,1322618.0
2025-03-03,3070.653035772226,3082.6773728600265,3038.6049579716905,3062.703125,516171.0
2025-03-04,3030.9034500509983,3050.7782267726443,2998.1100684602825,3029.412841796875,1186136.0
2025-03-05,3029.412798677857,3087.9936537086965,3016.692893234648,3067.224609375,579883.0
2025-03-06,3071.8454131185536,3112.0421001433083,3027.9222054930115,3101.558349609375,1399483.0
2025-03-07,3101.5581737477764,3105.0362594446333,3055.398813767028,3060.069580078125,1020056.0
2025-03-10,3060.715488176788,3063.696704561376,3002.184370204185,3007.8486328125,855408.0
2025-03-11,2996.122624970208,3036.7664467848617,2991.153930733109,3027.325927734375,576260.0
2025-03-12,3018.3820391830736,3034.67950055792,2977.291086662101,3000.047607421875,489535.0
2025-03-13,3000.4948182215303,3030.406452972341,2981.514552819144,2991.302734375,785215.0
2025-03-17,2966.3601945237288,3017.388538763107,2966.3601945237288,2998.4580078125,632348.0
2025-03-18,2998.4580078125,2998.4580078125,2998.4580078125,2998.4580078125,0.0
2025-03-19,3068.715249639024,3075.6216860011787,3039.052048449746,3057.038818359375,730983.0
2025-03-20,3080.590243642106,3184.9328164106287,3060.715467876673,3173.107421875,1542807.0
2025-03-21,3166.995871367945,3170.026823279377,3135.196229253544,3142.897705078125,1181974.0
2025-03-24,3148.36327210715,3156.0647479403924,3055.746862867204,3059.8212890625,1481216.0
2025-03-25,3065.684150606554,3080.5404969144824,3026.928338005693,3034.580078125,1174346.0
2025-03-26,3049.73470629094,3058.479656438445,3015.550187892165,3038.3564453125,1010449.0
2025-03-27,3028.4688451055345,3078.304750800187,3028.4688451055345,3068.317626953125,1635143.0
2025-03-28,3074.627919769082,3092.3165193489804,3031.9468858241025,3044.169921875,778417.0
2025-04-01,3034.5801114786177,3056.442364980934,2963.329088359381,2968.248046875,1068622.0
2025-04-02,2992.147398865565,3085.558842071597,2952.546812333952,3079.0498046875,1674921.0
2025-04-03,3051.772036568597,3131.2711453036954,3048.7908199910307,3107.968017578125,1115568.0
2025-04-04,3079.5965018573243,3095.396851530666,3030.9033012793934,3056.939208984375,901801.0
2025-04-07,2906.6859812046773,3028.915853234823,2906.6859812046773,3003.27734375,1378989.0
2025-04-08,3129.979078748573,3207.0435719228044,3081.58404726396,3102.750732421875,2830156.0
2025-04-09,3118.2033549683465,3168.2876928708306,3071.3484255169224,3154.27587890625,1215988.0
2025-04-11,3201.826617660932,3222.247999824843,3181.2065362467592,3214.645751953125,814920.0
2025-04-15,3249.525926088352,3264.432008318114,3224.781926631751,3252.904541015625,1121769.0
2025-04-16,3229.651068657078,3265.425665109895,3224.781845629137,3251.61279296875,889943.0
2025-04-17,3229.651016476099,3313.9201130591687,3191.0939035108445,3306.665771484375,1083612.0
2025-04-21,3293.250433343925,3332.503116541597,3269.4007017807826,3315.212158203125,672129.0
2025-04-22,3315.2119958025914,3337.7698172786327,3299.3121755393727,3316.503662109375,609213.0
2025-04-23,3335.981126714822,3352.576516028624,3294.740966822458,3336.279296875,628656.0
2025-04-24,3335.7826316378287,3373.7434073155578,3323.0627257918186,3361.421142578125,901747.0
2025-04-25,3361.421084128324,3398.0899501366057,3295.237980597451,3344.1298828125,704325.0
2025-04-28,3334.987539415329,3376.128230252462,3330.018845226689,3348.005615234375,384147.0
2025-04-29,3354.762756041738,3376.7244808163978,3332.999973118952,3357.446044921875,575435.0
2025-04-30,3352.8747997128708,3387.6556586310544,3333.298193358469,3358.5390625,708818.0
2025-05-02,3341.0494429933888,3360.32787939833,3303.1878962354126,3321.0751953125,514587.0
2025-05-05,3336.67658931919,3387.158566900873,3286.294082658409,3301.00146484375,565178.0
2025-05-06,3301.001701853081,3304.479787766338,3225.179380421673,3278.642578125,650789.0
2025-05-07,3259.463266446497,3359.8308853218314,3239.7871896693264,3317.994384765625,1047443.0
2025-05-08,3328.9254237693217,3391.1335681000023,3304.181425328208,3348.2041015625,1597339.0
2025-05-09,3345.9184733209445,3507.8978945123063,3333.19856841051,3488.3212890625,2863992.0
2025-05-12,3515.0530011695228,3562.5537665796564,3508.196300169869,3540.592041015625,956930.0
2025-05-13,3540.5919665485094,3565.932306614644,3517.9349154025217,3540.89013671875,996541.0
2025-05-14,3532.7414689267844,3587.397103467142,3527.772774877661,3565.137451171875,588159.0
2025-05-15,3574.478685794685,3642.052928395197,3531.648443807492,3614.029541015625,1227751.0
2025-05-16,3631.121677197808,3633.009683926037,3590.775783739692,3610.94873046875,525064.0
2025-05-19,3594.3532594835547,3626.649770662216,3588.788225127965,3595.048828125,376760.0
2025-05-20,3595.048715303494,3597.334363006812,3552.7155890850377,3558.18115234375,811416.0
2025-05-21,3547.6475296691715,3600.415157197291,3544.964483421236,3558.081787109375,415016.0
2025-05-22,3542.678832835445,3552.61622086584,3494.085102411624,3518.8291015625,709846.0
2025-05-23,3508.891591589974,3583.720169380776,3500.9416814419365,3557.28662109375,416717.0
2025-05-26,3553.610022431345,3617.209306949133,3548.044987991232,3587.6953125,525514.0
2025-05-27,3592.3658362411784,3616.215567934066,3539.8963779944224,3566.926025390625,1019733.0
2025-05-28,3572.490816297888,3579.0495891111345,3522.80387865814,3552.31787109375,449324.0
2025-05-29,3557.584927196318,3577.4597033259065,3537.809621992183,3565.8330078125,513095.0
2025-05-30,3557.584925226354,3582.4283953745826,3519.922321526444,3532.741455078125,962944.0
2025-06-02,3503.0288710412938,3519.822960340289,3454.136726175635,3503.42626953125,726392.0
2025-06-03,3503.4262256676984,3557.584991601293,3481.5639715293664,3497.761962890625,676943.0
2025-06-04,3484.147810184949,3497.761983638535,3464.17356264982,3477.88720703125,410354.0
2025-06-05,3476.7939267990487,3512.866694132487,3452.447325948626,3482.060791015625,608651.0
2025-06-06,3501.9357121254207,3548.5419672085,3464.372335022329,3537.61083984375,602422.0
2025-06-09,3542.48011189299,3557.584893084241,3499.153003301126,3511.7734375,540262.0
2025-06-10,3522.804093182995,3522.804093182995,3484.147750390053,3502.13427734375,561695.0
2025-06-11,3502.9293754878017,3526.779107406017,3483.054598889289,3519.425537109375,505077.0
2025-06-12,3525.785390862945,3537.511557652593,3423.9271601517125,3431.08203125,811822.0
2025-06-13,3388.3510448700417,3419.256417746883,3361.8182681604344,3400.474609375,821750.0
2025-06-16,3389.643067637766,3432.075666136217,3374.9356847849504,3416.573486328125,534665.0
2025-06-17,3406.536644714776,3416.07663434688,3374.1406624255987,3384.376220703125,1000345.0
2025-06-18,3384.674536783687,3458.2112119809835,3368.7747151194067,3446.087646484375,972739.0
2025-06-19,3457.018597694376,3499.550667001118,3446.08747085728,3483.451904296875,1022566.0
2025-06-20,3478.086002715171,3522.804251321509,3467.1548752780664,3496.967041015625,2941214.0
2025-06-23,3458.409903420396,3506.40753848347,3451.25503221003,3483.750244140625,643325.0
2025-06-24,3501.0413501564576,3544.6663875136264,3484.147790137469,3503.923095703125,968797.0
2025-06-25,3527.7727077623576,3642.05266871804,3527.7727077623576,3629.332763671875,2697912.0
2025-06-26,3632.11526904136,3677.3303838816832,3621.1841423766655,3671.566650390625,1620497.0
2025-06-27,3676.8337833306864,3685.8769040047696,3636.587359486121,3643.245361328125,601285.0
2025-06-30,3643.2452388562297,3675.343051489247,3629.134196035887,3667.094970703125,921775.0
2025-07-01,3675.839714109052,3703.1675303128895,3644.0400734354944,3677.330322265625,947173.0
2025-07-02,3681.8022308843424,3698.596319454098,3665.902410184167,3684.783447265625,583514.0
2025-07-03,3678.820909804947,3689.652565303872,3649.207446071259,3655.666748046875,528710.0
2025-07-04,3643.046386124013,3666.9955878893807,3622.277342560526,3663.8154296875,629926.0
2025-07-07,3652.487043985268,3672.85868985704,3625.059755425296,3643.14599609375,829472.0
2025-07-08,3570.085656233648,3570.085656233648,3423.765721700407,3430.045166015625,3952270.0
2025-07-09,3430.045106416105,3450.1789926462607,3409.4128554607373,3420.875244140625,1868271.0
2025-07-10,3420.8752996231224,3433.733012405282,3402.834398940968,3408.615478515625,496586.0
2025-07-11,3396.853860604248,3411.0073696883373,3346.0206602254875,3350.605712890625,856956.0
2025-07-14,3360.971693038927,3398.8474119996263,3333.063268541569,3393.564697265625,755781.0
2025-07-15,3406.821243022511,3410.808160802526,3376.6202921704703,3403.8310546875,686088.0
2025-07-16,3405.824467658351,3411.007412034061,3377.4176788587424,3406.12353515625,669532.0
2025-07-17,3407.219874166674,3436.723163393456,3405.326185537628,3422.0712890625,559482.0
2025-07-18,3432.736185058154,3432.736185058154,3380.906254273304,3391.7705078125,293360.0
2025-07-21,3379.909579714012,3427.8523638052948,3354.193911123252,3421.772216796875,561799.0
2025-07-22,3438.716570753606,3478.585748385532,3419.081049438312,3461.043212890625,1752275.0
2025-07-23,3461.043116131684,3470.5120455545466,3432.736098141243,3460.04638671875,584590.0
2025-07-24,3456.059506048824,3478.386391142719,3446.6903468038554,3473.00390625,630718.0
2025-07-25,3465.0299831876705,3468.61830635869,3435.726236212185,3451.474609375,624410.0
2025-07-28,3441.7068440971075,3451.2755443020064,3370.9390520522493,3381.903076171875,603916.0
2025-07-29,3378.912675437244,3385.88978125673,3344.6252813183346,3368.14794921875,511042.0
2025-07-30,3368.9455843699097,3382.401432118133,3334.3591206780934,3365.45703125,443735.0
2025-07-31,3329.076365403816,3353.496236946449,3304.656493861183,3336.3525390625,553157.0
2025-08-01,3329.076291442061,3336.352464939091,3296.1842202990706,3305.15478515625,422977.0
2025-08-04,3304.1580243689627,3353.994495324754,3297.280688713921,3345.322998046875,450434.0
2025-08-05,3345.323053090916,3431.739446481727,3337.050150107704,3407.0205078125,837335.0
2025-08-06,3425.759143986966,3451.0759748599594,3388.8801540749737,3406.522216796875,635456.0
2025-08-07,3368.945373525441,3425.758949351166,3366.652847235975,3404.528564453125,509599.0
2025-08-08,3438.816235602496,3478.3863445205566,3391.969953321262,3448.883056640625,2184271.0
2025-08-11,3461.641278711464,3475.894558098457,3391.6709220342127,3456.557861328125,563586.0
2025-08-12,3456.5579079205527,3522.4418208655648,3448.783613006621,3475.396240234375,929276.0
2025-08-13,3475.3962587141527,3483.4696211697365,3451.873346602405,3455.461669921875,360474.0
2025-08-14,3465.1298366173446,3494.334057359091,3452.770489117713,3477.987548828125,597987.0
2025-08-18,3484.566088944574,3563.108416734523,3482.074265368384,3543.173828125,1253006.0
2025-08-19,3543.373166892668,3565.600282121353,3533.405872471029,3556.430419921875,537433.0
2025-08-20,3548.356900317281,3591.116497088175,3540.383064586231,3583.242431640625,517031.0
2025-08-21,3583.2422709000216,3613.1441535500912,3576.464462164244,3604.47265625,673486.0
2025-08-22,3604.472646961157,3629.49040937529,3595.900676620036,3609.1572265625,691835.0
2025-08-25,3617.828783588623,3657.5984340728096,3603.6752742720814,3639.457763671875,700503.0
2025-08-26,3650.820639572976,3660.787933967713,3577.361728552188,3582.24560546875,960778.0
2025-08-28,3540.482599587356,3638.959269647845,3540.482599587356,3625.802490234375,989246.0
2025-08-29,3625.802679553231,3630.088664866066,3591.814351238936,3616.931884765625,660956.0
2025-09-01,3619.1244840534064,3641.451125477992,3598.5917608912955,3606.76513671875,297533.0
2025-09-02,3602.180277273507,3643.843617472107,3594.3062118570588,3608.7587890625,536300.0
2025-09-03,3593.209647371404,3685.805715427277,3578.258705704116,3678.52978515625,791874.0
2025-09-04,3727.768047693903,3727.768047693903,3664.774796732851,3679.028076171875,635811.0
2025-09-05,3682.915315982362,3687.89896322997,3648.029785249105,3653.3125,454120.0
2025-09-08,3641.052729636349,3671.5527485518783,3628.095246612733,3646.036376953125,548987.0
2025-09-09,3655.804189259959,3655.804189259959,3607.3630424567327,3618.2275390625,428367.0
2025-09-10,3620.121407597503,3636.7667409518913,3596.3991977229,3608.7587890625,408800.0
2025-09-11,3608.1605009725913,3632.082007056388,3568.2913241662645,3572.4775390625,495417.0
2025-09-12,3578.158903277064,3586.431806260404,3552.2439379532498,3560.2177734375,275049.0
2025-09-15,3544.3697806402656,3564.802733537658,3503.503874845482,3522.54150390625,362285.0
2025-09-16,3513.471192223468,3558.623083447279,3490.546415650095,3545.167236328125,724742.0
2025-09-17,3550.250460707766,3561.0151872242204,3501.709786117043,3511.477783203125,659866.0
2025-09-18,3518.4549541328097,3534.402625313015,3491.941853458858,3499.816162109375,829442.0
2025-09-19,3492.5400445342584,3499.8162182954693,3448.6839480846274,3455.8603515625,2337255.0
2025-09-22,3446.889556441614,3465.628117797587,3428.7491300614606,3446.19189453125,817833.0
2025-09-23,3453.866870212524,3453.966640495214,3393.863805491645,3427.951904296875,1144975.0
2025-09-24,3418.7820473401257,3426.1577480062724,3399.844187602673,3407.120361328125,690454.0
2025-09-25,3396.853958163756,3408.71494125593,3358.978239146672,3367.450439453125,1139904.0
2025-09-26,3376.620330576102,3390.873610470201,3292.297164574992,3316.41796875,7524068.0
2025-09-29,3316.1188950217547,3406.8212753785265,3316.1188950217547,3390.076171875,1452636.0
2025-09-30,3440.710039828204,3463.1364523125994,3344.027283784364,3355.988037109375,1733728.0
2025-10-01,3358.978289084472,3403.7313446199823,3340.0404292943817,3397.153076171875,798754.0
2025-10-03,3368.8457717179963,3447.6871685732563,3366.952083099294,3442.005859375,1655328.0
2025-10-06,3442.0059196398147,3447.9862964462977,3389.876919808205,3414.197021484375,1184781.0
2025-10-07,3413.7983166424383,3434.629864507865,3399.844104545214,3407.0205078125,996165.0
2025-10-08,3462.637965399901,3568.291282709167,3448.6837536798093,3553.9384765625,4531362.0
2025-10-09,3548.15741075332,3550.0510992999293,3514.8665023755325,3538.987548828125,597739.0
2025-10-10,3537.293033393644,3560.018513429724,3511.7769055826234,3520.3486328125,825274.0
2025-10-13,3506.494136438236,3533.405831061269,3498.0219362791327,3522.043212890625,606122.0
2025-10-14,3521.4450542783966,3537.791319491826,3495.031724547749,3525.83056640625,925998.0
2025-10-15,3521.3453807646406,3550.250534849088,3499.517103120488,3537.392822265625,1005045.0
2025-10-16,3537.39283911406,3640.055973075386,3528.422274010643,3628.394287109375,1528118.0
2025-10-17,3623.11137118762,3702.849723235765,3621.117912386416,3662.78125,1123500.0
2025-10-20,3667.964418391396,3737.635710414741,3664.176797769192,3724.977294921875,707974.0
2025-10-21,3724.977087539126,3733.7483549806,3706.836661017846,3716.803955078125,156306.0
2025-10-23,3752.686228981679,3787.571758334762,3726.073602400754,3759.96240234375,1622402.0
2025-10-24,3762.6535350740623,3768.63391155365,3693.978975836984,3702.75,563296.0
2025-10-27,3701.853179164865,3741.622586903039,3697.8662613628567,3727.56884765625,856124.0
2025-10-28,3737.7353326460334,3757.6699210868137,3676.037878758682,3704.84326171875,1482961.0
2025-10-29,3721.9870331577913,3741.223960054288,3702.0524443204167,3736.041015625,789557.0
2025-10-30,3732.751796263028,3761.5571800775697,3707.933330254909,3738.43310546875,544151.0
2025-10-31,3746.606095098244,3770.6273713006426,3727.2696418130463,3734.446044921875,900994.0
2025-11-03,3717.800859647688,3749.6962021433246,3655.3059716137295,3712.31884765625,1119367.0
2025-11-04,3712.318670800743,3814.483434864933,3702.849741448452,3801.027587890625,2524600.0
2025-11-06,3767.63720200244,3825.148440782567,3749.297478038544,3762.055419921875,927231.0
2025-11-07,3753.683156214309,3779.598122242342,3723.7812723358097,3756.972412109375,728998.0
2025-11-10,3775.6110703104455,3802.522764845393,3756.972278689855,3790.56201171875,599567.0
2025-11-11,3798.037463778186,3807.506393290296,3739.828562851129,3799.93115234375,668789.0
2025-11-12,3825.4476296786647,3864.320078234545,3791.758125595138,3838.5048828125,805025.0
2025-11-13,3847.375575368276,3855.249640478416,3804.516210150443,3826.6435546875,668623.0
2025-11-14,3826.643563791669,3842.092869895319,3787.5718189592553,3816.67626953125,575050.0
2025-11-17,3835.414786492762,3861.628818759101,3809.001457011978,3855.947509765625,504928.0
2025-11-18,3852.3591862977646,3887.2447157985207,3829.035815339831,3866.5126953125,849966.0
2025-11-19,3870.2005607956366,3927.612272623836,3849.767607721461,3920.236572265625,1578123.0
2025-11-20,3937.081382712836,3943.061759496704,3882.26126219405,3889.636962890625,762391.0
2025-11-21,3888.241422764184,3912.16292856945,3869.403334279394,3891.430908203125,383311.0
2025-11-24,3902.694110383976,3924.3230904973966,3852.35927381792,3861.62890625,1258036.0
2025-11-25,3861.728382425328,3895.617182836209,3832.424634701013,3842.49169921875,680366.0
2025-11-26,3832.424557526821,3901.6972510894,3830.929463421154,3884.9521484375,364592.0
2025-11-27,3887.842814821566,3914.156373779023,3862.426214991832,3890.533935546875,542241.0
2025-11-28,3893.4245835384017,3922.030670486257,3883.756356406207,3894.919677734375,574817.0
2025-12-01,3894.919562382681,3897.90975068607,3848.671413960456,3882.161376953125,603073.0
2025-12-02,3862.3265819678354,3886.846223541188,3854.851111164027,3873.09130859375,661018.0
2025-12-03,3857.3429490214967,3867.310243463413,3773.5179054281234,3805.313720703125,770638.0
2025-12-04,3792.555511736211,3817.473747687172,3765.643816909173,3787.970458984375,776693.0
2025-12-05,3764.6470423054793,3815.480243035577,3764.6470423054793,3800.828369140625,508448.0
2025-12-08,3783.883907881661,3812.489993280462,3745.8088930877857,3754.6796875,545864.0
2025-12-09,3762.6536424081337,3861.329857136188,3738.732135807393,3836.41162109375,1121068.0
2025-12-10,3818.470440522837,3845.581432309177,3813.088198945881,3833.122314453125,616248.0
2025-12-11,3817.8722920720056,3843.189365471555,3764.647038115413,3832.225341796875,669180.0
2025-12-12,3832.225396672013,3882.0618686341904,3819.3674409004825,3867.509521484375,547866.0
2025-12-15,3848.6712990350775,3863.721767040758,3837.408208093544,3853.55517578125,332337.0
2025-12-16,3837.408205734469,3924.62202859207,3815.480158844557,3916.648193359375,1560827.0
2025-12-17,3917.14671453145,3922.828023693257,3877.277536775404,3895.118896484375,601010.0
2025-12-18,3887.244762855693,3911.1662690886506,3877.377238871455,3906.481689453125,516547.0
2025-12-19,3906.182544141426,3948.942138344164,3900.202167702322,3917.246337890625,730780.0
2025-12-22,3927.1140000415817,3937.878726679669,3904.2889931650016,3920.934326171875,569521.0
2025-12-23,3920.934284667424,3943.360696866818,3903.591046561271,3912.96044921875,445656.0
2025-12-24,3912.9604398704737,3922.130301946112,3887.2447719415086,3896.514404296875,399227.0
2025-12-26,3896.115535454605,3993.7950186886505,3887.244740946737,3978.94384765625,1113050.0
2025-12-29,3996.8849305657486,4018.513910075195,3964.989589473952,3970.6708984375,1242846.0
2025-12-30,3968.976604250397,3980.438992735801,3941.167950392232,3961.1025390625,1169570.0
2025-12-31,3970.970031354128,4048.61515626689,3962.0992368036736,4038.249267578125,1358731.0
2026-01-01,4050.409447475079,4054.6954328104425,4022.50102266714,4036.056640625,444679.0
2026-01-02,4025.7900715381393,4046.7213890678,3973.162710223706,4038.448486328125,659997.0
2026-01-05,4038.448510056887,4080.6102128542193,4032.76720107674,4066.35693359375,629273.0
2026-01-06,4066.357180715941,4107.0237918666335,4055.1938592912015,4098.35205078125,820331.0
2026-01-07,4211.182053756641,4297.997288817103,4188.257275712523,4259.224609375,3496340.0
2026-01-08,4259.224563459027,4289.126447542047,4225.13622093066,4235.103515625,1055725.0
2026-01-09,4217.162311862731,4265.005325563845,4169.419068443689,4188.0576171875,883117.0
2026-01-12,4191.247154356343,4228.126142397053,4131.443389966003,4217.76025390625,514767.0
2026-01-13,4217.760208474048,4253.642466721742,4196.230756188577,4225.33544921875,770707.0
2026-01-14,4228.026542751453,4268.992220348958,4197.227700184324,4207.693359375,998692.0
2026-01-15,4207.693359375,4207.693359375,4207.693359375,4207.693359375,0.0
2026-01-16,4207.693470499,4222.544642310648,4167.425697124466,4183.173828125,686949.0
2026-01-19,4152.075839006173,4193.639162802954,4115.595445780856,4130.54638671875,365905.0
2026-01-20,4141.410890199439,4141.410890199439,4051.00757719733,4062.1708984375,586156.0
2026-01-21,4062.1707923552,4096.458187413636,4040.242744893094,4065.858642578125,552760.0
2026-01-22,4085.593981015768,4114.499134821442,3967.7806096900367,4005.45703125,818966.0
2026-01-23,4011.935740174026,4050.010755865831,3966.983145385686,4008.646484375,1015415.0
2026-01-27,4008.6464285094617,4026.786855278177,3942.064854610196,3983.927490234375,1760501.0
2026-01-28,3988.911127517355,4012.633336314448,3951.932368803463,3962.19873046875,809022.0
2026-01-29,3947.846030009088,3955.620568339823,3830.5310231322255,3926.81494140625,1145612.0
2026-01-30,3932.097664845873,3981.934137150637,3897.0128370117495,3964.3916015625,1427639.0
2026-02-02,3986.917738158003,3986.917738158003,3880.566756161068,3940.270751953125,1273196.0
2026-02-03,4129.450029300954,4129.450029300954,4030.873585991454,4055.29345703125,1043274.0
2026-02-04,4073.63319956658,4146.394448298745,4052.9011786566566,4130.44677734375,917279.0
2026-02-05,4138.719539891277,4138.719539891277,4049.811564116971,4084.19873046875,693637.0
2026-02-06,4084.198583323033,4140.414025475052,4052.004174273563,4127.45654296875,888701.0
2026-02-09,4186.46328401321,4255.436670823227,4141.410917624296,4243.87451171875,1092387.0
2026-02-10,4285.93653727841,4315.43982566258,4225.734177207915,4255.1376953125,1713633.0
2026-02-11,4335.773027308057,4364.080045827646,4194.237448025817,4235.203125,3342226.0
2026-02-12,4218.55747049756,4272.380858802791,4168.621229566406,4261.8154296875,998509.0
2026-02-13,4253.343209814334,4257.828492152158,4151.178445452788,4165.53173828125,524758.0
2026-02-16,4141.41055890807,4182.276463340135,4115.296054572897,4167.42529296875,500349.0
2026-02-17,4153.471279199037,4231.016633695938,4141.410755834359,4222.54443359375,464123.0
2026-02-18,4237.096643046371,4243.973978510509,4200.516479706513,4234.70458984375,387328.0
2026-02-19,4211.18188086087,4247.0641406741215,4177.293079926131,4184.4697265625,406232.0
2026-02-20,4186.76194461666,4238.193280220919,4186.46312046324,4222.54443359375,532169.0
2026-02-23,4256.034710056237,4266.002004459178,4226.2325971283,4258.72607421875,516387.0
2026-02-24,4226.531429679892,4285.936601776254,4221.149188028474,4280.45458984375,491126.0
2026-02-25,4289.923661488439,4334.776487874819,4275.769908266122,4310.85498046875,586295.0
2026-02-26,4315.838572373869,4337.966161113804,4292.913794737703,4328.3974609375,520985.0
2026-02-27,4327.400662219876,4337.766551126517,4297.69783270388,4313.3466796875,1146258.0
2026-03-02,4274.772990574043,4315.838437820091,4179.286505722781,4256.33349609375,770589.0
2026-03-04,4191.247060748651,4224.437954570289,4070.144440562929,4190.64892578125,1024050.0
2026-03-05,4224.139244667133,4288.428291689557,4159.551373495063,4261.2177734375,691367.0
2026-03-06,4236.100014943159,4287.929944537757,4213.175238391702,4230.7177734375,580562.0
2026-03-09,4146.394356825195,4185.964709183034,4099.249250278276,4145.59716796875,576017.0
2026-03-10,4161.445028420832,4229.023087280567,4161.445028420832,4206.2978515625,788850.0
2026-03-11,4178.289896824444,4221.049493326745,4112.705293022249,4126.7587890625,454575.0
2026-03-12,4086.590462979199,4165.332084095139,4020.60702661123,4116.09375,1071366.0
2026-03-13,4077.620005949474,4133.63639332286,4032.767182613437,4059.878173828125,868825.0
2026-03-16,4043.7313942292735,4111.508997090401,3989.110571490407,4077.4208984375,1013667.0
2026-03-17,4077.121826171875,4096.55805049906,4023.2984357273617,4077.121826171875,1126905.0
2026-03-18,4070.343966455745,4161.145872456678,4064.4633600951647,4131.94189453125,751307.0
2026-03-19,4090.976109547644,4124.566085473674,4004.759015235318,4024.693603515625,567278.0
2026-03-20,4033.6642475921135,4136.327379255284,4027.683870990376,4093.169189453125,1019586.0
2026-03-23,4043.332731443756,4045.72478475568,3812.4900964992553,3840.498291015625,1533645.0
2026-03-24,3937.380240633895,3971.966702524462,3830.431126173528,3886.746337890625,1300547.0
2026-03-25,3937.081366043934,4083.6005966283537,3927.612436176233,4026.08935546875,1306823.0
2026-03-27,3986.917766152832,4019.610540503714,3959.009341789762,3968.478271484375,1040658.0
2026-03-30,3929.107403218326,3994.293410440189,3901.29874952784,3938.4765625,1488223.0
2026-04-01,3986.917833753536,4086.5907795973744,3986.917833753536,4052.20361328125,781974.0
2026-04-02,3982.930835009521,4095.6610318057337,3931.798566161915,4083.800048828125,1614868.0
2026-04-06,4091.574272025583,4243.974103115695,4091.574272025583,4232.212890625,1678285.0
2026-04-07,4221.448008238725,4229.621384331442,4155.165500389534,4216.763671875,1274146.0
2026-04-08,4337.068733542139,4490.266247239322,4295.007042060272,4477.80712890625,3834533.0
2026-04-09,4460.364368818537,4482.691011562465,4399.663641560751,4425.279296875,1385274.0
2026-04-10,4415.611175793522,4509.104202301997,4410.62752860897,4490.26611328125,1565192.0
2026-04-13,4376.738695227283,4481.295515045284,4376.738695227283,4424.78076171875,850456.0
2026-04-15,4475.415043264428,4519.171369197922,4432.754730388897,4507.41015625,918513.0
2026-04-16,4539.105836555689,4539.105836555689,4425.478681226891,4446.80859375,1283713.0
2026-04-17,4446.80860763948,4516.978262584491,4315.838457109326,4511.09765625,2124034.0
2026-04-20,4517.277374817795,4534.122004205732,4453.088099309882,4498.23974609375,1646815.0
2026-04-21,4498.73808672063,4529.636697707301,4450.39671146729,4465.048828125,656106.0
2026-04-22,4447.108126662484,4477.308835307954,4430.662090201536,4440.03125,596352.0
2026-04-23,4396.5736146026165,4459.367570104762,4379.130849185354,4441.9248046875,680187.0
2026-04-24,4460.862435947686,4471.9262296400375,4347.13551391155,4395.57666015625,958536.0
2026-04-27,4424.282272732981,4449.400048324654,4374.047208233913,4427.2724609375,649222.0
2026-04-28,4397.868888135784,4460.364015495882,4381.024258799593,4402.5537109375,620778.0
2026-04-29,4405.444477800803,4457.772774865154,4395.776493972833,4425.279296875,702730.0
2026-04-30,4423.485027207771,4423.485027207771,4343.746676108938,4370.85791015625,869299.0
2026-05-01,4370.85791015625,4370.85791015625,4370.85791015625,4370.85791015625,0.0
2026-05-04,4392.686333602758,4432.854334640852,4338.464350375783,4348.73046875,709160.0
2026-05-05,4340.756633847013,4382.619269581015,4316.1372224440165,4359.2958984375,850790.0
2026-05-06,4383.117745600278,4426.57524685031,4283.046206403137,4345.341796875,1459870.0
2026-05-07,4335.673340752591,4344.743676091845,4247.064189912217,4293.412109375,1377631.0
2026-05-08,4299.890693872671,4589.938953473262,4199.619617443652,4494.2529296875,4777990.0
2026-05-11,4336.171435667236,4365.176358217959,4136.526733765752,4191.84521484375,5925166.0
2026-05-12,4146.394386830651,4199.8191810747485,4033.763962380683,4042.036865234375,1978748.0
2026-05-13,4016.819616977272,4096.557971656722,3972.0665627502894,4077.321044921875,2841521.0
2026-05-14,4101.541651857563,4133.436993986225,4045.8245734134175,4121.67578125,1127140.0
2026-05-15,4141.410861180254,4180.283309696747,4128.851972784219,4155.46484375,901617.0
2026-05-18,4116.592404667953,4169.020471149777,4052.3033550510295,4156.06298828125,851825.0
2026-05-19,4122.7718541827335,4154.268602329223,4081.6071223236186,4088.584228515625,711398.0
2026-05-20,4039.744471133866,4103.236331934217,4039.744471133866,4092.9697265625,913576.0
2026-05-21,4106.525312929425,4122.871578488693,4056.688840685136,4069.74609375,863060.0
2026-05-22,4043.9306045995263,4100.345344469957,4040.8408893642713,4066.456787109375,768112.0
2026-05-25,4106.624950595387,4156.361650952179,4096.9564806185,4145.59716796875,606086.0
2026-05-26,4138.320744313574,4146.394349879764,4077.6200205187774,4092.47119140625,766717.0
2026-05-27,4084.8961156102055,4151.477934967971,4077.7199555713896,4124.36669921875,474044.0
2026-05-28,4124.36669921875,4124.36669921875,4124.36669921875,4124.36669921875,0.0
2026-05-29,4102.737972358301,4149.6835402843,4045.724852927872,4061.57275390625,2001419.0
2026-06-01,4086.590555568834,4091.57420258782,3993.894721015687,4011.437255859375,450200.0
2026-06-02,4004.2607791244304,4074.629975350664,3972.963571856102,4064.762451171875,522015.0
2026-06-03,4043.7312022976257,4090.37794384958,3988.9110849384015,4075.42724609375,959352.0
2026-06-04,4061.672322312249,4259.821933203119,4039.046613504238,4217.162109375,1761933.0
2026-06-05,4255.038114520642,4274.972703953861,4209.388099392295,4246.26708984375,1390200.0
2026-06-08,4183.073988834731,4224.239207403382,4167.027033930725,4178.6884765625,666737.0
2026-06-09,4177.193341811167,4203.208077712957,4073.83254683273,4091.474609375,1284964.0
2026-06-10,4091.474540492936,4105.628293074808,4021.803250662189,4028.880126953125,613629.0
2026-06-11,4006.951982284827,4056.3896148157537,3949.839338654204,4012.03515625,767665.0
2026-06-12,4054.4960073475113,4186.263588783162,4039.445295679552,4170.31591796875,1122271.0
2026-06-15,4207.195130228091,4282.946570620732,4206.49722491917,4269.49072265625,1076822.0
2026-06-16,4284.0430909399065,4329.792876901798,4269.490743142001,4323.8125,779706.0
2026-06-17,4323.812338372832,4380.625916816181,4313.346679185898,4366.17333984375,623868.0
2026-06-18,4365.674763217696,4395.576645157543,4318.9282517885895,4373.548828125,562833.0
2026-06-19,4345.740340070183,4427.173329648428,4345.740340070183,4405.4443359375,941346.0
2026-06-22,4390.891747775549,4400.061852755146,4338.762995819039,4358.19921875,390835.0
2026-06-23,4360.691477754865,4402.952710396701,4277.065971666899,4291.21923828125,586588.0
2026-06-24,4287.93018361535,4326.603092410774,4249.755639555354,4309.65869140625,652078.0
2026-06-25,4320.821917574416,4320.821917574416,4211.181684371836,4277.2646484375,754050.0
2026-06-26,4277.2646484375,4277.2646484375,4277.2646484375,4277.2646484375,0.0
2026-06-29,4270.9857208678,4302.183158180815,4252.64599620607,4263.21142578125,569087.0
2026-06-30,4263.50992478207,4413.916290951847,4261.018101330999,4389.59619140625,1243464.0
2026-07-01,4454.384013002184,4489.767909279109,4375.742154951739,4384.21435546875,1168751.0
2026-07-02,4389.596399722663,4482.292236501547,4368.7648520199655,4466.4443359375,820705.0
2026-07-03,4480.298796026808,4492.957454484628,4436.442701026769,4446.509765625,542120.0
2026-07-06,4435.44600307642,4475.81354535161,4435.44600307642,4469.7333984375,589165.0
2026-07-07,4535.119157079103,4640.672712211398,4490.266330250847,4589.14208984375,3385946.0
2026-07-08,4575.386820187532,4614.857404177837,4546.78097666898,4571.39990234375,1045703.0
2026-07-09,4614.7998046875,4679.7998046875,4546.10009765625,4555.7998046875,1777107.0
2026-07-10,4578.60009765625,4602.7998046875,4560.7001953125,4584.39990234375,652646.0
2026-07-13,4578.0,4635.0,4524.39990234375,4601.5,770367.0
2026-07-14,4579.7998046875,4600.0,4554.0,4573.7001953125,631158.0
2026-07-15,4573.7001953125,4607.0,4565.10009765625,4579.39990234375,619451.0
2026-07-16,4585.2998046875,4668.7998046875,4580.0,4625.7998046875,1136159.0
2026-07-17,4626.0,4647.5,4610.10009765625,4638.10009765625,667212.0
2026-07-20,4638.10009765625,4660.0,4625.2998046875,4643.39990234375,274158.0
2026-07-21,4644.2001953125,4691.7001953125,4629.2001953125,4688.7001953125,530094.0
2026-07-22,4685.7001953125,4733.0,4675.0,4711.60009765625,996475.0
2026-07-23,4700.0,4709.7998046875,4671.60009765625,4697.2998046875,421185.0
2026-07-24,4605.0,4697.0,4604.10009765625,4677.0,513858.0
2026-07-27,4686.89990234375,4749.10009765625,4686.89990234375,4740.10009765625,500721.0
2026-07-28,4750.0,4860.0,4712.89990234375,4849.7001953125,1321587.0
2026-07-29,4849.7001953125,4866.89990234375,4823.2001953125,4850.2001953125,837059.0
2026-07-30,4820.89990234375,4869.89990234375,4820.89990234375,4850.0,777361.0
2026-07-31,4850.0,4886.0,4820.89990234375,4875.2001953125,1003314.0
2026-08-03,4875.2001953125,5000.0,4851.7998046875,5000.0,505420.0
2026-08-04,4935.0,4935.0,4862.0,4935.0,1181747.0
2026-08-05,4910.2001953125,4920.60009765625,4882.2998046875,4912.39990234375,546332.0
2026-08-06,4883.89990234375,5005.0,4883.89990234375,4998.0,1283840.0
2026-08-07,4978.10009765625,5003.0,4891.2998046875,4941.0,1166858.0
2026-08-10,4932.0,5122.2001953125,4886.2001953125,5090.0,3664718.0
2026-08-11,5090.0,5168.0,5090.0,5128.0,1664853.0
2026-08-12,5128.0,5128.0,4992.0,5099.0,1105157.0
2026-08-13,5069.5,5071.5,5010.0,5063.7001953125,533274.0
2026-08-14,5064.0,5090.5,5046.39990234375,5056.2001953125,587764.0
2026-08-17,5056.2001953125,5111.0,5037.2001953125,5068.5,565258.0
2026-08-18,5060.0,5094.89990234375,5042.5,5048.60009765625,354873.0
2026-08-19,5045.0,5074.7998046875,5038.0,5068.0,412981.0
2026-08-20,5084.89990234375,5110.0,5060.10009765625,5068.0,614435.0
2026-08-21,5068.0,5090.39990234375,5011.0,5086.10009765625,352381.0
2026-08-24,5086.7998046875,5093.39990234375,5050.0,5079.0,256376.0
2026-08-25,5059.10009765625,5124.7998046875,5052.7001953125,5124.7998046875,347515.0
2026-08-26,5149.89990234375,5149.89990234375,5091.0,5100.0,377617.0
2026-08-27,5100.0,5186.7001953125,5069.5,5139.2998046875,1101845.0
2026-08-28,5155.0,5169.89990234375,5136.0,5169.2001953125,547804.0
2026-08-31,5159.0,5159.0,5088.0,5102.39990234375,630695.0
2026-09-01,5104.0,5126.5,5010.5,5050.0,466855.0
2026-09-02,4972.0,5092.0,4971.5,5074.0,812660.0
2026-09-03,5057.5,5072.5,4952.0,5027.0,571600.0
2026-09-04,5010.0,5022.0,4980.0,5020.0,310845.0
2026-09-07,5010.0,5028.0,4958.5,4995.0,480336.0
2026-09-08,4975.0,5015.5,4969.0,4987.0,432671.0
2026-09-09,5010.0,5019.0,4968.0,5005.0,502050.0
2026-09-10,5000.5,5021.0,4974.5,5021.0,336565.0
2026-09-11,4964.0,5015.0,4943.0,5009.5,403235.0
2026-09-14,5009.5,5009.5,5009.5,5009.5,0.0
2026-09-15,5003.0,5003.0,4856.0,4856.0,504447.0
2026-09-16,4880.0,4921.5,4845.0,4908.5,376036.0
2026-09-17,4895.0,4915.5,4838.5,4841.0,489416.0
2026-09-18,4851.0,4864.5,4772.0,4798.5,1066023.0
2026-09-21,4816.5,4880.0,4780.0,4875.0,665067.0
2026-09-22,4876.0,4982.0,4862.5,4928.5,1238174.0
2026-09-23,4928.5,4951.0,4852.5,4880.0,769737.0
