Date,Open,High,Low,Close,Volume
2021-09-23,305.129433039993,315.6511253250146,305.129433039993,313.2155456542969,52701665.0
2021-09-24,316.7228018131645,318.5251368038638,307.90598513533223,309.7570495605469,28901243.0
2021-09-27,314.82300301524583,325.0037373079948,314.82300301524583,323.1039733886719,56305136.0
2021-09-28,325.3934463846075,327.3419101354135,316.1382435682788,320.8145446777344,28497009.0
2021-09-29,316.6253643627874,324.41921948556376,315.6511324724404,321.7400817871094,19740150.0
2021-09-30,322.7143303668985,329.1929668265148,320.6197376405683,324.7602233886719,30268517.0
2021-10-01,324.0782420150889,328.60841449368064,317.30734801454395,324.71148681640625,29877695.0
2021-10-04,328.1212689606146,334.4050761663426,326.51379238485976,333.1872863769531,29553072.0
2021-10-05,331.67723609258513,342.44248584619635,330.1184592292651,336.061279296875,31861985.0
2021-10-06,338.0584449102526,339.71465091324234,326.36766295370205,327.3905944824219,25272592.0
2021-10-07,332.3105337568726,373.13084770293824,330.5081986507097,366.79833984375,163238084.0
2021-10-08,375.9560583533674,387.305853259915,370.20809648574897,373.08209228515625,93728117.0
2021-10-11,380.0965255539208,410.0541529885739,378.0019331592002,405.036865234375,113404983.0
2021-10-12,412.1000857624786,424.4728425466444,402.9423120251074,410.0054931640625,97349265.0
2021-10-13,450.9719319814032,510.35134731764646,450.9719319814032,493.838134765625,197949387.0
2021-10-14,516.3428767613,516.3428767613,479.3220667293577,484.77777099609375,103630901.0
2021-10-18,493.9355580863108,511.4717317461798,490.62317567457495,496.4685668945313,72322623.0
2021-10-19,499.24509921777855,504.0675585339277,463.7830378122918,469.4822998046875,57428637.0
2021-10-20,469.38489669173566,484.1932328068795,459.1067624954567,474.3534851074219,55444814.0
2021-10-21,479.0785221490334,497.2479405811966,473.2331309280996,494.9097900390625,52608672.0
2021-10-22,496.76083309383125,497.5402364419283,474.8406156425632,478.25042724609375,42742785.0
2021-10-25,481.1731208680668,483.2190137677585,461.0552384386929,467.5338745117188,33107841.0
2021-10-26,471.0411044453549,496.8582487427735,470.79754648028495,495.54302978515625,58027770.0
2021-10-27,492.7177638999786,493.497137496615,483.2190032513878,485.0700378417969,30361263.0
2021-10-28,481.1731214937235,481.1731214937235,466.2186561301861,468.65423583984375,25182748.0
2021-10-29,469.57975586190486,478.9323876510369,455.648252175908,471.2359619140625,31054342.0
2021-11-01,473.9150916063761,477.0813450940319,457.6941076461977,473.1844177246094,34315690.0
2021-11-02,493.448408904139,496.85822021937,473.9637728171049,475.2789916992188,51580720.0
2021-11-03,471.3333682902779,482.24477716094384,469.190076008281,472.405029296875,22950198.0
2021-11-04,477.1787897893835,480.8321595450123,475.4251841991613,477.0813903808594,5531940.0
2021-11-08,481.1731193027353,491.84097027493954,477.6171788890665,488.4798583984375,31736426.0
2021-11-09,491.9871006420218,507.2338533874703,490.5257528183327,496.5172729492188,50458762.0
2021-11-10,493.20488480219234,502.65494584544905,487.3107938738253,497.58892822265625,26615777.0
2021-11-11,496.8582576884958,505.62634458888107,488.0901707881106,490.47705078125,29256213.0
2021-11-12,493.8868535286038,496.4198325807188,484.53422172240425,493.9842529296875,20731808.0
2021-11-15,493.2048801889994,501.63200958113697,491.4999744303214,492.4255065917969,18014977.0
2021-11-16,493.8381075494038,513.2740146746596,493.1561631086837,505.6750183105469,55897781.0
2021-11-17,506.844154941447,522.8702818724403,506.844154941447,516.4890747070312,48463415.0
2021-11-18,517.7555532696321,520.434690984915,488.3824378062069,496.5660095214844,47197742.0
2021-11-22,499.05025298952665,499.05025298952665,466.0724997251899,473.5740966796875,40044849.0
2021-11-23,471.9178932815768,486.4826710564991,464.7085836739641,482.73187255859375,27553684.0
2021-11-24,486.141716727299,488.8695541471173,472.7947278425072,476.0584106445313,20915837.0
2021-11-25,478.1530008102654,482.3909154876723,473.96381556618826,480.0527648925781,15336539.0
2021-11-26,473.4766605520989,474.2073344109756,446.1981698207023,448.3414916992188,51787989.0
2021-11-29,445.2239520623057,458.6196398978784,431.6821353965843,449.5592956542969,42819150.0
2021-11-30,454.52787095555766,465.6828378552385,443.9087494276924,446.7827453613281,35471800.0
2021-12-01,455.79441283349695,466.0725477672663,451.6051977101453,463.0037231445313,28256188.0
2021-12-02,467.0467437470084,468.0697050299857,459.5451763278248,466.7544860839844,21012008.0
2021-12-03,467.6313001142836,472.2102018203816,465.0008621586618,467.7287292480469,20948900.0
2021-12-06,467.72871774782806,468.5080913363768,453.9920426984802,455.1611328125,17473075.0
2021-12-07,464.5624579355255,472.4050123396052,458.863195736508,469.3848876953125,21280797.0
2021-12-08,472.0153224319032,483.1702887967144,471.0410906002583,481.173095703125,20581817.0
2021-12-09,485.167459359632,485.6545752826838,476.93518836757727,481.2218322753906,16951593.0
2021-12-10,475.181588519367,483.9983749377038,474.01249839782986,481.7089538574219,14567815.0
2021-12-13,486.58014170877817,493.35103567749377,481.4654241563994,482.5857849121094,21921272.0
2021-12-14,479.2734022383114,479.2734022383114,470.8462723927947,476.7890930175781,17722547.0
2021-12-15,475.2302805641831,484.8751995835005,474.6944649436416,478.9810791015625,16263723.0
2021-12-16,482.244771751846,483.7061195450335,474.8406036534571,479.27337646484375,13581352.0
2021-12-17,475.4251786498458,476.25328173102895,456.1353984577619,458.0838623046875,27341178.0
2021-12-20,448.0492196288094,448.1466487595616,428.662011856972,435.53033447265625,33007516.0
2021-12-21,440.4502731600612,449.0235024785558,438.2582512595279,441.91162109375,18838054.0
2021-12-22,446.3443289923855,459.9835752853916,446.3443289923855,458.3760986328125,22730750.0
2021-12-23,463.7343767090829,465.6828404767681,458.8145175881567,460.1784362792969,12116814.0
2021-12-24,462.6627232610989,462.6627232610989,448.1466739005595,455.55084228515625,15487368.0
2021-12-27,453.69982270486776,460.2758882470271,448.2441179384661,459.0093688964844,12557565.0
2021-12-28,462.9550123583141,470.35915103871815,460.4707031660853,467.826171875,22860916.0
2021-12-29,466.4135126706933,469.19007947565126,462.0294692095589,463.734375,10263884.0
2021-12-30,460.3732485358042,464.1240471021872,456.52505056943966,458.2786560058594,11923961.0
2021-12-31,460.5194504322972,471.1385726436287,459.6913473361549,469.969482421875,15541446.0
2022-01-03,480.7834144937765,487.9440244856677,479.3220667293577,484.77777099609375,32748423.0
2022-01-04,483.9984306140178,486.1417528396588,471.5769730013813,476.9839782714844,24100985.0
2022-01-05,474.40222853108014,480.0527615744341,471.0898163354613,477.1300659179688,15420105.0
2022-01-06,469.0926550429977,480.24762207616703,464.8060406731642,476.2532653808594,16563230.0
2022-01-07,477.4223150342574,482.73189060748456,471.2846661581648,477.9581604003906,15532165.0
2022-01-10,480.39377753710784,491.8897025839349,478.6401421991718,490.72064208984375,25193771.0
2022-01-11,490.0386218132324,494.8123519442989,485.3135913823128,488.3824157714844,16269193.0
2022-01-12,492.8151890174153,498.6605801381567,490.5257382155522,494.1791076660156,16255334.0
2022-01-13,491.0128406901986,500.5603007000296,482.0498959914705,498.7579956054688,27572553.0
2022-01-14,495.8840005235689,502.1191080086255,492.62031795305865,496.76080322265625,12655602.0
2022-01-17,501.53459350651576,513.322835721111,498.80675595238097,511.4717712402344,27942414.0
2022-01-18,514.297066704457,514.8815820855359,494.0817241477612,497.6376647949219,19353195.0
2022-01-19,496.8582578103559,508.7438986151611,491.7922401519674,507.42864990234375,21799071.0
2022-01-20,506.551862315754,509.71811582835255,498.8067072155341,502.411376953125,18364451.0
2022-01-21,497.24791355278734,500.608995483411,481.51407565124185,488.9182434082031,17946821.0
2022-01-24,486.8236734085668,491.3051161894968,461.15265789468896,466.1212463378906,25228959.0
2022-01-25,461.5910697580167,479.809218473764,455.5995494228074,477.9094543457031,22565698.0
2022-01-27,468.3619882480163,489.7463904515595,464.3189317892029,481.6602478027344,26676094.0
2022-01-28,487.603058072504,496.2250161944512,482.53704038186913,484.4855041503906,21784640.0
2022-01-31,491.9870530022106,506.60052982405847,485.3622887354508,504.4085083007813,27306578.0
2022-02-01,494.9097845179354,501.4858495681245,480.2963066286263,491.30511474609375,48030231.0
2022-02-02,495.4943351907757,501.19359757838464,492.1332233456943,493.35101318359375,14311040.0
2022-02-03,495.9814727450504,501.04746085281295,489.8925232901445,491.5,15249245.0
2022-02-04,490.8179940514384,494.71492145075496,486.1416930647373,487.7004699707031,12663199.0
2022-02-07,489.94121539733226,491.35386354144833,479.8092096076937,481.8551025390625,13392910.0
2022-02-08,485.1674823267456,485.6545982728568,466.8032052121142,480.0527648925781,23378623.0
2022-02-09,483.70610847758536,490.7205896168687,481.95250305836265,488.3337097167969,12430730.0
2022-02-10,493.6433189899375,497.34538834271245,491.2077392233229,494.3739929199219,14537945.0
2022-02-11,490.2821892387135,493.9355587561406,484.1932400430017,485.9955749511719,13534899.0
2022-02-14,474.4509297164238,475.9122775492259,456.7198974526122,459.3016357421875,22157389.0
2022-02-15,463.8805428427692,492.4742568788074,455.258584031292,491.0129089355469,30623088.0
2022-02-16,491.01284021940575,494.812338393912,483.80353065448696,485.6058654785156,20176993.0
2022-02-17,492.8638919520002,498.319596313401,485.459723870899,487.0672302246094,27943077.0
2022-02-18,485.1674743939169,489.6976466724398,478.8349671980123,480.44244384765625,15476803.0
2022-02-21,477.51973903124446,487.5056155711184,473.5741119006511,481.7089538574219,22592161.0
2022-02-22,468.167113008997,473.7689462587806,459.3016267812538,465.9263916015625,27957544.0
2022-02-23,469.3361888861506,472.8921291556549,463.0523816261253,464.7085876464844,17703998.0
2022-02-24,444.2010716357629,449.6567467970962,395.0023579236545,416.9225769042969,57265685.0
2022-02-25,433.3870576282476,453.6997982661132,430.22080401924114,447.9031066894531,48876182.0
2022-02-28,433.5331889172896,445.5649586458405,429.1004457320751,442.3499755859375,34475468.0
2022-03-02,441.2783390976381,442.5448286410058,433.0947675733639,436.0661926269531,25791134.0
2022-03-03,446.6853498102653,446.6853498102653,423.79089894757993,425.8367919921875,29599672.0
2022-03-04,420.7220521920912,420.7220521920912,404.0626807467104,406.4982604980469,38765185.0
2022-03-07,391.3976790723462,391.3976790723462,377.5148740274652,383.8473815917969,44836205.0
2022-03-08,380.43754463707023,385.2600042784697,366.652169644476,381.65533447265625,55543383.0
2022-03-09,384.7728833627982,398.70438700906,379.4633078559044,395.4407043457031,48376222.0
2022-03-10,415.9970299909385,423.7421856502282,403.3320150263432,408.7877197265625,59776817.0
2022-03-11,402.942287618928,410.29772598425626,396.9020384286482,407.3750305175781,51510243.0
2022-03-14,407.9595699178672,408.20312787005696,393.5896507386706,401.09124755859375,40721277.0
2022-03-15,399.2889584278652,413.26919242854274,397.4866234293112,402.9910278320313,47706136.0
2022-03-16,416.0457340619302,417.50708195780095,409.8593850877031,413.9511413574219,27191170.0
2022-03-17,420.868159697126,424.4728294388625,418.481279769328,422.6217651367188,26704541.0
2022-03-21,424.2780162697658,425.05738994104206,416.094473796566,416.9225769042969,18270995.0
2022-03-22,417.0686805172835,430.0746822718002,410.3464863828405,429.0030212402344,30441493.0
2022-03-23,432.0718490109518,435.48166067169205,423.4011910198803,424.57025146484375,25466395.0
2022-03-24,418.91970805696445,424.1805542584171,416.53282806044,422.0372619628906,17109723.0
2022-03-25,425.73936788004113,425.73936788004113,416.63029307870187,420.9656372070313,15104414.0
2022-03-28,420.868166182067,423.7421620797243,415.50989091817496,421.5501403808594,16757901.0
2022-03-29,424.7651050045308,428.02878778968136,420.283632354115,422.5243835449219,18710736.0
2022-03-30,427.1519698229827,431.0975969534679,423.0601841289117,424.4241027832031,18149488.0
2022-03-31,424.7651113900397,427.0058328833334,421.4527288529625,422.5730895996094,14248045.0
2022-04-01,422.816627296696,430.8540401427737,419.74780288352383,429.7823791503906,19380324.0
2022-04-04,432.9486168929729,437.91720514452254,429.9284922905646,435.2380676269531,18657201.0
2022-04-05,438.4043327033718,449.9976857775105,436.74812666512486,446.2468872070313,28530470.0
2022-04-06,444.1523160491036,450.7771107897051,440.937362680375,444.3958740234375,24974477.0
2022-04-07,444.7368595857376,447.2698684562333,436.9430044341803,437.917236328125,19950241.0
2022-04-08,438.4043562670976,444.49330565969615,438.1120985887321,440.4015197753906,16315704.0
2022-04-11,445.223979586808,447.0750142559184,439.37858816991337,440.4015197753906,14339854.0
2022-04-12,439.1836961904119,439.1836961904119,423.79084519977215,427.00579833984375,22698696.0
2022-04-13,430.4156506168676,431.438611972189,419.0171549848776,419.9426574707031,16817981.0
2022-04-18,418.9196959948245,425.1060741958712,412.7333177937779,422.6217651367188,15298361.0
2022-04-19,425.49577165124975,428.90558321571314,406.2546921089208,413.9998474121094,12669041.0
2022-04-20,419.8939428407235,430.3182359127751,417.2148051543848,429.1978454589844,19639290.0
2022-04-21,433.0460663893055,437.77109690694687,429.6849545439738,436.5045776367188,14124872.0
2022-04-22,430.6591805985769,435.7251981486814,426.7135534692509,427.5416564941406,14362036.0
2022-04-25,421.5988086910676,424.76506202034767,412.246177526032,414.1946411132813,14729009.0
2022-04-26,422.7191885721328,426.1777294358337,420.47846723715736,423.69342041015625,13577513.0
2022-04-27,418.18897626345967,421.7936456100426,414.145920470634,419.1632080078125,13701069.0
2022-04-28,423.5960223689533,427.8826665558216,419.6990947308536,424.8138122558594,13875650.0
2022-04-29,428.8568919290389,436.2123308413667,424.76510607891873,426.3238830566406,21991752.0
2022-05-02,426.6648777600229,431.53603732010447,417.4583742989893,421.6962890625,18945234.0
2022-05-04,426.664882412917,429.2465910616748,409.8593817473672,412.5872192382813,14934742.0
2022-05-05,417.9454401811784,422.81659915764897,412.7820235585975,415.3150024414063,12240729.0
2022-05-06,408.0570055307728,409.3722244397412,396.5123524672441,398.02239990234375,25142225.0
2022-05-09,396.65850932660095,396.9020672998742,384.8215977717598,393.5409851074219,18076956.0
2022-05-10,389.6927473875239,397.9737182695088,379.5607419016877,381.65533447265625,16540303.0
2022-05-11,385.7957969475188,386.7700287579924,367.821208151804,378.1480712890625,29215175.0
2022-05-12,372.15660477300514,374.7383134933842,356.7637518607376,362.70654296875,33511538.0
2022-05-13,377.0277282738312,408.54413476182367,377.0277282738312,393.8819274902344,71425747.0
2022-05-16,401.28611428902616,401.28611428902616,386.039390976509,394.9049072265625,24938704.0
2022-05-17,397.8762770062161,414.6817762249474,394.5638947006475,413.2204284667969,24651585.0
2022-05-18,413.0743202092676,416.33800297791527,403.3807010382927,404.4523620605469,20490516.0
2022-05-19,389.6927519430316,396.31751683358414,385.9906826920518,388.3775329589844,17706724.0
2022-05-20,399.4350875051399,410.5413254553844,399.4350875051399,407.22894287109375,23504236.0
2022-05-23,410.7848859196546,420.0400892226927,408.7389929274801,410.5900573730469,16345308.0
2022-05-24,412.9769008594203,416.48414168299047,405.2804747137404,414.77923583984375,14525617.0
2022-05-25,417.40963542778087,417.9454510366316,402.7961581188077,406.2546691894531,13540006.0
2022-05-26,411.125857424978,411.75910220699967,394.56391530122295,409.8106384277344,17712299.0
2022-05-27,415.0714882205054,422.0859697780791,414.24341489222354,418.530029296875,16867431.0
2022-05-30,425.7393368345311,433.7280502419831,424.7651049424612,431.0001831054688,18500266.0
2022-05-31,432.5102304308188,437.9172051649601,429.051689614714,432.1205139160156,22308219.0
2022-06-01,433.6305790335381,434.5073817050897,428.2723041470404,433.1434631347656,11930669.0
2022-06-02,433.5331857732143,434.117730846339,424.4241117663465,427.83392333984375,12742438.0
2022-06-03,433.4357666618348,433.5818955006956,419.40683323842666,420.770751953125,12780122.0
2022-06-06,416.8737934339508,422.7679138345991,413.6588402926488,421.2091369628906,11896105.0
2022-06-07,421.355305160723,426.908438994049,418.04292258084376,424.6189880371094,11153869.0
2022-06-08,427.3955277873632,429.05170410643245,420.8681624494873,424.4241027832031,12844475.0
2022-06-09,420.77072581614266,424.424095216719,415.12019303572976,417.4583435058594,13043367.0
2022-06-10,412.100099227582,417.7993618652669,411.1258673145144,417.01995849609375,11914234.0
2022-06-13,404.2087758524085,407.3750292649069,395.14843182604506,396.2200927734375,17442641.0
2022-06-14,392.6154294738119,401.2373871591162,387.4520126412005,394.71002197265625,19626627.0
2022-06-15,399.43505633223526,405.67013419215766,396.95077702069625,403.4294128417969,15192826.0
2022-06-16,409.1773930572298,410.05419581039865,380.0478655453476,382.8244323730469,22261032.0
2022-06-17,377.9532583836438,384.2857654133965,372.7898117360505,378.927490234375,24824899.0
2022-06-20,380.4862586825637,382.8244390399973,366.9444411465525,372.8385620117188,17049013.0
2022-06-21,378.97618400871255,388.7185023636923,377.02772033771663,387.3545837402344,14743366.0
2022-06-22,386.1855345599637,386.770079669432,380.4375720677914,382.9705810546875,12426604.0
2022-06-23,386.0880635890615,399.3376224662847,384.38315788103046,396.7072143554688,26514004.0
2022-06-24,399.4350564593853,402.21162316393975,395.6842579098079,398.7530822753906,14806456.0
2022-06-27,406.7904869731071,408.6415512270965,401.72449931762975,403.819091796875,12018949.0
2022-06-28,400.7015492305126,407.4237728009031,398.6069566928851,406.3521118164063,13238339.0
2022-06-29,401.4322336625091,409.0799598553367,400.9451177232359,406.20599365234375,13104313.0
2022-06-30,407.5211666255766,413.0743000039574,399.4350542491097,401.1886596679688,20121916.0
2022-07-01,400.0682976195773,403.9165252653372,391.93345584045227,402.06549072265625,14725989.0
2022-07-04,400.9451133158842,404.208796019378,394.56390647403,397.9250183105469,11525133.0
2022-07-05,404.3062098975321,408.0082789631516,399.6299090008342,401.3835144042969,16771012.0
2022-07-06,403.332009035871,406.5469624328081,400.0683262049208,405.6214599609375,12196920.0
2022-07-07,409.0799817192332,421.7937262524856,408.495436614624,419.7478332519531,17616800.0
2022-07-08,425.0086412333926,432.4128091816348,418.2377180364509,430.1720581054688,23730027.0
2022-07-11,426.76228735519794,429.8311417362768,422.2808442378874,425.7880554199219,12619654.0
2022-07-12,421.8424159545662,423.79087976959886,417.1173852568724,419.4555358886719,9518822.0
2022-07-13,421.5501255920698,424.6189499165811,414.6817733378632,416.0944213867188,10181698.0
2022-07-14,416.9712587929198,420.1375125103894,412.3923569090228,417.01995849609375,10744547.0
2022-07-15,419.5529704014593,430.36695065969127,418.6274679161792,428.8569030761719,15774084.0
2022-07-18,432.5102645704493,442.106425015422,431.7795906443123,439.2811584472656,21185764.0
2022-07-19,435.23806897224296,440.20665723915016,432.9973476612829,437.4787902832031,11553440.0
2022-07-20,442.6422446085673,448.8773224687304,440.109235865977,441.7654418945313,17154184.0
2022-07-21,441.2783598304379,443.76263933268586,438.5017929136204,443.12939453125,10931800.0
2022-07-22,444.834276133678,448.0979588322782,440.6450612695415,443.1780700683594,10340910.0
2022-07-25,444.2497500823781,445.8085270815384,434.7996886815675,437.9659423828125,12505062.0
2022-07-26,437.1378475330951,437.1378475330951,428.4184604924472,429.7823791503906,11563528.0
2022-07-27,429.78236911587146,433.5331676360405,424.86251022955895,432.6076354980469,10081023.0
2022-07-28,428.9055707294298,437.6736573542223,416.3866855466813,430.8540344238281,36380444.0
2022-07-29,433.679335001012,441.0348038655693,433.679335001012,438.0146789550781,16004096.0
2022-08-01,440.3041099853469,468.6055342021672,439.4272775085346,466.8519287109375,43084536.0
2022-08-02,466.5596750305276,467.5339069807819,457.1583426568139,463.97796630859375,19065689.0
2022-08-03,462.7601480083007,463.9779378714805,447.75698284016585,455.7456665039063,19125906.0
2022-08-04,460.95780726001647,461.7372106013557,444.6881527315269,456.81732177734375,18540405.0
2022-08-05,456.8172927223615,460.7142199876087,452.0435627686728,453.2613525390625,11917799.0
2022-08-08,453.992029910029,459.7399917244534,452.4819824755534,456.1840515136719,10561754.0
2022-08-10,457.8889542600178,464.90343523903255,451.4103186193865,463.2959289550781,13360759.0
2022-08-11,470.1155768310822,472.5024568043252,463.344683175388,464.36761474609375,12777503.0
2022-08-12,463.49077941596175,469.0439125752206,457.8889465591215,465.244384765625,13482890.0
2022-08-16,467.24160155734,478.7375255034998,465.87768291255446,477.22747802734375,16796376.0
2022-08-17,478.2504571080314,481.6602689244706,471.72312089813926,472.8921813964844,15948755.0
2022-08-18,471.5282130862249,474.25605036036086,466.9006118214324,472.3075866699219,12070974.0
2022-08-19,474.2073724831745,475.5225914809853,456.0379536799304,458.86322021484375,16636593.0
2022-08-22,456.4276513891036,456.8660676425757,440.888640479215,442.8858337402344,15050653.0
2022-08-23,437.4301160403621,450.19255967063,436.06619734861385,448.5850830078125,17779238.0
2022-08-24,447.1724353804136,452.9203975578003,445.90594582192415,451.2642211914063,12214113.0
2022-08-25,453.9920437645452,456.71988106206805,445.6136438775868,447.3672790527344,11255809.0
2022-08-26,453.0178591326143,458.3274351805196,451.99492747221416,453.0665588378906,11252560.0
2022-08-29,439.37857891552096,445.1265410748282,438.5504758693298,441.66802978515625,11647725.0
2022-08-30,446.8314635616085,460.2271524436163,445.3214159801161,458.9606628417969,14421066.0
2022-09-01,450.5822515737404,462.1756051815062,450.24126446414766,454.8688659667969,13385159.0
2022-09-02,458.7171095138124,459.6426120072353,448.292815985625,449.8515930175781,10806707.0
2022-09-05,447.90309821234814,451.9948839221012,445.2239605938947,447.1724243164063,9378108.0
2022-09-06,450.7771106618292,451.7513425588885,444.83429014352765,445.9546508789063,9805875.0
2022-09-07,441.5218769822655,444.73683012684864,432.21794517265766,434.36126708984375,20764508.0
2022-09-08,440.79123588059247,440.88863528581805,428.6620368101885,430.8053588867188,19336014.0
2022-09-09,435.9687500406365,438.0633425582796,429.2465562655788,434.4099731445313,14294289.0
2022-09-12,436.163617298705,441.3270342841645,435.4816431015928,439.3785705566406,8962633.0
2022-09-13,442.5935340537803,447.1237361100352,441.862860139055,445.0291137695313,10661280.0
2022-09-14,436.06620376386,442.9832561902272,435.48165867845466,438.5992126464844,10360461.0
2022-09-15,440.742538962534,444.1036511643317,434.5561599832022,435.7252502441406,10356713.0
2022-09-16,434.50741594788656,434.8971027513761,418.0429032180738,421.3552856445313,20992324.0
2022-09-19,420.38102907752346,420.4784582054724,413.12299014766967,414.4869384765625,15236142.0
2022-09-20,419.50424035946975,431.9256964411434,419.50424035946975,423.0601806640625,17557661.0
2022-09-21,422.7679275807549,424.7650910014711,414.5356564704724,416.6302490234375,10831068.0
2022-09-22,414.04853756408727,423.4011693000095,411.6616576315333,421.0630187988281,13600786.0
2022-09-23,420.7707383212922,420.7707383212922,409.71320066068256,412.197509765625,13441609.0
2022-09-26,405.2804294418239,407.1314639185163,383.01922683033087,387.2571411132813,33230938.0
2022-09-27,393.49223952008657,393.58966865163575,380.29140980308586,388.5236511230469,21932747.0
2022-09-28,384.7241627059304,396.12268757189736,382.7269992483538,388.8159484863281,18114880.0
2022-09-29,400.4092943986949,402.6013160833592,389.30305714263466,391.884765625,20725995.0
2022-09-30,387.7442584752842,397.7301344787306,382.3859835466056,394.1741943359375,20951277.0
2022-10-03,395.05104689530737,396.07397852746425,385.3087276130557,387.4033203125,20332430.0
2022-10-04,395.5381559885941,398.4121520194143,392.5180311173184,397.3891906738281,12761425.0
2022-10-06,399.04536954058943,406.8879239980487,398.94794040987887,403.4294128417969,12771199.0
2022-10-07,402.74745293499785,403.3319980087864,398.1685809412495,401.5296630859375,10670854.0
2022-10-10,393.00511004675946,393.00511004675946,382.9218047685234,385.7471008300781,32914630.0
2022-10-11,386.770020900293,389.2056003769951,381.2168878009343,383.2140808105469,14641301.0
2022-10-12,384.3831707897282,387.93914088514094,381.02208869116697,386.3316345214844,14287344.0
2022-10-13,386.3316562786503,393.10258002030224,384.38319243716177,388.7185363769531,12584114.0
2022-10-14,396.51232863946666,398.65565041648193,385.1138050883116,386.0393371582031,12875470.0
2022-10-17,383.84738699501247,388.62111758754304,382.3860390749807,385.8932800292969,9543556.0
2022-10-18,390.6669982268475,396.2201320392597,390.3747405445937,393.833251953125,14215544.0
2022-10-19,395.73302456371806,396.46369851621296,387.06233654248587,388.7672424316406,8648435.0
2022-10-20,386.7700747745812,389.595341414856,382.9705762079221,387.84173583984375,10747183.0
2022-10-21,386.77003721910296,391.8847543359803,384.5293158984732,387.79296875,10279618.0
2022-10-24,395.5381401709729,395.5381401709729,389.83887777153103,391.2515258789063,2871205.0
2022-10-25,393.9306597473697,399.92217975853583,392.8102990511673,394.12548828125,17979661.0
2022-10-27,398.022409222541,401.09126332572686,393.5896662109116,397.1943359375,14614841.0
2022-10-28,397.4866118362789,400.604165782376,395.6355771881829,399.337646484375,12488938.0
2022-10-31,403.6729736862572,405.5727079582984,400.99383609416105,402.11419677734375,9928218.0
2022-11-01,404.20877708287327,411.5155157493431,402.16288431002255,410.4925842285156,17324893.0
2022-11-02,412.1487447990335,414.1459377972293,409.3234785684484,411.2719421386719,12433578.0
2022-11-03,408.5928417891913,412.3923401495045,403.8191115554031,405.5240173339844,10987519.0
2022-11-04,407.4237745351036,415.0227711280684,406.157255282145,414.3895263671875,12277023.0
2022-11-07,417.2148279650458,426.2264734027029,417.2148279650458,423.7908935546875,15058076.0
2022-11-09,427.88267694262703,429.8311408089757,420.8681951312925,421.9885559082031,14471443.0
2022-11-10,409.66448137517153,409.71318107381984,398.6556736730257,401.578369140625,26251660.0
2022-11-11,409.17740750903926,414.5356830835624,404.0139902115238,412.5872192382813,19296401.0
2022-11-14,413.0743222979841,426.4213111137708,412.587206351878,422.5243835449219,17996083.0
2022-11-15,423.6934457625808,427.20068653556615,422.9140721380053,425.8854675292969,10696024.0
2022-11-16,425.690624379688,426.9084142082932,418.53001424125046,420.42974853515625,8206169.0
2022-11-17,411.1258550998109,416.5328301642132,408.7877045241557,412.2462158203125,15621809.0
2022-11-18,413.0743138333348,415.4611938128224,410.29774705118734,412.8794555664063,9851962.0
2022-11-21,414.6330666070813,416.5815302380063,409.1773624942521,410.2490234375,9497812.0
2022-11-22,410.15161681362576,415.4124629595326,409.6645008791678,413.75628662109375,6407614.0
2022-11-23,415.8508834570759,418.237733721676,411.95395594145367,413.1230163574219,6568241.0
2022-11-24,413.56140704056537,414.2920809045947,409.859338021962,412.48974609375,6768613.0
2022-11-25,414.04854866095326,423.9369962886165,413.074316781751,422.0372619628906,18764073.0
2022-11-28,423.7908738318441,429.0030204102685,421.2578649615522,422.0859680175781,10701208.0
2022-11-29,421.3553110978797,426.616157590781,418.48131500253584,421.9885559082031,8630105.0
2022-11-30,423.7908395730345,429.636230463697,422.13463359486855,428.0774536132813,14727892.0
2022-12-01,431.5847242478296,432.1692693239759,425.5932041125248,426.9571228027344,8909310.0
2022-12-02,427.6877826021345,429.7823751356095,423.7908551980148,424.1805419921875,8352658.0
2022-12-05,424.27800026051153,426.2264640963807,416.7764025999358,417.7019348144531,12857807.0
2022-12-06,417.7505976623744,420.2349066726519,414.3895156807463,416.0944213867188,8461831.0
2022-12-07,416.9712365474036,416.9712365474036,408.3005789299236,409.2748107910156,12133315.0
2022-12-08,410.151654510596,410.541341347739,404.6472498915512,406.4495849609375,9539923.0
2022-12-09,408.49541569845456,410.1029220866204,398.99665486131744,402.6500244140625,9920219.0
2022-12-12,401.3835263436006,406.1572565116419,397.4865989033715,403.4781188964844,8009229.0
2022-12-13,409.1287126501615,410.63876025565634,406.4982745354036,407.716064453125,9717894.0
2022-12-14,409.71317809124207,410.4925813823122,406.59565412054815,407.1314697265625,6314883.0
2022-12-15,408.057025439406,411.90522349420087,404.98820098955264,405.9624328613281,7542601.0
2022-12-16,406.595659746615,416.7763645201268,402.4551744736988,410.7361450195313,50949198.0
2022-12-19,411.02844141575656,411.9539736329431,404.7933630692332,407.22894287109375,9809103.0
2022-12-20,407.2289502309969,407.2289502309969,397.4866308474802,399.9222106933594,12341042.0
2022-12-21,401.9680567712712,403.72166216305135,390.66696165981057,392.2257385253906,11606059.0
2022-12-22,393.68709804394695,394.27164310243234,380.145281223153,384.2857666015625,14908929.0
2022-12-23,379.9504427125743,379.9504427125743,367.2854279554885,368.60064697265625,19902886.0
2022-12-26,370.4516865998484,380.6324220293914,365.531827309345,374.8844299316406,16979026.0
2022-12-27,379.9504130964429,387.2084521108918,378.4890653537643,383.9934692382813,14372461.0
2022-12-28,383.8473568875282,385.69839149480737,380.3401162083063,381.2169189453125,8443917.0
2022-12-29,378.976240811611,379.95047279313184,373.1795486290817,375.95611572265625,15627403.0
2022-12-30,380.9247037486236,382.0937940157799,377.0277758330366,377.9533081054688,9198673.0
2023-01-02,382.3860180403107,385.7958296661479,380.92467020066624,384.6267395019531,10501357.0
2023-01-03,385.7958318984235,388.08528280668656,382.8731362022233,383.74993896484375,9431220.0
2023-01-04,384.6267338043724,384.6267338043724,375.0792732859366,375.663818359375,16121049.0
2023-01-05,377.9045603006873,378.7326633887417,372.6437138165754,376.9303283691406,10443908.0
2023-01-06,376.1509424284544,378.3916639053331,371.1823537936385,372.1565856933594,8715469.0
2023-01-09,376.3944870878734,382.58086537848806,375.0792681235384,379.4146118164063,14693099.0
2023-01-10,389.6927598984975,406.9853761189933,389.6927598984975,402.2603454589844,54021379.0
2023-01-11,405.03688719106793,409.17737250811433,402.8935652521183,407.42376708984375,22224361.0
2023-01-12,409.4696607118333,409.66451898670834,399.4837836140599,401.6271057128906,12479034.0
2023-01-13,402.3577711770485,405.6214539597121,397.4866117196993,400.89642333984375,10449630.0
2023-01-16,402.8448734976189,404.20879215330615,397.096911478596,402.3577575683594,11462140.0
2023-01-17,402.357758835438,408.64156623515305,401.8706429046445,404.5984802246094,12337969.0
2023-01-18,405.18305169394887,405.2317811289221,396.95080976575406,397.8763122558594,13310316.0
2023-01-19,396.02526478520497,397.2917543545235,389.7901866118251,390.4234313964844,13126520.0
2023-01-20,393.58966918460345,401.8706399471508,390.8618318847136,392.7615661621094,23906114.0
2023-01-23,396.5123935069891,400.3606215035292,394.56392965683193,397.8763122558594,13113183.0
2023-01-24,399.4350318958034,413.0742768873674,399.4350318958034,411.2719421386719,30197475.0
2023-01-25,412.8307633472989,416.2405749619669,406.936672305852,408.2518615722656,22975581.0
2023-01-27,426.7135384973832,441.71670262616624,423.9369718554419,434.1177062988281,63360467.0
2023-01-30,434.1177205527786,438.4043347687223,426.3725654127192,432.2179565429688,18316743.0
2023-01-31,432.266684227049,443.0806339893393,429.5388172052416,440.4502258300781,25154475.0
2023-02-01,445.0290717664092,449.6079730923302,426.3725388508538,435.140625,23798589.0
2023-02-02,435.2380818837141,437.6249618245757,429.3439910444715,433.33831787109375,11344554.0
2023-02-03,435.4816662288907,439.18373561531456,430.9514937680513,433.97161865234375,13067403.0
2023-02-06,432.99735353524665,435.4816328368036,428.2235937303784,430.6104736328125,6795084.0
2023-02-07,430.3182277358846,431.9744040717957,421.7449694637908,424.2292785644531,9023645.0
2023-02-08,424.2292881099804,429.6362632033943,420.4297599565567,428.7594604492188,8668267.0
2023-02-09,428.6620115510518,429.3439857346343,422.3782042619726,425.4957580566406,7349418.0
2023-02-10,426.6648415837234,436.2610013184808,420.0887767351885,434.36126708984375,14798390.0
2023-02-13,434.0203108828296,435.3842295948076,427.5903744049924,429.6849670410156,8333767.0
2023-02-14,430.6104935860784,432.8512150312645,423.2063253066846,429.1978454589844,8565559.0
2023-02-15,427.20067401832375,433.4357520258295,426.8596869183639,432.705078125,9857016.0
2023-02-16,433.5331770505328,436.6994305907895,429.1491336871004,430.2207946777344,7670688.0
2023-02-17,424.7650770123131,431.0488841954552,424.7650770123131,428.5645751953125,6955445.0
2023-02-20,430.4156266647658,433.825438197021,425.0086516989542,431.584716796875,9717197.0
2023-02-21,433.7280261482775,433.7280261482775,424.0344074681862,425.252197265625,8957930.0
2023-02-22,424.0831131628609,424.6189585200269,417.2147905006872,418.3838806152344,7209130.0
2023-02-23,417.604489073802,425.203515570298,416.1918706876772,422.0372619628906,9278920.0
2023-02-24,424.1805596752217,425.4470789730767,415.9970177316582,416.7276916503906,7895024.0
2023-02-27,416.7276351320072,417.0198927673838,402.4064163746775,407.18017578125,10438928.0
2023-02-28,408.203168866297,413.8537020321101,408.203168866297,409.859375,9652088.0
2023-03-01,410.6387228092677,416.971229803954,410.6387228092677,415.0227661132813,7595114.0
2023-03-02,415.0227584405834,415.2663163974147,408.7389512618568,409.6157836914063,5661103.0
2023-03-03,411.7104061372169,419.4068321869752,411.0771613496086,416.9712524414063,8027522.0
2023-03-06,419.8452446079049,430.07467944608095,418.9197124205432,428.7594604492188,11307064.0
2023-03-08,427.6878143369683,429.8798361644356,424.8625477055834,427.9800720214844,7850052.0
2023-03-09,427.7852126389234,430.6591787668267,420.186186346088,421.0630187988281,5696737.0
2023-03-10,421.8424211204464,426.5187224413113,419.699099005184,424.6189880371094,10417015.0
2023-03-13,424.86252187783873,425.7393246092843,408.3005801882327,411.5155334472656,8780169.0
2023-03-14,411.95394568030247,413.2691646303043,402.74744276148607,405.9136962890625,9189043.0
2023-03-15,411.1258691500341,414.04856490228553,399.5325152790098,400.7503051757813,7681009.0
2023-03-16,402.6500398266284,407.71605769283,394.56392679951296,404.98822021484375,11854885.0
2023-03-17,408.203125,412.5384684109745,403.8677815890255,408.203125,8658701.0
2023-03-20,404.8907406089178,406.2059594805529,395.0509935171228,400.1657104492188,10075022.0
2023-03-21,402.21165997757095,403.2345916159933,397.19437146272,401.91937255859375,7391950.0
2023-03-22,405.2804395235268,407.6185899591542,403.088417915527,405.37786865234375,5728054.0
2023-03-23,405.28044930263167,411.61295632298527,405.28044930263167,408.3492736816406,9817460.0
2023-03-24,408.2031578256302,409.713205347542,404.1113720360924,405.767578125,6877960.0
2023-03-27,405.28044814514885,407.71602776140577,399.678615027758,401.4322204589844,7433933.0
2023-03-28,403.4781239843232,403.8191110858824,390.1311651719521,391.2515258789063,9553659.0
2023-03-29,391.25153238444005,400.01961938131205,391.25153238444005,398.65570068359375,10478506.0
2023-03-31,400.7502833131757,410.882288755331,400.4092962144423,409.9567565917969,11037881.0
2023-04-03,412.10008125552446,413.9998452956352,408.6902697084929,413.31787109375,6948329.0
2023-04-05,413.3178723334232,417.7019157641843,412.24621132633104,415.55859375,8821326.0
2023-04-06,415.50990927008496,427.9800658152541,412.8307715198089,426.3725891113281,10907492.0
2023-04-10,440.40150223061744,461.1039293407066,440.35280252989605,449.41314697265625,50462653.0
2023-04-11,451.8000472300592,451.8000472300592,444.0548916707788,446.8801879882813,14495222.0
2023-04-12,447.5134236829117,456.525068646587,446.3930629579917,453.50494384765625,13552440.0
2023-04-13,452.969112425376,459.83743510383385,451.3129063810403,457.40185546875,12733670.0
2023-04-17,458.8632208141843,460.8116845968348,453.7972030868139,459.9835815429688,10710167.0
2023-04-18,462.7601397717982,470.89498185928926,456.0379457929315,460.8116760253906,16140056.0
2023-04-19,460.8116533590563,463.2472329222649,455.7943654050859,457.3044128417969,7368610.0
2023-04-20,461.49363796841845,467.3390290523442,457.3044231862205,464.51373291015625,14264206.0
2023-04-21,464.4163503052101,464.4163503052101,455.1611474209623,459.0580749511719,8478118.0
2023-04-24,459.0580894366673,463.7343907279996,456.23279310315553,462.95501708984375,8020593.0
2023-04-25,462.9550100796622,464.1240705191938,459.7400269757546,461.3475036621094,6888352.0
2023-04-26,460.81169818766944,467.14420566804966,460.4220113658858,465.8777160644531,7791425.0
2023-04-27,466.1699388045258,469.5797502691357,464.221475110463,469.1900634765625,7085793.0
2023-04-28,468.9952248288194,475.4251612343764,466.0238294635837,472.4537658691406,9947813.0
2023-05-02,470.06686908140085,471.5282168609285,462.3217139574255,467.8748474121094,11542592.0
2023-05-03,467.8748501092942,472.5998805699117,465.4392704627076,471.2359619140625,8529233.0
2023-05-04,471.1385421459402,473.86637951185486,466.41351159141175,468.4106750488281,5650101.0
2023-05-05,469.2387733813543,472.21019841814,463.8804981061508,464.8060302734375,4830674.0
2023-05-08,467.631274975025,489.35663273242807,465.7802404578213,487.60302734375,23515333.0
2023-05-09,489.0643983619819,499.5860906573704,488.6259821283419,490.671875,19818780.0
2023-05-10,494.9097765023154,499.68353632046416,491.3538362197487,496.3711242675781,12481404.0
2023-05-11,498.80670950063615,500.9013317727544,492.4742024464289,498.4170227050781,11454020.0
2023-05-12,500.6577743328188,507.0876807942437,497.1505039755377,502.6549377441406,19766717.0
2023-05-15,510.3513364476901,523.3086677650409,508.0619153599804,517.1709594726562,38270067.0
2023-05-16,520.1911029267347,522.139566606983,505.4801664634255,507.720947265625,16514882.0
2023-05-17,509.0361452148911,510.4487932998322,499.293826646185,502.2165222167969,13684847.0
2023-05-18,505.4314816231737,507.4774042250183,494.0329865973331,495.3482055664063,12293322.0
2023-05-19,496.6633683400844,512.8356521773082,491.743509557446,511.4230041503906,19343560.0
2023-05-22,511.4230433568322,513.4202068420118,505.9673090867663,509.0361633300781,9978339.0
2023-05-23,509.0361396840077,517.3171103774317,507.7209504764799,514.8815307617188,12256902.0
2023-05-24,513.566364196508,516.0019439196017,505.7725090826079,506.7954406738281,7648284.0
2023-05-25,504.6521061130947,504.6521061130947,495.9814484600937,501.583251953125,11543712.0
2023-05-26,501.63200395750863,506.357004650774,499.0015660668441,505.0905151367188,8360570.0
2023-05-29,511.4717560391679,511.56915544583546,506.3083387754424,508.0132446289063,6596504.0
2023-05-30,508.0132263070585,510.0103897708934,504.6521144246854,505.4314880371094,5134688.0
2023-05-31,506.55187163825576,513.9073103488746,503.0933603994768,512.7382202148438,12327284.0
2023-06-01,513.9073378693828,522.4318671705337,509.37713565581214,521.408935546875,12511265.0
2023-06-02,523.1624514560398,527.302936407042,519.0219665050377,522.0908203125,12294728.0
2023-06-05,525.111012809282,534.6584738769711,524.0393814660591,532.1741943359375,15008325.0
2023-06-06,535.2916728592354,542.6471110355517,531.2972868133171,541.4293212890625,15395092.0
2023-06-07,544.4007570462315,560.1833252322092,537.922150788374,553.3150024414062,20855239.0
2023-06-08,555.31216422895,561.6933710657687,542.6471499570616,545.277587890625,21527339.0
2023-06-09,549.8564693982679,551.8536327600547,544.8878513809534,547.810546875,9361533.0
2023-06-12,552.3894519916296,554.2405162682693,546.2031036070155,549.6129150390625,7599572.0
2023-06-13,553.0714713459531,556.3351244839627,546.300547628211,547.7131958007812,12845897.0
2023-06-14,551.4152459466416,556.4812636322699,549.4667821800457,555.6044311523438,12713256.0
2023-06-15,557.065777036155,560.1833309443242,553.1201498150263,553.8021240234375,12475759.0
2023-06-16,554.9712104667394,557.4554898514281,551.463940045066,555.1173095703125,8736313.0
2023-06-19,555.9454304216533,558.4297097530834,549.6616230804641,551.4639282226562,6280388.0
2023-06-20,551.4639633374502,568.9027383928193,548.005451933284,568.2207641601562,18074902.0
2023-06-21,569.8769070161535,570.8024391246629,559.6961727473315,566.4183959960938,9146332.0
2023-06-22,568.9514147914449,569.6333889961738,553.5585630645662,554.6788940429688,11229179.0
2023-06-23,555.3121577576319,556.4325481766617,543.3291178248143,545.2288818359375,9362695.0
2023-06-26,545.5698330999842,554.3379197033768,543.4265111488985,553.217529296875,6986621.0
2023-06-27,555.3121803002662,562.0344041625435,553.8021327550867,558.332275390625,9404450.0
2023-06-28,564.0801843674682,574.7967336386981,560.6703732357131,571.5330810546875,16720940.0
2023-06-30,573.1893751086685,583.5649697242867,572.848417692622,580.203857421875,12488047.0
2023-07-03,584.5391168931741,586.7798382821192,574.7967982782878,575.576171875,11131048.0
2023-07-04,579.0834686712302,581.0319324830951,574.3097085472024,576.20947265625,6917886.0
2023-07-05,576.7452885943476,577.719520500757,569.8769655466409,573.0919189453125,8715919.0
2023-07-06,575.5762230002266,589.3616288497288,573.3842011171721,585.3185424804688,14356681.0
2023-07-07,584.5391692761943,608.7001097137972,576.9401719680836,602.2702026367188,21066726.0
2023-07-10,607.9207352987314,618.442428440268,601.6369273442695,602.7086181640625,23802524.0
2023-07-11,608.8462371861084,614.2045126307279,606.1183997613267,612.3047485351562,12051173.0
2023-07-12,613.7173721782503,614.5454454743991,603.3904787834887,605.4364013671875,10785502.0
2023-07-13,608.8949283735531,610.3562762016496,599.639725462275,604.6570434570312,9689708.0
2023-07-14,606.9464211169717,609.8691165637629,603.536609762382,608.7974853515625,7010179.0
2023-07-17,610.745948965427,610.8433483620275,601.2471887636252,602.5623779296875,7580645.0
2023-07-18,604.4134421467173,604.851798893798,591.3587120335088,596.3272705078125,10359400.0
2023-07-19,598.1783094067513,609.187116563616,594.427540860736,604.6082153320312,11128348.0
2023-07-20,606.6055185246346,607.5309912630811,600.3217108543171,605.6312866210938,7834891.0
2023-07-21,604.9979482628657,614.7402662703194,601.7829952128842,609.6255493164062,12914610.0
2023-07-24,611.7689108599686,618.1014179756445,610.1127047987745,613.035400390625,12247844.0
2023-07-25,619.6114832950565,625.9439905928833,617.0297449963688,622.9725952148438,13988137.0
2023-07-26,623.5084467670787,648.2539620331069,622.5342148190051,624.580078125,31673714.0
2023-07-27,630.3280515847094,631.7406997597203,620.3421744150908,627.1130981445312,11696851.0
2023-07-28,631.315302934885,631.315302934885,617.4380815600229,620.8585205078125,9299530.0
2023-07-31,625.6472152868864,630.8755771478234,621.4449732732319,629.6539916992188,7502361.0
2023-08-01,630.3380260814928,638.0584691747575,627.4062213090208,629.0187377929688,8924219.0
2023-08-02,629.3607468236528,629.6539153662317,602.4370187299178,608.49609375,15762687.0
2023-08-03,608.8381124236099,612.2096997750823,600.1893123742725,604.8801879882812,11458920.0
2023-08-04,610.6460266551957,610.7926407480627,599.3585905837152,601.0199584960938,11806739.0
2023-08-07,604.9290682360029,604.9290682360029,594.6677512465392,595.64501953125,9893466.0
2023-08-08,598.6257149822958,600.7757172786781,591.4916679673363,593.4950561523438,8863640.0
2023-08-09,596.7199483287636,609.8153662712397,591.5892901990777,608.3983154296875,13362350.0
2023-08-10,608.8381302243922,614.0176401089559,584.4064235540715,604.1961059570312,53116980.0
2023-08-11,605.6619946704476,610.5483358940897,596.1336292843454,597.8927001953125,9347707.0
2023-08-14,598.0882057783768,598.0882057783768,580.9860103517076,593.5438842773438,14492164.0
2023-08-16,592.9086824728685,607.2256271085956,583.722336703268,604.6847534179688,14562074.0
2023-08-17,605.9062659114053,607.860802253055,597.1108523739817,599.79833984375,12119293.0
2023-08-18,598.8699531531526,606.0039992280209,597.0131793241969,601.8017578125,11190760.0
2023-08-21,602.974519568235,609.1312977088364,600.8245174554653,606.3949584960938,9580365.0
2023-08-22,607.6654120487685,612.2585849508092,604.5381415847586,606.101806640625,8534395.0
2023-08-23,608.5937456316468,608.5937456316468,599.211995170277,599.9449462890625,8248333.0
2023-08-24,603.9518022578861,604.9290705463293,595.7916359084746,597.0620727539062,7096025.0
2023-08-25,596.9642629171933,602.6813177410065,579.8132177411893,591.344970703125,16075509.0
2023-08-28,591.6381643254535,594.6676717439458,587.8756461437038,588.7063598632812,7479254.0
2023-08-29,589.879038977115,596.6222131568932,589.879038977115,593.348388671875,6956667.0
2023-08-30,597.3063796336356,598.9677476251842,591.2473044191349,591.7847900390625,5676055.0
2023-08-31,594.9608759298834,595.791589699264,585.4325108565762,587.3381958007812,10544271.0
2023-09-01,590.4654580528875,600.9222397168231,588.2177531236363,597.3063354492188,10297492.0
2023-09-04,601.6063187459762,601.6063187459762,592.2245672817887,595.1563720703125,8392665.0
2023-09-05,596.1336249917857,604.8313361663274,594.2279399987435,597.2575073242188,8560651.0
2023-09-06,597.2574949422756,598.6256346580485,591.8336086173567,596.3779296875,6520064.0
2023-09-07,597.0131684033145,602.4858464748997,595.2051864411584,600.9222412109375,6520293.0
2023-09-08,603.9029332244062,614.604032601444,600.2381772492371,612.9915161132812,16190749.0
2023-09-11,620.2233562633797,620.9563074952449,616.167668921303,620.4187622070312,8780510.0
2023-09-12,623.4971359783277,624.4744042165383,601.2642835590378,606.6881103515625,12541377.0
2023-09-13,606.8836027728039,614.2131148835866,605.4665518351749,611.6722412109375,6988358.0
2023-09-14,613.8221723199895,616.4608085604452,609.1312965856911,610.4017333984375,5722295.0
2023-09-15,614.4085705163656,622.0312510585522,612.8938166342197,619.8323974609375,18917805.0
2023-09-18,621.444950562601,629.5562657153631,618.7574626738847,626.0869750976562,11108349.0
2023-09-20,626.1357808922161,632.2925589493503,622.5198764308133,623.9857788085938,11777925.0
2023-09-21,623.9858156162984,627.1130861362459,609.8154251285359,612.7960815429688,9266854.0
2023-09-22,613.7244323494486,616.4607713921639,604.9290185100458,606.3460693359375,6551917.0
2023-09-25,609.6688213837933,610.988169412675,603.8541225616268,604.6359252929688,6390681.0
2023-09-26,604.6359052009356,611.4767832563739,603.90295398071,605.7108764648438,6271108.0
2023-09-27,605.8575129201422,607.7631980925804,602.7302423355928,606.052978515625,5960490.0
2023-09-28,608.7404506917394,609.6199563770969,598.3325193904157,600.1404418945312,6768196.0
2023-09-29,604.6359259561733,618.6108511053106,602.9745578704212,615.87451171875,8969405.0
2023-10-03,618.219842230501,618.268753358894,604.5380873692075,606.3460693359375,6894577.0
2023-10-04,606.6881379989063,606.6881379989063,594.4722844645867,599.6517944335938,7612709.0
2023-10-05,604.9290437713503,607.225600288454,600.6779507638706,605.515380859375,7893892.0
2023-10-06,612.7472179706637,613.0892380131531,605.9063399390933,608.3006591796875,7922379.0
2023-10-09,606.688115701414,607.8608495271518,599.7495350080217,603.3165283203125,6381189.0
2023-10-10,605.906323447519,618.1221767428318,603.5608557557304,616.2164916992188,9833429.0
2023-10-11,618.6108054753734,623.3016811702871,618.219874314247,619.5880737304688,7701931.0
2023-10-12,622.5198597825234,625.6471300343655,620.6141748128291,622.4710083007812,5928732.0
2023-10-13,619.5392020961036,653.7924413935303,618.6107853544166,651.9356079101562,28011678.0
2023-10-16,653.3527089859716,662.3924407464511,646.2186623369757,651.05615234375,20005816.0
2023-10-17,654.7697237705447,655.649289049623,639.7686800775762,640.7947998046875,10263992.0
2023-10-18,643.6288533569854,656.9685889895317,638.9379776299289,653.3038330078125,14908778.0
2023-10-19,647.8799895369054,657.0174236921911,643.6288369180572,653.5969848632812,10633043.0
2023-10-20,651.4959160744282,661.0242817072184,645.4856923546565,648.1243286132812,11759568.0
2023-10-23,648.5641028320872,652.082244699365,630.3380259739084,632.6345825195312,8564004.0
2023-10-25,635.2243579131938,637.0811914338741,621.5914539945896,623.3505249023438,8229559.0
2023-10-26,620.5653011890921,621.2005493722306,609.9619651774675,612.307373046875,8889373.0
2023-10-27,615.6790412381724,629.3119462237055,614.1642872726076,626.4778442382812,10232856.0
2023-10-30,629.1652655051035,629.1652655051035,607.7142162352516,614.2130737304688,12786883.0
2023-10-31,627.4061868373781,627.4061868373781,613.0403323120254,614.3596801757812,11395766.0
2023-11-01,615.6789793934154,619.3925867046573,612.0630750452119,613.4312744140625,8785264.0
2023-11-02,617.6335660075854,623.6926414011285,615.7767323772707,621.982421875,9934305.0
2023-11-03,646.9515785246742,650.8606515066965,631.5107521752306,632.7811889648438,23087856.0
2023-11-06,638.0095478574818,638.0095478574818,628.5789451118947,631.3641357421875,10801301.0
2023-11-07,630.3380126953125,635.1266509144112,628.6766447633158,630.3380126953125,6588073.0
2023-11-08,633.269788124271,634.295907795855,627.3084760149039,627.9436645507812,6551864.0
2023-11-09,629.3607500740205,638.7914125017643,628.090313284471,634.589111328125,10155047.0
2023-11-10,634.5891811866949,638.1073830462708,629.3608193570276,636.2505493164062,6425792.0
2023-11-13,638.1561956219504,639.133463915399,634.5402910066458,638.4005126953125,3279829.0
2023-11-15,644.9970484450372,658.1901698905039,641.6254610349849,656.2844848632812,11324434.0
2023-11-16,658.6788088708012,669.9173938886264,655.6493011163889,664.933349609375,17501373.0
2023-11-17,666.985606744808,672.0185622884916,664.1515048497337,666.0571899414062,9563220.0
2023-11-20,666.4969624984533,671.1389867973795,655.4538429379206,658.9719848632812,8324354.0
2023-11-21,661.6105629407466,667.7673405924835,659.6560265657371,666.2037353515625,7291057.0
2023-11-22,668.4026366338547,671.7253129206586,660.6821935406645,665.7151489257812,9279642.0
2023-11-23,667.6696519509397,670.3082880433313,661.6594286098099,664.4935302734375,5885370.0
2023-11-24,665.9106591691909,666.4481448173104,655.9913618313844,658.3856811523438,6951690.0
2023-11-28,662.0503761497289,683.5502772684006,658.923105875651,681.6445922851562,16015860.0
2023-11-29,686.7752315069082,698.1604299615918,678.5661547205241,696.156982421875,16122864.0
2023-11-30,700.0172665056745,700.9456833137803,681.1560003760263,690.3423461914062,24275245.0
2023-12-01,691.9059014320096,694.8377060990944,687.0195603202017,689.4138793945312,10565415.0
2023-12-04,699.7240380431726,700.7013062527302,688.778622166585,689.5604248046875,9348036.0
2023-12-05,689.8536335252575,698.6490471631602,688.9740683023807,692.8342895507812,9601509.0
2023-12-06,692.9320472873557,708.3240223704473,692.8831958039376,706.0274658203125,12148825.0
2023-12-07,708.5195358572132,710.962706670514,699.7241209293305,705.5388793945312,10451801.0
2023-12-08,705.6365186136173,711.0603453995565,691.4172776944624,698.3070068359375,8557203.0
2023-12-11,701.483173130187,709.9854192614865,700.2615877563716,704.4149780273438,6403209.0
2023-12-12,708.3240424564123,708.3240424564123,696.792288599872,699.1377563476562,6461539.0
2023-12-13,699.7240282186979,705.0501518155484,697.2808577291074,703.92626953125,5807736.0
2023-12-14,707.5421838366186,708.2262835129656,702.2649116450484,703.3887939453125,6732352.0
2023-12-15,707.4445017110105,717.3148870607973,704.8547170198912,715.7512817382812,12082079.0
2023-12-18,716.2399211750361,718.0478435706001,711.5489858772222,714.1876220703125,5450397.0
2023-12-19,715.9466930155771,715.9466930155771,709.4967464523709,712.3796997070312,4511101.0
2023-12-20,714.3342511982613,716.3376392146789,687.0684427087641,689.2184448242188,8107602.0
2023-12-21,687.0195768860453,695.7172881338756,680.4230162260442,692.736572265625,7702232.0
2023-12-22,700.505875263643,714.3830964539898,695.8149995557328,708.226318359375,12062238.0
2023-12-26,710.8649509481374,710.9626539143296,700.3104060996865,703.193359375,7229143.0
2023-12-27,711.4513205720516,724.9864626331861,708.666129783297,724.05810546875,15052800.0
2023-12-28,725.7682450709199,740.720436446488,722.2500437987342,736.7625122070312,14906199.0
2023-12-29,737.8375427205003,784.6487166409293,736.8602744519964,762.2203979492188,41170191.0
2024-01-01,767.1554960592719,780.5440816143077,763.2952749457365,772.628173828125,12570717.0
2024-01-02,782.3032083139778,785.7236470761251,761.2919416322158,766.5692138671875,13791090.0
2024-01-03,768.1816893489647,772.041910832672,758.6044725112173,763.686279296875,8559060.0
2024-01-04,779.8600473646619,783.5736547082831,773.3123382955902,777.6611938476562,14298444.0
2024-01-05,780.8373344239589,787.5805092311388,769.2078183500457,772.9703369140625,11091198.0
2024-01-08,780.2509959741192,782.1566213466547,769.5987481720779,771.162353515625,7668471.0
2024-01-09,781.7656936761468,790.8054243545093,775.1202819718668,781.6190795898438,12872757.0
2024-01-10,781.8145813208794,792.5645318140415,774.6316837140814,790.072509765625,9980044.0
2024-01-11,795.0077360832889,798.9168091556099,790.0725432590278,797.10888671875,11075167.0
2024-01-12,799.5520540134231,799.9429255303721,790.756639637833,797.8906860351562,7664094.0
2024-01-15,801.3599920247497,801.7509231970215,791.8804777505222,793.9816284179688,4835856.0
2024-01-16,793.9816029626046,808.2008440942102,793.9816029626046,800.236083984375,10159066.0
2024-01-17,792.5645885012052,795.203224831432,785.7237104253625,787.2384643554688,7895439.0
2024-01-18,788.6555086455605,804.2429497732422,778.8828257627159,800.4315795898438,11500495.0
2024-01-19,805.1223921667122,807.2235426804762,800.871299305872,804.8292236328125,5706888.0
2024-01-23,806.1486155364538,808.7871921333804,778.198707373021,782.25439453125,9436209.0
2024-01-24,784.1600776790129,793.541829139804,770.576024971349,792.4668579101562,7217542.0
2024-01-25,795.496353227304,795.6429673234733,782.1077663110106,793.3952026367188,10109720.0
2024-01-29,793.3951760488302,824.6189074303144,792.6133734068072,821.882568359375,12823686.0
2024-01-30,823.8371647934341,865.8108495911613,823.6905506914993,839.3268432617188,19734613.0
2024-01-31,845.5324894591566,876.1209733070941,845.5324894591566,864.1005859375,24562392.0
2024-02-01,879.5414185890367,879.6880326845561,856.3801493033147,858.5301513671875,14505885.0
2024-02-02,865.8596699135402,875.388035355591,856.9176415626813,858.7744750976562,13003437.0
2024-02-05,912.768520874083,928.4048124522258,894.5424446442229,905.732177734375,38686871.0
2024-02-06,915.113962748054,919.9025411206326,907.2958171787336,918.1923217773438,12714803.0
2024-02-07,922.5412069339546,922.5412069339546,906.9537667728468,912.5730590820312,7913010.0
2024-02-08,915.7003816298638,918.3390179248304,897.9140869408066,903.2890625,11576253.0
2024-02-09,904.9503900913592,906.3185894862224,885.4538767770177,894.200439453125,7904881.0
2024-02-12,895.2754538735901,903.9731654870956,887.3596046078732,890.8777465820312,7286778.0
2024-02-13,890.8777200274693,898.2072319615952,873.6778225478088,886.2846069335938,8574218.0
2024-02-14,879.5414779520714,899.037992642887,874.0198881480604,897.4254760742188,6570939.0
2024-02-15,902.702686397236,905.9276596639064,895.5197290352171,899.624267578125,6430799.0
2024-02-16,903.9731523989236,927.2321253635354,903.0935870942576,917.2639770507812,12826164.0
2024-02-19,921.5150915828464,921.5150915828464,909.8855757593128,911.4003295898438,4632214.0
2024-02-20,913.2083280463968,913.4037936259203,899.477721064879,905.2924194335938,4733639.0
2024-02-21,905.2924248650512,915.8958212286898,895.6663564048944,900.1129150390625,6011018.0
2024-02-22,903.631111408957,912.6219315926452,893.8095177762442,911.107177734375,6437014.0
2024-02-23,911.8889465206968,918.4366554832964,908.2731018474822,916.0912475585938,7047473.0
2024-02-26,915.7981047500836,923.5185482186196,909.5436233867608,915.6515502929688,5600234.0
2024-02-27,915.4560983230896,943.0639283499136,914.2345129236728,940.8162231445312,12810206.0
2024-02-28,944.1877593314885,953.8138278953188,928.6980215222196,936.2718505859376,15219187.0
2024-02-29,937.2002908258996,937.4446078985864,921.46629520397,928.600341796875,10346657.0
2024-03-01,937.151395780219,958.1138115719008,934.9525422282466,955.1820068359376,10645369.0
2024-03-04,970.67167721788,972.3818966340708,957.8205760314172,964.7592163085938,6084495.0
2024-03-05,1003.6544541806304,1041.3769833219058,982.496573522117,998.67041015625,59811033.0
2024-03-06,1001.6999263727648,1007.2215156796632,986.0636348391412,994.5170288085938,14214823.0
2024-03-07,1001.699883050703,1023.199782979596,990.9987845656424,1015.6748657226562,16877082.0
2024-03-11,1011.2283356811286,1012.40100987918,997.790897057678,1004.6317749023438,7502450.0
2024-03-12,1004.4363058433852,1013.4271255845924,988.3113208609082,993.3931274414062,8763820.0
2024-03-13,995.8363266293964,997.7908630899054,941.6467913322372,951.0774536132812,16564155.0
2024-03-14,943.015003620816,959.6774152451724,933.6821038236884,945.7513427734376,22931801.0
2024-03-15,946.3866296409514,957.4786008000616,918.6321865292758,924.3491821289062,23390913.0
2024-03-18,924.34917162168,952.6411000381602,915.3583512334736,950.3445434570312,12121719.0
2024-03-19,946.5331225416596,948.536510463095,929.9684142832872,935.9786376953124,9483750.0
2024-03-20,939.0571085872032,943.2104987527712,900.2595461698804,919.0719604492188,13900321.0
2024-03-21,929.3820734266384,947.2172183688426,924.4957323465826,942.9661254882812,11074207.0
2024-03-22,942.9661438713496,963.7819453486472,928.746843333008,957.5274047851562,13638296.0
2024-03-26,954.7911023839048,972.3819312916944,953.81383411125,963.781982421875,9461531.0
2024-03-27,969.0591401454574,972.3818759424385,954.4978795003776,956.403564453125,6640537.0
2024-03-28,960.1660822689734,977.1705741499248,956.7456432990584,970.23193359375,9862996.0
2024-04-01,977.2682872338752,986.8943560040397,965.0035821586343,969.6944580078124,8629407.0
2024-04-02,976.2909716208552,985.0863857796018,970.8182933367232,981.8125610351562,7995931.0
2024-04-03,981.1773715527976,991.3898372001976,969.987637607038,986.2103271484376,8040366.0
2024-04-04,992.9044961480154,993.8817643528856,975.4602825501712,988.6044921875,9138276.0
2024-04-05,988.6045553474072,989.4841206470708,981.5682715409828,984.2068481445312,4519120.0
2024-04-08,987.089854858156,993.2955444798702,981.1773934506724,990.1682739257812,5188052.0
2024-04-09,997.7908651099444,1006.0976450839254,982.1545733942156,985.5750122070312,8539041.0
2024-04-10,989.2397794417697,997.7908765720392,987.040925893986,990.4613647460938,4554077.0
2024-04-12,990.9499493740796,1005.6089722938144,990.461315276755,995.34765625,11575194.0
2024-04-15,975.4114203122896,984.0602801475272,956.2569863958452,976.0955200195312,12632409.0
2024-04-16,967.4955943473624,982.0569155355176,959.7751510990372,970.23193359375,9574762.0
2024-04-18,973.7012385416324,980.2977995103734,944.285486821596,949.26953125,13540490.0
2024-04-19,942.0865511708996,945.946772516548,922.5411870387236,941.3047485351562,15381310.0
2024-04-22,956.5013014679096,956.5013014679096,944.0411312572164,951.4194946289062,7187959.0
2024-04-23,953.8138241860908,971.8932870420772,951.9081391446994,964.3194580078124,7994116.0
2024-04-24,969.8411055375632,973.261544660774,965.5411010664365,969.108154296875,4671450.0
2024-04-25,969.9387706894702,980.4932562142797,967.0069658410386,978.4898681640624,8366455.0
2024-04-26,984.8909164814388,986.014798812121,973.9455003068038,976.7796020507812,7937500.0
2024-04-29,980.248933466376,982.887569744227,976.2910088734604,977.8546142578124,4764750.0
2024-04-30,982.1546066675168,996.2761450312358,974.8250946774608,984.9887084960938,9047011.0
2024-05-02,996.8136003756886,1006.586282732313,988.5556718547972,1004.4363403320312,12695047.0
2024-05-03,1014.4044845601054,1016.5544270789524,973.359216398714,990.3637084960938,11871773.0
2024-05-06,991.927241794174,996.6181173135092,982.1545596090098,993.0999755859376,5724760.0
2024-05-07,993.0999814721638,994.8102008647044,959.72624775293,966.0784912109376,8877426.0
2024-05-08,964.514939271112,991.9273025499682,954.7911079717428,989.0932006835938,7519352.0
2024-05-09,988.0181918286944,1019.486181476378,984.4022874068002,1006.8795166015624,19189798.0
2024-05-10,1013.4272470168204,1026.4737552191334,1006.9772999691494,1022.85791015625,13383183.0
2024-05-13,982.1545530986464,985.7704574127322,925.6684623723672,937.9331665039062,58974762.0
2024-05-14,943.1615857973544,945.9956876462924,931.5809806289548,942.7218627929688,16325689.0
2024-05-15,948.8786541733856,950.8331907452872,923.6162331929264,925.7662353515624,19668239.0
2024-05-16,931.5321704817212,932.70490439014,898.1095821542698,915.1140747070312,31240770.0
2024-05-17,922.5412077654892,931.7275529730892,919.6094030797938,924.2025756835938,13205512.0
2024-05-21,932.3139292262932,934.9037139998992,927.1344193268026,929.67529296875,10055258.0
2024-05-22,930.3593770613456,933.1934788547594,921.1241801389132,925.961669921875,9495279.0
2024-05-23,928.4048212415414,941.5490909033996,923.5673315592128,940.4740600585938,11211074.0
2024-05-24,940.6207730747112,948.8787024406004,936.223065564232,938.715087890625,9590588.0
2024-05-27,942.9661494874604,944.4809033312856,930.3593653209768,936.7116088867188,6916555.0
2024-05-28,937.2002311934838,940.0343329154088,924.4957442221436,926.010498046875,6618946.0
2024-05-29,925.424152880396,928.8934431319342,917.4593930281204,922.1502685546876,8184019.0
2024-05-30,922.0526040532312,929.8218986560378,900.064068185507,902.947021484375,10170912.0
2024-05-31,910.4720101407926,915.9446886089486,899.1845138726729,902.0186157226562,14289102.0
2024-06-03,941.109370734579,941.109370734579,912.768590099789,928.8446655273438,12314329.0
2024-06-04,926.4502885918212,926.4502885918212,835.9552737129317,883.352783203125,26554598.0
2024-06-05,903.9242667306272,912.5242152770544,869.7687299561751,908.8106079101562,13752553.0
2024-06-06,918.6320943245404,924.4957034372502,910.0321462221092,916.921875,11792640.0
2024-06-07,918.6321018382116,950.8819522218936,913.9900779193484,948.4387817382812,15577866.0
2024-06-10,954.7910766935528,962.5115196988831,947.070633688222,952.983154296875,9258931.0
2024-06-11,957.5556031630972,975.9928261907947,950.5249114587366,970.6337280273438,14828702.0
2024-06-12,977.9102666539331,993.3975333203985,970.5353777651404,972.20703125,17527993.0
2024-06-13,985.285159154506,985.285159154506,964.3896405596624,969.404541015625,12157226.0
2024-06-14,973.4853672302291,980.6144267377232,965.0288516833126,976.8286743164062,11591421.0
2024-06-18,983.3185641342104,986.8093330334864,967.5854671080627,969.4537963867188,9845075.0
2024-06-19,973.485328892914,978.3036136184766,958.88307296632,961.0463256835938,7605719.0
2024-06-20,963.6522039915028,971.9121040325168,960.0630671841208,961.931396484375,7299571.0
2024-06-21,962.6688277943622,964.5371569827852,942.1174467897052,945.7557373046876,14303735.0
2024-06-24,944.870853355484,947.4274576724482,934.2018106864898,942.068359375,6655577.0
2024-06-25,943.9858066099476,946.7882404665204,933.4642861370407,939.0692138671876,7304128.0
2024-06-26,940.0525367246528,946.444107319538,934.2509332548024,935.9717407226562,6908988.0
2024-06-27,936.610951914894,958.5880982758596,932.2351722096338,955.8839721679688,19385412.0
2024-06-28,958.7356139566295,981.8436005494304,956.3264714361072,973.2395629882812,23025267.0
2024-07-01,973.239544306968,988.7268116197588,968.7654568644508,985.3343505859376,14006105.0
2024-07-02,987.3009779659478,988.2351425916984,962.7671681439776,964.9304809570312,12284132.0
2024-07-03,968.5196062617852,970.8795347434068,957.2605969953177,959.374755859375,7346258.0
2024-07-04,967.5854486368256,987.251819544078,963.2588230304297,981.548583984375,12139832.0
2024-07-05,988.2351657209028,989.8084514306724,973.4362332028112,977.0745239257812,9050375.0
2024-07-08,988.2351717014076,999.641643208772,979.5819802113034,985.8751831054688,13312085.0
2024-07-09,984.2527054671632,1000.0349560444048,981.4502116155404,998.0191650390624,10948094.0
2024-07-10,998.0683329092336,1002.8374038921962,969.6012487504418,988.726806640625,13412206.0
2024-07-11,991.1850802046088,1008.3931545137168,990.2509155958572,1003.7715454101562,11983571.0
2024-07-12,1006.7706611483212,1008.7865121648694,998.0683160936156,999.7891235351562,7339644.0
2024-07-15,1004.312332340583,1012.6214457387024,1000.329904393714,1007.360595703125,5847297.0
2024-07-16,1008.3931341771644,1012.4247160700492,1002.1982395542198,1004.11572265625,4824555.0
2024-07-18,1005.8856997558836,1009.8681277890424,991.1850757656812,1007.4590454101562,8010324.0
2024-07-19,1006.9181818181818,1006.9181818181818,970.1912584705786,973.4853515625,7400178.0
2024-07-22,973.48535284057,991.1850865285804,960.2597064980732,986.416015625,7396198.0
2024-07-23,991.0867800783758,991.8242689830822,951.0657035129028,985.0885009765624,10384177.0
2024-07-24,981.155208703109,1016.9971808134964,978.5494506314564,1010.556396484375,11469098.0
2024-07-25,1011.834690416157,1075.750390005127,1007.2622355926092,1072.751220703125,32766835.0
2024-07-26,1093.4009730139744,1101.808394317547,1065.523917164547,1099.6451416015625,21232845.0
2024-07-29,1105.25,1120.8847882416749,1099.9400560643749,1105.25,11850624.0
2024-07-30,1107.0200663895514,1159.3325649895592,1099.9401008424963,1142.4686279296875,28592304.0
2024-07-31,1144.58271351856,1148.4176796067354,1126.194705911198,1137.3553466796875,10860623.0
2024-08-01,1147.532790502324,1156.3826577812622,1117.541573612589,1125.309814453125,14375948.0
2024-08-02,1101.316787620146,1101.316787620146,1071.8664447505123,1078.3563232421875,21967812.0
2024-08-05,1042.268437039737,1047.2342436735737,997.1341521254142,999.494140625,26651144.0
2024-08-06,1012.818098677366,1042.956836008886,991.5784421682138,996.8391723632812,16726393.0
2024-08-07,1018.7672690377694,1022.8479451424593,998.117518714789,1008.1965942382812,9978703.0
2024-08-08,1017.6854563491764,1038.777710666867,1009.868122112731,1024.3720703125,19529790.0
2024-08-09,1037.4010223003186,1064.884726488894,1034.5002807254948,1050.282470703125,15443008.0
2024-08-12,1047.2342167564427,1061.8856866126987,1037.4010316225797,1058.1982421875,11311050.0
2024-08-13,1056.919995618077,1057.5591767284343,1030.7145303655168,1035.876953125,7508231.0
2024-08-14,1039.367687831841,1049.250087087362,1029.5345025164972,1044.62841796875,8211830.0
2024-08-16,1054.1175331471447,1081.6012398457267,1052.150895958437,1080.0279541015625,11435650.0
2024-08-19,1087.4520116756448,1088.533638077051,1066.9006299129178,1069.5555419921875,6911441.0
2024-08-20,1078.7004139204405,1079.7329463776282,1063.9998500943766,1068.7689208984375,5625723.0
2024-08-21,1070.833948709319,1077.028903864216,1065.2290807379422,1067.0972900390625,4869876.0
2024-08-22,1071.8172728043394,1076.488036149129,1047.1850938882142,1050.626708984375,9377476.0
2024-08-23,1055.1007519054117,1074.3737705242845,1053.134114902792,1067.048095703125,10179655.0
2024-08-26,1070.833938898469,1084.9445365842228,1064.7865055948575,1074.17724609375,9415039.0
2024-08-27,1074.816388319003,1078.3563110896594,1057.0674404906515,1059.2799072265625,8813305.0
2024-08-28,1064.8847798247225,1070.5388615090756,1052.2491604151855,1056.625,8145376.0
2024-08-29,1061.049865291763,1122.949716261215,1048.21751097588,1102.939208984375,40658159.0
2024-08-30,1095.3676393528276,1096.400171833177,1079.142883446776,1092.81103515625,17647545.0
2024-09-02,1086.5670564448242,1086.5670564448242,1069.211459092999,1074.423095703125,8116675.0
2024-09-03,1079.2905063359,1081.6504950591952,1064.1473753982689,1066.9990234375,5088731.0
2024-09-04,1061.0007497418949,1066.900661232582,1054.2158275208035,1062.426513671875,4665908.0
2024-09-05,1062.9673644173524,1067.7364354312956,1049.1516906220083,1051.3150634765625,7900593.0
2024-09-06,1050.970955482245,1055.051631597624,1023.1429914119778,1031.8453369140625,8717377.0
2024-09-09,1031.845291317038,1032.4352584373107,1009.1306569315186,1021.3729248046876,7206054.0
2024-09-10,1031.5011186439,1031.5011186439,1014.9813196358132,1018.5213623046876,6919238.0
2024-09-11,983.318578325336,994.6758959015932,955.0481691984828,960.013916015625,36140411.0
2024-09-12,960.013861504205,971.5187002207452,942.0191445460264,969.6995849609376,25675836.0
2024-09-13,978.3036328758404,989.2184445896618,971.518710988654,975.55029296875,13203676.0
2024-09-16,980.3686251639964,983.2202730554272,968.0771429026626,971.912109375,5836274.0
2024-09-17,978.4019879449698,978.4019879449698,943.9858376152472,958.6864624023438,44516613.0
2024-09-18,961.8822053000708,967.2904572558382,941.1833620909428,946.0015869140624,12044431.0
2024-09-19,954.2123255636446,962.6196869921398,940.3966522028952,950.8690185546876,13466770.0
2024-09-20,950.8690327657926,961.1938774855868,933.36597467278,954.65478515625,16764981.0
2024-09-23,957.2605817144122,962.8655092964171,949.9348467179228,955.5889282226562,10254297.0
2024-09-24,957.7522532202712,968.5687571067424,956.3755832642838,960.9971923828124,12755422.0
2024-09-25,966.0121318720628,966.1104397166336,943.2482842729576,947.5256958007812,12959075.0
2024-09-26,954.6056194921288,978.3527860623992,949.4923511189544,976.5828247070312,21640021.0
2024-09-27,979.3853195513124,983.7119453713927,972.6496111897138,976.4353637695312,10360030.0
2024-09-30,976.4352892721284,980.3194094252008,955.5889246679538,958.3914184570312,12225895.0
2024-10-01,960.6038988981376,968.0770957421656,942.9041653040704,949.0990600585938,10085203.0
2024-10-03,923.3361203438936,934.300146205683,909.5696606156566,910.2579956054688,24418517.0
2024-10-04,914.4862049726784,933.365932175514,904.653019972972,915.2236938476562,19187758.0
2024-10-07,926.2860514617456,928.6951938537668,899.7364512606127,912.3720703125,11772546.0
2024-10-08,900.7197615023699,909.3729524479012,878.939232345704,904.4563598632812,21177886.0
2024-10-09,911.3396224446682,932.6284931128852,910.061320329831,923.483642578125,11557737.0
2024-10-10,918.173713992216,927.8593778920532,897.1306726044957,913.0112915039062,13249851.0
2024-10-11,916.45286262224,921.3694552328744,913.011247794796,915.174560546875,4459529.0
2024-10-14,914.4862493529912,924.319434829905,909.9137940994258,912.7654418945312,5740649.0
2024-10-15,917.3870053868108,919.7469337735464,897.7697893338917,901.998046875,9058919.0
2024-10-16,901.7522731307575,907.6030305641216,884.986703691993,892.3124389648438,10298258.0
2024-10-17,899.6872684600444,899.6872684600444,875.2026139425392,876.7267456054688,13864583.0
2024-10-18,879.3817721128805,902.3914503166184,872.0068829471955,894.9674072265625,11527914.0
2024-10-21,896.8356656743475,902.3422855286306,883.1183599879206,888.2316284179688,7390557.0
2024-10-22,889.903234814703,890.9848611485626,860.6495096923411,864.82861328125,13617490.0
2024-10-23,864.3370386061522,870.8269172783048,848.8989247755426,863.0095825195312,10553771.0
2024-10-24,860.6495494495738,875.1534978693181,860.6495494495738,865.3203125,7233484.0
2024-10-25,869.1552815433146,870.9743968355782,842.9989723681958,849.8822021484375,10873022.0
2024-10-28,853.3729908359734,871.9577356822379,845.8506398397252,863.7962036132812,7106045.0
2024-10-29,865.5661572026626,867.7786239492755,811.9261420826261,828.6917114257812,26818871.0
2024-10-30,831.8875007745625,839.360697814909,824.0701062284223,826.1842651367188,12933218.0
2024-10-31,829.7733507972158,829.7733507972158,817.9735279641908,820.1368408203125,11904413.0
2024-11-01,833.8049995152365,833.8049995152365,825.9876048233294,829.3800659179688,2900548.0
2024-11-04,825.9875719649766,830.363351462715,800.9129492446112,810.352783203125,15514419.0
2024-11-05,807.7961629985195,829.5274782519356,806.7145366349013,821.7101440429688,10215249.0
2024-11-06,829.8225156687083,829.8225156687083,812.2210903101512,825.6925659179688,10579596.0
2024-11-07,826.970897529139,828.691704985353,803.6662359758689,806.0753784179688,13237161.0
2024-11-08,808.2386716381984,808.2878255609274,787.7364444322013,792.013916015625,16072692.0
2024-11-11,787.6381376806565,817.5801987382088,778.7882709651435,791.2764282226562,27587619.0
2024-11-12,792.554780463959,799.5363184190609,769.9876069076453,771.757568359375,16526921.0
2024-11-13,773.8717052271711,779.4274790872546,762.6126957334898,773.1342163085938,14674022.0
2024-11-14,773.4783511416193,778.7882953439469,759.1219242494028,761.383544921875,11740909.0
2024-11-18,765.0218398157322,768.7092844163864,746.5354628878526,759.0236206054688,17053446.0
2024-11-19,759.0236437702529,786.5565642954201,759.0236437702529,770.1351318359375,14012014.0
2024-11-21,771.8559120134802,772.8392305688151,753.4678430253184,760.9410400390625,14194678.0
2024-11-22,762.0718954787995,780.7549484002153,762.0718954787995,777.8049926757812,14535112.0
2024-11-25,794.5705327020565,796.6846915657552,780.4107817637283,783.3115234375,15194167.0
2024-11-26,783.8523968517837,788.4247920449067,767.135981699849,769.9384155273438,10310838.0
2024-11-27,771.9542460696947,778.6900144126155,766.1034884634216,770.8726196289062,10014685.0
2024-11-28,769.9384005758893,779.3290804313652,765.0218079796193,766.4476318359375,10939142.0
2024-11-29,766.4967957804604,776.2316732551585,764.0876533733885,773.3308715820312,10358590.0
2024-12-02,774.1667234535175,783.4590962470467,771.9051026720196,776.870849609375,8425826.0
2024-12-03,781.738231355426,792.5547351855012,776.8216387053919,787.8839721679688,9874135.0
2024-12-04,791.5714152396604,792.5547337679084,770.9708800694642,774.9533081054688,12392259.0
2024-12-05,779.7716069115625,784.1965403681854,767.9717843605679,779.3291015625,12169428.0
2024-12-06,779.7715916165133,805.1903515230638,772.2000269580728,803.174560546875,19716910.0
2024-12-09,803.1746086807738,806.6653776561058,783.7049126901164,785.4257202148438,15573233.0
2024-12-10,791.3747433561946,796.9305170744531,784.1473761454338,786.5565185546875,13113082.0
2024-12-11,789.5064949632769,793.4889231235005,784.8848857329548,785.7698364257812,7763357.0
2024-12-12,785.8681617179428,788.6214415303598,772.3966861871542,773.2324829101562,10602758.0
2024-12-13,775.8383360717934,779.2799509973337,762.0718763696323,777.1166381835938,14101869.0
2024-12-16,778.1983123626096,780.7057626226759,769.9384126643907,771.7083740234375,10015361.0
2024-12-17,772.3966962270684,783.0656781452384,765.0218073388405,766.7426147460938,10270253.0
2024-12-18,761.088590302752,761.3344199507826,741.4222184603036,743.0938720703125,19085263.0
2024-12-19,732.0314739678861,743.1921150068209,729.0323645272779,731.6381225585938,17119599.0
2024-12-20,731.8840028884866,737.0464254038466,709.4643513966097,711.9718017578125,17962656.0
2024-12-23,721.4608119340994,722.149146903223,705.7277155747003,710.1526489257812,9653868.0
2024-12-24,711.4310103710849,732.8673439462459,710.4476917665636,723.82080078125,12553555.0
2024-12-26,723.8207735417741,735.3256127851124,723.2799603330407,728.4423828125,9343210.0
2024-12-27,736.5056129572472,754.0578255209225,733.2606736619043,737.9805908203125,15835079.0
2024-12-30,741.3238828744561,742.3072014297918,718.5108803872653,721.4116821289062,17441198.0
2024-12-31,721.4117128098959,730.9990691321615,720.5267020656543,727.8032836914062,7092699.0
2025-01-01,728.0982128042986,738.5705190704571,723.7224333708709,736.7514038085938,7792251.0
2025-01-02,746.6337601559998,754.5494624498249,736.8497286175199,752.287841796875,15294572.0
2025-01-03,755.1886074301342,787.2447664991454,748.7478832633941,777.2149658203125,24773025.0
2025-01-06,784.3932203178629,784.3932203178629,752.5336752512796,763.301025390625,16948151.0
2025-01-07,763.0551510055546,783.6556854491171,759.6135362780811,780.0173950195312,15547971.0
2025-01-08,779.3782523303164,783.7048779216276,768.6109623097367,781.6890869140625,11861066.0
2025-01-09,786.6548555303049,796.4880412244337,756.6144852381418,767.0867919921875,17948464.0
2025-01-10,767.0376062120775,774.8058465946257,754.0086357084494,761.7277221679688,11144005.0
2025-01-13,756.1719628548653,760.6460502415687,736.3089161964998,738.4722290039062,12230175.0
2025-01-14,738.9639194693989,766.0051806608939,738.9639194693989,757.64697265625,11377053.0
2025-01-15,758.1385805824749,771.9050398926626,743.4379566728389,750.8619995117188,10500910.0
2025-01-16,757.0569587862387,767.9717704412802,754.5494485259994,761.4326782226562,8680163.0
2025-01-17,760.9902254200757,772.3966962270684,759.3677258578658,766.7426147460938,7007239.0
2025-01-20,766.9884519131864,769.9384074974679,754.2053110479666,761.4326782226562,9956101.0
2025-01-21,762.0718593390569,773.5275441991472,745.7487957780784,748.0595703125,11657178.0
2025-01-22,751.4029045539125,752.681206683485,718.8058701563026,730.35986328125,12418474.0
2025-01-23,730.3598487828657,747.0271101122431,727.4590470737645,739.9472045898438,7916689.0
2025-01-24,737.5380689052246,741.569710983988,719.9858567354784,721.8541259765625,9513166.0
2025-01-27,720.7233364040842,720.7233364040842,697.4678289099026,701.1552734375,14123990.0
2025-01-28,704.5477524563246,728.491535528814,695.6978853633631,716.1017456054688,16104653.0
2025-01-29,719.2975151594295,742.4055009506073,714.4300763617174,739.9472045898438,12461404.0
2025-01-30,697.1728074946637,698.8444609264708,671.803202525761,685.2254638671875,59390998.0
2025-01-31,694.2228650095947,705.0393685720671,684.832185283757,704.1543579101562,19157717.0
2025-02-01,707.4977205651464,712.6601431266016,689.2080189256493,694.7637329101562,14087493.0
2025-02-03,688.3229968514223,688.3229968514223,674.556536914394,675.9823608398438,17806760.0
2025-02-04,684.6847313890955,701.450301569871,682.1772809543938,698.697021484375,16792005.0
2025-02-05,699.1394362021517,713.3484001789984,698.8444526628497,705.0885009765625,12907325.0
2025-02-06,710.9392899538364,711.3326413686327,696.3370339387627,697.81201171875,10016927.0
2025-02-07,699.1394920389603,704.0069308856698,691.371251453949,694.9603881835938,12259132.0
2025-02-10,697.9103395089336,698.057861297948,681.4889077523819,684.3897094726562,10981963.0
2025-02-11,684.3897165195038,685.3730350777215,663.8383346459536,666.4441528320312,11939990.0
2025-02-12,668.6566093402031,676.0806523375655,655.9226222030446,672.9340209960938,12312424.0
2025-02-13,672.9339810197099,681.5872316989515,668.0173885960487,672.4423217773438,8490769.0
2025-02-14,674.5073525331992,679.4239451458518,657.9876133580867,669.2957763671875,9968127.0
2025-02-17,666.6899689526078,679.1781263921409,655.9226189550617,675.146484375,10313575.0
2025-02-18,675.146491452964,676.4740075037571,660.9375864394843,671.0166015625,7810143.0
2025-02-19,670.3774425489787,679.4239854969347,663.7891960533475,669.6399536132812,9986815.0
2025-02-20,668.6565815020648,681.29220024865,663.7399889910201,678.2930908203125,8673335.0
2025-02-21,674.5564966401198,678.4897706730069,659.9050268608163,661.9700317382812,14577524.0
2025-02-24,658.8234075053194,665.3132857217064,654.8901334306607,657.1026000976562,8861769.0
2025-02-25,656.6109707699158,661.2817339464895,648.9902519028744,650.5635375976562,10251257.0
2025-02-27,650.9569093012196,653.9068650835515,634.879674294313,637.7312622070312,12281857.0
2025-02-28,634.2404115361505,634.2404115361505,608.1333182274803,610.296630859375,20477619.0
2025-03-03,610.2966708121899,616.3931976961863,596.1860138696488,610.788330078125,18362700.0
2025-03-04,603.2167680263092,618.6548810478195,602.7742626816257,608.870849609375,11878225.0
2025-03-05,608.6741426479638,630.8971164179726,608.2807912468851,630.1104736328125,12373061.0
2025-03-06,642.3528446398893,645.0078167359459,624.9972481755394,628.979736328125,16991501.0
2025-03-07,629.32382027175,640.6319826672581,624.407227925877,637.4853515625,10123450.0
2025-03-10,637.4854134346467,643.3361708974894,632.6179745364162,637.3379516601562,10309166.0
2025-03-11,629.3238608049935,640.2878864492556,627.7997290830065,637.2395629882812,9534750.0
2025-03-12,643.5820100449092,660.6917773286874,641.3695432418518,657.1517944335938,18732785.0
2025-03-13,659.4626076123944,660.6425418553009,638.7637041825589,644.5653076171875,14004345.0
2025-03-17,653.9559792152191,655.3326491700022,646.4827823615404,650.022705078125,9174398.0
2025-03-18,650.022705078125,650.022705078125,650.022705078125,650.022705078125,0.0
2025-03-19,673.9665570238454,674.3106945089562,667.2307889576675,670.8690795898438,9338414.0
2025-03-20,673.5731938506847,681.1447585440851,667.6732826636714,678.5389404296875,9712600.0
2025-03-21,681.4397237576401,693.2395458140494,677.0639444083218,691.2237548828125,14823483.0
2025-03-24,698.1561634301638,705.5310524804825,690.3387690334259,701.5977783203125,11671359.0
2025-03-25,707.0059936988482,710.9884215765062,694.5669908043017,698.4511108398438,13617465.0
2025-03-26,698.4511547957497,705.8751978526531,695.2062155807392,696.4353637695312,9363180.0
2025-03-27,656.856769826475,665.3132850719322,650.0718480475156,657.3975830078125,34238666.0
2025-03-28,660.6425544685536,673.5240636915661,658.1351041290023,663.19921875,16013687.0
2025-04-01,659.3642150299472,670.4757021921232,654.6442981842529,660.6425170898438,9594669.0
2025-04-02,663.6908207895912,664.0841121718137,651.0551422978718,660.6917114257812,8025225.0
2025-04-03,648.9902641484287,657.8401313868163,641.6153747831056,643.0411987304688,13473832.0
2025-04-04,639.1570347084581,639.1570347084581,599.8242941110145,603.6100463867188,26621179.0
2025-04-07,551.1500367316361,572.2913851522073,526.8129030846994,570.0789184570312,49463598.0
2025-04-08,581.3379341939119,596.4810037346821,574.4547043980161,579.027099609375,20987855.0
2025-04-09,578.1912920667703,584.9762138886394,571.3572163221049,573.1763916015625,17483412.0
2025-04-11,599.8242806995662,602.5775604764269,581.1412293335142,585.1236572265625,21055814.0
2025-04-15,603.7575768396013,617.8190198016838,602.4301208321774,611.82080078125,19722072.0
2025-04-16,614.5740894288654,614.5740894288654,603.3642340308825,605.7733764648438,12318376.0
2025-04-17,605.7733885303073,616.5407387949595,598.103515744871,611.181640625,14342652.0
2025-04-21,614.1806972145747,625.1447222486203,609.854131922541,619.539794921875,12785568.0
2025-04-22,619.7365099334878,623.3748005354662,615.754081849255,620.3264770507812,10292748.0
2025-04-23,625.3414753135872,650.4652535257305,622.7848109448557,648.8919677734375,23390570.0
2025-04-24,649.0885497110868,659.8067458941105,649.0885497110868,657.200927734375,15172229.0
2025-04-25,657.2009688239773,661.7734243661472,640.6320742563818,644.3195190429688,13207043.0
2025-04-28,643.3853351474548,658.4300974240604,641.6645276317678,657.0043334960938,10243493.0
2025-04-29,660.2492143327491,671.508223084486,650.5634911635004,654.4967651367188,13754685.0
2025-04-30,655.8734250703337,655.8734250703337,630.4054524738474,633.5029296875,19485917.0
2025-05-02,630.3072378802756,650.3177478685802,624.9481393769563,638.2720947265625,11488717.0
2025-05-05,651.8910131718832,655.5293036341764,644.9094157946184,650.5143432617188,8868484.0
2025-05-06,650.5143633669469,652.1368629528583,634.7321129189917,637.3870849609375,12718175.0
2025-05-07,631.2905105716966,671.1149119395373,630.4547138090487,668.9515991210938,30390515.0
2025-05-08,688.3229824879105,692.7479159467613,665.903331633133,671.4590454101562,29315465.0
2025-05-09,656.3651516307974,699.1395098269617,654.8901737619641,696.6812133789062,40183276.0
2025-05-12,715.8559065613387,719.7891807732142,699.336166874862,708.7760009765625,20133616.0
2025-05-13,708.7760420690721,713.889310844361,691.5188124673512,695.8945922851562,16125700.0
2025-05-14,678.489814128108,696.1895484097109,674.5565398433074,687.29052734375,31505402.0
2025-05-15,687.0938477381951,717.6258771977942,684.5372434743423,715.9542236328125,28634074.0
2025-05-16,717.8225292811292,729.622351680271,713.4467498047139,718.5108642578125,20631512.0
2025-05-19,719.7891679205577,725.7873869797622,715.8558937789153,717.3308715820312,10460217.0
2025-05-20,717.8225265140819,725.4432451174848,705.0393856309544,706.90771484375,14472506.0
2025-05-21,707.0060307068649,717.3308753833908,706.0227121662434,714.6759033203125,8998596.0
2025-05-22,712.9059152589249,712.9059152589249,698.7953187361167,705.4818725585938,10046820.0
2025-05-23,706.7602139667813,709.7593235669965,703.0727693721719,706.2685546875,7915166.0
2025-05-26,709.9560034481095,725.6891004774305,709.169360600044,716.8392333984375,13017400.0
2025-05-27,716.8392321488677,717.1833696389833,703.2694479881332,704.4985961914062,12223125.0
2025-05-28,707.9893628208639,709.9559999398107,704.2527642982652,705.9735717773438,7568961.0
2025-05-29,712.4142662271832,716.5442160058132,707.9893328965796,712.3651123046875,8838921.0
2025-05-30,712.3651193794668,716.3967013361452,700.614450970319,707.4976806640625,14533919.0
2025-06-02,705.0393751392718,707.006012168949,695.599541403621,699.7294311523438,9712446.0
2025-06-03,703.0727909192241,706.3668841845616,690.584632839356,692.1087646484375,9161608.0
2025-06-04,696.0262285599629,709.5639532364046,692.6542369255598,703.3157958984375,11287991.0
2025-06-05,706.9357180436717,708.5721675581514,698.2081285434812,704.3075561523438,10203331.0
2025-06-06,704.1588007716355,710.0102854419589,695.4312108405061,705.1505737304688,11975812.0
2025-06-09,709.1176402063359,720.0271423633565,707.2332474387352,711.8945922851562,9900412.0
2025-06-10,715.0683229497856,728.7052015081206,709.4647813653348,726.2257690429688,19151889.0
2025-06-11,728.9035309067402,737.8790638646193,724.1430329238943,730.3416137695312,12626754.0
2025-06-12,730.936692117109,731.6309453152759,705.3985376774679,709.4647827148438,12585149.0
2025-06-13,694.2410429695907,709.0680602081871,692.5550169014901,706.19189453125,10516625.0
2025-06-16,705.1505624763001,708.1258813053141,667.4136141015769,681.0009155273438,31246328.0
2025-06-17,680.4553901637183,680.5050272371491,666.4714159179325,669.1987915039062,17112867.0
2025-06-18,666.3226523985395,673.7609497485255,662.5043506387542,664.73583984375,12556088.0
2025-06-19,664.7357985224281,670.7360125718276,661.165440229583,666.7689208984375,10895470.0
2025-06-20,667.8599496152863,673.2154873928483,664.5870503515874,670.6369018554688,11393470.0
2025-06-23,664.4878838963571,670.4385216625931,660.6199451350966,665.7276000976562,10265601.0
2025-06-24,672.4220370927751,680.8521068793364,666.4713995963788,668.1078491210938,15359947.0
2025-06-25,670.4385261507367,673.4138450537725,667.9095171897599,668.9508666992188,10456015.0
2025-06-26,671.4303010251225,678.0751920340426,668.9012920569638,677.1329956054688,10104914.0
2025-06-27,679.3644475780977,685.7613949940128,677.3809017457529,681.2488403320312,7198028.0
2025-06-30,683.2324025740436,686.2077213940211,679.3644638948663,682.3397827148438,6960104.0
2025-07-01,685.4142466777455,688.1416222311387,674.8023247691367,678.17431640625,6866073.0
2025-07-02,678.1743323848484,686.7531926317655,675.0502839062556,682.88525390625,8034013.0
2025-07-03,688.1416611438542,691.2161937158914,682.8356998895108,684.7200927734375,9668110.0
2025-07-04,685.3151339819361,687.1498897945845,680.7033653794143,683.3811645507812,4942900.0
2025-07-07,683.3811669976727,686.2573328833315,677.7280488452168,683.1828002929688,5428220.0
2025-07-08,687.2986425841362,691.2161577761757,681.8438914525161,687.4970092773438,7615926.0
2025-07-09,683.2819791557234,689.7780798064636,682.8356692260966,687.1002807617188,5478813.0
2025-07-10,686.3068997982751,691.0178214370638,679.3644889621654,689.8772583007812,7733963.0
2025-07-11,687.2490886790489,692.6542634486437,671.4798743114267,676.1907958984375,8280654.0
2025-07-14,675.3973909891297,675.3973909891297,666.4714342800223,668.9508666992188,7748550.0
2025-07-15,670.4384924566649,680.3066450957292,668.7524663897419,678.7694091796875,7041706.0
2025-07-16,678.7694163857486,678.7694163857486,670.7855958860033,673.413818359375,6244205.0
2025-07-17,673.413814770615,681.2488450761449,672.570831999204,676.0916137695312,6598144.0
2025-07-18,677.5793068282134,680.3562590442392,672.4220752652976,674.653564453125,5558670.0
2025-07-21,674.9014775665951,682.8356609913309,665.7275779817442,681.7943115234375,6731863.0
2025-07-22,682.339785077222,683.1827678659276,666.8185142993955,667.8599243164062,7749518.0
2025-07-23,671.1327642040955,687.3978041875201,670.6864542720984,684.4224853515625,14460727.0
2025-07-24,687.001121717902,700.6875760652268,686.6043883321181,694.7369384765625,15197664.0
2025-07-25,695.2328389018219,696.670921787894,679.066951901293,681.7447509765625,7271718.0
2025-07-28,685.0176165344545,694.7369797331828,675.7941398308963,677.2817993164062,7788718.0
2025-07-29,676.290012587127,688.2904413132428,675.0006592994628,686.6539916992188,6239871.0
2025-07-30,684.3233169449826,684.3233169449826,659.7769370980429,662.9506225585938,18923129.0
2025-07-31,654.4213402448943,667.8599118029384,646.9830433085667,660.47119140625,18723710.0
2025-08-01,662.4547400855488,662.4547400855488,641.6770851147209,643.5118408203125,12546169.0
2025-08-04,644.701996441307,651.3964638787324,640.6853280854551,648.2227783203125,8033881.0
2025-08-05,650.5534683553224,653.4792106180864,645.1978702969401,649.2145385742188,6714804.0
2025-08-06,649.6112789158562,652.5865977505854,645.0491475824783,647.4789428710938,6410830.0
2025-08-07,644.652418710424,646.3384448351931,630.2717109084222,641.1812133789062,13609913.0
2025-08-08,642.6192753341694,647.5781399319591,624.8169393215013,628.4865112304688,10144452.0
2025-08-11,630.9659784366706,649.611298249283,621.9408080495795,648.37158203125,17275390.0
2025-08-12,645.7433699929218,655.5123702705439,645.4458502023335,648.7186889648438,11212223.0
2025-08-13,651.7932058154078,661.5125687823682,651.2477427903317,658.289306640625,7557556.0
2025-08-14,660.5207694948372,661.0662324981772,652.289066305934,659.1322631835938,6250494.0
2025-08-18,671.4303105822681,679.3644944591636,667.364065558567,670.4385375976562,14226172.0
2025-08-19,671.1823491645005,697.563485627726,667.5623536554672,694.489013671875,19440384.0
2025-08-20,694.4889804145823,695.0344434086264,683.3315351740767,683.9265747070312,10050137.0
2025-08-21,688.2904539558599,689.2326504014522,679.3644970601787,679.76123046875,8432614.0
2025-08-22,680.2570898334027,685.8109941337884,673.0170988803418,674.703125,6429718.0
2025-08-25,678.1247627755924,683.2324177431605,674.703133950048,681.149658203125,6429311.0
2025-08-26,681.1496475775307,681.2984377327185,672.719577531935,676.0420532226562,7496633.0
2025-08-28,674.3064682406402,675.2982412131765,662.30597895314,669.89306640625,9466045.0
2025-08-29,669.8930412896188,675.5461591277243,662.5043208146487,663.49609375,8201917.0
2025-09-01,665.7771510176399,685.8109761662654,665.0333213254855,684.4721069335938,7644947.0
2025-09-02,684.4721034572405,688.9350815874993,676.0420336556405,678.7694091796875,7854694.0
2025-09-03,682.3397770455068,687.7449516301594,679.3644582502502,686.3564453125,6094892.0
2025-09-04,700.092580401063,700.5388298217708,680.0587538235784,681.8439331054688,13439418.0
2025-09-05,685.215932152391,691.6128190367444,677.4800549780769,686.0093383789062,6692975.0
2025-09-08,689.282190509767,716.0600597813694,688.3399941139778,713.5806274414062,20531027.0
2025-09-09,715.2171120058265,716.3080380756,707.630024460977,709.6631469726562,9409853.0
2025-09-10,711.745881461517,714.076523679765,696.9188637590629,703.2661743164062,10363493.0
2025-09-11,704.3571563373908,706.1423355284718,698.7536149953416,700.0429077148438,5530633.0
2025-09-12,702.1752467177124,712.9855960569404,701.5305700887337,709.3656005859375,8252416.0
2025-09-15,709.415191948069,716.0105063988879,705.6960433178368,707.0349731445312,6007524.0
2025-09-16,709.1176827982606,713.7790279246572,699.1999529689143,707.382080078125,9765743.0
2025-09-17,709.1176386715479,717.0022455018415,708.4233855200915,713.2335205078125,11872451.0
2025-09-18,716.060073800016,719.2833359050715,701.7785190290248,705.3489379882812,12199357.0
2025-09-19,707.6299747706404,707.6299747706404,699.1503284549743,701.6297607421875,12127319.0
2025-09-22,703.1670166453938,706.142335474641,689.1334052875718,690.5219116210938,9688597.0
2025-09-23,696.0262660027691,701.9769038891417,691.265767800275,695.5799560546875,11904667.0
2025-09-24,694.7369633260893,697.5139155268563,675.6949102546592,677.3313598632812,13252215.0
2025-09-25,664.3887428341492,669.4467608137568,649.9088210211812,658.8347778320312,24687611.0
2025-09-26,660.5207563968995,674.7526734063597,656.9007610713084,667.364013671875,15780434.0
2025-09-29,678.3726736756505,679.364446590381,664.4878528694238,666.96728515625,13014474.0
2025-09-30,666.4713929340458,677.876781354792,661.165432099339,674.6039428710938,15001606.0
2025-10-01,675.397368576227,714.0765130321342,673.6121894002498,712.4400634765625,30163206.0
2025-10-03,712.588836327758,733.6144341409002,709.1176311403577,710.2085571289062,27786917.0
2025-10-06,712.0929481508228,712.5888346049669,698.1585508959786,706.7869873046875,10333314.0
2025-10-07,706.7869886800858,707.0349319076403,691.4145085717063,692.3070678710938,13099357.0
2025-10-08,689.1830768666096,696.224640901839,673.4138620688728,675.94287109375,16568975.0
2025-10-09,678.967726264384,679.3644596511094,663.2977260169909,675.4965209960938,16202851.0
2025-10-10,679.1661053680235,682.9348304787151,661.4134058484707,673.3642578125,16069904.0
2025-10-13,673.4138208534335,673.810554239455,652.6857423606443,655.31396484375,33288645.0
2025-10-14,396.7091795668287,418.0818745093882,373.2041485708907,392.1966247558594,52267874.0
2025-10-15,399.68449564169015,399.68449564169015,384.8079015111061,387.6344604492188,26953559.0
2025-10-16,392.1966226826057,397.1554874009772,386.3451381017207,393.5354919433594,21983752.0
2025-10-17,393.5354946333106,399.18861255749846,389.022939815351,393.337158203125,16564547.0
2025-10-20,396.7587624586154,400.0812079439719,393.3371638899868,396.4612426757813,10471672.0
2025-10-21,399.486141995886,400.08121183384895,396.7587663161893,398.5439758300781,3449156.0
2025-10-23,404.1474666350049,405.5359426756641,400.2795582837015,402.5110473632813,14126009.0
2025-10-24,403.6020206861824,405.13925667712977,397.7009594309157,399.9820251464844,6311744.0
2025-10-27,400.67626895598994,408.015382680595,400.32914237265214,406.6764831542969,10699376.0
2025-10-28,407.91619629456346,410.74275521424806,405.1888207217377,408.1145629882813,10332279.0
2025-10-29,409.1063531832241,411.5857856267588,403.7011783497147,407.9658203125,8485023.0
2025-10-30,409.30470593121305,415.5528633693033,404.7425443373415,409.0567626953125,8783965.0
2025-10-31,410.6435910777938,414.06521997219176,405.6847261679473,406.6269226074219,8012169.0
2025-11-03,410.5939866758937,414.412318450698,406.72607836195846,413.5693054199219,8952229.0
2025-11-04,413.9660196916726,414.0652030391154,401.76722461892,403.15570068359375,8889004.0
2025-11-06,403.8003452262031,406.3293843753325,402.0647425865392,404.4945983886719,6862359.0
2025-11-07,403.3540776541771,403.84996413751566,398.1472695791224,402.3623046875,6930046.0
2025-11-10,402.6598100199961,409.5526439976312,402.6598100199961,407.0732116699219,7913640.0
2025-11-11,409.15593168579824,410.2964948284962,399.3373852156611,404.2466735839844,8120946.0
2025-11-12,404.2466664634159,408.0153916226573,398.5935484580447,398.8414916992188,12940220.0
2025-11-13,400.6762701240013,400.6762701240013,394.1305626280798,394.6760559082031,13165727.0
2025-11-14,394.6760654466791,396.3124847935812,384.1136591048833,387.9815979003906,21834856.0
2025-11-17,376.8737194613381,376.8737194613381,360.013579380173,369.6337890625,32393346.0
2025-11-18,370.0304791752292,370.9230687418949,366.1129640698817,368.2452697753906,17484757.0
2025-11-19,368.1461430384712,368.1957195809692,357.3854001300756,357.8812866210937,17854517.0
2025-11-20,359.0218174397363,361.4020665296813,356.2944417547659,356.83990478515625,15999034.0
2025-11-21,356.0464828417497,361.2532907384605,355.05470990904286,359.2697448730469,10829322.0
2025-11-24,359.5176923599756,359.8648189438317,353.8645744700568,355.35223388671875,12671925.0
2025-11-25,355.0547122273441,355.153895574564,349.104074592249,349.5503845214844,12577566.0
2025-11-26,351.53393552290044,359.8648222801415,351.38514536664815,356.29443359375,13130211.0
2025-11-27,359.021812307506,359.8152185706428,353.5174844740359,354.8563537597656,8871759.0
2025-11-28,355.0547025895979,356.79030518605543,352.1785671973412,353.86456298828125,10905212.0
2025-12-01,356.04647840726085,361.99711592938775,355.74895863775754,360.8069763183594,12714139.0
2025-12-02,361.0053538841137,361.0053538841137,356.6415589563986,358.7738647460937,8576018.0
2025-12-03,358.724289448912,358.724289448912,351.186808947721,353.9141845703125,9504331.0
2025-12-04,354.06294959809605,356.5423820182508,351.38515047772535,353.5174865722656,9173145.0
2025-12-05,352.07939403276066,353.61662998461026,350.095848150886,350.69091796875,5667381.0
2025-12-08,351.03805070507644,353.2695398613035,342.95507688153594,345.4345092773437,7186158.0
2025-12-09,345.63286071076647,345.78162059464324,338.8888169986228,341.8641357421875,9143402.0
2025-12-10,344.14521781810686,344.6411042991128,339.13677646655066,340.5748291015625,8705054.0
2025-12-11,340.5748335346312,345.3353619741584,338.5912875847888,343.798095703125,6756893.0
2025-12-12,345.13698523052915,346.4758847610182,341.9137231558188,344.5915222167969,7241621.0
2025-12-15,344.59152587696303,345.8808186139384,340.22770065472,344.2939758300781,8169383.0
2025-12-16,344.2939670145502,346.4758795698046,341.0707049881336,342.60797119140625,8391226.0
2025-12-17,343.5997631859093,347.1205451804212,342.55838339046227,343.5005798339844,7045390.0
2025-12-18,343.5005714139608,344.59152772537345,334.9217413466628,342.955078125,15417506.0
2025-12-19,344.541910371023,351.8810240112735,344.1452072517001,349.74871826171875,74052760.0
2025-12-22,353.31911594275186,357.9804609474071,350.69092365991804,356.1952514648437,10798315.0
2025-12-23,358.0300464354461,363.732741080886,354.7076008930618,360.26153564453125,11885576.0
2025-12-24,361.0053404060707,361.8979299746524,355.6001659225087,356.2448425292969,9212351.0
2025-12-26,356.2448473975807,357.434956749784,351.78186922717595,355.8481140136719,8589856.0
2025-12-29,355.5505969267114,359.8152084373603,354.905950572754,355.6497802734375,10050266.0
2025-12-30,355.6497860061676,360.9557773432055,355.5010261169346,358.7738647460937,13807060.0
2025-12-31,358.7738548847024,365.4683221147556,357.6828986161329,364.3277893066406,10439184.0
2026-01-01,365.8154459971468,367.9477517125298,362.54257721554063,364.526123046875,7214281.0
2026-01-02,366.1625982238953,369.8321401090437,365.5179215703403,367.3031311035156,7077536.0
2026-01-05,367.3031208193331,371.91485901785273,366.0634046226069,370.4767761230469,9591926.0
2026-01-06,368.443636373413,368.443636373413,357.038247898866,365.8650207519531,17493345.0
2026-01-07,364.03025963380026,364.2286263360941,356.2448659661681,360.3607177734375,10682229.0
2026-01-08,360.3110994837254,362.34425218467135,355.05471497202774,356.4927978515625,7353203.0
2026-01-09,355.0547211249978,356.7903238120614,349.3024500401908,351.23638916015625,8018768.0
2026-01-12,350.0462643293675,351.2363736738328,344.7898496918297,347.6659851074219,9771562.0
2026-01-13,347.7651787126374,349.0048948995972,342.75673742392354,346.8725891113281,7527115.0
2026-01-14,346.1287738895152,351.0876388449524,344.244411259751,346.92218017578125,6249594.0
2026-01-15,346.92218017578125,346.92218017578125,346.92218017578125,346.92218017578125,0.0
2026-01-16,346.82300955239594,356.74073896176947,346.7734027454442,350.69091796875,10735620.0
2026-01-19,350.6909176346516,350.6909176346516,335.56638029976585,341.1698913574219,14364958.0
2026-01-20,342.01290622220745,343.7485088763921,333.97953931239385,335.07049560546875,11541904.0
2026-01-21,333.23572218128226,340.87238625454046,333.18614563875195,336.458984375,9873473.0
2026-01-22,341.61618993402186,348.8561200487578,340.27729045622624,344.4427185058594,10714263.0
2026-01-23,344.2444032494236,348.1123117713591,339.33511495117256,341.6162109375,8354700.0
2026-01-27,337.2027974910616,342.1616621600478,333.1365224091913,337.7482604980469,12510469.0
2026-01-28,339.08716148707583,343.74850640280386,334.27705668393264,337.64910888671875,9425163.0
2026-01-29,337.6986788091586,349.7487137177698,332.83899756094803,348.9057006835937,13586977.0
2026-01-30,347.91393468426907,350.0958472553533,345.53368568540964,347.17010498046875,9910289.0
2026-02-02,341.8145418210762,361.5012409697106,338.2937599484136,359.9143981933594,19654613.0
2026-02-03,378.01424490971857,381.435873612996,362.9888911254503,368.9891052246094,16720225.0
2026-02-04,369.4354331545169,374.4934813798672,365.4187647127292,372.3611755371094,10142353.0
2026-02-05,371.9148514287798,372.5099212443674,361.302868894742,371.0718383789063,14013838.0
2026-02-06,361.9971351468676,378.65890898674985,358.0300432548471,366.4601135253906,23116970.0
2026-02-09,367.25351098774,376.7745373535065,366.5592880831945,374.2951049804688,8800284.0
2026-02-10,374.89016544010434,379.3531436001056,373.6504492845484,376.2290649414063,8921719.0
2026-02-11,379.3531521079499,384.1632569526857,378.95644898257655,381.5350646972656,10933658.0
2026-02-12,381.8325850843103,383.7169476327234,377.0224802318946,380.29534912109375,8324442.0
2026-02-13,375.8819573657596,384.3120276496882,371.31979562939046,377.1216735839844,15565868.0
2026-02-16,375.1876812401525,376.4770041881901,372.0140260754214,374.1463317871094,5004467.0
2026-02-17,373.0058193310029,380.4441165912601,370.47678010261,379.7002868652344,7843059.0
2026-02-18,379.7002868652344,382.3284791772234,375.8819548850005,379.7002868652344,4796850.0
2026-02-19,378.8076811282488,383.6177556053292,370.9230742612789,372.6091003417969,6910527.0
2026-02-20,372.609101605779,376.5761933225656,371.4189619841399,374.8901672363281,6324165.0
2026-02-23,375.6835945690148,380.8408261970368,372.9562188605725,376.82415771484375,11701520.0
2026-02-24,373.7496552446164,377.17125388107536,368.5924236188542,374.4438781738281,7213746.0
2026-02-25,374.8901642930196,382.4276445490379,373.0058017956419,378.70849609375,7748663.0
2026-02-26,378.55973527775006,390.0642769246051,376.9728925540953,388.3286743164063,14697484.0
2026-02-27,390.41142532601054,390.8081284624756,377.8159267108183,379.5019226074219,15951041.0
2026-03-02,355.054710869009,375.2868726976286,352.5752785305383,367.5510559082031,11804909.0
2026-03-04,360.1623374289798,360.90616713464334,347.2197126570377,348.3106689453125,17733124.0
2026-03-05,350.1950270177568,354.211695270559,345.08740249057985,352.2281494140625,10574236.0
2026-03-06,351.0876113336934,351.4347379066751,346.47587333981505,347.8643493652344,6929668.0
2026-03-09,339.1863451118929,340.07893470362256,325.9461703239604,329.26861572265625,17240937.0
2026-03-10,335.2192687910743,342.9550859642645,331.50012009886564,342.36004638671875,13770080.0
2026-03-11,341.9633006599363,344.1452132540292,331.8968112823204,332.591064453125,5949596.0
2026-03-12,329.76452074471354,330.26040724207405,320.6898038963189,321.8799133300781,9707654.0
2026-03-13,320.34267314353104,321.4832060193779,305.9619649064375,311.5158996582031,17073811.0
2026-03-16,310.4249394234798,313.8465682745276,304.3751182568131,311.8134155273437,10394023.0
2026-03-17,312.4084855117038,318.3591233309744,310.424939571947,316.5739440917969,7953108.0
2026-03-18,318.3591288859519,327.4834524746454,317.268172546748,322.0782775878906,7533727.0
2026-03-19,315.3838081400339,316.3260045791315,304.97019183352336,306.75537109375,10146164.0
2026-03-20,308.44139736110884,314.2928519008312,308.2430306581314,311.5158996582031,13905760.0
2026-03-23,308.49094869672984,308.49094869672984,301.0030754020622,302.7386779785156,10816349.0
2026-03-24,310.3753425731276,311.6150587037656,302.9866223279224,308.6397399902344,8524890.0
2026-03-25,313.4002591138567,319.59884018810226,312.01178300652754,315.334228515625,7857557.0
2026-03-27,309.92904260765044,310.27616918867267,298.5732303799029,300.70556640625,19009638.0
2026-03-30,294.804502542891,301.0030833364757,291.8787603017159,293.7631530761719,16410266.0
2026-04-01,307.4496291250607,307.4496291250607,299.5650216908947,300.4576416015625,8911554.0
2026-04-02,295.54833358722726,301.7964909490789,292.62259133269686,300.8047180175781,9098035.0
2026-04-06,300.80472700334144,305.56525537665834,297.3831284473572,304.8710021972656,6425909.0
2026-04-07,303.9783963334619,306.8049551748559,299.36665836408605,306.1603088378906,8543428.0
2026-04-08,318.3591238396483,334.22749138305755,316.32600135475263,331.9960021972656,20930060.0
2026-04-09,331.7480474702416,336.40939238135945,327.73137918146523,330.5083312988281,11110200.0
2026-04-10,333.8307951535919,340.9715425359383,332.2439523131228,339.78143310546875,10666149.0
2026-04-13,329.26862711706315,343.9468550144731,329.26862711706315,342.6575622558594,13113105.0
2026-04-15,349.1536580265952,359.12099442208813,346.37670584865685,354.9555358886719,12495093.0
2026-04-16,357.038254809024,357.038254809024,351.1868005751777,353.3686828613281,6871023.0
2026-04-17,349.1536606342842,358.3771673795901,349.1040840925792,357.137451171875,7314044.0
2026-04-20,354.3604636329952,356.83989601292524,349.599965570133,352.7736511230469,7216605.0
2026-04-21,351.08762232219823,355.94730369652024,350.5421593093744,352.97198486328125,5922373.0
2026-04-22,352.5257060683905,364.92286790415454,350.49255336742016,358.873046875,14994313.0
2026-04-23,356.9886880521628,358.22840424866774,347.1205350213801,349.05450439453125,11374109.0
2026-04-24,350.7405033499433,352.922415981606,344.64110566273905,347.6164245605469,5722477.0
2026-04-27,348.1123079582281,353.86457900307107,347.36847824036863,351.43475341796875,9713765.0
2026-04-28,351.4347525790563,353.07117190113905,346.4758878051639,347.9139404296875,7247106.0
2026-04-29,348.11231368227493,360.65823574316335,348.11231368227493,349.79833984375,10581537.0
2026-04-30,349.1040910800748,349.1040910800748,334.72338278274214,338.74005126953125,12670807.0
2026-05-01,338.74005126953125,338.74005126953125,338.74005126953125,338.74005126953125,0.0
2026-05-04,335.6159535775589,343.0542505551932,335.21925045872,340.2276916503906,7734863.0
2026-05-05,339.08716516049765,341.16989440639657,336.21102966211754,337.3515625,6084755.0
2026-05-06,342.5087795866235,355.99689717909735,340.8227535376241,355.2034606933594,11036464.0
2026-05-07,357.2366300063077,358.4763461983528,354.11252098914724,356.29443359375,6975162.0
2026-05-08,353.07115879906445,354.509241636731,350.79009319432515,352.52569580078125,4615800.0
2026-05-11,349.40159989184986,349.40159989184986,342.360036125525,343.1534423828125,4283236.0
2026-05-12,341.021146232037,342.85593230375,333.2357222627744,334.0787353515625,5758949.0
2026-05-13,332.2439492798495,339.58306330019207,331.2521762969246,334.0787353515625,5692558.0
2026-05-14,337.2523664086617,337.79785966982587,330.9050258291218,335.96307373046875,7975089.0
2026-05-15,349.10408330430363,363.9311012217008,349.10408330430363,353.6166381835937,51689818.0
2026-05-18,351.8810176428297,355.30264630139305,348.21147602237085,350.2445983886719,10409685.0
2026-05-19,349.9966600957266,362.7905248084281,349.9966600957266,358.2283935546875,15119605.0
2026-05-20,355.6993688495488,361.9971332484051,353.1703598882526,358.2779846191406,9875276.0
2026-05-21,361.0053590504697,362.9889049793184,356.04649422834785,358.3771667480469,10834385.0
2026-05-22,361.50125064535416,362.6417835172708,358.7738749546142,360.3607177734375,6934910.0
2026-05-25,363.1376661287954,371.22060976355607,363.1376661287954,370.1792602539063,10356089.0
2026-05-26,370.6751277033204,384.1136386211455,368.7411584087001,382.4276428222656,21346890.0
2026-05-27,382.6259831302344,400.6762625082487,380.54328419673936,397.6513671875,16294686.0
2026-05-28,397.6513671875,397.6513671875,397.6513671875,397.6513671875,0.0
2026-05-29,397.6513803191249,404.6433675787722,387.48570748166793,390.6593627929688,31210075.0
2026-06-01,391.7503111817787,395.5686430529281,380.6920489574175,381.7333984375,8626860.0
2026-06-02,376.4770080790993,388.6758029401393,374.1959121935378,386.9898071289063,12789321.0
2026-06-03,388.82456866664006,396.5108089446471,381.6838216650417,394.8743896484375,8638483.0
2026-06-04,392.9404463617246,397.8993110040154,387.783215027139,396.4116516113281,12067304.0
2026-06-05,397.7009376215467,399.7340599840814,390.3618241277174,394.5272521972656,9554051.0
2026-06-08,388.7750015062661,389.6675911196878,383.8161366911351,385.7996826171875,7585986.0
2026-06-09,390.7089552800064,392.1966146651063,383.6177546644907,384.6095275878906,8550946.0
2026-06-10,384.8079199603224,385.6013262453892,376.87373604361466,377.8655090332031,7251442.0
2026-06-11,371.9148445085123,375.28686637875467,369.286652327287,372.8074340820313,6508792.0
2026-06-12,377.1216567993165,389.7171851224911,375.881940636268,386.79144287109375,7787586.0
2026-06-15,394.9240034271085,404.4449995973191,391.9982610985173,393.1387939453125,11097635.0
2026-06-16,395.02316172147215,395.370288314166,384.3616022972898,390.3618469238281,6432360.0
2026-06-17,392.246213055723,392.3453964068898,352.07940742043405,357.98046875,51987488.0
2026-06-18,360.9061641968756,363.2368366422847,356.19524276602004,361.6499938964844,22656468.0
2026-06-19,363.75,363.75,356.5,359.5,11928855.0
2026-06-22,362.0,370.5,360.0,361.5,15447905.0
2026-06-23,361.5,361.8999938964844,350.1000061035156,354.54998779296875,16257406.0
2026-06-24,355.0,356.79998779296875,348.0,349.70001220703125,12569135.0
2026-06-25,352.29998779296875,360.5,351.0,353.20001220703125,15424509.0
2026-06-26,353.20001220703125,353.20001220703125,353.20001220703125,353.20001220703125,0.0
2026-06-29,350.0,354.45001220703125,343.3999938964844,345.04998779296875,11882122.0
2026-06-30,348.0,356.3999938964844,343.29998779296875,352.20001220703125,17609242.0
2026-07-01,353.5,354.6000061035156,346.5,347.79998779296875,12059086.0
2026-07-02,351.1499938964844,351.25,345.0,345.95001220703125,10423984.0
2026-07-03,346.5,347.54998779296875,341.0,344.1000061035156,12651872.0
2026-07-06,345.5,348.6499938964844,341.6000061035156,347.04998779296875,4980867.0
2026-07-07,348.79998779296875,348.79998779296875,341.70001220703125,342.29998779296875,7428187.0
2026-07-08,340.95001220703125,341.3999938964844,330.75,332.04998779296875,10789766.0
2026-07-09,332.8999938964844,334.6000061035156,330.0,331.5,11549474.0
2026-07-10,334.54998779296875,340.25,333.6499938964844,337.95001220703125,19331002.0
2026-07-13,339.3500061035156,344.0,334.3999938964844,342.25,8402444.0
2026-07-14,340.04998779296875,340.75,332.54998779296875,333.3500061035156,8043834.0
2026-07-15,335.0,335.1000061035156,330.79998779296875,333.0,7144390.0
2026-07-16,334.6499938964844,339.20001220703125,331.29998779296875,331.79998779296875,8194443.0
2026-07-17,332.1000061035156,336.79998779296875,330.20001220703125,335.6000061035156,7785825.0
2026-07-20,335.5,337.6000061035156,332.45001220703125,336.45001220703125,7562963.0
2026-07-21,336.1000061035156,337.6499938964844,331.79998779296875,333.79998779296875,5847490.0
2026-07-22,333.79998779296875,334.6000061035156,327.1000061035156,327.70001220703125,8609616.0
2026-07-23,326.95001220703125,328.5,323.79998779296875,324.29998779296875,6985396.0
2026-07-24,321.0,325.75,318.25,323.79998779296875,7171058.0
2026-07-27,326.75,329.04998779296875,326.1000061035156,327.6499938964844,4777294.0
2026-07-28,327.0,327.3500061035156,322.79998779296875,324.3999938964844,6650930.0
2026-07-29,326.0,330.5,325.3500061035156,329.79998779296875,7220810.0
2026-07-30,328.20001220703125,335.0,328.04998779296875,334.20001220703125,6078600.0
2026-07-31,335.54998779296875,341.95001220703125,334.5,339.75,8527463.0
2026-08-03,344.5,350.45001220703125,343.5,349.29998779296875,12027810.0
2026-08-04,348.95001220703125,349.54998779296875,345.0,348.54998779296875,8003110.0
2026-08-05,349.0,353.20001220703125,346.3999938964844,349.79998779296875,7110154.0
2026-08-06,349.0,349.0,343.0,345.3500061035156,5218339.0
2026-08-07,345.0,349.79998779296875,343.6499938964844,347.0,4274035.0
2026-08-10,347.0,351.3999938964844,344.6000061035156,347.1000061035156,5233700.0
2026-08-11,345.5,348.70001220703125,344.25,347.6000061035156,4864857.0
2026-08-12,348.3999938964844,351.25,334.20001220703125,343.0,22384343.0
2026-08-13,343.5,351.54998779296875,342.45001220703125,349.6000061035156,9528820.0
2026-08-14,329.0,337.75,329.0,334.5,31933028.0
2026-08-17,334.0,334.20001220703125,329.04998779296875,330.20001220703125,7337847.0
2026-08-18,330.5,331.70001220703125,322.79998779296875,322.79998779296875,9865820.0
2026-08-19,323.8500061035156,324.0,320.20001220703125,321.29998779296875,5659002.0
2026-08-20,323.3999938964844,324.54998779296875,318.45001220703125,320.25,10475953.0
2026-08-21,321.5,322.3999938964844,316.8999938964844,317.8999938964844,10824328.0
2026-08-24,318.79998779296875,319.6499938964844,312.6000061035156,314.3999938964844,8545165.0
2026-08-25,314.8999938964844,314.8999938964844,310.54998779296875,314.25,10984458.0
2026-08-26,316.0,316.3999938964844,313.1000061035156,313.1000061035156,5791487.0
2026-08-27,315.0,319.6000061035156,314.1499938964844,316.0,8028070.0
2026-08-28,317.5,319.3999938964844,313.29998779296875,319.3999938964844,5852894.0
2026-08-31,318.3999938964844,318.8999938964844,308.8500061035156,308.8500061035156,9986158.0
2026-09-01,317.20001220703125,317.29998779296875,308.95001220703125,310.0,8951324.0
2026-09-02,307.70001220703125,312.95001220703125,305.6499938964844,312.75,6667459.0
2026-09-03,314.0,314.25,309.6000061035156,312.0,5195643.0
2026-09-04,312.0,315.5,310.6499938964844,311.5,4010174.0
2026-09-07,311.5,312.0,307.0,307.0,6493351.0
2026-09-08,306.1000061035156,306.6499938964844,302.45001220703125,306.45001220703125,6921996.0
2026-09-09,306.45001220703125,306.45001220703125,300.79998779296875,303.0,6971556.0
2026-09-10,303.0,304.0,300.04998779296875,300.5,7512877.0
2026-09-11,299.75,304.3999938964844,296.5,301.1000061035156,7683193.0
2026-09-14,301.1000061035156,301.1000061035156,301.1000061035156,301.1000061035156,0.0
2026-09-15,320.0,320.1499938964844,303.5,303.6000061035156,19003987.0
2026-09-16,304.25,306.0,299.29998779296875,301.0,12264774.0
2026-09-17,301.0,319.79998779296875,299.75,314.5,11903808.0
2026-09-18,309.6000061035156,310.0,301.5,303.79998779296875,18037112.0
2026-09-21,303.79998779296875,303.79998779296875,299.1000061035156,301.6499938964844,8488497.0
2026-09-22,302.1000061035156,302.79998779296875,298.5,300.04998779296875,6935097.0
2026-09-23,300.1000061035156,302.6499938964844,298.70001220703125,300.5,4683895.0
2026-09-24,299.79998779296875,300.95001220703125,295.0,295.0,9126313.0
2026-09-25,297.0,297.7,288.0,290.45,22634929.0
