Date,Open,High,Low,Close,Volume
2021-09-23,761.8087411557364,819.6245831184484,753.4035572146096,805.6807861328125,15131123.0
2021-09-24,811.3165152085601,829.0985166547366,794.6033542272615,804.271728515625,4833080.0
2021-09-27,806.6037784629139,810.7821132832375,783.2831047459372,798.3930053710938,2415356.0
2021-09-28,796.7896179935136,821.907901130417,791.1052279784033,803.5429077148438,2897964.0
2021-09-29,795.8180294961063,811.6566426416631,793.9232128024641,803.7373657226562,1606839.0
2021-09-30,802.6198550638576,841.4390717798465,802.6198550638576,828.9527587890625,7981474.0
2021-10-01,830.799077971625,844.8400800982687,816.3208013108557,840.6618041992188,3601848.0
2021-10-04,844.3541209400928,847.9007710085269,834.2970452163638,842.2649536132812,2235401.0
2021-10-05,840.5159371385257,861.55315165813,838.5725476884945,857.3748168945312,3159781.0
2021-10-06,864.5653421797106,864.5653421797106,835.6574254279866,848.9210815429688,2535979.0
2021-10-07,854.0225415033003,890.0238202138247,853.1479925032304,877.1488647460938,3629362.0
2021-10-08,881.8129094014903,899.303413389619,875.4968940724438,888.468994140625,2406100.0
2021-10-11,884.242230264703,892.5987814650671,867.7234193696481,870.4441528320312,1477775.0
2021-10-12,874.5252173758374,892.4529961935494,866.9945835595455,880.2582397460938,2944902.0
2021-10-13,887.1572849557349,893.7647972319039,872.1445895755347,875.4969482421875,2176597.0
2021-10-14,880.0640151441922,884.1451452720006,860.2899898646195,863.447998046875,1085377.0
2021-10-18,877.7319161157632,877.7319161157632,855.0914387468166,858.4923706054688,1839400.0
2021-10-19,859.0753441805776,863.7395266406802,828.4183852725372,833.033935546875,3110777.0
2021-10-20,834.6857359008278,838.5725146477466,812.6768275233849,815.3004150390625,3355223.0
2021-10-21,823.025469296863,826.6693246804086,805.3891855174847,813.2599487304688,2284108.0
2021-10-22,817.0981278052644,828.1754122190013,802.6684253809004,810.2962646484375,1742596.0
2021-10-25,813.5514465509523,813.5514465509523,788.2388096424968,802.911376953125,1361068.0
2021-10-26,807.6726197709231,821.0334214537365,803.3485666375236,810.8306274414062,1489536.0
2021-10-27,815.2518793421615,872.2417990406454,811.0736038601995,857.9093017578125,4033672.0
2021-10-28,893.9590396004688,918.008481154938,851.9818206620707,867.2860107421875,16133086.0
2021-10-29,873.4564112083569,936.1307209122224,856.548899286159,920.5349731445312,9686157.0
2021-11-01,937.6368681195742,963.7268486356676,916.551080020126,946.0419921875,6129953.0
2021-11-02,945.9448366819058,960.374479959122,938.1712787019826,947.5481567382812,2146825.0
2021-11-03,952.2607902051418,966.0588665777848,931.709423918006,934.867431640625,3200769.0
2021-11-04,947.4023138963894,952.2607873009864,942.5438404917924,948.568359375,481222.0
2021-11-08,954.5929248036628,983.3550650382888,940.2117953788104,970.7716064453124,3214798.0
2021-11-09,970.7230616522525,991.080078660522,965.038671050278,976.0673828125,2937600.0
2021-11-10,973.638107747899,976.8446884568184,939.6287926070042,943.0297241210938,1852255.0
2021-11-11,945.847689900195,947.4023777714704,917.0369169454616,923.9845581054688,1898483.0
2021-11-12,926.9967806596612,938.6571175233046,923.1100017051132,931.466552734375,1530182.0
2021-11-15,931.8552390989272,935.2561706284852,908.9232673654938,910.4293823242188,1693756.0
2021-11-16,909.9921341857108,922.9156625107164,904.259111432587,908.7289428710938,1519795.0
2021-11-17,906.1053719551618,917.9600599966734,899.7893559576191,902.0728149414062,1289262.0
2021-11-18,906.5912104597428,924.0817161277764,874.8167799679736,894.0077514648438,3476119.0
2021-11-22,921.16660895656,921.16660895656,879.4323082188026,893.9105834960938,3460459.0
2021-11-23,890.509658294279,911.1581715647208,884.2422153459779,904.5506591796876,1469479.0
2021-11-24,904.6477792375474,930.9806822785896,904.4048555589122,911.6925659179688,2847579.0
2021-11-25,917.2797725723864,920.1462837231824,902.4128559165656,915.6764526367188,1341040.0
2021-11-26,903.6760680928234,911.2552748669332,856.3545244935518,860.6300048828125,3412104.0
2021-11-29,857.0348134227702,874.5253198191532,837.600917426789,864.905517578125,2598008.0
2021-11-30,863.4479254591251,879.1893921673029,851.6904427843201,857.9578857421875,3194347.0
2021-12-01,864.8082338280925,872.5817909860978,844.5484242080548,849.3096923828125,1543968.0
2021-12-02,853.0021928817771,864.7111617951298,843.285245605992,862.8163452148438,878830.0
2021-12-03,871.4158829023344,880.3554869045962,865.2942175370231,869.8126220703125,1865863.0
2021-12-06,872.5818752828886,876.2743034281456,850.3300420454203,853.5366821289062,1370051.0
2021-12-07,858.0063713849705,879.0921570392903,855.7229126926336,870.7841796875,1137208.0
2021-12-08,873.5535624125766,892.9874570157485,873.5535624125766,890.2667236328125,1661995.0
2021-12-09,893.910615773836,905.619525894113,886.18563048866,903.6275634765624,1651425.0
2021-12-10,903.3845501120416,908.1944506089584,895.4652147973934,899.1090698242188,1353888.0
2021-12-13,905.1336811057988,910.5751481119204,891.5299542829526,894.833740234375,901611.0
2021-12-14,888.3719502684559,912.3242502552054,884.242247464364,900.0322875976562,1280644.0
2021-12-15,903.238810089144,903.238810089144,889.9752128194622,895.9025268554688,455752.0
2021-12-16,899.8379100132291,906.2511309380412,892.0157791490836,896.291259765625,813792.0
2021-12-17,895.9997265085094,899.7407869692862,853.3423615560388,857.8121337890625,1945227.0
2021-12-20,848.289460369277,848.289460369277,824.4829405765539,838.32958984375,1479264.0
2021-12-21,838.864008590987,876.8086741286108,838.864008590987,863.6907958984375,1687523.0
2021-12-22,863.6909129800639,880.3069299086001,863.6909129800639,878.169189453125,802240.0
2021-12-23,882.2988625177658,883.8535504467623,872.4847689374465,878.557861328125,878774.0
2021-12-24,883.3191414200253,883.3191414200253,859.2211223686227,861.2616577148438,594280.0
2021-12-27,853.2451487970926,863.9824233884935,846.8805599525234,859.0753173828125,762754.0
2021-12-28,862.6706228511814,877.44039552327,861.7961331245547,874.1852416992188,762782.0
2021-12-29,870.7355538133659,877.2459198423695,862.5247814511331,866.4115600585938,495351.0
2021-12-30,864.8083945253263,868.209326413909,855.1885920317454,863.447998046875,1067763.0
2021-12-31,863.8365316457348,879.4322186963923,863.8365316457348,872.82470703125,1288352.0
2022-01-03,867.0432822004058,885.165414445507,867.0432822004058,875.1083374023438,701976.0
2022-01-04,879.4808780485624,890.0723743484319,868.1120971322836,884.582275390625,851040.0
2022-01-05,892.0157741123651,892.2586977981256,869.7639407736918,873.7479248046875,1264377.0
2022-01-06,869.6667568345558,873.7478864376334,859.1238930585153,871.5130004882812,1042611.0
2022-01-07,873.4564018313625,877.2459756301107,858.5408523921691,860.4356689453125,630249.0
2022-01-10,860.8729079980866,874.4766334294452,859.9012133244181,871.415771484375,667948.0
2022-01-11,873.0676766228156,874.1365170559334,852.1762408438613,856.4517211914062,934861.0
2022-01-12,861.6988967188789,890.1209682975622,856.3060026910986,888.8092041015625,1883589.0
2022-01-13,890.1208945632114,923.692933699984,884.4365044413653,915.6764526367188,4088111.0
2022-01-14,913.1986408142624,930.8834957048174,905.7165799789276,917.47412109375,1892243.0
2022-01-17,919.2231481579996,930.8834840754372,911.0123164212968,919.757568359375,1597608.0
2022-01-18,920.1949129852388,929.4260129571076,887.5945665250416,891.5784912109375,1587776.0
2022-01-19,895.3195832389202,907.805837288618,881.0842311602404,897.40869140625,1132268.0
2022-01-20,903.6761250543262,904.5020418757142,876.6630226400171,884.6795043945312,2049119.0
2022-01-21,884.2421768884775,895.1251693886126,864.9540608189253,873.8450317382812,1141509.0
2022-01-24,870.638515307562,873.845096192164,822.6854020546546,831.1390991210938,1910110.0
2022-01-25,825.9405305032424,857.4234638595586,807.9641777805248,850.184326171875,2057540.0
2022-01-27,850.0385916981435,850.0385916981435,799.996309938516,818.26416015625,3179684.0
2022-01-28,827.8839159104825,850.6215964789274,821.8108238043317,830.7504272460938,2246342.0
2022-01-31,840.515946420377,856.1602079428732,832.3051140418144,841.8763427734375,1556154.0
2022-02-01,845.4715787940837,861.0673269876161,838.1838681644109,855.9172973632812,1326673.0
2022-02-02,862.864955388705,873.0677504693147,859.9498710799593,861.9418334960938,759682.0
2022-02-03,866.557349970391,871.4643965045448,856.0630587283057,862.5734252929688,969604.0
2022-02-04,861.0186435668173,868.597909616685,851.54462031202,860.0955810546875,548582.0
2022-02-07,860.0955931120491,862.9620450499621,827.9810356187863,831.6735229492188,1952437.0
2022-02-08,831.7707042044642,841.4390788076013,819.3815961687084,823.8027954101562,1534006.0
2022-02-09,824.240101195092,841.4391107473206,824.240101195092,830.4103393554688,1010236.0
2022-02-10,834.3942828118339,840.4673749201833,819.721656693538,836.96923828125,820059.0
2022-02-11,837.6008018789257,837.6008018789257,816.8551444881174,820.4017944335938,1515571.0
2022-02-14,806.5066179185601,811.1707407148946,785.1779069446277,790.57080078125,1479218.0
2022-02-15,796.7897207239452,829.8273432905477,793.194438171365,827.5438842773438,2366674.0
2022-02-16,828.8555785737763,839.3498694656062,822.6367087747094,825.6975708007812,1116311.0
2022-02-17,832.4508157916215,837.552212687423,822.6852964525942,827.0579223632812,977599.0
2022-02-18,822.2481406095816,825.2603707262227,810.3934523468362,812.2882690429688,1443436.0
2022-02-21,812.2882608673452,820.4990935962493,800.4821456012683,815.1061401367188,1174568.0
2022-02-22,802.6683512875491,817.7781911867925,798.8301455704175,815.1546630859375,1813004.0
2022-02-23,821.8594309367528,844.4027616359531,816.3693910284785,832.450927734375,1847750.0
2022-02-24,816.3207826782048,834.8801890546172,805.9236957015606,820.6448364257812,5468778.0
2022-02-25,829.0984277994074,872.5817616921979,829.0984277994074,855.1398315429688,3874313.0
2022-02-28,855.091329663754,868.69505536295,841.147534545093,860.0955810546875,2748107.0
2022-03-02,855.1399121671278,867.7233704421014,845.3743922560227,858.5894165039062,2254261.0
2022-03-03,865.7799994319397,868.3063819923393,846.8319523063249,851.933349609375,3579885.0
2022-03-04,845.3258853505133,850.9131303330546,799.5104527706578,802.425537109375,2153794.0
2022-03-07,787.0727948588709,791.5425672548048,743.540879301025,753.0634765625,2749718.0
2022-03-08,750.1483261856221,769.0478004102263,744.41530359668,766.7642822265625,2322268.0
2022-03-09,768.5133862246462,798.7330686260464,760.6426233215445,793.9717407226562,1993280.0
2022-03-10,805.5349046765022,836.337638465929,801.793903812057,822.588134765625,2544833.0
2022-03-11,815.2518450981643,831.7706548319768,814.5716469534998,827.7380981445312,1025573.0
2022-03-14,830.798989011102,838.5239739283271,823.9971259431749,830.7018432617188,1081248.0
2022-03-15,830.6046116626969,841.3904583388417,826.9121836910365,833.9569702148438,1356249.0
2022-03-16,842.4593789379765,864.2739387316161,841.4876841525809,852.4192504882812,1966583.0
2022-03-17,864.0795130024366,895.9025144652759,860.6785815483927,893.5218505859375,3898848.0
2022-03-21,896.4368850786823,908.4373495583428,876.4685719365352,879.3350830078125,2156745.0
2022-03-22,878.8979327193598,892.2101631306255,861.1159300217039,890.2182006835938,1029613.0
2022-03-23,891.044040636818,899.7407200705169,875.7398490991626,878.5091552734375,1478958.0
2022-03-24,874.5252927945428,890.0238362339101,870.6870865924361,880.06396484375,1445436.0
2022-03-25,880.3554347052141,884.2422136663849,858.2008064880479,862.0875854492188,1549820.0
2022-03-28,864.7111922331022,866.5573766959637,844.1598242983896,847.4149780273438,1924067.0
2022-03-29,850.2814327226731,853.1479439402441,833.7140500008308,835.2687377929688,1498901.0
2022-03-30,840.5158848804494,858.6865869700079,837.1635264260665,855.334228515625,2257862.0
2022-03-31,861.698902072014,864.8083371682848,852.7592984105639,863.2050170898438,1101499.0
2022-04-01,863.8366118635131,879.1408038059769,857.3262453344174,873.9422607421875,1377931.0
2022-04-04,882.1044844644989,891.6270811775609,877.2460107019631,883.36767578125,1032230.0
2022-04-05,887.1573730673542,911.1096741683684,885.1168376628352,902.0242919921876,1108730.0
2022-04-06,903.6760978784456,917.2798240830674,897.3600821405856,902.1699829101562,1523973.0
2022-04-07,906.4940466459716,906.4940466459716,875.1568912817681,877.1002807617188,1240662.0
2022-04-08,872.5818562500718,888.2747496595447,872.5818562500718,877.5374755859375,1295505.0
2022-04-11,877.3917826915313,891.6270751347602,873.9422782050173,884.6309204101562,793267.0
2022-04-12,881.4242587317817,890.1695112310576,866.946042956393,874.9625244140625,995964.0
2022-04-13,880.3554554450193,886.1856240241253,866.120103441352,868.6465454101562,1138781.0
2022-04-18,860.9215935343615,873.5536259451366,842.3136143754714,861.796142578125,1534952.0
2022-04-19,866.7517177950378,878.4120548057334,826.3778127570125,834.685791015625,994050.0
2022-04-20,838.3782421977786,848.4838916071848,833.8598970667551,838.6697387695312,978103.0
2022-04-21,848.2895550049248,856.0631133554854,841.4876914481843,846.491943359375,960928.0
2022-04-22,846.3461004714795,859.5611249303378,841.5847726241122,847.5121459960938,1338384.0
2022-04-25,841.487580541937,842.4592752076898,816.6607936934597,820.4017944335938,1009053.0
2022-04-26,830.7989872799183,847.1720196220098,826.7664304607486,845.7144775390625,1301427.0
2022-04-27,843.2365985383053,849.7955373723671,831.0904155122652,840.7587890625,878716.0
2022-04-28,847.9008279262267,847.9008279262267,830.9448017288046,838.6211547851562,858615.0
2022-04-29,841.4877423916671,857.5207074603305,835.8519241078282,838.4268798828125,1524361.0
2022-05-02,833.2281605802474,833.6654350333124,811.4621767441168,822.1508178710938,834125.0
2022-05-04,830.0216695917027,834.588646790757,798.4901630060726,802.328369140625,715713.0
2022-05-05,810.3934259884995,818.8957550980912,790.9595308808617,794.3118896484375,995021.0
2022-05-06,785.1292910349408,797.2269015021226,775.5094901074143,794.2632446289062,1177251.0
2022-05-09,789.0160878363498,789.0160878363498,769.8251177196406,778.0359497070312,962919.0
2022-05-10,777.1613573107858,796.3523263544877,771.5741131588219,784.0604248046875,1272079.0
2022-05-11,781.4855015711752,796.5467701746607,771.3312795866719,787.55859375,1041950.0
2022-05-12,782.1170924273839,784.6920478132506,759.0879160382411,769.2907104492188,932166.0
2022-05-13,780.853829802551,822.0051355423841,777.5986763113914,799.2674560546875,2148295.0
2022-05-16,794.4089998747945,796.7410909064358,775.6067309220134,787.947265625,1147390.0
2022-05-17,792.9029196942956,812.5311655972558,790.0364083069318,810.1019287109375,735774.0
2022-05-18,809.6161189930764,825.9405797669617,809.3731952931449,813.8915405273438,1065578.0
2022-05-19,784.2062239711913,801.5995834496193,768.6105353369247,773.274658203125,1455374.0
2022-05-20,787.0726895255098,788.8703009575843,769.7279632386103,776.189697265625,1343721.0
2022-05-23,777.3557853627601,779.9793729998673,758.8935854603945,761.6143188476562,1365475.0
2022-05-24,757.9219157295709,770.1166731531986,746.8932038839586,751.3629760742188,1035665.0
2022-05-25,751.3629188262663,759.9623931072766,721.1918105719567,724.9813842773438,1187130.0
2022-05-26,725.3700524979688,743.3464034306044,708.1710454198322,735.9615478515625,1665004.0
2022-05-27,745.2898880407424,765.1610579341063,743.0064290559421,755.7841796875,1650821.0
2022-05-30,776.3840812096602,807.2839614413527,758.4563017657765,799.3646850585938,3971701.0
2022-05-31,787.0728002949957,802.474139392565,782.5543956813954,786.4898071289062,1981144.0
2022-06-01,789.6962858384622,797.7613398979696,769.4850481629687,778.8132934570312,1025708.0
2022-06-02,779.2992136299307,805.534972692285,778.8619391173829,800.870849609375,2027812.0
2022-06-03,801.6481515850868,808.2556638820984,782.214257001206,783.8661499023438,1141204.0
2022-06-06,782.214293329829,783.7689812457286,771.0398034251173,779.8822021484375,428231.0
2022-06-07,777.3557632067614,779.1533746861618,760.8855261123105,767.7359619140625,655873.0
2022-06-08,771.5255553819592,771.5255553819592,746.94169249389,749.7109985351562,1133798.0
2022-06-09,753.9379436066253,770.9426009051988,750.1483105427851,763.8491821289062,1634604.0
2022-06-10,758.8449862660937,766.4241930490009,750.6341542064699,764.0921020507812,829213.0
2022-06-13,752.0916919825919,761.6142881074273,743.395012623353,758.1162109375,894632.0
2022-06-14,756.9502280741368,762.2945493249812,741.840386217349,746.2130126953125,832945.0
2022-06-15,749.1766048483779,757.873284172133,739.556803709022,746.4558715820312,754798.0
2022-06-16,755.0068427639841,755.0068427639841,718.7140665163,726.2932739257812,1406780.0
2022-06-17,719.0541330365526,726.2932709671452,691.8466793540883,711.5234985351562,3085598.0
2022-06-20,714.1956224903485,729.7427380819752,703.6041262705371,717.0621337890625,785017.0
2022-06-21,719.1512599465266,735.5729249261504,719.1512599465266,732.4149169921875,615510.0
2022-06-22,731.6861138514623,733.6295032640825,715.2644495918073,727.362060546875,1087362.0
2022-06-23,720.0257598646313,735.6214476601108,720.0257598646313,732.4634399414062,426649.0
2022-06-24,733.7266517155263,744.9497730607958,729.2083068990571,739.7997436523438,716566.0
2022-06-27,749.1767081285753,752.6747857664689,738.7795616665788,748.4479370117188,795387.0
2022-06-28,743.3465312099984,752.577631924371,731.2003460595082,750.4884643554688,1000883.0
2022-06-29,739.4597023104886,748.6422295292032,720.1715853096373,724.641357421875,1960095.0
2022-06-30,726.536146754706,743.2493076334172,722.2606663063596,738.2450561523438,1328305.0
2022-07-01,738.9738297835627,769.0963659088625,732.7063870185652,766.4727783203125,2124003.0
2022-07-04,767.6388785009563,778.0845974172668,763.6063214288519,775.5095825195312,801738.0
2022-07-05,776.5784242178157,782.11709592721,767.930317574416,770.6024780273438,828031.0
2022-07-06,771.5256305816506,789.2590597480424,769.5336682080298,786.78125,810926.0
2022-07-07,792.9028470092024,793.6801908800572,782.6029072784207,791.93115234375,811550.0
2022-07-08,794.8462625572686,795.8179572547713,784.157620884738,791.008056640625,417876.0
2022-07-11,787.072731857783,801.1623054527679,786.0524642520678,793.9717407226562,854397.0
2022-07-12,791.9311325325239,794.797643585406,785.6636902356369,788.4816284179688,410581.0
2022-07-13,792.9028485241711,794.8462378587892,782.2142071837717,783.9146728515625,959665.0
2022-07-14,787.0241170442644,808.3528271078353,784.9835226340324,801.5509643554688,1723421.0
2022-07-15,806.4094025659523,810.393326852646,797.7127237076455,800.6278076171875,672847.0
2022-07-18,803.542954816348,810.4419635559716,800.8707943554667,807.6240844726562,568407.0
2022-07-19,805.535025784103,810.6364237157877,794.5548859069388,798.247314453125,788414.0
2022-07-20,805.4377278715518,805.4377278715518,789.987759045435,793.728759765625,793719.0
2022-07-21,796.6438858384303,826.0376508737827,791.688266530692,819.52734375,1788878.0
2022-07-22,823.4142487797675,824.8231588819147,810.5392918739356,820.0618896484375,734646.0
2022-07-25,820.1102779182318,845.3743386123953,814.8631031279687,840.7587890625,1201643.0
2022-07-26,843.3339306320379,843.8683509041851,822.0537910416308,826.2806396484375,1018445.0
2022-07-27,811.3651121548866,813.6972032661324,762.8775206515962,770.456787109375,6620183.0
2022-07-28,777.3557349120457,777.3557349120457,754.9096117894748,758.553466796875,3417970.0
2022-07-29,762.7803021921885,769.8736612937427,754.3265468541566,756.9501342773438,1544031.0
2022-08-01,759.8653051403985,772.9831844490883,751.7516775872997,771.039794921875,1559712.0
2022-08-02,771.0397822238928,773.4690190929031,759.2822995008988,763.2176513671875,1201738.0
2022-08-03,763.2176991724967,763.2176991724967,743.3465284778225,753.0634765625,1989560.0
2022-08-04,760.837036911674,771.5256798312505,752.0917836138386,763.9464721679688,1086913.0
2022-08-05,766.6670906663472,775.0236410621296,761.0312734709914,764.2378540039062,1383706.0
2022-08-08,767.5416836448975,767.5416836448975,755.8327148138065,758.99072265625,917828.0
2022-08-10,760.7397583022411,761.7600258139723,749.0794226080901,754.3265380859375,1071170.0
2022-08-11,757.9219106138032,769.5822477001694,755.5412465971618,762.7318115234375,1861706.0
2022-08-12,762.7317738134805,775.4123779064581,757.0959563618836,765.9383544921875,815515.0
2022-08-16,772.4973358475089,791.4453837079195,765.6954725130025,788.384521484375,2092015.0
2022-08-17,789.987764522244,792.6113519854855,774.732146383985,783.9146728515625,2071513.0
2022-08-18,781.2425729798068,792.7085590799427,775.5095502759686,785.4694213867188,1046049.0
2022-08-19,789.9878033724698,790.6680015345443,765.0152373330131,769.5822143554688,1450973.0
2022-08-22,767.5416589525265,772.4972781459194,748.3992617080321,751.8973388671875,1540261.0
2022-08-23,745.2898945674737,752.869101972753,739.3139479610277,745.9700927734375,2714460.0
2022-08-24,755.9784995437311,766.181294203383,741.7431480336771,753.8407592773438,3988498.0
2022-08-25,762.5859845091488,809.9075280006906,759.9138240988286,792.8057250976562,9101610.0
2022-08-26,793.631659751131,800.142026213597,775.9468040482145,787.704345703125,2592769.0
2022-08-29,767.6388316738478,785.8581077420562,763.7520527792966,779.4449462890625,1315318.0
2022-08-30,791.0566745218986,796.2552770338403,780.6595881130971,788.870361328125,2451106.0
2022-09-01,789.7448532481252,796.6924939514219,781.2425247757523,787.0726928710938,1351115.0
2022-09-02,790.8623669043862,811.073605489091,783.7203750323786,800.9679565429688,2959818.0
2022-09-05,805.0489885149811,807.7211487061896,787.5099125760104,795.380615234375,1683307.0
2022-09-06,802.279740643727,802.5712371878107,788.2387405795862,794.0689086914062,967650.0
2022-09-07,793.4372538044603,795.0405736983747,779.8335287180314,783.3316650390625,1590828.0
2022-09-08,789.6962745710721,792.9028551384336,775.7038475220852,778.7647094726562,811942.0
2022-09-09,786.4897038086294,792.3684448066698,779.5906359426544,785.2750854492188,998822.0
2022-09-12,788.5302132750587,818.7498933510026,785.2750599007574,814.6688232421875,2705885.0
2022-09-13,820.0618268993675,823.2684078331962,811.3651466989894,813.8429565429688,1931057.0
2022-09-14,803.5915426800575,841.4876371958038,798.7330690241926,828.6612548828125,2832665.0
2022-09-15,833.7140307282849,838.5725041008274,809.956084075045,829.4871826171875,2028845.0
2022-09-16,833.7140679448535,851.2045728667734,801.6481422546668,814.3773193359375,5451840.0
2022-09-19,814.2316449927127,833.908464099947,805.1948954864544,827.2523193359375,2216082.0
2022-09-20,838.4753478125693,856.0629974769939,827.7380743482427,846.0059814453125,3018580.0
2022-09-21,850.2329143159121,867.1889997257778,841.8277309256582,848.435302734375,3949758.0
2022-09-22,847.2692271285889,859.706907744194,831.3334099192722,850.378662109375,2295819.0
2022-09-23,851.9818940479609,860.9214970754892,838.572519160437,846.6375732421875,2072105.0
2022-09-26,839.4470735112485,839.5442192580549,807.0410197412442,821.810791015625,1978562.0
2022-09-27,823.9971104388947,844.1112027085215,821.082026321776,834.7828979492188,2081748.0
2022-09-28,828.7098193405253,842.6051013011942,819.6730702939121,825.2603149414062,2136906.0
2022-09-29,830.799015510842,834.44287084203,802.4740896800582,815.5433959960938,1997629.0
2022-09-30,819.6244805616828,826.7664128933545,802.0854030644016,818.4584350585938,3581734.0
2022-10-03,806.506583098743,820.5961559360103,797.4698344508307,803.8829956054688,1728864.0
2022-10-04,814.2801862280711,840.0786695268916,810.4905530464758,837.212158203125,2550163.0
2022-10-06,848.0951521115448,849.2611976540423,833.7140819075153,840.3215942382812,1926301.0
2022-10-07,839.5442643251838,858.9781593327111,832.7424010725492,849.698486328125,2177648.0
2022-10-10,835.3659320062246,840.5159019718279,828.3697184173217,833.6654663085938,1030110.0
2022-10-11,836.6291869437446,836.6291869437446,785.1293647509241,792.5142211914062,2367997.0
2022-10-12,795.8178998804805,817.8268069152067,779.2990912138526,813.7942504882812,2922626.0
2022-10-13,807.7212906210481,818.1670095674256,800.6765034246539,803.7373657226562,1076032.0
2022-10-14,819.1387225708675,821.0821121855078,797.9072147539405,800.190673828125,1078914.0
2022-10-17,799.7047925181654,805.8750305600214,794.360471304496,802.376953125,526152.0
2022-10-18,806.5066277087528,813.1141400260636,804.1745366285068,810.5391845703125,748435.0
2022-10-19,814.6203144944789,820.6934070141417,801.6482125954966,805.0977172851562,872474.0
2022-10-20,805.5349319483175,811.9480934494982,797.567023293111,807.4297485351562,1024335.0
2022-10-21,811.5108865902703,813.7457726328449,792.6114120181496,797.3726806640625,1480648.0
2022-10-24,816.1749944174128,816.1749944174128,804.0773832549692,811.8023681640625,582843.0
2022-10-25,815.2518894392146,846.8319685891245,810.6363394096122,839.0584106445312,3972295.0
2022-10-27,841.6333714374922,852.6620823407654,836.1432727683517,848.9210815429688,1668130.0
2022-10-28,850.2329365762776,854.119715714912,835.6575148063985,848.532470703125,921996.0
2022-10-31,850.5244137706568,873.5535915038461,847.4149786690904,870.9785766601562,2082894.0
2022-11-01,874.5252402259314,876.7115533264963,865.294140467991,869.2294921875,1708048.0
2022-11-02,869.2295496596078,878.7035737217964,861.8932659652676,868.6951293945312,1621348.0
2022-11-03,863.83660603397,876.3714916443178,859.463979794203,867.96630859375,998190.0
2022-11-04,869.5696269389531,872.3389331624851,856.694671924302,859.4154052734375,879336.0
2022-11-07,859.9498122772226,871.6101487148798,858.6866210246507,868.93798828125,715350.0
2022-11-09,873.5535458348119,877.9747449116228,847.5607122963456,851.884765625,858084.0
2022-11-10,852.2734535060385,857.0347815711169,845.5202223444537,854.4111938476562,781360.0
2022-11-11,859.6097984764655,866.2173110238459,855.091394091488,859.8527221679688,1164676.0
2022-11-14,859.8040204168832,864.8568446528354,851.1559732836057,856.4517211914062,426011.0
2022-11-15,859.9498478501889,882.2988269468605,850.2329004168535,879.9667358398438,2121221.0
2022-11-16,884.3879684762757,887.9346186010854,855.188494847928,863.5451049804688,1792803.0
2022-11-17,865.7800578098239,865.7800578098239,841.2933372425829,857.6177978515625,1248940.0
2022-11-18,861.9417227645711,861.9417227645711,836.8720127915109,849.3096923828125,1227016.0
2022-11-21,849.3097546617001,853.0993877771309,840.6617072737888,851.641845703125,732762.0
2022-11-22,849.0182629168752,856.7918206889324,846.3461024327305,854.5083618164062,510130.0
2022-11-23,858.7838278652252,864.2253541744277,851.2046205030762,853.9253540039062,632485.0
2022-11-24,855.5772904157396,859.949917112924,850.4758926023579,856.6947631835938,690259.0
2022-11-25,858.9781536204174,874.4281237716741,851.3503736037047,864.1766967773438,1261861.0
2022-11-28,868.0149202253118,885.213929397843,859.706941860309,874.8653564453125,1549756.0
2022-11-29,874.5252666172574,893.8133834968553,868.7436710486686,881.764404296875,2303417.0
2022-11-30,886.0884732696326,908.3888205128142,882.5417636810112,905.9110107421876,3658663.0
2022-12-01,910.4780215105015,911.1582197274612,895.611103031444,899.8379516601562,1348885.0
2022-12-02,903.676096040469,913.344470434883,898.3317750423802,909.4091186523438,1578503.0
2022-12-05,910.4779794132404,912.5671468456894,895.5138565621943,903.2874145507812,1024143.0
2022-12-06,903.287255256181,910.3320409409909,897.0198726791675,905.7164916992188,558757.0
2022-12-07,905.6195337045856,911.1096329269922,900.0808616047551,908.5831909179688,1143644.0
2022-12-08,913.3930013537448,920.1948641297832,908.5345279422886,915.1906127929688,867087.0
2022-12-09,919.8062584473251,924.859083183634,902.072828646344,911.44970703125,1261935.0
2022-12-12,911.9354648852644,915.6278928389556,901.3439690607584,906.1538696289062,991836.0
2022-12-13,906.2024961958208,910.332198865406,895.9511284893001,905.8624267578124,837466.0
2022-12-14,906.1538895095986,911.1581409866874,904.501996641892,908.0487060546876,563572.0
2022-12-15,908.0487602648265,917.4742113714592,904.2105540715404,912.42138671875,1291666.0
2022-12-16,906.591226621596,912.9558155471952,876.4686885452086,878.0233764648438,1324668.0
2022-12-19,879.3837605760832,891.238448547015,872.6790429879009,888.3233642578125,671714.0
2022-12-20,888.3233687412,893.7648357188245,879.3837650143524,891.9672241210938,452102.0
2022-12-21,891.578515554835,895.9025691001782,874.573857247619,877.4403686523438,715559.0
2022-12-22,877.440394229821,883.270562962245,865.1484314292762,872.6304931640625,519054.0
2022-12-23,864.8084051117476,870.5414283742709,846.1032794955665,849.5042114257812,985112.0
2022-12-26,849.4555591198721,862.9135076337906,839.9815353429685,856.1602172851562,625140.0
2022-12-27,863.2536569243666,864.8083448325094,854.1197023682873,855.7230224609375,561475.0
2022-12-28,855.5771861276527,858.5894159844169,850.2328652603022,852.37060546875,587480.0
2022-12-29,852.1277166540344,857.7635343013884,841.0503728618754,853.2937622070312,1380769.0
2022-12-30,866.1687628725064,866.7517560257395,850.4272953522343,852.7107543945312,1033608.0
2023-01-02,850.2329171569,857.2291313081565,840.4673966556348,845.0829467773438,666141.0
2023-01-03,849.3582779297294,849.3582779297294,834.4913615046709,840.564453125,750764.0
2023-01-04,840.5159389962421,842.605106382659,824.1914794414067,827.3494873046875,998970.0
2023-01-05,830.7990106303255,836.6291791259769,816.5150859544714,826.1348876953125,1125318.0
2023-01-06,827.1065605881571,838.523973590434,825.0659660840776,832.2565307617188,742874.0
2023-01-09,836.4348526427037,842.3622263702075,833.2768446157071,838.6697387695312,535278.0
2023-01-10,840.2244098200612,842.5564414901943,829.8758376545129,839.641357421875,599702.0
2023-01-11,839.6414503227398,846.9777934857584,836.4834422326476,843.9169311523438,724011.0
2023-01-12,848.8725298327977,848.8725298327977,830.7990307809312,833.47119140625,607382.0
2023-01-13,833.4711854722765,834.4428802382016,818.9443368601875,822.0537719726562,594110.0
2023-01-16,823.3169897894226,826.8151266437982,817.4868210063404,820.3533325195312,462115.0
2023-01-17,820.353260992523,827.3009019096119,813.3570472013189,825.7461547851562,770203.0
2023-01-18,826.0375717771198,829.8272045137202,822.053647562772,825.406005859375,359401.0
2023-01-19,824.2401071181947,824.9688782120217,809.9076089395995,811.2680053710938,457764.0
2023-01-20,810.3933571889864,813.4055869519261,795.720791351385,798.6844482421875,806691.0
2023-01-23,801.6482326607955,808.0128219191994,795.6237128689871,805.4378662109375,519973.0
2023-01-24,806.409512698014,806.5552313288717,790.668045575155,793.5831298828125,737979.0
2023-01-25,776.3840753314645,780.2708541816846,743.3464551045937,746.7959594726562,4460372.0
2023-01-27,743.1035169225265,751.994547091885,717.888027762373,745.4356079101562,4073654.0
2023-01-30,747.2817368967903,755.9784156218126,733.3379427995297,744.1723022460938,2693103.0
2023-01-31,746.0186394842063,749.565349021768,731.6375691387899,746.8931884765625,2194356.0
2023-02-01,754.0351784301995,763.6063486601937,732.0262670893413,748.6908569335938,2176984.0
2023-02-02,739.9941049825334,755.0068003254154,737.4191495492161,749.4195556640625,1263924.0
2023-02-03,750.051118450119,753.2091260390076,739.7996925232379,747.08740234375,710330.0
2023-02-06,750.8285464609482,760.3997160416777,745.872867643012,758.3106079101562,924556.0
2023-02-07,761.8085999107508,763.7519891962374,749.1765695550879,758.2133178710938,857173.0
2023-02-08,758.3106397437737,770.8454669817331,758.2620075581168,768.804931640625,910308.0
2023-02-09,769.6793378780962,772.4972761935151,764.3836492797805,769.4850463867188,484673.0
2023-02-10,764.0436125446982,771.4285286398278,756.6101828784203,757.9705200195312,1339250.0
2023-02-13,757.921970113609,766.5700778545904,753.0634959462141,755.7356567382812,833249.0
2023-02-14,755.1039457380032,756.172845518135,749.1766316490099,750.9742431640625,385913.0
2023-02-15,749.2252824645336,767.638911247745,749.2252824645336,765.5497436523438,1274574.0
2023-02-16,773.8576904103206,773.8576904103206,761.1770270046347,764.3836669921875,461526.0
2023-02-17,751.1199638976808,760.8369103905356,744.9497265977318,749.9539184570312,908426.0
2023-02-20,751.8488143636945,754.9582494316179,741.4030957796431,744.0752563476562,728784.0
2023-02-21,748.6422465760836,748.6422465760836,730.131473089662,731.4432373046875,599089.0
2023-02-22,730.7144645913812,730.7144645913812,720.9975169239426,724.447021484375,595470.0
2023-02-23,725.8559638637647,731.1031391327838,716.6734367967514,720.7059936523438,914936.0
2023-02-24,724.3498725578411,725.2729944437126,717.6937278502764,722.35791015625,626374.0
2023-02-27,722.6494207360203,725.175803444459,709.8716106385244,719.0541381835938,772559.0
2023-02-28,719.0540308670107,727.459213194078,714.6814050036303,719.6370239257812,797913.0
2023-03-01,720.0257678039437,724.738463343883,717.3050345239518,720.8516845703125,985924.0
2023-03-02,724.4956477383489,725.1272731062841,713.2725842171076,714.8273315429688,518797.0
2023-03-03,718.0823863195994,741.1115626679467,716.7706221920985,734.6011962890625,1238246.0
2023-03-06,738.3909332811747,739.3139959339404,732.7550557582363,735.03857421875,935557.0
2023-03-08,732.7549741123604,732.9493249203836,723.232377594626,730.0342407226562,873905.0
2023-03-09,730.0343281687676,734.8928024136118,721.2890745280482,723.6697387695312,550651.0
2023-03-10,721.2404329218012,727.2163793965444,713.6126528072481,725.710205078125,542803.0
2023-03-13,721.9691053220486,734.4067846424023,721.4832580102571,733.0464477539062,1719241.0
2023-03-14,735.7186899838672,748.7393638068522,734.6983630693366,746.6016235351562,2025278.0
2023-03-15,753.0148440090235,756.7558450021414,739.1681940856708,740.3828125,1442589.0
2023-03-16,742.3262275474608,758.5535419836866,733.6295475396217,754.472412109375,1429107.0
2023-03-17,755.3954871078627,758.2619390405115,746.2615331612591,748.8365478515625,1446809.0
2023-03-20,734.6011339461315,754.7637973447853,734.6011339461315,744.1723022460938,478756.0
2023-03-21,745.7757302560718,750.6342040688149,739.6540651135238,748.2535400390625,668979.0
2023-03-22,749.1765683491943,757.5817507184084,748.2048737080152,754.3265380859375,852759.0
2023-03-23,755.1526162582684,765.1610605546614,744.6582652680273,746.9903564453125,1236561.0
2023-03-24,745.28984375,751.8002101788154,740.0426685846769,742.1318359375,515568.0
2023-03-27,743.3464746161105,744.0752456696557,724.8842745929653,728.2366333007812,530247.0
2023-03-28,723.9125731846044,728.6739010802439,716.8192135236324,718.3739013671875,804259.0
2023-03-29,719.1026239313135,725.8559137047997,715.0701266619193,719.9771728515625,824570.0
2023-03-31,722.6979433984664,736.7875167487557,721.0946233976592,734.8927001953125,996821.0
2023-04-03,741.4029926861891,742.03461791018,728.2365424888518,729.402587890625,756161.0
2023-04-05,729.4027324827646,735.6701165580776,721.9692434669844,734.1640014648438,913185.0
2023-04-06,735.5729945197055,739.4597738830857,730.6659474349473,735.03857421875,463499.0
2023-04-10,737.5163338331134,737.5163338331134,720.511675279649,729.6456298828125,1571166.0
2023-04-11,732.6578550513877,734.2125429571272,723.2324039405445,727.5564575195312,752976.0
2023-04-12,729.1111043084477,746.0186160407221,727.2163470637857,744.4639282226562,841161.0
2023-04-13,746.2615761559457,747.0389201029332,736.7875522399034,740.47998046875,390070.0
2023-04-17,743.2007609987451,747.8163114039596,738.0022174232583,743.7838134765625,771167.0
2023-04-18,746.9418111306621,763.2176991724967,740.4314440524194,753.0634765625,1410292.0
2023-04-19,752.9662419343733,752.9662419343733,735.6214560658493,736.6417236328125,989817.0
2023-04-20,738.3422097479493,740.7714465495251,734.9899104078058,736.2045288085938,554638.0
2023-04-21,736.544575581392,741.5973998347507,732.9007204911147,738.4393920898438,702807.0
2023-04-24,738.5365623456489,746.7473946164068,738.5365623456489,743.9780883789062,766583.0
2023-04-25,747.2332812432477,752.0917551134899,741.8889599859813,749.3224487304688,677824.0
2023-04-26,749.128022986789,756.3671601909039,742.8605804595342,754.1808471679688,688140.0
2023-04-27,752.9176356725072,753.5492609682236,742.0832750483969,746.0671997070312,783910.0
2023-04-28,742.471924138362,760.6426275651204,742.471924138362,755.152587890625,1350446.0
2023-05-02,755.0553638967417,762.4888521645748,752.3346305653749,757.14453125,626485.0
2023-05-03,756.950237686447,774.9265912130187,749.4681759787438,763.6063232421875,1461628.0
2023-05-04,767.5417072854756,767.5417072854756,758.4563257820892,761.4199829101562,510695.0
2023-05-05,760.0597037256673,775.2666921473713,759.6710020727774,764.7723999023438,1177524.0
2023-05-08,767.6388943772777,773.469063195333,765.7440776499009,771.4285278320312,482419.0
2023-05-09,772.2544062159113,783.1859722051269,766.667161376979,769.970947265625,1096632.0
2023-05-10,771.5255848417894,777.1614021894536,765.7925624404791,771.5741577148438,754121.0
2023-05-11,775.8981957567048,778.0845087691689,770.5053021874674,773.3231811523438,462545.0
2023-05-12,773.4205009659796,778.0846242231357,769.7766454045226,773.0317993164062,672108.0
2023-05-15,773.0317338317882,788.2387801430765,768.1732601614136,782.8458862304688,911312.0
2023-05-16,787.0726719570139,788.044366613751,777.5500761824978,779.7363891601562,483145.0
2023-05-17,778.3275029933022,781.3883652112364,769.6308230271871,773.6148071289062,557758.0
2023-05-18,775.266529497652,782.214169759523,768.6104450680531,774.4406127929688,469018.0
2023-05-19,767.6388265024581,797.9557135372274,758.8935740486326,793.9231567382812,3025568.0
2023-05-22,798.7329838524538,802.2310607886483,789.0160375768766,800.3363037109375,857453.0
2023-05-23,801.6481051329902,803.0085013980485,796.2066386878291,798.6844482421875,1073977.0
2023-05-24,796.7896983352155,814.4745547207492,795.3321562041145,811.6566162109375,892521.0
2023-05-25,813.2113341912959,818.9442974498396,807.5268844996637,817.4867553710938,666410.0
2023-05-26,814.7660306045115,836.3376654587685,814.3773289897343,834.345703125,1750270.0
2023-05-29,834.637238165615,843.5282097650731,827.446673113475,842.0220947265625,1512222.0
2023-05-30,842.0221111138226,844.98576837132,835.2202475620052,842.6051635742188,770563.0
2023-05-31,845.3744905792391,860.7758297018314,842.459406128966,858.4923706054688,1533930.0
2023-06-01,858.0064268209989,863.3507477128624,847.7064866433317,851.350341796875,545741.0
2023-06-02,857.034693284828,857.5691134882944,846.8318993171515,849.8927612304688,503772.0
2023-06-05,848.2894797448834,857.0347321133872,841.9734641454082,851.350341796875,439560.0
2023-06-06,850.1357628552387,853.4880623060011,840.0301137042018,842.4593505859375,301807.0
2023-06-07,845.2772721080368,853.1965485988524,841.8277083592495,850.670166015625,792531.0
2023-06-08,854.1196380171285,854.6054853652612,841.6819577664413,846.3946533203125,826968.0
2023-06-09,846.3946769083328,868.695082670613,845.5201872418456,863.0592651367188,1041577.0
2023-06-12,865.7799385843919,867.5775499751613,847.317740118507,855.820068359375,692376.0
2023-06-13,856.0144716945686,870.7356110535391,855.9658988202892,868.209228515625,568855.0
2023-06-14,869.9097596171066,881.0842496875861,864.2253688260104,872.6304931640625,719762.0
2023-06-15,872.5819505543365,874.5253401992237,863.1564989151246,870.6871337890625,465225.0
2023-06-16,877.8775716331398,885.9911984985287,871.4643511523947,883.6105346679688,701638.0
2023-06-19,887.1573267816403,893.910617308135,871.1243630446228,873.6021728515625,414584.0
2023-06-20,873.4564917384743,873.4564917384743,864.1767588218103,866.5088500976562,585057.0
2023-06-21,869.6667643292691,880.8898263537983,867.4318783606568,871.0271606445312,689890.0
2023-06-22,870.9299505611755,879.4808520872832,867.1403768034597,868.93798828125,538864.0
2023-06-23,866.7516962401509,883.2705065945034,863.2049867645828,880.9384155273438,953329.0
2023-06-26,880.4039947476308,882.2988113250901,871.0271762250101,875.4969482421875,811669.0
2023-06-27,881.0841188703265,889.8779435412447,871.8530197478913,884.2421264648438,784408.0
2023-06-28,889.1006621565796,895.8053793974971,885.0195325015662,887.3516235351562,747306.0
2023-06-30,889.1007384504417,896.3398765430496,883.8535628283724,886.3800048828125,460345.0
2023-07-03,887.2544610259558,905.376592010574,883.8535293682827,894.0077514648438,691211.0
2023-07-04,894.0077520542608,900.6638967446202,888.1290106179154,891.6757202148438,527033.0
2023-07-05,893.6676536928605,913.8788921848288,892.9874555213798,903.7246704101562,1040442.0
2023-07-06,906.3968640797912,923.0128801302212,898.186031461739,917.3284301757812,732653.0
2023-07-07,915.3850833457252,916.308205276176,885.6512459007142,888.7606811523438,1243755.0
2023-07-10,881.6671973168404,894.542152602869,879.5780892134429,889.0035400390625,896148.0
2023-07-11,892.9875375092325,901.1983705807012,883.7564367406387,899.1577758789062,680447.0
2023-07-12,903.1901670569264,912.9071134480714,892.7444496864456,902.85009765625,1160673.0
2023-07-13,903.1416879337726,912.9072082090404,891.141222310524,898.331787109375,793742.0
2023-07-14,900.7124623390818,920.6322047575404,898.7204999587441,918.0571899414062,964936.0
2023-07-17,919.5633298550172,950.608989887729,919.5633298550172,945.6047973632812,2349402.0
2023-07-18,949.4428672955752,954.6900423966484,926.9967434568982,933.118408203125,1098883.0
2023-07-19,933.1184077117337,949.1027973739074,933.1184077117337,943.4669799804688,1270000.0
2023-07-20,944.535843565576,949.3943171802412,934.867469210884,947.450927734375,1466161.0
2023-07-21,966.836264661536,1014.449306840848,947.4995156452892,1009.6394653320312,8346024.0
2023-07-24,1019.3077497197183,1019.3077497197183,945.7018755145052,949.9773559570312,6109585.0
2023-07-25,958.2368079191036,961.9778090088994,946.4306929037052,955.6132202148438,1475852.0
2023-07-26,961.4433700065404,970.6258971386236,949.7344602796431,956.0504760742188,1287267.0
2023-07-27,960.9089483367778,971.2088888173272,955.4674222296156,968.7310791015624,1192702.0
2023-07-28,972.2777238302394,985.298456944834,963.532471253806,983.2092895507812,1315502.0
2023-07-31,985.298518729565,990.8857637815324,976.0188453308496,987.0961303710938,787817.0
2023-08-01,989.1853065125276,1000.8456441138542,984.521183333506,988.9423828125,958075.0
2023-08-02,989.0395219019794,989.1852998440309,958.1396393282816,975.19287109375,898416.0
2023-08-03,976.747466536024,985.104016738797,966.836169320677,974.0267333984376,571218.0
2023-08-04,978.3022962375492,980.4400366229136,968.2452789506088,977.4763793945312,382504.0
2023-08-07,974.6584297239226,980.44002548198,962.1721756199393,977.4277954101562,681753.0
2023-08-08,981.4115752558998,992.9747650636116,978.010644054518,990.7884521484376,860792.0
2023-08-09,993.3149590754056,995.0154248894256,979.6140868111748,989.7682495117188,428259.0
2023-08-10,989.7682441416548,989.962594952282,979.0796019400924,982.2376098632812,280293.0
2023-08-11,977.5734083593738,981.3144684137036,957.119247470372,959.6456298828124,552202.0
2023-08-14,959.6457410587792,967.516504361746,953.766999500958,958.81982421875,813223.0
2023-08-16,957.7508950724516,968.1966129915976,948.422590462459,966.9819946289062,550173.0
2023-08-17,968.8767944694536,979.3225128483214,956.924961116071,974.4154663085938,1244731.0
2023-08-18,980.5371574442488,985.4442634225333,964.504193923032,967.2735595703124,768977.0
2023-08-21,971.6947864713215,978.350872035633,960.8603658791492,974.1240234375,516608.0
2023-08-22,977.2820276568,1007.2102744086552,971.6947826565248,1004.9266967773438,1504647.0
2023-08-23,1010.6111838744956,1011.728537957856,981.55748679038,985.1527099609376,1057293.0
2023-08-24,990.1569251461848,1001.5257059869152,987.0960630382716,989.9140014648438,651292.0
2023-08-25,988.4079618152851,989.6225803145402,973.6867618812968,979.6141357421876,711399.0
2023-08-28,980.3914002208307,986.9503395849474,968.973987253665,972.0347900390624,403389.0
2023-08-29,978.49662367838,987.630578148742,971.6947603558888,975.047119140625,799395.0
2023-08-30,975.047127491797,991.6145114362544,975.047127491797,984.6668701171876,604846.0
2023-08-31,991.1286170168236,991.1286170168236,972.0347919953956,979.031005859375,998409.0
2023-09-01,979.4683049130572,991.7116350014542,976.5532206722444,983.7923583984376,466577.0
2023-09-04,985.2984446203836,1001.8172548359128,974.221101105778,995.84130859375,721197.0
2023-09-05,998.5621345702884,1005.704067266994,993.7522336914162,1002.4489135742188,660018.0
2023-09-06,1002.7888336848124,1038.6929019409708,991.6143457125496,1028.7330322265625,2101361.0
2023-09-07,1033.8345269645413,1035.7779163614314,1020.2794333672636,1022.4171142578124,1064869.0
2023-09-08,1026.2067022335175,1032.911419081331,1018.384631423628,1025.3321533203125,671258.0
2023-09-11,1031.8913293272349,1042.4828272315517,1024.8951736443437,1036.9442138671875,932525.0
2023-09-12,1034.951972409602,1038.8387511013027,1001.0884367811738,1008.3275146484376,1238905.0
2023-09-13,1007.5987357611808,1029.0732827568877,993.5577952932848,1000.2625122070312,769157.0
2023-09-14,1003.274895238977,1037.3813594800154,1003.274895238977,1035.097900390625,1450831.0
2023-09-15,1044.5232811902567,1044.5232811902567,1013.9635270775112,1019.2592163085938,1025493.0
2023-09-18,1019.8422382361184,1020.2794534129785,1004.5380464349236,1014.9837646484376,515926.0
2023-09-20,1010.5139348762754,1016.004034083807,995.987145420806,1009.29931640625,416251.0
2023-09-21,1008.6190665558264,1008.6190665558264,979.2738756866256,989.6710205078124,1000226.0
2023-09-22,981.6546039325608,997.687567025743,973.978191819476,988.6508178710938,865651.0
2023-09-25,993.0720707697216,995.3555297926036,981.5575112846948,989.13671875,482925.0
2023-09-26,989.1852185484746,993.412066830062,982.3833555525616,985.2012939453124,334094.0
2023-09-27,985.881531776844,990.7400058331216,978.5452478133736,988.213623046875,477461.0
2023-09-28,982.577737175222,990.0597985669076,970.4801257486864,973.6867065429688,974562.0
2023-09-29,978.8367087428506,986.2701975012216,966.8363019839562,978.7395629882812,682357.0
2023-10-03,976.4560487958606,979.4682787077596,968.6824910283387,970.4801025390624,330560.0
2023-10-04,970.4800531908306,971.6460986581742,953.57254218319,957.8480224609376,734244.0
2023-10-05,962.852314306356,985.4927892453244,962.0749110903516,982.8692016601562,628247.0
2023-10-06,988.165032948763,997.9305537702052,979.4683526780592,995.6470947265624,466321.0
2023-10-09,1001.5257089086034,1002.2059663873902,977.4763236932196,985.7843017578124,1215500.0
2023-10-10,987.4848089590172,1006.6757806460436,985.7843431133311,995.7928466796876,886292.0
2023-10-11,1007.3557901845892,1024.1661549750845,1003.5176437860706,1020.6194458007812,1406477.0
2023-10-12,1023.1459441276676,1032.231384972736,1015.5181640291792,1023.4375,911102.0
2023-10-13,1021.2512046480078,1057.0096196782915,1016.5870222996806,1038.012939453125,1415702.0
2023-10-16,1039.567602556344,1056.0864132744343,1032.2313783770644,1047.4869384765625,988255.0
2023-10-17,1056.086262979964,1066.920681602676,1050.158949582962,1055.6490478515625,1988932.0
2023-10-18,1055.2604795750772,1055.2604795750772,1020.9596080691924,1026.44970703125,889566.0
2023-10-19,1012.5058124160806,1022.6114603705024,999.6308584674116,1016.4412231445312,991916.0
2023-10-20,1014.4494236781202,1016.6357370912197,1005.1211768385816,1010.6597900390624,660749.0
2023-10-23,1000.8455688089538,1007.2587302841312,979.2253611332264,983.4522094726562,547657.0
2023-10-25,983.4522633868409,1000.5055542265892,978.6424216705454,982.3834228515624,487319.0
2023-10-26,982.3833655754352,986.8045647063786,965.7187773424108,982.1404418945312,744678.0
2023-10-27,996.4729419171912,1008.9591954283402,988.0677588108662,993.0234375,702387.0
2023-10-30,999.8739330725018,1003.2262326323956,982.6263506506972,998.7079467773438,667943.0
2023-10-31,998.707792797078,1010.2223504930272,989.5738395096552,1002.983154296875,469941.0
2023-11-01,1005.6555284056036,1020.5711391093816,1001.1857558593168,1016.052734375,682202.0
2023-11-02,1025.138027491539,1034.5634197295487,1011.4856679258291,1027.3243408203125,905238.0
2023-11-03,1031.9398500558957,1044.5718821187268,1028.344626837893,1040.87939453125,1358472.0
2023-11-06,1044.5718711719378,1051.8595819010443,1038.1100772691132,1040.053466796875,562008.0
2023-11-07,1040.6849314018257,1054.288655995313,1035.8264583327227,1052.0537109375,389438.0
2023-11-08,1054.094504496002,1076.2490734640655,1039.7133748557037,1068.427001953125,765818.0
2023-11-09,1068.8642030886872,1078.5811503894934,1042.1912301940058,1066.0462646484375,1940488.0
2023-11-10,1049.4303716461638,1049.4303716461638,994.9668906088136,1014.7894287109376,4108910.0
2023-11-13,1022.1257865705112,1025.0893845493667,1009.1050524927484,1015.3724365234376,1355917.0
2023-11-15,1032.9115954080278,1032.9115954080278,1014.0121785730796,1016.4899291992188,1302729.0
2023-11-16,1007.7446498930096,1012.797534004694,997.9305561697618,1011.1942138671876,1451826.0
2023-11-17,1019.290205995684,1037.2872200484378,1014.4618056077124,1030.5078125,818777.0
2023-11-20,1034.019522957082,1039.1406042697297,1030.1664474781956,1033.970703125,481392.0
2023-11-21,1036.8970322806492,1039.3356424224194,1018.6074562173736,1027.2401123046875,405678.0
2023-11-22,1027.2401715673027,1037.7261957818644,1020.3145421796804,1030.16650390625,435188.0
2023-11-23,1026.3620788965636,1037.921184988567,1026.3620788965636,1034.0194091796875,522209.0
2023-11-24,1036.8969930305757,1038.555200235106,1014.4617805755396,1016.900390625,457015.0
2023-11-28,1019.2902954474954,1019.339115283076,1006.7071614357096,1015.5836791992188,638605.0
2023-11-29,1018.314660242266,1026.3133720466071,1012.8034972031572,1024.752685546875,645953.0
2023-11-30,1026.9476804472813,1034.458553005006,1016.7055165561428,1023.0946044921876,2154075.0
2023-12-01,1024.1674188328386,1031.0443469215415,1021.9726697499876,1027.9229736328125,269341.0
2023-12-04,1031.6295864332417,1035.6288831576614,1021.046042480028,1024.5576171875,1137943.0
2023-12-05,1024.2161844742875,1054.942670008516,1023.5334213137388,1042.652099609375,1249769.0
2023-12-06,1050.9434853538105,1050.9434853538105,1030.3616388894711,1035.872802734375,2379141.0
2023-12-07,1035.8727764609473,1047.3342442165465,1031.5320980038891,1039.8721923828125,832078.0
2023-12-08,1042.749744180799,1046.6515205855917,1007.3898955123672,1019.5829467773438,908224.0
2023-12-11,1017.3881034344336,1026.1670995331008,1015.7298962448986,1021.8751220703124,569735.0
2023-12-12,1026.167196800595,1030.9468967219193,1017.5832410613696,1024.21630859375,697698.0
2023-12-13,1030.068883575579,1048.01707733122,1022.5091924319136,1046.26123046875,1473906.0
2023-12-14,1057.2351218449842,1063.1366066021462,1050.1144509688484,1058.161865234375,2077791.0
2023-12-15,1065.1850388731823,1068.1113713975594,1051.57764026394,1056.64990234375,1322021.0
2023-12-18,1052.79687846229,1088.351768740965,1035.2388844337556,1078.0120849609375,1780071.0
2023-12-19,1083.7184137658228,1085.6204821644774,1056.4547983303444,1059.576171875,1062384.0
2023-12-20,1063.2340163835308,1068.1112366421708,1024.2162543144104,1033.921875,1312725.0
2023-12-21,1024.2163908444495,1041.5793449088278,1021.8266002282564,1033.1904296875,1214989.0
2023-12-22,1034.946218951484,1057.869155940513,1034.946218951484,1049.577880859375,624137.0
2023-12-26,1070.3549169542084,1081.670045316972,1045.8711734502417,1050.6021728515625,784200.0
2023-12-27,1052.455436508398,1063.28296202189,1048.9438613212428,1056.60107421875,502279.0
2023-12-28,1059.7224858001096,1076.6952368224577,1056.4059520713895,1066.9407958984375,685526.0
2023-12-29,1066.9408938463996,1094.4483721482889,1058.7471389034615,1090.302734375,1411353.0
2024-01-01,1096.3991042296616,1097.3745482725706,1074.7929948646763,1080.0115966796875,563368.0
2024-01-02,1083.6207558927065,1086.4982680436308,1052.3090275246043,1067.0382080078125,686566.0
2024-01-03,1070.2572219128708,1077.9632541391827,1058.4056713226196,1071.232666015625,444285.0
2024-01-04,1074.9392906642197,1087.1811605236624,1073.573645246284,1081.377197265625,512069.0
2024-01-05,1082.7429948018814,1089.9124854123668,1066.3554856298258,1074.0128173828125,616100.0
2024-01-08,1082.7918423817543,1099.4719137793704,1068.1113600776057,1070.8426513671875,1238667.0
2024-01-09,1070.0622851995015,1083.084441428167,1053.5772544388462,1069.42822265625,922305.0
2024-01-10,1075.817355526911,1102.1543470549132,1068.891726013731,1089.9124755859375,1348846.0
2024-01-11,1091.5219392963645,1104.2027124964116,1081.0847351377392,1090.448974609375,820469.0
2024-01-12,1092.0097299868385,1092.0097299868385,1074.305394783931,1084.2061767578125,1306539.0
2024-01-15,1084.2061767578125,1084.2061767578125,1084.2061767578125,1084.2061767578125,0.0
2024-01-16,1077.8656995618664,1096.0089354865454,1074.0614438665075,1082.742919921875,1509427.0
2024-01-17,1073.9640558658496,1087.1325524636595,1059.673774632189,1068.55029296875,647461.0
2024-01-18,1060.3076894541152,1065.4775905828578,1035.2388248302566,1043.1885986328125,927129.0
2024-01-19,1053.479616253145,1061.6733704163337,1037.7261703992508,1056.0157470703125,843847.0
2024-01-23,1085.6692206999865,1101.276325400076,1068.2087485022091,1080.8408203125,1288819.0
2024-01-24,1116.932351011055,1117.8589753073763,1065.428853210717,1084.888916015625,2174641.0
2024-01-25,1085.5228782133302,1085.620398802968,1050.7482743050602,1069.086669921875,928881.0
2024-01-29,1072.9883925519591,1092.5460922453028,1062.795050451817,1067.0382080078125,786771.0
2024-01-30,1071.086485938577,1075.4759845701444,1051.5287832954848,1053.869873046875,795246.0
2024-01-31,1055.4304212100683,1065.3799025054973,1047.7732095287793,1062.9901123046875,760259.0
2024-02-01,1063.2341866933702,1069.4282335994592,1051.2361753061589,1053.528564453125,548008.0
2024-02-02,1064.1605616861211,1070.4034269687656,1054.0647403139876,1059.3809814453125,510352.0
2024-02-05,1063.1366764902434,1067.0871541275335,1032.9466065143129,1036.7996826171875,993598.0
2024-02-06,1047.6269134976972,1050.5044258265243,1028.8007956353474,1045.676025390625,778083.0
2024-02-07,1050.065550509278,1058.5031656028882,1038.9454641997827,1055.089111328125,522858.0
2024-02-08,1060.3077510946862,1063.234083434414,1049.626685683787,1054.50390625,1155336.0
2024-02-09,1048.6512849871715,1085.6693429882548,1044.7495083726585,1084.2061767578125,1438336.0
2024-02-12,1084.2062198863684,1092.1072940304991,1063.2341697491154,1068.55029296875,800005.0
2024-02-13,1068.111378845881,1088.5957066593635,1048.6024952139928,1086.1082763671875,1031556.0
2024-02-14,1085.669275287643,1104.2027130508638,1076.9877990471596,1101.3739013671875,965064.0
2024-02-15,1107.1290921375007,1120.7364901782764,1100.6423648315683,1115.9569091796875,1105029.0
2024-02-16,1112.0063735787137,1117.8590387028123,1093.375413414889,1098.7403564453125,1186754.0
2024-02-19,1100.3008549353326,1135.3193190798293,1098.7888690747145,1128.4912109375,855770.0
2024-02-20,1131.5151289375708,1131.5151289375708,1092.6437062968114,1115.517822265625,884842.0
2024-02-21,1114.0058583933671,1120.7851465068445,1102.593092246382,1113.1766357421875,859276.0
2024-02-22,1113.2255252575817,1134.100051802046,1107.8117631354396,1131.271240234375,573609.0
2024-02-23,1131.4176210232615,1151.0240233694942,1131.271280595569,1137.4166259765625,874210.0
2024-02-26,1132.1492820256135,1138.343328593724,1116.5908763136808,1118.639404296875,436233.0
2024-02-27,1117.8101268828502,1128.540012060765,1111.8112408825025,1124.979736328125,1174737.0
2024-02-28,1122.8824844307426,1137.367805306413,1105.1781504392504,1109.7139892578125,1197154.0
2024-02-29,1108.104335174082,1144.1957615838012,1103.5197962051902,1137.2213134765625,992054.0
2024-03-01,1145.6101854710744,1153.1211758937154,1134.9779408759084,1138.5870361328125,656223.0
2024-03-04,1139.3185364882158,1142.7325903218707,1123.3700516798351,1137.172607421875,409989.0
2024-03-05,1137.172705486941,1147.122187031066,1122.5897456962496,1125.272216796875,1098233.0
2024-03-06,1117.4687452599244,1129.1253737832285,1095.4725520888592,1124.979736328125,974502.0
2024-03-07,1121.760734095617,1132.6856605724845,1115.2253061434717,1118.3466796875,583929.0
2024-03-11,1117.9078544183635,1135.0756482378476,1116.054486654679,1119.71240234375,593445.0
2024-03-12,1113.1279713059437,1118.7854751989676,1099.276594727664,1105.03173828125,375718.0
2024-03-13,1105.1293382195856,1122.0045686680417,1074.3541485100377,1082.0601806640625,719249.0
2024-03-14,1082.011230592792,1104.3001016342664,1069.1841184912955,1099.6180419921875,541801.0
2024-03-15,1102.2518760362568,1133.4660884549826,1081.2310072314126,1089.9613037109375,720942.0
2024-03-18,1089.9612340717626,1089.9612340717626,1072.3544208751412,1081.084716796875,560066.0
2024-03-19,1077.1342136177243,1081.0848100946052,1054.9428589790073,1060.7467041015625,582067.0
2024-03-20,1065.1362559784673,1076.1588231650364,1056.6987588320883,1074.54931640625,549490.0
2024-03-21,1078.450928656115,1085.522898089375,1070.4035151630949,1082.6453857421875,755512.0
2024-03-22,1080.6945675674804,1116.3469788155508,1078.8411999194302,1106.641357421875,916955.0
2024-03-26,1106.641258181112,1109.3237292785095,1095.2286105958308,1098.3988037109375,536595.0
2024-03-27,1095.0823372080383,1114.444878681741,1093.4240108026645,1111.4697265625,387737.0
2024-03-28,1115.7617004026472,1119.5171363408906,1093.521646557018,1106.3974609375,709064.0
2024-04-01,1104.7392483536655,1141.2207619490134,1094.4482656067778,1129.85693359375,599438.0
2024-04-02,1140.2942268229203,1140.2942268229203,1120.5414825173907,1124.589599609375,438478.0
2024-04-03,1120.785065216842,1125.3696040163943,1099.471639357772,1102.5443115234375,468953.0
2024-04-04,1105.1779908807955,1112.006098503184,1083.8645644740343,1092.6922607421875,628302.0
2024-04-05,1092.5462140880852,1104.2027234780269,1086.6447296418037,1100.5936279296875,549428.0
2024-04-08,1107.811752918439,1119.8097622863247,1091.9607872066335,1112.73779296875,795445.0
2024-04-09,1108.202148720072,1120.2001601923105,1093.911867157402,1100.6424560546875,693210.0
2024-04-10,1102.2518824979893,1174.9224712113523,1101.8129802623864,1170.6304931640625,4341449.0
2024-04-12,1169.3135528493945,1177.3609662475235,1150.4874350889093,1153.9014892578125,1248275.0
2024-04-15,1141.36711670884,1146.0979967756118,1117.468736277404,1120.7364501953125,1057333.0
2024-04-16,1120.736476104041,1134.734194509974,1110.8358135260653,1122.58984375,692591.0
2024-04-18,1122.589812496057,1137.1239533206706,1116.0543846911091,1120.687744140625,1027109.0
2024-04-19,1112.00626926879,1117.6150728199266,1090.8391800179552,1095.521240234375,1068784.0
2024-04-22,1097.277165249604,1134.4415641292223,1092.4974650255624,1131.3201904296875,3530061.0
2024-04-23,1135.4168752380008,1146.14675979781,1118.7855065411925,1141.318359375,1001198.0
2024-04-24,1138.440719682281,1166.2408749300405,1137.367755048674,1153.852783203125,682498.0
2024-04-25,1151.901880732021,1170.3864975017543,1147.122181162625,1165.50927734375,832424.0
2024-04-26,1159.8029246783533,1189.0662448973192,1158.8274806710542,1169.508544921875,766218.0
2024-04-29,1169.5086141204188,1172.5812867397678,1141.2695560673444,1151.51171875,645110.0
2024-04-30,1162.924358302289,1172.532577531664,1142.3913323253316,1148.09765625,1002463.0
2024-05-02,1148.0975131226348,1174.04429801587,1146.390486233965,1165.5579833984375,1270379.0
2024-05-03,1170.5326742903949,1182.823243555896,1151.999240280797,1178.62890625,905136.0
2024-05-06,1188.0909310386453,1211.6966309720465,1170.0940347616252,1201.4544677734375,1950840.0
2024-05-07,1204.6246632577845,1209.9896058950394,1167.021364034868,1172.9227294921875,724981.0
2024-05-08,1175.3125308140184,1215.208215294416,1166.1433331545047,1207.4046630859375,1877013.0
2024-05-09,1207.4047823326937,1209.2580309070338,1160.876026250673,1165.411865234375,546733.0
2024-05-10,1166.1923764634207,1190.041939841794,1162.2905996114805,1172.8741455078125,1203642.0
2024-05-13,1175.4101911345608,1181.7017582214835,1148.0977551579902,1160.53466796875,447010.0
2024-05-14,1157.9496627702244,1166.7774794698323,1144.7811674716866,1146.7320556640625,524864.0
2024-05-15,1150.7801033395235,1156.096225715252,1136.684984625541,1145.4151611328125,573450.0
2024-05-16,1151.1215226382787,1155.90122239353,1134.685313881244,1148.1951904296875,819159.0
2024-05-17,1151.9018461207306,1162.1927089012547,1139.5624556771909,1153.5113525390625,592430.0
2024-05-21,1151.0239916637756,1157.754579497379,1135.5632271157256,1142.2449951171875,977167.0
2024-05-22,1138.3432052718335,1160.6808978102288,1134.7828106781535,1158.095947265625,941607.0
2024-05-23,1163.753418823998,1163.8021195764534,1138.4405776033027,1145.3175048828125,1087942.0
2024-05-24,1149.073047120996,1162.5829228842256,1139.416127579367,1149.4144287109375,908722.0
2024-05-27,1162.7295129692727,1184.628188130563,1120.7854114108177,1129.271728515625,1470425.0
2024-05-28,1135.465618422034,1166.1432841226338,1133.514730451942,1160.9246826171875,4342918.0
2024-05-29,1160.924851425086,1162.5830588116803,1140.87942698852,1151.17041015625,1137792.0
2024-05-30,1151.1703815133517,1151.853144756074,1135.2705950116522,1142.58642578125,787238.0
2024-05-31,1144.1959478005708,1150.975236776079,1124.9797463489697,1130.929931640625,2180048.0
2024-06-03,1145.1712950067754,1156.388901388869,1137.7579441688129,1152.096923828125,1322571.0
2024-06-04,1150.0974098001652,1204.6246395454405,1108.397174667802,1174.4346923828125,2908958.0
2024-06-05,1197.7965083852337,1276.1735353391584,1182.5309038172102,1266.6141357421875,2680777.0
2024-06-06,1266.6141438582954,1281.63600657575,1237.3996411535113,1273.3934326171875,1533822.0
2024-06-07,1273.3934326171875,1273.3934326171875,1273.3934326171875,1273.3934326171875,0.0
2024-06-10,1294.4143272176889,1294.4143272176889,1275.051785549747,1282.8065185546875,654963.0
2024-06-11,1283.7819646115097,1302.07154160641,1279.7826675898446,1285.3426513671875,625503.0
2024-06-12,1286.318071583051,1286.318071583051,1252.8115909652556,1259.1519775390625,1374418.0
2024-06-13,1260.2736507471034,1268.0772027641133,1241.15497211998,1244.1300048828125,1049119.0
2024-06-14,1251.055938873214,1251.055938873214,1227.303778625878,1237.838623046875,1574896.0
2024-06-18,1233.9367164917423,1243.544816517067,1206.6242832413325,1221.8411865234375,3609667.0
2024-06-19,1224.1823408365074,1249.7877483639645,1215.1594829458795,1241.593994140625,1292892.0
2024-06-20,1241.6915801061757,1247.3492037915826,1228.08418187574,1234.473388671875,388681.0
2024-06-21,1243.6912022519075,1244.6178264989896,1224.182320647956,1229.693603515625,580871.0
2024-06-24,1224.1822971859096,1269.8818276527595,1215.1594396170094,1266.4677734375,1700427.0
2024-06-25,1277.587970660845,1277.587970660845,1244.227828485334,1250.421875,612621.0
2024-06-26,1248.275836343293,1259.4934441151788,1238.8140756778544,1245.4471435546875,370291.0
2024-06-27,1233.9856479300845,1263.0538116462733,1232.8150435269654,1256.177001953125,619542.0
2024-06-28,1255.396459128966,1266.1263433950255,1241.496381784298,1245.154296875,632972.0
2024-07-01,1230.1324224116393,1245.3006244605474,1224.4260987434982,1236.66796875,533705.0
2024-07-02,1242.7157097733807,1260.2737025331303,1232.9124495200838,1243.642333984375,749206.0
2024-07-03,1248.5684968541093,1254.5675021183922,1236.9606877953647,1240.2772216796875,420654.0
2024-07-04,1234.1806895993557,1250.470558995586,1226.133275500012,1228.474365234375,375289.0
2024-07-05,1228.4742305522018,1236.6191643573577,1218.6222697009994,1223.3531494140625,779976.0
2024-07-08,1226.133365153565,1247.5931376542635,1226.133365153565,1240.862548828125,2122654.0
2024-07-09,1247.592986924334,1274.7590809251392,1244.7641752582715,1256.6158447265625,2432990.0
2024-07-10,1258.078966996755,1263.63895046816,1235.8876147973551,1249.5926513671875,854243.0
2024-07-11,1248.5682658622031,1262.3220018512918,1243.398365257268,1252.957763671875,682041.0
2024-07-12,1257.854147300099,1265.883997505783,1246.788508309713,1262.8973388671875,703819.0
2024-07-15,1262.8974099576849,1280.866732023023,1249.481532249583,1276.6558837890625,551101.0
2024-07-16,1280.8666499782717,1290.120569932383,1265.4923809703648,1271.66162109375,1048505.0
2024-07-18,1271.0741453292944,1274.9911688896314,1256.2383946869045,1272.4940185546875,558296.0
2024-07-19,1278.9082068875216,1287.3787943399886,1262.1139442753731,1270.829345703125,1365917.0
2024-07-22,1268.1853820294916,1287.7214891253277,1265.6882317068334,1280.964599609375,1066896.0
2024-07-23,1290.1695647826782,1307.943082125438,1237.3387602107885,1304.3687744140625,1093010.0
2024-07-24,1331.787967963792,1387.899376488082,1314.1613625054476,1354.1639404296875,6354785.0
2024-07-25,1345.497504905894,1419.9209476808924,1310.0973828888573,1413.849609375,3367113.0
2024-07-26,1411.1566317033758,1412.772308158152,1381.4851328685393,1386.0386962890625,892506.0
2024-07-29,1400.3360073240472,1405.1832764572446,1377.1276891437683,1391.62060546875,860229.0
2024-07-30,1380.7506772011377,1400.335793189806,1375.2668686319223,1380.0162353515625,394332.0
2024-07-31,1384.5209409012762,1394.950040223691,1377.0786199119448,1383.982421875,940385.0
2024-08-01,1381.730141847646,1391.5227013221154,1376.8828727230152,1384.423095703125,489925.0
2024-08-02,1370.9582098599135,1401.315141649669,1365.1805763536045,1391.5225830078125,1436552.0
2024-08-05,1357.248607077698,1406.0644872558155,1353.9681238902826,1371.2030029296875,1199119.0
2024-08-06,1371.2519895948403,1398.8179456398118,1362.1448625404864,1381.827880859375,396031.0
2024-08-07,1395.5375475608455,1435.5891374449252,1391.7674362848568,1432.45556640625,1689987.0
2024-08-08,1439.5061847116597,1439.8979109824616,1425.111170679773,1429.517822265625,552871.0
2024-08-09,1429.6155764437,1449.6903204857508,1416.1017984928508,1424.7681884765625,528351.0
2024-08-12,1419.8721412618677,1419.9211518754407,1384.6679370702573,1388.5849609375,1029967.0
2024-08-13,1395.3417210991097,1399.6014602505052,1370.9582258881985,1374.091796875,778303.0
2024-08-14,1376.8336914919894,1378.7431925376522,1362.340657450532,1375.413818359375,363536.0
2024-08-16,1375.8546050010373,1388.046293721224,1366.4537718211016,1377.127685546875,904222.0
2024-08-19,1380.0653572324452,1394.2155568599746,1369.832061580411,1373.798095703125,828423.0
2024-08-20,1373.7981220829402,1382.170688281116,1369.7341862019648,1378.057861328125,410409.0
2024-08-21,1383.5906129871362,1407.2396656485685,1372.9167003252112,1401.95166015625,614100.0
2024-08-22,1414.0454722409024,1432.6513337177564,1402.490205192681,1421.6837158203125,1011531.0
2024-08-23,1427.75504378402,1427.75504378402,1395.3416987278126,1399.9931640625,487071.0
2024-08-26,1408.1698312230983,1429.6644480777957,1394.9498780092515,1427.21630859375,833325.0
2024-08-27,1434.609713703056,1436.0785973689638,1395.4394826121877,1399.3074951171875,580798.0
2024-08-28,1419.9699232391165,1427.6080467704471,1402.2943082011052,1418.2562255859375,1221654.0
2024-08-29,1427.755014647848,1427.755014647848,1400.531654481997,1418.7947998046875,409294.0
2024-08-30,1426.775683056829,1453.5583049499064,1402.93082852763,1443.7657470703125,2319735.0
2024-09-02,1454.1948859127397,1464.9176892764667,1444.0106015246606,1454.0479736328125,817883.0
2024-09-03,1459.091274073476,1471.9685129167055,1444.4024357438773,1448.2215576171875,702946.0
2024-09-04,1444.402457119479,1475.7386460196983,1434.90372267433,1468.247314453125,590555.0
2024-09-05,1482.593366115583,1482.593366115583,1451.01236475678,1454.1949462890625,689394.0
2024-09-06,1451.3062490198813,1458.9933838987156,1423.2994347534436,1431.3782958984375,712351.0
2024-09-09,1433.2880108638958,1475.6408311664677,1433.2880108638958,1472.8499755859375,1791287.0
2024-09-10,1487.049090455179,1488.224149716548,1468.9817474296406,1476.9136962890625,591925.0
2024-09-11,1480.683811470504,1499.4854754122848,1474.6123536594655,1491.700439453125,622732.0
2024-09-12,1496.645683762556,1505.0672603299402,1488.1750965864846,1497.47802734375,475277.0
2024-09-13,1497.4780125188477,1510.991791195055,1484.16015673738,1491.7493896484375,551554.0
2024-09-16,1502.0805231899838,1520.68638373263,1493.7568487366946,1515.153564453125,516123.0
2024-09-17,1514.9089275827828,1526.9048127559497,1508.837588616493,1523.4774169921875,1224149.0
2024-09-18,1528.1287789602936,1529.5486521508285,1493.4142063242928,1505.8507080078125,320652.0
2024-09-19,1531.5562384453135,1537.43177388692,1490.7213149413817,1498.0167236328125,1528204.0
2024-09-20,1511.9711376977764,1549.182862589302,1500.3669789747448,1541.4957275390625,1821157.0
2024-09-23,1552.1205718071071,1603.0418776329552,1528.7653429465197,1594.473388671875,670632.0
2024-09-24,1601.2791130653125,1610.4352508644508,1578.854249801341,1601.6219482421875,964946.0
2024-09-25,1601.6219555379944,1604.4617018765389,1574.3006933769093,1592.8575439453125,898849.0
2024-09-26,1597.166396401338,1613.3241189890891,1573.6642544555182,1610.4842529296875,774246.0
2024-09-27,1577.5812896469524,1577.5812896469524,1541.3488205489157,1563.47998046875,2273207.0
2024-09-30,1562.9902839446647,1577.3364064739417,1542.4259104938171,1556.9189453125,668068.0
2024-10-01,1556.9189618219827,1580.7148082017363,1552.6592226124656,1577.5322265625,473000.0
2024-10-03,1561.9132069216312,1562.011108606926,1511.530537184437,1531.6541748046875,658824.0
2024-10-04,1532.5353562295318,1539.292245286016,1495.5684490744743,1499.5833740234375,1019377.0
2024-10-07,1499.5833873387717,1517.8465324268757,1465.994984182745,1475.0531005859375,755578.0
2024-10-08,1464.0853854916238,1499.2406941276383,1460.8049023284811,1487.4896240234375,1607560.0
2024-10-09,1495.3236961524833,1506.0955105975895,1482.3485560254237,1491.8472900390625,336186.0
2024-10-10,1494.3445043020918,1514.8598676042468,1471.1850783454963,1476.5220947265625,369677.0
2024-10-11,1483.9153738935377,1490.4274494033414,1460.168418802847,1488.0283203125,316816.0
2024-10-14,1508.053889553564,1514.1252275274524,1488.3708724351843,1508.4945068359375,426793.0
2024-10-15,1507.662291005391,1520.0989120913098,1489.7908716450618,1515.6922607421875,441089.0
2024-10-16,1517.8466547642945,1528.618469733589,1505.1653385929449,1521.0782470703125,546976.0
2024-10-17,1520.6865350803855,1520.78443676432,1489.2524441005992,1496.449951171875,537173.0
2024-10-18,1493.3652183855368,1495.2747195380798,1470.8423331246402,1487.7344970703125,709462.0
2024-10-21,1485.5801863003778,1501.0523575412244,1459.9726210319734,1464.183349609375,272480.0
2024-10-22,1462.7142718777272,1466.141667016594,1438.2818886315993,1442.4437255859375,741250.0
2024-10-23,1434.6099131900958,1454.0481191642714,1424.8173540556922,1435.931884765625,1172365.0
2024-10-24,1444.4024629988205,1462.0290693269417,1410.1285062496956,1429.4197998046875,1227944.0
2024-10-25,1424.8174264489644,1471.723810993629,1424.768415835572,1449.49462890625,1101554.0
2024-10-28,1449.4944916273464,1459.091246973001,1430.3990021535387,1436.37255859375,322416.0
2024-10-29,1438.6739940918646,1442.8358321433116,1399.5526446854124,1418.20751953125,569482.0
2024-10-30,1410.4711484554002,1421.8795030868166,1403.273641820529,1415.8570556640625,685466.0
2024-10-31,1413.066235886752,1429.615684178625,1397.0064155352409,1419.0396728515625,522184.0
2024-11-01,1437.0580355849047,1444.3534442365287,1419.97006791737,1423.0057373046875,54659.0
2024-11-04,1424.817226053929,1424.817226053929,1388.976486749464,1406.2603759765625,444771.0
2024-11-05,1402.2943820985256,1420.851232705622,1399.895253072872,1416.3466796875,281371.0
2024-11-06,1419.823129592335,1430.1542074418585,1414.535123913083,1426.1392822265625,240099.0
2024-11-07,1423.642265371264,1435.5401288433686,1394.7052059115304,1409.1002197265625,283200.0
2024-11-08,1411.2055696031823,1425.7474949451946,1403.2246105855052,1418.5989990234375,1499108.0
2024-11-11,1427.7550479675087,1464.3792411439736,1416.9832334766702,1445.2347412109375,650600.0
2024-11-12,1444.4024439879695,1450.8166179103998,1409.2471334775294,1416.7874755859375,681448.0
2024-11-13,1403.3716239980542,1413.8986250551934,1393.9217805368214,1398.0836181640625,296683.0
2024-11-14,1398.0834441921684,1424.3765577958593,1395.635304716075,1412.4295654296875,548233.0
2024-11-18,1413.0660705959451,1451.110133204378,1410.3731172389537,1440.2894287109375,934866.0
2024-11-19,1448.3193930198663,1474.7102901957724,1444.647183605516,1456.545166015625,701161.0
2024-11-21,1468.8836606719317,1473.7309289369257,1450.81643946089,1462.077880859375,545772.0
2024-11-22,1462.02893664037,1476.7177739140511,1458.797344624935,1469.0306396484375,621662.0
2024-11-25,1487.3917344206675,1511.677207776979,1445.52854683463,1455.2720947265625,3600031.0
2024-11-26,1455.272203612412,1497.037492646014,1436.470537701524,1479.8026123046875,658663.0
2024-11-27,1487.1960083009503,1495.2748701320943,1468.9329799131335,1484.3072509765625,547190.0
2024-11-28,1489.8399284023687,1491.1618999404411,1464.4281664457678,1471.5767822265625,566858.0
2024-11-29,1484.5520199878863,1509.9636640715237,1470.0100930400802,1497.3802490234375,1224425.0
2024-12-02,1510.0125266675282,1520.637428774404,1488.4688978823883,1500.415771484375,554366.0
2024-12-03,1500.6116716444608,1512.9502713086854,1481.7119861358635,1510.9427490234375,522548.0
2024-12-04,1516.867306482905,1516.867306482905,1489.1054271375872,1494.3934326171875,618463.0
2024-12-05,1494.540374978386,1503.1578751069342,1483.7196685123529,1498.3594970703125,423566.0
2024-12-06,1505.8506895169803,1505.8506895169803,1481.6631177379502,1485.139404296875,323615.0
2024-12-09,1481.3204255136711,1491.0640939243106,1461.2946891816323,1475.0042724609375,516426.0
2024-12-10,1485.5310329592264,1494.4912473424988,1468.9326951392106,1482.1036376953125,522996.0
2024-12-11,1488.4688980659807,1490.623213129533,1475.4937580006028,1485.3353271484375,324261.0
2024-12-12,1479.459900580486,1500.954520337533,1479.459900580486,1494.2955322265625,540314.0
2024-12-13,1496.449832977234,1497.2821765320489,1452.089495693792,1480.683837890625,462501.0
2024-12-16,1480.6839626726312,1512.2649661144162,1436.91115129559,1487.685546875,805782.0
2024-12-17,1508.0538980275255,1535.1792352612388,1496.4007303624285,1530.87060546875,2444937.0
2024-12-18,1547.2242457795674,1562.745427122337,1507.7601871384436,1546.83251953125,2242721.0
2024-12-19,1527.6391243295875,1553.0997764017472,1522.1553154831977,1539.73291015625,584413.0
2024-12-20,1545.853168561263,1555.9884420957217,1509.3269992609844,1512.75439453125,484886.0
2024-12-23,1498.8489491153268,1526.0232983910269,1498.8489491153268,1512.999267578125,375618.0
2024-12-24,1522.3510569734187,1537.1868063894242,1509.5228297813649,1532.29052734375,388993.0
2024-12-26,1546.8325570216673,1546.8325570216673,1520.8333852501617,1534.4449462890625,544734.0
2024-12-27,1527.6882624693103,1556.5273018125438,1527.639251857545,1546.6368408203125,356482.0
2024-12-30,1551.2882958757862,1630.8038290874883,1534.68983624153,1585.9539794921875,3987698.0
2024-12-31,1581.5472796439162,1599.4675907838102,1568.3273250730438,1591.7314453125,816405.0
2025-01-01,1595.3546810195587,1629.6775266043785,1578.3646160459198,1625.1729736328125,433570.0
2025-01-02,1625.5647794970173,1656.8030663359298,1617.8286340484228,1653.5225830078125,615262.0
2025-01-03,1664.734938106878,1664.734938106878,1631.8808566601888,1647.5489501953125,647193.0
2025-01-06,1630.4610641341635,1663.5599611792636,1599.761415753126,1607.1058349609375,309219.0
2025-01-07,1607.3994733273382,1623.5571949142598,1588.6468193584262,1592.5638427734375,542151.0
2025-01-08,1586.3945119023588,1597.0684248098096,1530.1363098973457,1543.1114501953125,1413532.0
2025-01-09,1528.6183634320455,1565.34045736459,1528.6183634320455,1541.789306640625,777640.0
2025-01-10,1541.789339796533,1552.120536926953,1499.4365238835423,1507.2216796875,402378.0
2025-01-13,1489.0565060619192,1505.1163268204484,1447.9277580290898,1452.775146484375,906542.0
2025-01-14,1431.916935673868,1437.5476570827411,1374.8752796622402,1378.057861328125,2008577.0
2025-01-15,1375.51185264528,1390.837231708802,1359.2072176612526,1381.6322021484375,1287420.0
2025-01-16,1401.3151345863691,1411.8421350733038,1378.694348145314,1384.814697265625,489271.0
2025-01-17,1384.8147149886274,1408.3657469821508,1381.9748490528443,1397.936767578125,696620.0
2025-01-20,1386.7242214916912,1446.7036438705538,1383.4927488251417,1427.608154296875,1610101.0
2025-01-21,1432.700390366805,1443.276282349615,1403.7633307458282,1408.1209716796875,562153.0
2025-01-22,1421.8794634496182,1466.8762209687657,1411.7930805975252,1428.4404296875,913499.0
2025-01-23,1438.2330881101611,1477.6971485745314,1419.9210506514714,1469.5203857421875,1235078.0
2025-01-24,1504.136928048988,1516.8672536119025,1431.0354577358696,1439.26123046875,1968647.0
2025-01-27,1419.921057364052,1433.8264433519737,1358.1300338787896,1361.998046875,805934.0
2025-01-28,1385.6470530206557,1385.6470530206557,1333.7955026327431,1368.0694580078125,1371996.0
2025-01-29,1368.9506930954726,1402.2944032219486,1352.4013645538255,1398.328369140625,766197.0
2025-01-30,1399.258682562872,1405.1831086249472,1382.758245697624,1397.3001708984375,749914.0
2025-01-31,1390.543303757571,1408.120898408857,1387.8013395687376,1394.4603271484375,664221.0
2025-02-01,1394.4603573781403,1476.7178503695477,1356.8080170324208,1467.023193359375,1426531.0
2025-02-03,1439.506141676637,1466.9253062800017,1424.817303496263,1442.492919921875,802852.0
2025-02-04,1459.5318005275672,1477.5991422708191,1435.3932400060853,1451.69775390625,478244.0
2025-02-05,1439.6039791182409,1461.147607488126,1408.5126063571558,1412.0869140625,819735.0
2025-02-06,1421.7815992577014,1428.538488562323,1380.9955690043814,1385.696044921875,431647.0
2025-02-07,1387.50772860093,1401.2173113983797,1370.958279744965,1397.8878173828125,621350.0
2025-02-10,1397.8877579170703,1416.248805525438,1381.2894186943338,1390.0537109375,670743.0
2025-02-11,1382.758231585967,1394.3623891717032,1354.8004300462594,1360.7249755859375,694651.0
2025-02-12,1363.12422434034,1382.7093425061494,1338.4959143392196,1368.5101318359375,654233.0
2025-02-13,1374.826350601441,1381.6322512134918,1356.7591260417398,1367.8736572265625,561668.0
2025-02-14,1369.9790326974685,1371.398905966878,1331.249413228782,1336.0968017578125,828825.0
2025-02-17,1317.196985202304,1327.8218869870875,1310.2442927582103,1321.7015380859375,890483.0
2025-02-18,1312.2029201779026,1328.3606427024813,1298.052720085244,1307.306640625,415003.0
2025-02-19,1302.4103478808763,1309.0693358206097,1290.6592770729285,1301.2841796875,464950.0
2025-02-20,1302.4102223396078,1321.4566999563417,1293.5479094776358,1317.050048828125,728768.0
2025-02-21,1317.0501685056977,1321.261016670516,1275.7746281512295,1279.3978271484375,1297282.0
2025-02-24,1278.614335972439,1316.952227020504,1271.6127521634508,1314.94482421875,754464.0
2025-02-25,1316.168988655519,1325.3738988238722,1306.9149483370534,1318.1763916015625,400379.0
2025-02-27,1310.24428340459,1332.620254919843,1294.6252009355826,1307.6982421875,621665.0
2025-02-28,1307.3063549173207,1307.3063549173207,1250.1177983301816,1257.804931640625,900840.0
2025-03-03,1248.8451538018685,1289.7779805579996,1248.404416904008,1279.05517578125,705964.0
2025-03-04,1275.0400862048225,1275.0400862048225,1244.7320469015087,1261.281494140625,516071.0
2025-03-05,1262.1629605133426,1299.325674312037,1261.281606290773,1292.8135986328125,621963.0
2025-03-06,1302.606119893091,1308.5306657647284,1292.7646700511548,1305.201171875,275303.0
2025-03-07,1311.321560589616,1313.0842690366842,1295.5555644013416,1300.304931640625,265595.0
2025-03-10,1288.7007057320802,1316.6094976115364,1281.7480130662154,1285.86083984375,613699.0
2025-03-11,1283.755424118311,1298.8359882965506,1274.011876109336,1292.4708251953125,302563.0
2025-03-12,1293.0583492839526,1311.1745826485894,1284.489860530408,1308.5306396484375,598766.0
2025-03-13,1316.1197968169918,1334.1381274667417,1304.6135411528553,1325.6185302734375,441272.0
2025-03-17,1335.704981493454,1336.9290513078724,1311.2235852050842,1324.982177734375,546482.0
2025-03-18,1324.982177734375,1324.982177734375,1324.982177734375,1324.982177734375,0.0
2025-03-19,1346.0850531263347,1346.0850531263347,1296.485720945937,1319.3514404296875,838919.0
2025-03-20,1332.57146031693,1359.207172657526,1322.0933505916116,1349.1697998046875,855272.0
2025-03-21,1390.5434365846206,1390.592447196915,1357.2977451941845,1362.7325439453125,1093226.0
2025-03-24,1370.9580656698834,1375.952246144355,1356.5630537955722,1363.6136474609375,440777.0
2025-03-25,1378.79226423504,1378.79226423504,1331.787982499755,1337.222900390625,426894.0
2025-03-26,1347.1133300827305,1347.1133300827305,1327.6261148162068,1333.2568359375,421022.0
2025-03-27,1339.7690319833632,1389.4662707070734,1339.13249171771,1378.8902587890625,768855.0
2025-03-28,1387.6054694258,1391.0328647278398,1361.949015265756,1372.231201171875,959532.0
2025-04-01,1378.7433017944345,1383.933405899256,1358.2279384272197,1376.980712890625,365985.0
2025-04-02,1385.5491016382668,1410.3732130903766,1365.9149743767905,1404.6934814453125,870739.0
2025-04-03,1408.179701597562,1408.3760524912475,1388.0979678884298,1404.3990478515625,230919.0
2025-04-04,1404.3497758391125,1416.2810284463558,1391.632999854343,1401.6492919921875,500497.0
2025-04-07,1345.3321063693431,1386.8705105952315,1339.4401409399884,1378.5235595703125,579009.0
2025-04-08,1385.5938468543916,1412.9423619549727,1385.5938468543916,1399.43994140625,562645.0
2025-04-09,1408.523368464354,1429.734419385608,1399.832743696825,1425.4627685546875,886893.0
2025-04-11,1457.2793857885497,1457.2793857885497,1428.605203235446,1450.3072509765625,693426.0
2025-04-15,1522.4838340705455,1522.8766557256365,1453.9405908528363,1474.66064453125,797044.0
2025-04-16,1487.42647754429,1487.42647754429,1456.886483731182,1476.133544921875,739318.0
2025-04-17,1484.6770355166984,1499.014126674526,1473.1876316037174,1490.4708251953125,569237.0
2025-04-21,1511.092793735069,1511.092793735069,1477.9013402704236,1489.390625,528024.0
2025-04-22,1497.2465648545426,1531.911009361467,1489.3906109603813,1529.55419921875,823672.0
2025-04-23,1531.911019054601,1556.853696800856,1515.7081140453697,1551.9437255859375,1385393.0
2025-04-24,1556.460743931249,1580.224954659373,1528.670261248401,1532.696533203125,1320677.0
2025-04-25,1537.3120362556867,1545.6589875863629,1502.7458857528852,1519.5379638671875,517429.0
2025-04-28,1505.3969842531178,1532.2054716476528,1499.5050195397982,1528.572021484375,604732.0
2025-04-29,1532.0090886741064,1536.7227086637515,1507.2628834093082,1518.0648193359375,560975.0
2025-04-30,1508.441236493009,1540.7488690016733,1508.441236493009,1535.74072265625,705329.0
2025-05-02,1535.7407205173306,1546.7390073732302,1523.072971633724,1532.9910888671875,810473.0
2025-05-05,1537.3118863257682,1543.007500509573,1525.5279561846571,1531.027099609375,247436.0
2025-05-06,1531.0271085774857,1559.406764474698,1522.581982568022,1547.91748046875,898145.0
2025-05-07,1585.9206125188,1586.902606706118,1509.9142384459085,1560.8797607421875,2290058.0
2025-05-08,1560.879830619892,1565.0041584423318,1504.5133377699394,1509.521484375,715376.0
2025-05-09,1497.6392541907155,1516.4936137941177,1471.5182337751792,1503.62939453125,991191.0
2025-05-12,1527.00097963731,1551.452659169957,1524.1531724853835,1536.0352783203125,480122.0
2025-05-13,1536.035367351321,1544.8733156556953,1521.207278059562,1525.9208984375,427254.0
2025-05-14,1522.0910586918412,1534.3659865845175,1493.6132259808326,1506.77197265625,638135.0
2025-05-15,1502.254794004601,1518.163052295763,1500.585331920199,1510.798095703125,441481.0
2025-05-16,1522.0909693648937,1529.1612794672028,1503.531255505913,1512.565673828125,847943.0
2025-05-19,1512.5657706601032,1539.4723168464238,1508.4413229427696,1527.9830322265625,982452.0
2025-05-20,1543.694754889694,1543.694754889694,1512.3691185227465,1528.572021484375,726976.0
2025-05-21,1541.7308910074532,1541.7308910074532,1474.660639328703,1529.3577880859375,2403116.0
2025-05-22,1523.5639426531052,1548.604793789202,1491.7473078233625,1540.15966796875,776793.0
2025-05-23,1542.0254553737675,1564.21849909834,1539.9631717693535,1550.4705810546875,640485.0
2025-05-26,1551.5508007121907,1559.7014003357524,1525.0369579152102,1527.491943359375,343457.0
2025-05-27,1535.1516596138947,1536.8210018906527,1501.1745626518548,1505.495361328125,639811.0
2025-05-28,1505.495234018225,1512.0746668629947,1490.7653215076966,1495.282470703125,423530.0
2025-05-29,1497.63931164105,1501.7637591526666,1479.570594613455,1495.184326171875,649913.0
2025-05-30,1492.7293701171875,1510.1107395048518,1471.5183192200157,1492.7293701171875,1450384.0
2025-06-02,1492.7292918991027,1523.3675814761143,1483.7931690579326,1521.3052978515625,962416.0
2025-06-03,1550.5687864598704,1580.814254689339,1533.4820640152311,1551.157958984375,2105296.0
2025-06-04,1561.1743428582056,1570.012290181255,1539.4721763115192,1555.576904296875,1158597.0
2025-06-05,1552.5327890715985,1615.1840653208287,1543.694841505726,1581.0106201171875,2195473.0
2025-06-06,1594.2675964076975,1598.2937486853218,1557.835635271771,1564.7095947265625,803768.0
2025-06-09,1571.4852237977864,1578.6537088847604,1554.987674783892,1564.02197265625,619292.0
2025-06-10,1575.1186858716676,1615.3804477923277,1574.5295133302232,1580.9124755859375,1003019.0
2025-06-11,1495.5771407558814,1520.126995331651,1455.9045517869704,1476.722900390625,9786390.0
2025-06-12,1477.9012047487663,1487.0337983483066,1456.2973333172229,1458.3594970703125,1578161.0
2025-06-13,1438.621546321992,1446.379324710074,1416.1338544903404,1426.935791015625,1568758.0
2025-06-16,1432.6314490011182,1465.9210783689684,1421.5348659210529,1458.654296875,1234580.0
2025-06-17,1463.1713813164224,1463.9570246378776,1440.978336017232,1448.2451171875,946768.0
2025-06-18,1448.245050189423,1448.736047274533,1432.3366727084574,1435.4791259765625,366997.0
2025-06-19,1443.138669522263,1453.8424304041305,1429.7835722177738,1434.4971923828125,593453.0
2025-06-20,1440.5854766201762,1441.0764737151387,1422.7132303124736,1432.63134765625,1652262.0
2025-06-23,1427.7214216730745,1430.6674043356345,1389.7181734026472,1394.3336181640625,3416836.0
2025-06-24,1404.2516852434903,1422.9095747677045,1401.5020535751976,1417.312255859375,1116069.0
2025-06-25,1414.0715109340983,1435.3807350596603,1403.7605728335373,1428.7032470703125,1958351.0
2025-06-26,1428.8016624886425,1434.4972772021408,1412.59875703774,1418.49072265625,1725849.0
2025-06-27,1426.1502934607674,1434.6935954642863,1414.3663624918615,1416.2320556640625,2130175.0
2025-06-30,1401.1094657066178,1410.9294083598115,1392.467868222869,1402.385986328125,3001009.0
2025-07-01,1406.1175094742598,1407.2958545573797,1371.7477127059851,1375.1846923828125,1280859.0
2025-07-02,1378.621602606356,1381.2729388459736,1355.5447402245272,1358.49072265625,1464003.0
2025-07-03,1363.204251131382,1367.4268739874226,1352.9916077190385,1356.8212890625,930122.0
2025-07-04,1359.9639553401648,1366.4450938662455,1347.492555574783,1353.384521484375,905626.0
2025-07-07,1361.0438821856362,1369.783654032723,1345.4301513376115,1357.705078125,1772885.0
2025-07-08,1357.7051616212527,1361.9277846447303,1336.7887570126234,1340.12744140625,963015.0
2025-07-09,1340.42203078373,1350.7329694820662,1338.0652208210718,1346.2158203125,1302716.0
2025-07-10,1353.5808125769106,1360.3565964478937,1343.5643999369202,1359.0799560546875,686811.0
2025-07-11,1359.963762473166,1359.963762473166,1331.5841067255656,1333.1552734375,781058.0
2025-07-14,1342.3860460208657,1348.8671836438657,1321.0768202326733,1339.4400634765625,1850508.0
2025-07-15,1345.0374452691317,1349.260068395726,1333.6463362061977,1345.5284423828125,962048.0
2025-07-16,1350.242004491748,1356.9196128992603,1340.8148842894004,1352.40234375,1343693.0
2025-07-17,1356.8213197073858,1374.693685827318,1351.7149978858836,1355.1519775390625,1027003.0
2025-07-18,1362.0259608410854,1362.0259608410854,1336.788757749202,1337.770751953125,509628.0
2025-07-21,1346.412322199206,1350.2421238340046,1333.548221212057,1341.7969970703125,949878.0
2025-07-22,1345.2338748853203,1347.296038725228,1316.952394053523,1319.3092041015625,827126.0
2025-07-23,1327.6561551426948,1329.6201435378764,1312.8280667335423,1318.130859375,860631.0
2025-07-24,1324.710136846384,1327.6561193597563,1308.310882137546,1311.1585693359375,924127.0
2025-07-25,1313.024370719054,1316.952347369098,1282.9753733206826,1286.01953125,815158.0
2025-07-28,1286.117710099915,1301.2404442171264,1279.3420462585011,1292.3043212890625,746523.0
2025-07-29,1292.3043249769871,1307.034237495722,1275.4140732377723,1300.1602783203125,1769493.0
2025-07-30,1301.1422081051048,1306.641351198857,1289.3582786732095,1292.10791015625,541385.0
2025-07-31,1286.4124260696728,1323.7282063678772,1282.5826246435468,1316.068603515625,1486378.0
2025-08-01,1319.822625119068,1321.205696898558,1300.5587469829738,1306.3873291015625,1209840.0
2025-08-04,1306.980048514682,1326.3426917816475,1298.089027776487,1323.477783203125,1091819.0
2025-08-05,1332.5664389195897,1332.7639689190269,1304.0163596541786,1307.6715087890625,1528084.0
2025-08-06,1308.9558737545458,1308.9558737545458,1288.6053386281965,1292.3592529296875,1071422.0
2025-08-07,1289.3955365650877,1292.1616801417151,1268.2547615135825,1274.379638671875,1182773.0
2025-08-08,1282.2827428211504,1294.8289124839905,1270.4280487426804,1275.8614501953125,1324949.0
2025-08-11,1282.2827899226274,1290.0871545960642,1269.3414391966996,1286.431884765625,691799.0
2025-08-12,1288.605262663458,1291.5689361651714,1274.8735513204151,1282.085205078125,642530.0
2025-08-13,1284.357310717022,1293.1495664176723,1278.8251441769878,1290.3834228515625,402056.0
2025-08-14,1303.0284135227216,1317.748015625607,1284.1597168691455,1303.3248291015625,1527475.0
2025-08-18,1308.9558203498448,1309.7461815348547,1286.8270336836065,1291.667724609375,2136037.0
2025-08-19,1299.0769110054484,1317.6493135593587,1287.2222167605316,1312.51220703125,1846772.0
2025-08-20,1313.8952947601874,1327.0342959446643,1308.165477568719,1319.723876953125,1075724.0
2025-08-21,1323.8729855054871,1324.5645817073316,1309.5485629701934,1320.810546875,1071331.0
2025-08-22,1317.0565997118508,1321.8972910782263,1311.030487052247,1313.796630859375,545032.0
2025-08-25,1318.8347256652985,1318.933490664889,1290.6798270275,1295.4217529296875,1258475.0
2025-08-26,1295.421855973707,1295.421855973707,1280.2083064688975,1287.0247802734375,1382762.0
2025-08-28,1287.0246742625884,1289.0992216168672,1263.710346000226,1265.9825439453125,1374328.0
2025-08-29,1274.3796509627073,1299.3733466176882,1268.6498337525115,1295.1253662109375,1687323.0
2025-09-01,1295.1253404008214,1311.91949050518,1287.5186265316038,1305.2017822265625,911511.0
2025-09-02,1305.893342891789,1324.0705642758503,1305.201746727461,1317.8468017578125,969704.0
2025-09-03,1317.8468574392527,1334.838537799046,1309.8449628580966,1330.7882080078125,1743317.0
2025-09-04,1347.4835432776438,1347.4835432776438,1302.3369654677513,1305.4981689453125,716303.0
2025-09-05,1312.0182955368366,1316.8589865977567,1294.2362537073095,1296.2120361328125,551551.0
2025-09-08,1298.978174804066,1301.0527222244827,1278.6276400175498,1280.3070068359375,822646.0
2025-09-09,1284.2586011419994,1291.3713697729863,1276.059055682447,1288.6053466796875,411404.0
2025-09-10,1293.939949355708,1301.349133397845,1285.44398851364,1287.7161865234375,748158.0
2025-09-11,1290.2846222774629,1305.9921158681411,1287.024653798911,1303.0284423828125,1024840.0
2025-09-12,1308.2643725366138,1309.8449743480105,1282.282785578087,1293.841064453125,1240784.0
2025-09-15,1306.7825974821726,1306.7825974821726,1289.2968499517417,1299.3734130859375,1111447.0
2025-09-16,1305.0042430906367,1315.17957043715,1299.5708416243244,1313.895263671875,879154.0
2025-09-17,1315.8710807472628,1329.5040275684562,1308.6594267375235,1320.9093017578125,1831382.0
2025-09-18,1325.7499693996567,1325.7499693996567,1304.4115439361024,1311.3267822265625,708672.0
2025-09-19,1311.9195354232766,1321.6009175811978,1306.1897181310885,1312.1170654296875,1037085.0
2025-09-22,1334.6409830090045,1346.4956771586037,1320.8105065011391,1323.6754150390625,1193493.0
2025-09-23,1322.983812377974,1327.231792664313,1308.9558059398694,1324.9595947265625,608739.0
2025-09-24,1319.822633438554,1340.568348485118,1316.6614298588097,1334.542236328125,755361.0
2025-09-25,1326.8366106597998,1346.2981391279322,1298.7804772213556,1301.6453857421875,1180092.0
2025-09-26,1303.8188504141938,1303.9176154154848,1279.31910048464,1281.6900634765625,733634.0
2025-09-29,1288.8028398367412,1297.6938606673382,1284.2585644195406,1292.6556396484375,829604.0
2025-09-30,1292.754439628533,1325.8487958378587,1275.3675780966987,1308.264404296875,1455473.0
2025-10-01,1318.340841680591,1338.3950818141448,1314.586806783253,1330.39306640625,1098185.0
2025-10-03,1330.6895066383013,1352.324349016115,1324.959689182046,1346.1005859375,1058525.0
2025-10-06,1346.1004992322414,1347.4835710042018,1324.663308839503,1344.5198974609375,405517.0
2025-10-07,1343.5320562336135,1348.4715123227077,1330.788235405313,1335.431396484375,269092.0
2025-10-08,1331.874897002716,1335.4314018749717,1309.4498145045832,1316.957763671875,727143.0
2025-10-09,1316.9578096591365,1327.5283184568957,1309.7462758434408,1321.4033203125,889040.0
2025-10-10,1321.4032574821606,1333.1591869916324,1313.20383280003,1320.810546875,849804.0
2025-10-13,1320.8105242586578,1322.29236104728,1298.6817374301277,1300.16357421875,526581.0
2025-10-14,1300.163701091769,1307.5728857578863,1284.258675460278,1286.629638671875,647546.0
2025-10-15,1295.1253917883882,1318.834781111745,1289.5932250647097,1316.957763671875,822427.0
2025-10-16,1309.05464257194,1347.1872198679223,1309.05464257194,1342.6429443359375,835083.0
2025-10-17,1342.1490174180155,1352.719526063954,1333.850706865817,1344.9151611328125,560298.0
2025-10-20,1350.1508651943006,1359.6347172610413,1343.6308073425578,1349.064208984375,518539.0
2025-10-21,1356.3745966975207,1356.3745966975207,1340.568337741104,1343.235595703125,94445.0
2025-10-23,1343.235575923509,1358.8443046500008,1331.8748274658751,1334.8385009765625,526206.0
2025-10-24,1344.717537486849,1347.5824462648525,1328.4173316651909,1340.963623046875,561687.0
2025-10-27,1348.0763251212052,1348.0763251212052,1329.7015726781178,1336.715576171875,422172.0
2025-10-28,1336.7155827122256,1358.350424500896,1321.0080882304685,1335.431396484375,417933.0
2025-10-29,1336.0240291209084,1376.1323861050307,1336.0240291209084,1370.6002197265625,1390351.0
2025-10-30,1370.6002444507158,1382.9488841754912,1359.2394959039225,1377.7130126953125,958881.0
2025-10-31,1437.381713366051,1469.98212335992,1410.7086506437945,1414.0675048828125,10485938.0
2025-11-03,1417.6238839559585,1447.063090201118,1410.9061755024277,1430.0712890625,1297031.0
2025-11-04,1437.381750854572,1440.444189573006,1425.5270560021634,1433.3314208984375,961290.0
2025-11-06,1452.2000801794698,1457.139536234502,1396.3842267576058,1399.347900390625,1003182.0
2025-11-07,1399.3478830995014,1416.3395634819778,1386.9992431145074,1411.7952880859375,507698.0
2025-11-10,1411.7952601828445,1412.783151362119,1388.481052470402,1392.4326171875,429606.0
2025-11-11,1396.1866491365954,1413.6722747382023,1391.6422532471972,1397.3720703125,1025644.0
2025-11-12,1400.9284570984569,1421.7729368610412,1395.1987606144348,1418.216552734375,1363723.0
2025-11-13,1417.6239548889723,1418.5130811393976,1400.2370928707942,1403.595947265625,464975.0
2025-11-14,1401.8177036109976,1415.0554706669895,1395.6928260110976,1412.091796875,335913.0
2025-11-17,1416.6360202611704,1420.6863501755572,1407.0535235911198,1417.525146484375,380093.0
2025-11-18,1420.587481628192,1420.7850116224215,1399.743002365297,1417.327392578125,455921.0
2025-11-19,1410.9061618105402,1411.2025774070387,1391.642283435015,1394.60595703125,484493.0
2025-11-20,1392.9265147381675,1415.4504810856995,1389.666425722121,1399.0513916015625,560899.0
2025-11-21,1392.926543198102,1412.6843665058764,1378.404591303761,1409.8194580078125,1018074.0
2025-11-24,1417.525020548954,1421.5753501035022,1398.9526188847394,1413.8697509765625,888660.0
2025-11-25,1414.166246040118,1418.5129914177776,1402.1140216946042,1413.07958984375,522357.0
2025-11-26,1413.079659428048,1445.7788354835104,1411.696587568115,1441.8272705078125,1283956.0
2025-11-27,1442.3212203586054,1451.0147115675072,1423.5512866690071,1428.293212890625,855725.0
2025-11-28,1428.2931306022972,1442.3211372620813,1421.575422274065,1434.0228271484375,714629.0
2025-12-01,1440.0490156278045,1440.0490156278045,1418.6118239073078,1429.577392578125,512075.0
2025-12-02,1437.2829920357788,1438.468413289245,1411.7953497565156,1423.4525146484375,761536.0
2025-12-03,1414.660108611913,1421.1801659996493,1399.2490309884874,1404.0897216796875,965273.0
2025-12-04,1407.7449281231018,1419.8960378448278,1398.1624319369623,1414.5614013671875,756367.0
2025-12-05,1408.3377496413914,1439.4563241878525,1407.7450390065642,1437.9744873046875,612882.0
2025-12-08,1441.234589162896,1447.161936746875,1404.2874317709889,1412.091796875,456180.0
2025-12-09,1407.7449504400834,1422.8597339343146,1393.1241125424976,1418.01904296875,404040.0
2025-12-10,1418.01905668593,1427.50278811483,1411.6965288692677,1419.105712890625,384839.0
2025-12-11,1428.0955517414004,1428.0955517414004,1407.4486007168534,1419.7972412109375,287781.0
2025-12-12,1422.563388876409,1433.430192541437,1415.648150180482,1429.577392578125,347794.0
2025-12-15,1427.5026969464905,1429.3797142304616,1412.1903842802824,1424.9342041015625,229303.0
2025-12-16,1422.4645685385651,1436.9865209982495,1420.6863161347644,1433.8253173828125,428654.0
2025-12-17,1434.319303491537,1438.666049029661,1395.00118423114,1407.646240234375,726612.0
2025-12-18,1392.9265279190224,1392.9265279190224,1355.683079629266,1374.3541259765625,1129800.0
2025-12-19,1375.0457864899563,1394.5071949085302,1370.6002760864276,1389.66650390625,397838.0
2025-12-22,1389.6664925519972,1416.1420247535707,1387.690710166572,1409.42431640625,530499.0
2025-12-23,1416.4384232878638,1434.8131751325654,1409.0292394317594,1424.341552734375,386351.0
2025-12-24,1422.6621695094066,1427.1076801484771,1398.3600688009271,1404.880126953125,499655.0
2025-12-26,1404.880118740743,1416.6360487026698,1398.9527712566314,1411.1038818359375,578732.0
2025-12-29,1407.7450209193876,1417.623933346892,1397.3721628705075,1412.3880615234375,923624.0
2025-12-30,1407.7449915421855,1419.797216215355,1390.0617145475337,1406.5595703125,2611454.0
2025-12-31,1404.0897188321896,1429.478472772409,1395.1986986145314,1426.2183837890625,765435.0
2026-01-01,1429.972514618968,1433.9240794262053,1373.168770514933,1387.19677734375,1020153.0
2026-01-02,1387.0980358152945,1392.531437517193,1354.4976256039042,1364.8704833984375,1986738.0
2026-01-05,1364.5741776106402,1374.3542041230617,1352.225537476584,1358.8443603515625,1093742.0
2026-01-06,1358.8443740491246,1364.5741913659606,1345.310312562647,1359.9310302734375,1189346.0
2026-01-07,1359.930913359913,1364.2776584756646,1348.3726353084685,1361.116455078125,825599.0
2026-01-08,1361.1166027872646,1362.3020240419396,1327.231884916857,1333.8507080078125,863070.0
2026-01-09,1323.774199453536,1339.5804585514886,1308.8570665482805,1314.8831787109375,753264.0
2026-01-12,1312.9073637473784,1315.1795616732052,1294.1374315342855,1311.5242919921875,564288.0
2026-01-13,1314.2905095269466,1318.24207442595,1297.891539314521,1303.4237060546875,565666.0
2026-01-14,1294.137580551787,1327.034408508036,1294.137580551787,1319.82275390625,1050390.0
2026-01-15,1319.82275390625,1319.82275390625,1319.82275390625,1319.82275390625,0.0
2026-01-16,1333.6530811735477,1337.1107002728866,1321.2056765343648,1332.3687744140625,888719.0
2026-01-19,1324.2682677921066,1335.826547591906,1301.0528225902308,1308.7584228515625,429661.0
2026-01-20,1307.4739917372488,1312.7098632882205,1297.1011342281886,1302.63330078125,1422810.0
2026-01-21,1269.4402849601977,1313.203916561852,1260.5492635091146,1304.0164794921875,2399345.0
2026-01-22,1303.5224357550724,1324.3669159143403,1296.607197369104,1322.193603515625,1240014.0
2026-01-23,1337.604600613044,1341.062219595426,1310.9315398918088,1316.85888671875,1398884.0
2026-01-27,1318.942892222619,1318.942892222619,1290.1645124340007,1301.4774169921875,830607.0
2026-01-28,1303.164325782603,1321.4237350892647,1299.2942269420755,1316.5611572265625,1154014.0
2026-01-29,1318.8437068782086,1327.477172531463,1313.9811287276923,1320.2330322265625,949233.0
2026-01-30,1322.416151782389,1357.545646691815,1317.8513295370833,1352.1868896484375,1803157.0
2026-02-02,1331.7443502251206,1338.2938883757884,1307.9277597590976,1336.2099609375,510793.0
2026-02-03,1354.5685867445811,1360.5227343786232,1339.6832176594758,1355.66015625,726570.0
2026-02-04,1364.4921871313386,1364.4921871313386,1339.6832382744053,1347.7213134765625,506352.0
2026-02-05,1349.6067430511562,1356.45403678383,1342.8586608809248,1349.0113525390625,519049.0
2026-02-06,1355.5608699136485,1367.7669203451514,1341.66785953386,1366.476806640625,475208.0
2026-02-09,1368.1638168721552,1402.5987094043708,1355.7593428628788,1399.0262451171875,689551.0
2026-02-10,1399.2246998480766,1401.5071715723102,1390.2934783596847,1399.12548828125,309157.0
2026-02-11,1409.1482561155894,1409.346679245981,1388.904130180525,1402.1025390625,383041.0
2026-02-12,1402.1025046731145,1417.384840599139,1396.6445362093511,1406.568115234375,493044.0
2026-02-13,1403.1940666378202,1412.1252877126012,1387.415551844886,1391.6827392578125,383577.0
2026-02-16,1379.9729103532798,1395.4536698015138,1379.873698787975,1390.29345703125,151661.0
2026-02-17,1396.247591168693,1414.9039684893207,1391.2858015767645,1413.11767578125,567457.0
2026-02-18,1419.071769478874,1420.3618831788294,1405.2779707088996,1413.7130126953125,271072.0
2026-02-19,1418.8733942519295,1418.8733942519295,1379.774468202928,1386.4232177734375,278639.0
2026-02-20,1390.2933949635133,1399.6215832971086,1365.1866920527375,1368.75927734375,288978.0
2026-02-23,1369.4538695444096,1409.148184603668,1369.4538695444096,1406.0718994140625,785217.0
2026-02-24,1407.163466188885,1414.109971311115,1394.8582043163046,1410.63671875,681459.0
2026-02-25,1413.117682522124,1416.392512123395,1395.7514188675332,1401.70556640625,381768.0
2026-02-26,1394.7590968660593,1399.02628450035,1365.1867815404955,1378.186767578125,559059.0
2026-02-27,1374.415657355859,1382.0567645410576,1360.522647100998,1370.247802734375,1362196.0
2026-03-02,1334.7213440918852,1364.1943245733637,1334.7213440918852,1356.15625,957355.0
2026-03-04,1329.858804993296,1345.6373199189486,1301.1796372955591,1306.7369384765625,837406.0
2026-03-05,1306.7369913791445,1321.6223605649452,1299.9889088932705,1315.668212890625,628562.0
2026-03-06,1309.912446305489,1407.0643103006344,1296.8133702974103,1379.1790771484375,5578937.0
2026-03-09,1379.07967751078,1379.07967751078,1329.8587515994589,1345.4388427734375,773145.0
2026-03-10,1351.2937280670787,1399.224663946609,1343.652620555822,1396.3468017578125,747118.0
2026-03-11,1391.0873652865744,1402.7971159302715,1367.0722312063897,1371.537841796875,316208.0
2026-03-12,1356.652420160018,1358.3395012218652,1330.8511155341128,1353.0799560546875,842671.0
2026-03-13,1339.6831409887009,1357.54558286855,1299.988825700147,1304.355224609375,675221.0
2026-03-16,1299.8895914041946,1352.980737174065,1292.6453305357618,1307.332275390625,885117.0
2026-03-17,1314.8742119575438,1322.3168961761714,1288.7751508425808,1291.45458984375,1291896.0
2026-03-18,1300.7828048752017,1320.33220736734,1295.2255036351044,1310.210205078125,1747262.0
2026-03-19,1301.0804686736526,1307.5307952725827,1271.3097305247438,1279.0501708984375,806047.0
2026-03-20,1286.0959074004506,1307.530814962969,1286.0959074004506,1290.16455078125,867349.0
2026-03-23,1279.0500874643533,1279.0500874643533,1256.7220353091593,1265.4547119140625,1141612.0
2026-03-24,1281.0348637381187,1324.6986122379776,1272.8974561079528,1317.851318359375,1628922.0
2026-03-25,1327.6757226393556,1335.1184072481374,1295.0271219280112,1301.57666015625,3189905.0
2026-03-27,1304.4544598792927,1304.55367144183,1241.0427658257977,1244.2183837890625,1426042.0
2026-03-30,1233.6992753508382,1243.3252195269592,1202.2415788213823,1209.48583984375,1479878.0
2026-04-01,1252.8518838087657,1252.8518838087657,1219.3101373951856,1239.7528076171875,3909216.0
2026-04-02,1228.6383045526984,1228.6383045526984,1201.74542941023,1211.867431640625,957515.0
2026-04-06,1215.8369027791043,1231.4169951598856,1204.1271517392709,1226.8521728515625,948501.0
2026-04-07,1215.638441254462,1239.8519985159166,1201.5470073699987,1228.6383056640625,649429.0
2026-04-08,1259.3021728866674,1260.7907097340512,1236.7756970512353,1239.256591796875,713361.0
2026-04-09,1232.0123716220162,1246.401561624851,1223.180361806581,1240.149658203125,1159575.0
2026-04-10,1247.0961843830348,1260.9891956504273,1237.371149178327,1258.50830078125,1592029.0
2026-04-13,1235.4855766714563,1242.3328703600148,1217.9208904219458,1222.0887451171875,1370011.0
2026-04-15,1222.1880080671456,1249.67639553896,1222.1880080671456,1242.8291015625,1625397.0
2026-04-16,1247.195435452409,1253.4472174310574,1226.8520988567316,1244.9129638671875,1707814.0
2026-04-17,1248.3862218793956,1296.9125467824813,1245.3099366571007,1292.943115234375,2825738.0
2026-04-20,1298.996534666682,1308.4239350328648,1284.1111656674457,1297.7064208984375,1189368.0
2026-04-21,1304.950681533869,1356.8510498703838,1300.1873150018105,1352.5838623046875,2334336.0
2026-04-22,1366.0798573096235,1390.0949911087496,1344.2479835672027,1382.1561279296875,1841125.0
2026-04-23,1379.4766468057933,1383.9422572076703,1364.6904903587567,1371.736328125,1008437.0
2026-04-24,1372.4309302083896,1387.8124771485411,1359.6294894952275,1381.262939453125,967932.0
2026-04-27,1382.354535228856,1403.5910182172174,1371.4385984826122,1380.9652099609375,821321.0
2026-04-28,1386.3239929354827,1387.3163508402324,1359.728752633212,1363.896728515625,582625.0
2026-04-29,1369.3547409145108,1380.4691013492318,1350.301395849705,1352.9808349609375,769004.0
2026-04-30,1339.6831614148775,1339.6831614148775,1311.8971402892355,1315.4696044921875,1077576.0
2026-05-01,1315.4696044921875,1315.4696044921875,1315.4696044921875,1315.4696044921875,0.0
2026-05-04,1324.5000177107022,1329.362595563882,1302.5689327284333,1311.599365234375,778722.0
2026-05-05,1319.835998402211,1324.003853100085,1297.4087342357966,1305.5460205078125,656051.0
2026-05-06,1318.6452324629804,1318.6452324629804,1259.6991486854656,1280.439453125,2800460.0
2026-05-07,1286.790404450858,1291.2560148758416,1267.7371817592357,1270.0196533203125,995377.0
2026-05-08,1275.1799398111798,1282.027233754386,1264.1647910177312,1271.0120849609375,1284584.0
2026-05-11,1270.2181154815453,1270.2181154815453,1253.94342164945,1256.42431640625,437790.0
2026-05-12,1256.4243865276148,1263.8670712133926,1234.7910557234216,1237.966552734375,529790.0
2026-05-13,1246.7984619140625,1253.3479996801532,1226.5543369791524,1246.7984619140625,711715.0
2026-05-14,1257.2182107758665,1268.6303262903557,1242.8290216489015,1262.775390625,585021.0
2026-05-15,1279.14935807484,1331.8435393661834,1276.2714958811632,1310.6070556640625,3849617.0
2026-05-18,1310.21020700258,1310.21020700258,1261.5846690423948,1305.645263671875,837730.0
2026-05-19,1299.0957111977202,1317.8512998584345,1290.462245865973,1294.9278564453125,707901.0
2026-05-20,1290.0652951700313,1295.52326372652,1272.202852621523,1274.782958984375,988906.0
2026-05-21,1283.1187590880083,1284.5080843694195,1260.3937390499132,1262.8746337890625,946896.0
2026-05-22,1265.4547084169676,1277.0653681880435,1249.3785593646287,1272.302001953125,842545.0
2026-05-25,1280.1416789464213,1292.049973634295,1269.2257421492038,1274.2867431640625,739366.0
2026-05-26,1274.2867700376046,1287.088211324527,1266.546451009713,1283.5157470703125,1103951.0
2026-05-27,1285.1034584557942,1300.286582520324,1280.737059543206,1292.546142578125,443996.0
2026-05-28,1292.546142578125,1292.546142578125,1292.546142578125,1292.546142578125,0.0
2026-05-29,1295.920229142212,1298.8973028957491,1250.8671554445282,1260.2945556640625,2164859.0
2026-06-01,1267.1418245103764,1272.4012486886693,1235.5847948908652,1239.256591796875,509716.0
2026-06-02,1240.5466112274748,1267.7372424555758,1233.3024710959078,1265.25634765625,997132.0
2026-06-03,1270.2180746605563,1270.2180746605563,1240.943517471114,1253.248779296875,600804.0
2026-06-04,1253.2488555778264,1258.5082799308796,1238.4626981750112,1240.149658203125,611875.0
2026-06-05,1240.050469703461,1247.1955196236863,1232.012394538472,1237.172607421875,271036.0
2026-06-08,1233.302465811847,1237.470320601881,1219.8063012513846,1229.0352783203125,488904.0
2026-06-09,1230.4245664201042,1252.8518304042088,1229.6306316567543,1247.59228515625,555079.0
2026-06-10,1250.8671190215075,1266.1494547388254,1243.622857977197,1250.271728515625,902528.0
2026-06-11,1250.2717936588244,1265.8517648721315,1242.928320670488,1248.1878662109375,638516.0
2026-06-12,1261.1877326183644,1267.2410918366104,1251.5617878992375,1262.67626953125,497161.0
2026-06-15,1275.179912823652,1279.1493444589005,1256.4243241196136,1261.7830810546875,781530.0
2026-06-16,1266.050221796697,1292.0499495931365,1258.4089934983626,1289.0728759765625,1039955.0
2026-06-17,1294.0347187380542,1299.889654653084,1276.4700321304051,1298.004150390625,321861.0
2026-06-18,1318.8436847351454,1357.1486764826582,1315.1720088609125,1339.98095703125,2744272.0
2026-06-19,1337.698410802608,1338.0953781787011,1301.9735274280577,1310.4085693359375,784253.0
2026-06-22,1310.408672072928,1336.1107671877237,1303.9583454023682,1332.8359375,747124.0
2026-06-23,1332.8359299751082,1339.6832240142253,1323.8054969147977,1327.4771728515625,604501.0
2026-06-24,1325.8893909172964,1352.2860873266252,1310.1108757828383,1348.713623046875,1388539.0
2026-06-25,1356.55329705747,1385.232465604608,1355.560939122534,1374.3165283203125,1774172.0
2026-06-26,1374.3165283203125,1374.3165283203125,1374.3165283203125,1374.3165283203125,0.0
2026-06-29,1364.4921597464067,1364.4921597464067,1324.797842371966,1331.2481689453125,1861576.0
2026-06-30,1337.996272727354,1353.8739999307645,1320.03449691854,1340.0802001953125,943978.0
2026-07-01,1341.6678519569837,1363.3013021668858,1340.3777382597427,1342.0648193359375,447614.0
2026-07-02,1349.4083751895755,1371.438673001334,1341.9656906400023,1362.9044189453125,320446.0
2026-07-03,1364.4921452886365,1388.308735460947,1358.736420875351,1382.65234375,703591.0
2026-07-06,1382.6522880042494,1421.552668595662,1382.156109062331,1416.3924560546875,1181466.0
2026-07-07,1424.033625307582,1429.987772869844,1412.2245417482748,1428.4000244140625,719161.0
2026-07-08,1427.0,1427.0,1397.800048828125,1408.800048828125,2405459.0
2026-07-09,1409.0,1420.0,1378.4000244140625,1381.199951171875,621336.0
2026-07-10,1384.9000244140625,1391.800048828125,1375.699951171875,1385.699951171875,568746.0
2026-07-13,1378.5999755859375,1398.699951171875,1368.800048828125,1373.4000244140625,804212.0
2026-07-14,1373.0,1390.5999755859375,1367.0999755859375,1386.300048828125,565373.0
2026-07-15,1393.5,1394.9000244140625,1370.5,1373.4000244140625,967379.0
2026-07-16,1373.4000244140625,1392.4000244140625,1357.5999755859375,1381.5999755859375,428267.0
2026-07-17,1363.0,1382.0999755859375,1351.0,1375.800048828125,476712.0
2026-07-20,1367.0,1399.0,1363.5,1395.300048828125,656234.0
2026-07-21,1400.0,1400.300048828125,1375.199951171875,1390.800048828125,621923.0
2026-07-22,1390.0,1407.800048828125,1375.699951171875,1404.199951171875,666171.0
2026-07-23,1399.9000244140625,1435.4000244140625,1395.0,1418.0,1621296.0
2026-07-24,1416.0,1480.0,1410.5,1467.199951171875,3954221.0
2026-07-27,1477.699951171875,1503.5,1471.699951171875,1482.0,1154306.0
2026-07-28,1480.0,1511.9000244140625,1475.4000244140625,1508.800048828125,882152.0
2026-07-29,1511.199951171875,1536.800048828125,1493.9000244140625,1504.4000244140625,1826758.0
2026-07-30,1507.0,1535.4000244140625,1507.0,1531.9000244140625,1362733.0
2026-07-31,1532.9000244140625,1535.0,1510.5999755859375,1515.9000244140625,784002.0
2026-08-03,1515.0,1530.0,1512.699951171875,1530.0,410981.0
2026-08-04,1530.0,1548.0,1521.5,1525.0,553258.0
2026-08-05,1528.0,1540.0,1520.0,1520.0,443864.0
2026-08-06,1520.0,1534.0,1516.4000244140625,1525.0,408969.0
2026-08-07,1521.199951171875,1529.800048828125,1512.4000244140625,1512.4000244140625,324797.0
2026-08-10,1503.0,1533.699951171875,1503.0,1522.0,587414.0
2026-08-11,1513.199951171875,1548.699951171875,1513.199951171875,1548.699951171875,546668.0
2026-08-12,1546.5999755859375,1546.5999755859375,1518.0999755859375,1535.0,450036.0
2026-08-13,1520.5,1532.699951171875,1515.0,1515.0,311422.0
2026-08-14,1515.5,1545.5,1510.0999755859375,1536.0,603589.0
2026-08-17,1536.0,1546.300048828125,1523.5,1545.0,363526.0
2026-08-18,1550.0,1550.0,1520.0,1520.9000244140625,328688.0
2026-08-19,1534.199951171875,1534.199951171875,1512.0,1524.0,263050.0
2026-08-20,1530.0,1546.9000244140625,1517.199951171875,1544.0,965600.0
2026-08-21,1550.0,1563.4000244140625,1527.0,1556.0,831704.0
2026-08-24,1556.699951171875,1557.5,1540.0999755859375,1555.0,399707.0
2026-08-25,1550.0,1556.199951171875,1542.199951171875,1550.0,223019.0
2026-08-26,1549.300048828125,1554.5999755859375,1519.699951171875,1538.5,636713.0
2026-08-27,1531.0,1531.9000244140625,1507.699951171875,1522.0,717436.0
2026-08-28,1526.0,1540.0,1497.699951171875,1510.0,612774.0
2026-08-31,1510.0,1510.9000244140625,1479.699951171875,1490.0,1523133.0
2026-09-01,1490.0999755859375,1498.9000244140625,1459.0,1470.0,392270.0
2026-09-02,1459.0,1470.0,1446.300048828125,1469.5,878500.0
2026-09-03,1474.199951171875,1488.9000244140625,1448.0,1488.9000244140625,695331.0
2026-09-04,1488.0999755859375,1489.9000244140625,1462.5,1471.699951171875,357038.0
2026-09-07,1457.9000244140625,1468.4000244140625,1431.5,1440.0,377003.0
2026-09-08,1431.800048828125,1441.9000244140625,1426.9000244140625,1440.0,506102.0
2026-09-09,1438.0,1439.9000244140625,1395.199951171875,1405.199951171875,493439.0
2026-09-10,1405.199951171875,1416.0999755859375,1391.4000244140625,1400.0,432902.0
2026-09-11,1395.0999755859375,1407.199951171875,1384.300048828125,1395.0,552853.0
2026-09-14,1395.0,1395.0,1395.0,1395.0,0.0
2026-09-15,1392.0999755859375,1403.5999755859375,1370.5999755859375,1370.5999755859375,343060.0
2026-09-16,1370.0,1398.199951171875,1368.0999755859375,1389.5,235642.0
2026-09-17,1380.0999755859375,1395.4000244140625,1378.0999755859375,1390.0,263642.0
2026-09-18,1382.0,1405.0,1371.0,1371.0,842151.0
2026-09-21,1384.0,1411.0,1379.5,1397.0,773709.0
2026-09-22,1402.9000244140625,1405.300048828125,1390.199951171875,1398.0,387186.0
2026-09-23,1398.0,1442.0,1397.0999755859375,1441.0,767514.0
2026-09-24,1434.0,1442.0,1421.2,1423.3,219089.0
