Date,Open,High,Low,Close,Volume
2021-09-23,120.48302353156076,123.39963211848452,120.48302353156076,122.58982849121094,2342902.0
2021-09-24,123.27454601142418,124.03826093892954,120.61469905277228,122.23430633544922,2375227.0
2021-09-27,123.37331611724456,123.75517362753064,118.11288062940896,118.8700180053711,1844497.0
2021-09-28,119.5612994392352,121.20066229647637,117.3228209603542,119.38353729248048,1766662.0
2021-09-29,119.3835270748789,120.87146083747464,117.86267495714812,118.52105712890624,2403727.0
2021-09-30,118.37621896127438,121.1677393092572,116.53276084825252,118.1918716430664,3706875.0
2021-10-01,118.52762552356684,120.61468222820118,116.33523611834232,119.85096740722656,7224045.0
2021-10-04,120.4830440422432,121.00974537181985,119.61398873207426,120.70030975341795,1146720.0
2021-10-05,120.70029765371136,121.72078184837493,119.85757561086812,120.33818817138672,1953457.0
2021-10-06,120.7463810418504,120.8188029396387,117.71784676140948,117.981201171875,3571312.0
2021-10-07,118.8963453460488,119.82465966139128,117.71784697739038,119.29795837402344,2661802.0
2021-10-08,120.0748296521464,120.0748296521464,117.5137452524652,118.60665130615234,1624785.0
2021-10-11,121.714196208194,121.720781386853,119.4032957778212,120.29209899902344,3490912.0
2021-10-12,121.00314291681735,121.10848316769322,119.56129776204584,119.78514862060548,1418122.0
2021-10-13,120.614702143473,120.62128732197915,117.8692703996708,118.11286926269533,2346930.0
2021-10-14,118.4288912993316,119.02801446286904,117.32940004732848,118.25112915039062,6342240.0
2021-10-18,119.16627259044698,121.1150710422982,117.98119662534418,118.54740142822266,2873370.0
2021-10-19,119.44936176844908,120.98996939396748,118.15236051515716,119.12017822265624,2247480.0
2021-10-20,119.42304096330751,119.67981018324863,110.21234274870888,112.00971221923828,7209060.0
2021-10-21,112.30599206997891,113.45814974144945,107.34840717758956,109.23136901855467,6548655.0
2021-10-22,109.55397062900228,112.6351712025897,108.2767172123131,109.35645294189452,3414900.0
2021-10-25,110.5151958839631,110.5151958839631,106.4990885729066,107.98702239990234,4563427.0
2021-10-26,109.02726730825222,109.29061417341477,106.93362507137556,108.54006958007812,4563075.0
2021-10-27,108.67832752752004,109.15894007422423,106.78878062958924,107.42082214355467,3433162.0
2021-10-28,107.44717427032296,110.87072906734656,107.44717427032296,108.42156982421876,3159787.0
2021-10-29,108.6322427233476,112.47716583898584,106.65711103746854,111.83853912353516,8130217.0
2021-11-01,113.04336726562252,122.45816085019,112.31914831744774,121.33233642578124,10014367.0
2021-11-02,121.40475964662988,121.56276626052978,118.88317119207396,120.8846435546875,2715262.0
2021-11-03,121.2665034341262,124.0382684543383,121.07557092341686,123.5049819946289,4269217.0
2021-11-04,124.16995494991627,125.35503860763792,122.6688580249052,123.37332153320312,792307.0
2021-11-08,123.63006551285714,133.78223263750496,121.62860084386828,132.3272247314453,13715752.0
2021-11-09,132.99221393559122,133.16338338667643,125.45378864765074,127.21166229248048,6698182.0
2021-11-10,127.46181942887456,127.46181942887456,124.31477484051072,124.79539489746094,2945340.0
2021-11-11,125.44060305777325,125.44060305777325,120.49619647467765,121.35208129882812,2356440.0
2021-11-12,122.28699905552575,129.04195397472907,120.21968974195764,127.9687957763672,5007727.0
2021-11-15,129.04194219476244,130.94465198897362,122.07630737937566,122.82027435302734,4241730.0
2021-11-16,123.59716068000618,123.728834117951,120.61470758266113,121.39817810058594,3346612.0
2021-11-17,121.7602743991067,124.03825627380112,121.20723245749664,122.5569076538086,2607345.0
2021-11-18,122.55690809308612,125.75004137048592,120.75953872910074,125.04557800292967,3589582.0
2021-11-22,125.78955880436514,126.26358619750567,118.26430424386074,120.17359924316406,3136297.0
2021-11-23,119.7456661215469,124.03828398249492,118.83052206038286,121.0163345336914,2113807.0
2021-11-24,122.38572734728643,123.43912977696424,119.29794194620146,120.57518768310548,2290387.0
2021-11-25,119.56788054784737,121.14139910109468,117.52691228615193,119.9958267211914,2387775.0
2021-11-26,119.99582674773208,120.83196355978858,116.15090389958644,116.38133239746094,2621010.0
2021-11-29,116.26941269704255,116.53276709925626,111.05506635778698,114.88024139404295,3029737.0
2021-11-30,114.82757314268784,119.16627930486028,114.82757314268784,117.382080078125,2300527.0
2021-12-01,117.7902591368929,118.99509058667677,115.4793588423466,117.30964660644533,1405890.0
2021-12-02,117.62567988590794,120.87806512213726,116.4998553863716,119.96292114257812,2111542.0
2021-12-03,119.96291127678889,120.00241481285202,115.20284443185018,115.63078308105467,1896622.0
2021-12-06,115.38060797871408,118.50131202032836,114.972409790788,116.59860229492188,1585155.0
2021-12-07,116.92780141049664,117.57300579277086,114.2284506600722,114.7419891357422,1573942.0
2021-12-08,115.8743889211447,117.97460875916616,115.2620954168906,117.44132232666016,1327987.0
2021-12-09,118.47496618165589,118.83049043802666,116.42741288588388,117.70466613769533,967530.0
2021-12-10,117.8495186677313,118.27087966443716,115.96655700462148,117.3557357788086,1656900.0
2021-12-13,117.94168458315168,120.7134493252314,117.10554779623342,118.79757690429688,1916130.0
2021-12-14,118.90290810721726,121.64175428515502,117.25038265875546,119.6863784790039,2400622.0
2021-12-15,120.33159336611622,120.47643714745853,118.04044111179716,118.83708190917967,1267740.0
2021-12-16,119.6073999933928,119.62056281715915,114.95267289360366,115.20944213867188,2134102.0
2021-12-17,115.20283848910654,115.63077711623582,112.88534554496684,114.05725860595705,2413177.0
2021-12-20,112.97752709747304,112.97752709747304,107.9804391113336,109.0009307861328,3428842.0
2021-12-21,109.29060966527165,111.16040096200948,107.61833604378748,110.5217742919922,3543135.0
2021-12-22,110.02141834405766,113.89267452591218,109.81731548204029,111.71344757080078,1437922.0
2021-12-23,112.84585546799916,112.87219618350971,110.91681245597916,111.8714599609375,1733955.0
2021-12-24,111.92411466615584,112.75366623378729,110.02140516136836,110.52835083007812,1768335.0
2021-12-27,110.21233830157452,113.03677700337136,108.67173811315038,112.57591247558594,2321377.0
2021-12-28,113.37255304832604,115.87438582204707,112.57591224280915,114.5312957763672,2042160.0
2021-12-29,114.557645875349,117.13848609990528,113.4910728813258,116.6183624267578,1299562.0
2021-12-30,118.50788330932372,118.56054966218908,112.58248914385754,113.41204071044922,1652752.0
2021-12-31,114.20210560222075,118.11286516652882,113.6688191796521,116.96729278564452,1335750.0
2022-01-03,116.86195183097009,116.88169983115532,115.61103167425394,115.8480453491211,1020060.0
2022-01-04,116.4010812864112,116.46691799633072,115.0843244844356,115.2028350830078,735247.0
2022-01-05,113.70832159198174,115.99288868744256,113.70832159198174,115.21600341796876,1170495.0
2022-01-06,115.20944739372466,115.20944739372466,110.47571299729763,110.78514862060548,3815955.0
2022-01-07,110.0279973134908,112.85902135639512,110.0279973134908,112.09530639648438,3670507.0
2022-01-10,112.45083210032917,113.4647311186328,111.66077641608798,111.8912124633789,1724257.0
2022-01-11,112.4508235435018,117.54665896205404,110.48227719592175,114.4852066040039,6222202.0
2022-01-12,117.17798254573854,121.10190524224124,116.56568900449504,119.73906707763672,10257007.0
2022-01-13,120.48302055279558,120.74636739897656,118.67248084718663,119.23868560791016,1784062.0
2022-01-14,119.58763764329083,122.45816529143062,117.14506373557174,122.28040313720705,3157447.0
2022-01-17,122.8860936420902,125.22333448796036,120.31183913653624,124.10408782958984,2209935.0
2022-01-18,125.09166044013976,125.09166044013976,120.48302273764124,121.56934356689452,2057535.0
2022-01-19,120.58178511067196,124.69664018234464,120.58178511067196,123.7683334350586,5923357.0
2022-01-20,123.85392679991952,124.03827414034303,122.50425894372935,123.76175689697266,1844752.0
2022-01-21,123.32720905837115,123.32720905837115,118.521061231531,120.5949478149414,2728537.0
2022-01-24,119.29794624748008,120.08799433095928,115.63736325420707,118.59347534179688,3744727.0
2022-01-25,117.19114433107966,117.62567571356789,112.9051121839164,114.91316223144533,5195827.0
2022-01-27,114.9329060804072,116.53276540260224,111.27891560278134,113.767578125,4495965.0
2022-01-28,115.2291737384364,118.6461503805066,114.64979860835378,116.7302703857422,2912865.0
2022-01-31,117.17139092471967,120.06166642685832,116.28916537748631,119.14652252197266,2079727.0
2022-02-01,119.95632023872848,121.40475050733193,118.02069227335988,120.84513092041016,1457565.0
2022-02-02,121.79320260028452,124.16993973486493,120.581785907817,123.86050415039062,3474577.0
2022-02-03,122.72148963910108,124.9402273374979,119.83779969728094,124.52544403076172,8300595.0
2022-02-04,124.56496947982498,125.65129039869556,122.06972169542532,125.11801147460938,2453625.0
2022-02-07,125.11800064311628,126.0989812210846,121.98411888089387,123.96583557128906,1919070.0
2022-02-08,123.91318192081422,125.51303378767616,123.77492330354292,124.51888275146484,3268387.0
2022-02-09,125.22334412341704,125.22334412341704,120.43035146576815,122.08946228027344,2889337.0
2022-02-10,122.08945961182616,122.12896314637108,116.7039366443478,117.368896484375,5769735.0
2022-02-11,117.98118476191216,123.89340870488816,117.36889130527744,123.31404113769533,5198452.0
2022-02-14,122.3857340860227,123.77491285482276,118.33671591946371,119.9958267211914,3870667.0
2022-02-15,119.69298527705146,123.72225599810038,119.1662839606918,120.13410186767578,3797775.0
2022-02-16,120.89121638752678,124.03826106288848,120.89121638752678,123.64981842041016,2381617.0
2022-02-17,123.11655226481264,125.22336514459596,122.0631495921861,122.54376220703124,2580187.0
2022-02-18,122.52399573910525,126.39525186124816,121.89853940921292,125.59203338623048,3830850.0
2022-02-21,125.94755516409975,127.59349561738888,122.45815658102828,123.8012466430664,3121312.0
2022-02-22,121.53642799795556,122.87951806531822,119.98924260951492,120.81879425048828,2158567.0
2022-02-23,121.79977434157684,123.3798779827369,120.61469095981046,121.35865783691406,1935870.0
2022-02-24,116.53276779307932,119.47571727796188,115.82830436948828,116.48667907714844,4357035.0
2022-02-25,116.79612017228072,123.68933329737568,116.79612017228072,122.74785614013672,1675755.0
2022-02-28,122.45814688016868,125.22333385579029,120.87804326603992,124.49911499023438,1986825.0
2022-03-02,124.433301939333,133.62425289436874,122.85978320382206,128.4954833984375,11629890.0
2022-03-03,129.43693930059916,133.12385514866386,128.53496587129183,129.60812377929688,5283540.0
2022-03-04,129.1604343547478,129.1604343547478,121.27307861343913,122.64250183105467,1717005.0
2022-03-07,120.0221659464332,120.40402342563884,115.26868415585136,119.12677001953124,4014892.0
2022-03-08,120.19993089110928,121.79979027524736,118.67249340423987,119.89049530029295,2288872.0
2022-03-09,120.72004808265184,120.72663326146822,117.73101733502315,119.29795837402344,4233270.0
2022-03-10,121.65493802545753,123.63006958164809,119.82465025373736,121.4574203491211,4435995.0
2022-03-11,120.87805651284285,121.50351284925402,118.8041698211174,119.87073516845705,3747682.0
2022-03-14,119.87073926910234,119.87073926910234,117.45449855777292,118.42889404296876,3261682.0
2022-03-15,119.08726842389686,123.07703532111196,117.22406217866208,121.79978942871094,4204065.0
2022-03-16,123.39304379621956,124.90073312067427,122.14213120874872,123.8802490234375,1936110.0
2022-03-17,125.75004146150336,127.19847173181569,120.48960678989228,124.94681549072266,6831157.0
2022-03-21,123.76833312389812,125.61836896976985,121.22699668507217,124.20944213867188,3331260.0
2022-03-22,124.8283234773578,128.9102678012912,124.30820737789504,126.48743438720705,4627440.0
2022-03-23,126.93511629958316,130.34549995034234,126.75734664052968,129.8385467529297,3389122.0
2022-03-24,129.30529069858687,129.91099152970875,126.4084298434049,127.593505859375,2024760.0
2022-03-25,127.72516970224508,128.51522534322328,125.0916634565328,126.09239959716795,2313255.0
2022-03-28,126.3952553615192,126.40842571875584,121.7997877092693,123.61690521240234,3876210.0
2022-03-29,123.61690378874036,124.4267074552937,122.3264875719949,122.99144744873048,2448067.0
2022-03-30,123.56423627387544,129.5291346421424,123.43255530784494,126.51375579833984,2422125.0
2022-03-31,128.1202046780545,128.1202046780545,122.59641545495296,123.9460906982422,2390032.0
2022-04-01,123.11654270464793,126.32283919502242,122.68859648939956,123.6300811767578,3350175.0
2022-04-04,124.53863225416124,126.105573220025,123.92633873981808,125.387939453125,2894047.0
2022-04-05,125.93439477328216,126.9351385224932,124.30162454739332,125.6907958984375,3755992.0
2022-04-06,125.75003268580554,129.04192080397192,124.67687476330332,128.179443359375,3820972.0
2022-04-07,129.32502870248268,131.54375145858523,125.12457425084816,126.43475341796876,5950380.0
2022-04-08,128.0675195170075,129.32503236527742,125.75004162974744,126.7046890258789,2126895.0
2022-04-11,127.65934283240664,127.65934283240664,125.2233540763514,125.4932861328125,2661300.0
2022-04-12,125.61835787440089,130.92488114728124,124.44645236786911,129.55545043945312,7868940.0
2022-04-13,131.01705734743558,138.37111883187168,130.88538392717143,133.1304473876953,10140465.0
2022-04-18,133.51231414312232,142.20948177765172,133.2555524481072,139.41796875,13245622.0
2022-04-19,142.20949351789363,144.4479722678148,136.52111920203953,137.83128356933594,5495550.0
2022-04-20,139.9446263698144,147.3447831232465,139.6549388558341,140.9190216064453,9163065.0
2022-04-21,146.02804511848322,146.02804511848322,137.4691376589425,139.04266357421875,4874055.0
2022-04-22,137.2057926973385,140.77419045619743,136.05362771528763,136.9292755126953,5749837.0
2022-04-25,136.81078736433295,145.27093326669518,136.50792943612225,144.15826416015625,10001730.0
2022-04-26,148.26651724275848,151.03170400816043,140.1026454231432,140.98486328125,8202847.0
2022-04-27,140.9848889432257,141.61034527738994,136.02073427173912,136.47500610351562,15241560.0
2022-04-28,138.5225488277068,145.1063253738305,138.25920198519785,139.52328491210938,16784722.0
2022-04-29,142.1897127026905,151.94686715105382,141.5576712243992,142.67691040039062,23886022.0
2022-05-02,142.47280461961844,149.0565808366314,142.22262814555225,145.48159790039062,11159670.0
2022-05-04,146.81812602557108,148.10853473625383,141.94613356168966,143.52622985839844,6783112.0
2022-05-05,144.270196182267,147.1802271659028,138.52255610739704,144.7508087158203,23735580.0
2022-05-06,142.73619572823964,143.29581538964865,139.57597285315418,141.63011169433594,3163410.0
2022-05-09,139.57598089289652,141.40626896112957,138.25923133180422,139.43113708496094,7912170.0
2022-05-10,140.30017146075156,144.02658356559962,138.8319932103023,142.4464874267578,7910280.0
2022-05-11,142.34116576146346,145.53429958417067,135.62571449945142,138.1802215576172,8506612.0
2022-05-12,138.25260520561096,141.41281225769754,136.33014026469567,140.13555908203125,8598727.0
2022-05-13,142.8678487723417,146.2914029728176,140.9322132911592,143.6644744873047,13239652.0
2022-05-16,144.84300314309667,147.47650215378553,143.5525792850421,145.42236328125,3116880.0
2022-05-17,146.1597462853358,150.76839195699216,144.8759076622609,146.14657592773438,7148842.0
2022-05-18,147.39747383785792,148.62206079766878,142.9995241918641,145.26434326171875,3195915.0
2022-05-19,140.36601314461143,143.960751954325,137.97610578306552,139.72738647460938,5933482.0
2022-05-20,141.41941724829425,146.67985963041184,139.18093882308236,145.28408813476562,5987985.0
2022-05-23,143.52620325990662,146.58766281282993,140.89270489708292,142.08436584472656,6322387.0
2022-05-24,143.39453867924138,148.00318370157794,142.57157227381077,146.03463745117188,4936905.0
2022-05-25,147.1999788426791,147.4370000728792,138.91760204107464,140.04342651367188,6201802.0
2022-05-26,140.89270093740885,143.70396887473137,139.84586871629992,140.98486328125,3763320.0
2022-05-27,142.8678405359041,147.0814500994359,142.05144426480953,143.47354125976562,5022015.0
2022-05-30,144.84301818306778,145.7384067341511,141.94615691526275,143.22999572753906,7929300.0
2022-05-31,143.51309321667702,144.44797774498417,137.52184563331903,139.11512756347656,31588687.0
2022-06-01,139.39161578637987,147.47648163919544,138.52255309645054,146.04122924804688,5715682.0
2022-06-02,147.60816548934642,153.65207860761785,143.00612018034215,149.97833251953125,9601822.0
2022-06-03,151.42676313826843,152.5460024589483,143.65790954513352,144.90225219726562,9909885.0
2022-06-06,148.11512524723648,150.11001252779778,142.2193557865081,144.7870330810547,5726930.0
2022-06-07,145.94246681077115,147.54231851991102,143.6710625489052,146.7720184326172,3345965.0
2022-06-08,148.13486270214054,148.78665971460376,145.39930135157158,147.09791564941406,3345405.0
2022-06-09,146.94979994819732,147.03867725718837,144.91541672964436,146.1597442626953,3049345.0
2022-06-10,144.97462613990714,149.5766852317364,144.39196608042846,149.0236358642578,2849315.0
2022-06-13,147.83860265047184,150.9000627700077,145.22155921242833,147.74972534179688,3049925.0
2022-06-14,147.34483982825898,156.82547917548038,146.36715916137447,152.8159637451172,6107740.0
2022-06-15,155.83789969192,159.1166105947373,153.07271219966256,155.41323852539062,9314450.0
2022-06-16,156.80568029675575,157.01307572368611,151.18642906502416,153.89236450195312,5168360.0
2022-06-17,152.08512211754316,153.28995351127165,147.35468891063587,148.34225463867188,10683145.0
2022-06-20,148.34223738886595,149.9124630972776,142.40695840935012,148.5989990234375,7589335.0
2022-06-21,149.91249957325144,149.91249957325144,144.27349191945044,145.90298461914062,2979045.0
2022-06-22,146.31773277438717,149.91247119791032,144.2833499123186,147.8385772705078,7728045.0
2022-06-23,149.0829510389276,151.63085773426317,145.23143508709643,148.8360595703125,4136290.0
2022-06-24,149.91249452542988,154.06026795660364,149.31994900566568,152.18389892578125,3395845.0
2022-06-27,154.0405034628797,154.0405034628797,143.80932155746478,153.33934020996094,2966540.0
2022-06-28,153.65537962513017,155.7786554187333,151.77901038339738,154.0504150390625,3195390.0
2022-06-29,153.27018916315882,156.0353760564515,152.09498360333023,155.06756591796875,2768490.0
2022-06-30,155.04781392827974,156.82543519095032,154.8503038033289,156.14401245117188,2690970.0
2022-07-01,156.03536868087485,159.78812106802343,155.28482423106735,156.82542419433594,4757870.0
2022-07-04,156.82544666101344,159.17584293723016,154.16889233931576,155.2650909423828,2432950.0
2022-07-05,155.2651143394595,159.9856782069547,155.24535880182555,157.0921173095703,7920860.0
2022-07-06,157.02294096716378,163.13597485360108,156.5291581339337,162.1582794189453,7488615.0
2022-07-07,163.93593854279305,167.29365655761194,161.58552689098403,163.38290405273438,6235225.0
2022-07-08,164.9037421076885,168.2417195168358,161.94104454521948,167.5998077392578,5183595.0
2022-07-11,168.1429560201358,170.99702072088596,167.027016857764,168.9231414794922,4120710.0
2022-07-12,169.1206461407395,170.84888632027992,165.43702986311263,168.56761169433594,4979590.0
2022-07-13,170.45383994878057,173.81155718495845,169.3576414569541,172.76473999023438,6885275.0
2022-07-14,173.81157534835614,174.48311283814525,162.79033774946606,164.8839874267578,6345035.0
2022-07-15,166.70109830167755,168.87373989469847,161.5064929156908,163.26437377929688,4568965.0
2022-07-18,165.25924576469365,171.02662601561485,163.45199866916093,169.1008758544922,7827165.0
2022-07-19,169.5946641593373,174.65101110983582,168.60709839692728,173.63381958007812,6482210.0
2022-07-20,175.17441111752944,177.76182846531526,172.8239998968343,176.4483642578125,6240290.0
2022-07-21,177.41617848236558,179.85546705632697,171.44141783354553,172.22158813476562,7686115.0
2022-07-22,173.19926904167335,174.24608622278285,168.913222655259,172.29071044921875,3495855.0
2022-07-25,173.3375413223287,175.78670011584262,170.45385119613096,172.8141326904297,2924260.0
2022-07-26,172.82399578526247,174.25596302224332,171.45128007864463,173.4461669921875,3793765.0
2022-07-27,173.614073182317,174.73989760795115,171.05628133963947,171.8166961669922,2313695.0
2022-07-28,172.82403137816513,174.60165300043818,169.6638235324906,173.0709228515625,2824675.0
2022-07-29,174.0090646693014,176.28046868011123,172.8338591337184,174.34483337402344,5413295.0
2022-08-01,176.14224413408866,186.84745424188984,175.78671982830278,182.9169464111328,19063265.0
2022-08-02,189.6126373974332,189.6126373974332,180.13199949993808,180.84304809570312,13246845.0
2022-08-03,180.72456567046115,187.4400170261264,178.62104541186963,186.17593383789065,12361315.0
2022-08-04,187.4399732730443,203.0040033133341,186.8079318264604,198.2538146972656,18062140.0
2022-08-05,201.20665745013488,206.95428245405537,196.5255902278861,202.5003662109375,14601140.0
2022-08-08,202.2534825010989,202.2534825010989,195.9725632970712,199.814193725586,10140880.0
2022-08-10,201.4535759912821,201.8288407912121,196.52561666119752,198.1057281494141,10447950.0
2022-08-11,200.9371762355381,201.89749469103512,197.4423445966883,198.5313873291016,6687195.0
2022-08-12,198.99674923077404,204.78845170629543,198.5314322404536,203.055892944336,5039265.0
2022-08-16,203.94690484814697,214.6689696682604,201.4718210514461,205.77847290039065,9175000.0
2022-08-17,206.9170016840609,206.9170016840609,203.1746762592689,205.23394775390625,6531565.0
2022-08-18,205.23395957461824,208.3327543382894,204.3726201066777,206.1051788330078,5540745.0
2022-08-19,207.1150037575962,207.1150037575962,195.1455024503325,195.6603240966797,8394755.0
2022-08-22,197.41268404412853,197.41268404412853,179.7702940192431,182.11666870117188,11530785.0
2022-08-23,182.1166643091169,192.10609897306463,181.5820528513766,190.78936767578125,10954420.0
2022-08-24,192.06647690252345,206.9169776939557,190.7893404814129,204.1250762939453,19636310.0
2022-08-25,205.51115300925449,206.105164037326,196.9473542841361,203.6102905273437,12626010.0
2022-08-26,204.0558008960253,204.9369300877865,199.89766330689093,202.6400451660156,3830750.0
2022-08-29,192.85851848217084,199.5907489425975,190.08642180944085,198.4423065185547,4922965.0
2022-08-30,200.7689021353227,206.52100989880705,199.99667715494428,204.7686462402344,7253790.0
2022-09-01,202.9568467775728,208.10501743058856,199.4917298813703,206.3625640869141,9565960.0
2022-09-02,206.12497034677628,207.31300751775728,203.075665373674,204.2637176513672,3808260.0
2022-09-05,207.11499040057487,207.11499040057487,202.09552876921435,204.6201019287109,5981505.0
2022-09-06,205.9863783906826,218.3617977893991,204.7785362488308,216.56983947753903,11367755.0
2022-09-07,216.56981854102784,217.7578556671106,213.0551967502197,214.42144775390625,6281515.0
2022-09-08,217.2133375794191,219.78743064770765,215.03526696371213,217.4608459472656,7010400.0
2022-09-09,218.7380142640367,219.3716351297693,212.8770174793316,213.8868408203125,4322985.0
2022-09-12,215.5302957776659,216.0946221392024,209.88710769586493,211.2929534912109,6371895.0
2022-09-13,212.857184500208,217.10442120909647,211.91665577608416,212.99578857421875,6156580.0
2022-09-14,211.51076555429367,213.9759545151538,211.0751483782336,212.30279541015625,6828470.0
2022-09-15,211.8671707986077,219.6488347789372,211.8671707986077,216.68862915039065,7423525.0
2022-09-16,217.6093843908507,219.7874552503675,212.58001198042405,218.272705078125,6974145.0
2022-09-19,213.84723963553355,221.4309000000713,211.54045972851145,214.06504821777344,4143405.0
2022-09-20,216.61931846148627,222.9555263987694,216.15400153879548,222.29220581054688,5540840.0
2022-09-21,222.29223038592224,225.33164061667944,216.82724099414256,222.6387481689453,4853110.0
2022-09-22,222.51989213932825,236.5585730133813,220.77743886740024,231.76681518554688,10383715.0
2022-09-23,232.6578880516088,232.6578880516088,227.21270343763496,229.47987365722656,7100125.0
2022-09-26,226.7968745739653,226.7968745739653,211.54045480879847,215.21348571777344,12160015.0
2022-09-27,214.44127506024807,214.44127506024807,202.57076724177324,205.639877319336,12142570.0
2022-09-28,205.63986043479903,207.81793106582413,203.2835759221809,203.8874969482422,6125495.0
2022-09-29,207.9070255855541,209.4811751536625,203.40237034319145,204.57061767578125,7380160.0
2022-09-30,204.73892902293613,207.6496299044428,200.97679873463983,206.7585906982422,6777880.0
2022-10-03,206.91699158606505,214.0254245242595,206.44177975871315,211.90675354003903,7485490.0
2022-10-04,216.81733572239293,228.69773767978435,212.97600092202185,226.33155822753903,10018345.0
2022-10-06,225.5296528844016,227.50972004737835,218.90632580717,226.26226806640625,8258370.0
2022-10-07,226.2622496228765,226.2622496228765,221.77739907284905,224.787109375,6152840.0
2022-10-10,219.4409287962212,222.7377423077119,214.84717376027984,215.74810791015625,6651005.0
2022-10-11,217.51035016131144,217.51035016131144,205.92696159304504,206.9763946533203,7363750.0
2022-10-12,209.96630144823555,214.7976696463069,203.0657669104881,211.5404510498047,12147050.0
2022-10-13,215.50058730821223,217.59945346656016,209.4910918974529,211.4315490722656,8227580.0
2022-10-14,213.2532047803377,213.2532047803377,201.96682919172048,203.25387573242188,8041445.0
2022-10-17,199.98676206328943,200.87778614860943,195.1553938684048,196.21473693847656,12143585.0
2022-10-18,198.00670711805788,199.38285312825985,191.0962772695173,197.8681030273437,12065360.0
2022-10-19,199.3927352243932,202.89746217514207,196.1553366476838,201.2044982910156,12112600.0
2022-10-20,200.8183882442705,202.95686419505867,197.01666329178863,201.8777313232422,8580415.0
2022-10-21,201.8777376313693,205.13494124815443,199.1947401592694,200.6005859375,8405890.0
2022-10-24,203.35287844639075,204.9765328107789,201.9569426678545,203.8973999023437,802285.0
2022-10-25,204.54090578230085,208.48123447092945,203.125150169659,204.4814910888672,13205835.0
2022-10-27,205.926968215884,211.4117471646805,203.4815842597833,208.36245727539065,14315445.0
2022-10-28,209.4118863206116,210.81773205209905,205.72896055941987,205.9368591308593,6070505.0
2022-10-31,207.28330070716143,208.8970600812736,204.3627050212064,207.7189178466797,6765570.0
2022-11-01,209.8871111472556,220.57947643459045,208.38225593179183,219.19342041015625,25220955.0
2022-11-02,219.7874310614,230.67779926714505,219.7874310614,223.25254821777344,17863795.0
2022-11-03,223.7475641923067,244.1422597144672,223.4208513344417,235.42996215820312,30388560.0
2022-11-04,236.57839290238653,241.56815469671,224.143560446394,225.5098114013672,14999645.0
2022-11-07,228.2819498733115,232.10348018316404,220.2230769533693,226.0444793701172,10187815.0
2022-11-09,231.4698370513594,233.54889835287105,223.15354652517564,227.32159423828125,12496880.0
2022-11-10,228.163102562251,228.163102562251,222.8367180699229,225.5395050048828,6096780.0
2022-11-11,226.9156633170434,230.27187610233483,216.84702496116915,219.07460021972656,9888645.0
2022-11-14,219.98542916243133,224.73759273499823,212.96609564050405,214.6986541748047,9982710.0
2022-11-15,215.76789608624767,220.77746300920325,214.72835792517589,216.3421173095703,8554785.0
2022-11-16,218.40136943620857,227.31166984664247,218.40136943620857,224.0643615722656,12292960.0
2022-11-17,226.25235523396324,227.86611467801484,222.36153081836235,227.30178833007807,8718475.0
2022-11-18,227.8661290843653,228.301746270304,224.73761939145456,226.4998779296875,5886150.0
2022-11-21,226.4998675199632,228.7967525378175,217.1440537763598,218.46080017089844,8510920.0
2022-11-22,219.68842953975013,229.68777402039183,219.54982545279944,228.73733520507807,10013025.0
2022-11-23,230.0837948621497,232.6578881782971,225.33164582728287,230.5788116455078,8722820.0
2022-11-24,230.707506967089,233.6479076919184,226.519669461643,232.7964782714844,6595890.0
2022-11-25,230.67779900163185,234.63793289007188,226.668160418244,228.09381103515625,5564335.0
2022-11-28,228.0938163225034,234.83594200678505,226.12364422891844,234.30133056640625,11396870.0
2022-11-29,233.37072772940203,233.37072772940203,223.9456033719188,226.9454040527344,9661540.0
2022-11-30,227.90570131173257,262.16085024042656,227.90570131173257,247.4588623046875,175538615.0
2022-12-01,252.4585443607476,254.36930177860893,245.7362234931541,250.320068359375,22526180.0
2022-12-02,250.2804799296661,268.10106840028647,248.61721574029104,261.0916442871094,28244415.0
2022-12-05,260.7748505001067,272.78396319250913,255.8939919853616,267.8634948730469,9873510.0
2022-12-06,267.705034495754,269.8336003360489,257.40869282542167,259.3095703125,16004825.0
2022-12-07,261.29949461325657,268.6158555665696,257.02254329332607,259.1709289550781,13389655.0
2022-12-08,259.98284025983986,273.2492850111749,259.5175232398706,270.6257019042969,10733150.0
2022-12-09,270.2791905705711,283.0704388174904,266.32896591514486,279.2389831542969,13914230.0
2022-12-12,280.1795046717118,283.63471221650434,270.7345758071178,272.5067443847656,10344540.0
2022-12-13,273.2492711171034,274.7244114994025,269.6851441468035,271.9127197265625,6597275.0
2022-12-14,273.24926886682846,281.1695375296351,272.88296127532203,275.0016174316406,7792780.0
2022-12-15,274.23932397768374,277.090625754272,270.2890993403099,273.8730163574219,6534520.0
2022-12-16,273.87294841546463,280.7734825262962,265.3289552101832,276.5460205078125,8301915.0
2022-12-19,281.3675307757407,281.3675307757407,274.2392775412834,279.961669921875,5216465.0
2022-12-20,277.70442093593965,279.4765895150409,272.6552436035098,275.4867553710937,6758170.0
2022-12-21,278.5954102112552,281.65460998374203,268.2990682473977,271.49688720703125,5380270.0
2022-12-22,271.2691676838825,277.01134965897484,258.576931492123,273.3581237792969,10006060.0
2022-12-23,270.27914430612856,270.27914430612856,250.0923619345657,254.9534149169922,6547985.0
2022-12-26,255.4385405076416,271.2097661399159,249.52802448652548,267.8436584472656,5318965.0
2022-12-27,268.8930691766328,272.1403774197872,259.58676154678705,261.1510009765625,4027200.0
2022-12-28,262.5073783890959,266.2101242511204,259.1709703040092,262.0519714355469,4201290.0
2022-12-29,260.37879550007386,271.07114459873816,255.7058364407372,268.73468017578125,5263845.0
2022-12-30,270.08113552597257,273.27895471213367,260.3986087886191,261.873779296875,4753970.0
2023-01-02,265.22006930863523,268.794075478298,260.9728174462917,263.96270751953125,4200580.0
2023-01-03,263.96269610584403,265.26954742442985,257.62648848857793,258.7353210449219,3912800.0
2023-01-04,260.0818383778321,263.0519391729497,257.40873557685524,259.1016845703125,3949595.0
2023-01-05,260.17098660897864,263.52718542642225,251.6665849216189,259.1611328125,8763650.0
2023-01-06,260.3689058374913,261.28965997358097,252.90405974132287,257.5869140625,7092170.0
2023-01-09,259.7352920055083,262.2697753214812,256.82459112938847,259.1412658691406,5160370.0
2023-01-10,259.7055908966631,259.982799063777,253.25056834805747,254.89401245117188,4412000.0
2023-01-11,256.2206390397651,256.260248836637,240.59792786368936,242.56808471679688,11335780.0
2023-01-12,243.5383512390072,243.5383512390072,231.8658475681055,235.0537567138672,12033835.0
2023-01-13,236.70712712478257,236.70712712478257,222.2922404886729,224.88612365722656,18190180.0
2023-01-16,226.7869759319997,240.02371869143465,226.4503530685637,239.0633850097656,15052660.0
2023-01-17,239.5881071209112,242.36020394365264,235.6081682190232,239.6475067138672,9965025.0
2023-01-18,240.7761357079088,242.49879937572013,238.99407244926115,241.03355407714844,4095725.0
2023-01-19,240.36033995134025,244.12247039836672,239.98412237462367,242.4691162109375,8152460.0
2023-01-20,242.983939782774,245.1125210919357,241.9642063808518,244.072982788086,5861055.0
2023-01-23,245.1323053782242,245.91442521138,242.1622048208469,244.9045867919922,2659655.0
2023-01-24,243.96406413894084,247.70638972732613,243.96406413894084,247.2212829589844,2989925.0
2023-01-25,246.43912292239835,247.50836085409333,243.7462307477689,245.458984375,2143660.0
2023-01-27,246.1124381398893,247.7657923661375,239.59801552650043,246.03323364257807,4515770.0
2023-01-30,246.51833424175425,246.51833424175425,232.6578656498484,236.5289001464844,7009985.0
2023-01-31,238.8950700561812,238.8950700561812,225.7276223951233,226.9651641845703,10346445.0
2023-02-01,229.57884978843865,234.4399175195657,224.0445665810888,232.23214721679688,10039900.0
2023-02-02,231.63813673969844,233.0439824819396,222.61893104636349,228.4898223876953,8678000.0
2023-02-03,228.47992906134567,232.45986794624253,217.8073691800597,228.6779327392578,12183995.0
2023-02-06,228.39082788779425,245.2906916816393,225.7276353865544,241.9344787597656,16333340.0
2023-02-07,244.5580560051568,260.34908579822513,244.5580560051568,258.22052001953125,19434110.0
2023-02-08,258.9928066655657,267.50710202536453,256.9236399803904,259.4878234863281,10220280.0
2023-02-09,266.3090876324492,266.3090876324492,249.53793370520668,252.2011260986328,6941110.0
2023-02-10,245.33028847215647,254.43859306238605,242.5581918299011,251.8249053955078,5957340.0
2023-02-13,251.8249395726767,258.83437906395505,248.3004224791064,254.25051879882807,5439725.0
2023-02-14,255.00292469533989,257.0820009971101,247.9043715168417,249.745834350586,4553260.0
2023-02-15,247.11237398985,254.8346234028287,247.11237398985,253.23077392578125,3414675.0
2023-02-16,255.15143026788687,256.2206531348685,250.4784710228758,252.3793334960937,3142830.0
2023-02-17,250.8744852398761,256.0226715741384,248.0033941052941,254.08221435546875,2551400.0
2023-02-20,255.40889126566697,264.309284088631,254.844564835354,258.893798828125,9040585.0
2023-02-21,260.33922014478526,266.51705019133163,260.18081114734287,262.2598876953125,8953605.0
2023-02-22,261.7648599643068,263.90333602023213,257.012711093423,258.7452697753906,4155250.0
2023-02-23,259.1907925209595,260.3590551677928,253.46839934208413,257.54736328125,7531275.0
2023-02-24,259.3887604671951,262.31925098065386,254.5870922555567,255.73553466796875,6422815.0
2023-02-27,256.6166650379579,257.79480718116423,253.89407323386985,254.82470703125,5528195.0
2023-02-28,255.4286241164536,263.3488915309173,253.6465760335683,257.55718994140625,10958180.0
2023-03-01,259.7847778823472,267.3090383374948,259.5867893153368,266.1011962890625,10745695.0
2023-03-02,267.0813575429022,267.3189861557234,263.9528476927055,265.7745361328125,3385415.0
2023-03-03,266.51701236370013,269.6851012226104,265.9625960580553,268.9920959472656,6094550.0
2023-03-06,269.88310926317985,272.6551906811766,266.89318907653177,267.5268249511719,5903520.0
2023-03-08,264.2398812118193,269.25935728424747,263.54687603122244,267.3089904785156,5935895.0
2023-03-09,269.09111221443425,272.91265750524417,264.3686629628276,266.467529296875,6951970.0
2023-03-10,264.9329783792896,268.0812777500047,261.4084614334402,266.0814208984375,3253475.0
2023-03-13,266.3189838371119,268.14064166228303,258.3987166598,259.8936767578125,3440725.0
2023-03-14,260.36889580045425,266.3190066964286,256.43846166781015,259.8837890625,5361680.0
2023-03-15,261.55695543204695,272.9522508007946,260.67581110567573,266.4477233886719,8782155.0
2023-03-16,262.8736558316964,263.50729170613874,250.8447561403169,258.6264343261719,15501165.0
2023-03-17,260.77480301956643,263.3389860130568,255.3296190793904,260.61639404296875,9785280.0
2023-03-20,260.45797132797065,260.45797132797065,255.7256129253909,257.9927978515625,2819755.0
2023-03-21,259.557107645458,267.3090570046865,257.9928377256898,266.0121154785156,4209355.0
2023-03-22,267.11103850851754,270.2791579397013,261.5074752284252,268.2099914550781,4364195.0
2023-03-23,267.3090244407504,270.833541012599,264.8834304669376,268.31884765625,4642550.0
2023-03-24,266.586274548079,276.0212913515725,263.3686660969669,267.7050170898437,10167700.0
2023-03-27,268.6951163779862,272.2592434255149,266.7447489529099,269.0515441894531,3909160.0
2023-03-28,270.605896506912,271.97214783989057,267.3090975971236,268.259521484375,3376800.0
2023-03-29,267.3090698213976,275.18972875340944,264.3389690456043,268.7842102050781,16868985.0
2023-03-31,271.2890266807992,276.2094954342654,270.3485127831672,274.6353454589844,6325840.0
2023-04-03,276.21937249588444,281.3675592657666,273.6749789102016,280.07061767578125,7420420.0
2023-04-05,281.1695474016296,291.8618983864611,280.9220389972268,287.9017639160156,16999355.0
2023-04-06,287.89183346888524,288.28784080356456,274.2392638245061,275.9223327636719,11151270.0
2023-04-10,277.0113572401566,280.57548383170456,276.5064607075295,279.92205810546875,4087705.0
2023-04-11,281.3476641943938,286.11963209157074,279.6448056599141,284.7830810546875,5731220.0
2023-04-12,283.9409961560858,288.1713691787564,282.9502739296057,286.7942810058594,5677480.0
2023-04-13,288.7757462260949,289.53859151094514,282.1576982990951,283.2574157714844,4429370.0
2023-04-17,284.5156251007709,289.19183560301457,281.890217031962,287.7255859375,11023575.0
2023-04-18,289.28099157124694,289.28099157124694,278.4722077670911,280.2753295898437,11104825.0
2023-04-19,281.16701889913435,286.57638523883776,280.59241318194023,285.3379821777344,13228385.0
2023-04-20,285.32807417245573,285.32807417245573,272.44868193550457,273.7861633300781,7343620.0
2023-04-21,274.5886272552305,278.1948411119095,274.1923443374397,276.84747314453125,9038560.0
2023-04-24,277.8876925441907,287.9039108738113,277.0158520692132,287.2500305175781,10057005.0
2023-04-25,286.3286664854693,289.2909165380105,281.5830981218208,284.7831420898437,10103730.0
2023-04-26,284.5354705467648,287.9039204843467,284.14907431836457,287.08160400390625,7284630.0
2023-04-27,286.51687413153604,290.2816064213811,284.8128307274663,289.9546813964844,5724965.0
2023-04-28,290.38072878682385,290.7770116826024,283.6933528793023,286.3583984375,8282810.0
2023-05-02,289.2909235810787,293.22409248435,277.4022554887056,280.39422607421875,19930485.0
2023-05-03,282.9503406850763,288.3002359233621,282.35590116205566,283.3862609863281,9715105.0
2023-05-04,284.3372832436891,286.903250220438,283.6834029363196,285.8431701660156,6527465.0
2023-05-05,284.73359710419885,288.97388754926305,284.1589914448375,287.8246459960937,6619530.0
2023-05-08,288.30014548992244,289.8853069759304,287.6066278915313,288.58746337890625,1657870.0
2023-05-09,290.52937016660155,303.0223662518514,289.3107706196078,298.296630859375,11078110.0
2023-05-10,300.14921580483497,320.99402120291575,300.11949534558283,318.2992553710937,16869535.0
2023-05-11,320.9940681411741,327.7309685886289,310.70044755460515,312.9890441894531,8659545.0
2023-05-12,316.11960790975496,316.11960790975496,307.1238641594638,308.3028259277344,4027150.0
2023-05-15,308.31280767407526,316.2286695822354,307.32208532323887,308.8279724121094,3277065.0
2023-05-16,310.3734783296624,319.0125779225324,309.51155477340774,311.8892822265625,3992030.0
2023-05-17,313.66268328286026,321.7865879259424,313.0682438615506,314.6038513183594,10770655.0
2023-05-18,316.88258334499966,319.8844711749003,310.690567999953,312.3054504394531,4086655.0
2023-05-19,313.4249455111774,318.418195216296,313.0682999351798,314.5643005371094,3325605.0
2023-05-22,315.81251512174885,317.3085153676189,311.8793466499424,313.9598693847656,1978465.0
2023-05-23,314.8020518527142,315.48565274756254,305.34066474840284,308.2831115722656,3442760.0
2023-05-24,309.5710162278707,322.1829227220435,309.5710162278707,319.96368408203125,5628380.0
2023-05-25,320.5878222663143,322.9754666138939,315.92152874499124,320.52838134765625,3514415.0
2023-05-26,322.9754562977972,346.1583511017319,321.98473403921497,337.2319641113281,13564135.0
2023-05-29,341.60111007998364,341.60111007998364,332.9025676330808,335.2109680175781,5088150.0
2023-05-30,336.2115520067765,336.4394290518909,324.95695962498354,326.6015625,5897155.0
2023-05-31,326.93840418530885,337.202274119318,322.18294858184777,335.7459411621094,10133525.0
2023-06-01,335.0226914119776,341.3831123076686,330.9012825875438,334.666015625,4308525.0
2023-06-02,336.9842693846738,339.67900478970296,333.615789659502,335.8845520019531,3386690.0
2023-06-05,337.9552489496002,339.4215291105179,334.54716118543,337.8561706542969,3381540.0
2023-06-06,339.64935941360943,344.8803726660479,333.27902140671824,334.2598571777344,7662315.0
2023-06-07,335.57745761234133,335.57745761234133,325.1550699334469,326.47271728515625,16263700.0
2023-06-08,327.45352918558444,328.5532466788797,312.07752971694674,313.434814453125,10001755.0
2023-06-09,315.0496863721486,322.37113856483984,313.088045365054,315.3270874023437,6006445.0
2023-06-12,313.9697945032232,318.8738515410988,307.1338169679022,316.2484436035156,5362715.0
2023-06-13,317.98224430984817,324.17425913987944,316.6348763953681,320.0033264160156,7815240.0
2023-06-14,320.99404878882063,328.2263100165182,317.42744219983314,320.0033264160156,8184545.0
2023-06-15,324.87771177901266,341.6010809608521,323.70863633620127,327.81024169921875,7552322.0
2023-06-16,331.15884054242383,332.3873265003686,319.40885852455324,325.4522705078125,13712137.0
2023-06-19,325.452303837166,326.10618424013234,315.44600169056446,317.566162109375,5034555.0
2023-06-20,318.6757735488176,325.5711930463877,318.378538685596,322.3216247558594,6163825.0
2023-06-21,322.97551073290214,326.54211751181174,321.9253473805633,324.83807373046875,6029757.0
2023-06-22,324.83801501022646,324.95689684229194,317.34815724566573,318.4379577636719,3240290.0
2023-06-23,319.0126555730232,319.3296940397991,302.6062928480239,303.5970153808594,9995717.0
2023-06-26,304.68672844833867,317.42740203809313,299.19811873178685,316.7140808105469,6203205.0
2023-06-27,319.76553231430023,321.9649369821586,315.4459674577155,316.7933654785156,5459652.0
2023-06-28,319.3296310628613,319.4881502649868,312.6719757458255,314.47509765625,4741040.0
2023-06-30,315.8422518158813,320.16181669289324,309.5214690454885,318.0416564941406,6921217.0
2023-07-03,318.04163732401435,326.38353174957547,314.4750615067394,324.3030090332031,4833652.0
2023-07-04,324.95695277394753,324.95695277394753,317.82373927781305,318.6361389160156,11704025.0
2023-07-05,320.91480760659186,328.72167458774624,318.2794824396611,327.19598388671875,6934602.0
2023-07-06,328.9198024428873,331.1786480695631,321.42994429999163,322.5197448730469,5839120.0
2023-07-07,324.83802256067446,328.8207151996585,322.1234532172708,325.4126281738281,3486495.0
2023-07-10,326.1458671838434,327.7508328361424,319.80521883900224,321.8857421875,2920377.0
2023-07-11,322.9754774946964,327.9092855506417,319.7655468412442,327.0374450683594,3159187.0
2023-07-12,328.5235127385497,336.4492909458274,328.1470334361929,333.5762023925781,5270910.0
2023-07-13,334.8641514384136,335.63691365543207,326.145806926695,330.0492553710937,4997620.0
2023-07-14,334.07158565896515,335.87467734237725,324.4021259305727,330.0492553710937,7168667.0
2023-07-17,330.6635186148257,333.7545676720053,326.74023613353006,328.4839172363281,2536980.0
2023-07-18,328.48389603225786,330.504978067815,322.65844384617617,326.58172607421875,2977195.0
2023-07-19,323.4906524080916,328.9198217968501,323.4906524080916,324.8974914550781,2880947.0
2023-07-20,325.7296752567949,326.54207479575,320.4392218244947,322.0243835449219,1705732.0
2023-07-21,322.6981014481088,326.7798728999977,315.0497233081064,317.11041259765625,4307885.0
2023-07-24,317.6256093517603,324.3625096175353,311.0471980646014,324.04547119140625,2969160.0
2023-07-25,323.56994378568163,323.56994378568163,316.63488694498494,318.8540954589844,3988572.0
2023-07-26,318.85408607516234,322.85661294250207,317.0509640933792,319.7655639648437,2856347.0
2023-07-27,320.91483068230013,322.3612769998523,317.0311853585005,317.2491455078125,2660902.0
2023-07-28,317.0311529724613,319.6466744970186,315.64414772509616,318.71539306640625,2182360.0
2023-07-31,318.71540038480225,320.0231309426624,315.247872069544,318.7748413085937,3109355.0
2023-08-01,320.95438347294294,322.91602448463783,316.6150150205071,317.3085327148437,4049365.0
2023-08-02,318.53704518320063,320.9346066192375,317.0509616297626,320.2410888671875,3256557.0
2023-08-03,320.9939952604266,329.71233859347603,318.2397887326932,325.9872436523437,9065702.0
2023-08-04,330.8616210983564,332.50622379546894,325.72968668154425,327.0572509765625,8202500.0
2023-08-07,328.9198162798181,330.504978067815,324.95692692704927,326.58172607421875,3912180.0
2023-08-08,327.2554659672695,329.31615547992243,322.5792545220113,325.0560607910156,3151037.0
2023-08-09,325.15510026138713,329.63315457661287,318.0813278892643,326.2250671386719,6947810.0
2023-08-10,327.2950174512272,328.1272508224315,323.0151199242501,324.36248779296875,3461370.0
2023-08-11,325.2739530633156,338.8270268823424,325.2739530633156,336.6078186035156,8267490.0
2023-08-14,337.3618665413333,346.0732272616441,330.9126806011782,344.5452880859375,5942072.0
2023-08-16,344.4460563484944,358.3763061566042,339.8224825869692,353.3558654785156,7580710.0
2023-08-17,356.7094207525521,370.9373133415457,347.1447977539352,354.66552734375,10089862.0
2023-08-18,353.2169741190245,363.1387992347274,352.06603877212206,356.8880615234375,6323555.0
2023-08-21,357.0268939516759,361.94810994004695,353.29627861844176,356.9078369140625,3028405.0
2023-08-22,357.18566283481863,365.12312200892575,356.9078529748851,359.56689453125,3572145.0
2023-08-23,360.7178530612516,361.8290925728149,349.3275875097164,352.12554931640625,3696270.0
2023-08-24,352.4232210944897,354.46711453507675,347.38291725301826,351.1532287597656,3335620.0
2023-08-25,350.9349472554205,351.1532286071848,343.394354524208,346.8074645996094,3253885.0
2023-08-28,347.20434977274385,348.21636503192127,340.9337490461757,347.0654296875,2635845.0
2023-08-29,348.43463508954693,354.8044599161789,347.2836997824699,352.8002319335937,2832917.0
2023-08-30,353.6138169786757,358.49536792581966,350.5380453465366,357.4039611816406,2683090.0
2023-08-31,358.71369241981984,360.75758607793256,352.5621484156497,356.9872741699219,5430410.0
2023-09-01,357.9793959556381,362.424383985074,356.2331755303985,361.3329772949219,2433825.0
2023-09-04,364.3096181153438,367.5044474591123,362.36494859970566,366.3336791992188,4284872.0
2023-09-05,368.07982183527577,373.8543001430913,364.44843077384377,371.3937072753906,3531530.0
2023-09-06,371.3937253877575,371.9691778603314,359.98362772161846,367.3059387207031,2870370.0
2023-09-07,367.2662633836477,373.0407725734153,363.9325145697281,365.3215942382813,3017837.0
2023-09-08,365.3215897486799,366.55188629587286,359.1898792032378,361.1147155761719,4470345.0
2023-09-11,364.309602866493,365.9169338473762,359.52727542729014,364.9644470214844,2537597.0
2023-09-12,367.82187217466986,369.4887313924376,359.7851884246403,365.1033020019531,6078072.0
2023-09-13,365.10332036181023,366.4923697798008,358.3961570990762,362.464111328125,2870080.0
2023-09-14,363.9325438422946,365.5002092129535,361.4322547400009,362.9006958007813,1970210.0
2023-09-15,363.6348731353332,367.8615801221772,362.90066780109487,363.3967590332031,1948085.0
2023-09-18,363.9920517221119,365.12315428834125,360.380523223691,361.9878540039063,2930705.0
2023-09-20,361.09488438829146,363.5356447446929,357.32460317827287,359.0311279296875,3209520.0
2023-09-21,359.62645229360754,363.9325206122024,353.9313345624025,362.9403381347656,2786720.0
2023-09-22,362.9403760307921,365.3414711996596,359.7058814063463,364.42864990234375,3696995.0
2023-09-25,363.9325616712749,368.8934746181517,361.2338238170136,367.5044250488281,2976237.0
2023-09-26,370.00469730038697,386.9114646633415,367.96077357060847,383.9944458007813,12429942.0
2023-09-27,384.4111724618906,386.73287577114326,380.26385707046506,383.81585693359375,4819370.0
2023-09-28,386.0780227757204,386.8519238608798,373.9932480309217,375.4021301269531,2717047.0
2023-09-29,375.68001640557424,388.5386938144595,372.2867387515168,375.3228149414063,6101197.0
2023-10-03,375.7593501081403,375.8188786346311,360.38052166521896,368.4172058105469,5828730.0
2023-10-04,368.2782746459068,368.2782746459068,360.7575449951805,365.3017272949219,6181990.0
2023-10-05,366.4923156822901,368.6155701337345,365.12309921559125,365.5596618652344,4795682.0
2023-10-06,366.0161387483836,369.8856446598801,365.9566102173612,367.921142578125,3597420.0
2023-10-09,364.32943685465983,369.88563479529097,361.5910033846288,368.6751708984375,2146690.0
2023-10-10,369.1315518941003,369.4887230273909,365.91686029946464,368.27825927734375,3481552.0
2023-10-11,374.2512040231544,377.4261694562746,362.7418824154608,364.1904602050781,6850962.0
2023-10-12,366.1153389193669,369.0720536408925,361.1742592172485,366.9884643554688,4372975.0
2023-10-13,361.5512883475637,369.8856150935963,361.5512883475637,368.8934326171875,3364592.0
2023-10-16,368.8537705454479,368.8934360439882,364.2500292782221,366.17486572265625,4550210.0
2023-10-17,368.29816211676666,370.6396983210224,364.32943205205584,369.131591796875,4602577.0
2023-10-18,367.7028248958001,367.7028248958001,363.1387795343757,367.2464294433594,6472717.0
2023-10-19,364.32940479922,374.6480961398003,361.1742416217441,370.91748046875,6049895.0
2023-10-20,370.3221737672555,370.3221737672555,364.0912690945151,367.5837707519531,4265650.0
2023-10-23,363.9324705053273,368.04011993029,363.5356036247952,366.2145080566406,3243855.0
2023-10-25,365.5199959529337,365.9168628634832,347.75993676455334,350.9150695800781,9110125.0
2023-10-26,349.1688805599342,349.2482418375887,328.67038636859945,346.2518615722656,11486027.0
2023-10-27,349.20856942073493,367.50441846328215,348.05763400420267,365.6986389160156,6026657.0
2023-10-30,365.678796254979,369.4887735931738,361.45208892524346,363.7142639160156,4445290.0
2023-10-31,365.2818719218188,366.6709212104436,358.49534801539204,360.6781311035156,5579412.0
2023-11-01,362.2656991426509,368.13943334513897,361.6307180358738,364.42864990234375,4244585.0
2023-11-02,367.10747787772095,372.06838974093336,365.14294587944767,367.5638732910156,2675412.0
2023-11-03,370.99691823718905,379.3709112338324,367.56394475946286,377.7635803222656,4721982.0
2023-11-06,380.5217762197309,383.2602092831559,372.108088999474,375.3029174804688,8992325.0
2023-11-07,376.9896496038598,396.2776795899074,375.99746711601375,393.3805236816406,12289935.0
2023-11-08,400.2464253712684,406.3979691508136,395.7220754700703,400.3853454589844,6577727.0
2023-11-09,402.8261203445225,402.8261203445225,395.5633367206098,397.8850402832031,3141805.0
2023-11-10,398.3811322392638,402.5284783692723,394.3727364811634,400.4647216796875,3047152.0
2023-11-13,401.6354672390012,403.3221896146753,397.8056572909748,400.34564208984375,3249237.0
2023-11-15,402.03240819739824,404.41364042048536,396.07931250017526,402.5086364746094,5883120.0
2023-11-16,403.42139206890187,417.11349782985445,403.0641906401871,414.5536804199219,7685665.0
2023-11-17,414.5536586266303,415.64506532504186,405.42556841319305,414.1170959472656,4609025.0
2023-11-20,413.5416320205423,420.8242778309661,407.98543453755656,415.6649169921875,2630890.0
2023-11-21,418.68114291499273,419.6137967996897,405.9018286709791,411.874755859375,5115550.0
2023-11-22,412.8868657189752,413.1448125952657,403.3222112912078,409.3150024414063,3425477.0
2023-11-23,410.823058165823,426.63844866179215,406.7947998868251,418.542236328125,6097717.0
2023-11-24,420.6853668194808,425.72564043880055,419.6138230758164,423.9198913574219,3789175.0
2023-11-28,426.6384548106572,426.6384548106572,418.2644324846113,420.66552734375,3908002.0
2023-11-29,424.6541273273573,426.4797395683678,418.5224464941252,421.0227355957031,1836362.0
2023-11-30,423.0666242291249,448.347445963667,420.4472780981485,438.544677734375,12976745.0
2023-12-01,440.5290328221243,446.8789948070021,430.8651848994978,432.2145385742188,3427552.0
2023-12-04,440.9259042650814,441.5212198307671,422.669752017768,424.8327026367188,4750715.0
2023-12-05,428.6029770475849,430.5476461324257,418.89943409253584,421.4195556640625,2822605.0
2023-12-06,420.6853763724364,427.7894066446593,419.1971026352698,426.0630187988281,2751995.0
2023-12-07,428.62282100023134,429.4165548534444,423.6222129437738,427.4321899414063,1896300.0
2023-12-08,427.94812009032887,429.67450777727095,420.6853376544283,423.443603515625,3151082.0
2023-12-11,426.201899553038,440.1321499152598,425.0509642539194,438.24700927734375,5401315.0
2023-12-12,438.24699202350047,439.7352656704732,427.0353123822365,428.6625061035156,3949642.0
2023-12-13,431.30175141804057,434.5759416062104,425.7256602489097,433.6829833984375,2889550.0
2023-12-14,438.1477505477744,442.3148984285296,434.2980780205504,438.2271118164063,3080182.0
2023-12-15,440.05269839332107,444.4183248912623,434.57586280363375,436.1633605957031,2900972.0
2023-12-18,436.163432570644,454.02271755077857,434.1989003223867,449.2602233886719,4576600.0
2023-12-19,453.705204831328,467.5163983240336,450.6691288542214,464.9962463378906,6633475.0
2023-12-20,533.7941947938967,547.6847500487565,490.3961411369244,497.4406127929688,32725090.0
2023-12-21,494.1267104416788,515.9348923695895,469.0840342013293,512.4821166992188,11949305.0
2023-12-22,512.482150161392,512.482150161392,486.3877309260935,491.5669250488281,16113987.0
2023-12-26,498.869319442831,499.18682509105207,489.3443922282417,496.1110534667969,4239532.0
2023-12-27,494.5235840236674,496.88495279151846,490.13812432536247,490.9517211914063,5993535.0
2023-12-28,491.34861395324776,495.0990625546256,484.9787890441106,491.2493896484375,3702457.0
2023-12-29,493.6306149603242,493.6306149603242,486.40752774033314,490.8922119140625,2874020.0
2024-01-01,492.83687517958015,497.6787304529655,490.9318715241968,493.11468505859375,1973717.0
2024-01-02,496.0912120470558,496.0912120470558,489.0467107801867,490.5945129394531,2455487.0
2024-01-03,486.2091285832631,492.023303592675,478.6883681562881,486.4869384765625,4077752.0
2024-01-04,494.5037391292031,506.9655485839365,489.74127536422446,500.0599670410156,5967980.0
2024-01-05,500.06000378741,509.188095333228,493.8092658516707,507.6601257324219,5074407.0
2024-01-08,507.6601014243519,513.5338351452738,500.05997984325336,503.8302612304688,4137392.0
2024-01-09,505.1399543821544,519.8837719391136,504.4454447929223,514.9625854492188,4432812.0
2024-01-10,514.7442697724794,517.8994028609367,500.0798136084532,503.5127868652344,3827432.0
2024-01-11,508.9300694482928,510.8747688554677,502.8579176855352,507.2433471679688,2309437.0
2024-01-12,504.4652734429901,507.1838438075916,499.4646651577244,502.0641784667969,6579967.0
2024-01-15,506.40992419196186,507.9974221921134,500.61558222856377,504.703369140625,3756002.0
2024-01-16,505.536804702016,506.40993012628127,498.492333339616,502.48089599609375,3301850.0
2024-01-17,498.4724273006581,501.48867024813353,488.1934322613854,495.4958801269531,5397812.0
2024-01-18,493.7100173918233,495.9126637500213,474.8188541391076,488.21331787109375,4635975.0
2024-01-19,491.6859184260604,508.949916785114,487.360017601804,502.9769592285156,7103392.0
2024-01-23,500.4568332830418,507.898201829912,493.3924989205207,504.7232360839844,4767932.0
2024-01-24,500.4568844347501,505.9337516236012,497.2819183643092,502.5801696777344,7679777.0
2024-01-25,501.46889746463495,502.04434999760025,484.5819317679692,499.0281066894531,8328487.0
2024-01-29,496.09122365138114,507.14415064825647,495.6943567282611,503.85009765625,4574967.0
2024-01-30,506.0329040629695,509.48571003825737,492.5987749117258,496.5675048828125,6966607.0
2024-01-31,488.5506529954532,509.9818008780359,488.5506529954532,508.1561584472656,5499840.0
2024-02-01,509.1087093579357,511.5296372219743,502.5999941992444,509.7833862304688,3070410.0
2024-02-02,504.4652745260255,517.3041185442511,504.4255787477616,510.2794494628906,5404360.0
2024-02-05,511.7677624973964,523.872402081334,500.0600201685461,516.9271240234375,10507030.0
2024-02-06,524.2692704821608,535.7785635500294,519.1893007983277,534.6474609375,10393642.0
2024-02-07,538.15983201601,541.5332163052702,527.2656265858861,533.8735961914062,4505802.0
2024-02-08,535.5801606382751,561.0197372865144,533.7942440523065,545.83935546875,8259177.0
2024-02-09,547.3076991798479,559.5512577271579,539.7671364943368,543.7160034179688,6313580.0
2024-02-12,547.2878576171926,553.5187929539989,542.5452566287582,551.3955078125,3223332.0
2024-02-13,551.6733387118173,559.1940385375244,547.2878484148687,553.4393920898438,3194342.0
2024-02-14,553.4989580473971,572.2908984840767,549.2722505787493,567.8062744140625,3432082.0
2024-02-15,571.4971855868301,577.847178538781,563.579587706746,565.6631469726562,4892730.0
2024-02-16,563.5596470121487,569.1158446608945,556.4159210651809,564.7700805664062,3828422.0
2024-02-19,567.0521673053246,572.4694450509951,564.373262417612,570.8224487304688,1245720.0
2024-02-20,576.4183734143363,576.4183734143363,567.528396314538,570.5049438476562,2895762.0
2024-02-21,576.2198589542863,584.8121318724983,572.5884374663666,581.1013793945312,2389720.0
2024-02-22,585.1892084080647,595.3094817087153,580.4267446659974,594.1982421875,2654775.0
2024-02-23,600.2505510301444,605.2313265716427,591.9955853417465,601.0641479492188,2887335.0
2024-02-26,601.083969693143,619.8957704508131,598.1669509135993,609.6961059570312,3168280.0
2024-02-27,607.2157198606926,607.7514766361542,576.6565094695029,582.2127075195312,6202435.0
2024-02-28,586.1615887881804,586.4195053616916,551.6534534082164,554.7689208984375,12580557.0
2024-02-29,551.6535517281052,563.4208233875166,533.7942640822313,558.9957275390625,13937442.0
2024-03-01,566.7544205901522,566.8338121410741,552.6456154537731,562.7063598632812,5235115.0
2024-03-04,575.4857420817274,576.1802214203767,557.0708363743789,569.1754150390625,4506765.0
2024-03-05,573.4814316837516,573.4814316837516,543.8548795220389,547.506103515625,11104745.0
2024-03-06,544.1127964319307,574.552942066801,540.5409038244248,569.0562133789062,7370822.0
2024-03-07,570.7033962103665,574.0767804352511,560.8410995635296,564.8892211914062,3851625.0
2024-03-11,568.8181498012751,593.3250668478984,554.4712312563585,561.277587890625,8245362.0
2024-03-12,562.2896480686085,568.7190319708217,555.2253133783619,564.5717163085938,4388537.0
2024-03-13,563.1231193339278,563.9565793120986,542.5254001378798,553.2012939453125,7181872.0
2024-03-14,551.197026154678,565.5440064345871,537.4453916900336,562.6468505859375,4386595.0
2024-03-15,563.5596621106985,571.4971221404267,556.8128331970324,569.1952514648438,4719685.0
2024-03-18,570.7034051618302,574.6126067646409,564.2144926380997,570.0882568359375,3851225.0
2024-03-19,570.7033129626681,570.7033129626681,553.6377640384131,555.1260375976562,2669332.0
2024-03-20,555.1261428834692,559.5909644080011,551.8717550155175,555.6817626953125,3989047.0
2024-03-21,565.4844766143974,565.4844766143974,554.292629339571,555.7213745117188,3613535.0
2024-03-22,555.6222509781281,558.6384642539796,548.4983872414781,556.5747680664062,3173577.0
2024-03-26,559.5114752122663,559.590866759538,554.7688748884042,556.2968139648438,4459500.0
2024-03-27,556.8326427263903,558.0034713866697,547.0299351787842,549.272216796875,5855022.0
2024-03-28,554.8284142318598,557.6065128604884,543.7159591593374,555.0665283203125,5047647.0
2024-04-01,558.7972221951597,569.7508957055708,552.6060127954485,554.510986328125,4051780.0
2024-04-02,564.3533956501615,565.1273270704243,555.0665819550939,559.3726806640625,2651662.0
2024-04-03,558.4200711679875,590.5469401416838,550.2643008532164,585.7447509765625,9176512.0
2024-04-04,594.225348725354,613.6687072479684,588.6842600458331,601.5935668945312,8314400.0
2024-04-05,603.3610561040655,609.7164307662134,590.4120514459191,593.33154296875,3406465.0
2024-04-08,596.529003307059,596.529003307059,571.9814933115866,575.9932861328125,7297395.0
2024-04-09,575.9536770035005,576.4501887940207,564.4346277071702,569.9160766601562,4447677.0
2024-04-10,573.530674914531,574.7223152876759,564.03737227041,565.4474487304688,3006212.0
2024-04-12,566.0234398594982,567.949908026552,548.1490154428825,550.4727172851562,7751762.0
2024-04-15,540.2245758918936,557.5429053360567,536.1134447251297,548.5858154296875,7133952.0
2024-04-16,556.887582965017,563.9976653741934,546.4012569227049,557.6621704101562,9683697.0
2024-04-18,565.1494634551146,565.1494634551146,552.1805804844073,555.27880859375,5776232.0
2024-04-19,544.0776809873315,557.2650035160142,541.3965050158392,554.5441284179688,3912572.0
2024-04-22,558.2380052030563,569.5981952690375,556.649192014399,568.1285400390625,3836490.0
2024-04-23,575.9536756411954,575.9536756411954,568.0094870116617,568.3868408203125,3885592.0
2024-04-24,569.9756509374379,574.3648587680736,568.8833492510655,574.00732421875,2116702.0
2024-04-25,575.9536099820062,575.9536099820062,569.5784163042006,572.756103515625,2008145.0
2024-04-26,571.1077439483299,583.8978931226212,565.2488803008076,579.806640625,3097727.0
2024-04-29,577.9396500874315,592.1597532183738,573.0738109202782,590.312744140625,4406522.0
2024-04-30,593.8280664754895,601.8517135081833,585.5065245079048,587.6514892578125,5340267.0
2024-05-02,585.9236174382166,606.4196388895459,585.4866846340831,602.4872436523438,6314752.0
2024-05-03,605.7444039881676,606.7175477340087,597.0058083147987,598.4754638671875,4415420.0
2024-05-06,598.5945347857854,600.8586573868124,582.1103694497828,598.6541137695312,4139995.0
2024-05-07,595.8140703634506,595.8140703634506,571.1871009102963,573.0936889648438,7215837.0
2024-05-08,572.7759231450568,599.7067146979027,571.1871098429771,597.1248779296875,5643560.0
2024-05-09,593.848021802525,595.7347303694808,569.2011675681722,573.987548828125,4134015.0
2024-05-10,581.474949288801,583.8979295159284,571.8029082490783,581.2366333007812,2253750.0
2024-05-13,590.5510207791881,594.3046176677885,558.1188429961092,586.79736328125,16363080.0
2024-05-14,595.8140470012311,619.2493752728773,588.8430032563282,591.464599609375,17151342.0
2024-05-15,595.89351940099,602.5467885323961,590.2531535675176,595.5757446289062,5237275.0
2024-05-16,592.6364228118225,595.5360345107874,585.0894683265124,593.1329345703125,4214965.0
2024-05-17,595.8141281180461,603.7186173704439,593.8280810243193,601.9708862304688,2877007.0
2024-05-21,603.7583233845822,603.7583233845822,593.6294709690898,600.3820190429688,3898180.0
2024-05-22,601.5537717152862,605.1087520103148,598.9917542560992,601.4147338867188,2550145.0
2024-05-23,602.9638338769491,603.7582404925714,595.059345619559,596.7474975585938,2577597.0
2024-05-24,596.7475482116884,599.4088439350558,589.8559626546158,595.1388549804688,4198022.0
2024-05-27,596.1715155742038,596.1715155742038,586.2810412720364,594.4436645507812,3302410.0
2024-05-28,589.0615793018505,595.2183374057091,581.9713766408651,583.917724609375,4017655.0
2024-05-29,579.8263847275358,583.5998615076007,567.2546746024994,568.1285400390625,4642537.0
2024-05-30,568.7244293668713,581.8125333430171,568.1286394691881,571.5049438476562,3457280.0
2024-05-31,571.485023703099,574.146319407431,552.2203435777973,566.7383422851562,11593700.0
2024-06-03,585.4866380080363,585.883871656287,568.9825920992797,581.534423828125,4316557.0
2024-06-04,575.9537132060105,578.0787983492568,524.3363636140235,561.4158325195312,6448665.0
2024-06-05,558.5756874779264,604.1554878198616,550.5322218219807,593.4307861328125,10611342.0
2024-06-06,595.814060555634,600.6997188815749,594.2252473045552,595.5757446289062,4485605.0
2024-06-07,599.766326273753,606.9359876057198,595.0197053645447,603.2022094726562,5245705.0
2024-06-10,605.7443497177758,633.0326167658088,604.949943020343,614.1055908203125,8490307.0
2024-06-11,620.0439047028044,624.373472665853,612.5167695164932,614.582275390625,4802772.0
2024-06-12,620.7985557097613,623.2215355175282,617.2633944108239,618.7529296875,3285400.0
2024-06-13,634.8796824770706,634.8796824770706,618.7331103817061,627.014892578125,4965487.0
2024-06-14,627.5113615479698,655.3954769943449,625.4260365467245,651.12548828125,8144420.0
2024-06-18,653.4094237504279,663.7368917738062,643.4791893469259,645.425537109375,5116807.0
2024-06-19,651.4234464310746,664.1341357029822,640.6392252635353,644.6708984375,10951570.0
2024-06-20,647.3718367053743,652.6150296636844,639.9043415047627,640.9966430664062,4756065.0
2024-06-21,643.002658179789,645.922149975962,629.5769597689048,632.9730834960938,5048880.0
2024-06-24,632.5758781484411,632.953231944359,623.7379443525599,626.895751953125,3031340.0
2024-06-25,627.590919423584,635.8528831043077,620.1829414983633,631.106201171875,4858005.0
2024-06-26,630.3315524435542,642.2875325377697,622.8639969696533,638.533935546875,3326327.0
2024-06-27,638.3155301098253,655.1969305733269,635.1577224727156,651.2050170898438,5264545.0
2024-06-28,651.2050215792073,653.8663174563255,638.8319261583528,647.2527465820312,4186665.0
2024-07-01,647.451372593456,649.0401860738721,633.9462761818721,638.6531982421875,2836832.0
2024-07-02,634.7406440678521,638.6928582697717,625.6048155913162,626.4588012695312,4070375.0
2024-07-03,629.9741239567479,642.8436695493036,627.4121063914603,640.8775024414062,2534075.0
2024-07-04,641.0959059131307,645.4652332744168,637.7394818513565,642.923095703125,2423345.0
2024-07-05,645.5646057371091,645.8029823083925,635.9720246131678,641.1555786132812,1661450.0
2024-07-08,641.4534482778344,651.4035020122623,631.9601465394999,634.4625244140625,3649630.0
2024-07-09,640.3015220895404,658.473839490111,638.0771592116109,640.1029052734375,3687577.0
2024-07-10,645.465286457091,646.9548217335305,631.7813932917148,635.27685546875,3251895.0
2024-07-11,635.535022057668,638.5140924735633,629.5768812258774,632.5360717773438,3574145.0
2024-07-12,634.3433519900179,636.071203052628,621.6922432485871,629.3782348632812,3614772.0
2024-07-15,627.590807063708,648.6429158782194,624.4131199693654,646.5972900390625,4321137.0
2024-07-16,651.3042693359616,653.2903163704411,632.397123387081,635.1378173828125,4350482.0
2024-07-18,635.535003938804,638.7126910803663,630.0137960164593,631.8211059570312,4993527.0
2024-07-19,629.179686507461,631.2848915494844,611.3052629065747,619.5275268554688,4749392.0
2024-07-22,619.6466425684803,624.2145262667545,616.8661889865158,620.6595458984375,3147147.0
2024-07-23,624.6713593653654,624.9494350373521,598.8924475322323,615.1979370117188,3619330.0
2024-07-24,615.1979121675389,643.5387798428306,608.3460260627959,640.301513671875,6283777.0
2024-07-25,639.5071923930863,658.9704305265271,635.9323317104053,656.229736328125,6304092.0
2024-07-26,661.7904885915364,672.4754296124181,656.4083189661687,665.9810180664062,7137772.0
2024-07-29,674.4615070069636,676.3680949688862,665.34555944639,669.4169311523438,4701400.0
2024-07-30,673.3096720152773,675.176561154641,622.3278764457599,626.5581665039062,31920582.0
2024-07-31,635.1378439891637,643.4593862609755,625.6048420680563,626.5581665039062,9797220.0
2024-08-01,631.9798857740319,632.754473057865,620.8580124429951,625.902587890625,4150442.0
2024-08-02,622.0299880471184,627.7895126271319,616.6477566628345,624.55224609375,3152042.0
2024-08-05,611.5039193776031,615.4760137686358,595.8141586548943,597.700927734375,5637807.0
2024-08-06,599.7861371150259,613.4501488765975,577.9396221869952,580.7002563476562,6017050.0
2024-08-07,595.4168875163165,609.7164506682352,588.2671665497037,603.69873046875,5972500.0
2024-08-08,605.247760813324,605.247760813324,589.9949359730309,591.6632080078125,4552912.0
2024-08-09,600.309852797563,607.246959039467,596.3344226238186,599.7333984375,2980895.0
2024-08-12,594.3268095557048,597.4872692570553,584.3882341450743,585.6802368164062,4781300.0
2024-08-13,585.9783908440166,596.3145336921139,578.464830145906,592.1403198242188,4732935.0
2024-08-14,591.5439061694108,591.5439061694108,579.2399473377905,581.24755859375,4143270.0
2024-08-16,567.7112682552438,578.4250815283065,561.5295035455209,565.2465209960938,11513025.0
2024-08-19,568.0888866908919,602.6751740246042,563.6960538044847,599.65380859375,10188500.0
2024-08-20,602.1583923683564,602.1583923683564,586.8132300039391,592.9751586914062,4887227.0
2024-08-21,600.2899902205976,617.5433435929804,600.1906287247289,614.6412963867188,6801420.0
2024-08-22,622.154872786473,639.8256904627302,617.5235229479359,633.7631225585938,9226335.0
2024-08-23,633.8624168892079,635.0748938293676,626.5674767077658,628.9527587890625,2628982.0
2024-08-26,626.1302647419163,629.4696115954129,612.2162588587627,626.52783203125,3527255.0
2024-08-27,628.1179262753071,632.0337271661548,617.3842776418923,622.055419921875,2223397.0
2024-08-28,622.0156020728622,627.3029309263711,606.0344181327462,607.4456787109375,4504235.0
2024-08-29,610.2484353162968,613.8064016877222,593.9292505882461,599.9122924804688,4918452.0
2024-08-30,606.9686518726146,610.9242461579,595.9368573670923,596.6723022460938,5738305.0
2024-09-02,596.6524812257996,609.8309816706247,595.9766046960887,604.8418579101562,3946967.0
2024-09-03,612.2162321529345,613.8063799204009,595.1218706815495,596.2548828125,4775225.0
2024-09-04,595.5193649068328,607.4456536806936,588.3834760697017,605.2591552734375,5223642.0
2024-09-05,603.4703860593017,609.3937389175774,596.9307856415552,598.481201171875,5328972.0
2024-09-06,597.9046788560091,603.0727502570496,588.0456289277287,593.631103515625,4540552.0
2024-09-09,596.3144903438674,607.9823674992897,592.1005443177436,606.5910034179688,3885172.0
2024-09-10,611.9179723893268,614.5815027639711,545.8462956069822,604.2652587890625,5859010.0
2024-09-11,602.277697817521,631.8151161909241,596.7518520593347,623.8046264648438,10811830.0
2024-09-12,631.5965226693239,660.9153226988204,631.3480582622942,641.6344604492188,7254715.0
2024-09-13,646.0073768862472,663.8968119384818,641.0380893717377,642.677978515625,7145096.0
2024-09-16,644.0196393554852,644.6656709738753,612.4646647420027,617.2351684570312,6982693.0
2024-09-17,617.2351267967957,648.9392021547337,612.9118713662778,645.6594848632812,8725231.0
2024-09-18,643.9202411234093,647.8956707690911,635.0748858976702,642.7276000976562,3641775.0
2024-09-19,637.0626301261246,657.3870272598574,627.9191293869612,648.1441650390625,6235971.0
2024-09-20,639.0503731915729,651.970520705555,632.0933706840442,650.4300537109375,7292526.0
2024-09-23,650.4300398344158,653.4612930159767,644.5662564390711,650.0821533203125,2822389.0
2024-09-24,650.926991247901,658.9275321075035,637.0626667887024,642.876708984375,4960677.0
2024-09-25,646.0073436869186,646.0073436869186,625.633265924485,629.409912109375,3749146.0
2024-09-26,629.4099043359059,631.0994741151923,618.179327401023,622.99951171875,3307212.0
2024-09-27,619.1732657284507,622.0554769437755,602.2776870488622,604.81201171875,6229241.0
2024-09-30,620.1670331829719,620.1670331829719,598.5506341898154,602.5757446289062,6713774.0
2024-10-01,604.2654240251122,614.2040000781569,601.7807800118511,608.4893188476562,5050652.0
2024-10-03,596.2151639112915,598.3022404860964,582.1520554231411,584.1397705078125,7488377.0
2024-10-04,591.2955165434707,596.3144846572869,566.995689161637,575.3441162109375,11147666.0
2024-10-07,571.3687797920884,574.648497862233,534.695408721615,538.7205200195312,16517348.0
2024-10-08,536.9812423369642,591.2955837521513,533.552421528404,586.3759765625,19393475.0
2024-10-09,595.3207276783295,602.4765148342271,585.4815127564381,588.7612915039062,6884033.0
2024-10-10,595.270960824571,598.2028525770279,574.4496341001377,585.0342407226562,5167165.0
2024-10-11,588.3139192044611,592.2396681942445,582.45013608957,588.71142578125,2001553.0
2024-10-14,593.1341377818009,595.9169266211971,579.965526041924,588.0158081054688,2952265.0
2024-10-15,591.2458681649241,610.1291612126895,583.4937309118524,607.296630859375,5781487.0
2024-10-16,609.2346802306593,609.2346802306593,597.8053183666258,604.5635375976562,3043963.0
2024-10-17,594.3268361944686,597.1593060493543,581.4066875815453,584.7858276367188,4225188.0
2024-10-18,590.351357857285,595.7182126473596,575.1453501657379,585.1336059570312,4908521.0
2024-10-21,593.9291842414668,593.9291842414668,568.8840251820783,574.8968505859375,3411037.0
2024-10-22,580.6116085963948,595.0225434624219,563.2191009994657,590.8980102539062,11533313.0
2024-10-23,596.314534666998,627.0744382122876,594.3268195514414,624.887939453125,14909803.0
2024-10-24,625.8320906601458,627.3228769358202,600.4887239736818,605.557373046875,6518797.0
2024-10-25,609.2346099686825,613.1106782440002,589.7550284328026,607.4456787109375,4545839.0
2024-10-28,604.5137418564615,611.7688884840554,596.7616665467002,600.091064453125,2827494.0
2024-10-29,596.3145102697438,610.0297318738981,585.7796448524111,605.557373046875,3846083.0
2024-10-30,588.3636266142114,611.6695965910296,588.3636266142114,601.8303833007812,4378178.0
2024-10-31,601.8304461416516,604.6132352368595,588.4630495429487,594.078369140625,5151305.0
2024-11-01,596.3144796053308,606.2530542654196,596.3144796053308,604.7622680664062,653210.0
2024-11-04,607.2468747120498,612.1664810009307,584.3881543873737,589.8543701171875,7612446.0
2024-11-05,584.3882375233209,590.1525991627593,576.8846251769679,582.6489868164062,5732587.0
2024-11-06,588.3636232513383,597.3083404967133,578.7231936437181,595.5194091796875,6149844.0
2024-11-07,598.3519865253285,604.7623805049674,588.761296591371,593.5814819335938,2893375.0
2024-11-08,591.5936666544573,595.2212707308848,583.4937039052954,587.9163818359375,1793816.0
2024-11-11,584.3881707914126,604.21563871817,578.6734905498299,587.1709594726562,2578471.0
2024-11-12,590.8979770922103,595.3206551935613,579.4189348545011,580.7109375,2680480.0
2024-11-13,587.4691347378082,591.2955224487209,561.5294786602562,564.6104125976562,6817240.0
2024-11-14,571.4680430898749,592.3390498809833,566.7969008664824,572.1140747070312,6805711.0
2024-11-18,589.3575284168529,613.8063999353067,579.2698499985687,606.10400390625,8284043.0
2024-11-19,612.2161970182192,635.6712088736502,610.6260493420103,626.47802734375,11261723.0
2024-11-21,626.1302444951012,626.1302444951012,606.2530938762092,622.9002075195312,5734432.0
2024-11-22,622.1549009624424,623.297861546205,608.8869253418035,612.6138916015625,8080741.0
2024-11-25,618.179297556502,628.4160165576241,591.3451479841136,597.4076538085938,10896519.0
2024-11-26,603.5199266743456,616.7878991514626,603.2217815762548,610.4769287109375,5018604.0
2024-11-27,616.1916830489141,616.1916830489141,604.2653924092577,609.2346801757812,1855103.0
2024-11-28,609.135276638707,634.6773654673824,601.4328811322569,626.825927734375,6829753.0
2024-11-29,623.1487001879887,625.3351989873654,611.5205544160666,617.3843383789062,5480591.0
2024-12-02,621.160927286446,640.0442194759539,618.4278192063856,628.3663940429688,8977574.0
2024-12-03,596.3145416584857,624.8382660332004,595.1219004431184,617.284912109375,12550494.0
2024-12-04,622.154813907376,626.13024402819,609.3837689083613,615.0984497070312,6578102.0
2024-12-05,615.1977703814066,636.0687771310181,611.7192692564714,629.6087036132812,7101348.0
2024-12-06,627.1241044094004,641.0381098955044,622.3536003747862,640.0939331054688,5645687.0
2024-12-09,640.0442177653788,646.0073626513916,635.2737139886178,637.658935546875,6600185.0
2024-12-10,641.0379774214837,648.9888360561688,637.559476768809,641.3858032226562,6504136.0
2024-12-11,641.7834380853112,644.1189787914042,638.2552563262212,639.9945068359375,1943407.0
2024-12-12,638.0565012240087,645.0135035738032,631.5964276134853,642.2803955078125,5018381.0
2024-12-13,641.0878531264538,645.8086768765164,632.0934536925961,641.6842041015625,3853671.0
2024-12-16,644.9639123871427,649.6847360657184,638.5535186283943,641.4357299804688,4944360.0
2024-12-17,641.4356421347333,653.1631482717783,639.5472886578143,643.8705444335938,6455231.0
2024-12-18,643.0257774647358,643.0257774647358,619.6204463830376,629.5590209960938,8210090.0
2024-12-19,615.1977994882377,630.0559814140663,612.0174433200614,624.1425170898438,3412324.0
2024-12-20,624.1425254376262,629.1118130605372,605.4083353633513,608.7874145507812,4016697.0
2024-12-23,617.483664044074,626.0308750983831,616.2413421460857,622.701416015625,3593389.0
2024-12-24,622.1547747678148,625.6332759046957,616.1916299617336,623.44677734375,2492843.0
2024-12-26,621.16091443792,624.3909511929972,618.1296613075122,620.2664184570312,1499003.0
2024-12-27,617.1855531356359,625.1364137235347,616.8377272490163,620.4652709960938,1852119.0
2024-12-30,617.3346095413896,657.9336640965407,617.1855066524952,639.4976196289062,17624561.0
2024-12-31,633.9817127039541,639.2988259741918,628.0185678056329,634.5780029296875,3444309.0
2025-01-01,634.5780561701637,649.6350225657882,633.5841986037265,646.8521728515625,2625048.0
2025-01-02,649.9828258533514,659.5238338953557,640.392076406553,644.7153930664062,5382698.0
2025-01-03,649.9827789525107,649.9827789525107,636.8638483461907,648.19384765625,3615541.0
2025-01-06,641.0380776335818,641.9822543760993,621.5087537950646,626.825927734375,4395831.0
2025-01-07,626.7762477933584,632.9878570806935,611.2720346160219,614.4027099609375,3524547.0
2025-01-08,617.6824157713352,622.5026002224275,599.7433006231388,603.2218017578125,5003681.0
2025-01-09,604.7623325641227,605.0107969571236,596.1654403021917,601.7310791015625,3645958.0
2025-01-10,596.3145630571294,599.0476714711411,586.773554312317,592.8857421875,3654621.0
2025-01-13,581.4067061043863,587.7176777099645,567.7411638668901,571.2196655273438,3860607.0
2025-01-14,571.4680442742545,576.2882287314259,553.4295069604557,562.8214721679688,7824105.0
2025-01-15,571.3686385711292,571.8655672668215,555.5166010464958,557.0570678710938,4952149.0
2025-01-16,565.4553016295331,577.0337064367297,561.6289134193978,571.1699829101562,5203997.0
2025-01-17,574.4495937462083,574.4495937462083,542.1989080552246,552.9325561523438,9710175.0
2025-01-20,553.5786367689718,553.5786367689718,541.0063149193652,549.5038452148438,5206204.0
2025-01-21,558.5976506610533,559.5418275109289,535.937709565308,538.1738891601562,7011598.0
2025-01-22,540.1118988776934,543.4412974134788,521.5267505194154,531.3162231445312,4481872.0
2025-01-23,526.7444251209126,542.6461436151288,516.8058510620275,537.08056640625,8855673.0
2025-01-24,535.6891922481185,545.3296221256351,533.602115763199,538.3726196289062,3064139.0
2025-01-27,535.5898596330429,535.5898596330429,519.1414686009341,521.9739990234375,3331754.0
2025-01-28,521.9740003244884,538.6707951262405,513.7746754909248,536.0370483398438,6377272.0
2025-01-29,536.6830437671276,542.1492599536446,533.7511520441282,538.2235107421875,2099560.0
2025-01-30,541.5529323082962,544.4350824295449,534.9437562025879,537.279296875,2914821.0
2025-01-31,540.6584078074058,540.6584078074058,532.7075488690615,533.4529418945312,3544551.0
2025-02-01,535.7388486208251,579.3195343890407,535.7388486208251,557.9515991210938,6432166.0
2025-02-03,556.5602618696353,582.0527338425873,545.3296830032452,578.9220581054688,6595246.0
2025-02-04,580.0649322743187,585.6801905415103,573.9526846156127,582.9470825195312,4407907.0
2025-02-05,585.5312191465808,589.3078658290146,578.0772872758881,580.0650024414062,2146717.0
2025-02-06,581.4066484097905,582.2514030365427,562.0264267961307,565.1073608398438,3085740.0
2025-02-07,565.1073916339861,566.4988165000169,545.1805594312553,550.2989501953125,6361141.0
2025-02-10,554.9701334974991,557.6535006120771,529.4279798767332,545.0812377929688,14670575.0
2025-02-11,551.5908054435831,552.5846627506887,508.0101564609809,517.1536254882812,12273792.0
2025-02-12,521.7750913300617,533.5025955364805,513.9235942630957,531.2167358398438,8581416.0
2025-02-13,531.9125729383514,534.8444648431567,508.0599917362751,510.2464904785156,9467636.0
2025-02-14,510.59429354069255,513.8243304341373,482.0208902525272,485.549072265625,14027216.0
2025-02-17,485.7478596215808,486.3938609391959,467.1627119909662,471.6350708007813,12706214.0
2025-02-18,473.0761467235175,480.0331488812162,462.78971603860975,466.2185363769531,8968551.0
2025-02-19,458.2179862463314,477.4491348535592,451.3106948495033,472.9767761230469,10307513.0
2025-02-20,469.4982569794747,471.83382807123365,460.9013960358812,465.5228271484375,11542401.0
2025-02-21,467.6596094793674,477.846648309496,458.2676748047856,474.7160034179688,12871051.0
2025-02-24,469.1007589748047,498.66802079578025,465.87072196915193,496.8790893554688,15905230.0
2025-02-25,494.84163362263325,494.84163362263325,472.1816951925187,473.5730895996094,10593112.0
2025-02-27,472.57923069424464,473.57308817204535,437.19789841851417,445.5462951660156,19975636.0
2025-02-28,445.2481921457599,453.7953733288689,427.0108996380501,433.37158203125,48247867.0
2025-03-03,433.3218912175762,458.2180106795634,416.9729224100005,454.1432189941406,27472740.0
2025-03-04,454.14315934992334,477.349705799334,445.2481233255453,474.3681335449219,16010754.0
2025-03-05,477.25038552359376,483.2135305472282,468.5044212908555,473.076171875,14097135.0
2025-03-06,479.5362339017216,491.90977165465466,474.9148026876571,488.3318786621094,12690927.0
2025-03-07,486.99020784613657,487.6362091986828,476.0577746087744,484.7540283203125,10433984.0
2025-03-10,484.803694813324,489.32576480845,477.0516181504296,478.93994140625,11965662.0
2025-03-11,474.86515595300375,484.6049787706564,467.6100075010846,482.2197265625,5774624.0
2025-03-12,484.50553326077846,487.3380332135586,472.97678014690746,475.4117431640625,9109922.0
2025-03-13,481.02704758322847,494.44412432366977,477.89640240981714,485.1515502929688,7798554.0
2025-03-17,489.5741803797835,506.7182211977136,488.5306118710537,504.1341857910156,10136334.0
2025-03-18,504.1341857910156,504.1341857910156,504.1341857910156,504.1341857910156,0.0
2025-03-19,530.5708313936856,544.6836208046354,526.794184817298,537.5775756835938,9383855.0
2025-03-20,542.84494811048,555.1687440214233,536.7327005650432,545.3792724609375,12121424.0
2025-03-21,543.6400277157127,548.6093149891652,529.7260233500455,534.6456298828125,10054240.0
2025-03-24,541.6523513878345,544.3854595829107,526.3966626357815,527.8377075195312,5386711.0
2025-03-25,531.2167906331958,531.7137193428621,508.507142535425,513.973388671875,6675687.0
2025-03-26,517.7997685080808,532.2107025644476,513.3770904070079,524.6574096679688,6576567.0
2025-03-27,523.7628751690473,536.6830219948492,511.836585791384,533.0057373046875,7748386.0
2025-03-28,534.4965323723214,541.4038538838897,533.4529941664576,536.335205078125,5075723.0
2025-04-01,546.6216318789878,546.6216318789878,525.8997270073111,535.4407348632812,5144301.0
2025-04-02,536.6830691899144,544.6339294742094,532.1610295352715,543.5407104492188,3535699.0
2025-04-03,541.6027045895178,549.1063172451611,534.7947437171136,541.1554565429688,4789352.0
2025-04-04,541.1554264293562,542.150197433822,527.8752578061402,532.650146484375,3148688.0
2025-04-07,482.4639427397174,521.2600123620865,479.8278056190287,516.8829956054688,6892589.0
2025-04-08,527.228636962139,539.0664363048604,526.3333187639148,537.5742797851562,3768369.0
2025-04-09,543.095176728528,546.7758411456823,534.3412050850236,537.375244140625,4722939.0
2025-04-11,537.3752736633271,544.1397039087551,532.5505981771322,542.896240234375,5318824.0
2025-04-15,553.0926738964397,553.0926738964397,541.2051483484505,547.7208862304688,5151065.0
2025-04-16,547.720890045113,550.904169398377,540.7077666161431,546.3282470703125,3702521.0
2025-04-17,547.1240409779131,565.5273041744429,546.3779627402159,553.8387451171875,8481820.0
2025-04-21,559.0613279433082,559.0613279433082,540.4590972368688,543.9407958984375,5680586.0
2025-04-22,546.6266307005997,554.4853454010754,545.1344742928637,546.576904296875,4384225.0
2025-04-23,549.11357640103,554.8832358939273,542.2496324096164,546.2785034179688,5172584.0
2025-04-24,547.96948336332,550.307231226113,528.2233068203681,529.5662231445312,8356371.0
2025-04-25,531.3071960455363,534.7888947370956,513.4013170603746,519.2207641601562,8422092.0
2025-04-28,517.2809365072987,537.6240162496811,517.2809365072987,530.4119262695312,5207203.0
2025-04-29,532.2023805267006,536.1814637455918,520.7127898753505,526.3829956054688,5188740.0
2025-04-30,526.2339043502463,534.1920730360724,504.4484236443985,519.61865234375,22672997.0
2025-05-02,524.0951940003982,524.5428531934812,511.3124080846878,519.121337890625,8743052.0
2025-05-05,530.3123810482135,538.4695151642967,527.2286153204757,535.932861328125,8452993.0
2025-05-06,537.1763768899033,540.8570419858689,507.83063037462153,511.6107482910156,7404521.0
2025-05-07,503.84395439656953,515.0460186000506,501.6035415558733,509.9179382324219,7509344.0
2025-05-08,512.8056315936701,515.5439140924713,482.9334588794757,486.66748046875,13165058.0
2025-05-09,470.9845653927897,496.4754908657644,470.3373410950229,494.135498046875,12371720.0
2025-05-12,509.6690442098437,513.7515804355261,503.44567508153057,511.6604919433594,4982466.0
2025-05-13,512.8056139746814,515.7928311434658,505.437151035855,506.5822448730469,5612532.0
2025-05-14,509.8184118571169,513.3034986569214,504.29207208673074,507.926513671875,8226540.0
2025-05-15,511.7102885533421,514.9962150478736,502.1511578350597,504.4413757324219,9548436.0
2025-05-16,504.49117687301697,505.1384011693715,495.8780402829603,499.5124816894531,9603273.0
2025-05-19,499.8610143850788,504.4911949946029,491.6461670371168,492.6916809082031,6822744.0
2025-05-20,497.8695197182445,499.512483055806,476.9589998900783,478.2534484863281,10517145.0
2025-05-21,481.8879336744933,484.7257657056715,474.0713759203073,477.1083679199219,6741531.0
2025-05-22,476.95903261192126,477.9049969193016,465.4084528845201,467.5492858886719,11871047.0
2025-05-23,472.9760679747442,488.8083134357582,472.4781984295077,486.66748046875,12851371.0
2025-05-26,490.89934952735376,491.2976390681227,476.95900288763175,480.6432495117188,5213331.0
2025-05-27,488.9078690288968,489.5053185308808,476.95900053939215,483.4810791015625,12868629.0
2025-05-28,483.9291929112691,485.7713162868972,480.2947513465433,481.838134765625,4402044.0
2025-05-29,482.9334330137722,483.6802372916285,477.20793355020686,480.9917297363281,3848181.0
2025-05-30,480.9419449817997,482.8836482190417,472.976032849596,473.9219970703125,8745176.0
2025-06-02,473.97179761367937,482.7342892800908,473.1752185122037,479.59771728515625,4888453.0
2025-06-03,482.4355715957252,482.7342811568658,467.698645753598,472.3786010742188,6727880.0
2025-06-04,473.8721938041526,474.96751280427065,463.5662888639097,465.80670166015625,6368562.0
2025-06-05,467.7484015269611,470.6858437713973,464.6118297123784,466.1054382324219,14463672.0
2025-06-06,467.997355910967,476.6104926603301,466.25481256449,474.967529296875,4357360.0
2025-06-09,477.2577216273324,478.4526206601696,472.5279610692974,474.5692443847656,5449423.0
2025-06-10,477.1581760637286,481.9377114603839,473.62328412111,474.2207336425781,9766215.0
2025-06-11,476.01303448523225,477.3075134658651,467.9973473923594,473.07562255859375,10243554.0
2025-06-12,476.4611425304707,482.3858021213429,472.07989672264193,474.5692443847656,10054611.0
2025-06-13,467.9476018183462,470.58630435368485,463.0186811223481,467.8977966308594,5251917.0
2025-06-16,467.00160027822176,473.4241291108394,456.5961153664722,471.1339111328125,7686376.0
2025-06-17,471.98032782503,476.9590232662224,467.3003419552911,468.3458862304688,7390960.0
2025-06-18,465.0101347096887,469.1922508599541,463.2178165810287,467.39990234375,4768336.0
2025-06-19,458.0399871766992,461.1765592722479,444.2489945287612,446.73834228515625,14815320.0
2025-06-20,446.0910838142431,460.03143018343815,445.74256907750447,457.64166259765625,22583949.0
2025-06-23,455.50083488727,466.404159116036,452.8123273308379,459.832275390625,8576051.0
2025-06-24,462.0726773230362,463.7654458019683,457.59185175973215,460.7782287597656,6439004.0
2025-06-25,462.0229308146662,463.8650541809837,456.79530067075024,458.3386840820313,6769539.0
2025-06-26,459.83228405776,460.33015358592456,452.5634011015754,456.44677734375,8390695.0
2025-06-27,460.0314377329354,463.81523394022327,457.9403796657314,459.6331481933594,7460924.0
2025-06-30,462.819480143988,462.819480143988,452.8123152387535,455.6003723144531,7221867.0
2025-07-01,457.0442134557245,457.8905977062993,448.6302065214023,449.6757507324219,6674529.0
2025-07-02,451.0697625590228,457.5420659953001,448.3314803359824,451.1195373535156,6457381.0
2025-07-03,452.9616878288209,455.65019541920265,448.1821525431915,448.7796020507813,3844728.0
2025-07-04,449.9246941194818,454.7540345712378,447.3855413190522,454.2063598632813,4123037.0
2025-07-07,454.6544551992036,462.91907713903936,450.0740495028604,462.07269287109375,5985198.0
2025-07-08,463.0186641153976,464.562047507431,455.1025264126003,456.1978454589844,5134262.0
2025-07-09,461.9731542389646,467.4994939291151,461.1267699509343,463.7654724121094,12242332.0
2025-07-10,465.2092834981386,465.7569278055329,457.044211358075,457.791015625,5463510.0
2025-07-11,457.94036488263214,459.3841986029727,449.0782937660872,450.3229675292969,7924312.0
2025-07-14,451.1195656913386,460.0314423684287,448.08257373548247,459.23486328125,9306246.0
2025-07-15,462.0229129983969,468.6943766988655,460.2803696842866,467.7981872558594,5262734.0
2025-07-16,467.8977708812687,479.8964445986925,462.9688808440655,478.0543212890625,15026248.0
2025-07-17,479.54793613394605,490.7997753278438,479.24919618419153,488.0614929199219,16465830.0
2025-07-18,489.654650602531,489.654650602531,480.543644879301,482.7840576171875,9200236.0
2025-07-21,484.3274811613031,489.5053365187098,481.58919869850143,487.2151184082031,4835434.0
2025-07-22,488.36022825154487,488.7087126083131,481.5394096951673,483.182373046875,4432584.0
2025-07-23,485.7214666889653,487.1155255836273,482.73424972190514,485.6716918945313,5120218.0
2025-07-24,485.6717426315747,487.56364083084674,481.3402714993299,483.92919921875,6791051.0
2025-07-25,484.8751432610038,485.5721423644957,473.3245641866176,475.1168823242188,6477551.0
2025-07-28,471.9802919455412,486.0202180999109,471.1339077073707,484.6759643554688,8143141.0
2025-07-29,484.02875322358057,512.6064454273683,476.013035722332,509.9677734375,24363407.0
2025-07-30,512.805642823792,531.9238459345713,512.805642823792,519.8753662109375,25521111.0
2025-07-31,509.8681946177587,522.763028133401,509.8184198177168,520.3732299804688,6593398.0
2025-08-01,520.871532347557,522.4662770195347,508.4129051704187,510.2069396972656,4418258.0
2025-08-04,508.3132407945491,509.8581022028548,501.386214856279,506.9178771972656,3691631.0
2025-08-05,509.3099276545413,511.20366796152376,502.980923448695,506.4195251464844,2223010.0
2025-08-06,504.32647853444223,506.27004135948425,495.6054178878487,497.5489807128906,3191536.0
2025-08-07,493.3628388182613,502.5822454022389,489.7747393617087,501.0373840332031,4385680.0
2025-08-08,502.5324681378464,505.4726933331477,493.0140346666664,494.3097534179688,2571658.0
2025-08-11,494.30972174865775,510.3066262848752,490.8711200103536,509.0607604980469,6605020.0
2025-08-12,511.0541553636402,515.6888005110785,506.4693630985992,512.5491943359375,3513096.0
2025-08-13,512.300009463972,518.2801652164698,508.3630614269196,509.40960693359375,6969613.0
2025-08-14,509.1604499786309,509.1604499786309,497.7981597706682,500.1902160644531,5002148.0
2025-08-18,503.3297865857717,507.1172064765905,491.6186479869938,498.14697265625,8750521.0
2025-08-19,498.7449913857166,509.110588766972,496.950956798889,503.72845458984375,6495179.0
2025-08-20,503.23012624027007,522.8151312485603,503.1304508892989,515.93798828125,6226154.0
2025-08-21,518.5293847845049,520.7719433924149,513.3963929708596,515.539306640625,3262937.0
2025-08-22,513.296673642901,521.4695648850377,504.4261158516243,514.891357421875,5460288.0
2025-08-25,514.8913872395173,517.1339456522909,511.15378988489454,514.2933959960938,2932412.0
2025-08-26,510.3066438488431,514.4927652033241,505.6720290456545,506.8680419921875,4566054.0
2025-08-28,515.1904348545157,515.2900797822797,493.61201549743527,496.0539245605469,5319711.0
2025-08-29,493.462537093455,497.7483033217544,482.299567246907,485.538818359375,5493941.0
2025-09-01,483.395925633835,495.25656184956296,479.25965730194673,493.7117004394531,5901966.0
2025-09-02,493.7117079450603,498.6453182894316,491.7183226544103,497.5489807128906,3742278.0
2025-09-03,497.5489707577021,507.81489263248585,496.3529274405848,503.5789489746094,3994499.0
2025-09-04,494.3595754995531,511.9512258561916,486.4857093118211,487.8810729980469,15790199.0
2025-09-05,489.1269317971595,491.3196678557259,466.95051970854655,468.0967102050781,13613187.0
2025-09-08,468.1465584432307,476.31942007288495,467.6980345758601,472.4821472167969,6635305.0
2025-09-09,474.4257336567275,477.0669632754784,469.8907939575503,472.9306945800781,3649613.0
2025-09-10,474.3759076343945,478.1135052980231,473.0801888610147,474.2263793945313,5895498.0
2025-09-11,475.1234079009871,475.8709274034011,470.1399445515606,473.0801696777344,2921431.0
2025-09-12,473.08015064048345,474.77454027776304,467.0999948618195,468.2461853027344,4967395.0
2025-09-15,469.44224374373465,472.43232172936354,468.6947242473274,470.090087890625,3410341.0
2025-09-16,468.4455424062817,471.1366247101676,460.3225034457572,461.3690185546875,4794399.0
2025-09-17,462.86406532255774,475.2729011089477,461.6181994972835,469.4920654296875,9799159.0
2025-09-18,470.4389032979092,473.92732736897415,463.0633842024148,471.9837646484375,7730017.0
2025-09-19,470.4389501155802,474.87424475684566,468.5452400861562,472.880859375,4399593.0
2025-09-22,473.42899925631696,474.42569188633024,461.56836304248776,462.4155578613281,3377847.0
2025-09-23,462.46539113617774,464.8574474207943,456.48523521631336,456.9835815429688,2589988.0
2025-09-24,457.48191509869633,459.4254778850547,450.0565428721575,451.1030883789063,5413431.0
2025-09-25,451.103110325796,454.99020567098114,448.6113786408509,450.3555908203125,8207075.0
2025-09-26,448.6113644548686,451.65126484771537,442.083009396764,443.279052734375,5431906.0
2025-09-29,448.5117259247258,451.65130192286927,443.9269333097212,450.20611572265625,5440921.0
2025-09-30,452.29911544468536,452.49846614268415,439.5912840717355,442.2325439453125,6732218.0
2025-10-01,443.4285789138588,446.7176830943727,440.5381761491509,441.4850463867188,3840726.0
2025-10-03,441.485021594797,443.727580057859,436.1028569501315,441.9833679199219,4069784.0
2025-10-06,438.7441263379244,441.7342043536305,435.9035461396744,437.4982604980469,2872225.0
2025-10-07,437.0497303009033,440.1893060886068,434.85699428780936,438.5447692871094,3204014.0
2025-10-08,438.4949427889088,439.3919600890551,430.2223755579811,433.4118041992188,3378068.0
2025-10-09,432.5645958720441,445.8704483952159,430.4217128283572,444.42523193359375,3947619.0
2025-10-10,444.4252673074676,449.4087307902081,441.53486457080754,442.1827087402344,2528589.0
2025-10-13,440.2889668146436,445.27242993648457,437.7474127891628,440.9866638183594,1899577.0
2025-10-14,442.2823790393722,443.4285695439758,437.1494177941319,440.1394958496094,1462957.0
2025-10-15,440.139477779415,445.0232656528586,438.7441141608091,443.8770751953125,2061374.0
2025-10-16,443.8770630032115,461.91720545175855,443.8770630032115,459.7742919921875,8353480.0
2025-10-17,459.2759485502654,466.6514982944001,456.6347191824229,460.0234680175781,5494264.0
2025-10-20,462.2660402564346,462.5650663022974,453.64465489202826,454.8406982421875,2631308.0
2025-10-21,454.89054992042674,459.4753425016031,454.8407274512397,457.9304809570313,507808.0
2025-10-23,462.56506780481305,469.94058737703,461.4188773335641,464.01025390625,9412633.0
2025-10-24,463.8109411422,464.0102614266738,457.7311097577874,459.8739929199219,3719605.0
2025-10-27,460.4720094982847,466.4521654657949,455.4885461920262,457.8307800292969,7398287.0
2025-10-28,457.8307938984999,459.77432639682905,450.3057458281034,452.6479797363281,7189256.0
2025-10-29,453.4951421954645,500.0406997259207,453.4951421954645,493.8113708496094,44567490.0
2025-10-30,493.36286447516176,497.2499597483036,475.422396676065,483.6451110839844,16027919.0
2025-10-31,485.2896589029915,485.3395117868865,466.95051970854655,468.0967102050781,9048607.0
2025-11-03,468.4455801676047,477.7646632180983,467.4987099133726,473.1798706054688,4702192.0
2025-11-04,473.3293561809271,473.4290315340532,467.4488753462546,469.4422607421875,3554888.0
2025-11-06,472.1831692858577,477.2164552825624,468.6449223475778,470.2894592285156,4827230.0
2025-11-07,470.438932069119,471.33594937320976,464.8574471307325,468.6448974609375,4991085.0
2025-11-10,468.6449219729697,469.94061032257656,460.37235427297617,461.7178955078125,4863609.0
2025-11-11,461.7178818544337,471.1366398031202,458.6779813612844,469.0435791015625,4669423.0
2025-11-12,469.0435905812764,469.0435905812764,457.0832781843887,457.7809448242188,6996274.0
2025-11-13,457.8307744243263,458.8772895391701,450.1064063941908,451.5017700195313,10531716.0
2025-11-14,451.5017580157967,458.9769526849324,447.1163165598994,457.8805847167969,4449524.0
2025-11-17,461.468692416002,462.5152075215615,457.1330733477709,460.1730041503906,4330719.0
2025-11-18,458.1796241048898,458.97696605950745,452.49846382413983,456.3855590820313,3423663.0
2025-11-19,456.3855265701115,456.3855265701115,450.3056957451667,453.0466003417969,4612838.0
2025-11-20,453.49516875984136,455.6879048194048,448.6612031853357,450.0067443847656,5119680.0
2025-11-21,449.40868452405385,449.40868452405385,443.3288536176932,446.16943359375,3406202.0
2025-11-24,446.1196422667371,447.41533056263097,440.6876550839938,444.6246032714844,8615148.0
2025-11-25,445.5216419619599,448.4618976270256,444.1761007183425,447.5648498535156,3455709.0
2025-11-26,447.56481279093856,466.0534793049573,445.27243191138245,463.9604187011719,8934221.0
2025-11-27,463.56175002222966,467.3491698636727,461.21951624968017,465.7544555664063,2393262.0
2025-11-28,466.4521631009485,485.389323568722,466.4521631009485,479.9573364257813,13013412.0
2025-12-01,480.40585347515577,484.791295016911,478.8609920466138,482.5487365722656,3211925.0
2025-12-02,480.4058524778733,484.3926230378556,478.06361869055456,479.8078308105469,3473726.0
2025-12-03,479.7580186795794,481.1533823223014,470.73793184333215,475.9207458496094,2668903.0
2025-12-04,473.5286623248414,488.2797006999104,473.5286623248414,478.3127746582031,3925680.0
2025-12-05,477.8144411838615,479.0104845076339,470.93726811378286,478.3626403808594,2387160.0
2025-12-08,476.4688994983974,477.5154450096507,464.40894301140776,468.2461853027344,2182021.0
2025-12-09,462.9637463070526,471.4356340220364,455.887222250031,469.9904174804688,5508110.0
2025-12-10,472.4323183434676,478.8111452504299,469.3924179131901,471.38580322265625,2704952.0
2025-12-11,471.8841640566949,478.412488979232,465.1066355461677,476.9174499511719,2652292.0
2025-12-12,476.91742389935473,479.957324257029,471.8841382798232,478.3626403808594,2810867.0
2025-12-15,479.4091344554252,479.7081300649352,472.4322863448472,476.0203857421875,3177203.0
2025-12-16,473.528722002249,483.3461514739208,471.93400755126993,475.5719299316406,4157266.0
2025-12-17,473.4290236714905,477.1167987593798,465.2561315172397,469.2927551269531,3498290.0
2025-12-18,469.24287278832446,473.03032298994464,459.5251197545286,472.03363037109375,2829460.0
2025-12-19,469.69142170632017,475.2729067531622,465.4056553831386,467.8475341796875,6531025.0
2025-12-22,477.41576240313503,485.3893033200976,471.4356067154131,484.0437622070313,10893397.0
2025-12-23,486.984027883934,487.0338503490606,477.1665993390085,480.15667724609375,3918797.0
2025-12-24,479.9075243576789,480.4058706965758,470.9372902575354,476.07025146484375,3268207.0
2025-12-26,474.4257010273461,481.9008958964744,473.5286837263798,481.2530517578125,5793445.0
2025-12-29,482.2995590522576,492.7150092343463,479.8576803512586,481.1035461425781,5900713.0
2025-12-30,481.4025617756524,485.3893324735874,478.61183445375656,482.8477783203125,5238532.0
2025-12-31,484.2431486805039,489.82463381815904,481.950737247489,488.22991943359375,5050001.0
2026-01-01,488.429206569689,491.76813293210535,485.43912870781975,490.1235961914063,1882033.0
2026-01-02,490.8213287974786,495.3064459156402,485.3893414543796,492.1668395996094,4268299.0
2026-01-05,490.3728140153801,492.166848729265,484.0438092145756,487.083740234375,4736202.0
2026-01-06,484.9408262038436,500.3397407501641,482.1002763117873,497.2001647949219,8149788.0
2026-01-07,498.3463209165452,509.8082862976257,496.20343781993313,508.0142517089844,5740556.0
2026-01-08,508.5624296196343,509.95779325990617,496.1535938395227,499.2433471679688,3510812.0
2026-01-09,494.3595387589468,502.731750670729,486.3859978112219,487.3826904296875,3997698.0
2026-01-12,484.99067046053904,497.1503030642334,483.79462706237047,492.1668395996094,4793134.0
2026-01-13,492.1668086020025,500.4393756822445,487.6816917663221,499.5423583984375,4787423.0
2026-01-14,498.7450179325592,507.1670833624759,496.2034637298325,500.7384033203125,3400938.0
2026-01-15,500.7384033203125,500.7384033203125,500.7384033203125,500.7384033203125,0.0
2026-01-16,496.85125476707566,504.1270984876792,494.957544934542,498.7449645996094,4442688.0
2026-01-19,493.06386981741525,498.6951772487955,487.7813804828329,494.3595581054688,4726501.0
2026-01-20,492.0671529217005,498.0971310357152,484.9407764384992,487.48236083984375,3568142.0
2026-01-21,479.7580244397164,486.5355224523939,471.0867860142013,476.4190979003906,5819986.0
2026-01-22,480.40587488745433,487.881070036118,478.4124895144773,485.489013671875,4471094.0
2026-01-23,486.386003908902,488.2298913595086,469.59172699388233,472.531982421875,3352354.0
2026-01-27,471.3359537179704,476.91743870780687,463.56176312199375,470.090087890625,3880383.0
2026-01-28,470.5884582687312,471.8841770453696,459.4753406042572,466.8508605957031,7554323.0
2026-01-29,467.4488729764339,468.993734483791,449.9569283824608,465.50531005859375,7732682.0
2026-01-30,461.5683673233822,473.42900364721487,461.2693412816177,469.69140625,6589147.0
2026-02-02,466.4521410670014,479.3593225217312,455.737695518988,464.75775146484375,5718949.0
2026-02-03,477.4157493296585,490.52225076968045,439.1427600596284,449.6080322265625,28666048.0
2026-02-04,452.4984676389169,452.4984676389169,436.60120754529646,443.4285583496094,13262771.0
2026-02-05,445.970132791032,447.4153188653388,435.1560115914342,435.65435791015625,9354103.0
2026-02-06,435.6543679527942,443.3288831880385,430.77058000006673,437.597900390625,6623250.0
2026-02-09,441.9833802035747,457.4819391790381,437.647760971163,455.83740234375,7503533.0
2026-02-10,458.4786282024404,461.1697105781133,453.1961692180709,454.9902038574219,5289731.0
2026-02-11,454.9902145040453,457.4321237693567,451.6512878980684,455.3888854980469,2466686.0
2026-02-12,455.4885594243596,456.68460281926616,449.5084032831208,454.19287109375,3401594.0
2026-02-13,451.0034547420841,452.2493206391616,444.1262810735453,447.8140258789063,3080721.0
2026-02-16,445.5216102408917,457.332424112486,442.8305279452616,454.3423461914063,2459060.0
2026-02-17,453.4951642246163,457.88060588323935,452.84732007333895,456.5350646972656,2033633.0
2026-02-18,456.5350314916131,462.8640355603803,453.6944819259522,462.1165161132813,2991343.0
2026-02-19,462.116515302394,462.4653637937569,449.5581825298382,452.0000915527344,1889084.0
2026-02-20,449.3588905345746,455.0898733128704,447.8139986660898,452.3489685058594,2521212.0
2026-02-23,456.03670978356246,457.6314241066913,453.046631833938,455.78753662109375,2298607.0
2026-02-24,453.4951580349871,462.3657165813533,449.6080627637306,457.5816040039063,4586271.0
2026-02-25,458.578289912936,460.4719998462907,453.046627508951,454.3423461914063,2400024.0
2026-02-26,454.8407084886672,461.1697130605993,453.1961716576352,458.9271545410156,2077636.0
2026-02-27,460.4221688684068,462.814225077716,448.063156023127,449.9070434570313,4555709.0
2026-03-02,433.51149504480975,449.60807580705375,431.6177546120131,443.8272399902344,5183683.0
2026-03-04,430.5712328206806,434.4583281447603,424.5910768092823,428.3286743164063,8357859.0
2026-03-05,434.4582981279395,447.01663096754726,431.1692247155718,444.2757263183594,6468494.0
2026-03-06,442.9301826634462,454.2426496879899,440.3387758358743,446.16943359375,4616931.0
2026-03-09,442.531575706739,442.531575706739,431.9168041295354,436.30224609375,3862525.0
2026-03-10,443.2292583188573,443.2292583188573,432.6643095568381,435.0563659667969,3317809.0
2026-03-11,436.4516999076696,440.3387951108554,428.577834154212,429.8236999511719,7599571.0
2026-03-12,430.5712454245904,430.5712454245904,408.644006074264,409.6905212402344,12325188.0
2026-03-13,408.6439548348956,417.1656641654049,399.1255529316182,399.97271728515625,7664431.0
2026-03-16,400.27177372908926,415.0228127605317,399.77342740482914,405.8034057617188,8027378.0
2026-03-17,409.3914838196757,409.74033231161536,401.1687699024211,405.0060424804688,4489728.0
2026-03-18,408.6440035238944,416.6175450560679,406.9496137816486,413.7271423339844,6377212.0
2026-03-19,408.89316096652,409.0925116638141,401.9661348602704,403.3116760253906,5644420.0
2026-03-20,404.6571925470976,408.2951144263227,398.6770369922144,400.1222534179688,5524922.0
2026-03-23,396.6836753319445,397.3813723547143,379.7399002549519,380.9359436035156,10454299.0
2026-03-24,390.60385968082056,392.84641823649633,380.9857812920295,387.0656127929688,6998465.0
2026-03-25,393.5938986872348,406.0525560932415,389.8064790024664,400.1222534179688,9134065.0
2026-03-27,398.6770750973889,399.5740924330287,386.71676284446727,388.012451171875,8968617.0
2026-03-30,384.7233608203405,390.2549928312804,380.2382439195852,382.8296508789063,10212880.0
2026-04-01,395.9859526939224,402.9129783410255,387.763238850228,400.4710693359375,6465240.0
2026-04-02,396.2850063577379,403.6605259334394,389.3081577613575,402.3648376464844,3620669.0
2026-04-06,403.6605378338821,406.3017673684781,398.4777236999735,399.67376708984375,4363829.0
2026-04-07,398.67706662470266,400.91962512446656,393.9925989252039,399.5242614746094,3214980.0
2026-04-08,412.048348509593,423.1254597980632,410.20215821907584,421.02978515625,6926186.0
2026-04-09,420.5308343071887,428.614133723281,413.8446716813754,422.0277404785156,5743167.0
2026-04-10,424.9217528824352,433.1048521322248,424.1732997969533,430.7098083496094,5731496.0
2026-04-13,417.1378356233684,432.3064963733439,416.28958273751385,429.71185302734375,5357143.0
2026-04-15,436.0986590758684,450.7683515515783,435.20052147533454,444.6310119628906,7797798.0
2026-04-16,445.6289391701173,465.0388340163884,445.0800857753417,459.4503784179688,7114657.0
2026-04-17,452.3650290465,474.2198833305709,452.3650290465,472.9225463867188,11968336.0
2026-04-20,475.4173975437099,475.9662814168243,463.3423482454382,465.5877075195313,6027104.0
2026-04-21,465.587699057693,486.0454165165093,465.587699057693,484.0994567871094,7932444.0
2026-04-22,485.9456388240344,497.6714035083872,483.3509954412509,493.92913818359375,11943145.0
2026-04-23,488.9893302858399,489.8375831742011,475.4173754359594,483.2511901855469,10692659.0
2026-04-24,483.4008759165271,491.8833439121162,480.3072638507386,489.43841552734375,13173088.0
2026-04-27,493.8792614001132,520.6240046047188,478.8603142452526,517.7798461914062,36094833.0
2026-04-28,520.4243351193272,528.3080646555015,513.9876269422308,517.4804077148438,14074482.0
2026-04-29,519.825643460443,533.59716812546,518.3786219722152,522.0210571289062,9973200.0
2026-04-30,522.5204702365558,523.3196327473469,508.685838055924,513.1309204101562,7127837.0
2026-05-01,513.1309204101562,513.1309204101562,513.1309204101562,513.1309204101562,0.0
2026-05-04,513.1309422271654,520.7724310793001,504.4405677769063,506.1886291503906,5234719.0
2026-05-05,503.3917336848606,512.4316958528897,499.24630669006734,511.1331481933594,4854705.0
2026-05-06,514.4294855981859,515.9777563224974,501.14423146459546,508.3861999511719,4518907.0
2026-05-07,508.3861967617387,514.4294823708393,506.48827719704326,510.0343627929688,3542867.0
2026-05-08,510.43389746321776,513.9300200485823,506.0387780240849,508.2862854003906,1878374.0
2026-05-11,505.4394342638689,506.88784009311314,498.9466352071196,500.74462890625,2707721.0
2026-05-12,498.4472170262525,505.0898441824533,486.0609596137372,487.80902099609375,3884745.0
2026-05-13,484.4626969004584,498.2473964950461,484.1130785482093,488.6080932617188,3933073.0
2026-05-14,490.8556251984592,506.3384544314177,488.9078036819947,504.5903930664063,4345986.0
2026-05-15,506.4383495841359,509.4350262088941,500.5948240691032,503.2418823242188,3728317.0
2026-05-18,503.2418676368011,514.1298167760013,493.7523919353562,510.933349609375,4593884.0
2026-05-19,511.3328941059023,518.2751763751412,508.7357683753782,514.2296752929688,5130324.0
2026-05-20,506.9378035727178,516.1276242250816,506.38842504314266,513.4306030273438,5735895.0
2026-05-21,514.4295058881875,525.3174557396347,513.5804718674285,519.2741088867188,6850797.0
2026-05-22,531.4106578049815,540.8002690028383,526.0166154628012,538.8524169921875,18510994.0
2026-05-25,542.3485514671064,543.3474437026227,525.6171065222077,530.1121215820312,8578018.0
2026-05-26,528.5638440827512,534.4073391991263,525.9666877229399,530.71142578125,4811410.0
2026-05-27,532.1099041253119,539.401805224655,529.8124641854563,533.9078979492188,4232992.0
2026-05-28,533.9078979492188,533.9078979492188,533.9078979492188,533.9078979492188,0.0
2026-05-29,538.402914683024,543.7969571392221,524.8679370918297,527.4151000976562,13582024.0
2026-06-01,528.4139693502468,531.7103013889802,521.4217240091282,524.9178466796875,3454028.0
2026-06-02,517.4261392774529,537.4039824927985,514.5793210062817,536.4050903320312,8512936.0
2026-06-03,538.3529827826661,539.052219541371,527.9145467230164,532.8091430664062,4501572.0
2026-06-04,532.4095157315681,535.2064015569131,526.566021043481,527.8146362304688,2968198.0
2026-06-05,526.915635310909,527.3152165777822,517.7258148806986,522.7202758789062,3217921.0
2026-06-08,517.7258226315615,530.4117659504383,510.9333677658177,521.5715942382812,5396987.0
2026-06-09,523.4195167789936,530.6614852840465,523.2696585608378,529.1631469726562,4547800.0
2026-06-10,529.4128377375297,538.0032858119158,523.769072721803,525.6669921875,3150329.0
2026-06-11,520.5227185860742,531.7103237968515,517.9256231655115,519.3240966796875,2704464.0
2026-06-12,525.417299176867,529.4128679919002,516.9267154449215,521.6215209960938,2335737.0
2026-06-15,528.4139890547381,542.7480681515308,526.6159952363403,540.4006958007812,7594901.0
2026-06-16,542.748062467349,542.748062467349,535.5060938841261,540.4506225585938,3831572.0
2026-06-17,540.6004473655994,555.1842484654879,539.5016294127751,543.447265625,7532315.0
2026-06-18,547.0932535329858,551.0888222117478,529.3129851060032,530.9611206054688,8122763.0
2026-06-19,535.306325232355,538.1032110466231,525.7668564675184,528.9133911132812,9495702.0
2026-06-22,527.4150905746467,529.4128750086415,503.5415726851622,512.3817749023438,11556735.0
2026-06-23,511.48274769214765,516.4272763614574,502.3928529014292,503.7413330078125,6358283.0
2026-06-24,506.8378780997906,513.9799509782146,503.7413062935189,506.138671875,6476790.0
2026-06-25,508.18640347647306,514.0298984218151,504.890071431215,507.0876159667969,4139647.0
2026-06-26,507.0876159667969,507.0876159667969,507.0876159667969,507.0876159667969,0.0
2026-06-29,507.0876200637053,508.2863028991768,501.7935035885434,503.5415649414063,3941267.0
2026-06-30,505.8390119821829,509.7346855270319,502.1930614912829,506.98773193359375,3722439.0
2026-07-01,508.43613316670667,523.2197256310908,507.0376901742008,515.1287231445312,4419221.0
2026-07-02,514.4794090798945,517.3762208112324,507.9366774439865,510.0842895507813,5284923.0
2026-07-03,516.9267055676063,521.8213016595139,512.1819676904157,515.2285766601562,3567591.0
2026-07-06,509.4350298129939,511.7324697147205,489.95663161426177,494.30181884765625,9967183.0
2026-07-07,499.4460831121741,500.9444213615106,480.71685499546754,483.7135314941406,7058165.0
2026-07-08,482.01539874011337,482.9643584838998,471.5769939773105,474.0242614746094,3846105.0
2026-07-09,476.47157963335167,483.9632711370207,475.3727921160594,480.86669921875,5558894.0
2026-07-10,484.9621698208412,487.4594003554491,475.2729031530544,477.57037353515625,9967759.0
2026-07-13,476.721287340852,478.16969317845474,464.0353446094105,468.580322265625,7281774.0
2026-07-14,467.4815574536483,473.774566225862,464.9843269116951,469.7290649414063,7372887.0
2026-07-15,470.72793814845744,472.1763439978069,462.7368007369186,463.6857604980469,5070265.0
2026-07-16,464.9343850606954,467.3317202355736,461.5381272055332,466.03314208984375,5854168.0
2026-07-17,467.4815430071936,467.4815430071936,459.59030083523646,462.8367004394531,2797591.0
2026-07-20,462.3871806872567,469.1796657524836,459.4903994829226,467.4815368652344,4348073.0
2026-07-21,469.47931593742527,472.0764416542586,461.9876247256578,462.93658447265625,5338033.0
2026-07-22,464.0353486091752,464.9843083707869,454.5458729281388,457.7423400878906,7951021.0
2026-07-23,460.4892948149035,464.2351404885605,456.9432397706829,458.54144287109375,2932300.0
2026-07-24,451.499260489416,458.9909517585988,450.6501960488213,456.6935119628906,2597541.0
2026-07-27,460.4393575904717,464.8844094531906,453.49704482096007,463.98541259765625,5407996.0
2026-07-28,464.1852230699733,469.4793395996094,422.5314056396484,429.5236511230469,47975773.0
2026-07-29,438.5635942853355,448.3027929259658,433.0197549449462,446.70458984375,13449496.0
2026-07-30,447.7035017316284,454.6457843166222,446.10526809524686,450.8500061035156,7069870.0
2026-07-31,451.0,451.0,439.8500061035156,442.2999877929688,7987191.0
2026-08-03,444.0,450.0,442.6000061035156,445.0,6028529.0
2026-08-04,447.1499938964844,447.1499938964844,439.0,439.0,3152444.0
2026-08-05,442.3500061035156,445.2000122070313,436.8500061035156,437.0,2044640.0
2026-08-06,437.9500122070313,449.0,437.2000122070313,444.0,4923022.0
2026-08-07,444.0499877929688,447.3500061035156,439.5499877929688,442.0,2472286.0
2026-08-10,442.0,450.5,441.5,445.5,2484821.0
2026-08-11,445.5,448.5,435.3999938964844,437.0,5820816.0
2026-08-12,439.1499938964844,440.5,434.0,440.5,1837489.0
2026-08-13,438.9500122070313,440.8999938964844,435.7999877929688,440.5,2014673.0
2026-08-14,440.0499877929688,440.3500061035156,431.8500061035156,435.0,1811603.0
2026-08-17,435.1000061035156,438.7999877929688,432.25,433.8500061035156,2004001.0
2026-08-18,434.8999938964844,443.2999877929688,434.6000061035156,439.2999877929688,4034092.0
2026-08-19,436.75,439.0,431.8500061035156,431.8500061035156,2990073.0
2026-08-20,436.0,440.7000122070313,433.8500061035156,438.2999877929688,2004715.0
2026-08-21,438.2999877929688,441.6000061035156,430.1000061035156,430.1000061035156,2399879.0
2026-08-24,431.5,434.5,424.1499938964844,428.0,3722942.0
2026-08-25,425.0,438.0,423.8500061035156,438.0,9481343.0
2026-08-26,447.8999938964844,447.8999938964844,420.2000122070313,421.25,31112914.0
2026-08-27,423.5499877929688,425.0499877929688,415.75,418.75,11988613.0
2026-08-28,418.6499938964844,420.8999938964844,412.2000122070313,414.0,7918746.0
2026-08-31,413.8500061035156,413.8500061035156,400.4500122070313,400.4500122070313,7714216.0
2026-09-01,404.4500122070313,411.3500061035156,404.25,405.8500061035156,4752656.0
2026-09-02,400.6000061035156,416.9500122070313,400.5,415.0,7804640.0
2026-09-03,414.0,415.4500122070313,407.1499938964844,407.1499938964844,4325249.0
2026-09-04,407.5499877929688,412.6499938964844,406.1000061035156,407.6000061035156,4144842.0
2026-09-07,406.0,407.6000061035156,404.0,405.9500122070313,5062827.0
2026-09-08,405.0,408.3999938964844,403.6499938964844,405.7000122070313,3722223.0
2026-09-09,396.2000122070313,407.0,396.2000122070313,407.0,11284331.0
2026-09-10,409.0,415.5,405.3500061035156,410.5,7713560.0
2026-09-11,406.7999877929688,417.1499938964844,403.0,416.5,9719304.0
2026-09-14,416.5,416.5,416.5,416.5,0.0
2026-09-15,417.5,419.75,409.1000061035156,409.6000061035156,3118516.0
2026-09-16,408.8999938964844,414.3999938964844,407.1499938964844,410.3999938964844,3489901.0
2026-09-17,411.0,419.5,411.0,415.4500122070313,3472718.0
2026-09-18,416.8999938964844,425.3999938964844,416.25,421.9500122070313,7581873.0
2026-09-21,422.0,431.1499938964844,422.0,425.0,4940296.0
2026-09-22,427.2000122070313,433.7999877929688,424.2000122070313,430.0,5138730.0
2026-09-23,430.1000061035156,438.6000061035156,429.75,436.1499938964844,4205329.0
2026-09-24,432.15,436.85,428.3,431.25,5016972.0
