Date,Open,High,Low,Close,Volume
2021-09-23,1216.443534267042,1235.984795861693,1212.5841828102564,1219.9609375,625566.0
2021-09-24,1220.5959536237126,1227.9728269871473,1195.1923156055284,1200.566162109375,1267241.0
2021-09-27,1211.5580769926812,1211.5580769926812,1176.9212425803576,1190.258056640625,739560.0
2021-09-28,1192.0169314190894,1195.3389696722047,1162.265408994696,1181.2203369140625,664613.0
2021-09-29,1179.3151577666683,1195.680964637084,1170.0330583476266,1177.556396484375,696580.0
2021-09-30,1179.1198559794584,1214.294129345191,1179.0220542482305,1190.11181640625,1757392.0
2021-10-01,1189.8185120821736,1192.6031178806795,1172.4267423333172,1187.3758544921875,765614.0
2021-10-04,1187.3759506265994,1204.7188209196438,1178.97323169081,1199.1007080078125,526778.0
2021-10-05,1196.9023968643771,1227.679887069461,1187.1317650532394,1221.5732421875,1207112.0
2021-10-06,1227.972962887904,1240.3816166619076,1195.5343961124504,1201.68994140625,1637172.0
2021-10-07,1202.7645034373782,1261.3882810216533,1201.0057424016975,1253.57177734375,2199106.0
2021-10-08,1263.83098330045,1267.64155283282,1237.1083342567558,1252.008544921875,1849583.0
2021-10-11,1252.594851763205,1288.8927685525437,1245.5111445281948,1273.748291015625,987429.0
2021-10-12,1270.1821243779314,1284.202957050637,1263.3426821697424,1268.5699462890625,556746.0
2021-10-13,1270.865916148637,1294.462013676232,1270.865916148637,1280.83203125,546360.0
2021-10-14,1293.485022316395,1299.884833632531,1279.9527215948358,1294.510986328125,698768.0
2021-10-18,1305.1610094072653,1316.104069028816,1287.4272893001234,1307.017333984375,1040171.0
2021-10-19,1316.1039018926836,1325.7768497473091,1262.8539667381542,1275.5557861328125,761312.0
2021-10-20,1270.1818892700137,1272.038332808408,1215.0267310940962,1218.9837646484375,1278748.0
2021-10-21,1205.8912446201457,1211.3628934613869,1134.5656374738437,1164.7081298828125,3270210.0
2021-10-22,1157.9664338763223,1172.4757980227732,1126.3095634756264,1150.05224609375,1383292.0
2021-10-25,1151.0780645642235,1170.4239624979027,1120.153992243596,1161.7769775390625,1198644.0
2021-10-26,1171.498678833322,1175.113764662846,1146.876735960498,1165.8316650390625,693503.0
2021-10-27,1167.883551907191,1175.064941719859,1150.003249763458,1153.667236328125,477583.0
2021-10-28,1150.9804340939736,1162.2655616101044,1124.599728049375,1128.8011474609375,536155.0
2021-10-29,1128.8010297835694,1194.801569611615,1116.9784710390154,1176.92138671875,2516853.0
2021-11-01,1173.4527271599186,1220.3517537241785,1172.671029009024,1216.8343505859375,1590433.0
2021-11-02,1220.8404143812847,1225.3837819143355,1183.223482845727,1193.091796875,542396.0
2021-11-03,1193.189417010909,1195.5343923187438,1170.521600666102,1182.63720703125,461077.0
2021-11-04,1184.7866047722373,1198.8563362398884,1184.2003908090828,1192.0657958984375,50958.0
2021-11-08,1195.9251235150894,1215.4663837032444,1189.867380564916,1211.46044921875,790144.0
2021-11-09,1214.2940754521114,1240.5769775786894,1213.5612781228483,1223.3319091796875,1989568.0
2021-11-10,1222.892016615422,1231.099369600167,1209.2131347309758,1218.9837646484375,312238.0
2021-11-11,1222.305959081766,1236.961905833346,1207.1614807718,1220.254150390625,579476.0
2021-11-12,1226.702746690701,1245.657795065529,1224.7975213155896,1235.3497314453125,569624.0
2021-11-15,1246.7324099281027,1252.594788031213,1235.300820335193,1237.9388427734375,591556.0
2021-11-16,1241.8471890626429,1241.8471890626429,1200.8105392273708,1203.3997802734375,1089946.0
2021-11-17,1203.3997806422244,1214.6847877881446,1192.994034862441,1207.112548828125,751036.0
2021-11-18,1204.718795033936,1232.9559423077078,1196.90229028108,1206.8682861328125,1489052.0
2021-11-22,1205.7934944431322,1212.8772016043467,1146.0949655316654,1158.2105712890625,758527.0
2021-11-23,1154.8886649578376,1185.372988101354,1144.043287643533,1178.63134765625,479994.0
2021-11-24,1179.7059785470242,1188.450645344831,1157.331210314555,1172.0848388671875,227763.0
2021-11-25,1165.147693548284,1178.2403623445402,1157.819720632886,1173.794677734375,281801.0
2021-11-26,1162.7052029860515,1170.130859419948,1132.367343048714,1137.5947265625,1002955.0
2021-11-29,1132.4162798859654,1162.705239917428,1105.3027753416725,1150.00341796875,745724.0
2021-11-30,1150.0032448748764,1213.707709966924,1142.2844226907112,1173.4527587890625,1468977.0
2021-12-01,1174.429944681228,1198.2214093071696,1170.5216919535037,1194.6063232421875,699953.0
2021-12-02,1202.7646808050886,1211.0208163242266,1190.600292870662,1202.178466796875,768558.0
2021-12-03,1203.7418591800529,1226.165411851907,1200.9572529215836,1218.0069580078125,584599.0
2021-12-06,1221.3289567333777,1224.8952611411205,1195.4856837170616,1198.172607421875,571239.0
2021-12-07,1201.787732422098,1231.0507274668137,1190.7468705868043,1225.6768798828125,1350166.0
2021-12-08,1229.8782186413673,1242.8243051533818,1217.8602943975252,1224.3577880859375,779432.0
2021-12-09,1224.2600374345704,1236.4733259165596,1213.707708477974,1222.0616455078125,302045.0
2021-12-10,1221.3288481988932,1233.2001884574654,1215.955001266818,1222.0616455078125,454867.0
2021-12-13,1214.0009161335502,1228.1683312514065,1202.4715237087903,1205.158447265625,495195.0
2021-12-14,1203.448643892645,1209.4088245722348,1191.2353544187386,1202.6181640625,328231.0
2021-12-15,1205.5982719448784,1208.9203105842007,1178.3381855883797,1183.956298828125,381061.0
2021-12-16,1192.0169226454354,1199.3448955305507,1180.7806975549252,1189.867431640625,270117.0
2021-12-17,1190.0627414409687,1191.8702841481934,1147.5605006752198,1170.7657470703125,709756.0
2021-12-20,1153.422975737721,1164.6592012531664,1119.7142991913831,1137.8388671875,556369.0
2021-12-21,1148.3424227458283,1167.5416191439224,1133.3933081287253,1147.12109375,411848.0
2021-12-22,1149.563705297971,1168.9094842480547,1149.563705297971,1162.167724609375,328821.0
2021-12-23,1169.544569586634,1185.1286788416369,1160.26246982801,1182.051025390625,409221.0
2021-12-24,1182.0510175575585,1182.0510175575585,1157.8198043242987,1169.0560302734375,427611.0
2021-12-27,1164.6592554359188,1179.0709366588046,1156.745067906584,1168.3232421875,298790.0
2021-12-28,1170.716982384852,1191.96810523957,1170.716982384852,1179.315185546875,355696.0
2021-12-29,1179.3151341782648,1188.8904000429657,1151.4199356160973,1173.697021484375,771379.0
2021-12-30,1175.602204625466,1188.6948732445628,1165.978157514213,1171.30322265625,844604.0
2021-12-31,1175.406930237341,1211.558265581299,1171.987209326426,1191.1865234375,1199325.0
2022-01-03,1196.9023147430496,1213.170439446494,1196.9023147430496,1204.9141845703125,431395.0
2022-01-04,1211.65596414804,1222.843408553297,1194.7528435544573,1216.93212890625,877718.0
2022-01-05,1216.9322013473356,1225.7746709119372,1210.532389754126,1220.8404541015625,433601.0
2022-01-06,1211.558157447451,1227.533114137136,1201.934110454063,1221.1334228515625,590712.0
2022-01-07,1216.4435536954245,1257.968735247276,1216.4435536954245,1241.74951171875,2129901.0
2022-01-10,1245.7553876456568,1251.9597141535785,1222.3058744664445,1224.9927978515625,835334.0
2022-01-11,1224.2600106853731,1228.2659453658598,1210.1902788074565,1218.446533203125,621165.0
2022-01-12,1224.1624672339617,1253.5720447413091,1217.420707519619,1246.0487060546875,1001889.0
2022-01-13,1254.3535996675976,1258.603800109378,1227.777412968038,1241.7005615234375,591489.0
2022-01-14,1243.7523832996208,1287.085225732861,1233.688705272808,1273.748291015625,1513277.0
2022-01-17,1279.9525675068053,1283.030339901071,1253.6695481825495,1256.2587890625,535555.0
2022-01-18,1256.5031197464643,1273.4551403150922,1228.0217071360792,1233.688720703125,964807.0
2022-01-19,1231.29486445121,1245.5600810526785,1221.328868591661,1226.165283203125,662199.0
2022-01-20,1226.1654208025234,1234.812525578842,1218.7397643022637,1224.944091796875,522908.0
2022-01-21,1201.7875731858749,1208.9201812877373,1157.8197351424892,1164.9034423828125,1756285.0
2022-01-24,1159.4807036701382,1172.3780078254429,1133.4420681315105,1160.2135009765625,1469411.0
2022-01-25,1157.8197764972472,1175.6022772551216,1143.8477264229186,1163.58447265625,757354.0
2022-01-27,1162.705060715447,1170.277299556241,1128.5078530473456,1158.357177734375,1011654.0
2022-01-28,1162.6073350654842,1176.8235307342154,1123.1828652584309,1130.6085205078125,929704.0
2022-01-31,1138.767042595347,1166.4179760224663,1131.1459027102303,1156.1588134765625,849622.0
2022-02-01,1167.5905039688455,1177.5565007297052,1142.8707577247728,1156.0123291015625,635360.0
2022-02-02,1156.012231704848,1189.5743253672913,1155.8656483856307,1186.8385009765625,546576.0
2022-02-03,1191.5286044451875,1202.667149078832,1176.5307077759137,1192.310302734375,628333.0
2022-02-04,1192.35892912428,1216.4435583710062,1190.89333447564,1206.3797607421875,712330.0
2022-02-07,1206.477446671085,1211.411543285694,1185.5682745032675,1196.1204833984375,280046.0
2022-02-08,1194.068918576591,1219.228296096917,1162.7052135606752,1171.2545166015625,1207465.0
2022-02-09,1174.8206813752877,1207.69887815484,1173.3550867426516,1195.97412109375,695568.0
2022-02-10,1194.9970711141252,1214.1474840032345,1185.9592374470592,1210.3369140625,379632.0
2022-02-11,1199.8334978615428,1199.8334978615428,1155.8167570925832,1164.952392578125,816198.0
2022-02-14,1130.4621158005768,1158.11305190732,1111.897915108951,1143.408203125,1128739.0
2022-02-15,1133.4420129696898,1172.4756332173968,1123.6713826928783,1166.7109375,1210341.0
2022-02-16,1171.4986286805015,1191.0398902097843,1147.1209526308796,1183.4676513671875,1219588.0
2022-02-17,1189.379023895115,1196.8046800040845,1174.4788108113637,1191.4796142578125,461866.0
2022-02-18,1186.252238964035,1229.1453312125748,1186.007973198691,1223.771484375,1862152.0
2022-02-21,1225.2370906463211,1236.5709984122564,1207.7476378268764,1215.12451171875,2071927.0
2022-02-22,1182.2463695374609,1215.8084636946303,1177.3610539608596,1210.727783203125,939324.0
2022-02-23,1208.1874924762574,1234.9101459214426,1200.3220863673976,1210.5323486328125,860375.0
2022-02-24,1181.3182404525812,1196.853449006017,1154.8886347329758,1169.4468994140625,1490663.0
2022-02-25,1182.4906206762907,1228.1194198886708,1176.6282420569494,1223.576171875,2202043.0
2022-02-28,1206.6730160494214,1239.8931638596891,1192.700964997529,1234.1773681640625,1039455.0
2022-03-02,1226.0188209647515,1233.6398415537735,1192.456608189999,1202.9112548828125,882993.0
2022-03-03,1209.604041295586,1222.989757210814,1156.403006573577,1169.6910400390625,1195271.0
2022-03-04,1160.2623867493712,1176.383927281047,1125.7720129340537,1147.951416015625,1310047.0
2022-03-07,1128.507972028091,1137.0083739793604,1097.8770652128387,1121.61962890625,984612.0
2022-03-08,1113.8520544489338,1134.2237984327992,1074.7695262226557,1127.09130859375,1533085.0
2022-03-09,1141.209738268568,1160.4578342623686,1114.0962363533688,1131.8299560546875,1912229.0
2022-03-10,1165.6363105342746,1172.4268515588997,1148.4888049469218,1151.615478515625,1040850.0
2022-03-11,1148.0491913380768,1183.321146894468,1143.163875630255,1175.2603759765625,801340.0
2022-03-14,1182.2465190313717,1182.2465190313717,1150.7362295778494,1164.1219482421875,1450003.0
2022-03-15,1167.590439001907,1196.4138013036277,1166.2714276320105,1184.151611328125,1294926.0
2022-03-16,1201.5923381093776,1259.9718627080706,1195.2414274835785,1241.60302734375,2210899.0
2022-03-17,1273.113143000698,1294.608529912452,1260.5090059120005,1266.66455078125,3769942.0
2022-03-21,1280.9296671507043,1284.5936536128058,1252.5948385104523,1259.14111328125,1587721.0
2022-03-22,1258.457334130869,1258.457334130869,1209.701859210693,1253.8162841796875,1856642.0
2022-03-23,1266.8601270010088,1309.264693927057,1265.4434330627596,1274.9208984375,2544861.0
2022-03-24,1273.113319361852,1274.0903825386456,1237.010882687497,1246.927978515625,1415928.0
2022-03-25,1247.7096981295974,1265.0525698146407,1214.489549549796,1220.3519287109375,1504572.0
2022-03-28,1226.214253721306,1229.0477607114758,1190.0629171574108,1203.3509521484375,1591299.0
2022-03-29,1214.4893770548535,1223.2340436867134,1200.5173276637645,1218.6907958984375,887754.0
2022-03-30,1229.1454014089204,1244.1432964035105,1216.4435808856167,1239.5511474609375,787930.0
2022-03-31,1244.7783300597305,1244.7783300597305,1214.8802244790934,1216.8343505859375,939480.0
2022-04-01,1216.443506040295,1235.691600556229,1215.4175421222244,1231.929931640625,440336.0
2022-04-04,1229.731732975545,1251.617972746506,1226.2143292715575,1247.4654541015625,744419.0
2022-04-05,1261.3884976347138,1294.315477324144,1249.1752085406515,1284.8380126953125,1996418.0
2022-04-06,1289.6743411784948,1298.1259605201826,1265.7851970170525,1291.6773681640625,1222732.0
2022-04-07,1291.6774529219667,1316.7391459647372,1261.9259284353664,1271.3544921875,2230037.0
2022-04-08,1283.861014386157,1291.677519800989,1273.60185102919,1287.37841796875,1031831.0
2022-04-11,1291.6775311005035,1294.511038192249,1268.5211813146564,1273.1622314453125,1200934.0
2022-04-12,1270.1820223080958,1281.8090969817647,1238.964904160298,1272.9178466796875,1346945.0
2022-04-13,1277.9985085391188,1287.182925344473,1259.0923617966905,1274.3834228515625,903271.0
2022-04-18,1248.393491858183,1257.3825440606438,1212.0956926240451,1218.6419677734375,1913872.0
2022-04-19,1229.096344050284,1242.2866944527157,1194.6548735550457,1216.883056640625,769663.0
2022-04-20,1216.2482663805472,1226.8004769211816,1196.462737437652,1221.9151611328125,861417.0
2022-04-21,1223.6738306370985,1240.919017929153,1223.2829815492976,1236.9129638671875,1071430.0
2022-04-22,1225.2862042559111,1242.2870092214862,1220.3519871840306,1223.380859375,876987.0
2022-04-25,1216.9321428673195,1228.2172698610027,1202.2761957432651,1213.8543701171875,978292.0
2022-04-26,1223.2830010413031,1236.3267695705313,1216.4435593421904,1233.591064453125,548103.0
2022-04-27,1228.0705622271366,1258.4571990011132,1221.4753866888932,1237.3526611328125,1559217.0
2022-04-28,1247.0257383408923,1264.3197082807756,1239.5022805701788,1256.1612548828125,846958.0
2022-04-29,1269.1072969627714,1269.2049794196553,1220.3518239377595,1232.614013671875,1036182.0
2022-05-02,1221.3289207732453,1237.5481449870335,1194.7039503003884,1202.7158203125,820568.0
2022-05-04,1211.3140697163146,1211.3140697163146,1110.1880312282012,1118.3953857421875,2780161.0
2022-05-05,1131.4391658572238,1145.3134153469643,1117.76028129591,1130.9017333984375,1575587.0
2022-05-06,1070.861095109813,1074.3297166205605,1021.0308799176594,1044.7735595703125,4279051.0
2022-05-09,1035.6868960995232,1041.1584256587994,1006.5215861341968,1022.6431274414062,1597558.0
2022-05-10,996.6044032355114,1011.1137670167714,953.1250934865112,966.0223388671876,3890951.0
2022-05-11,967.292483272366,972.1777988444484,939.641609061418,955.421142578125,1828775.0
2022-05-12,945.7971300491096,949.3634344038924,913.5540460701628,927.623779296875,2387327.0
2022-05-13,943.305545402076,943.305545402076,907.0564700104924,910.0365600585938,2439176.0
2022-05-16,911.355663866854,936.6127227369308,901.389607692757,929.6755981445312,754343.0
2022-05-17,933.095295400272,971.1030752659448,929.23588408388,965.33837890625,1653820.0
2022-05-18,970.223637809348,1006.3749717458496,955.8119573887158,962.9933471679688,1950263.0
2022-05-19,938.4691933695336,953.5648315720138,919.416461177232,923.764404296875,1069959.0
2022-05-20,934.2677837129572,958.3035130338752,934.1212003882974,952.7831420898438,771890.0
2022-05-23,964.4101485641836,981.3622296160834,953.3693471448372,972.8129272460938,711795.0
2022-05-24,976.0860018918728,990.5953645524028,968.4160806860402,988.39697265625,995063.0
2022-05-25,996.4089691684948,996.4089691684948,965.2406910675332,972.5686645507812,1302256.0
2022-05-26,976.086012287566,980.6782206688112,957.9126629398944,973.0082397460938,1439924.0
2022-05-27,979.0172061096284,1001.4896569484722,970.8587532461272,985.3192749023438,2936842.0
2022-05-30,989.7649434409678,1021.0309633719756,989.0321460988348,1015.6082153320312,1269311.0
2022-05-31,1016.6341132539848,1022.056860941536,990.5953588682208,994.6990356445312,1389172.0
2022-06-01,985.4657771020776,1029.7267813671592,985.4657771020776,1024.010986328125,1344690.0
2022-06-02,1028.5544266855406,1030.3131882285206,1014.4359105531169,1024.20654296875,628184.0
2022-06-03,1030.8015747357892,1034.660926288489,991.7190505751906,994.0640258789062,935492.0
2022-06-06,994.06401329318,1000.268340071043,964.6543784535618,989.2275390625,2071173.0
2022-06-07,984.391076685083,984.8307670086572,953.22273983224,976.6234130859376,1155472.0
2022-06-08,977.3073750320276,980.5316713655284,951.0732544026184,968.4649658203124,840464.0
2022-06-09,963.7489062304804,987.2309767698592,942.0844043327174,982.1218872070312,866374.0
2022-06-10,974.6056444553768,984.1851645083052,962.5698372093898,975.1951293945312,676852.0
2022-06-13,958.0011970322302,967.53160411074,945.719760067128,963.405029296875,651834.0
2022-06-14,961.882114601812,972.689778810821,954.1202226827064,969.2509765625,891341.0
2022-06-15,975.637288391006,986.837982154276,972.1984862667678,977.356689453125,1003208.0
2022-06-16,983.497439295908,992.1435586367872,934.322579324703,938.743896484375,1327668.0
2022-06-17,928.476604840325,947.9795021294198,917.2759106995148,938.5964965820312,985036.0
2022-06-20,942.1827286016118,946.0636746695563,917.3742259744128,929.4100341796876,506347.0
2022-06-21,928.5256917908011,964.8296292431852,928.4765780395214,963.2576293945312,621504.0
2022-06-22,957.9521211760627,959.229378677373,927.8380125590892,931.3259887695312,769151.0
2022-06-23,931.3259081322288,953.0394636783384,929.5082195660924,950.0919189453124,445504.0
2022-06-24,953.0886293957924,977.5532760009788,953.0886293957924,974.80224609375,856644.0
2022-06-27,980.5990269894564,986.8380328590538,962.4225005416968,964.5840454101562,549920.0
2022-06-28,953.0394794251222,972.4932629909312,943.3125576582416,959.0819702148438,992871.0
2022-06-29,949.10938077402,965.124361437383,945.2775487278144,955.4957275390624,560774.0
2022-06-30,954.0219771121936,966.7455571836448,948.225115159038,955.3975219726562,1469049.0
2022-07-01,933.1926313828689,952.6955879479964,921.6971951657532,939.7263793945312,1129398.0
2022-07-04,945.9653604399972,955.987024696594,929.4591216474594,948.7655639648438,965699.0
2022-07-05,953.0394920682024,968.3667011493344,935.7472531065172,940.9054565429688,554040.0
2022-07-06,940.9054837167964,963.0611842663086,936.3367651253824,959.0328369140624,1548896.0
2022-07-07,964.8296621949193,971.4616379788456,949.2076508056006,955.2992553710938,1321316.0
2022-07-08,962.8646555132138,966.7947153316352,948.6673024255762,951.713134765625,605885.0
2022-07-11,950.09199055993,957.3134517129912,938.4000382504486,947.5374755859376,526504.0
2022-07-12,948.12690541512,954.8079949311906,937.2210137027072,940.119384765625,545725.0
2022-07-13,946.1619242226204,976.5707747984444,941.6423793090509,966.7947387695312,1220919.0
2022-07-14,969.5948743041616,977.9954252732977,960.6540120629896,969.201904296875,1093056.0
2022-07-15,973.6723759477524,977.6024359919412,955.9871057489032,965.812255859375,670764.0
2022-07-18,974.6548145869016,1021.8155314217516,973.1810421858124,1016.608154296875,3058816.0
2022-07-19,1011.990473680592,1036.5533492553636,1009.8289886043784,1034.44091796875,1426312.0
2022-07-20,1043.7256196443266,1046.329188164142,1009.3375983617804,1011.646484375,562014.0
2022-07-21,1003.1477566714128,1009.2393013428511,985.4624876997326,993.7156372070312,1544353.0
2022-07-22,994.305049912904,1008.0602581132802,979.3708118731917,984.2833862304688,798056.0
2022-07-25,979.076135501768,988.1152849229716,970.724758530604,982.1710815429688,519192.0
2022-07-26,985.8554452315348,989.3924747788178,957.1659990139714,960.31005859375,775518.0
2022-07-27,955.9870250612288,955.9870250612288,916.1951704723492,952.1060791015624,2489605.0
2022-07-28,960.8995623581192,968.6614539757992,950.5831560137837,953.5307006835938,1366114.0
2022-07-29,956.5765204346278,995.6806629734806,955.9870354585252,987.181884765625,1272713.0
2022-08-01,992.2909365743548,993.322565227143,973.917895926217,981.7780151367188,1297725.0
2022-08-02,986.8871205360334,987.8205217009267,971.7072530723044,982.1218872070312,1028956.0
2022-08-03,953.039489845029,972.6406748514116,941.691454304898,965.0261840820312,4034577.0
2022-08-04,965.8121980967456,990.3750719038856,965.2718268665792,982.662353515625,1270775.0
2022-08-05,983.497396650974,989.1468572211468,953.0394353161286,955.9378662109376,1993658.0
2022-08-08,953.727300928482,973.3284867288628,951.0744984948742,965.1244506835938,923346.0
2022-08-10,968.7597028475616,971.756361334382,955.6431527647472,956.92041015625,854456.0
2022-08-11,962.8646142085256,982.0236550014504,960.457440679414,972.2476196289062,1549710.0
2022-08-12,977.553260388858,997.2035593666012,973.917943084385,989.7855834960938,2036111.0
2022-08-16,1006.0953431372548,1019.4575229261144,997.6948520216432,1002.165283203125,1829450.0
2022-08-17,1004.1302243663338,1017.7380316976212,1000.6914222280928,1009.6814575195312,985624.0
2022-08-18,1011.9904450972718,1028.5457987798843,1006.3901575987684,1026.77734375,1163107.0
2022-08-19,1027.8088754813075,1032.9180252339206,991.89796569345,997.4000854492188,1265293.0
2022-08-22,992.3400434213768,995.2875881048064,957.9520221146952,960.064453125,1080433.0
2022-08-23,955.987053881623,980.5499278251384,950.1410778894756,977.06201171875,782477.0
2022-08-24,973.721381815323,982.4657884319358,965.8121488463362,978.2901000976562,737677.0
2022-08-25,982.514905908122,997.989515676175,974.163529207903,977.995361328125,761328.0
2022-08-26,986.445031878392,992.3401217103344,977.6023971304782,989.5399780273438,536785.0
2022-08-29,965.026122242068,972.4440975549088,957.1660032418768,963.3558349609376,805591.0
2022-08-30,970.5282455459916,989.0978018954912,966.991215749874,983.6939697265624,688283.0
2022-09-01,974.6547833044888,982.416675021614,960.3592034663444,962.8154907226562,1349653.0
2022-09-02,971.7072557261844,971.7072557261844,953.0394722491396,954.5132446289062,887624.0
2022-09-05,954.071100318887,973.2301412437552,954.071100318887,969.9878540039062,796310.0
2022-09-06,966.843813057948,976.6198486877998,966.0578131008843,968.36669921875,803122.0
2022-09-07,962.8646981976068,971.2160756819736,958.2468657126597,963.5033569335938,825447.0
2022-09-08,968.7597049339682,974.163536959462,957.9520408829808,958.4432983398438,1220046.0
2022-09-09,963.8470968770646,967.7771563954216,943.3125119064694,949.2567749023438,1308759.0
2022-09-12,951.0743947142004,957.85377130833,947.4390776994924,949.99365234375,1402032.0
2022-09-13,953.039488420779,965.5665538613614,950.5832010794884,953.1868896484376,1873849.0
2022-09-14,948.126923101004,948.126923101004,933.4383126614445,938.6456298828124,1404466.0
2022-09-15,943.2143736837666,950.5341222231326,935.0103976498448,943.410888671875,913099.0
2022-09-16,943.2143576827208,943.2143576827208,867.1185623531646,896.9379272460938,2715707.0
2022-09-19,901.9487675276272,903.7663962854622,879.3509225895712,883.526611328125,1575244.0
2022-09-20,888.1935319031822,906.664801325277,888.1935319031822,894.2360229492188,1578826.0
2022-09-21,893.106092650069,907.8438169512252,885.8846317296839,888.5865478515625,1227816.0
2022-09-22,887.9970185352048,890.0603359544713,873.7505514598922,882.1019287109375,1097995.0
2022-09-23,884.7546959906447,893.7447316028278,872.473259344467,885.0494384765625,1626446.0
2022-09-26,881.0212048255297,881.0212048255297,852.8230125773644,866.9712524414062,1908668.0
2022-09-27,871.343363747145,891.927064045448,870.2135075298065,888.4391479492188,1333677.0
2022-09-28,884.2634385247976,896.8887314098873,879.3999776193207,885.0494384765625,851509.0
2022-09-29,889.4707309685559,893.597305560667,879.6946956760887,885.4424438476562,944566.0
2022-09-30,884.2634744473488,894.7272828821577,864.7605762481087,890.6007080078125,1173265.0
2022-10-03,893.1061023537299,894.0886173178154,871.4907731438486,877.5332641601562,1136230.0
2022-10-04,889.1760960081444,910.7914265188396,885.2951496728599,908.7772827148438,1135815.0
2022-10-06,912.7563888318108,919.6339934839344,901.948724378474,905.8787841796876,1403635.0
2022-10-07,904.8962419747836,910.9878464767818,889.7163744562091,894.4324340820312,475052.0
2022-10-10,884.263449675196,889.372539378021,872.4732703461933,884.1652221679688,664753.0
2022-10-11,884.2634301451359,885.982831259307,855.328353687352,858.3250122070312,1747694.0
2022-10-12,862.6480734343065,862.6480734343065,844.3733204671834,859.0127563476562,1992108.0
2022-10-13,855.4757522761917,861.2234405672391,847.910375403566,858.6198120117188,431376.0
2022-10-14,868.5432006144222,870.5082304800657,853.8545903751466,855.9179077148438,914438.0
2022-10-17,856.7529777842284,859.8479236521655,842.3591107643206,854.444091796875,605427.0
2022-10-18,858.7180270692082,865.39911643039,856.1635123030934,859.6514282226562,1165692.0
2022-10-19,859.8970336914062,865.1534643044132,855.1318005497199,859.8970336914062,618344.0
2022-10-20,855.2793131661357,857.7356006824084,843.2926180931338,853.9529418945312,771471.0
2022-10-21,855.9670427445806,868.9853659280639,843.2925758089511,850.6614379882812,1046811.0
2022-10-24,860.5848095452508,860.6830370463183,848.6963434865582,850.9561157226562,90551.0
2022-10-25,851.0544309037139,860.1426938625209,846.976970021501,852.0860595703125,855653.0
2022-10-27,859.6513954478228,860.6339103154772,852.9211326236209,858.963623046875,442475.0
2022-10-28,860.6831204604556,866.2834678269057,853.8546293718872,856.0161743164062,595829.0
2022-10-31,859.5040327731398,863.4832061719882,844.3733391135269,860.8795776367188,1960573.0
2022-11-01,865.2026710545365,894.5307793121613,861.7638686100146,893.0570068359375,1623970.0
2022-11-02,878.36839215979,911.7739014813033,872.473302279523,893.3517456054688,3102411.0
2022-11-03,893.10606666421,894.088581589033,843.9803204230542,846.1909790039062,3067654.0
2022-11-04,846.8295998800369,850.7596594038464,820.5964405650184,830.470703125,2807836.0
2022-11-07,833.1726625392454,837.2501234952209,812.8345914482936,819.9578247070312,1790614.0
2022-11-09,821.3824998792575,828.9969907573247,820.3999849272489,821.9719848632812,960196.0
2022-11-10,820.0069557130319,820.0069557130319,801.2409440995974,811.6555786132812,1240790.0
2022-11-11,815.7821598140636,825.3125669257253,812.539872437589,814.5540161132812,1554731.0
2022-11-14,815.4874290129779,817.4524589624068,806.5465667302586,808.5115966796875,1195575.0
2022-11-15,810.4765333146391,810.5747608136192,801.9286420251968,804.3358154296875,1208999.0
2022-11-16,807.6272534068065,808.0693971084662,797.5073618601411,802.9111938476562,815618.0
2022-11-17,800.7496870134456,815.04526759169,797.8021421532734,809.9853515625,1299792.0
2022-11-18,814.0136658990081,814.0136658990081,792.8404799443509,795.7880249023438,1352789.0
2022-11-21,795.8371386580525,799.6689710906254,789.5490187604856,795.7880249023438,887839.0
2022-11-22,795.3458881704614,808.609840598258,792.8404869276911,803.697265625,1021492.0
2022-11-23,807.6272187830051,807.6272187830051,797.0651839874853,798.8828125,993033.0
2022-11-24,800.6514843655816,805.4166580503042,797.900394436303,804.4341430664062,1795690.0
2022-11-25,807.6273143722556,816.4699492011489,802.8129669782315,814.89794921875,1976090.0
2022-11-28,814.5048436201394,830.0285668849308,810.5747840610554,824.7230224609375,2003831.0
2022-11-29,827.2775518475505,828.2600667547329,809.6905110218058,811.409912109375,904144.0
2022-11-30,811.4099666002213,814.6523139860261,803.2059905614848,805.1710205078125,1252601.0
2022-12-01,807.8237597457558,831.6988597326786,805.6622149802674,827.6213989257812,2199715.0
2022-12-02,827.2775755444314,841.3275271260017,823.8878870239664,840.2958984375,1438034.0
2022-12-05,845.9453424477838,847.3208873169933,833.7621335054899,843.43994140625,1045757.0
2022-12-06,843.4890386269382,844.275038550531,833.7621171646192,836.267578125,763196.0
2022-12-07,837.5939463765965,842.5556345932139,825.8528814103374,833.0744018554688,611505.0
2022-12-08,834.1551442507101,838.0852038231517,828.45656986426,833.0744018554688,529232.0
2022-12-09,834.2533953362165,835.285083977507,813.6205819976328,819.0244140625,1243683.0
2022-12-12,821.4806955578991,827.2775575373246,809.9853190391643,826.4424438476562,536919.0
2022-12-13,828.456581633328,829.2425815653922,820.8912048553142,825.2142944335938,537656.0
2022-12-14,827.2775865028799,838.5765084087981,825.1160416229397,835.9237060546875,776630.0
2022-12-15,835.1376707337153,840.8853589509963,830.2250961999874,835.5307006835938,1015102.0
2022-12-16,830.3233179446238,833.4673776179935,816.469881842775,820.4981689453125,749560.0
2022-12-19,820.5473898745936,823.9861922222029,814.6523001358347,821.67724609375,483111.0
2022-12-20,818.4348740378615,820.3507899982864,799.128433154111,813.424072265625,1205458.0
2022-12-21,816.4207946852596,823.2983992088069,796.3283523335915,799.472412109375,1158353.0
2022-12-22,802.7146296590573,802.7146296590573,784.3415900343488,793.2333374023438,787550.0
2022-12-23,786.7487819454594,789.3032966196077,761.6455390171553,764.1509399414062,980785.0
2022-12-26,764.1509802758277,775.5973030996697,756.5364896334135,772.7479858398438,454783.0
2022-12-27,776.6289226811197,785.1276406727029,771.5689469069308,783.80126953125,469563.0
2022-12-28,787.2891854685103,788.7629578336583,777.6605513431331,783.80126953125,878587.0
2022-12-29,782.0818980534098,788.9595026845327,774.2217784749836,786.4541015625,625722.0
2022-12-30,789.401652808038,797.6547424515626,783.0644193529334,785.8645629882812,813045.0
2023-01-02,785.9137454639975,790.2858890892987,780.1168831761366,788.6156616210938,319975.0
2023-01-03,788.6646888270436,796.8686639074605,786.601371643646,794.166748046875,543688.0
2023-01-04,794.3632709073346,796.1808994262511,782.573092489415,791.7595825195312,939486.0
2023-01-05,799.5706076906228,799.5706076906228,784.1942856005425,795.2966918945312,1361234.0
2023-01-06,793.3808376132125,810.3292208315752,792.6439513863271,800.3075561523438,1375341.0
2023-01-09,804.6796946202877,809.4940415667344,799.7671201720565,805.7604370117188,771070.0
2023-01-10,805.6622637654245,812.4907547019052,797.3108866410269,811.5082397460938,601404.0
2023-01-11,811.5082624856294,819.4174961079484,808.1185737995055,816.4208374023438,725055.0
2023-01-12,816.4699824689383,818.2384975131856,791.5632506732242,795.1002807617188,954974.0
2023-01-13,793.4298843492055,797.9986025571692,786.06102270278,792.2508544921875,516864.0
2023-01-16,794.6580587408137,797.4090885351268,789.9419990979981,791.415771484375,314496.0
2023-01-17,792.3001086956434,799.4724560998347,791.7105637232714,795.7880249023438,599833.0
2023-01-18,795.8371277412846,797.6056426982299,786.6506367354036,788.1735229492188,1274164.0
2023-01-19,788.1735482744941,788.9595482841746,771.6673081993755,775.7938232421875,1492350.0
2023-01-20,776.186802243665,777.1693171832139,764.3966229690777,766.4107666015625,1307972.0
2023-01-23,769.1126602485243,769.1126602485243,755.6030802238321,763.16845703125,1468342.0
2023-01-24,765.2808938589723,769.8004384960185,762.4315766086922,764.3966064453125,1041066.0
2023-01-25,764.2984476819416,764.2984476819416,738.6547700268736,743.3217163085938,1339618.0
2023-01-27,745.7288842901435,748.037770550763,724.3100693041232,731.924560546875,1474004.0
2023-01-30,734.7737725719626,764.3966219469329,731.8754014785311,761.3999633789062,2080883.0
2023-01-31,764.8387874450564,791.9070627707382,763.6106437372854,788.6156616210938,1803266.0
2023-02-01,789.4507669567668,801.6830901496254,770.2917253193592,780.7063598632812,1322816.0
2023-02-02,780.1168456067948,809.5922931738022,776.7762708953534,807.1851196289062,1595844.0
2023-02-03,810.5747856337206,811.9503304692487,794.6089186439655,798.7846069335938,1002242.0
2023-02-06,794.8545906639321,814.5048895678611,791.0227583904847,812.2451171875,661820.0
2023-02-07,814.5047986944227,816.7645708226635,791.956071224311,800.9461059570312,1587142.0
2023-02-08,801.7321673558264,817.8454358830014,795.1493054587019,812.932861328125,1072137.0
2023-02-09,810.4273718638806,817.4523772177754,797.802079688502,810.1326293945312,1093769.0
2023-02-10,786.0119497768663,841.7205587108923,782.081890027982,834.9902954101562,5082283.0
2023-02-13,837.5448448214202,840.2958745685983,821.0877201221813,833.7130126953125,1260020.0
2023-02-14,833.1726671629929,856.1635406921716,832.1901522253006,841.8187866210938,1978175.0
2023-02-15,836.1693638521945,846.8296873929545,833.2218189047327,843.7347412109375,597974.0
2023-02-16,844.9628568683987,853.6580901873631,838.8221384318551,847.7630004882812,1047536.0
2023-02-17,842.9978158392767,848.6472767263114,834.2042951606493,840.1484985351562,497564.0
2023-02-20,844.6681173296246,867.3641887632439,835.4815665356712,857.78466796875,1472792.0
2023-02-21,862.304231256796,882.2001581037279,857.7846267083274,880.1368408203125,2183174.0
2023-02-22,882.3966227846425,911.1843578210396,880.1368504696088,898.2151489257812,7876349.0
2023-02-23,900.8679463045918,903.9137185429364,882.8878754505181,884.8529052734375,2114369.0
2023-02-24,889.2742249521189,894.6289432286825,876.698046042579,879.54736328125,2287301.0
2023-02-27,873.4558099065432,874.241809890371,850.2684805598732,871.7855224609375,1436906.0
2023-02-28,871.4906849540403,889.6672099502632,868.5431403600581,876.4032592773438,1929468.0
2023-03-01,883.2317687206258,891.8287739727106,875.7155058559091,883.4282836914062,1462796.0
2023-03-02,885.2459269096687,908.8262845632004,885.2459269096687,902.7346801757812,3006307.0
2023-03-03,903.8155111645492,917.66894773743,895.1693317768152,896.8887329101562,1804035.0
2023-03-06,902.636436847998,904.74880786999,894.0885453548617,897.2326049804688,954615.0
2023-03-08,891.6323393398985,899.9837166229719,870.9504111207018,893.7938842773438,1382635.0
2023-03-09,897.0360817031377,901.0152549569716,872.964467243415,875.5189819335938,1465770.0
2023-03-10,870.5081915930217,882.6422264841418,865.006132202187,877.9752807617188,762731.0
2023-03-13,875.6172930835749,887.0635557166939,864.8096291562972,868.4449462890625,846317.0
2023-03-14,866.9220554682221,875.1260914075742,846.8296724063041,848.4016723632812,1427931.0
2023-03-15,858.6689466388235,876.3051018635853,855.7705155626728,858.5215454101562,1553772.0
2023-03-16,858.4233001828802,868.936221852132,848.057779739253,865.1535034179688,737474.0
2023-03-17,886.0319455308478,887.2600891845465,862.942844841311,865.1535034179688,1358682.0
2023-03-20,865.1535243945727,871.4907577949019,829.2426150833114,836.0711059570312,1001601.0
2023-03-21,837.3975026029773,844.2751074395089,819.5157180344038,822.0211791992188,1556594.0
2023-03-22,827.031963146638,833.565711582795,820.5965021867265,830.3233642578125,874627.0
2023-03-23,830.0286824211329,832.8288862275256,816.617388289738,818.484130859375,726755.0
2023-03-24,818.4349261030432,821.87372831356,802.0760287429746,807.33251953125,771881.0
2023-03-27,807.6272458627834,814.996107595108,798.3424680864642,808.6588745117188,551684.0
2023-03-28,810.0345249204827,811.9995549718549,793.380883241512,798.1460571289062,621964.0
2023-03-29,798.1459853077915,802.8621049810715,791.4157819746421,797.3599853515625,934381.0
2023-03-31,802.7147273859991,807.6273022170028,797.9495537871073,803.94287109375,816550.0
2023-04-03,809.0519031380726,810.5747892333452,802.7146700650219,808.8062744140625,489967.0
2023-04-05,808.7571790842856,811.2134663803346,801.0935147462513,803.8446044921875,615779.0
2023-04-06,803.7955068096342,817.4524894547753,802.5182492884525,816.1752319335938,838420.0
2023-04-10,824.3300177014927,824.5265326790405,804.0902343410563,808.8554077148438,1252962.0
2023-04-11,810.0344278204374,814.6522598812072,797.5564764963833,799.4232788085938,1056770.0
2023-04-12,799.6689311402878,807.5290506355881,799.6689311402878,802.5181884765625,839156.0
2023-04-13,802.5182724938286,810.1818778104741,799.1285836130164,809.1011352539062,725541.0
2023-04-17,809.1010380653178,824.8703905658966,797.900343970129,820.6947021484375,2055636.0
2023-04-18,824.329960437322,826.2949901403907,814.0626682451986,820.5473022460938,1098803.0
2023-04-19,824.3300187189782,838.4782575685584,817.6489292497687,836.1693115234375,1743643.0
2023-04-20,840.0011560799704,853.1177064814123,831.3058629202241,852.2825927734375,1550109.0
2023-04-21,853.3141601845377,854.6897049826075,840.0502095080942,841.9661254882812,727956.0
2023-04-24,842.0152609844031,848.3524940204077,830.5198247743399,833.2217407226562,780453.0
2023-04-25,834.2534220662558,837.1027394152968,827.0810749075794,828.8004760742188,834942.0
2023-04-26,830.2251676681356,851.643982485391,830.2251676681356,839.6572875976562,1980399.0
2023-04-27,815.9786311651055,832.3866421237256,790.9245010089222,794.2650756835938,4067448.0
2023-04-28,792.6438676681713,792.6438676681713,749.4132135902047,785.0784912109375,5231996.0
2023-05-02,782.0327913071994,795.7388869384871,779.1834739473067,787.5348510742188,1819490.0
2023-05-03,787.9769389758484,803.6971771599052,784.5872506238212,795.7388305664062,1811010.0
2023-05-04,799.3740995125339,800.651416858268,781.0993463400599,787.8787231445312,1786337.0
2023-05-05,786.99447583877,794.8054816936817,781.0993861321125,784.4890747070312,1238885.0
2023-05-08,785.0293680652139,793.5772592855461,784.5381106383896,789.3032836914062,589279.0
2023-05-09,790.7280398629409,794.3142435087665,787.0927224619578,789.6964111328125,940654.0
2023-05-10,791.8578926945604,794.3141799353972,784.7346596961337,793.3316650390625,1415592.0
2023-05-11,794.8546006900814,801.7322053932094,791.4649120928061,799.3741455078125,886748.0
2023-05-12,801.5356622542205,802.665578402942,793.872057847795,794.9036865234375,460176.0
2023-05-15,794.8545980371437,800.111029055523,790.9245382199019,796.1809692382812,380824.0
2023-05-16,797.8021705317209,801.7322304850791,789.0086493924907,790.482421875,511123.0
2023-05-17,792.8895936350744,793.970336132401,781.0994138040696,788.9595336914062,763149.0
2023-05-18,790.9245458369784,794.9037194466667,782.1310249176223,783.6047973632812,354925.0
2023-05-19,786.945375970592,786.9944897254234,772.1093639662813,783.31005859375,864639.0
2023-05-22,783.0644066748957,797.7530170120116,776.6780595690151,795.5423583984375,950899.0
2023-05-23,795.5422810971278,798.784568088399,789.9419344933245,791.71044921875,401163.0
2023-05-24,791.7104973645133,794.8054432981791,785.5206654651324,789.401611328125,1950756.0
2023-05-25,789.9419815472069,799.7671305714258,787.4856942911521,798.0477294921875,745354.0
2023-05-26,800.7988136369339,803.6481310347391,795.0511250544101,800.3075561523438,446811.0
2023-05-29,803.6972158064166,813.031107677029,800.7496710051705,811.3117065429688,982588.0
2023-05-30,811.5573192803072,816.4698938522218,804.7288286317555,807.4798583984375,610358.0
2023-05-31,804.827162499055,812.343366046593,802.7147313241779,806.9886474609375,805009.0
2023-06-01,805.7114043384815,817.4033566889974,804.7288893499662,810.9678955078125,804182.0
2023-06-02,815.4874352847738,816.2734352769993,802.7638542707757,804.58154296875,713546.0
2023-06-05,807.6272640651097,811.9503536993542,806.6938628977215,808.8554077148438,356474.0
2023-06-06,809.5923445668263,810.5748595480967,777.5623801645927,789.2542724609375,1881812.0
2023-06-07,794.8546275189591,794.8546275189591,787.1419088287325,792.0053100585938,520388.0
2023-06-08,796.8195692530827,796.8195692530827,787.5347916251628,790.8753662109375,958527.0
2023-06-09,794.3324526875285,795.5177407069233,767.4661854883436,768.404541015625,2202969.0
2023-06-12,770.4787565402723,785.9367547955997,764.7005602890338,780.94873046875,1935001.0
2023-06-13,780.9981201642544,798.0858370437066,780.3066971095647,796.5054931640625,1116993.0
2023-06-14,798.0858446651717,816.8527147748725,791.1717346247557,805.2468872070312,2311363.0
2023-06-15,805.9382606257172,808.1606530018175,788.2084960569111,791.0729370117188,1006762.0
2023-06-16,792.1594247149144,793.838577697371,784.5538919964359,786.4306030273438,1078391.0
2023-06-19,788.2085515183359,789.8877046001248,775.9113007813813,780.4548950195312,1144336.0
2023-06-20,780.3066543902934,785.0477460559208,776.4051090610916,779.5658569335938,772917.0
2023-06-21,780.6029354621353,784.2575481847297,773.3925191796516,777.2446899414062,1583443.0
2023-06-22,776.3557721497689,779.3189621198062,768.9971716669255,772.5036010742188,1942087.0
2023-06-23,758.7742152902522,767.9600924416275,739.3159217910716,741.2913818359375,4692817.0
2023-06-26,743.9089134922032,749.6871101874451,738.426963469336,748.3536987304688,1236917.0
2023-06-27,751.5637937295951,758.3790946722379,748.6006036798576,751.7612915039062,1446118.0
2023-06-28,753.6379206850278,757.2925334061499,749.4894430093282,753.3416137695312,1273148.0
2023-06-30,750.6254755508776,754.6257702600567,746.8226786258484,750.4279174804688,1020924.0
2023-07-03,755.6133737267735,760.0087838403424,750.4277917502172,753.2427978515625,1172805.0
2023-07-04,755.6133942840602,756.7493078148044,747.7609293058189,749.7363891601562,2038341.0
2023-07-05,752.6502565044852,759.5149920298545,744.7484165411836,757.2432250976562,1411230.0
2023-07-06,757.2431800636363,762.5275111103279,753.736690559452,759.4161376953125,758437.0
2023-07-07,753.6379492476518,758.4778501004402,747.7115695681159,750.9216918945312,821832.0
2023-07-10,750.9216751177607,753.0946930089589,743.7606331649771,748.7486572265625,545734.0
2023-07-11,748.7487359021143,757.984047838554,747.0695827967382,749.9833984375,1237925.0
2023-07-12,754.6256891924977,755.267737780788,749.6870393941174,752.9959106445312,508835.0
2023-07-13,753.0453493112261,755.0208092409132,737.0934862645016,739.6615600585938,1335577.0
2023-07-14,741.0937833597347,746.0324332025775,735.858826583572,745.4398193359375,1101003.0
2023-07-17,745.9337173725387,757.5395450174733,743.1680853952522,754.5763549804688,936969.0
2023-07-18,755.7121994319089,759.5149961064113,748.2548499837678,756.354248046875,3655994.0
2023-07-19,760.6508179093883,783.1216744943039,754.7244381507293,768.3057250976562,5316153.0
2023-07-20,771.3676962630574,781.1956210648465,765.7869980775376,767.8612670898438,2151073.0
2023-07-21,763.5152628220945,766.2315202254073,753.2922818004912,754.9713745117188,1015818.0
2023-07-24,755.6134445541879,760.1569784069401,749.4401320986798,756.2554931640625,1070740.0
2023-07-25,756.6012079256035,761.9349742369709,755.3171709354616,757.7371215820312,491539.0
2023-07-26,759.515009986843,760.1076238835998,753.8849368226295,755.6134643554688,528936.0
2023-07-27,756.6012156500725,760.5521358362348,747.6622707861319,749.2426147460938,1100247.0
2023-07-28,750.6747526418372,754.9219793166395,749.2425321749414,753.6873168945312,890328.0
2023-07-31,755.613438547587,772.3554738510883,752.1563835999837,770.5281372070312,1281701.0
2023-08-01,772.404840040286,790.6778445680933,770.6763125849528,787.6159057617188,2299859.0
2023-08-02,788.2085117509147,795.3695539942657,782.3808808452727,791.3198852539062,2699801.0
2023-08-03,791.1223480545125,800.9008387900236,785.2947169952779,789.739501953125,1430725.0
2023-08-04,793.9373770907083,811.4695849252147,789.1962850575014,809.2471923828125,2564538.0
2023-08-07,813.6919367086708,819.1244515401986,809.0002193541696,816.2600708007812,1379529.0
2023-08-08,818.6799832327521,818.6799832327521,800.6045363596118,806.08642578125,850243.0
2023-08-09,812.6054454039794,841.348362957632,809.1977650046283,839.0272216796875,4647736.0
2023-08-10,838.9778401566185,847.0278030439014,824.9026884276332,826.4830322265625,2587694.0
2023-08-11,829.69318737738,833.9897886975112,806.728465226756,818.3836669921875,1397414.0
2023-08-14,810.4324985872587,819.2233200660842,784.4552105679168,815.2723999023438,2279372.0
2023-08-16,811.9141014916062,818.3837212649751,800.4070222890529,816.35888671875,1402705.0
2023-08-17,814.8772444971901,822.7790844438296,810.7287664679535,815.6180419921875,1102613.0
2023-08-18,815.5686488945723,821.0505381749106,798.0858163552815,800.0119018554688,696312.0
2023-08-21,800.0119039348727,803.6665168933484,790.1839786432467,798.1351928710938,964038.0
2023-08-22,799.9624954138861,814.827818821577,796.4560059290357,812.9017333984375,748032.0
2023-08-23,813.8895104182676,830.5821713362508,812.9017804298959,826.0879516601562,1010288.0
2023-08-24,827.7177243872425,830.779663214985,819.865258978108,823.124755859375,453602.0
2023-08-25,819.321975940799,824.3100000239962,808.9508116883837,814.7784423828125,617248.0
2023-08-28,814.7784199487811,820.4084321589327,813.4449484098645,817.297119140625,742446.0
2023-08-29,818.0379860323613,841.2496406911577,817.2971885432507,838.4840087890625,1766963.0
2023-08-30,843.225146747345,846.9785088400553,839.1754174137897,844.9536743164062,1232177.0
2023-08-31,848.4599773849282,861.3004659833031,843.373144325688,859.2262573242188,2053925.0
2023-09-01,863.2760574452334,869.0048796364744,857.8929166544848,859.37451171875,870560.0
2023-09-04,864.214356618939,865.0539029860394,853.9419407295458,855.62109375,813452.0
2023-09-05,857.3495886236161,860.3127784460479,847.5216636553001,856.0655517578125,910247.0
2023-09-06,879.0796999624367,897.352704961656,871.1778599627744,885.5986938476562,5127245.0
2023-09-07,889.7965760548781,889.7965760548781,876.1165392132328,885.1048583984375,733282.0
2023-09-08,886.7345845680708,897.3526817934752,881.894683578734,893.8462524414062,1253958.0
2023-09-11,898.8343547013453,903.2791399718463,893.4018393707328,896.0193481445312,819842.0
2023-09-12,898.0441328867129,902.5382923536304,863.0784665841741,864.6094360351562,1850062.0
2023-09-13,864.6094053097876,879.7217220830199,858.584276606001,876.5609741210938,640847.0
2023-09-14,882.8330461905181,883.0306042442442,871.5729605631827,875.7708129882812,430469.0
2023-09-15,878.585790835571,894.8833350163319,876.2152148402322,882.981201171875,961453.0
2023-09-18,884.0183593221652,885.9938193429969,869.2024091659279,871.3754272460938,1062910.0
2023-09-20,864.2637112231592,875.128740735679,856.2136879698369,861.0535888671875,1071977.0
2023-09-21,859.3251136232617,868.9061068324044,853.3987335293082,858.0410766601562,609935.0
2023-09-22,857.695258203864,861.547429034598,840.8544750016817,854.9296264648438,596978.0
2023-09-25,854.3864194808467,867.8195228865069,843.7189479191456,865.0045166015625,1502890.0
2023-09-26,868.2146830654533,868.6591736293932,849.7934941737375,851.3245239257812,764661.0
2023-09-27,850.9293674790088,861.5968390767474,847.176005657652,860.263427734375,453103.0
2023-09-28,860.0165302689625,871.6717323094467,848.2131446127336,850.287353515625,813873.0
2023-09-29,852.3615940138641,859.5226363328692,849.4477785302596,852.707275390625,1014532.0
2023-10-03,851.3244953124783,869.3999419197165,850.5342630981426,863.3253784179688,868906.0
2023-10-04,862.2882405317512,877.1041896817812,851.8677016868136,861.84375,1357213.0
2023-10-05,870.9803005154367,872.8570116268633,861.7450491450729,869.3011474609375,435857.0
2023-10-06,873.0051446172642,877.1042482704177,868.659168748038,874.2398071289062,460025.0
2023-10-09,861.3005553061225,871.1778552522936,837.7432190490061,842.4349365234375,1129737.0
2023-10-10,844.5091129921107,847.9661678406163,840.6569420464177,844.805419921875,779331.0
2023-10-11,845.6450656006497,860.2140831348676,845.6450656006497,852.1146850585938,507986.0
2023-10-12,856.3124800234979,856.3618544630448,845.1511438045861,846.4351806640625,577682.0
2023-10-13,843.5707473566707,844.4597284215519,828.8041726236542,835.0762939453125,951352.0
2023-10-16,836.0640347336291,844.3609302063712,831.6686243647124,841.9410400390625,889834.0
2023-10-17,843.521414520837,846.4846045015893,836.8542370641442,840.5088500976562,390692.0
2023-10-18,840.5582130767111,846.3364093458745,819.9640671058431,824.0631103515625,1210600.0
2023-10-19,823.618601187619,831.964931388184,812.9511297007513,828.5572509765625,1016728.0
2023-10-20,812.9511354984129,828.0633919031046,802.6787800359031,808.5557250976562,2857101.0
2023-10-23,808.9508892531825,822.0383120646655,796.8018220212833,811.22265625,2096753.0
2023-10-25,813.1981184130558,833.3972095036094,804.259173734298,807.419921875,1072916.0
2023-10-26,806.432120325912,823.7173942492406,801.1477289833152,818.7293701171875,1495324.0
2023-10-27,826.6312216243776,826.7299705051581,816.2600571198326,824.65576171875,689843.0
2023-10-30,827.7177391474912,829.6931991454566,810.2842805509449,824.31005859375,802038.0
2023-10-31,830.6809319612872,830.9278644618703,819.4207858201994,827.223876953125,444814.0
2023-11-01,827.2239090053118,828.7055040662169,817.8898480643587,820.0628662109375,347572.0
2023-11-02,825.0508924396158,829.6438612517251,821.1987814456362,823.9150390625,164448.0
2023-11-03,825.3965454101562,829.6931465186991,821.7419325884784,825.3965454101562,408324.0
2023-11-06,829.6931462954927,829.6931462954927,816.5563502030643,817.7416381835938,834165.0
2023-11-07,817.7416397647124,819.6676649147645,801.295912182914,803.4195556640625,1200203.0
2023-11-08,810.1855438770361,814.8278869994772,806.0864402049724,810.1361694335938,724839.0
2023-11-09,810.7288278684854,820.309821586653,804.3085824256037,817.544189453125,485510.0
2023-11-10,816.6551601364004,823.272963260049,808.5063875546423,819.667724609375,448677.0
2023-11-13,816.8527588340515,820.6061210011885,801.246635958319,804.0122680664062,859220.0
2023-11-15,808.9508439908263,821.1492849841233,803.0244641813697,814.333984375,857034.0
2023-11-16,814.778514484408,817.4453372991646,809.7410552299941,811.1239013671875,734559.0
2023-11-17,812.8030464034503,821.9889234059723,807.9631452574548,814.827880859375,744034.0
2023-11-20,816.7538750361903,822.4826963751744,805.2961720719734,818.18603515625,1464739.0
2023-11-21,824.6558241724088,841.9410996557161,820.9024018384567,833.2984619140625,1332293.0
2023-11-22,835.1257007813276,842.1385595474263,828.8042047744542,837.4962768554688,577309.0
2023-11-23,839.2742211805088,841.9411043271244,823.8655964924279,824.7545776367188,693188.0
2023-11-24,827.1744470270655,829.495588262352,808.7532596046816,814.877197265625,669289.0
2023-11-28,814.8772772689221,815.5687003493108,807.9631670375494,810.3831176757812,1139966.0
2023-11-29,812.9017529677265,817.000856395491,809.3459492442154,810.3336791992188,1812824.0
2023-11-30,810.9263410097047,819.2232972368521,801.1972244921175,817.7910766601562,2063628.0
2023-12-01,817.9886217172777,830.6809280733374,817.9886217172777,825.2484130859375,1179786.0
2023-12-04,833.6440823833674,838.0394927422838,820.3591024255763,827.5695190429688,995617.0
2023-12-05,831.5699033125475,836.5579277084978,815.2723584654543,822.2852172851562,1388896.0
2023-12-06,828.705459015367,839.4717399871599,823.4705021420082,834.6812133789062,1717573.0
2023-12-07,835.1751182851043,859.2757552319098,822.877867303174,855.423583984375,2356938.0
2023-12-08,861.3005944122777,867.8195885582347,834.4836997263375,844.9536743164062,2817604.0
2023-12-11,849.3490306083584,855.2259757374652,840.0643447180199,842.18798828125,1333574.0
2023-12-12,842.1880219175952,851.1763409450715,836.3603907110407,840.80517578125,993904.0
2023-12-13,844.410364933257,846.23764124046,831.1747593858735,841.9410400390625,1208554.0
2023-12-14,845.4968686201781,850.8306346628912,838.9778748224214,842.3361206054688,1805824.0
2023-12-15,846.3858054674486,859.2262946232291,844.4103455973285,849.299560546875,1631125.0
2023-12-18,850.3367370824076,861.7943803746066,847.1759891888263,858.0903930664062,1863543.0
2023-12-19,860.7079766601609,893.4018167059303,857.6953518242419,886.0925903320312,4021526.0
2023-12-20,896.8588070466291,945.4057588773657,896.8588070466291,916.6627807617188,11662400.0
2023-12-21,916.1689204986608,936.3680104177714,906.2916208107096,931.0836791992188,3013363.0
2023-12-22,938.343537635363,942.7389483689064,931.4294273580498,935.9729614257812,1665456.0
2023-12-26,938.343476163181,956.6164806989904,936.3680162133638,954.1471557617188,2231517.0
2023-12-27,954.097770464964,980.6182958750212,953.50509631501,973.111572265625,2629166.0
2023-12-28,979.8281180119834,979.8281180119834,953.1594091548023,959.6290283203124,1660995.0
2023-12-29,960.3205130752548,972.9140708450768,957.8511880223484,966.3456420898438,1746196.0
2024-01-01,966.9876048611684,970.296476023772,960.5673602936528,965.9505004882812,764752.0
2024-01-02,965.4073041900172,985.7545176134282,956.1226182863712,980.0256958007812,1525164.0
2024-01-03,980.1738518126366,987.8781941235997,970.9386003288936,974.790771484375,1252415.0
2024-01-04,974.7907148897236,1010.3983676439506,974.0992918652604,1001.6569213867188,2398169.0
2024-01-05,997.6073106230382,1000.7186842706716,986.050857442728,996.817138671875,871685.0
2024-01-08,996.7677792666424,998.9901718238362,973.1116331005928,977.902099609375,1283342.0
2024-01-09,982.0999193565368,991.97721928024,977.9020668889632,981.2109985351562,1497125.0
2024-01-10,980.8158432825388,1013.213433968406,977.8526534236792,999.7308959960938,3880133.0
2024-01-11,1002.5458992259051,1046.9937469748368,999.533334935728,1042.7464599609375,3915284.0
2024-01-12,1042.055051757742,1048.475296152458,1034.5483285799585,1043.9317626953125,1135534.0
2024-01-15,1043.9318886495348,1055.1426003307297,1031.782761100082,1047.8333740234375,1480681.0
2024-01-16,1046.005990895928,1054.9449949489208,1034.5483478769129,1038.499267578125,1406227.0
2024-01-17,1022.3005523835544,1048.919827716615,1020.0287251492535,1039.7833251953125,1388891.0
2024-01-18,1037.116381158587,1037.116381158587,1003.4348161326028,1023.5350952148438,1646283.0
2024-01-19,1030.6467229583182,1041.462437780615,1025.3623920717616,1038.202880859375,748309.0
2024-01-23,1022.2017484175032,1023.4857250078052,980.321974462006,994.8909912109376,1513441.0
2024-01-24,994.644076392412,1024.0290428995363,984.1741628606773,1019.0903930664062,1418343.0
2024-01-25,1019.1891793421086,1020.8189579613384,983.82845729678,992.8662109375,992236.0
2024-01-29,997.557887921226,1030.2023511323594,994.4465144241104,1027.63427734375,1557213.0
2024-01-30,1029.1652327943984,1043.981182902706,995.8294053369618,1004.4226684570312,2008069.0
2024-01-31,988.7176946824596,1087.490691154234,977.9514139525352,1079.3419189453125,9851087.0
2024-02-01,1077.6133013865092,1077.6133013865092,1027.2885121217928,1035.8817138671875,3878597.0
2024-02-02,1042.0551460466763,1051.932446009204,1033.511257464588,1045.4134521484375,1496441.0
2024-02-05,1046.0061020243438,1046.9443973240666,1000.7187042523344,1010.5465698242188,1750764.0
2024-02-06,1015.5839390817124,1032.0296677174397,1003.0891907373395,1015.8308715820312,1008129.0
2024-02-07,1024.275998866834,1030.0541951895273,1007.6327726622364,1026.1527099609375,481658.0
2024-02-08,1029.2146828803343,1057.36498850614,1025.0168302870122,1051.5867919921875,1639793.0
2024-02-09,1059.290916293833,1061.6121780897322,1022.5968458144262,1044.326904296875,1194907.0
2024-02-12,1045.7096674488175,1071.6870138003535,1039.6845387668372,1062.1553955078125,2309419.0
2024-02-13,1071.68711065574,1091.93557680177,1057.3650248451331,1086.6512451171875,1597979.0
2024-02-14,1076.625730794999,1089.713153669342,1061.8097803712146,1072.7735595703125,892247.0
2024-02-15,1075.5390545717073,1081.366684783825,1057.6117337331773,1073.51416015625,962590.0
2024-02-16,1079.5888375206748,1081.5642974246468,1051.5372827697722,1061.908447265625,943246.0
2024-02-19,1061.908379930058,1086.5028782894738,1058.2043928449805,1083.78662109375,900446.0
2024-02-20,1088.4783857993723,1099.73853114628,1072.2795907891284,1092.182373046875,1091062.0
2024-02-21,1096.38031028199,1103.2944203468314,1079.0950351198867,1093.515869140625,1409303.0
2024-02-22,1099.2446940606765,1099.2446940606765,1072.7241688104052,1084.971923828125,1186275.0
2024-02-23,1087.4411572633578,1093.5157201069344,1077.6132932396204,1081.6136474609375,762239.0
2024-02-26,1085.5152744184556,1090.1575572083475,1053.5127981736916,1083.836181640625,2415442.0
2024-02-27,1083.836215862547,1111.0481059890142,1071.5883393114673,1103.5413818359375,1815929.0
2024-02-28,1114.3569278696596,1119.591945052149,1089.466180319824,1097.0223388671875,1446728.0
2024-02-29,1098.9483880523785,1111.541945714726,1072.8722916017216,1095.4913330078125,1394524.0
2024-03-01,1103.0970208154586,1103.0970208154586,1051.3892537674517,1072.0328369140625,2092842.0
2024-03-04,1090.4539222334563,1113.1717122799869,1082.897763603478,1097.2198486328125,1327430.0
2024-03-05,1093.4170649367134,1097.763100872101,1054.0066154464448,1058.2044677734375,1934196.0
2024-03-06,1063.0939451384147,1064.476670807754,1030.597601031047,1048.919921875,1443427.0
2024-03-07,1048.9692825241357,1077.7616367568853,1048.9692825241357,1068.8226318359375,1715695.0
2024-03-11,1082.502624595166,1082.502624595166,1050.352086052748,1060.476318359375,1705320.0
2024-03-12,1056.87118237082,1065.5138205444132,1036.6227157926874,1041.01806640625,803495.0
2024-03-13,1046.9937706085132,1055.3894753728268,1011.3861171653516,1029.70849609375,1744305.0
2024-03-14,1024.374739319912,1064.1803057886286,1012.2257328954644,1060.476318359375,1259950.0
2024-03-15,1060.4762829707145,1060.4762829707145,1037.1658803083262,1052.278076171875,891060.0
2024-03-18,1053.907914202337,1053.957348931538,1023.9303326973068,1043.635498046875,1479630.0
2024-03-19,1043.9318238246824,1044.2280704705945,1019.3373235887096,1033.4124755859375,725350.0
2024-03-20,1035.437348669927,1042.697139644848,1021.362196965946,1034.9927978515625,508050.0
2024-03-21,1037.1163982910268,1075.4896809132952,1037.1163982910268,1070.6497802734375,1377158.0
2024-03-22,1076.6256174010523,1076.6256174010523,1048.6728123165938,1051.8829345703125,935122.0
2024-03-26,1049.9569887001535,1102.3066786353445,1046.6974314751849,1087.5894775390625,1681188.0
2024-03-27,1096.3802669317065,1096.3802669317065,1070.5017899412396,1079.440673828125,1538888.0
2024-03-28,1085.5151800574365,1102.30658866615,1066.8470604897193,1090.0093994140625,1282825.0
2024-04-01,1090.0094942782391,1141.519517535212,1087.6882323105433,1137.4698486328125,2195111.0
2024-04-02,1157.7183159036094,1199.894459502788,1144.7790769396736,1175.7938232421875,4378945.0
2024-04-03,1179.7447712634937,1209.7717882726122,1169.472354842938,1204.981201171875,1801659.0
2024-04-04,1210.9570122454184,1213.9202023243222,1197.6720916206707,1203.0057373046875,745552.0
2024-04-05,1202.0673707642654,1225.4765227711816,1201.1290755238954,1217.1796875,1994497.0
2024-04-08,1293.926315056958,1374.9201759994544,1287.9999349879947,1290.81494140625,10761579.0
2024-04-09,1298.81549852311,1337.1394702579362,1287.0121734043146,1297.9759521484375,3312935.0
2024-04-10,1307.7050424416714,1333.435456327965,1278.715192005635,1326.2744140625,2766610.0
2024-04-12,1323.3606288636065,1326.274383973068,1287.555418348601,1293.2841796875,2271423.0
2024-04-15,1284.0490357738554,1295.8523613736943,1263.2572704655888,1268.1466064453125,1840495.0
2024-04-16,1260.985539861347,1285.4811717363198,1256.738252594461,1281.1845703125,1261801.0
2024-04-18,1288.9875643640485,1298.8648637078345,1269.2329656764769,1275.8507080078125,1245277.0
2024-04-19,1261.331195691126,1294.7165175413982,1256.738227128728,1284.59228515625,823264.0
2024-04-22,1347.2636581907752,1377.88328678602,1316.446531833595,1366.1787109375,8939049.0
2024-04-23,1375.9078820256684,1389.439734718238,1366.6231959649776,1378.525390625,2294024.0
2024-04-24,1388.2544516193188,1405.984156080866,1382.0317046744142,1396.79833984375,2738926.0
2024-04-25,1398.5761620172254,1419.2197419028662,1386.8715863284715,1409.8857421875,1976954.0
2024-04-26,1416.404870326463,1443.0735812740322,1408.6512136654687,1436.9002685546875,1633241.0
2024-04-29,1447.0243372924986,1459.2227777278704,1436.1593081387666,1449.641845703125,1670290.0
2024-04-30,1458.7784287235982,1463.519460274822,1442.3821352021655,1456.65478515625,1931803.0
2024-05-02,1463.8159142230224,1481.5950548816018,1445.0490435278557,1463.7664794921875,1529682.0
2024-05-03,1473.5944569471037,1482.5827761121616,1461.8404454670217,1473.1993408203125,1688779.0
2024-05-06,1482.9777851667484,1483.8667662447149,1427.2697913417462,1429.4427490234375,1023497.0
2024-05-07,1434.282657849091,1444.555073598067,1363.0673514976636,1372.1544189453125,2353647.0
2024-05-08,1264.2943164368207,1317.1873026698777,1246.5151776119278,1302.6182861328125,9132726.0
2024-05-09,1305.7296559429,1306.1742067968485,1258.4174842895334,1260.3929443359375,1905942.0
2024-05-10,1260.392935864213,1284.6416354273274,1249.577219839341,1271.7518310546875,3013310.0
2024-05-13,1265.3808240906385,1295.8522691566295,1242.0704212145522,1285.876220703125,2142147.0
2024-05-14,1293.827398303544,1312.1991500191968,1276.8383719665726,1288.197265625,1943532.0
2024-05-15,1295.85224746465,1301.1366991053656,1283.7032415376138,1287.45654296875,621432.0
2024-05-16,1288.987676037623,1308.3471603141838,1282.4686820204408,1304.396240234375,1232510.0
2024-05-17,1307.7544649989,1309.6804901888918,1269.232996619023,1272.4925537109375,2672435.0
2024-05-21,1280.7893596743831,1289.9752963074106,1272.097408581816,1279.702880859375,1199576.0
2024-05-22,1283.9996120126289,1290.9631569951275,1271.208556275998,1281.7279052734375,681190.0
2024-05-23,1292.9385811941963,1335.1640390597822,1273.826029643223,1330.9661865234375,2461035.0
2024-05-24,1336.398750843069,1365.4873524384,1314.5699409637568,1354.72119140625,1797112.0
2024-05-27,1355.955783924615,1420.2075476876068,1343.164608159447,1393.835205078125,3161477.0
2024-05-28,1399.0206639707535,1411.4166019563963,1366.6230748018468,1372.79638671875,914680.0
2024-05-29,1372.9447542430814,1392.0079922252469,1355.165613540653,1358.4251708984375,1288677.0
2024-05-30,1357.14097552845,1358.425072715376,1329.1881692154193,1333.9293212890625,855382.0
2024-05-31,1339.3618048559154,1369.7345006518738,1335.46031980381,1343.016357421875,1737939.0
2024-06-03,1392.699230322532,1408.453474805335,1370.9691714096982,1389.044677734375,1684565.0
2024-06-04,1392.69931969319,1395.0204611115098,1224.2913523118505,1342.572021484375,986607.0
2024-06-05,1344.251091485604,1453.494125635985,1328.4968462589718,1441.7894287109375,1930010.0
2024-06-06,1448.9011290926928,1460.0624055025144,1422.331168565407,1431.7640380859375,1186354.0
2024-06-07,1428.2575485960106,1441.987019408634,1388.0075519810125,1433.6900634765625,684903.0
2024-06-10,1440.1103083921255,1450.4320384365778,1408.453514357932,1443.27099609375,2303558.0
2024-06-11,1444.0613227098663,1457.8895433103714,1427.6155933811915,1442.82666015625,1079454.0
2024-06-12,1443.814271948955,1454.7780504126197,1423.763305491416,1429.4921875,1071432.0
2024-06-13,1432.208477631366,1473.693136983447,1428.455055460984,1464.4578857421875,2364100.0
2024-06-14,1471.7176983298402,1493.3983235762323,1452.0125330812064,1480.1134033203125,1792373.0
2024-06-18,1481.150499431829,1531.672790075973,1481.150499431829,1517.3013916015625,2368835.0
2024-06-19,1526.684934691545,1540.8588364119862,1454.778140763314,1459.6180419921875,2053603.0
2024-06-20,1464.606035789766,1486.0397277348052,1452.9507740099025,1465.8406982421875,1249993.0
2024-06-21,1469.7421364702143,1483.0270558054103,1457.0498309787722,1468.951904296875,1847089.0
2024-06-24,1462.828041212087,1509.251348394375,1451.2222144165155,1494.040283203125,2870856.0
2024-06-25,1493.0490017664636,1510.7939151296112,1486.4566025405916,1491.462890625,856073.0
2024-06-26,1487.0020098255416,1502.5659157900357,1478.5260499645226,1482.44189453125,1579697.0
2024-06-27,1485.5645070139935,1498.8482937883462,1469.4057046966511,1490.0255126953125,1004585.0
2024-06-28,1477.0885533000858,1494.3872936568791,1455.9235838026198,1459.4427490234375,678142.0
2024-07-01,1459.4427388095105,1475.9484839786785,1427.5218133330447,1431.7349853515625,856095.0
2024-07-02,1433.4201726651158,1443.3831334956951,1404.2254179922063,1437.4847412109375,1255867.0
2024-07-03,1447.0511177181536,1460.6819689438803,1434.0646582074214,1439.2691650390625,1022098.0
2024-07-04,1443.3335443837252,1444.3248789713064,1424.9938545134744,1432.1810302734375,1024620.0
2024-07-05,1427.521860480124,1446.3076032251813,1427.521860480124,1440.161376953125,353725.0
2024-07-08,1440.1613539062207,1466.1838874047844,1426.5801181615043,1447.0015869140625,1537206.0
2024-07-09,1454.2877712459024,1468.7612313380073,1443.38309129791,1456.2208251953125,1250984.0
2024-07-10,1462.218557267953,1477.9808018504991,1435.99780510365,1472.1815185546875,831731.0
2024-07-11,1472.1815047284829,1503.8545969783563,1468.3647696861842,1499.6910400390625,1212936.0
2024-07-12,1508.8112825092517,1515.254957500257,1490.1246492378414,1506.82861328125,1401984.0
2024-07-15,1506.9277591992482,1521.797778771004,1501.9215918842744,1517.6837158203125,1231226.0
2024-07-16,1515.9489260262412,1526.4571703179383,1501.7232977417686,1508.513916015625,690677.0
2024-07-18,1508.464227889603,1511.7851743980725,1473.668409717436,1480.310302734375,949789.0
2024-07-19,1479.5172484219313,1496.915218740112,1457.3114505963342,1464.7464599609375,1413955.0
2024-07-22,1457.2618439564085,1493.643774920923,1408.8351735485248,1470.347412109375,1780537.0
2024-07-23,1473.668516433697,1482.9374708569146,1421.4747248895549,1470.6448974609375,639411.0
2024-07-24,1470.6447818635882,1505.7380485857886,1458.3522094338462,1486.25830078125,1055665.0
2024-07-25,1477.088620492696,1481.9956785785828,1438.4265693522832,1448.9346923828125,817753.0
2024-07-26,1452.2060088709604,1485.762659240801,1448.9345564456062,1477.4354248046875,527572.0
2024-07-29,1487.0019507741506,1520.1125517472274,1479.7651595420384,1503.0615234375,1349590.0
2024-07-30,1503.061480502142,1546.3332602361052,1503.061480502142,1526.308349609375,1477725.0
2024-07-31,1528.6378972594437,1538.799076537595,1519.8149954398132,1524.2760009765625,623793.0
2024-08-01,1526.655297322413,1535.8747575878767,1506.778990013952,1523.3343505859375,627964.0
2024-08-02,1506.8285678349823,1517.9810819061297,1469.1082385048935,1477.83203125,532217.0
2024-08-05,1462.2185860325194,1467.1256440687696,1420.5329162426483,1439.2691650390625,1259451.0
2024-08-06,1443.283973287514,1487.0018020657435,1442.5899665057068,1450.619873046875,722961.0
2024-08-07,1469.1579550590577,1473.0736785315644,1452.9000425549532,1457.063720703125,710286.0
2024-08-08,1457.2618957349516,1499.3440020741236,1409.5291094374545,1423.5565185546875,2671985.0
2024-08-09,1431.487126808148,1431.487126808148,1406.2577102704508,1416.4683837890625,1007544.0
2024-08-12,1487.0018319609694,1584.1526183157528,1450.4711778249657,1568.8365478515625,14020378.0
2024-08-13,1568.8366597544973,1585.0449566764833,1555.2058086559186,1559.71630859375,2001384.0
2024-08-14,1566.3086782753276,1566.6556211850989,1533.0493538221294,1536.8660888671875,1440494.0
2024-08-16,1556.395275616973,1578.2046361670202,1513.668779832795,1521.8472900390625,2624760.0
2024-08-19,1539.493104385688,1597.734015378607,1534.6356613852397,1593.7686767578125,5251306.0
2024-08-20,1607.498670360214,1657.4618374313836,1578.2046845010543,1644.7728271484375,4524759.0
2024-08-21,1640.6587131889842,1668.2178626372877,1636.395926133394,1661.4271240234375,2331508.0
2024-08-22,1661.476770320342,1674.116286323674,1651.61303956981,1669.209228515625,1913769.0
2024-08-23,1665.4421283984257,1684.2774858029318,1655.627891653573,1675.9007568359375,1487294.0
2024-08-26,1675.4545959003374,1710.0521979039129,1669.6553126490817,1706.136474609375,1964181.0
2024-08-27,1703.3606779469696,1736.173829033302,1700.6841229296272,1728.14404296875,2743023.0
2024-08-28,1729.8787736899428,1764.0302002153765,1708.2181381760422,1756.39697265625,1373848.0
2024-08-29,1756.3970866531977,1802.3950365341043,1736.8678433369898,1772.90283203125,2791170.0
2024-08-30,1770.027854419577,1770.027854419577,1718.8254002642466,1728.54052734375,2770926.0
2024-09-02,1739.5940129381577,1805.2699305072945,1735.3808408676848,1754.3153076171875,1553875.0
2024-09-03,1761.6015633520635,1812.903128294928,1758.6771747216826,1795.25732421875,3184506.0
2024-09-04,1774.4888762934893,1792.283283379804,1761.4033084040427,1764.8233642578125,1456218.0
2024-09-05,1773.4975251522071,1779.445532503193,1763.1876215413283,1767.6982421875,817264.0
2024-09-06,1767.6983103728137,1775.2820442403508,1739.6931080150132,1763.2373046875,1701203.0
2024-09-09,1770.5236837026812,1809.3344594264413,1754.662329313407,1802.19677734375,1907669.0
2024-09-10,1814.1423458191105,1821.973913481709,1789.4085955748385,1814.241455078125,1680438.0
2024-09-11,1806.3107315360417,1830.003652430359,1801.354058587964,1812.853515625,1177262.0
2024-09-12,1828.0210361882043,1840.7596618311536,1819.842525587037,1836.8934326171875,829123.0
2024-09-13,1848.3433605516889,1918.2324498082687,1840.0161257143573,1904.8990478515625,2355060.0
2024-09-16,1913.2757791347944,1913.2757791347944,1890.9707506215648,1899.3970947265625,961982.0
2024-09-17,1903.3127822227816,1908.2199610109808,1879.619982524034,1887.5506591796875,890306.0
2024-09-18,1891.4663869572005,1891.4663869572005,1866.7821316041536,1873.027587890625,647579.0
2024-09-19,1882.5442892770352,1918.232332675652,1866.6333215234783,1912.4825439453125,1461840.0
2024-09-20,1922.0490955954767,1928.0467184259348,1876.447703269765,1911.689697265625,2434135.0
2024-09-23,1914.2174215045893,1915.2583711982925,1862.420190710019,1866.1376953125,1306087.0
2024-09-24,1878.5789983462737,1901.577911820756,1869.260429244321,1897.8109130859373,1223016.0
2024-09-25,1900.338865069856,1904.9982104248788,1881.1070701135764,1894.291748046875,802399.0
2024-09-26,1893.5481732996395,1894.2916742410173,1824.35309162955,1841.45361328125,2756219.0
2024-09-27,1850.6730163881143,1861.7264216349377,1825.889650817894,1850.5242919921875,1172105.0
2024-09-30,1845.8650291738857,1866.2370036527527,1820.090329518396,1829.1114501953125,852278.0
2024-10-01,1829.012320508168,1848.492069425028,1824.0556475528608,1838.4796142578125,963764.0
2024-10-03,1818.10766592822,1845.0719187845225,1807.4508189223693,1829.65673828125,845958.0
2024-10-04,1829.1114456715384,1847.5007509006573,1781.6761092792394,1793.9190673828125,1490213.0
2024-10-07,1793.324326213121,1802.7420050959424,1737.7599723994613,1741.97314453125,1490593.0
2024-10-08,1734.8355988992862,1790.8460053780348,1734.8355988992862,1785.2945556640625,1992816.0
2024-10-09,1794.2660353921422,1798.8757655476609,1765.418222340305,1771.019287109375,627902.0
2024-10-10,1779.891600283535,1796.8435181927596,1749.6558959837766,1761.3040771484375,815772.0
2024-10-11,1769.928892895926,1782.0231271155697,1741.8245800157283,1773.9437255859375,667174.0
2024-10-14,1780.4369530814645,1824.055675762748,1750.8456392831442,1778.949951171875,843634.0
2024-10-15,1783.4604969626932,1801.0566854854685,1768.9869155085914,1795.406005859375,1669006.0
2024-10-16,1824.253854490276,1885.518380234122,1811.0691771203367,1864.997802734375,4490374.0
2024-10-17,1872.531908567996,1872.631017823291,1812.1596085658948,1818.702392578125,1314829.0
2024-10-18,1814.1423148844628,1853.795698816364,1794.3156229185124,1849.136474609375,1635928.0
2024-10-21,1858.405405198903,1861.676736724048,1785.8396409215115,1798.2313232421875,1225404.0
2024-10-22,1804.228940278156,1824.5512992208487,1774.0923447655105,1779.0986328125,984280.0
2024-10-23,1778.256142991233,1809.185735656067,1756.6946143608116,1780.090087890625,1025421.0
2024-10-24,1784.4023637752484,1809.9292309237,1755.7032741628752,1779.5447998046875,1165425.0
2024-10-25,1787.3762159990335,1787.3762159990335,1723.78207961886,1739.6434326171875,1313219.0
2024-10-28,1736.8183119946093,1762.9399558977298,1713.5715627875932,1746.9794921875,747662.0
2024-10-29,1751.6882995955464,1760.1146439908844,1708.0695756667385,1755.257080078125,1524171.0
2024-10-30,1764.5755567341523,1767.4999453473265,1635.602951761874,1683.18701171875,5968136.0
2024-10-31,1690.1263818804352,1690.1263818804352,1603.6819322481592,1635.2064208984375,2529685.0
2024-11-01,1648.5894299449697,1652.9513263614,1620.931170567802,1628.614013671875,139205.0
2024-11-04,1623.9051643483042,1660.9811021408218,1604.2271969796388,1650.6217041015625,1508628.0
2024-11-05,1646.160669660586,1689.2837234828842,1627.5235313277794,1680.0146484375,1162365.0
2024-11-06,1681.848726036896,1734.2902283820622,1674.4137167048757,1722.790771484375,901944.0
2024-11-07,1723.9309174379237,1765.2695230048282,1718.9742442998042,1751.638671875,3509476.0
2024-11-08,1759.6189107927298,1777.4133184151735,1735.876495584508,1750.6968994140625,1710362.0
2024-11-11,1753.472715865808,1770.5236228431618,1723.038670570003,1738.9000244140625,1301562.0
2024-11-12,1744.7489503612085,1768.4418722419148,1675.355526199115,1684.872314453125,2230594.0
2024-11-13,1685.268748428763,1690.2254212182595,1657.3626564213946,1670.7952880859375,1383751.0
2024-11-14,1682.7407850081654,1720.7585618449232,1670.398718254556,1693.794189453125,1787679.0
2024-11-18,1705.095552349196,1728.887583312208,1675.0580648533823,1681.25390625,1849251.0
2024-11-19,1694.1908622437518,1717.3385013726636,1657.6105906352814,1672.1336669921875,1830677.0
2024-11-21,1682.2947724472406,1692.4559518329709,1645.8632268447443,1660.9810791015625,2403002.0
2024-11-22,1660.9811020260172,1666.3343330031803,1633.4219520773952,1639.0726318359375,1776998.0
2024-11-25,1683.2861890869697,1700.4363264620658,1608.0438670330502,1630.001953125,27795722.0
2024-11-26,1655.5288139827348,1670.4484484059733,1628.1680026966633,1659.59326171875,1734910.0
2024-11-27,1655.5287092042308,1660.4853819862794,1627.9695601310332,1648.6884765625,1253588.0
2024-11-28,1648.688581666711,1663.3603824419124,1622.9138815569163,1632.9759521484375,995375.0
2024-11-29,1630.8445409246292,1652.4556838040005,1625.9869771384374,1643.880615234375,972035.0
2024-12-02,1652.5547367728966,1710.0521421315218,1641.6500564462608,1706.1859130859375,1145049.0
2024-12-03,1706.433743808588,1710.6965308794388,1665.4420833988645,1673.521484375,1171727.0
2024-12-04,1675.3553863424415,1689.7297372903502,1662.0219850750784,1673.670166015625,862542.0
2024-12-05,1675.355492179603,1677.6851043123772,1641.8483339310008,1653.447021484375,652937.0
2024-12-06,1655.4297425760462,1702.9641902462552,1648.5895093449892,1696.074462890625,1190529.0
2024-12-09,1699.2465941484825,1751.688218088906,1698.6022024633758,1749.0611572265625,1382138.0
2024-12-10,1745.7898471954388,1760.610251072827,1739.2965571549971,1751.2421875,862810.0
2024-12-11,1744.7488667470598,1789.9536995466383,1739.7921938301647,1781.62646484375,1087805.0
2024-12-12,1781.1308071783665,1791.6390506289947,1764.5755679514714,1772.1593017578125,1130165.0
2024-12-13,1769.2348031048127,1798.1322307485186,1740.7835486363244,1791.8372802734375,819472.0
2024-12-16,1804.228912388675,1817.0666466295093,1786.4345053116083,1792.4320068359375,587602.0
2024-12-17,1794.216525461078,1795.306969323872,1747.822017550625,1754.3153076171875,644058.0
2024-12-18,1746.087183676359,1765.3687143661657,1722.3447682730975,1741.77490234375,639538.0
2024-12-19,1731.8615557274063,1743.460122206203,1715.6532591307453,1723.1873779296875,680382.0
2024-12-20,1724.4760892127551,1739.7921598215607,1664.648951465285,1671.8857421875,813116.0
2024-12-23,1672.4805719351618,1694.1908237800203,1669.5561832833248,1680.857421875,649135.0
2024-12-24,1685.2688389109142,1688.0941183501127,1654.0914137960726,1660.4854736328125,448485.0
2024-12-26,1662.2202884734045,1701.8736724238656,1645.9623768512104,1696.470947265625,702995.0
2024-12-27,1696.5204509676082,1707.2269130996976,1686.4088864081543,1690.52294921875,777445.0
2024-12-30,1675.4050775433516,1784.4022676542206,1660.4854435115665,1755.653564453125,3974159.0
2024-12-31,1721.749993512752,1793.1260852030775,1716.5454868269992,1774.4393310546875,1610537.0
2025-01-01,1774.4888882236942,1817.06665979031,1747.3262966818995,1811.11865234375,831427.0
2025-01-02,1815.9267514813168,1835.406379376752,1799.4705004672005,1819.89208984375,1236617.0
2025-01-03,1814.1423053421,1843.287566581248,1797.3392323943506,1808.88818359375,1036412.0
2025-01-06,1810.176958926089,1817.2154103031985,1752.4317191355938,1760.6102294921875,787457.0
2025-01-07,1756.6448484296436,1789.3588890606698,1749.35856358251,1764.278076171875,895288.0
2025-01-08,1758.726681367726,1764.0799123849984,1692.5056030073742,1749.1602783203125,1193905.0
2025-01-09,1739.89137743863,1746.4837769023247,1706.4338338198113,1712.9271240234375,622759.0
2025-01-10,1705.1945963455798,1716.347110432648,1640.6587390309166,1649.0850830078125,668906.0
2025-01-13,1630.7454344407895,1639.6674459362105,1563.4834053139284,1578.1055908203125,871019.0
2025-01-14,1571.4635348828117,1637.6351183955935,1571.4635348828117,1623.4591064453125,864485.0
2025-01-15,1620.832004016456,1632.4801850850758,1590.5466848330368,1611.0673828125,757277.0
2025-01-16,1619.0972217470005,1684.2774711453565,1560.01370428955,1573.8427734375,1344773.0
2025-01-17,1566.6061913407568,1601.60023177863,1564.9208498330356,1583.11181640625,1005199.0
2025-01-20,1586.135445750645,1586.135445750645,1517.48552098925,1532.9503173828125,1419203.0
2025-01-21,1538.55132775354,1545.391560822991,1487.447979770118,1491.314208984375,722888.0
2025-01-22,1490.669809065663,1498.7988254992474,1452.3052079500808,1474.1641845703125,842352.0
2025-01-23,1466.1838272997516,1518.6749443142985,1451.809476051715,1484.6722412109375,1007459.0
2025-01-24,1487.0018496594207,1487.0018496594207,1435.5515614587007,1443.9779052734375,1381920.0
2025-01-27,1437.4351381814429,1439.6656409820691,1397.781755059196,1406.4559326171875,736721.0
2025-01-28,1402.8871571192883,1439.7647551436364,1393.5189727172208,1418.5501708984375,642824.0
2025-01-29,1411.8091796127303,1470.6944784221005,1406.2577301149245,1461.3262939453125,454464.0
2025-01-30,1417.6084433068868,1417.6084433068868,1251.460792615521,1258.301025390625,11456156.0
2025-01-31,1258.3010442338905,1272.4770562717345,1228.31317286871,1249.9241943359375,5032200.0
2025-02-01,1258.9949628418306,1320.259490541034,1125.1647896263603,1312.4774169921875,5371015.0
2025-02-03,1303.704111239524,1394.411227347003,1265.5873441873473,1389.1572265625,7208353.0
2025-02-04,1408.9343411222956,1432.478538555298,1359.1693911636555,1388.4632568359375,4017475.0
2025-02-05,1387.8684781451686,1424.8948022703216,1376.3194055352408,1382.4161376953125,1625191.0
2025-02-06,1387.868448349635,1402.2924152714215,1333.0972113701223,1339.9869384765625,1870141.0
2025-02-07,1318.4751010979576,1375.9725115217784,1310.5444237981203,1371.263671875,1597612.0
2025-02-10,1371.2636537390545,1377.6577138224695,1341.8210630578203,1356.5423583984375,480296.0
2025-02-11,1349.3055373176162,1353.617818744831,1275.8476656207456,1281.44873046875,1396393.0
2025-02-12,1278.6233799345907,1301.2257355786478,1254.0382341331383,1287.892333984375,1480614.0
2025-02-13,1288.7349505608163,1295.4264589579593,1234.756831228874,1237.7308349609375,2004213.0
2025-02-14,1239.168189130598,1253.0468728488609,1191.7823491732363,1203.3314208984375,1020091.0
2025-02-17,1189.601449663643,1234.1618888939531,1172.451313692652,1230.8409423828125,987187.0
2025-02-18,1231.7332833019332,1235.153339385768,1192.4764559802886,1216.2188720703125,628523.0
2025-02-19,1214.38480924719,1278.375502090487,1202.3896855379455,1272.97265625,1829398.0
2025-02-20,1261.9689418546805,1279.9120738560796,1244.1745342453212,1268.065673828125,1895350.0
2025-02-21,1263.951547320571,1288.487077356794,1246.6528078818576,1258.0035400390625,1639291.0
2025-02-24,1249.0814747993602,1280.7050696733704,1232.9722891124638,1266.0828857421875,1051867.0
2025-02-25,1268.908169529942,1290.320970688257,1252.551150157095,1266.6280517578125,1218753.0
2025-02-27,1273.964073911652,1310.3461264435227,1263.951618625438,1301.275390625,2636482.0
2025-02-28,1298.6483114561988,1323.9769586075483,1271.9813868123415,1308.6607666015625,8031830.0
2025-03-03,1335.476410462042,1368.0417273786595,1310.6930458356169,1354.311767578125,5084713.0
2025-03-04,1362.9860453313954,1412.6518874890296,1352.0813640946378,1397.3358154296875,4297483.0
2025-03-05,1397.781873078193,1405.4647167068144,1369.875778147211,1375.7742919921875,2467014.0
2025-03-06,1397.7818359375,1409.231799381574,1376.3690320150058,1394.0643310546875,1637524.0
2025-03-07,1402.5401931713968,1405.6628002460386,1368.041701850167,1393.2711181640625,1234800.0
2025-03-10,1391.8337807134235,1422.3669348491835,1378.599487983931,1385.637939453125,1552435.0
2025-03-11,1377.9054496902306,1405.712433036476,1360.1110424020062,1393.91552734375,1484093.0
2025-03-12,1400.012299970459,1439.4178506334615,1396.344410326334,1432.924560546875,2355735.0
2025-03-13,1439.3681937016104,1451.1650993952603,1382.515179793426,1390.3963623046875,1236849.0
2025-03-17,1392.2798215933883,1448.0920076187545,1390.7928197029703,1445.8118896484375,1881080.0
2025-03-18,1445.8118896484375,1445.8118896484375,1445.8118896484375,1445.8118896484375,0.0
2025-03-19,1464.201287926746,1517.733359387846,1464.201287926746,1482.2435302734375,2604431.0
2025-03-20,1497.063936472493,1497.063936472493,1452.8504385167737,1457.1627197265625,1799802.0
2025-03-21,1447.3484978904337,1451.2642211064297,1399.7644376858168,1417.11279296875,3477300.0
2025-03-24,1425.3904543129593,1444.077087633851,1419.789389526518,1436.54296875,1634298.0
2025-03-25,1440.4091744714808,1441.896176372174,1405.712463455306,1409.7274169921875,1306047.0
2025-03-26,1417.6084190534098,1423.5564264060813,1404.2750176428451,1416.2701416015625,1305728.0
2025-03-27,1407.695112033428,1422.5651308225133,1401.4001616152195,1411.065673828125,1682189.0
2025-03-28,1417.6084385593913,1457.063602946682,1415.625769414553,1446.0596923828125,2104275.0
2025-04-01,1417.6084674657643,1417.6084674657643,1336.1703064784256,1340.333984375,3909338.0
2025-04-02,1348.2150884637567,1352.5273698750875,1316.4923804999037,1333.1468505859375,2806215.0
2025-04-03,1318.4750619019276,1345.191481856508,1315.6497824003577,1340.284423828125,1252993.0
2025-04-04,1334.3363927239284,1339.2930658023977,1283.7783273235418,1286.8514404296875,1400431.0
2025-04-07,1210.5186047770717,1295.5255431400217,1210.5186047770717,1283.7286376953125,1402866.0
2025-04-08,1321.4490127107854,1323.1838482488529,1285.116575668183,1309.2060546875,726257.0
2025-04-09,1299.6396085037177,1302.117944904373,1262.9602297740169,1266.677734375,1599417.0
2025-04-11,1288.7349976025805,1290.7176668296615,1266.3308595390718,1273.765869140625,1739781.0
2025-04-15,1298.9458351852134,1298.9458351852134,1266.1325615893963,1278.1278076171875,2110074.0
2025-04-16,1280.8043576359134,1285.8601401082865,1262.9603340775184,1266.033447265625,1650183.0
2025-04-17,1269.0074145906206,1283.381766486957,1252.1547261604328,1273.765869140625,2003289.0
2025-04-21,1276.8389420227145,1309.5529832391348,1272.675385181997,1306.5789794921875,1963547.0
2025-04-22,1308.5616792357814,1345.4392781546887,1291.2133236398524,1332.948486328125,3045620.0
2025-04-23,1342.2670556377502,1342.2670556377502,1274.856302474259,1287.74365234375,4051558.0
2025-04-24,1297.6570360907192,1297.6570360907192,1263.455991212851,1264.9429931640625,2359722.0
2025-04-25,1269.8996692067367,1273.7658984911366,1212.600478818783,1218.746826171875,2212922.0
2025-04-28,1219.440684688697,1243.0344969109667,1219.341575429785,1235.5994873046875,1884572.0
2025-04-29,1240.1595971390025,1259.8871800809688,1234.6081475253775,1253.6417236328125,1139516.0
2025-04-30,1249.1807022170922,1251.0642621550126,1213.3935474467,1225.388671875,2072635.0
2025-05-02,1221.7207726773104,1229.2548913573182,1189.6015077651466,1193.1702880859375,1898086.0
2025-05-05,1208.4368925149436,1240.1596001117264,1204.372444806611,1229.5523681640625,1633643.0
2025-05-06,1231.2376422916857,1237.7804268163331,1211.9066165069123,1218.945068359375,1012805.0
2025-05-07,1192.07982986303,1244.918011267373,1192.07982986303,1233.22021484375,2149507.0
2025-05-08,1276.8388549083877,1276.8388549083877,1201.5965410416404,1212.501220703125,7440411.0
2025-05-09,1179.688230676934,1229.2549630583178,1179.688230676934,1224.89306640625,2021024.0
2025-05-12,1251.9565134111883,1257.8054118605312,1240.5561653029456,1254.732177734375,1877453.0
2025-05-13,1256.0209741205492,1266.0334296643875,1244.124958580339,1246.801513671875,1671442.0
2025-05-14,1249.081499361734,1255.723392262858,1226.4790238254204,1237.68115234375,1201276.0
2025-05-15,1239.1682422639246,1253.9391519142157,1238.5734657101427,1251.4608154296875,889877.0
2025-05-16,1258.9949357369592,1258.9949357369592,1241.6465803232609,1250.469482421875,1030398.0
2025-05-19,1256.7148770359793,1270.7919015574057,1249.081648698942,1258.9949951171875,1127571.0
2025-05-20,1266.925648504678,1266.925648504678,1226.3800382115298,1228.66015625,1680536.0
2025-05-21,1231.2375793743315,1260.7793990074856,1229.5523589508905,1257.6070556640625,1054213.0
2025-05-22,1257.0123225757911,1265.73611580625,1249.973870839584,1260.9776611328125,1042997.0
2025-05-23,1251.0642487130945,1265.6368187360429,1242.4396862117612,1249.3790283203125,1212681.0
2025-05-26,1255.029535795964,1257.4087629099292,1237.582071981083,1242.935302734375,1133427.0
2025-05-27,1241.1509482629676,1258.0036368575925,1238.4743931853027,1250.766845703125,695507.0
2025-05-28,1249.0815223520265,1252.947751266572,1241.5474040387558,1246.900634765625,872186.0
2025-05-29,1246.603215282379,1262.4645683197696,1245.5127714635628,1251.163330078125,979339.0
2025-05-30,1249.4781945553514,1261.9689867178456,1244.1249633392745,1251.857421875,2725042.0
2025-06-02,1249.0815649139747,1251.559901352296,1233.220211708718,1235.202880859375,1068841.0
2025-06-03,1237.2846999713634,1248.4868294461314,1213.7901181681204,1217.4580078125,1436642.0
2025-06-04,1219.4407120123317,1226.0827266836156,1214.4840388304162,1218.746826171875,458790.0
2025-06-05,1219.3415855147796,1241.0518379471823,1214.8805797141158,1236.68994140625,1012011.0
2025-06-06,1241.9440977340578,1262.9603439058142,1239.1683123094722,1260.08544921875,973152.0
2025-06-09,1263.7533626068764,1289.7262800255965,1263.4559138298405,1275.3519287109375,1637335.0
2025-06-10,1283.778248157087,1308.264163249748,1260.4818861248932,1306.281494140625,2445395.0
2025-06-11,1316.1949230945538,1316.4923718847797,1285.7609987459027,1300.928466796875,2233115.0
2025-06-12,1300.9284535860756,1308.0660143537425,1271.0891850958376,1278.7225341796875,1234601.0
2025-06-13,1251.064209445597,1281.3990226512035,1251.064209445597,1266.1324462890625,800998.0
2025-06-16,1261.7707822514878,1305.2902762773065,1255.62443485622,1302.2171630859375,1362428.0
2025-06-17,1302.2171455129635,1311.0400479207583,1271.1884442074977,1282.9852294921875,2527321.0
2025-06-18,1258.7966820432196,1283.480815960555,1250.568556729094,1280.30859375,2428626.0
2025-06-19,1278.8217029979926,1285.463596771342,1244.124990125954,1250.072998046875,1278610.0
2025-06-20,1247.5807787706533,1307.8913158186951,1242.5964368658565,1289.8480224609375,1563026.0
2025-06-23,1275.8918282335565,1299.916331182373,1260.2409220922384,1290.14697265625,1352440.0
2025-06-24,1302.906918345967,1325.7352276339343,1297.523804980765,1302.109375,1990620.0
2025-06-25,1303.6046949436109,1312.7759567927783,1295.1313139535062,1306.8944091796875,1394524.0
2025-06-26,1318.0593462856937,1336.700858328745,1300.913258526687,1312.975341796875,2728104.0
2025-06-27,1318.757138549889,1325.535770183412,1293.9350927867138,1301.2122802734375,4533397.0
2025-06-30,1305.8976051050863,1315.866289113522,1295.9289210966506,1309.9847412109375,1352048.0
2025-07-01,1314.8694341827058,1328.32715773196,1308.2901270073446,1322.345947265625,1406545.0
2025-07-02,1321.8474670685853,1338.7942294669003,1310.9815774285291,1328.626220703125,1408061.0
2025-07-03,1332.813063916623,1375.678405538474,1323.1434890166763,1362.7191162109375,2797627.0
2025-07-04,1365.410526492999,1389.8338009995489,1349.0619829492432,1360.127197265625,1780860.0
2025-07-07,1359.728468135062,1364.2143758378536,1335.8036270535065,1361.423095703125,874270.0
2025-07-08,1362.719085238234,1368.7002955611522,1346.2707568502085,1366.9058837890625,616481.0
2025-07-09,1356.6381746093823,1378.0708443359183,1356.6381746093823,1362.619384765625,1046247.0
2025-07-10,1360.7253481331286,1370.6940320022356,1357.5354179702283,1364.6131591796875,812127.0
2025-07-11,1365.709615806978,1367.6036899767248,1349.0619633260023,1365.211181640625,865797.0
2025-07-14,1365.7096498139067,1375.08023671228,1357.0369437786223,1372.4884033203125,684695.0
2025-07-15,1372.1892887887689,1395.6156950993654,1370.6939862583054,1392.226318359375,1387726.0
2025-07-16,1387.7404059023534,1395.516027708714,1374.5817923556222,1392.9241943359375,1646006.0
2025-07-17,1395.615773517825,1395.615773517825,1382.656484192302,1386.3448486328125,934758.0
2025-07-18,1380.762353592081,1390.631374782986,1364.7127971884645,1372.687744140625,1041006.0
2025-07-21,1366.2081228427153,1387.6407931390438,1365.5103636478163,1381.3604736328125,483190.0
2025-07-22,1367.9027490047126,1373.983743502676,1338.5949158407918,1353.149169921875,1649309.0
2025-07-23,1352.0525992673151,1364.7127787072095,1343.7785432412843,1363.317138671875,392460.0
2025-07-24,1355.7410321916852,1361.4231334308029,1337.5980758772764,1339.7911376953125,890104.0
2025-07-25,1333.3114217303903,1337.1992326435095,1303.206046154195,1311.47998046875,925449.0
2025-07-28,1299.2186579777408,1330.6200131477167,1297.125136949311,1316.36474609375,884988.0
2025-07-29,1304.5019333315788,1335.8036246956358,1304.5019333315788,1330.9189453125,624288.0
2025-07-30,1315.8662679523766,1334.4079955722802,1311.1810352189725,1331.816162109375,533140.0
2025-07-31,1315.8662763211537,1344.5761346615568,1310.8819343653915,1323.5421142578125,712912.0
2025-08-01,1322.6450010715914,1322.6450010715914,1301.9100903147948,1313.2744140625,449595.0
2025-08-04,1303.9038230076967,1341.7848209238225,1303.9038230076967,1337.5980224609375,366914.0
2025-08-05,1335.8035822863278,1335.8035822863278,1307.9909311235065,1312.8756103515625,316284.0
2025-08-06,1314.8693673911562,1320.053034190116,1298.4210394442614,1310.0843505859375,441055.0
2025-08-07,1296.9257039136537,1323.2430522968552,1284.9632838929278,1305.0999755859375,595668.0
2025-08-08,1307.8913399304995,1319.3553265228784,1289.9477087424289,1300.8135986328125,590345.0
2025-08-11,1197.238882846807,1246.0854317722803,1188.2670677380463,1241.3004150390625,4002006.0
2025-08-12,1226.048386732498,1255.9544367136723,1225.151180895457,1241.10107421875,839568.0
2025-08-13,1245.9858559735535,1279.9790445800102,1239.8051987890824,1272.103759765625,1199406.0
2025-08-14,1266.0228444220247,1275.5927565461905,1254.0604238448086,1270.807861328125,569544.0
2025-08-18,1333.7101920838636,1397.808754085683,1321.8474343609666,1344.9747314453125,5466642.0
2025-08-19,1340.7879258307555,1378.469597997717,1340.7879258307555,1374.581787109375,958153.0
2025-08-20,1384.4508754792091,1384.4508754792091,1359.4293814173889,1365.5103759765625,563772.0
2025-08-21,1363.8156087161717,1367.7034197425514,1340.0902142436628,1358.4324951171875,1270171.0
2025-08-22,1355.741034119249,1381.858937718978,1345.7723500448426,1348.9622802734375,616349.0
2025-08-25,1355.7410033848566,1367.5040990012042,1343.878245267632,1353.149169921875,578894.0
2025-08-26,1349.1616832978284,1361.0244413000034,1334.8067543577188,1343.080810546875,1192978.0
2025-08-28,1343.0807925488425,1360.326542195426,1329.9220571600624,1355.043212890625,957868.0
2025-08-29,1346.769170991545,1378.1705247193272,1341.685166630368,1369.6971435546875,1097616.0
2025-09-01,1365.7097054067058,1421.6339982029058,1362.8187627145878,1407.478515625,1473916.0
2025-09-02,1414.456506753456,1440.4747459940118,1406.0827883906943,1436.0885009765625,1403210.0
2025-09-03,1431.5030240629485,1434.094857568352,1408.5750508363135,1425.8209228515625,1030877.0
2025-09-04,1465.3964704742752,1465.3964704742752,1393.6219494714535,1398.20751953125,1790205.0
2025-09-05,1405.4847993637677,1432.8986807122458,1400.7994448113864,1428.3131103515625,1254002.0
2025-09-08,1425.5217198634175,1432.3004732204972,1408.6746206546984,1414.7554931640625,456972.0
2025-09-09,1415.5530347648423,1423.527981439574,1400.899118925235,1407.877197265625,887526.0
2025-09-10,1412.5625053108768,1420.7367774144552,1379.6658485181747,1390.53173828125,1046892.0
2025-09-11,1394.6189064362102,1394.6189064362102,1367.2050251445762,1390.9305419921875,1235017.0
2025-09-12,1391.827617244877,1404.6872439964432,1388.0395903218048,1399.2044677734375,824826.0
2025-09-15,1398.107934578661,1417.44720592577,1395.6157635722818,1411.3663330078125,576808.0
2025-09-16,1413.4596360545956,1429.509191905045,1408.674619373007,1410.169921875,620757.0
2025-09-17,1412.961291814589,1417.4471996060709,1395.9148665445653,1407.478515625,744641.0
2025-09-18,1406.6809542962358,1425.920562809614,1398.1079105194278,1421.733642578125,1125138.0
2025-09-19,1421.7335666202782,1433.3969991191125,1411.5655583076802,1415.453369140625,1366319.0
2025-09-22,1410.5688018180156,1410.5688018180156,1365.709723314969,1371.8902587890625,1492222.0
2025-09-23,1371.890162240455,1382.0582923317063,1351.7534704270051,1368.401123046875,799766.0
2025-09-24,1367.6037917761912,1372.6877963138202,1350.75669136182,1368.0025634765625,1056484.0
2025-09-25,1365.7096644302824,1378.569290717634,1356.3390774316213,1368.1021728515625,643040.0
2025-09-26,1364.712787179939,1367.3046205827764,1328.5264169746808,1336.0029296875,1100967.0
2025-09-29,1330.8192565407307,1378.6689376747795,1329.4236165033813,1370.195556640625,1315242.0
2025-09-30,1371.5912285921293,1385.4477234138833,1336.9001602875403,1349.2613525390625,1300920.0
2025-10-01,1344.875107328776,1360.0275797199445,1338.196137856955,1349.2613525390625,1189113.0
2025-10-03,1345.7723150027766,1361.8218716070546,1341.884503977384,1356.1397705078125,873058.0
2025-10-06,1350.7566108842743,1371.6908461821115,1328.7258447417753,1362.419921875,1048625.0
2025-10-07,1355.740964688212,1373.0864984269765,1351.853153760691,1367.9027099609375,1282213.0
2025-10-08,1362.8187417871818,1372.6877631145007,1337.1992730244565,1363.0181884765625,2610499.0
2025-10-09,1362.7190932454662,1390.631408249763,1362.220659048961,1377.672119140625,1000102.0
2025-10-10,1394.6188326416332,1433.0979269172983,1385.946126603492,1412.861572265625,2611807.0
2025-10-13,1405.584460435936,1407.0797630534207,1361.4231411243288,1374.18310546875,1430691.0
2025-10-14,1374.1830608730645,1395.316621839134,1374.1830608730645,1387.3416748046875,1087951.0
2025-10-15,1377.6721416627688,1411.5656675792188,1370.694062797617,1407.6778564453125,1045348.0
2025-10-16,1405.5844314645808,1418.7430455520134,1400.6997520105365,1411.1668701171875,910378.0
2025-10-17,1405.5844550565014,1432.4999020682217,1405.5844550565014,1422.1324462890625,1075540.0
2025-10-20,1415.5531277052455,1443.4654428994334,1400.6997642107308,1440.2755126953125,1058298.0
2025-10-21,1435.4903984717648,1455.427765117206,1428.412657650239,1451.240966796875,200517.0
2025-10-23,1445.459192333247,1459.216025045841,1423.228978148355,1426.718017578125,1121329.0
2025-10-24,1426.7179779016285,1445.4591521355655,1426.7179779016285,1436.8861083984375,539503.0
2025-10-27,1428.5123724288312,1440.8735645390252,1416.549952003747,1432.10107421875,1206234.0
2025-10-28,1426.5185911527396,1431.403270344747,1400.0019177093093,1423.9267578125,1157671.0
2025-10-29,1410.5687850012175,1421.434674891131,1382.3573606259783,1414.35693359375,613025.0
2025-10-30,1405.5844010687986,1420.7367516107809,1395.6157173732752,1415.353759765625,941460.0
2025-10-31,1415.353798830383,1419.440934920749,1374.6815195548509,1379.26708984375,1115615.0
2025-11-03,1370.6940202974415,1382.4571158377532,1348.3641442837163,1361.423095703125,658410.0
2025-11-04,1355.74104104585,1375.3793000975488,1350.7566989831814,1355.1429443359375,834615.0
2025-11-06,1351.753462932761,1368.301452964391,1284.0660786149674,1288.3526611328125,1703216.0
2025-11-07,1288.352726566963,1323.1434575803703,1284.165806332412,1317.361572265625,666465.0
2025-11-10,1315.8662166869676,1370.4946507216089,1304.4022307082555,1336.5013427734375,1057635.0
2025-11-11,1325.8349438661965,1334.8067592758173,1294.9320241219468,1299.717041015625,1314969.0
2025-11-12,1300.913247668129,1338.7942464508028,1300.514475974915,1333.4111328125,960761.0
2025-11-13,1325.7353001554231,1340.7879885517425,1309.4862966747116,1332.71337890625,906489.0
2025-11-14,1299.916403027387,1381.1611782165987,1295.2311701886233,1346.6695556640625,4110953.0
2025-11-17,1349.7598284636265,1385.6470912588186,1348.8626225561388,1369.5975341796875,1487978.0
2025-11-18,1368.7002355334505,1391.428882438934,1360.4261796077449,1379.8651123046875,768433.0
2025-11-19,1385.6470605856414,1400.1016522248442,1379.267078559007,1397.41015625,709008.0
2025-11-20,1395.1172548084098,1413.5593192699714,1389.6344788874048,1407.3787841796875,656309.0
2025-11-21,1396.6126220593762,1413.559384782438,1378.4696659369602,1391.428955078125,1221980.0
2025-11-24,1386.1455100499843,1399.6032334485278,1342.0839754499675,1350.35791015625,3415624.0
2025-11-25,1350.7566347548018,1361.223752588695,1339.3923110546823,1352.0526123046875,591991.0
2025-11-26,1346.8687747281472,1388.1391478788105,1346.8687747281472,1382.6563720703125,477248.0
2025-11-27,1379.665791392838,1398.506627477066,1360.725292811578,1393.6219482421875,625765.0
2025-11-28,1380.7623589026712,1384.0520732083037,1357.0369646415627,1371.989990234375,1004263.0
2025-12-01,1370.694024539865,1380.3635991650417,1351.753525291678,1356.1397705078125,512237.0
2025-12-02,1350.7566071942713,1363.3171240010547,1337.6976562150917,1348.6632080078125,1208807.0
2025-12-03,1337.7973031589977,1370.6939581547106,1326.3333173271585,1331.7164306640625,845596.0
2025-12-04,1325.3364789042137,1339.192973386061,1321.4486679793742,1325.23681640625,509272.0
2025-12-05,1320.8506235612813,1326.6325089283114,1308.389768622024,1322.8443603515625,568640.0
2025-12-08,1321.8474376772213,1325.735248596231,1305.3991098328213,1318.3583984375,335954.0
2025-12-09,1310.881858162505,1335.7039039968763,1305.897516496488,1331.7164306640625,529692.0
2025-12-10,1326.9314470798338,1341.485700769945,1323.1434203320143,1336.7008056640625,610249.0
2025-12-11,1326.831746181785,1351.7534544120967,1323.5420320201729,1349.16162109375,454556.0
2025-12-12,1350.7566555888652,1375.3792559122085,1349.3610155185463,1372.8870849609375,371973.0
2025-12-15,1365.8093626222883,1386.6439363996897,1357.7347529664826,1384.550537109375,215764.0
2025-12-16,1375.678327621894,1397.9085405767937,1371.1924200318224,1389.93359375,569307.0
2025-12-17,1385.6470071418871,1391.6282172446577,1371.391741055071,1376.1767578125,662702.0
2025-12-18,1372.7873659214667,1421.4345895619265,1366.1083967223517,1397.310302734375,1063259.0
2025-12-19,1392.625175806099,1410.5688072767573,1360.2269523174102,1371.1925048828125,1059210.0
2025-12-22,1371.1924654825964,1388.3385530533296,1367.7034261302233,1383.6533203125,201211.0
2025-12-23,1384.4507938758952,1387.541061380255,1371.8901554903848,1381.2607421875,232195.0
2025-12-24,1381.2607975062492,1415.5530939797025,1373.4852971859418,1390.332275390625,476963.0
2025-12-26,1385.6470553088743,1407.9769314730418,1372.6877663023886,1376.77490234375,281489.0
2025-12-29,1380.1643215385689,1394.918022766165,1371.690940005107,1375.778076171875,423594.0
2025-12-30,1372.6877802434249,1374.4821920300687,1342.183631686734,1346.4700927734375,367193.0
2025-12-31,1346.470016234056,1370.6939655365686,1339.4919378640516,1356.9371337890625,326590.0
2026-01-01,1356.9372085796488,1383.6533302011096,1356.9372085796488,1379.9649658203125,283325.0
2026-01-02,1384.6501418804974,1443.0666030102757,1382.5567426774635,1425.7210693359375,1109054.0
2026-01-05,1425.0233692562358,1489.919477369542,1418.743049698675,1472.17529296875,1588073.0
2026-01-06,1472.175310700932,1500.2869510757744,1468.1878370768102,1481.5457763671875,1231903.0
2026-01-07,1480.3495825472162,1513.1465774341864,1477.7577490298588,1502.8787841796875,1046719.0
2026-01-08,1502.9783615224242,1507.264944099507,1460.5117941810363,1464.499267578125,375644.0
2026-01-09,1460.4121312653615,1478.1564365525355,1453.4340528224557,1462.20654296875,368916.0
2026-01-12,1456.424647395376,1478.6548600931185,1452.437174028106,1463.60205078125,802829.0
2026-01-13,1465.3965350649428,1475.1658939739236,1440.973259480527,1456.1256103515625,403722.0
2026-01-14,1454.430908026265,1454.430908026265,1424.6245203233502,1435.3907470703125,464407.0
2026-01-15,1435.3907470703125,1435.3907470703125,1435.3907470703125,1435.3907470703125,0.0
2026-01-16,1435.4905148151445,1443.9638963262062,1402.593857183964,1406.9801025390625,432002.0
2026-01-19,1400.799383851479,1413.160575968285,1390.6313751599314,1394.020751953125,592965.0
2026-01-20,1386.1454694982774,1398.0082274475558,1315.0687059901068,1320.15283203125,634651.0
2026-01-21,1315.8663052921256,1327.130967035372,1270.2096832969255,1286.558349609375,868081.0
2026-01-22,1299.916336490143,1308.88815169598,1270.90749166221,1289.44921875,740297.0
2026-01-23,1293.9351061832592,1358.7315483264888,1290.944501161264,1311.2806396484375,1639531.0
2026-01-27,1315.866203375603,1339.192946773049,1283.9664166271034,1326.4329833984375,879649.0
2026-01-28,1336.8004611446263,1375.578664407308,1329.4236109960802,1368.6005859375,744898.0
2026-01-29,1370.5943752354272,1370.5943752354272,1328.4267936174697,1344.8751220703125,712808.0
2026-01-30,1337.1993005936863,1359.9278271772846,1275.9915562902795,1323.7415771484375,1448958.0
2026-02-02,1293.3370647269808,1327.529577258599,1266.022846689151,1322.64501953125,804266.0
2026-02-03,1346.7691535139754,1382.6564144514316,1345.8719476529327,1362.619384765625,885505.0
2026-02-04,1364.1147368243985,1422.5312004667137,1355.9403429679696,1415.0546875,598049.0
2026-02-05,1424.5248487681663,1429.7085154278702,1400.3008995855605,1422.331787109375,392029.0
2026-02-06,1415.5530780433362,1434.8923486584365,1399.7028467051036,1430.506103515625,458866.0
2026-02-09,1435.490437311263,1501.2837490213624,1426.9173937593714,1498.1934814453125,769229.0
2026-02-10,1505.2713016049236,1525.2086698381013,1454.730121809033,1470.97900390625,1416129.0
2026-02-11,1478.1564944414772,1504.7728317265803,1467.6893763671949,1501.7822265625,633002.0
2026-02-12,1497.5953883999498,1541.9560304939064,1483.9382188323618,1530.990478515625,1343371.0
2026-02-13,1529.196090581068,1529.196090581068,1505.4705745291726,1520.623046875,534253.0
2026-02-16,1525.2086659874349,1534.9780250722429,1512.648148369852,1525.8067626953125,300771.0
2026-02-17,1535.177339114483,1535.177339114483,1508.461217265068,1524.9095458984375,444923.0
2026-02-18,1530.0932693348711,1547.937237307536,1514.841134759301,1538.566650390625,1073285.0
2026-02-19,1546.1428766599972,1546.441985852941,1499.290062215755,1507.9627685546875,657967.0
2026-02-20,1505.1715353729785,1546.0431374343402,1500.386518651558,1542.0556640625,935468.0
2026-02-23,1543.2519561346337,1558.1053197326485,1524.909553113033,1533.3829345703125,555656.0
2026-02-24,1529.2957826662123,1550.1303564897594,1526.2055149748048,1533.18359375,927647.0
2026-02-25,1543.152252483482,1561.4946550159832,1508.3615216783858,1517.6324462890625,1200666.0
2026-02-26,1528.199221674313,1554.11779947179,1516.2368011524006,1539.6632080078125,1229111.0
2026-02-27,1545.145983204289,1577.544205432766,1529.395414184154,1556.41064453125,1650861.0
2026-03-02,1516.2368378259514,1534.1804690428266,1478.05672939483,1494.4053955078125,1419196.0
2026-03-04,1465.4961653448431,1475.3651865383486,1425.521768074215,1434.3939208984375,664840.0
2026-03-05,1434.3939635915822,1493.308861632118,1433.4967576949168,1480.648681640625,821653.0
2026-03-06,1475.3652287707766,1484.735816047874,1455.6271858187638,1473.770263671875,686869.0
2026-03-09,1457.4216091900887,1465.097447239062,1408.5750573088887,1432.00146484375,1094929.0
2026-03-10,1455.4277629623564,1467.39018293191,1429.509186361657,1444.362548828125,415157.0
2026-03-11,1450.443448983213,1505.0718832283778,1448.649037278331,1466.7921142578125,1149992.0
2026-03-12,1464.3996802960546,1470.1815656940178,1415.553128672837,1444.861083984375,799532.0
2026-03-13,1435.490493586345,1444.3626466690348,1380.8620566829834,1409.771240234375,1524789.0
2026-03-16,1406.1825261003714,1417.1480783865034,1356.7378783114198,1401.9957275390625,814633.0
2026-03-17,1414.5562641947342,1423.1293081249737,1392.126725121879,1415.951904296875,582855.0
2026-03-18,1415.5530640755885,1443.465378015107,1405.8834897074678,1418.1448974609375,441894.0
2026-03-19,1395.6157800530652,1397.5098543778877,1337.199315311309,1342.9810791015625,1242317.0
2026-03-20,1348.7629217577685,1373.684631324615,1314.2713000548588,1320.3521728515625,681533.0
2026-03-23,1300.9131814869124,1300.9131814869124,1219.1699777459723,1247.2816162109375,1982017.0
2026-03-24,1279.3809481814249,1305.7979611796025,1242.4968168254788,1298.0223388671875,1335206.0
2026-03-25,1313.5733583866377,1376.6751727649798,1313.5733583866377,1364.513427734375,1350940.0
2026-03-27,1345.7723485540353,1354.7441642110623,1313.772897048247,1318.4581298828125,1254069.0
2026-03-30,1286.9570422425795,1309.3865801592783,1249.1757073697345,1268.8140869140625,1622222.0
2026-04-01,1295.9289055908146,1306.2963611731484,1210.5969958372111,1245.786376953125,2810600.0
2026-04-02,1235.3192769204113,1237.5124604208956,1183.0834699283537,1231.53125,2452341.0
2026-04-06,1221.1637771167696,1252.6647938868275,1200.329203438966,1248.0792236328125,1213038.0
2026-04-07,1231.4315945084077,1241.3004944086438,1209.2013803089633,1216.3787841796875,1023903.0
2026-04-08,1246.085411382149,1273.9977245971093,1242.496709734974,1260.839111328125,1548576.0
2026-04-09,1260.839111706904,1287.654772417481,1237.3129217825183,1279.8792724609375,2040449.0
2026-04-10,1295.6297493232832,1314.8693572055213,1276.48992562674,1311.47998046875,1419604.0
2026-04-13,1281.9727136627216,1363.715919355057,1267.7174474094552,1357.3359375,2793680.0
2026-04-15,1385.6470919458836,1408.3757404026576,1376.475951235558,1397.808837890625,1396462.0
2026-04-16,1404.5875085890257,1427.6151431928008,1382.8557298306046,1404.38818359375,1292882.0
2026-04-17,1412.1636816428895,1443.266047205893,1389.136047073148,1435.590087890625,1266294.0
2026-04-20,1442.4685193567184,1471.8761360263957,1425.422094709529,1433.4967041015625,1789507.0
2026-04-21,1440.474850767111,1464.0009208780184,1439.8767540594176,1452.6365966796875,1068169.0
2026-04-22,1455.328209356525,1498.7916474936244,1450.4435298325398,1476.960205078125,865864.0
2026-04-23,1471.3777526834358,1471.8761868814993,1425.1230347655362,1440.9732666015625,1043970.0
2026-04-24,1448.3500687131668,1465.396493380187,1427.41583309345,1459.415283203125,715448.0
2026-04-27,1476.7608615707445,1525.1089786261025,1470.380879518616,1510.255615234375,1856047.0
2026-04-28,1517.6324593192708,1528.8969990989433,1494.3057146857027,1506.3677978515625,1090853.0
2026-04-29,1519.2273936101972,1533.0838882701014,1460.41215986807,1470.1815185546875,793781.0
2026-04-30,1465.3964951040025,1465.3964951040025,1413.7586651727436,1425.9205322265625,1259835.0
2026-05-01,1425.9205322265625,1425.9205322265625,1425.9205322265625,1425.9205322265625,0.0
2026-05-04,1440.6741803855114,1459.1162460080018,1408.874175392296,1449.64599609375,506557.0
2026-05-05,1447.4528435887978,1448.4497119383768,1355.740955427524,1371.5911865234375,2219827.0
2026-05-06,1375.6783126902426,1381.5598602487707,1357.2362483534532,1375.279541015625,747279.0
2026-05-07,1384.650155745033,1384.650155745033,1348.065135510352,1359.6287841796875,957521.0
2026-05-08,1358.7315675954196,1358.7315675954196,1316.8630966937264,1320.6512451171875,1133112.0
2026-05-11,1311.4800474713168,1318.358463793936,1294.9320563087508,1302.4085693359375,632667.0
2026-05-12,1311.8787388721169,1343.7785258355725,1261.636550067068,1265.6240234375,1087483.0
2026-05-13,1265.6240847086376,1298.6204041087674,1251.0698305395697,1254.9576416015625,1049831.0
2026-05-14,1258.945071387761,1295.9288630653266,1241.6992001502174,1289.44921875,1154736.0
2026-05-15,1276.1908083403446,1285.3620701397144,1220.7649526200964,1226.8458251953125,2400991.0
2026-05-18,1201.924112671178,1251.4685423389817,1194.8463717723578,1248.876708984375,1502867.0
2026-05-19,1248.8767787051777,1305.897602441931,1247.0823669121037,1298.520751953125,1272392.0
2026-05-20,1290.0473162102912,1300.215446462573,1280.278079326372,1291.7420654296875,499899.0
2026-05-21,1296.128177029201,1307.3928380336397,1258.1475173187082,1269.5118408203125,1117551.0
2026-05-22,1270.907537923838,1276.9884107804232,1258.6460080209897,1264.1287841796875,832401.0
2026-05-25,1276.9883987569362,1290.9445561204002,1272.303166031559,1279.97900390625,1052123.0
2026-05-26,1281.0755048857704,1284.8636533283543,1259.6428351493275,1267.41845703125,592885.0
2026-05-27,1268.0165190594337,1280.876144887501,1244.6897757391307,1257.8485107421875,849420.0
2026-05-28,1257.8485107421875,1257.8485107421875,1257.8485107421875,1257.8485107421875,0.0
2026-05-29,1258.0478305546012,1295.9288270372278,1228.3411056903826,1241.798828125,2960575.0
2026-06-01,1251.0697742524064,1253.1631734414375,1220.166855525853,1224.5531005859375,766252.0
2026-06-02,1216.179364626201,1240.4033137607703,1200.229471319628,1236.5155029296875,1010910.0
2026-06-03,1235.9174631765738,1237.512428243066,1203.818228406257,1231.1324462890625,562073.0
2026-06-04,1220.1669166585698,1303.804199417463,1214.1857062827924,1282.47119140625,3317048.0
2026-06-05,1286.6579559702843,1305.8975641788193,1284.265569233666,1294.2342529296875,1415362.0
2026-06-08,1275.9915176338138,1325.635611291968,1262.035360409694,1272.203369140625,1530639.0
2026-06-09,1274.795378447073,1307.8913611672483,1274.795378447073,1300.315185546875,883516.0
2026-06-10,1296.4273230264353,1314.5702787949594,1280.975863197977,1285.960205078125,578749.0
2026-06-11,1280.9758867897049,1292.9383075223714,1268.0165976626497,1273.300048828125,550616.0
2026-06-12,1285.0,1305.0,1273.0999755859375,1285.4000244140625,548090.0
2026-06-15,1310.0,1345.0,1301.0,1326.4000244140625,1855063.0
2026-06-16,1328.699951171875,1342.800048828125,1318.800048828125,1327.5999755859375,907947.0
2026-06-17,1326.300048828125,1381.800048828125,1325.300048828125,1352.9000244140625,1952284.0
2026-06-18,1355.0,1370.4000244140625,1344.5,1357.5999755859375,1175325.0
2026-06-19,1357.5999755859375,1366.699951171875,1332.5999755859375,1343.4000244140625,987277.0
2026-06-22,1384.0,1411.9000244140625,1349.4000244140625,1354.0,3287595.0
2026-06-23,1354.0,1357.800048828125,1309.0999755859375,1327.4000244140625,1505199.0
2026-06-24,1325.0,1335.0,1302.0999755859375,1310.0999755859375,643567.0
2026-06-25,1310.9000244140625,1330.5999755859375,1296.0999755859375,1302.4000244140625,618266.0
2026-06-26,1302.4000244140625,1302.4000244140625,1302.4000244140625,1302.4000244140625,0.0
2026-06-29,1303.199951171875,1306.800048828125,1280.4000244140625,1295.800048828125,783912.0
2026-06-30,1299.9000244140625,1300.0,1272.0,1277.5999755859375,733013.0
2026-07-01,1290.0,1301.199951171875,1272.699951171875,1281.0999755859375,793050.0
2026-07-02,1282.0999755859375,1299.4000244140625,1278.0999755859375,1290.5999755859375,494819.0
2026-07-03,1295.5,1305.199951171875,1275.0,1280.199951171875,815500.0
2026-07-06,1280.9000244140625,1302.0,1273.9000244140625,1284.5,1270330.0
2026-07-07,1284.5,1298.0,1267.300048828125,1288.0,1434744.0
2026-07-08,1281.0,1284.0,1247.0,1253.5999755859375,1169679.0
2026-07-09,1254.0999755859375,1276.5999755859375,1254.0,1269.4000244140625,1077385.0
2026-07-10,1275.0,1290.0,1272.300048828125,1286.699951171875,487361.0
2026-07-13,1285.0,1354.800048828125,1273.4000244140625,1349.5,2093557.0
2026-07-14,1346.699951171875,1363.199951171875,1329.0999755859375,1358.9000244140625,676554.0
2026-07-15,1361.9000244140625,1384.199951171875,1350.0999755859375,1377.4000244140625,671247.0
2026-07-16,1377.9000244140625,1403.0,1369.300048828125,1373.9000244140625,865613.0
2026-07-17,1373.0,1378.9000244140625,1336.0,1342.4000244140625,353251.0
2026-07-20,1328.5,1361.699951171875,1326.800048828125,1357.4000244140625,272364.0
2026-07-21,1352.9000244140625,1368.699951171875,1352.9000244140625,1359.199951171875,273316.0
2026-07-22,1357.0,1357.4000244140625,1300.0,1308.0,730962.0
2026-07-23,1302.0,1321.699951171875,1293.5999755859375,1310.199951171875,430980.0
2026-07-24,1303.4000244140625,1333.199951171875,1291.0,1327.300048828125,569448.0
2026-07-27,1327.9000244140625,1340.4000244140625,1310.199951171875,1319.300048828125,314808.0
2026-07-28,1312.0,1318.800048828125,1295.5,1311.0999755859375,280794.0
2026-07-29,1311.0999755859375,1321.699951171875,1300.5,1313.300048828125,322855.0
2026-07-30,1316.699951171875,1338.4000244140625,1297.5,1333.199951171875,586337.0
2026-07-31,1340.0,1353.800048828125,1322.0,1328.9000244140625,748114.0
2026-08-03,1328.9000244140625,1343.5999755859375,1315.0,1324.800048828125,259054.0
2026-08-04,1331.4000244140625,1358.0,1310.0999755859375,1327.699951171875,511249.0
2026-08-05,1329.0,1329.9000244140625,1297.199951171875,1300.5,469461.0
2026-08-06,1300.5,1314.9000244140625,1268.4000244140625,1275.0,598220.0
2026-08-07,1275.0,1303.699951171875,1271.9000244140625,1285.0,811972.0
2026-08-10,1286.0,1294.0,1265.800048828125,1267.9000244140625,544896.0
2026-08-11,1277.9000244140625,1287.800048828125,1269.0999755859375,1280.0,529635.0
2026-08-12,1280.0,1290.0,1266.0999755859375,1290.0,991550.0
2026-08-13,1293.9000244140625,1295.0999755859375,1277.4000244140625,1289.5,462615.0
2026-08-14,1292.0,1347.5,1290.0,1320.5,2374305.0
2026-08-17,1329.0,1350.0,1256.0999755859375,1267.0,4378295.0
2026-08-18,1262.0,1272.0,1247.0,1252.9000244140625,995520.0
2026-08-19,1250.0,1251.9000244140625,1217.0,1223.0,1178662.0
2026-08-20,1234.0,1235.9000244140625,1215.5999755859375,1219.5,1054580.0
2026-08-21,1223.5999755859375,1236.300048828125,1220.0,1235.0,557685.0
2026-08-24,1235.9000244140625,1242.0,1220.5,1242.0,744052.0
2026-08-25,1237.0999755859375,1244.9000244140625,1228.0999755859375,1243.0,318747.0
2026-08-26,1245.0,1245.0,1207.0,1217.0,1046584.0
2026-08-27,1225.0,1235.5999755859375,1211.5999755859375,1217.5,760364.0
2026-08-28,1225.0,1225.0,1195.0,1200.0,761300.0
2026-08-31,1196.5,1205.800048828125,1182.800048828125,1194.4000244140625,1330259.0
2026-09-01,1196.0,1206.9000244140625,1192.0,1205.0,288979.0
2026-09-02,1199.9000244140625,1199.9000244140625,1151.0,1152.0999755859375,1981487.0
2026-09-03,1158.0,1183.0,1151.699951171875,1178.0,832678.0
2026-09-04,1172.0,1189.699951171875,1167.0,1170.0,460619.0
2026-09-07,1170.0,1176.4000244140625,1164.4000244140625,1167.199951171875,402813.0
2026-09-08,1165.0,1169.199951171875,1141.300048828125,1144.800048828125,819033.0
2026-09-09,1144.0,1147.0,1136.0,1143.800048828125,475069.0
2026-09-10,1142.5,1158.9000244140625,1131.4000244140625,1158.5,517423.0
2026-09-11,1149.0,1169.0,1138.0,1165.0,762254.0
2026-09-14,1165.0,1165.0,1165.0,1165.0,0.0
2026-09-15,1168.0,1179.0,1137.0,1137.0,477143.0
2026-09-16,1137.0,1153.0,1131.0,1131.0,466652.0
2026-09-17,1131.0999755859375,1141.199951171875,1125.0999755859375,1135.0,379667.0
2026-09-18,1136.0,1145.300048828125,1110.9000244140625,1110.9000244140625,597381.0
2026-09-21,1125.0,1158.800048828125,1125.0,1142.0999755859375,887002.0
2026-09-22,1143.0,1143.0999755859375,1100.0,1100.800048828125,1090998.0
2026-09-23,1092.9000244140625,1131.4000244140625,1090.800048828125,1130.0,791314.0
2026-09-24,1119.1,1126.4,1106.9,1113.4,530213.0
